date,daily_pnl,cum_wealth,asset_class,model
2011-01-05,-0.10689419868137845,0.8931058013186215,Fixed Income,Long
2011-01-06,0.06296158260904708,0.949337156006963,Fixed Income,Long
2011-01-07,0.07010257884336103,1.0158881388348733,Fixed Income,Long
2011-01-10,0.008631061738409843,1.0246563320804754,Fixed Income,Long
2011-01-11,-0.0314701134424706,0.9924102810703569,Fixed Income,Long
2011-01-12,-0.06813019238729036,0.9247971776939086,Fixed Income,Long
2011-01-13,0.011019549773565451,0.9349880262239595,Fixed Income,Long
2011-01-14,-0.02488675948008679,0.9117192040985628,Fixed Income,Long
2011-01-17,0.008314495938892033,0.9192996897184502,Fixed Income,Long
2011-01-18,-0.03474267210326026,0.8873607620339332,Fixed Income,Long
2011-01-19,0.01381707964953519,0.8996214963608283,Fixed Income,Long
2011-01-20,-0.09887268939418287,0.8106734995788141,Fixed Income,Long
2011-01-21,0.010900828447100198,0.819510512324333,Fixed Income,Long
2011-01-24,0.013227042468588019,0.8303502126743013,Fixed Income,Long
2011-01-25,0.049632770848185605,0.8715627945037071,Fixed Income,Long
2011-01-26,-0.07176081060999236,0.8090187418726108,Fixed Income,Long
2011-01-27,0.018220427654928997,0.8237594093303823,Fixed Income,Long
2011-01-28,0.041085804781394855,0.8576042276089675,Fixed Income,Long
2011-01-31,-0.038070678055878486,0.8249546531603061,Fixed Income,Long
2011-02-01,-0.04949756967806895,0.7841214027342567,Fixed Income,Long
2011-02-02,-0.047487080090724686,0.7468857668817637,Fixed Income,Long
2011-02-03,0.012335679755104034,0.7560991105156624,Fixed Income,Long
2011-02-04,-0.08907129270969766,0.6887523853253797,Fixed Income,Long
2011-02-07,0.021023031393193156,0.7032320483442119,Fixed Income,Long
2011-02-08,-0.0618907152711758,0.6597085138705745,Fixed Income,Long
2011-02-09,0.03223308916053329,0.6809729572181277,Fixed Income,Long
2011-02-10,-0.04584351041223194,0.6497547663634501,Fixed Income,Long
2011-02-11,0.040727937531937444,0.6762179378989792,Fixed Income,Long
2011-02-14,0.004414359985638403,0.6792030073056113,Fixed Income,Long
2011-02-15,0.017965476083327304,0.6914052126890842,Fixed Income,Long
2011-02-16,0.02342126129151654,0.7075987948337918,Fixed Income,Long
2011-02-17,0.07523180519426395,0.7608327295224236,Fixed Income,Long
2011-02-18,-0.03272979802649273,0.7359308279532096,Fixed Income,Long
2011-02-21,0.06594922590302318,0.7844648963748948,Fixed Income,Long
2011-02-22,0.0803844533067697,0.8475236782083425,Fixed Income,Long
2011-02-23,-0.023186414815326503,0.8278726426395926,Fixed Income,Long
2011-02-24,0.02657454889994668,0.8498729846643466,Fixed Income,Long
2011-02-25,0.008160155603163403,0.8568080804621325,Fixed Income,Long
2011-02-28,0.000979879014512658,0.8576476487196422,Fixed Income,Long
2011-03-01,0.003857916328573255,0.8609563815878001,Fixed Income,Long
2011-03-02,-0.06404058666856195,0.8058202298148751,Fixed Income,Long
2011-03-03,-0.15190465966466032,0.6834123820539482,Fixed Income,Long
2011-03-04,0.09248943058142686,0.7466208041224143,Fixed Income,Long
2011-03-07,-0.020651299716597446,0.7312021141218353,Fixed Income,Long
2011-03-08,-0.027355645504429985,0.7111996082958286,Fixed Income,Long
2011-03-09,0.05231781864833382,0.7484080204254158,Fixed Income,Long
2011-03-10,0.08128870178566083,0.8092451368117742,Fixed Income,Long
2011-03-11,0.0113787875582051,0.8184533653060662,Fixed Income,Long
2011-03-14,0.027921518312630376,0.8413058259334935,Fixed Income,Long
2011-03-15,0.05662553821845997,0.8889452211333035,Fixed Income,Long
2011-03-16,0.12114014104783355,0.9966321706051894,Fixed Income,Long
2011-03-17,-0.07684033605236876,0.9200506196952849,Fixed Income,Long
2011-03-18,-0.04145081443332325,0.8819137721890317,Fixed Income,Long
2011-03-21,-0.0664732168378976,0.8232901267779819,Fixed Income,Long
2011-03-22,-0.014031195712991251,0.8117383818805866,Fixed Income,Long
2011-03-23,0.015809993398902922,0.8245719603397548,Fixed Income,Long
2011-03-24,-0.053533024082654285,0.7804301297290053,Fixed Income,Long
2011-03-25,-0.04350668954403987,0.7464761983640706,Fixed Income,Long
2011-03-28,-0.00878780423535437,0.7399163116664956,Fixed Income,Long
2011-03-29,-0.0586656135190053,0.696508667289861,Fixed Income,Long
2011-03-30,0.037297890524808544,0.7224869713120186,Fixed Income,Long
2011-03-31,-0.02720263346535318,0.7028334230479245,Fixed Income,Long
2011-04-01,-0.014186684078024031,0.6928625473156674,Fixed Income,Long
2011-04-04,0.018543602171489967,0.7057107147526144,Fixed Income,Long
2011-04-05,-0.0489268576958004,0.6711825070375116,Fixed Income,Long
2011-04-06,-0.047149585899512986,0.6395365297676959,Fixed Income,Long
2011-04-07,0.025224164713103684,0.655668304534603,Fixed Income,Long
2011-04-08,-0.053983739814842197,0.6202728773777683,Fixed Income,Long
2011-04-11,-0.0039052863463382307,0.6178505341787409,Fixed Income,Long
2011-04-12,0.0936021086153628,0.6756826469869994,Fixed Income,Long
2011-04-13,0.03712020159927365,0.7007641230602876,Fixed Income,Long
2011-04-14,-0.03232856993455846,0.6781094211003035,Fixed Income,Long
2011-04-15,0.0892599718304759,0.7386374489256968,Fixed Income,Long
2011-04-18,0.11508594509030207,0.8236442378144004,Fixed Income,Long
2011-04-19,-0.0220830788050327,0.8054556372034339,Fixed Income,Long
2011-04-20,-0.04835547805983873,0.7665074448104698,Fixed Income,Long
2011-04-21,0.031338634500498334,0.790528741465296,Fixed Income,Long
2011-04-25,0.053130874830073914,0.8325302250776644,Fixed Income,Long
2011-04-26,0.05064953949758435,0.8746974975956683,Fixed Income,Long
2011-04-27,-0.04758867709458703,0.8330718008271447,Fixed Income,Long
2011-04-28,0.06555260309315074,0.8876818259348629,Fixed Income,Long
2011-04-29,0.03850472915339001,0.9218617742168714,Fixed Income,Long
2011-05-02,-0.004395654663464449,0.9178095882099654,Fixed Income,Long
2011-05-03,0.0009286704074267568,0.9186619308141885,Fixed Income,Long
2011-05-04,-0.019275285804200792,0.9009544595403061,Fixed Income,Long
2011-05-05,0.10753071946933428,0.9978347407837803,Fixed Income,Long
2011-05-06,0.046562984375036476,1.044296904227764,Fixed Income,Long
2011-05-09,0.04395831622281687,1.0902024377743165,Fixed Income,Long
2011-05-10,-0.0514947382553075,1.0340627485958298,Fixed Income,Long
2011-05-11,0.05044089993936995,1.086221804228782,Fixed Income,Long
2011-05-12,-0.03430428659164973,1.0489597401544188,Fixed Income,Long
2011-05-13,0.05446424885037337,1.106090544476212,Fixed Income,Long
2011-05-16,0.011096649566820709,1.1183644436374385,Fixed Income,Long
2011-05-17,0.017244627948368375,1.1376502223786502,Fixed Income,Long
2011-05-18,-0.05559211965712333,1.0744058350882233,Fixed Income,Long
2011-05-19,0.017242525579582398,1.0929313051825846,Fixed Income,Long
2011-05-20,0.056007568680829706,1.1541437303210271,Fixed Income,Long
2011-05-23,0.04584429969062353,1.2070546413799184,Fixed Income,Long
2011-05-24,-0.003998578517180472,1.2022281386218336,Fixed Income,Long
2011-05-25,0.01983789418892904,1.2260778132267667,Fixed Income,Long
2011-05-26,0.1006507285270553,1.3494834383588996,Fixed Income,Long
2011-05-27,0.012580038533757575,1.3664599920141223,Fixed Income,Long
2011-05-30,0.0013722774816661894,1.3683351542907611,Fixed Income,Long
2011-05-31,-0.023876617992289288,1.3356639385263405,Fixed Income,Long
2011-06-01,0.1113498004497381,1.4843898515491598,Fixed Income,Long
2011-06-02,-0.07258664885310515,1.376642966633648,Fixed Income,Long
2011-06-03,0.01902709312381236,1.4028364805580276,Fixed Income,Long
2011-06-06,0.023227985693790337,1.4354215462591564,Fixed Income,Long
2011-06-07,-0.04110943474904472,1.3764121778658427,Fixed Income,Long
2011-06-08,0.0829854794609372,1.4906344023819125,Fixed Income,Long
2011-06-09,-0.03231577058895144,1.4424634030025398,Fixed Income,Long
2011-06-10,0.08368896316618128,1.5631816696049838,Fixed Income,Long
2011-06-13,-0.021113595395603247,1.5301772843031207,Fixed Income,Long
2011-06-14,-0.0927385972496544,1.3882707894135637,Fixed Income,Long
2011-06-15,0.1468225484812668,1.5921002446973633,Fixed Income,Long
2011-06-16,0.04270811711925704,1.6600958484134962,Fixed Income,Long
2011-06-17,-0.04541376202987968,1.5847046506068545,Fixed Income,Long
2011-06-20,-0.016697590189245125,1.5582439017800305,Fixed Income,Long
2011-06-21,-0.021584268740294166,1.5246103466410856,Fixed Income,Long
2011-06-22,0.019687719452102664,1.5546264474195282,Fixed Income,Long
2011-06-23,0.12690631437204936,1.7519183600868529,Fixed Income,Long
2011-06-24,0.07224768441865265,1.8784904048936513,Fixed Income,Long
2011-06-27,-0.0727554865200679,1.7418199215623342,Fixed Income,Long
2011-06-28,-0.14764919510165433,1.484641612131629,Fixed Income,Long
2011-06-29,-0.05907580617027468,1.3969352120210168,Fixed Income,Long
2011-06-30,-0.062249849755926207,1.3099762049539456,Fixed Income,Long
2011-07-01,-0.029278744279919677,1.2716217466363193,Fixed Income,Long
2011-07-04,0.0014763605765578608,1.2734991188513467,Fixed Income,Long
2011-07-05,0.08028512070106593,1.3757421493210282,Fixed Income,Long
2011-07-06,0.05783949093547713,1.4553143748962356,Fixed Income,Long
2011-07-07,-0.05700016944638346,1.3723612089293926,Fixed Income,Long
2011-07-08,0.1816426334456196,1.6216405129579416,Fixed Income,Long
2011-07-11,0.15321939291517675,1.8701072878800133,Fixed Income,Long
2011-07-12,-0.012245450695967646,1.8472069812901089,Fixed Income,Long
2011-07-13,-0.0061875851002255525,1.8357772308956455,Fixed Income,Long
2011-07-14,-0.022114358681210994,1.7951801947528188,Fixed Income,Long
2011-07-15,0.05477151299502064,1.8935049301181264,Fixed Income,Long
2011-07-18,0.01693195345500306,1.9255656674617052,Fixed Income,Long
2011-07-19,-0.007042625559166812,1.9120046294761854,Fixed Income,Long
2011-07-20,-0.07283698179656936,1.7727399830840722,Fixed Income,Long
2011-07-21,-0.1114369120257636,1.575191313544579,Fixed Income,Long
2011-07-22,0.04602696304532035,1.6476925859224048,Fixed Income,Long
2011-07-25,0.014581282133697197,1.6717180563873406,Fixed Income,Long
2011-07-26,0.0496279101601295,1.754681929902798,Fixed Income,Long
2011-07-27,0.020103563282569566,1.78995728912138,Fixed Income,Long
2011-07-28,0.030367833035160295,1.844314413217486,Fixed Income,Long
2011-07-29,0.13800671027903136,2.0988421781058335,Fixed Income,Long
2011-08-01,0.05459002791695639,2.2134180312019165,Fixed Income,Long
2011-08-02,0.10060964771045233,2.4361092395571045,Fixed Income,Long
2011-08-03,-0.03306581324980963,2.3555573063857733,Fixed Income,Long
2011-08-04,0.14343380721804425,2.693423858960966,Fixed Income,Long
2011-08-05,-0.16867572268934272,2.2391086430420066,Fixed Income,Long
2011-08-08,0.1771875655655622,2.635850852539429,Fixed Income,Long
2011-08-09,0.057242340088322595,2.786733123462586,Fixed Income,Long
2011-08-10,0.04694078561832812,2.917544565586537,Fixed Income,Long
2011-08-11,-0.07299046648865931,2.7045916267429226,Fixed Income,Long
2011-08-12,0.020462983173824518,2.7599356396930297,Fixed Income,Long
2011-08-15,-0.024118633174189413,2.6933697644149017,Fixed Income,Long
2011-08-16,0.05029394719733025,2.8288299611292707,Fixed Income,Long
2011-08-17,0.0330602760781332,2.9223518606222987,Fixed Income,Long
2011-08-18,0.054817749772886566,3.0825486136662215,Fixed Income,Long
2011-08-19,-0.006641021985586196,3.062077340551226,Fixed Income,Long
2011-08-22,-0.01331719177463963,3.0212990693783266,Fixed Income,Long
2011-08-23,-0.01853086148403065,2.9653117948218464,Fixed Income,Long
2011-08-24,-0.058778445714647486,2.7910153764629064,Fixed Income,Long
2011-08-25,0.0459689905719668,2.9193155359897442,Fixed Income,Long
2011-08-26,0.027196679675298003,2.9987112254931785,Fixed Income,Long
2011-08-29,-0.06505783406357042,2.803621568180477,Fixed Income,Long
2011-08-30,0.06375562661049612,2.982368218038525,Fixed Income,Long
2011-08-31,-0.05040647041585434,2.832037562686782,Fixed Income,Long
2011-09-01,0.06840199683279195,3.0257545870800313,Fixed Income,Long
2011-09-02,0.0816419416289019,3.272783066461801,Fixed Income,Long
2011-09-05,0.13007734525683604,3.698497999348679,Fixed Income,Long
2011-09-06,-0.0351721942783281,3.56841370917758,Fixed Income,Long
2011-09-07,-0.020306034730978327,3.4959533764645205,Fixed Income,Long
2011-09-08,0.037334071362813075,3.6264715493025137,Fixed Income,Long
2011-09-09,0.07072401831701117,3.882950189581505,Fixed Income,Long
2011-09-12,-0.022433778501018773,3.7958409450979445,Fixed Income,Long
2011-09-13,-0.03866119389455865,3.649089202326608,Fixed Income,Long
2011-09-14,-0.044127702743525316,3.4880632787217314,Fixed Income,Long
2011-09-15,-0.049005609205682796,3.3171286128000017,Fixed Income,Long
2011-09-16,0.03379523938945593,3.429231768355191,Fixed Income,Long
2011-09-19,0.08065644302155195,3.7058214050872276,Fixed Income,Long
2011-09-20,0.003065468894816371,3.717181485334267,Fixed Income,Long
2011-09-21,0.00343566767710197,3.7299524856133517,Fixed Income,Long
2011-09-22,0.08209681398790403,4.036169701008472,Fixed Income,Long
2011-09-23,-0.07282692269711159,3.742227882200704,Fixed Income,Long
2011-09-26,-0.06991125823092555,3.4806040223692007,Fixed Income,Long
2011-09-27,-0.07340300330434024,3.2251172338141343,Fixed Income,Long
2011-09-28,-0.00340290464910125,3.2141424673852916,Fixed Income,Long
2011-09-29,0.009243111769522397,3.2438511454545025,Fixed Income,Long
2011-09-30,0.04152497703604377,3.378551989777845,Fixed Income,Long
2011-10-03,0.10307700838083346,3.7268030215432573,Fixed Income,Long
2011-10-04,-0.0109111484808559,3.686139320416296,Fixed Income,Long
2011-10-05,-0.08124473556367343,3.3866599060782154,Fixed Income,Long
2011-10-06,-0.06787663550712969,3.1567848260467346,Fixed Income,Long
2011-10-07,-0.03564165771574411,3.044271781794522,Fixed Income,Long
2011-10-10,-0.11718802128063999,2.6875195954455338,Fixed Income,Long
2011-10-11,0.029514130403223145,2.766839399246731,Fixed Income,Long
2011-10-12,-0.04974999476920814,2.629189153606967,Fixed Income,Long
2011-10-13,0.0615129735758644,2.7909183965387414,Fixed Income,Long
2011-10-14,-0.03447719215724114,2.694695366686096,Fixed Income,Long
2011-10-17,0.08355664193211285,2.9198550625564095,Fixed Income,Long
2011-10-18,0.015918929042623303,2.9663360281119897,Fixed Income,Long
2011-10-19,0.0074681206679320395,2.9884889835115644,Fixed Income,Long
2011-10-20,-0.013699045611242529,2.9475495366177435,Fixed Income,Long
2011-10-21,-0.01850315462129611,2.8930105717877757,Fixed Income,Long
2011-10-24,-0.02141009865624232,2.831070930032247,Fixed Income,Long
2011-10-25,0.07960577229045653,3.0564405178265255,Fixed Income,Long
2011-10-26,-0.03780671467742544,2.9408865432405356,Fixed Income,Long
2011-10-27,-0.1363700440671386,2.539837715742369,Fixed Income,Long
2011-10-28,0.06343123372528547,2.700942755513918,Fixed Income,Long
2011-10-31,0.1468882499350929,3.097679510046225,Fixed Income,Long
2011-11-01,0.1070401263177672,3.4292555160935323,Fixed Income,Long
2011-11-02,-0.010736149342084247,3.392438516740586,Fixed Income,Long
2011-11-03,-0.03500148260410326,3.2736981390114006,Fixed Income,Long
2011-11-04,0.04791694911531365,3.430563766157307,Fixed Income,Long
2011-11-07,0.012324588500788039,3.4728440529009097,Fixed Income,Long
2011-11-08,-0.05208178644223986,3.291972130590522,Fixed Income,Long
2011-11-09,0.09518666827298276,3.605323989748946,Fixed Income,Long
2011-11-10,-0.04731087417501963,3.434752960109754,Fixed Income,Long
2011-11-11,-0.06374811487572822,3.21579393383893,Fixed Income,Long
2011-11-14,0.07858077145576892,3.468493502002775,Fixed Income,Long
2011-11-15,-0.010843782712295002,3.43088191212805,Fixed Income,Long
2011-11-16,-0.0011713522313244922,3.4268631409448678,Fixed Income,Long
2011-11-17,0.0014255502070146106,3.4317483064048524,Fixed Income,Long
2011-11-18,-0.06787255846677734,3.198826768835125,Fixed Income,Long
2011-11-21,0.028385468567176865,3.2896269655337385,Fixed Income,Long
2011-11-22,0.024589338254229362,3.3705167157194813,Fixed Income,Long
2011-11-23,-0.032308561570071656,3.2616201688867026,Fixed Income,Long
2011-11-24,-0.039970057425837494,3.1312530234350313,Fixed Income,Long
2011-11-25,-0.05087150460252477,2.9719614708416864,Fixed Income,Long
2011-11-28,0.00303844074230662,2.980991599659257,Fixed Income,Long
2011-11-29,-0.03330340162060898,2.881714439188143,Fixed Income,Long
2011-11-30,0.0020053478967175208,2.887493279177709,Fixed Income,Long
2011-12-01,0.03743671793147507,2.995591550599315,Fixed Income,Long
2011-12-02,0.04393389867834341,3.127199566265047,Fixed Income,Long
2011-12-05,-0.042733454542880106,2.993563525753545,Fixed Income,Long
2011-12-06,0.0004357953283255758,2.9948681067531147,Fixed Income,Long
2011-12-07,0.06800236907493543,3.198526233079293,Fixed Income,Long
2011-12-08,0.057918760131541513,3.383780906747456,Fixed Income,Long
2011-12-09,-0.07098790233998248,3.1435733981993703,Fixed Income,Long
2011-12-12,0.05763691946802345,3.3247592849932084,Fixed Income,Long
2011-12-13,0.015651995876301603,3.3767984036116174,Fixed Income,Long
2011-12-14,0.04180666029267692,3.5179710673482623,Fixed Income,Long
2011-12-15,-0.004554088630382187,3.501949915308438,Fixed Income,Long
2011-12-16,0.04908855512174279,3.673855576759639,Fixed Income,Long
2011-12-19,0.003304876036231613,3.6859972140158472,Fixed Income,Long
2011-12-20,-0.066414387875562,3.441193965335958,Fixed Income,Long
2011-12-21,-0.020187676350335363,3.3717242553050286,Fixed Income,Long
2011-12-22,-3.971178800985474e-05,3.3715903581061744,Fixed Income,Long
2011-12-23,-0.05580149307972298,3.1834505820706522,Fixed Income,Long
2011-12-27,0.025294676438867698,3.2639749345032545,Fixed Income,Long
2011-12-28,0.05747404298600908,3.4515687701941506,Fixed Income,Long
2011-12-29,0.03225780213236484,3.5629087926293237,Fixed Income,Long
2011-12-30,0.038365517113561676,3.6996016308870034,Fixed Income,Long
2012-01-03,-0.06550222663763593,3.4572694863916755,Fixed Income,Long
2012-01-04,-0.013742534314744105,3.40975784183962,Fixed Income,Long
2012-01-05,0.029366954461442295,3.5098920451054703,Fixed Income,Long
2012-01-06,0.032503710627564596,3.623976560473569,Fixed Income,Long
2012-01-09,0.00613744046395999,3.6462185008562624,Fixed Income,Long
2012-01-10,-0.027694213358254748,3.5452393477427333,Fixed Income,Long
2012-01-11,0.06355761008842362,3.7705662878767034,Fixed Income,Long
2012-01-12,-0.020222772915877707,3.694314982072709,Fixed Income,Long
2012-01-13,0.07517743686396064,3.9720441133930637,Fixed Income,Long
2012-01-16,0.00821969720212739,4.004693113278647,Fixed Income,Long
2012-01-17,-0.0096962794248064,3.9658624898416996,Fixed Income,Long
2012-01-18,-0.03280487118237501,3.83576288173543,Fixed Income,Long
2012-01-19,-0.06570517685849418,3.583733403203756,Fixed Income,Long
2012-01-20,-0.06939303797725233,3.3350472550548904,Fixed Income,Long
2012-01-23,-0.029571602515492193,3.2364245632580237,Fixed Income,Long
2012-01-24,0.005029378710893954,3.252701768055888,Fixed Income,Long
2012-01-25,0.09578179474933676,3.5642513811846213,Fixed Income,Long
2012-01-26,0.07921044528048354,3.8465773201798337,Fixed Income,Long
2012-01-27,0.014767281712451953,3.903380811095658,Fixed Income,Long
2012-01-30,0.03983232204911331,4.058861532643549,Fixed Income,Long
2012-01-31,0.02772113344186678,4.17137777481202,Fixed Income,Long
2012-02-01,-0.040662749576617134,4.001758084965373,Fixed Income,Long
2012-02-02,0.014476201314710125,4.059688340616101,Fixed Income,Long
2012-02-03,-0.10996277978161807,3.6132737256349303,Fixed Income,Long
2012-02-06,0.05473970415082853,3.8110632603921486,Fixed Income,Long
2012-02-07,-0.08247235537073477,3.4967558968407366,Fixed Income,Long
2012-02-08,-0.017389390433718482,3.4359494432991657,Fixed Income,Long
2012-02-09,-0.05058913239861859,3.262127741997144,Fixed Income,Long
2012-02-10,0.10928113668455461,3.618616769652811,Fixed Income,Long
2012-02-13,-0.043560682607682526,3.4609873530711277,Fixed Income,Long
2012-02-14,0.03124563528330597,3.5691281016253225,Fixed Income,Long
2012-02-15,0.032769017222985475,3.6860849218585243,Fixed Income,Long
2012-02-16,-0.07150912548260853,3.4224962126417915,Fixed Income,Long
2012-02-17,-0.00893868633992695,3.3919035924973984,Fixed Income,Long
2012-02-20,-0.03760199928609384,3.264361236033812,Fixed Income,Long
2012-02-21,-0.02917617136650975,3.169119673209098,Fixed Income,Long
2012-02-22,0.07232412380205232,3.3983234767977923,Fixed Income,Long
2012-02-23,0.010366747070768099,3.433553036746408,Fixed Income,Long
2012-02-24,-0.003558973908104811,3.4213331110765335,Fixed Income,Long
2012-02-27,0.0684192028580171,3.6554179952481296,Fixed Income,Long
2012-02-28,0.014992400228282486,3.7102214848345554,Fixed Income,Long
2012-02-29,-0.046391414258618736,3.5380990629403684,Fixed Income,Long
2012-03-01,-0.04577953328228509,3.3761265391324677,Fixed Income,Long
2012-03-02,0.07777832631843447,3.6387160107854393,Fixed Income,Long
2012-03-05,-0.031844035195961067,3.522844610069881,Fixed Income,Long
2012-03-06,0.06411459866577807,3.7487103784064106,Fixed Income,Long
2012-03-07,-0.019374643654494005,3.676080450660883,Fixed Income,Long
2012-03-08,-0.028782557386409963,3.570273454132676,Fixed Income,Long
2012-03-09,-0.017078915934825415,3.5092970539452053,Fixed Income,Long
2012-03-12,0.010967848722625007,3.54778649315563,Fixed Income,Long
2012-03-13,-0.10396166453733757,3.1789527039040872,Fixed Income,Long
2012-03-14,-0.1811966623398717,2.602937084220356,Fixed Income,Long
2012-03-15,-0.01305161827955346,2.568964542991418,Fixed Income,Long
2012-03-16,-0.060499029508979785,2.4135446812974575,Fixed Income,Long
2012-03-19,-0.062472236669579725,2.2627651467548375,Fixed Income,Long
2012-03-20,0.007303404665179857,2.2792910362838534,Fixed Income,Long
2012-03-21,0.08908693129985637,2.4823460802456516,Fixed Income,Long
2012-03-22,0.007652536394877228,2.5013423239694124,Fixed Income,Long
2012-03-23,0.08861760016761028,2.7230052779172547,Fixed Income,Long
2012-03-26,-0.027710289302767283,2.647550013893205,Fixed Income,Long
2012-03-27,0.0712629239318566,2.836222169139062,Fixed Income,Long
2012-03-28,0.010575944360384495,2.866217896993566,Fixed Income,Long
2012-03-29,0.05139017933159112,3.0135133487234813,Fixed Income,Long
2012-03-30,-0.03782707272204085,2.8995209601324774,Fixed Income,Long
2012-04-02,0.029658947502143596,2.9855177000704116,Fixed Income,Long
2012-04-03,-0.08780184087507494,2.7233837500391096,Fixed Income,Long
2012-04-04,0.07694603246604313,2.932937324487113,Fixed Income,Long
2012-04-05,0.08266773359808441,3.175396605887692,Fixed Income,Long
2012-04-06,0.140762788133161,3.62237428556102,Fixed Income,Long
2012-04-09,0.0022682747136893435,3.6305908255564763,Fixed Income,Long
2012-04-10,0.08706328377239694,3.946681984863361,Fixed Income,Long
2012-04-11,-0.052715205388410805,3.738631833428548,Fixed Income,Long
2012-04-12,-0.013510551840406225,3.688120854230819,Fixed Income,Long
2012-04-13,0.04632212533505041,3.858962450691312,Fixed Income,Long
2012-04-16,0.0040248816249914485,3.8744943177506315,Fixed Income,Long
2012-04-17,-0.024342654980058075,3.7801788393514326,Fixed Income,Long
2012-04-18,0.02397586398197277,3.870811893031254,Fixed Income,Long
2012-04-19,0.026043143933456105,3.9716200043008008,Fixed Income,Long
2012-04-20,-0.015402549278843308,3.910446931467718,Fixed Income,Long
2012-04-23,0.05292852106507605,4.117421104253769,Fixed Income,Long
2012-04-24,-0.05185223247816053,3.9039236279455185,Fixed Income,Long
2012-04-25,-0.010293542193924789,3.8637384253594016,Fixed Income,Long
2012-04-26,0.050957953644515386,4.060626628933399,Fixed Income,Long
2012-04-27,0.012086245710475797,4.1097043601091885,Fixed Income,Long
2012-04-30,0.02562687865813171,4.215023255066502,Fixed Income,Long
2012-05-01,-0.0439268869061466,4.029870405234417,Fixed Income,Long
2012-05-02,0.04380653056707766,4.20640504632268,Fixed Income,Long
2012-05-03,0.0018049722712927103,4.213997490793118,Fixed Income,Long
2012-05-04,0.04924607388730569,4.4215203225856365,Fixed Income,Long
2012-05-07,-0.013983743729902407,4.359690915498043,Fixed Income,Long
2012-05-08,0.052829599260417665,4.590011639463088,Fixed Income,Long
2012-05-09,0.013395007379044236,4.651494879243596,Fixed Income,Long
2012-05-10,-0.008197968355461195,4.613362071417967,Fixed Income,Long
2012-05-11,0.030146045247347587,4.752436693165331,Fixed Income,Long
2012-05-14,0.059816606373516996,5.0367113281554605,Fixed Income,Long
2012-05-15,-0.020932946960698234,4.931278117066834,Fixed Income,Long
2012-05-16,-0.008307612662826444,4.890310968537571,Fixed Income,Long
2012-05-17,0.05703653447932384,5.1692373587091796,Fixed Income,Long
2012-05-18,-0.02168739515217428,5.057130065475472,Fixed Income,Long
2012-05-21,-0.02235262215761681,4.944089947919975,Fixed Income,Long
2012-05-22,-0.028546070862574748,4.802955605915709,Fixed Income,Long
2012-05-23,0.06777800354261215,5.128490347988472,Fixed Income,Long
2012-05-24,-0.02957296956414178,4.976825659017414,Fixed Income,Long
2012-05-25,0.04064198904317522,5.179093752920993,Fixed Income,Long
2012-05-28,0.012503115059260453,5.243848558016461,Fixed Income,Long
2012-05-29,-0.025888925994031163,5.108090950774066,Fixed Income,Long
2012-05-30,0.18564805310236343,6.0563980908550725,Fixed Income,Long
2012-05-31,0.0385046955581988,6.289597855522703,Fixed Income,Long
2012-06-01,0.08538314442294034,6.826623497583014,Fixed Income,Long
2012-06-04,-0.08934561405022058,6.216694629301795,Fixed Income,Long
2012-06-05,-0.02225202745498205,6.078360569731332,Fixed Income,Long
2012-06-06,-0.14219821802690807,5.214028528190515,Fixed Income,Long
2012-06-07,-0.0016559357391827774,5.205394432005566,Fixed Income,Long
2012-06-08,0.026491654593474807,5.343293943321054,Fixed Income,Long
2012-06-11,0.046847259073301784,5.59361261898862,Fixed Income,Long
2012-06-12,-0.16881042656072798,4.64935248676168,Fixed Income,Long
2012-06-13,0.0409712234284668,4.83984214629449,Fixed Income,Long
2012-06-14,-0.029805605544459317,4.695587720384587,Fixed Income,Long
2012-06-15,0.06070603932839946,4.980638253208203,Fixed Income,Long
2012-06-18,0.028091765078505755,5.120553172958346,Fixed Income,Long
2012-06-19,-0.08889199151938697,4.665377003733163,Fixed Income,Long
2012-06-20,-0.08781138660671275,4.255703779992284,Fixed Income,Long
2012-06-21,0.06580173343752635,4.535736465712409,Fixed Income,Long
2012-06-22,-0.05267548625391942,4.296814341861374,Fixed Income,Long
2012-06-25,0.10315396392071702,4.740047773455762,Fixed Income,Long
2012-06-26,-0.03401110621756663,4.578833505156418,Fixed Income,Long
2012-06-27,-0.0020642796856150435,4.569381512167911,Fixed Income,Long
2012-06-28,0.04917335645252444,4.794073338033319,Fixed Income,Long
2012-06-29,-0.0783733724517118,4.418345642750812,Fixed Income,Long
2012-07-02,0.08922113766472342,4.812555467593013,Fixed Income,Long
2012-07-03,-0.03194017067216749,4.65884162458882,Fixed Income,Long
2012-07-04,0.0772757223605482,5.0188569764923106,Fixed Income,Long
2012-07-05,0.06627272637215159,5.35147031159635,Fixed Income,Long
2012-07-06,0.06747008413960895,5.712534463790375,Fixed Income,Long
2012-07-09,0.015395523222224289,5.8004819207854155,Fixed Income,Long
2012-07-10,0.011051567859627754,5.864586340351519,Fixed Income,Long
2012-07-11,-0.0005118293743309064,5.861584672794227,Fixed Income,Long
2012-07-12,0.023072542264344322,5.9968263328933045,Fixed Income,Long
2012-07-13,-0.002780981196976004,5.9801492716199975,Fixed Income,Long
2012-07-16,0.030185465981351533,6.160662864021888,Fixed Income,Long
2012-07-17,-0.023382683418253083,6.0166100346258755,Fixed Income,Long
2012-07-18,0.040348207747298734,6.259369466237443,Fixed Income,Long
2012-07-19,-0.028783371704635335,6.079203708254086,Fixed Income,Long
2012-07-20,0.06682370967882068,6.485438651932867,Fixed Income,Long
2012-07-23,0.001981676510641947,6.4982906933706115,Fixed Income,Long
2012-07-24,-0.0110333839632553,6.426592557045805,Fixed Income,Long
2012-07-25,-0.012810774328771306,6.34426293009453,Fixed Income,Long
2012-07-26,-0.05845649901334857,5.973399530381035,Fixed Income,Long
2012-07-27,-0.11576440583633638,5.281892482923423,Fixed Income,Long
2012-07-30,0.056861257984767793,5.582227534042738,Fixed Income,Long
2012-07-31,0.06204538803262696,5.9285790074788345,Fixed Income,Long
2012-08-01,-0.10074075833707954,5.331329462404127,Fixed Income,Long
2012-08-02,0.09310829597937989,5.827720463953239,Fixed Income,Long
2012-08-03,-0.1527094141359976,4.937772686154576,Fixed Income,Long
2012-08-06,0.03971073066240753,5.133855247366653,Fixed Income,Long
2012-08-07,-0.07935156265919939,4.726475811021978,Fixed Income,Long
2012-08-08,0.006352352795405051,4.756500052852538,Fixed Income,Long
2012-08-09,0.0034488019839710744,4.772904279671575,Fixed Income,Long
2012-08-10,0.048198060936454123,5.002949010987049,Fixed Income,Long
2012-08-13,-0.01993790217390086,4.903200703024974,Fixed Income,Long
2012-08-14,-0.06728890414659074,4.57326970090763,Fixed Income,Long
2012-08-15,-0.08765054832158538,4.172420104000584,Fixed Income,Long
2012-08-16,-0.008045346673763413,4.138851537795319,Fixed Income,Long
2012-08-17,0.03188770600765749,4.2708300188418775,Fixed Income,Long
2012-08-20,-0.0025047543245571837,4.260132638882735,Fixed Income,Long
2012-08-21,-0.002168443140917082,4.250894783482552,Fixed Income,Long
2012-08-22,0.10816064247790447,4.710674294369998,Fixed Income,Long
2012-08-23,0.0557909348434113,4.973487216995727,Fixed Income,Long
2012-08-24,-0.005332169999913343,4.94696773766231,Fixed Income,Long
2012-08-27,0.018377135814699273,5.037878835648266,Fixed Income,Long
2012-08-28,0.00974421992215807,5.086969034964008,Fixed Income,Long
2012-08-29,-0.022546620282147663,4.972275075745632,Fixed Income,Long
2012-08-30,0.07180945705087018,5.329331449242501,Fixed Income,Long
2012-08-31,0.052524741504985206,5.6092532060083515,Fixed Income,Long
2012-09-03,-0.0211523744962641,5.490604181550493,Fixed Income,Long
2012-09-04,-0.04435595807956484,5.247063172642156,Fixed Income,Long
2012-09-05,-0.02311621587889026,5.1257709276131855,Fixed Income,Long
2012-09-06,-0.10663790095250357,4.579169475129148,Fixed Income,Long
2012-09-07,0.030351070755850064,4.718152171871822,Fixed Income,Long
2012-09-10,-0.004864244447468977,4.6952019263674805,Fixed Income,Long
2012-09-11,-0.020491423758936457,4.59899055406051,Fixed Income,Long
2012-09-12,-0.07490943861029087,4.254482753481807,Fixed Income,Long
2012-09-13,0.07140240403097868,4.558263049988746,Fixed Income,Long
2012-09-14,-0.1340045259144608,3.9474351709816,Fixed Income,Long
2012-09-17,0.007925652690599042,3.9787211711654558,Fixed Income,Long
2012-09-18,0.03305430852765184,4.110235048302659,Fixed Income,Long
2012-09-19,0.017879292751583186,4.18372314400908,Fixed Income,Long
2012-09-20,0.02861333460086546,4.303433414205997,Fixed Income,Long
2012-09-21,0.034351831635569575,4.451264234305685,Fixed Income,Long
2012-09-24,0.026020708964680707,4.567089285471446,Fixed Income,Long
2012-09-25,0.023213859267230044,4.673109053405254,Fixed Income,Long
2012-09-26,0.08513066099399953,5.070933916018686,Fixed Income,Long
2012-09-27,-0.021933737765243683,4.959709381279852,Fixed Income,Long
2012-09-28,0.0049720279374169465,4.984369194885045,Fixed Income,Long
2012-10-01,0.010183987163340527,5.035129946783104,Fixed Income,Long
2012-10-02,0.003925519090986692,5.054895445514799,Fixed Income,Long
2012-10-03,0.02844031503230012,5.198658264440579,Fixed Income,Long
2012-10-04,-0.05268505338549445,4.924766676245585,Fixed Income,Long
2012-10-05,-0.06112751937424318,4.623727905829756,Fixed Income,Long
2012-10-08,0.04926949640803774,4.851536651277779,Fixed Income,Long
2012-10-09,-0.023457628765734262,4.737731105568751,Fixed Income,Long
2012-10-10,0.012889828399659577,4.798799646523262,Fixed Income,Long
2012-10-11,0.0011758527835244504,4.8044423284452025,Fixed Income,Long
2012-10-12,0.014319351745982888,4.873238828089499,Fixed Income,Long
2012-10-15,-0.01447810686540045,4.8026835555558005,Fixed Income,Long
2012-10-16,-0.07767652239234482,4.4296277988093244,Fixed Income,Long
2012-10-17,-0.1596459645969628,3.722455596062889,Fixed Income,Long
2012-10-18,-0.004877145795392712,3.704300637404015,Fixed Income,Long
2012-10-19,0.06385576684517076,3.940841595230503,Fixed Income,Long
2012-10-22,-0.06192873397097154,3.696790264457734,Fixed Income,Long
2012-10-23,0.054098853750502385,3.8967823803209143,Fixed Income,Long
2012-10-24,0.022946490844964154,3.986199861535766,Fixed Income,Long
2012-10-25,-0.06256184932270747,3.736815826428168,Fixed Income,Long
2012-10-26,0.10518355082293501,4.129867383823224,Fixed Income,Long
2012-10-29,0.05482771809707508,4.356298588521788,Fixed Income,Long
2012-10-30,-0.0267462255920592,4.239784043726815,Fixed Income,Long
2012-10-31,0.047468805620663634,4.441041528372074,Fixed Income,Long
2012-11-01,-0.01445165405613896,4.376861132555095,Fixed Income,Long
2012-11-02,0.02149769028042018,4.470953537583173,Fixed Income,Long
2012-11-05,0.03808467610852792,4.641228354958305,Fixed Income,Long
2012-11-06,-0.06447000102416121,4.342008358160777,Fixed Income,Long
2012-11-07,0.14660498373940398,4.978568422905294,Fixed Income,Long
2012-11-08,0.0356546695859734,5.156077635035143,Fixed Income,Long
2012-11-09,0.00947551557128817,5.20493412895269,Fixed Income,Long
2012-11-12,-0.0026572352271552915,5.191103394630214,Fixed Income,Long
2012-11-13,0.0200831995165324,5.2953573598155215,Fixed Income,Long
2012-11-14,-0.002128938475224719,5.284083869792146,Fixed Income,Long
2012-11-15,-0.002202794372168975,5.2724441195816985,Fixed Income,Long
2012-11-16,0.009503105752435187,5.322548713623889,Fixed Income,Long
2012-11-19,-0.03855133831498654,5.117357337466978,Fixed Income,Long
2012-11-20,-0.06722047965999006,4.773366122650878,Fixed Income,Long
2012-11-21,-0.035116549801636296,4.605741973483365,Fixed Income,Long
2012-11-22,-0.0032918556085464235,4.590580535936437,Fixed Income,Long
2012-11-23,-0.011682120740971523,4.5369528198444735,Fixed Income,Long
2012-11-26,0.03579675964993814,4.699361029479555,Fixed Income,Long
2012-11-27,0.006552377829577093,4.730153018502295,Fixed Income,Long
2012-11-28,0.07434255001296483,5.081804655849279,Fixed Income,Long
2012-11-29,0.005854461681257472,5.111555886478584,Fixed Income,Long
2012-11-30,0.021024517125569506,5.219023880752158,Fixed Income,Long
2012-12-03,-0.05511619029206933,4.9313711674017675,Fixed Income,Long
2012-12-04,0.008457461111431462,4.973078047276102,Fixed Income,Long
2012-12-05,0.06202749539573846,5.281545622956169,Fixed Income,Long
2012-12-06,0.06355175771790046,5.617197130762317,Fixed Income,Long
2012-12-07,-0.012110982977086536,5.549167351932716,Fixed Income,Long
2012-12-10,-0.0027331904722418293,5.534000420597538,Fixed Income,Long
2012-12-11,-0.039217574828111106,5.316970345003956,Fixed Income,Long
2012-12-12,-0.05049592798354258,5.048484993372004,Fixed Income,Long
2012-12-13,-0.03387752862729653,4.8774547984845675,Fixed Income,Long
2012-12-14,-0.01035331676940199,4.826956963927417,Fixed Income,Long
2012-12-17,-0.07526942174013658,4.463634704488075,Fixed Income,Long
2012-12-18,-0.08097485813931685,4.102192517506421,Fixed Income,Long
2012-12-19,0.01920698122746338,4.1809832521816075,Fixed Income,Long
2012-12-20,0.01466159962853359,4.242283154678698,Fixed Income,Long
2012-12-21,0.06222802724165184,4.506272066394844,Fixed Income,Long
2012-12-24,-0.03599381466496481,4.344074144807121,Fixed Income,Long
2012-12-26,0.029312225230949923,4.471408624559653,Fixed Income,Long
2012-12-27,0.10819552136827483,4.955195011944485,Fixed Income,Long
2012-12-28,0.008499940014030887,4.997313872303838,Fixed Income,Long
2012-12-31,-0.016811723074252015,4.913300415367548,Fixed Income,Long
2013-01-02,-0.18359084182176175,4.011263455987008,Fixed Income,Long
2013-01-03,-0.11730271572155455,3.540731359125103,Fixed Income,Long
2013-01-04,-0.03231847791097184,3.426300310906533,Fixed Income,Long
2013-01-07,0.011108045517135618,3.4643598107154583,Fixed Income,Long
2013-01-08,0.04609556318560756,3.624051427267972,Fixed Income,Long
2013-01-09,0.04307241993291186,3.7801480922017263,Fixed Income,Long
2013-01-10,-0.10524822876029229,3.3822942010458967,Fixed Income,Long
2013-01-11,0.010262140029126308,3.4170037777567317,Fixed Income,Long
2013-01-14,0.0087066690096156,3.4467544986542658,Fixed Income,Long
2013-01-15,0.05489294611202954,3.6359570076102896,Fixed Income,Long
2013-01-16,0.02440396914651527,3.724688790242067,Fixed Income,Long
2013-01-17,-0.12332213218294998,3.2653522269114825,Fixed Income,Long
2013-01-18,0.06896587211563265,3.4905500910051557,Fixed Income,Long
2013-01-21,-0.04287509617180431,3.3408924201608095,Fixed Income,Long
2013-01-22,0.030234892761181888,3.4419039442110173,Fixed Income,Long
2013-01-23,0.026678965530139563,3.5337303808966745,Fixed Income,Long
2013-01-24,-0.0193241096598612,3.465444187507844,Fixed Income,Long
2013-01-25,-0.18309883847928263,2.8309253819603764,Fixed Income,Long
2013-01-28,-0.05941505075584133,2.6627258067052013,Fixed Income,Long
2013-01-29,0.0007731989137348843,2.66478462340652,Fixed Income,Long
2013-01-30,0.003945453518709585,2.6752984072755424,Fixed Income,Long
2013-01-31,0.01851240428223832,2.724824612966655,Fixed Income,Long
2013-02-01,-0.010125631364024605,2.697234043404134,Fixed Income,Long
2013-02-04,0.10781850866495349,2.98804579548431,Fixed Income,Long
2013-02-05,-0.06253305150373788,2.8011941738597623,Fixed Income,Long
2013-02-06,0.05851900358502016,2.9651172657621996,Fixed Income,Long
2013-02-07,0.034206062463210785,3.0665422521656063,Fixed Income,Long
2013-02-08,0.01177667372307681,3.10265591972739,Fixed Income,Long
2013-02-11,-0.017520736550600897,3.048295102750684,Fixed Income,Long
2013-02-12,-0.04490818813226646,2.9114016927936897,Fixed Income,Long
2013-02-13,-0.07366704736970507,2.6969273263784173,Fixed Income,Long
2013-02-14,0.09125074314421641,2.9430239491163928,Fixed Income,Long
2013-02-15,-0.008500992806497938,2.918005323695603,Fixed Income,Long
2013-02-18,0.009812498113130806,2.9466382454284723,Fixed Income,Long
2013-02-19,-0.02139416803838216,2.883597371657452,Fixed Income,Long
2013-02-20,0.014614629057679475,2.925740077595925,Fixed Income,Long
2013-02-21,0.0797975471999877,3.1592069595327814,Fixed Income,Long
2013-02-22,0.02913897396304734,3.2512630088704855,Fixed Income,Long
2013-02-25,0.12547451940382606,3.659213672363947,Fixed Income,Long
2013-02-26,0.04772441119412616,3.8338474903110127,Fixed Income,Long
2013-02-27,-0.01482158572376514,3.7770237910815263,Fixed Income,Long
2013-02-28,0.03104298430215019,3.894273881336918,Fixed Income,Long
2013-03-01,0.05422851428700669,4.105454568148514,Fixed Income,Long
2013-03-04,-0.03139527571337937,3.9765626900527384,Fixed Income,Long
2013-03-05,-0.03392177120001552,3.8416706403182515,Fixed Income,Long
2013-03-06,-0.04091564591008898,3.684486204695805,Fixed Income,Long
2013-03-07,-0.0883225846188094,3.3590628601047237,Fixed Income,Long
2013-03-08,-0.05912149613064567,3.1604700382184467,Fixed Income,Long
2013-03-11,-0.01369130781722469,3.117199070078082,Fixed Income,Long
2013-03-12,0.0618997657810755,3.310152962408902,Fixed Income,Long
2013-03-13,0.002656062499272277,3.318944935559211,Fixed Income,Long
2013-03-14,0.0012639081139035348,3.3231397769928637,Fixed Income,Long
2013-03-15,0.07087462847241549,3.558666074049139,Fixed Income,Long
2013-03-18,0.07355405213605543,3.820420383994561,Fixed Income,Long
2013-03-19,0.08227428717749243,4.134742747806075,Fixed Income,Long
2013-03-20,-0.05481889682138397,3.9080807117311283,Fixed Income,Long
2013-03-21,0.021996498141686888,3.9940448018442845,Fixed Income,Long
2013-03-22,-0.003873960615283013,3.978572029586264,Fixed Income,Long
2013-03-25,0.03018092609165142,4.0986490179615185,Fixed Income,Long
2013-03-26,0.02785806014202341,4.212829428804936,Fixed Income,Long
2013-03-27,0.10200557157980222,4.6425615026583955,Fixed Income,Long
2013-03-28,-0.0467606913328799,4.425472117238676,Fixed Income,Long
2013-04-01,0.041750699258731414,4.610238672683408,Fixed Income,Long
2013-04-02,-0.026834270365205214,4.4865262816924965,Fixed Income,Long
2013-04-03,0.07250331866524741,4.811814326394056,Fixed Income,Long
2013-04-04,0.07938415189238102,5.193796125758457,Fixed Income,Long
2013-04-05,0.02350535084870642,5.315878125931062,Fixed Income,Long
2013-04-08,-0.057312303395792526,5.011212905962644,Fixed Income,Long
2013-04-09,-0.018659788466411663,4.917704733177229,Fixed Income,Long
2013-04-10,-0.07688600549993842,4.539602060015091,Fixed Income,Long
2013-04-11,0.019410615766354503,4.627718531334195,Fixed Income,Long
2013-04-12,0.09425626321369952,5.063909987302546,Fixed Income,Long
2013-04-15,0.025631692247583503,5.193706569666549,Fixed Income,Long
2013-04-16,-0.05162768751695934,4.925567509833026,Fixed Income,Long
2013-04-17,0.039163737118787734,5.118471140948968,Fixed Income,Long
2013-04-18,0.002837407360738683,5.132994328640025,Fixed Income,Long
2013-04-19,-0.02527587029750263,5.003253429751503,Fixed Income,Long
2013-04-22,0.02312184894853725,5.118937899805467,Fixed Income,Long
2013-04-23,-0.021315584314191522,5.009824747403053,Fixed Income,Long
2013-04-24,0.025147349908323596,5.135808563305377,Fixed Income,Long
2013-04-25,-0.008362287353166381,5.092861456308166,Fixed Income,Long
2013-04-26,0.060595661036609474,5.401466762821028,Fixed Income,Long
2013-04-29,0.0012667505475174,5.408309073800229,Fixed Income,Long
2013-04-30,-0.018177622165628973,5.309998874901746,Fixed Income,Long
2013-05-01,0.06429931221264538,5.651428150407849,Fixed Income,Long
2013-05-02,0.051439602644937396,5.9421353688412415,Fixed Income,Long
2013-05-03,-0.16871538491023497,4.93960571289847,Fixed Income,Long
2013-05-06,-0.0330347545402073,4.776427050647463,Fixed Income,Long
2013-05-07,-0.05450542394704597,4.5160858692997845,Fixed Income,Long
2013-05-08,0.039884566206724,4.6962079951491225,Fixed Income,Long
2013-05-09,-0.0050286729422560315,4.67259230107271,Fixed Income,Long
2013-05-10,-0.16580495908199275,3.8978533257865147,Fixed Income,Long
2013-05-13,-0.0017454727467973979,3.8910497290353407,Fixed Income,Long
2013-05-14,-0.05785024393898952,3.665951553031907,Fixed Income,Long
2013-05-15,0.045072627347290006,3.831185621254933,Fixed Income,Long
2013-05-16,0.09903193787902698,4.210595357702073,Fixed Income,Long
2013-05-17,-0.06278757131199181,3.946222301414412,Fixed Income,Long
2013-05-20,-0.029011892649811175,3.8317349236334866,Fixed Income,Long
2013-05-21,-0.012024537276348824,3.7856600842111683,Fixed Income,Long
2013-05-22,-0.09101400288763123,3.441112006375183,Fixed Income,Long
2013-05-23,0.006393695730036441,3.4631134295169206,Fixed Income,Long
2013-05-24,0.009419270411783512,3.495733431376219,Fixed Income,Long
2013-05-27,-0.05219362493961929,3.3132784317700805,Fixed Income,Long
2013-05-28,-0.1681891902295034,2.7560208153257917,Fixed Income,Long
2013-05-29,-0.02179376580523127,2.6959567431222387,Fixed Income,Long
2013-05-30,0.01403303642675216,2.7337892023034214,Fixed Income,Long
2013-05-31,-0.017064535924913138,2.6871383582495754,Fixed Income,Long
2013-06-03,-0.02677194748312208,2.615198431242635,Fixed Income,Long
2013-06-04,-0.01866463894344189,2.5663866967580353,Fixed Income,Long
2013-06-05,0.059576657103224746,2.7192834369850667,Fixed Income,Long
2013-06-06,0.004650412332616269,2.7319292262163013,Fixed Income,Long
2013-06-07,-0.13106679846013983,2.373864008916444,Fixed Income,Long
2013-06-10,-0.08486977033918472,2.172394715663249,Fixed Income,Long
2013-06-11,0.02607528518534477,2.229040527409304,Fixed Income,Long
2013-06-12,-0.03821309980729831,2.1438619792608997,Fixed Income,Long
2013-06-13,0.10758095322648413,2.3745006945758043,Fixed Income,Long
2013-06-14,0.08975823591435525,2.5876316880983397,Fixed Income,Long
2013-06-17,-0.03216116014871875,2.5044104509715095,Fixed Income,Long
2013-06-18,-0.03453320507032785,2.4179251312878383,Fixed Income,Long
2013-06-19,-0.22033827319966778,1.885163683133796,Fixed Income,Long
2013-06-20,-0.10577187826894802,1.6857663795243263,Fixed Income,Long
2013-06-21,-0.1318263143802592,1.4635380108054812,Fixed Income,Long
2013-06-24,-0.0685888350150679,1.3631556436440635,Fixed Income,Long
2013-06-25,-0.017392580928594255,1.3394468487937141,Fixed Income,Long
2013-06-26,0.09250931572708189,1.463358160228417,Fixed Income,Long
2013-06-27,0.0748782372388996,1.5729318397154801,Fixed Income,Long
2013-06-28,-0.009700303875789554,1.5576739228943353,Fixed Income,Long
2013-07-01,0.003128413393136572,1.5625469708568576,Fixed Income,Long
2013-07-02,0.050568197743008386,1.641562155061886,Fixed Income,Long
2013-07-03,-0.030788315118498194,1.5910212221452396,Fixed Income,Long
2013-07-04,0.08249728555158582,1.7222761542271883,Fixed Income,Long
2013-07-05,-0.17541649690833067,1.420160504543903,Fixed Income,Long
2013-07-08,0.07421828053623715,1.5255623752766265,Fixed Income,Long
2013-07-09,0.055053980139165654,1.6095506559861643,Fixed Income,Long
2013-07-10,-0.037458285164948424,1.5492596485268049,Fixed Income,Long
2013-07-11,0.09918210644929251,1.7029184839045841,Fixed Income,Long
2013-07-12,0.019593505678587322,1.73628462688914,Fixed Income,Long
2013-07-15,0.006167632758817394,1.7469933928325725,Fixed Income,Long
2013-07-16,0.02881642657418884,1.7973354996627253,Fixed Income,Long
2013-07-17,0.03845280024518699,1.8664480826048393,Fixed Income,Long
2013-07-18,0.003064893042858787,1.872168546348072,Fixed Income,Long
2013-07-19,0.020684357379008714,1.9108931496344748,Fixed Income,Long
2013-07-22,-0.0003460938933251543,1.9102318011845894,Fixed Income,Long
2013-07-23,-0.04385698060083343,1.8264548021369418,Fixed Income,Long
2013-07-24,-0.11152224111914757,1.622764469299801,Fixed Income,Long
2013-07-25,-0.0005693792116615018,1.6218405009455588,Fixed Income,Long
2013-07-26,0.023831068006760353,1.6604906922197107,Fixed Income,Long
2013-07-29,-0.014833717868269713,1.6358594417684356,Fixed Income,Long
2013-07-30,-0.011198640153052322,1.6175400405390978,Fixed Income,Long
2013-07-31,0.028609549883320234,1.6638171330171692,Fixed Income,Long
2013-08-01,-0.10729356052974566,1.4853002687453636,Fixed Income,Long
2013-08-02,0.10974216196727796,1.6483003314080589,Fixed Income,Long
2013-08-05,-0.05265356365224132,1.5615114449902543,Fixed Income,Long
2013-08-06,-0.01339012827547996,1.5406026064382048,Fixed Income,Long
2013-08-07,0.037373761600910445,1.5981807209729675,Fixed Income,Long
2013-08-08,-0.009920182142854662,1.5823264771237169,Fixed Income,Long
2013-08-09,0.02314703687709655,1.6189526464413058,Fixed Income,Long
2013-08-12,-0.0337228942593696,1.564356877534439,Fixed Income,Long
2013-08-13,-0.14900536854497626,1.3312593044615515,Fixed Income,Long
2013-08-14,0.012580296893864463,1.3480069417543972,Fixed Income,Long
2013-08-15,-0.06496834299160084,1.2604291644074386,Fixed Income,Long
2013-08-16,-0.043252111407592074,1.2059129417671097,Fixed Income,Long
2013-08-19,-0.023641099447548428,1.1774038339857078,Fixed Income,Long
2013-08-20,0.07943178906892623,1.2709271269758056,Fixed Income,Long
2013-08-21,-0.07843702138028041,1.171239388744426,Fixed Income,Long
2013-08-22,-0.05198095584150443,1.1103572457982713,Fixed Income,Long
2013-08-23,0.013626408475183406,1.125487427182898,Fixed Income,Long
2013-08-26,0.04822353325744237,1.1797624075584858,Fixed Income,Long
2013-08-27,0.1064780092259628,1.3053811600749423,Fixed Income,Long
2013-08-28,-0.07771922867011725,1.203927943193415,Fixed Income,Long
2013-08-29,0.05013991194953657,1.2642927842587193,Fixed Income,Long
2013-08-30,-0.023969449262915565,1.2339883825129596,Fixed Income,Long
2013-09-02,-0.058362558461911074,1.1619696633972278,Fixed Income,Long
2013-09-03,-0.058754953740545485,1.0936981895764064,Fixed Income,Long
2013-09-04,-0.0521536668116256,1.0366578186047604,Fixed Income,Long
2013-09-05,-0.12318023443704251,0.9089620654780329,Fixed Income,Long
2013-09-06,0.1084058470334351,1.0074988681074397,Fixed Income,Long
2013-09-09,0.03066807143100301,1.0383969153612134,Fixed Income,Long
2013-09-10,-0.07191040749475554,0.9637253700362913,Fixed Income,Long
2013-09-11,0.07252432108342109,1.033618898209042,Fixed Income,Long
2013-09-12,0.014785338972428681,1.048901303987371,Fixed Income,Long
2013-09-13,0.020154795129331163,1.0700416948801248,Fixed Income,Long
2013-09-16,0.051884119473429996,1.1255598660188368,Fixed Income,Long
2013-09-17,0.0070425147335118655,1.133486637958724,Fixed Income,Long
2013-09-18,0.16514142264465012,1.3206722338999293,Fixed Income,Long
2013-09-19,-0.05599915062102846,1.246715710552757,Fixed Income,Long
2013-09-20,0.005379558576082307,1.2534224907453977,Fixed Income,Long
2013-09-23,0.02460209640453574,1.2842593116983292,Fixed Income,Long
2013-09-24,0.07645770727691095,1.3824508342198072,Fixed Income,Long
2013-09-25,0.029225023022825994,1.4228529916778059,Fixed Income,Long
2013-09-26,-0.01637182575378958,1.3995582904247985,Fixed Income,Long
2013-09-27,0.04331057413008535,1.4601739635116173,Fixed Income,Long
2013-09-30,0.022565113129098084,1.4931229541864204,Fixed Income,Long
2013-10-01,-0.04829511390935483,1.4210124110333149,Fixed Income,Long
2013-10-02,0.030118379525268895,1.4638110021389337,Fixed Income,Long
2013-10-03,0.005573122757213365,1.4719690005472135,Fixed Income,Long
2013-10-04,-0.045991854549818176,1.4042704163722048,Fixed Income,Long
2013-10-07,0.02705252431464003,1.4422594759554435,Fixed Income,Long
2013-10-08,-0.010122343543535629,1.4276604300609028,Fixed Income,Long
2013-10-09,0.00019180989413124407,1.427934269456848,Fixed Income,Long
2013-10-10,-0.04217931880336477,1.3677049746751777,Fixed Income,Long
2013-10-11,0.013708259554902825,1.3864538294625568,Fixed Income,Long
2013-10-14,-0.03217477717965541,1.341844986429719,Fixed Income,Long
2013-10-15,-0.00867084784623765,1.3302100527191503,Fixed Income,Long
2013-10-16,0.03009800686414296,1.3702467240166432,Fixed Income,Long
2013-10-17,0.07673402347348277,1.4753912683017991,Fixed Income,Long
2013-10-18,0.018566171606392304,1.502783635775663,Fixed Income,Long
2013-10-21,-0.02463183350985019,1.4657673194579095,Fixed Income,Long
2013-10-22,0.10040017510161649,1.6129306149897107,Fixed Income,Long
2013-10-23,0.01909809995896101,1.6437345251016526,Fixed Income,Long
2013-10-24,-0.02701535495429196,1.5993284534554069,Fixed Income,Long
2013-10-25,0.03371108610238363,1.6532435526558342,Fixed Income,Long
2013-10-28,-0.0024777516458683083,1.6491472257222202,Fixed Income,Long
2013-10-29,0.03474692752523434,1.7064500248528314,Fixed Income,Long
2013-10-30,-0.005979599269196971,1.6962461375313003,Fixed Income,Long
2013-10-31,0.04829967789827573,1.7781742796102566,Fixed Income,Long
2013-11-01,-0.057517709606945674,1.6758977677650941,Fixed Income,Long
2013-11-04,0.022547382468628557,1.7136848757132146,Fixed Income,Long
2013-11-05,-0.0687706921449122,1.595833580692149,Fixed Income,Long
2013-11-06,0.021577079955301337,1.6302670094580982,Fixed Income,Long
2013-11-07,0.08371437007538814,1.7667437852095698,Fixed Income,Long
2013-11-08,-0.13566295536569778,1.5270621019340598,Fixed Income,Long
2013-11-11,-0.011658324017117562,1.509259117155452,Fixed Income,Long
2013-11-12,-0.031007563169679744,1.462460669740839,Fixed Income,Long
2013-11-13,0.08321542079835331,1.5841599497743646,Fixed Income,Long
2013-11-14,0.05709562050154234,1.674608545080424,Fixed Income,Long
2013-11-15,-0.011723693333338983,1.654975948044512,Fixed Income,Long
2013-11-18,0.03422432819250597,1.711616388041091,Fixed Income,Long
2013-11-19,-0.06486498022056524,1.6005924248856105,Fixed Income,Long
2013-11-20,-0.04096704690067006,1.5350208799464644,Fixed Income,Long
2013-11-21,0.002908925618359973,1.539486141508858,Fixed Income,Long
2013-11-22,0.009080661829287656,1.5534656945507748,Fixed Income,Long
2013-11-25,0.031954788453152694,1.6031063621893749,Fixed Income,Long
2013-11-26,0.04783113778918351,1.6797847634899716,Fixed Income,Long
2013-11-27,-0.02211710252100664,1.642632791662639,Fixed Income,Long
2013-11-28,0.01755487185953111,1.6714689998325405,Fixed Income,Long
2013-11-29,-0.008708557009141289,1.6569129167584864,Fixed Income,Long
2013-12-02,-0.07655978444669381,1.5300600210045139,Fixed Income,Long
2013-12-03,0.019861841955363776,1.5604498313239261,Fixed Income,Long
2013-12-04,-0.12503781201053693,1.365334598662971,Fixed Income,Long
2013-12-05,-0.0878740284560518,1.2453571472880292,Fixed Income,Long
2013-12-06,0.0045986871486522534,1.2510841551967449,Fixed Income,Long
2013-12-09,0.008783427429981018,1.2620729620827145,Fixed Income,Long
2013-12-10,0.050926004256750645,1.3263452951220684,Fixed Income,Long
2013-12-11,-0.038948115655844516,1.274686645168069,Fixed Income,Long
2013-12-12,-0.030157511669033202,1.2362452677920521,Fixed Income,Long
2013-12-13,0.0044640830802362644,1.2417639693750249,Fixed Income,Long
2013-12-16,-0.017298997948348493,1.2202826970164733,Fixed Income,Long
2013-12-17,0.05468356226998716,1.2870121018657616,Fixed Income,Long
2013-12-18,-0.04156673146082385,1.233515215440677,Fixed Income,Long
2013-12-19,-0.09056679610062249,1.1217996944368458,Fixed Income,Long
2013-12-20,-0.019669896190506013,1.0997340109007316,Fixed Income,Long
2013-12-23,-0.02698894773466923,1.0700533471584937,Fixed Income,Long
2013-12-24,-0.07669612039242303,0.9879844068185106,Fixed Income,Long
2013-12-26,-0.0058159758561536394,0.9822383133621979,Fixed Income,Long
2013-12-27,-0.07605407547724102,0.9075350865411115,Fixed Income,Long
2013-12-30,0.05608502245810711,0.9584342122512899,Fixed Income,Long
2013-12-31,-0.031664511090310425,0.928085861508126,Fixed Income,Long
2014-01-02,0.009759951659846534,0.9371439346526323,Fixed Income,Long
2014-01-03,-0.004726788113068835,0.9327142538420817,Fixed Income,Long
2014-01-06,0.06172693372919151,0.9902878447772642,Fixed Income,Long
2014-01-07,0.03019054677282998,1.0201851762735772,Fixed Income,Long
2014-01-08,-0.0933237386719142,0.9249776814860611,Fixed Income,Long
2014-01-09,0.02874546018784887,0.9515665906038675,Fixed Income,Long
2014-01-10,0.16342945315158694,1.1070805981435776,Fixed Income,Long
2014-01-13,0.05273407347245969,1.1654614677460158,Fixed Income,Long
2014-01-14,-0.07101643247790071,1.0826945521162359,Fixed Income,Long
2014-01-15,-0.010910429821262094,1.070881889187509,Fixed Income,Long
2014-01-16,0.07115607569359131,1.1470816419534315,Fixed Income,Long
2014-01-17,0.04207240374791712,1.1953421239255202,Fixed Income,Long
2014-01-20,0.017322197600756564,1.216048076396666,Fixed Income,Long
2014-01-21,-0.002809040075344524,1.212632148616522,Fixed Income,Long
2014-01-22,-0.06022078542107867,1.1396064881999848,Fixed Income,Long
2014-01-23,0.1458266002821584,1.3057914280336782,Fixed Income,Long
2014-01-24,0.048682647801822375,1.3693608122272805,Fixed Income,Long
2014-01-27,-0.04389092945839786,1.3092582934147183,Fixed Income,Long
2014-01-28,0.03836770265043472,1.3594915263090699,Fixed Income,Long
2014-01-29,0.09590363609237393,1.489871706918881,Fixed Income,Long
2014-01-30,-0.01063486537270113,1.4740271218932022,Fixed Income,Long
2014-01-31,0.08195100570992175,1.5948251269760516,Fixed Income,Long
2014-02-03,0.06493519446618132,1.698385406735794,Fixed Income,Long
2014-02-04,-0.04419825856488854,1.623319729386052,Fixed Income,Long
2014-02-05,-0.009478695285135518,1.6079327763208529,Fixed Income,Long
2014-02-06,-0.07574535247628013,1.4861393414202662,Fixed Income,Long
2014-02-07,0.06923332191515139,1.5890297048555864,Fixed Income,Long
2014-02-10,-0.0135670794398793,1.5674712126174826,Fixed Income,Long
2014-02-11,-0.03831835722501174,1.5074082907524835,Fixed Income,Long
2014-02-12,-0.06007607587368613,1.4168491159046137,Fixed Income,Long
2014-02-13,0.09370635474695632,1.549616881782483,Fixed Income,Long
2014-02-14,-0.02716049759992574,1.5075285161840253,Fixed Income,Long
2014-02-17,-0.004346024763404115,1.5009767599211516,Fixed Income,Long
2014-02-18,0.04780173955776952,1.5727260600811672,Fixed Income,Long
2014-02-19,-0.027143262119705767,1.530037144389892,Fixed Income,Long
2014-02-20,-0.039585579069797185,1.4694697380309192,Fixed Income,Long
2014-02-21,0.03378361409398932,1.5191137365833514,Fixed Income,Long
2014-02-24,-0.03785311873346766,1.46161054394282,Fixed Income,Long
2014-02-25,0.06740173347824091,1.5601256282746405,Fixed Income,Long
2014-02-26,0.07347224473848651,1.67475156025802,Fixed Income,Long
2014-02-27,0.04791912093816704,1.7550041828154082,Fixed Income,Long
2014-02-28,-0.07488069650005043,1.6235882472456884,Fixed Income,Long
2014-03-03,0.08547080077758537,1.7623576348708536,Fixed Income,Long
2014-03-04,-0.0973796718943979,1.590739826626543,Fixed Income,Long
2014-03-05,0.0037148071409739457,1.596649118293927,Fixed Income,Long
2014-03-06,-0.07529409872393222,1.4764308619536248,Fixed Income,Long
2014-03-07,-0.046853019202857955,1.4072556184268195,Fixed Income,Long
2014-03-10,0.01992723485878229,1.4352983316415515,Fixed Income,Long
2014-03-11,0.013952639418952742,1.4553245317215704,Fixed Income,Long
2014-03-12,0.05856353402132601,1.540553479447117,Fixed Income,Long
2014-03-13,0.11060800181948874,1.7109510215048236,Fixed Income,Long
2014-03-14,-0.025698381625024268,1.6669823492124676,Fixed Income,Long
2014-03-17,-0.04967079906595761,1.584182003898237,Fixed Income,Long
2014-03-18,0.023249175011282926,1.621012928556592,Fixed Income,Long
2014-03-19,-0.17393462389008826,1.3390626545071305,Fixed Income,Long
2014-03-20,-0.02161862720290644,1.3101139581780066,Fixed Income,Long
2014-03-21,0.010301302510755644,1.3236098383847616,Fixed Income,Long
2014-03-24,0.028015716521940286,1.3606917164026004,Fixed Income,Long
2014-03-25,0.015212623415242023,1.3813914070684725,Fixed Income,Long
2014-03-26,0.059120417105190996,1.4630598432398871,Fixed Income,Long
2014-03-27,0.011658760614753298,1.4801173077172796,Fixed Income,Long
2014-03-28,-0.031640400354683886,1.433285803529208,Fixed Income,Long
2014-03-31,-0.010293010792728654,1.418532977284417,Fixed Income,Long
2014-04-01,-0.03157916876825919,1.3737368849914113,Fixed Income,Long
2014-04-02,-0.07477467505304808,1.2710161558077921,Fixed Income,Long
2014-04-03,0.012306812805330629,1.2866583137098695,Fixed Income,Long
2014-04-04,0.12004516434837133,1.441115422439369,Fixed Income,Long
2014-04-07,0.009653692123919203,1.4550275070426304,Fixed Income,Long
2014-04-08,0.007226280136436233,1.465541943414741,Fixed Income,Long
2014-04-09,0.013507409178521012,1.4853376181127287,Fixed Income,Long
2014-04-10,0.07124163629835675,1.5911555004825833,Fixed Income,Long
2014-04-11,0.037136180214000725,1.650244937897003,Fixed Income,Long
2014-04-14,-0.04621336627293571,1.5739815641419108,Fixed Income,Long
2014-04-15,0.03704453350727177,1.6322889769345938,Fixed Income,Long
2014-04-16,-0.029823948154482124,1.5836076751133639,Fixed Income,Long
2014-04-17,-0.11095172658484927,1.407903669326517,Fixed Income,Long
2014-04-21,0.00467492661176882,1.4144855156570584,Fixed Income,Long
2014-04-22,-0.005506247869232588,1.4066970078004113,Fixed Income,Long
2014-04-23,0.01986158319967858,1.4346362374575783,Fixed Income,Long
2014-04-24,-0.0005280970039763123,1.433878610358781,Fixed Income,Long
2014-04-25,0.03878122347500258,1.4894861771831311,Fixed Income,Long
2014-04-28,0.00026769402972320953,1.4898849037401185,Fixed Income,Long
2014-04-29,-0.005499403141472588,1.4816914260200575,Fixed Income,Long
2014-04-30,0.0793950648286082,1.5993304128449128,Fixed Income,Long
2014-05-01,0.04199701548791968,1.6664975169634617,Fixed Income,Long
2014-05-02,0.009288569169765715,1.6819768944210196,Fixed Income,Long
2014-05-05,-0.01333689594911766,1.6595445435913063,Fixed Income,Long
2014-05-06,-0.001423828227247322,1.6571816372257668,Fixed Income,Long
2014-05-07,0.00843402869597697,1.671158354708575,Fixed Income,Long
2014-05-08,0.06098818710574269,1.773079273128867,Fixed Income,Long
2014-05-09,-0.0040315682876713495,1.7659309829597931,Fixed Income,Long
2014-05-12,-0.04097634048765471,1.6935695937243338,Fixed Income,Long
2014-05-13,0.08753278376902741,1.8418124547696055,Fixed Income,Long
2014-05-14,0.10520249087094923,2.0355757127285057,Fixed Income,Long
2014-05-15,0.08960828263540213,2.217980156520442,Fixed Income,Long
2014-05-16,-0.04486041076761195,2.1184806556245226,Fixed Income,Long
2014-05-19,-0.012027337559751182,2.0930009736655233,Fixed Income,Long
2014-05-20,0.046343559815661656,2.1899980894828297,Fixed Income,Long
2014-05-21,-0.0477917502631405,2.0853342477135115,Fixed Income,Long
2014-05-22,-0.004237461513552556,2.0764977240959324,Fixed Income,Long
2014-05-23,0.020992322192882832,2.1200882333529423,Fixed Income,Long
2014-05-26,0.012880324167483453,2.1473956570621957,Fixed Income,Long
2014-05-27,0.009427437753046303,2.1676400959503117,Fixed Income,Long
2014-05-28,0.09027552713706144,2.3633249482556566,Fixed Income,Long
2014-05-29,-0.03690132707372716,2.2761151213585755,Fixed Income,Long
2014-05-30,0.0008199919692485746,2.277981517479175,Fixed Income,Long
2014-06-02,-0.08288358959064354,2.0891742322893596,Fixed Income,Long
2014-06-03,-0.09153167810608492,1.897948608951923,Fixed Income,Long
2014-06-04,-0.010435606798690458,1.8781423635447791,Fixed Income,Long
2014-06-05,0.0615208075121675,1.993687198372865,Fixed Income,Long
2014-06-06,0.012769641314858238,2.019145868790111,Fixed Income,Long
2014-06-09,-0.04749255818235614,1.9232514661379327,Fixed Income,Long
2014-06-10,-0.05309367637590597,1.8211389752053186,Fixed Income,Long
2014-06-11,0.031062407426944744,1.877707936034235,Fixed Income,Long
2014-06-12,0.05336429716216981,1.9779105003165303,Fixed Income,Long
2014-06-13,-0.018054891928336442,1.9421995399893934,Fixed Income,Long
2014-06-16,0.0018059582418487033,1.9457070712559519,Fixed Income,Long
2014-06-17,-0.09135493117349221,1.7679571356775872,Fixed Income,Long
2014-06-18,0.07103527863794501,1.8935444634303875,Fixed Income,Long
2014-06-19,0.040876250752189924,1.9709454617279891,Fixed Income,Long
2014-06-20,-0.016389225557994203,1.938643191993224,Fixed Income,Long
2014-06-23,0.002067516761487224,1.9426513692872132,Fixed Income,Long
2014-06-24,0.04750269601772963,2.03493254675089,Fixed Income,Long
2014-06-25,0.06252047397060105,2.162157494071958,Fixed Income,Long
2014-06-26,0.049476197267424554,2.2691328247719023,Fixed Income,Long
2014-06-27,-0.017607115714097676,2.229179940555486,Fixed Income,Long
2014-06-30,0.035987675407454275,2.309402944681005,Fixed Income,Long
2014-07-01,-0.03812314308048616,2.221361245790435,Fixed Income,Long
2014-07-02,-0.08556927840845455,2.031280966903642,Fixed Income,Long
2014-07-03,-0.02515582378812743,1.9801824208360368,Fixed Income,Long
2014-07-07,0.03431532953040863,2.0481330331373475,Fixed Income,Long
2014-07-08,0.07774084734122166,2.2073566306009913,Fixed Income,Long
2014-07-09,0.025782777045866095,2.2642684144684906,Fixed Income,Long
2014-07-10,0.027157583703962342,2.325760473462657,Fixed Income,Long
2014-07-11,0.006776679123331012,2.34152140590904,Fixed Income,Long
2014-07-14,-0.031231840244602085,2.2683913834303726,Fixed Income,Long
2014-07-15,-0.017271449499877797,2.229212976205497,Fixed Income,Long
2014-07-16,0.012826442599480807,2.2578058484868144,Fixed Income,Long
2014-07-17,0.09082570336904036,2.4628726527463622,Fixed Income,Long
2014-07-18,-0.03589007564950922,2.374479966924188,Fixed Income,Long
2014-07-21,-0.010885658930668923,2.348632187866545,Fixed Income,Long
2014-07-22,0.01579355398986253,2.3857254371279444,Fixed Income,Long
2014-07-23,0.01594148112034771,2.423757434142253,Fixed Income,Long
2014-07-24,-0.08134212018613221,2.2266038656322227,Fixed Income,Long
2014-07-25,0.07038311470122419,2.3833191809012044,Fixed Income,Long
2014-07-28,-0.0399847175335951,2.2880228366604705,Fixed Income,Long
2014-07-29,0.06239218377680801,2.430777577970924,Fixed Income,Long
2014-07-30,-0.14982607594007677,2.0665837119804165,Fixed Income,Long
2014-07-31,0.025164780014949636,2.1185888364748817,Fixed Income,Long
2014-08-01,0.10180732715811279,2.3342767032634058,Fixed Income,Long
2014-08-04,-0.003448595489933609,2.3262267271522745,Fixed Income,Long
2014-08-05,-0.009798868025565479,2.3034323384553663,Fixed Income,Long
2014-08-06,0.069738991674973,2.4640713871307685,Fixed Income,Long
2014-08-07,0.08242320298089513,2.667168043231664,Fixed Income,Long
2014-08-08,-0.03438983733087173,2.5754445680908273,Fixed Income,Long
2014-08-11,0.019630392150156117,2.6260015549234397,Fixed Income,Long
2014-08-12,-0.013096353069905529,2.5916105113980414,Fixed Income,Long
2014-08-13,0.08676368545169968,2.8164681906222997,Fixed Income,Long
2014-08-14,0.012762511206530087,2.8524133974679526,Fixed Income,Long
2014-08-15,0.052003331405495,3.000748396681953,Fixed Income,Long
2014-08-18,-0.06492303827594875,2.805930693667679,Fixed Income,Long
2014-08-19,0.009169795873255619,2.8316605053631143,Fixed Income,Long
2014-08-20,-0.03633602718669748,2.7287692122567426,Fixed Income,Long
2014-08-21,0.0018924207814087924,2.733933191821686,Fixed Income,Long
2014-08-22,-0.004733459894956382,2.7209922287027077,Fixed Income,Long
2014-08-25,0.04151145574818624,2.8339445771956586,Fixed Income,Long
2014-08-26,0.011557196008411676,2.8666970301512844,Fixed Income,Long
2014-08-27,0.051691956613725165,3.014882208658559,Fixed Income,Long
2014-08-28,0.04399562858099736,3.1475238465261577,Fixed Income,Long
2014-08-29,-0.013968482958191858,3.1035577133154546,Fixed Income,Long
2014-09-01,0.034498854282977325,3.210626898625935,Fixed Income,Long
2014-09-02,-0.10914426885148404,2.8602053732204995,Fixed Income,Long
2014-09-03,-0.006383745283053226,2.84194655066064,Fixed Income,Long
2014-09-04,-0.017589017301892124,2.791959503610017,Fixed Income,Long
2014-09-05,0.03334169622201563,2.885048169243552,Fixed Income,Long
2014-09-08,-0.052776274101255224,2.73278607626823,Fixed Income,Long
2014-09-09,-0.06286909157466306,2.5609782981853586,Fixed Income,Long
2014-09-10,-0.02135206514358881,2.5062961227311877,Fixed Income,Long
2014-09-11,0.006665479999594644,2.5230017894103143,Fixed Income,Long
2014-09-12,-0.10116134204824948,2.267771542403432,Fixed Income,Long
2014-09-15,0.06663675406273716,2.4188884769450434,Fixed Income,Long
2014-09-16,-0.003525220235903185,2.410361362337724,Fixed Income,Long
2014-09-17,-0.027633719574417348,2.3437541123778725,Fixed Income,Long
2014-09-18,-0.05595016674995339,2.212620678969442,Fixed Income,Long
2014-09-19,0.08523988862114848,2.401224219205647,Fixed Income,Long
2014-09-22,0.050419869001745006,2.5222936297818133,Fixed Income,Long
2014-09-23,0.021836074031031393,2.577370620209728,Fixed Income,Long
2014-09-24,-0.04472830576340089,2.462089199043381,Fixed Income,Long
2014-09-25,0.11324369192957935,2.7409052698029948,Fixed Income,Long
2014-09-26,-0.042669408086994,2.6239524643179784,Fixed Income,Long
2014-09-29,0.04269787053874754,2.735989646939255,Fixed Income,Long
2014-09-30,0.012511283257752817,2.770220388402391,Fixed Income,Long
2014-10-01,0.1555559089929873,3.201144539031231,Fixed Income,Long
2014-10-02,-0.07437884646722644,2.9630471008432266,Fixed Income,Long
2014-10-03,-0.03255552433007589,2.866583548860564,Fixed Income,Long
2014-10-06,0.05206411779495118,3.0158296924175096,Fixed Income,Long
2014-10-07,0.07070968381394387,3.229078056405055,Fixed Income,Long
2014-10-08,0.04806382121570455,3.3842798867996624,Fixed Income,Long
2014-10-09,-0.006491261909256049,3.362311639680218,Fixed Income,Long
2014-10-10,0.03396811793109389,3.476523037977966,Fixed Income,Long
2014-10-13,0.051352582651391185,3.655051474625195,Fixed Income,Long
2014-10-14,0.07255082274754648,3.9202284662938855,Fixed Income,Long
2014-10-15,0.15571531245294382,4.5306680668097625,Fixed Income,Long
2014-10-16,-0.09737480263540924,4.089495157997611,Fixed Income,Long
2014-10-17,-0.0674002054298875,3.813862344244042,Fixed Income,Long
2014-10-20,0.0425566056246774,3.976167379934843,Fixed Income,Long
2014-10-21,-0.051675570449549166,3.7706966623738207,Fixed Income,Long
2014-10-22,0.008962557117656601,3.8044917465837034,Fixed Income,Long
2014-10-23,-0.07868770239126772,3.5051250322784906,Fixed Income,Long
2014-10-24,0.00042550904073501705,3.5066164946686316,Fixed Income,Long
2014-10-27,0.02850383691378193,3.606568519351844,Fixed Income,Long
2014-10-28,-0.019956021425789575,3.5345957607060803,Fixed Income,Long
2014-10-29,-0.0798404617705451,3.252392002999096,Fixed Income,Long
2014-10-30,0.0721427606702327,3.4870285408772386,Fixed Income,Long
2014-10-31,0.006525420105030445,3.5097828670246938,Fixed Income,Long
2014-11-03,-0.03246523976485299,3.3958369247241635,Fixed Income,Long
2014-11-04,0.026137328938142232,3.484595031445968,Fixed Income,Long
2014-11-05,0.002624495970430351,3.493740337064579,Fixed Income,Long
2014-11-06,-0.027119631524753066,3.3989913864802213,Fixed Income,Long
2014-11-07,0.07787816237893797,3.6636985896011396,Fixed Income,Long
2014-11-10,-0.0680254819003683,3.4144737275058223,Fixed Income,Long
2014-11-11,0.00018366397800602223,3.4151008433334127,Fixed Income,Long
2014-11-12,0.02438026050202498,3.4983618915345662,Fixed Income,Long
2014-11-13,0.04746917365139684,3.6644262396592495,Fixed Income,Long
2014-11-14,0.030713640987232095,3.776974111608337,Fixed Income,Long
2014-11-17,-0.051675827482157086,3.581795849012291,Fixed Income,Long
2014-11-18,0.004370619323500148,3.597450515162817,Fixed Income,Long
2014-11-19,-0.0762209313169896,3.3232494865303233,Fixed Income,Long
2014-11-20,0.0631460635743142,3.533099609880074,Fixed Income,Long
2014-11-21,0.0457399217640573,3.6947033096206097,Fixed Income,Long
2014-11-24,0.01050109749368667,3.7335017492851827,Fixed Income,Long
2014-11-25,0.05992720027553236,3.9572400563436467,Fixed Income,Long
2014-11-26,0.03322945870051761,4.088737001363952,Fixed Income,Long
2014-11-27,0.0528624421889055,4.304877624724193,Fixed Income,Long
2014-11-28,0.031216972819254347,4.439262872525425,Fixed Income,Long
2014-12-01,-0.08701607457473703,4.052975643352891,Fixed Income,Long
2014-12-02,-0.05410148075613236,3.833703659578961,Fixed Income,Long
2014-12-03,0.015767978800876187,3.894153417612044,Fixed Income,Long
2014-12-04,0.004047300173566995,3.909914225415042,Fixed Income,Long
2014-12-05,-0.09562833748923633,3.536015628313086,Fixed Income,Long
2014-12-08,0.0862670795937916,3.8410573699656623,Fixed Income,Long
2014-12-09,0.04455444060745372,4.012193532425619,Fixed Income,Long
2014-12-10,0.06646023030377117,4.278844838613927,Fixed Income,Long
2014-12-11,-0.02753984637613171,4.161006109091195,Fixed Income,Long
2014-12-12,0.10438863894274736,4.595367873451682,Fixed Income,Long
2014-12-15,-0.040576415810036306,4.4089043158184245,Fixed Income,Long
2014-12-16,0.08800054421047196,4.796890294982344,Fixed Income,Long
2014-12-17,-0.08322782111867677,4.397655567585637,Fixed Income,Long
2014-12-18,-0.04419271242646891,4.2033112397366645,Fixed Income,Long
2014-12-19,0.037860976445285514,4.362452707576538,Fixed Income,Long
2014-12-22,0.0003322121521655919,4.363901967379243,Fixed Income,Long
2014-12-23,-0.06591430716983292,4.076258392642369,Fixed Income,Long
2014-12-24,-0.007807413890741024,4.044433356245404,Fixed Income,Long
2014-12-26,0.007803424541477226,4.075993786753898,Fixed Income,Long
2014-12-29,0.10417431403756483,4.500607643510362,Fixed Income,Long
2014-12-30,0.02442899547941602,4.610552967288302,Fixed Income,Long
2014-12-31,0.04128849895029674,4.8009157786384735,Fixed Income,Long
2015-01-02,0.06752599295234712,5.125102383671627,Fixed Income,Long
2015-01-05,0.02665877564261679,5.2617313382633695,Fixed Income,Long
2015-01-06,0.09281570312134389,5.750102632059894,Fixed Income,Long
2015-01-07,-0.006862009935957457,5.710645370665924,Fixed Income,Long
2015-01-08,-0.04458099520411709,5.4560591167838535,Fixed Income,Long
2015-01-09,0.048256291866717545,5.71934829796544,Fixed Income,Long
2015-01-12,0.058951534125926824,6.056512654331011,Fixed Income,Long
2015-01-13,0.024761375122435036,6.206480236098677,Fixed Income,Long
2015-01-14,0.07192342818926574,6.652871571667817,Fixed Income,Long
2015-01-15,0.10879614816943328,7.3766783729312,Fixed Income,Long
2015-01-16,-0.06687020133325217,6.8833984049626435,Fixed Income,Long
2015-01-19,0.028172703333809206,7.077322346154072,Fixed Income,Long
2015-01-20,-0.026585398849416204,6.88916890879568,Fixed Income,Long
2015-01-21,-0.10646641636617718,6.155703783334917,Fixed Income,Long
2015-01-22,0.03180302909802469,6.351473809875138,Fixed Income,Long
2015-01-23,0.12803941947200403,7.1647128292831885,Fixed Income,Long
2015-01-26,-0.07595008051808393,6.620552313010181,Fixed Income,Long
2015-01-27,0.004888848231197275,6.65291918847519,Fixed Income,Long
2015-01-28,0.14741918897982567,7.633687139588523,Fixed Income,Long
2015-01-29,-0.06099493851420874,7.168070861872614,Fixed Income,Long
2015-01-30,0.11553089230024785,7.996204484616164,Fixed Income,Long
2015-02-02,-0.009957887373017029,7.916579180946742,Fixed Income,Long
2015-02-03,-0.0901610416811174,7.202812155441537,Fixed Income,Long
2015-02-04,0.008953634546242343,7.267303503186593,Fixed Income,Long
2015-02-05,-0.0279092852794958,7.064478256503479,Fixed Income,Long
2015-02-06,-0.08962211970097532,6.431344740574187,Fixed Income,Long
2015-02-09,-0.004069024500734115,6.405175441252124,Fixed Income,Long
2015-02-10,-0.021696390877361846,6.2662062512406385,Fixed Income,Long
2015-02-11,0.014208658232379868,6.355240634278119,Fixed Income,Long
2015-02-12,0.03146725717428865,6.555222625721438,Fixed Income,Long
2015-02-13,-0.029763180013862384,6.3601183546811475,Fixed Income,Long
2015-02-16,0.06000134113880769,6.741733985763563,Fixed Income,Long
2015-02-17,-0.1261597098352375,5.891198782333273,Fixed Income,Long
2015-02-18,0.08144601771153392,6.371013462701356,Fixed Income,Long
2015-02-19,-0.03931233325287921,6.120554058297061,Fixed Income,Long
2015-02-20,-0.021709681036202168,5.987678781926599,Fixed Income,Long
2015-02-23,0.0728918322561906,6.424131659302745,Fixed Income,Long
2015-02-24,0.04962503339818458,6.742929407449978,Fixed Income,Long
2015-02-25,0.03473035317336485,6.9771137271937835,Fixed Income,Long
2015-02-26,-0.024403949720721498,6.806844594599591,Fixed Income,Long
2015-02-27,-0.004065881918880999,6.779168768237775,Fixed Income,Long
2015-03-02,-0.07989128337564642,6.237572275123159,Fixed Income,Long
2015-03-03,-0.04088862048928588,5.982526549591157,Fixed Income,Long
2015-03-04,-0.004142298064078585,5.957745141446487,Fixed Income,Long
2015-03-05,0.0542083223148873,6.280704510343972,Fixed Income,Long
2015-03-06,-0.11626216552939339,5.5504962029211535,Fixed Income,Long
2015-03-09,0.0821154124589576,6.006277487975902,Fixed Income,Long
2015-03-10,0.0887660484015161,6.539431006186507,Fixed Income,Long
2015-03-11,0.0039677182201281955,6.565377625739024,Fixed Income,Long
2015-03-12,-0.021238336071019537,6.4259399292904265,Fixed Income,Long
2015-03-13,-0.010005653839250572,6.361644198766128,Fixed Income,Long
2015-03-16,-0.023103960850883266,6.214665020250587,Fixed Income,Long
2015-03-17,0.004196731838373078,6.2407463028058965,Fixed Income,Long
2015-03-18,0.1748760397628916,7.3321033014055,Fixed Income,Long
2015-03-19,-0.043577050239952085,7.012591867475634,Fixed Income,Long
2015-03-20,0.04131393491317531,7.302309631461185,Fixed Income,Long
2015-03-23,-0.034860937216469275,7.047744273863597,Fixed Income,Long
2015-03-24,0.013813746432631939,7.1451000261847835,Fixed Income,Long
2015-03-25,-0.020996612942500412,6.995077126499532,Fixed Income,Long
2015-03-26,-0.01037001881552652,6.922538045081672,Fixed Income,Long
2015-03-27,0.03278826149443115,7.1495160327089575,Fixed Income,Long
2015-03-30,-0.011133440616488357,7.069917320522161,Fixed Income,Long
2015-03-31,0.042659317859394884,7.371515170737957,Fixed Income,Long
2015-04-01,0.03664662688332109,7.641656336764731,Fixed Income,Long
2015-04-02,-0.025970673507959955,7.443197374982581,Fixed Income,Long
2015-04-03,0.10973233720452485,8.259956819214004,Fixed Income,Long
2015-04-06,-0.06516572521697425,7.721690742829032,Fixed Income,Long
2015-04-07,0.00741973610446852,7.778983650421141,Fixed Income,Long
2015-04-08,0.026592345758844987,7.985845073305543,Fixed Income,Long
2015-04-09,-0.04450084079404737,7.630468253092446,Fixed Income,Long
2015-04-10,-0.0012829135121251896,7.620679022266712,Fixed Income,Long
2015-04-13,0.023234516915910473,7.797741817920293,Fixed Income,Long
2015-04-14,0.024440389408664304,7.98832166445849,Fixed Income,Long
2015-04-15,0.035629710179781574,8.272943250186016,Fixed Income,Long
2015-04-16,0.04111303805703715,8.613069080874622,Fixed Income,Long
2015-04-17,0.011307279029483476,8.710459456272288,Fixed Income,Long
2015-04-20,-0.03144489105928347,8.4365600075935,Fixed Income,Long
2015-04-21,-0.04502792441260056,8.05667922126921,Fixed Income,Long
2015-04-22,-0.09012258544302941,7.330590459763296,Fixed Income,Long
2015-04-23,0.03211150178300927,7.565986728382496,Fixed Income,Long
2015-04-24,0.027093157909160063,7.770973201553172,Fixed Income,Long
2015-04-27,-0.016130482432385202,7.645623654842982,Fixed Income,Long
2015-04-28,-0.023892809574683233,7.462948224778125,Fixed Income,Long
2015-04-29,-0.14915537177366173,6.349809407783755,Fixed Income,Long
2015-04-30,-0.07640502880497449,5.864652037075939,Fixed Income,Long
2015-05-01,-0.04642331279609089,5.592395461118531,Fixed Income,Long
2015-05-04,-0.07650949165179197,5.164524127272563,Fixed Income,Long
2015-05-05,-0.05674719770227592,4.871451855584053,Fixed Income,Long
2015-05-06,-0.08197817065550748,4.4720991440268945,Fixed Income,Long
2015-05-07,0.0475074293982375,4.684557078373671,Fixed Income,Long
2015-05-08,0.05891639635129261,4.960554299933388,Fixed Income,Long
2015-05-11,-0.1320332751641273,4.305596069083688,Fixed Income,Long
2015-05-12,-0.007052528732283965,4.275230729096866,Fixed Income,Long
2015-05-13,-0.03356561732106507,4.131729970484742,Fixed Income,Long
2015-05-14,0.07047077256747526,4.422896173544994,Fixed Income,Long
2015-05-15,0.07572896160761165,4.757837508065835,Fixed Income,Long
2015-05-18,-0.059485797266947686,4.474813750631951,Fixed Income,Long
2015-05-19,-0.006695675010016486,4.444851852027367,Fixed Income,Long
2015-05-20,0.021176776788201655,4.538979487554375,Fixed Income,Long
2015-05-21,0.02093708441407847,4.634012484239071,Fixed Income,Long
2015-05-22,-0.020258996112030487,4.540132043337771,Fixed Income,Long
2015-05-26,0.10605012981693003,5.021613635919746,Fixed Income,Long
2015-05-27,-0.00373566958691038,5.002854546582825,Fixed Income,Long
2015-05-28,0.02546601683885317,5.130257324708436,Fixed Income,Long
2015-05-29,0.05505219258321618,5.41268923894974,Fixed Income,Long
2015-06-01,-0.12704720941338238,4.725022175719332,Fixed Income,Long
2015-06-02,-0.1342027171635707,4.09091136107967,Fixed Income,Long
2015-06-03,-0.19012318196946515,3.313134275956168,Fixed Income,Long
2015-06-04,0.08135035793777257,3.5826589352011053,Fixed Income,Long
2015-06-05,-0.0745125106281148,3.3157060232150224,Fixed Income,Long
2015-06-08,0.00032174212283455836,3.3167728255096267,Fixed Income,Long
2015-06-09,-0.0587305273566312,3.1219770083453025,Fixed Income,Long
2015-06-10,-0.03844587928569865,3.0019498571497323,Fixed Income,Long
2015-06-11,0.103217291240139,3.31180298984345,Fixed Income,Long
2015-06-12,-0.00016414530794293686,3.311259372921836,Fixed Income,Long
2015-06-15,0.0333526944553063,3.4216987950491666,Fixed Income,Long
2015-06-16,0.041744808878054124,3.5645369572867622,Fixed Income,Long
2015-06-17,0.031325249773475394,3.6761969678005544,Fixed Income,Long
2015-06-18,-0.03354341197213427,3.5528847784189095,Fixed Income,Long
2015-06-19,0.07934985909125608,3.8348056849539183,Fixed Income,Long
2015-06-22,-0.11613661706731514,3.3894443255928617,Fixed Income,Long
2015-06-23,-0.0220199612380696,3.314808892924712,Fixed Income,Long
2015-06-24,0.05757746383306782,3.5056671820706162,Fixed Income,Long
2015-06-25,-0.024982854787255888,3.4180856079284974,Fixed Income,Long
2015-06-26,-0.07800913717116617,3.151443698876814,Fixed Income,Long
2015-06-29,0.17538071891578294,3.704146160408444,Fixed Income,Long
2015-06-30,-0.006619640762952679,3.67962604349307,Fixed Income,Long
2015-07-01,-0.06585338138643444,3.437310226291464,Fixed Income,Long
2015-07-02,0.020091016101198365,3.5063692813926997,Fixed Income,Long
2015-07-03,0.06494006140144537,3.734073117822483,Fixed Income,Long
2015-07-06,0.08814597777371541,4.063216643871492,Fixed Income,Long
2015-07-07,0.027901487501163075,4.17658643227499,Fixed Income,Long
2015-07-08,0.023287904447701405,4.273850378027377,Fixed Income,Long
2015-07-09,-0.07700918960617287,3.944724623917453,Fixed Income,Long
2015-07-10,-0.14062014074499213,3.390016892101945,Fixed Income,Long
2015-07-13,0.014831598310881081,3.4402962609127026,Fixed Income,Long
2015-07-14,0.03642300149185479,3.5656021767563484,Fixed Income,Long
2015-07-15,0.05712664387049359,3.769293062491765,Fixed Income,Long
2015-07-16,-0.03203561810690303,3.64854142940878,Fixed Income,Long
2015-07-17,0.016619530334244566,3.709178474370587,Fixed Income,Long
2015-07-20,-0.010027849727449937,3.6719833900173064,Fixed Income,Long
2015-07-21,0.013087371767337177,3.72004000176595,Fixed Income,Long
2015-07-22,0.01660488073033868,3.7818108223073628,Fixed Income,Long
2015-07-23,0.03056613159703759,3.8974061495771104,Fixed Income,Long
2015-07-24,0.02095952000940038,3.979093911753932,Fixed Income,Long
2015-07-27,0.03991580903533163,4.137922664469152,Fixed Income,Long
2015-07-28,-0.017839380866105592,4.064104686063197,Fixed Income,Long
2015-07-29,-0.006458365496222122,4.037857212585692,Fixed Income,Long
2015-07-30,0.016139179025314684,4.10302491301827,Fixed Income,Long
2015-07-31,0.04458651292371274,4.285964486328874,Fixed Income,Long
2015-08-03,0.04077720503015672,4.460734138939877,Fixed Income,Long
2015-08-04,-0.07041653110697352,4.146624714685278,Fixed Income,Long
2015-08-05,-0.06695847194711357,3.868973060051816,Fixed Income,Long
2015-08-06,0.040940184859421525,4.027369532346459,Fixed Income,Long
2015-08-07,0.049282437511709576,4.225848119660886,Fixed Income,Long
2015-08-10,-0.043239468774722796,4.0431246918440875,Fixed Income,Long
2015-08-11,0.09308399547975399,4.419474892383784,Fixed Income,Long
2015-08-12,0.019599765308681454,4.506095563062116,Fixed Income,Long
2015-08-13,-0.03957437090771874,4.32776966590387,Fixed Income,Long
2015-08-14,-0.028208841952995806,4.205688295389418,Fixed Income,Long
2015-08-17,0.038979306080363964,4.369623106734006,Fixed Income,Long
2015-08-18,-0.025303422636629172,4.259056686501535,Fixed Income,Long
2015-08-19,0.07798792977565236,4.591211700278939,Fixed Income,Long
2015-08-20,0.023816489748803838,4.7005582466732205,Fixed Income,Long
2015-08-21,0.03139292639746866,4.848122525738047,Fixed Income,Long
2015-08-24,0.02170505995754561,4.953351315840719,Fixed Income,Long
2015-08-25,-0.1476603844753238,4.221937556102327,Fixed Income,Long
2015-08-26,-0.012078966927958736,4.17094091199026,Fixed Income,Long
2015-08-27,-0.006304199719770656,4.144646467461711,Fixed Income,Long
2015-08-28,-0.02719384336015357,4.031937600642344,Fixed Income,Long
2015-08-31,-0.06020209578925499,3.789206506992175,Fixed Income,Long
2015-09-01,0.029529077452102884,3.901098279419159,Fixed Income,Long
2015-09-02,-0.004332700823612054,3.884195987690928,Fixed Income,Long
2015-09-03,0.07777122466087297,4.186274666476501,Fixed Income,Long
2015-09-04,0.052315746511747786,4.405282750756437,Fixed Income,Long
2015-09-07,-0.009233122953040948,4.364608233475793,Fixed Income,Long
2015-09-08,-0.04214584164739743,4.180658146014795,Fixed Income,Long
2015-09-09,0.020983325752960344,4.268382257754391,Fixed Income,Long
2015-09-10,-0.02517462216320334,4.160927347167304,Fixed Income,Long
2015-09-11,0.04607893590229487,4.352658451691532,Fixed Income,Long
2015-09-14,0.005100682140145736,4.37485997891823,Fixed Income,Long
2015-09-15,-0.13022728397359756,3.805133846098918,Fixed Income,Long
2015-09-16,-0.018957607817311154,3.732997610952198,Fixed Income,Long
2015-09-17,0.109891053419192,4.143220650831061,Fixed Income,Long
2015-09-18,0.06931218028179438,4.430396307528717,Fixed Income,Long
2015-09-21,-0.05571048415724464,4.1835767842278235,Fixed Income,Long
2015-09-22,0.0998481521929819,4.601299195690429,Fixed Income,Long
2015-09-23,-0.012090669891490102,4.545666406043357,Fixed Income,Long
2015-09-24,-0.005123411350871656,4.522377087181359,Fixed Income,Long
2015-09-25,-0.027380866389648734,4.3985504843936365,Fixed Income,Long
2015-09-28,0.06829231155360739,4.698937664458118,Fixed Income,Long
2015-09-29,0.02594110923858619,4.820833319717133,Fixed Income,Long
2015-09-30,-0.006083092575403324,4.791507744342705,Fixed Income,Long
2015-10-01,0.030959285390138355,4.939849400048869,Fixed Income,Long
2015-10-02,0.0652698623861892,5.262272690598558,Fixed Income,Long
2015-10-05,-0.06999025846627557,4.893964864863541,Fixed Income,Long
2015-10-06,-0.0017209092895082208,4.885542795265071,Fixed Income,Long
2015-10-07,-0.027604624055932614,4.750679223092608,Fixed Income,Long
2015-10-08,-0.021382693394293675,4.649096905850578,Fixed Income,Long
2015-10-09,-0.009799352467192315,4.603538766616015,Fixed Income,Long
2015-10-12,0.043495835104577565,4.803773529706275,Fixed Income,Long
2015-10-13,0.007972332425859686,4.842070809183638,Fixed Income,Long
2015-10-14,0.08707448549005059,5.263691633599697,Fixed Income,Long
2015-10-15,-0.058606992658544396,4.955202496672478,Fixed Income,Long
2015-10-16,0.006386330478228534,4.986848057402772,Fixed Income,Long
2015-10-19,-0.007652336808459664,4.948687016454913,Fixed Income,Long
2015-10-20,-0.0933447804832028,4.486752913223853,Fixed Income,Long
2015-10-21,0.07143905641694287,4.807282307720535,Fixed Income,Long
2015-10-22,0.06981367243949428,5.142896340075913,Fixed Income,Long
2015-10-23,-0.04721763307226741,4.900060947761501,Fixed Income,Long
2015-10-26,0.018831784123627404,4.992337837722363,Fixed Income,Long
2015-10-27,0.05712532053806605,5.277526736936568,Fixed Income,Long
2015-10-28,-0.08299277997336477,4.839530121654442,Fixed Income,Long
2015-10-29,-0.08299811592210678,4.437858239608839,Fixed Income,Long
2015-10-30,0.01011595072808791,4.482751394898961,Fixed Income,Long
2015-11-02,-0.0564850907913048,4.229542775363245,Fixed Income,Long
2015-11-03,-0.023081162624919348,4.131920010736033,Fixed Income,Long
2015-11-04,-0.02623199156691491,4.0235315198592385,Fixed Income,Long
2015-11-05,-0.014459955562527216,3.9653514328776462,Fixed Income,Long
2015-11-06,-0.12573887491998254,3.46675260504527,Fixed Income,Long
2015-11-09,0.04118737873718703,3.609539057577399,Fixed Income,Long
2015-11-10,0.044752009935644,3.7710731853451978,Fixed Income,Long
2015-11-11,-0.00537473424106227,3.750804669170371,Fixed Income,Long
2015-11-12,0.007247466119025976,3.7779884989292682,Fixed Income,Long
2015-11-13,0.06466074200118999,4.022276038541997,Fixed Income,Long
2015-11-16,0.021066737180479855,4.1070122707133025,Fixed Income,Long
2015-11-17,0.028619994924892964,4.2245549410575896,Fixed Income,Long
2015-11-18,-0.011370686558878499,4.176518850972062,Fixed Income,Long
2015-11-19,0.018281466831148556,4.252871741815775,Fixed Income,Long
2015-11-20,-0.00801380186937163,4.218790070301014,Fixed Income,Long
2015-11-23,0.00028217587750028724,4.219980511091091,Fixed Income,Long
2015-11-24,0.0003921156242142447,4.2216352313833685,Fixed Income,Long
2015-11-25,0.05178616690498114,4.440257538087736,Fixed Income,Long
2015-11-27,0.01387850309804767,4.501881666086216,Fixed Income,Long
2015-11-30,-0.01895002923832042,4.416570876886424,Fixed Income,Long
2015-12-01,0.06986340518956434,4.72512755760677,Fixed Income,Long
2015-12-02,-0.027142461057120638,4.596875966884501,Fixed Income,Long
2015-12-03,-0.355014599151526,2.9649178881517164,Fixed Income,Long
2015-12-04,0.01218771961236006,3.0010534760461804,Fixed Income,Long
2015-12-07,0.07914623895546154,3.23857557157945,Fixed Income,Long
2015-12-08,0.009294128810334826,3.268675310103713,Fixed Income,Long
2015-12-09,0.030728699759105582,3.3691174523178913,Fixed Income,Long
2015-12-10,-0.031059234208580002,3.2644752442901352,Fixed Income,Long
2015-12-11,0.10445910654796169,3.6054794116566216,Fixed Income,Long
2015-12-14,-0.08489333080683924,3.299398255245608,Fixed Income,Long
2015-12-15,-0.06100605739594355,3.0981149759140183,Fixed Income,Long
2015-12-16,-0.04506439766464457,2.9585002906286384,Fixed Income,Long
2015-12-17,0.058802092415619414,3.1324662981298204,Fixed Income,Long
2015-12-18,0.050734035315815024,3.2913889539247387,Fixed Income,Long
2015-12-21,0.00449254441984169,3.3061756650032215,Fixed Income,Long
2015-12-22,-0.055553818160775856,3.12250498330205,Fixed Income,Long
2015-12-23,-0.031267488114196704,3.0248720958501334,Fixed Income,Long
2015-12-24,0.020145946771262514,3.0858110080830077,Fixed Income,Long
2015-12-28,0.029881249579985593,3.178018896972203,Fixed Income,Long
2015-12-29,-0.08218837318593786,2.916822693875889,Fixed Income,Long
2015-12-30,0.006945167032463452,2.9370805146889367,Fixed Income,Long
2015-12-31,0.04274179373877282,3.0626166042419403,Fixed Income,Long
2016-01-04,0.042974803650934056,3.1942319514673283,Fixed Income,Long
2016-01-05,0.037004804152099995,3.3124338792477572,Fixed Income,Long
2016-01-06,0.07548626258406049,3.5624771328489913,Fixed Income,Long
2016-01-07,0.01992492486860721,3.633459222067139,Fixed Income,Long
2016-01-08,0.035176665969882115,3.761272203436983,Fixed Income,Long
2016-01-11,-0.023814542333784564,3.6716992273193463,Fixed Income,Long
2016-01-12,0.038409622909620696,3.812727810078228,Fixed Income,Long
2016-01-13,0.043282755090099954,3.977753174107057,Fixed Income,Long
2016-01-14,-0.01908857532652212,3.901823533012802,Fixed Income,Long
2016-01-15,0.07619493637444813,4.199122728855037,Fixed Income,Long
2016-01-18,0.00852319016923148,4.2349126504170105,Fixed Income,Long
2016-01-19,-0.00927107793887559,4.195650445170664,Fixed Income,Long
2016-01-20,0.06730277495633502,4.478029362877432,Fixed Income,Long
2016-01-21,0.031506989943969464,4.619118588982412,Fixed Income,Long
2016-01-22,-0.043382218096727994,4.418730978940526,Fixed Income,Long
2016-01-25,0.021235657575968805,4.512565636929633,Fixed Income,Long
2016-01-26,0.033872788699157184,4.665418819240428,Fixed Income,Long
2016-01-27,0.021582479513537242,4.7661101253287566,Fixed Income,Long
2016-01-28,0.02338224017397611,4.877552456974812,Fixed Income,Long
2016-01-29,0.09676815918213036,5.349544229550542,Fixed Income,Long
2016-02-01,-0.05536095586137475,5.053388347579922,Fixed Income,Long
2016-02-02,0.10918989577259891,5.60516729455064,Fixed Income,Long
2016-02-03,0.003919732427412786,5.627138050556163,Fixed Income,Long
2016-02-04,0.009564959791967212,5.680961399753581,Fixed Income,Long
2016-02-05,0.008531668151529144,5.729429477197925,Fixed Income,Long
2016-02-08,0.12508822744682074,6.446113654782179,Fixed Income,Long
2016-02-09,-0.01582541870642582,6.344101207166042,Fixed Income,Long
2016-02-10,0.02080815345858607,6.476110238641554,Fixed Income,Long
2016-02-11,0.05740872257517246,6.847895454697961,Fixed Income,Long
2016-02-12,-0.11956830640672311,6.029104192729429,Fixed Income,Long
2016-02-15,0.04863537349182367,6.322331926963945,Fixed Income,Long
2016-02-16,-0.029736662278783518,6.134326877637448,Fixed Income,Long
2016-02-17,-0.034385752099511384,5.923393434325637,Fixed Income,Long
2016-02-18,0.06695369517809235,6.319986512747389,Fixed Income,Long
2016-02-19,-0.009851769095978574,6.257723464934102,Fixed Income,Long
2016-02-22,0.0037057151586903075,6.2809128056370005,Fixed Income,Long
2016-02-23,0.014565130328353276,6.372395119232127,Fixed Income,Long
2016-02-24,0.00878458724174603,6.428373980095898,Fixed Income,Long
2016-02-25,0.07401080853239858,6.904143135911428,Fixed Income,Long
2016-02-26,-0.06454391093563755,6.458522736260267,Fixed Income,Long
2016-02-29,0.04873251360675489,6.773262783384607,Fixed Income,Long
2016-03-01,-0.10432540717642036,6.0666393855951135,Fixed Income,Long
2016-03-02,-0.05897047445966328,5.70888678265089,Fixed Income,Long
2016-03-03,0.043712900213331796,5.958438780910117,Fixed Income,Long
2016-03-04,-0.0718098263186432,5.530564326922693,Fixed Income,Long
2016-03-07,-0.016817622168055737,5.43755338569638,Fixed Income,Long
2016-03-08,0.05733663567363896,5.749324403128015,Fixed Income,Long
2016-03-09,-0.07353475907460645,5.326549218302241,Fixed Income,Long
2016-03-10,-0.10547343551966248,4.764739772783331,Fixed Income,Long
2016-03-11,-0.0026216996934664274,4.752248055981578,Fixed Income,Long
2016-03-14,-0.023642906394839673,4.639891100028947,Fixed Income,Long
2016-03-15,-0.016059041470113545,4.565378896436772,Fixed Income,Long
2016-03-16,0.08114551946139704,4.935838938526233,Fixed Income,Long
2016-03-17,0.04684869618468828,5.167076557373803,Fixed Income,Long
2016-03-18,0.03529233843698348,5.349434771966442,Fixed Income,Long
2016-03-21,-0.037113008694547214,5.150901152763538,Fixed Income,Long
2016-03-22,-0.024142296045154103,5.026546572234196,Fixed Income,Long
2016-03-23,0.068420621651921,5.370466013468792,Fixed Income,Long
2016-03-24,-0.00829564467705829,5.325914535670837,Fixed Income,Long
2016-03-28,0.028499371151235416,5.477699750742679,Fixed Income,Long
2016-03-29,0.09938043645433227,6.022075942737273,Fixed Income,Long
2016-03-30,-0.0012914320148934176,6.014298841068703,Fixed Income,Long
2016-03-31,0.027442526690808513,6.179346397541229,Fixed Income,Long
2016-04-01,-0.007592454151989955,6.132429993328633,Fixed Income,Long
2016-04-04,0.009484553815554714,6.19059335562048,Fixed Income,Long
2016-04-05,0.059663225623899946,6.559944123742682,Fixed Income,Long
2016-04-06,-0.02070377546177951,6.424128513562893,Fixed Income,Long
2016-04-07,0.07371778510777813,6.897701038830473,Fixed Income,Long
2016-04-08,-0.0146814780016695,6.79643259276679,Fixed Income,Long
2016-04-11,-0.009980691066429051,6.7285994987045745,Fixed Income,Long
2016-04-12,-0.08276812571188386,6.1716859295308755,Fixed Income,Long
2016-04-13,0.03171019226336848,6.367391276945425,Fixed Income,Long
2016-04-14,-0.05617257665889324,6.0097185023240405,Fixed Income,Long
2016-04-15,0.05338888753635296,6.330570687569757,Fixed Income,Long
2016-04-18,-0.032585172299863824,6.12428795095883,Fixed Income,Long
2016-04-19,-0.020570493685395447,5.9983083243360875,Fixed Income,Long
2016-04-20,-0.0649150781990642,5.608927670399713,Fixed Income,Long
2016-04-21,-0.0563321381724797,5.292964781871311,Fixed Income,Long
2016-04-22,0.00045151294073246875,5.295354623965168,Fixed Income,Long
2016-04-25,-0.03880264013826297,5.089880884086961,Fixed Income,Long
2016-04-26,-0.05487142189436241,4.810591882704175,Fixed Income,Long
2016-04-27,0.08977878529990266,5.2424809785069275,Fixed Income,Long
2016-04-28,0.034962891532866865,5.425773272321583,Fixed Income,Long
2016-04-29,-0.025617477543293136,5.286778647362884,Fixed Income,Long
2016-05-02,-0.03743651105212914,5.088860100100724,Fixed Income,Long
2016-05-03,0.1172259944064917,5.68540678573055,Fixed Income,Long
2016-05-04,0.01440169987424599,5.767286307921643,Fixed Income,Long
2016-05-05,0.07448131476270106,6.196841374748571,Fixed Income,Long
2016-05-06,-0.034480262198976916,5.983172659341771,Fixed Income,Long
2016-05-09,0.05047170439337785,6.2851535811386094,Fixed Income,Long
2016-05-10,0.003395452867532573,6.30649452388857,Fixed Income,Long
2016-05-11,0.009538567626897506,6.36664944839334,Fixed Income,Long
2016-05-12,-0.05606473038722562,6.009704963599189,Fixed Income,Long
2016-05-13,0.052531954127668964,6.325406509067806,Fixed Income,Long
2016-05-16,-0.06677395599104523,5.903034093205841,Fixed Income,Long
2016-05-17,-0.010842832865264655,5.8390284811352515,Fixed Income,Long
2016-05-18,-0.139869236980412,5.02232802277197,Fixed Income,Long
2016-05-19,0.037504617991075025,5.210688516691904,Fixed Income,Long
2016-05-20,0.0027394803993971185,5.224963095750745,Fixed Income,Long
2016-05-23,0.0013599721291799095,5.23206889993696,Fixed Income,Long
2016-05-24,-0.011069352493491346,5.174153285013324,Fixed Income,Long
2016-05-25,0.006616337043836277,5.208387227063445,Fixed Income,Long
2016-05-26,0.07214494520100159,5.5841460381455335,Fixed Income,Long
2016-05-27,-0.027376184183860557,5.431273427695686,Fixed Income,Long
2016-05-30,-0.04117438781304579,5.207644069265053,Fixed Income,Long
2016-05-31,0.027657825988073773,5.3516761827406105,Fixed Income,Long
2016-06-01,-0.023911726608497268,5.223708364961711,Fixed Income,Long
2016-06-02,0.05139755482684564,5.492194202049283,Fixed Income,Long
2016-06-03,0.15597225824879232,6.348824134483833,Fixed Income,Long
2016-06-06,-0.028269949477846015,6.169343196958246,Fixed Income,Long
2016-06-07,0.03109653235438526,6.361188377287764,Fixed Income,Long
2016-06-08,-0.006323606036023856,6.320962728068862,Fixed Income,Long
2016-06-09,0.03593108600287485,6.54808178347207,Fixed Income,Long
2016-06-10,0.05050024165515344,6.878761495915118,Fixed Income,Long
2016-06-13,0.022805008962628215,7.035631713481243,Fixed Income,Long
2016-06-14,0.045649284588339535,7.356803267828696,Fixed Income,Long
2016-06-15,0.054246622407887087,7.755884996827709,Fixed Income,Long
2016-06-16,0.0187154551018074,7.90103991426062,Fixed Income,Long
2016-06-17,-0.04183974675743909,7.570462405127538,Fixed Income,Long
2016-06-20,-0.0830838089376762,6.941479553090061,Fixed Income,Long
2016-06-21,-0.03679988205392279,6.68603392425663,Fixed Income,Long
2016-06-22,0.023609252861148053,6.843886189812618,Fixed Income,Long
2016-06-23,-0.10410720648005385,6.131388317123807,Fixed Income,Long
2016-06-24,0.2624668006637135,7.740674192346162,Fixed Income,Long
2016-06-27,0.11645821473630014,8.642139289642147,Fixed Income,Long
2016-06-28,0.006405639120764715,8.697497715162976,Fixed Income,Long
2016-06-29,-0.030059018777564072,8.436059468025071,Fixed Income,Long
2016-06-30,-0.049178100278919584,8.021190089547606,Fixed Income,Long
2016-07-01,0.07043769924030353,8.586184264624464,Fixed Income,Long
2016-07-04,0.02847808949900161,8.830702388567358,Fixed Income,Long
2016-07-05,0.0857228889960701,9.58769570917985,Fixed Income,Long
2016-07-06,-0.023093620226074012,9.366281105628891,Fixed Income,Long
2016-07-07,-0.0036598921897782227,9.332001526563133,Fixed Income,Long
2016-07-08,0.0344589181650391,9.653572203482991,Fixed Income,Long
2016-07-11,-0.07884297247484576,8.892455875959845,Fixed Income,Long
2016-07-12,-0.09280248323749489,8.067213888590919,Fixed Income,Long
2016-07-13,0.047214860264674724,8.448106265065983,Fixed Income,Long
2016-07-14,-0.04992848800996606,8.026305092703716,Fixed Income,Long
2016-07-15,-0.07441293740506244,7.42904415424642,Fixed Income,Long
2016-07-18,0.032584566633642155,7.671116338514732,Fixed Income,Long
2016-07-19,0.008363445741743396,7.7352733037905015,Fixed Income,Long
2016-07-20,-0.03669905908584965,7.451396051769498,Fixed Income,Long
2016-07-21,0.024726937070133886,7.6356462530262466,Fixed Income,Long
2016-07-22,-0.019420286358319477,7.487359816261647,Fixed Income,Long
2016-07-25,-6.522792610494724e-07,7.487354932412119,Fixed Income,Long
2016-07-26,0.0020708184452697446,7.502859885112439,Fixed Income,Long
2016-07-27,0.08680525219479981,8.15414752962187,Fixed Income,Long
2016-07-28,-0.008882290228204488,8.081720024700171,Fixed Income,Long
2016-07-29,0.06584244851765628,8.613840259360604,Fixed Income,Long
2016-08-01,-0.0434345385843,8.239702082256409,Fixed Income,Long
2016-08-02,-0.06960162425114357,7.666205433985833,Fixed Income,Long
2016-08-03,0.018247361409171645,7.806093455176727,Fixed Income,Long
2016-08-04,0.06979036781449373,8.350883588607823,Fixed Income,Long
2016-08-05,-0.09680848664571594,7.542447186240154,Fixed Income,Long
2016-08-08,-0.00037127444684515246,7.539646868333224,Fixed Income,Long
2016-08-09,0.04216973797173248,7.85759180117023,Fixed Income,Long
2016-08-10,0.05751213383332551,8.309498672446773,Fixed Income,Long
2016-08-11,-0.09919664867827832,7.4852242519434515,Fixed Income,Long
2016-08-12,0.05616328252411304,7.905619016361694,Fixed Income,Long
2016-08-15,-0.05089074678158217,7.503296160848371,Fixed Income,Long
2016-08-16,-0.039260143856300896,7.208715674177033,Fixed Income,Long
2016-08-17,0.01542274796480703,7.319893879169819,Fixed Income,Long
2016-08-18,0.051934025893679764,7.700045437429613,Fixed Income,Long
2016-08-19,-0.06888089099823283,7.169659446972584,Fixed Income,Long
2016-08-22,0.055529162194914834,7.5677846292858275,Fixed Income,Long
2016-08-23,3.794220374546474e-05,7.5680717677121345,Fixed Income,Long
2016-08-24,-0.007531149254784639,7.511075489658573,Fixed Income,Long
2016-08-25,-0.033832374715076934,7.256957969179214,Fixed Income,Long
2016-08-26,-0.08957476757171864,6.6069176458122545,Fixed Income,Long
2016-08-29,0.10108677691461233,7.274789655967695,Fixed Income,Long
2016-08-30,-0.004378856521963604,7.242934395836747,Fixed Income,Long
2016-08-31,-0.026814959277575476,7.048715404962234,Fixed Income,Long
2016-09-01,0.012701695923880926,7.138246044690039,Fixed Income,Long
2016-09-02,-0.010759059399847892,7.061445231484489,Fixed Income,Long
2016-09-05,-0.001866409759129965,7.048265681190885,Fixed Income,Long
2016-09-06,0.11876746232438784,7.8853703099339985,Fixed Income,Long
2016-09-07,0.005321816377670086,7.927334802793398,Fixed Income,Long
2016-09-08,-0.12064954328840533,6.970905479342093,Fixed Income,Long
2016-09-09,-0.09418269536322381,6.31436681217539,Fixed Income,Long
2016-09-12,0.018812244971883406,6.433154227488364,Fixed Income,Long
2016-09-13,-0.08245939804963774,5.902680202329191,Fixed Income,Long
2016-09-14,0.09215429720218568,6.446637547984092,Fixed Income,Long
2016-09-15,-0.002772794566163406,6.428762346421016,Fixed Income,Long
2016-09-16,0.01272678643472018,6.510579831843487,Fixed Income,Long
2016-09-19,-0.009693344195445385,6.447470540621503,Fixed Income,Long
2016-09-20,0.023808328695662122,6.600974038508218,Fixed Income,Long
2016-09-21,0.010676678328414697,6.671450514971586,Fixed Income,Long
2016-09-22,0.06694255872180496,7.118054482829687,Fixed Income,Long
2016-09-23,0.02046482585871515,7.263724228273644,Fixed Income,Long
2016-09-26,0.057953598251009604,7.68468318400514,Fixed Income,Long
2016-09-27,0.04069953764977509,7.997446236579151,Fixed Income,Long
2016-09-28,-0.017157880413346475,7.8602270104397585,Fixed Income,Long
2016-09-29,0.015204152318606862,7.979735099165312,Fixed Income,Long
2016-09-30,-0.05402027646556944,7.548667602986394,Fixed Income,Long
2016-10-03,-0.04037560600016825,7.243885574021982,Fixed Income,Long
2016-10-04,-0.07793887476871336,6.679305283429393,Fixed Income,Long
2016-10-05,-0.05525468435531818,6.310242378280693,Fixed Income,Long
2016-10-06,-0.040379670237428014,6.0554368719274745,Fixed Income,Long
2016-10-07,-0.0037566499009144636,6.032688715602554,Fixed Income,Long
2016-10-10,-0.05434994355871553,5.704812424402255,Fixed Income,Long
2016-10-11,0.015966296934048205,5.795897153523309,Fixed Income,Long
2016-10-12,-0.016519367653111617,5.700152597564634,Fixed Income,Long
2016-10-13,0.05008754799211095,5.985659264357509,Fixed Income,Long
2016-10-14,-0.05921444226814765,5.631221789411408,Fixed Income,Long
2016-10-17,0.049223131493177905,5.908408160018855,Fixed Income,Long
2016-10-18,0.03497792372169889,6.115072009956658,Fixed Income,Long
2016-10-19,-0.0039607430625165875,6.090851780916433,Fixed Income,Long
2016-10-20,0.018254526136430402,6.202037393944296,Fixed Income,Long
2016-10-21,0.001725699527739313,6.212740246946047,Fixed Income,Long
2016-10-24,-0.04272121791043149,5.9473244170353565,Fixed Income,Long
2016-10-25,-0.015903269592871843,5.852742513474974,Fixed Income,Long
2016-10-26,-0.08128408097459167,5.377007717086239,Fixed Income,Long
2016-10-27,-0.11072179674532917,4.781655761536951,Fixed Income,Long
2016-10-28,0.009252255356101847,4.825896861667666,Fixed Income,Long
2016-10-31,0.007500417324545211,4.862093102095387,Fixed Income,Long
2016-11-01,0.02273297200036851,4.972622928448507,Fixed Income,Long
2016-11-02,0.050789818156138755,5.225181542743453,Fixed Income,Long
2016-11-03,-0.024558642661487863,5.096858176393814,Fixed Income,Long
2016-11-04,0.046948536917601015,5.336148210652016,Fixed Income,Long
2016-11-07,-0.06339180226928602,4.99788015840276,Fixed Income,Long
2016-11-08,-0.06509765163836846,4.672529896920743,Fixed Income,Long
2016-11-09,-0.20284140974057407,3.72474734557436,Fixed Income,Long
2016-11-10,-0.08881801351197188,3.3939226855064555,Fixed Income,Long
2016-11-11,-0.07878911976220145,3.126518504574435,Fixed Income,Long
2016-11-14,-0.03036519133944683,3.031581171956711,Fixed Income,Long
2016-11-15,-0.012871038381405705,2.9925615743361096,Fixed Income,Long
2016-11-16,0.011111470643553214,3.02581333441837,Fixed Income,Long
2016-11-17,-0.026853644667562827,2.944559218305526,Fixed Income,Long
2016-11-18,-0.0069998651509319,2.923947700848454,Fixed Income,Long
2016-11-21,0.0005659548227713983,2.9256025231512806,Fixed Income,Long
2016-11-22,0.0729455628208843,3.1390122457927503,Fixed Income,Long
2016-11-23,-0.06391103579988036,2.938394721775627,Fixed Income,Long
2016-11-24,0.02853972568277201,3.0222557010828086,Fixed Income,Long
2016-11-25,0.019346228940478934,3.0807249517926243,Fixed Income,Long
2016-11-28,0.07358341386886774,3.307415210936529,Fixed Income,Long
2016-11-29,0.012485213302923213,3.348708995326404,Fixed Income,Long
2016-11-30,-0.1338850016852936,2.9003670858435706,Fixed Income,Long
2016-12-01,-0.14283589877370187,2.486090546363442,Fixed Income,Long
2016-12-02,0.14058341025120646,2.8355936335645,Fixed Income,Long
2016-12-05,-0.07281818371385444,2.629110855417764,Fixed Income,Long
2016-12-06,-0.04567277272114285,2.5090320728595787,Fixed Income,Long
2016-12-07,0.06377329904727604,2.6690413255612597,Fixed Income,Long
2016-12-08,0.0023875475954109257,2.675413788760156,Fixed Income,Long
2016-12-09,-0.03030818036673764,2.5943268650947564,Fixed Income,Long
2016-12-12,-0.02015665418852782,2.542033915623034,Fixed Income,Long
2016-12-13,0.017193355681795267,2.5857400088895277,Fixed Income,Long
2016-12-14,-0.06534077860329379,2.4167857434429982,Fixed Income,Long
2016-12-15,-0.05035563268662248,2.295086968263917,Fixed Income,Long
2016-12-16,0.017402487761823942,2.3350271911414513,Fixed Income,Long
2016-12-19,0.1113297350532764,2.5949851496734255,Fixed Income,Long
2016-12-20,-0.04054824618149584,2.4897630529871417,Fixed Income,Long
2016-12-21,0.030655312051012167,2.5660875163095436,Fixed Income,Long
2016-12-22,-0.009215894841617573,2.5424387236048474,Fixed Income,Long
2016-12-23,0.03779674532607204,2.6385346325480836,Fixed Income,Long
2016-12-27,0.013299189014851437,2.6736250033485724,Fixed Income,Long
2016-12-28,0.047970569013150374,2.8018803160869896,Fixed Income,Long
2016-12-29,0.03733253403385714,2.9064816083461014,Fixed Income,Long
2016-12-30,0.009578589546682437,2.93432160269743,Fixed Income,Long
2017-01-02,0.04101702724631706,3.0546787518247274,Fixed Income,Long
2017-01-03,-0.06434659995482823,2.8581205601905473,Fixed Income,Long
2017-01-04,-0.008797201002191585,2.8329770991340544,Fixed Income,Long
2017-01-05,0.06733852560377336,3.023745600058996,Fixed Income,Long
2017-01-06,-0.08035335275546901,2.7807775032146584,Fixed Income,Long
2017-01-09,0.05207532281228988,2.925587389363715,Fixed Income,Long
2017-01-10,-0.006265767372602944,2.9072563393537414,Fixed Income,Long
2017-01-11,0.021571670078510408,2.9699707139399383,Fixed Income,Long
2017-01-12,0.004907337807007419,2.984545363510161,Fixed Income,Long
2017-01-13,-0.010670242528511356,2.9526995406441636,Fixed Income,Long
2017-01-16,0.023172303188485288,3.021120389624471,Fixed Income,Long
2017-01-17,0.057369213616246875,3.1944396906172368,Fixed Income,Long
2017-01-18,-0.10485478670920972,2.8594873982021323,Fixed Income,Long
2017-01-19,-0.052375657839788016,2.7097198646367118,Fixed Income,Long
2017-01-20,-0.0223484324510103,2.6491618732807174,Fixed Income,Long
2017-01-23,0.09338892217039463,2.8965642452813074,Fixed Income,Long
2017-01-24,-0.09042205708477204,2.6346509477447713,Fixed Income,Long
2017-01-25,-0.09830244682948486,2.375658313039839,Fixed Income,Long
2017-01-26,0.015428921807656613,2.4123121593934402,Fixed Income,Long
2017-01-27,0.020498906887892167,2.461761921733377,Fixed Income,Long
2017-01-30,0.013000340172897142,2.4937656641405956,Fixed Income,Long
2017-01-31,0.03458378962365771,2.5800095312399347,Fixed Income,Long
2017-02-01,-0.017973254219778145,2.5336383640455087,Fixed Income,Long
2017-02-02,0.03503791003317166,2.6224117571015277,Fixed Income,Long
2017-02-03,-0.0006381600240583634,2.620738238751525,Fixed Income,Long
2017-02-06,0.14263654895776545,2.994551296848695,Fixed Income,Long
2017-02-07,0.006408468680792188,3.0137417850475754,Fixed Income,Long
2017-02-08,0.07303142551885838,3.2338396437553487,Fixed Income,Long
2017-02-09,-0.06605319570804266,3.0202342008779497,Fixed Income,Long
2017-02-10,-0.001801973882581312,3.014791817728689,Fixed Income,Long
2017-02-13,-0.027003868350580544,2.933380776378336,Fixed Income,Long
2017-02-14,-0.05707842103061258,2.765948033381108,Fixed Income,Long
2017-02-15,-0.031199018093803776,2.6796531706411297,Fixed Income,Long
2017-02-16,0.0547238477401569,2.8262941027477235,Fixed Income,Long
2017-02-17,0.07173627511536079,3.0290419140593556,Fixed Income,Long
2017-02-20,0.04316968401996611,3.159804696372531,Fixed Income,Long
2017-02-21,-0.0033729203190331586,3.1491469269079597,Fixed Income,Long
2017-02-22,0.04739540737289562,3.298402028385865,Fixed Income,Long
2017-02-23,0.08321686276200632,3.5728846973159745,Fixed Income,Long
2017-02-24,0.09217757923403347,3.902224559596884,Fixed Income,Long
2017-02-27,-0.07869051696488064,3.5951564916891514,Fixed Income,Long
2017-02-28,-0.006861506555160719,3.570488301854598,Fixed Income,Long
2017-03-01,-0.15272986803265864,3.0251680947001938,Fixed Income,Long
2017-03-02,-0.047770355401964094,2.880654739665683,Fixed Income,Long
2017-03-03,-0.05094585269942421,2.733897327620777,Fixed Income,Long
2017-03-06,0.023383347015972854,2.7978249975385743,Fixed Income,Long
2017-03-07,0.012983463223038932,2.8341504554986154,Fixed Income,Long
2017-03-08,-0.06940446551772245,2.6374477579379247,Fixed Income,Long
2017-03-09,-0.07849988916402703,2.430408401263886,Fixed Income,Long
2017-03-10,-0.040684510694255716,2.3315284246712564,Fixed Income,Long
2017-03-13,-0.023863346910270724,2.2758903530421692,Fixed Income,Long
2017-03-14,0.039092952507560313,2.3648616265260616,Fixed Income,Long
2017-03-15,0.1219457669520117,2.6532464913081637,Fixed Income,Long
2017-03-16,-0.0873286914595564,2.4215419471025625,Fixed Income,Long
2017-03-17,0.0444318352564715,2.529135499962859,Fixed Income,Long
2017-03-20,0.026737974167702964,2.5967594596274863,Fixed Income,Long
2017-03-21,0.0025730885123286928,2.603441151562335,Fixed Income,Long
2017-03-22,0.05151724310448906,2.7375632622756023,Fixed Income,Long
2017-03-23,-0.025975292195978848,2.6664542566330165,Fixed Income,Long
2017-03-24,0.021983765973677103,2.725072962990352,Fixed Income,Long
2017-03-27,0.00956576971057215,2.751140383398824,Fixed Income,Long
2017-03-28,-0.030841878117161357,2.666290047010837,Fixed Income,Long
2017-03-29,0.0900118197572348,2.9062876661428856,Fixed Income,Long
2017-03-30,-0.015426320668484898,2.861454340650103,Fixed Income,Long
2017-03-31,0.030752381076245155,2.949450874966051,Fixed Income,Long
2017-04-03,0.08970668690582428,3.2140363411507398,Fixed Income,Long
2017-04-04,0.0039460850840962475,3.226719202016298,Fixed Income,Long
2017-04-05,0.020887080701379956,3.2941159463895047,Fixed Income,Long
2017-04-06,-0.001870815226203255,3.2879532641201203,Fixed Income,Long
2017-04-07,-0.027046349963671328,3.1990261294745324,Fixed Income,Long
2017-04-10,0.04771094512680549,3.3516546895971087,Fixed Income,Long
2017-04-11,0.06364213035727716,3.5649611342650274,Fixed Income,Long
2017-04-12,0.009282149953094896,3.5980516380902303,Fixed Income,Long
2017-04-13,0.07021988113049604,3.8507063964183126,Fixed Income,Long
2017-04-17,-0.028638558080822545,3.740427717632292,Fixed Income,Long
2017-04-18,0.0668360506631897,3.9904231340699634,Fixed Income,Long
2017-04-19,-0.06865051278050617,3.716478539704866,Fixed Income,Long
2017-04-20,-0.05906489733921316,3.496965116293809,Fixed Income,Long
2017-04-21,-0.0054401816610454845,3.477940990798832,Fixed Income,Long
2017-04-24,-0.11006574467568375,3.095138825708473,Fixed Income,Long
2017-04-25,-0.08242146348553828,2.8400329540026705,Fixed Income,Long
2017-04-26,0.046244905581254714,2.9713700098081754,Fixed Income,Long
2017-04-27,0.055340399747387456,3.135806813948358,Fixed Income,Long
2017-04-28,-0.007911467704317197,3.110997979612828,Fixed Income,Long
2017-05-01,-0.04948613379846549,2.9570467173469517,Fixed Income,Long
2017-05-02,0.018372876996946633,3.0113761729589923,Fixed Income,Long
2017-05-03,-0.03645010081283189,2.9016112078692773,Fixed Income,Long
2017-05-04,-0.06518573809104818,2.7124675396310605,Fixed Income,Long
2017-05-05,-0.027717335632354213,2.6372851664432404,Fixed Income,Long
2017-05-08,-0.009959130509580059,2.6110200992796524,Fixed Income,Long
2017-05-09,-0.02993205740367776,2.5328668957858573,Fixed Income,Long
2017-05-10,-0.008673661063565732,2.510897666812685,Fixed Income,Long
2017-05-11,0.018498453618408774,2.5573453908427903,Fixed Income,Long
2017-05-12,0.08940729781127124,2.7859907318081536,Fixed Income,Long
2017-05-15,-0.021137739286093526,2.72710118606572,Fixed Income,Long
2017-05-16,-0.00255761110783472,2.720126321780049,Fixed Income,Long
2017-05-17,0.16499253798586896,3.1689268672527056,Fixed Income,Long
2017-05-18,-0.02752721103092406,3.081695148636275,Fixed Income,Long
2017-05-19,-0.020959830509637834,3.017103340638486,Fixed Income,Long
2017-05-22,-0.030415877102827872,2.925335496223094,Fixed Income,Long
2017-05-23,-0.037839553281563486,2.814642107847311,Fixed Income,Long
2017-05-24,0.051396326114966494,2.9593043715191487,Fixed Income,Long
2017-05-25,0.033010147802254405,3.0569914462148535,Fixed Income,Long
2017-05-26,0.028510892315506714,3.1441490001473102,Fixed Income,Long
2017-05-29,0.06572144322033246,3.3507870101367563,Fixed Income,Long
2017-05-30,0.03168274232928121,3.4569491315792216,Fixed Income,Long
2017-05-31,0.0005672530063182829,3.4589100963667994,Fixed Income,Long
2017-06-01,-0.006236570136462475,3.4373383609550894,Fixed Income,Long
2017-06-02,0.0682003525500009,3.671766049005868,Fixed Income,Long
2017-06-05,-0.0375823796722765,3.533772343284355,Fixed Income,Long
2017-06-06,0.04837363124622103,3.704713743526487,Fixed Income,Long
2017-06-07,-0.03614418646536864,3.570809879179652,Fixed Income,Long
2017-06-08,0.001476887100495988,3.576083562228536,Fixed Income,Long
2017-06-09,-0.004107447764332509,3.5613949857957943,Fixed Income,Long
2017-06-12,-0.008843928638793288,3.52989826268686,Fixed Income,Long
2017-06-13,-0.013616618198417675,3.481832985764595,Fixed Income,Long
2017-06-14,0.07403132813337257,3.7395977060393344,Fixed Income,Long
2017-06-15,-0.10193461576041903,3.3584032507756705,Fixed Income,Long
2017-06-16,0.032602555596041624,3.4678957794730114,Fixed Income,Long
2017-06-19,-0.052115264060568864,3.287165475191243,Fixed Income,Long
2017-06-20,0.05291978249756997,3.461121557171885,Fixed Income,Long
2017-06-21,-0.02443359270162544,3.376553922753131,Fixed Income,Long
2017-06-22,0.011630949376168369,3.4158264504945755,Fixed Income,Long
2017-06-23,0.0009432360414780108,3.419048381114116,Fixed Income,Long
2017-06-26,0.00898821790326503,3.449779532985375,Fixed Income,Long
2017-06-27,-0.2085034717130782,2.7304885237132024,Fixed Income,Long
2017-06-28,0.004871752615803279,2.7437907883210233,Fixed Income,Long
2017-06-29,-0.10323601448591573,2.4605327627515923,Fixed Income,Long
2017-06-30,-0.05160902257617437,2.3335470718493285,Fixed Income,Long
2017-07-03,-0.04318407225224845,2.2327750064945646,Fixed Income,Long
2017-07-04,0.015365991793021514,2.267083808920024,Fixed Income,Long
2017-07-05,0.006530459170630696,2.281888907170574,Fixed Income,Long
2017-07-06,-0.0964675998178205,2.0617605612449195,Fixed Income,Long
2017-07-07,-0.012288824552307087,2.0364239474389145,Fixed Income,Long
2017-07-10,0.04700460254842109,2.132145245708368,Fixed Income,Long
2017-07-11,0.005150427532509693,2.1431267052851735,Fixed Income,Long
2017-07-12,0.06825523391141934,2.2894063198562224,Fixed Income,Long
2017-07-13,-0.020224687798197766,2.2431037917939096,Fixed Income,Long
2017-07-14,0.015187397694883406,2.2771707011507845,Fixed Income,Long
2017-07-17,0.029787872631951005,2.3450027719578745,Fixed Income,Long
2017-07-18,0.04951989180435583,2.461127055506143,Fixed Income,Long
2017-07-19,0.0033766346794940638,2.4694373824724063,Fixed Income,Long
2017-07-20,0.005635720183779497,2.483354440571386,Fixed Income,Long
2017-07-21,0.05472932816347499,2.6192667606956404,Fixed Income,Long
2017-07-24,-0.010201761935575399,2.592545624757258,Fixed Income,Long
2017-07-25,-0.11546249962065794,2.2932038265421846,Fixed Income,Long
2017-07-26,0.07709604348873599,2.4700007684818166,Fixed Income,Long
2017-07-27,-0.004343064936558871,2.4592733947509497,Fixed Income,Long
2017-07-28,0.00726351006469692,2.477136351805565,Fixed Income,Long
2017-07-31,-0.009566640394949793,2.4534384791185833,Fixed Income,Long
2017-08-01,0.09390272083819737,2.683823027716947,Fixed Income,Long
2017-08-02,-0.0263493666803765,2.613105990654395,Fixed Income,Long
2017-08-03,0.055975884051146875,2.759376908600623,Fixed Income,Long
2017-08-04,-0.04408388822528711,2.6377328453904347,Fixed Income,Long
2017-08-07,0.02163699892665964,2.6948054681349625,Fixed Income,Long
2017-08-08,-0.028526395484800734,2.617932381596341,Fixed Income,Long
2017-08-09,0.07952873838911954,2.826133241092721,Fixed Income,Long
2017-08-10,0.042480059748539405,2.9461875500316728,Fixed Income,Long
2017-08-11,0.06368044119448943,3.1338020730594014,Fixed Income,Long
2017-08-14,-0.06118612728205364,2.942056860540425,Fixed Income,Long
2017-08-15,-0.06706378539112343,2.74475139063666,Fixed Income,Long
2017-08-16,0.05326948846310771,2.8909628931742786,Fixed Income,Long
2017-08-17,0.03547970834417424,2.993533413457932,Fixed Income,Long
2017-08-18,-0.012574640602893126,2.9558908066509466,Fixed Income,Long
2017-08-21,0.04644970582783733,3.0931910650790915,Fixed Income,Long
2017-08-22,-0.045741018330877174,2.9517053558704034,Fixed Income,Long
2017-08-23,0.07462169697543394,3.17196661849693,Fixed Income,Long
2017-08-24,-0.03217416549618079,3.069911239565049,Fixed Income,Long
2017-08-25,0.020822558089437164,3.1338346446803085,Fixed Income,Long
2017-08-28,0.026393154208530424,3.216546425721391,Fixed Income,Long
2017-08-29,0.06030006196601883,3.4105043745089674,Fixed Income,Long
2017-08-30,-0.026995724161578166,3.3184353391628676,Fixed Income,Long
2017-08-31,0.017750826283547273,3.377340308401532,Fixed Income,Long
2017-09-01,-0.057298927706672796,3.1838223302296007,Fixed Income,Long
2017-09-04,0.032090430455648314,3.2859925593009742,Fixed Income,Long
2017-09-05,0.15200419040201535,3.785477197944565,Fixed Income,Long
2017-09-06,-0.09053665158150695,3.4427527678045187,Fixed Income,Long
2017-09-07,0.11009287029868728,3.821775301740868,Fixed Income,Long
2017-09-08,-0.020905455027791616,3.7418793500439995,Fixed Income,Long
2017-09-11,-0.11437435745818017,3.313904303696684,Fixed Income,Long
2017-09-12,-0.11085309729363474,2.9465477474972004,Fixed Income,Long
2017-09-13,-0.03297857158092522,2.84937481168975,Fixed Income,Long
2017-09-14,-0.02081315281261139,2.7900703383136456,Fixed Income,Long
2017-09-15,-0.04368267775237075,2.6681925948186427,Fixed Income,Long
2017-09-18,-0.04403450037595689,2.5507000669989757,Fixed Income,Long
2017-09-19,-0.001353648891118323,2.547247314681707,Fixed Income,Long
2017-09-20,-0.07381544551003051,2.359221119324248,Fixed Income,Long
2017-09-21,0.00930183250468733,2.3811661990177235,Fixed Income,Long
2017-09-22,0.01929615369862739,2.427113547975946,Fixed Income,Long
2017-09-25,0.0969243057996806,2.6623598437105143,Fixed Income,Long
2017-09-26,-0.018805697548703062,2.6122923097238817,Fixed Income,Long
2017-09-27,-0.12186678947513174,2.2939406327672556,Fixed Income,Long
2017-09-28,0.023227068801936923,2.3472221496720995,Fixed Income,Long
2017-09-29,-0.025622789792607487,2.287079769934499,Fixed Income,Long
2017-10-02,0.0020534464518263684,2.291776165773115,Fixed Income,Long
2017-10-03,0.004161499379958838,2.301313390865984,Fixed Income,Long
2017-10-04,0.008502629171681427,2.320880605236342,Fixed Income,Long
2017-10-05,-0.023500768470216395,2.266338127485667,Fixed Income,Long
2017-10-06,-0.036347528933774464,2.1839623368231655,Fixed Income,Long
2017-10-09,0.028873523913288984,2.2470210255811516,Fixed Income,Long
2017-10-10,0.01105152373193894,2.2718540317715274,Fixed Income,Long
2017-10-11,-0.0203607352372568,2.225597413332933,Fixed Income,Long
2017-10-12,0.047233899898553255,2.3307210587687797,Fixed Income,Long
2017-10-13,0.08453056515022844,2.5277382270740434,Fixed Income,Long
2017-10-16,-0.01510839347757191,2.4895481633311087,Fixed Income,Long
2017-10-17,0.001898719146751389,2.494275116095585,Fixed Income,Long
2017-10-18,-0.07131351908190801,2.3163995800083743,Fixed Income,Long
2017-10-19,0.01734221136208103,2.3565710711239154,Fixed Income,Long
2017-10-20,-0.10088650159394415,2.11882486000073,Fixed Income,Long
2017-10-23,0.0313584257756254,2.1852678721046126,Fixed Income,Long
2017-10-24,-0.058720168474002854,2.056948574493804,Fixed Income,Long
2017-10-25,-0.04408592273730842,1.9662660985640534,Fixed Income,Long
2017-10-26,0.056515808475329235,2.0773912168020323,Fixed Income,Long
2017-10-27,0.06791129156008924,2.218469537410644,Fixed Income,Long
2017-10-30,0.07230135576447769,2.378867892687627,Fixed Income,Long
2017-10-31,-0.019775708203817664,2.331824095386406,Fixed Income,Long
2017-11-01,-0.022810184260425807,2.2786347581077413,Fixed Income,Long
2017-11-02,0.03700980307805771,2.3629665817921266,Fixed Income,Long
2017-11-03,0.006067869800199257,2.377304755352663,Fixed Income,Long
2017-11-06,0.049812829727899285,2.4957250323423708,Fixed Income,Long
2017-11-07,0.015769406017066268,2.5350811336843337,Fixed Income,Long
2017-11-08,-0.02518275178124695,2.471240814749439,Fixed Income,Long
2017-11-09,-0.03581972711076406,2.382721643140132,Fixed Income,Long
2017-11-10,-0.10657535512144789,2.1287822378669126,Fixed Income,Long
2017-11-13,-0.03082644186365726,2.063159455970922,Fixed Income,Long
2017-11-14,0.035460689939157,2.1363205137341468,Fixed Income,Long
2017-11-15,0.05762207645943366,2.2594197377183924,Fixed Income,Long
2017-11-16,-0.04246458086777001,2.163474425551814,Fixed Income,Long
2017-11-17,0.01809646260839967,2.2026256595980414,Fixed Income,Long
2017-11-20,-0.040395114621047605,2.113650343611318,Fixed Income,Long
2017-11-21,0.007111567267876619,2.1286817102106803,Fixed Income,Long
2017-11-22,0.05036015445851028,2.235882449929896,Fixed Income,Long
2017-11-23,-0.013077531207657209,2.206642627414285,Fixed Income,Long
2017-11-24,-0.030609457040933596,2.1390984947057543,Fixed Income,Long
2017-11-27,0.055036512595201516,2.256827015952004,Fixed Income,Long
2017-11-28,-0.035302355164578844,2.1771557070898497,Fixed Income,Long
2017-11-29,-0.08534516831161738,1.9913459868276682,Fixed Income,Long
2017-11-30,-0.06619666741768776,1.85952551882409,Fixed Income,Long
2017-12-01,0.12162836877288086,2.085696574370209,Fixed Income,Long
2017-12-04,-0.058362799187179716,1.963969484034852,Fixed Income,Long
2017-12-05,0.03756987139945215,2.03775556498249,Fixed Income,Long
2017-12-06,0.053511218702133045,2.146798348681757,Fixed Income,Long
2017-12-07,-0.021839194447276812,2.099914002105803,Fixed Income,Long
2017-12-08,-0.018080680997548823,2.061946126911442,Fixed Income,Long
2017-12-11,-0.00900165886736165,2.043385191274108,Fixed Income,Long
2017-12-12,-0.031680566697073136,1.978649590434137,Fixed Income,Long
2017-12-13,0.08256086348487565,2.1420086091543746,Fixed Income,Long
2017-12-14,-0.021866692003267206,2.095169966629649,Fixed Income,Long
2017-12-15,-0.03291204942074481,2.026213629143074,Fixed Income,Long
2017-12-18,-0.04293766320021848,1.9392127507632362,Fixed Income,Long
2017-12-19,-0.13690326137659026,1.6737282006806802,Fixed Income,Long
2017-12-20,-0.09537565294134459,1.5140952806944186,Fixed Income,Long
2017-12-21,-0.021842063978173665,1.4810243147044402,Fixed Income,Long
2017-12-22,-0.014198120732908277,1.4599965526758938,Fixed Income,Long
2017-12-26,0.03560298678374821,1.5119767906451316,Fixed Income,Long
2017-12-27,0.09016262941499693,1.6483005937041448,Fixed Income,Long
2017-12-28,-0.060763085539244616,1.5481447637345123,Fixed Income,Long
2017-12-29,0.030700291770797666,1.5956732596845944,Fixed Income,Long
2018-01-02,-0.07261102935111409,1.4798097817908484,Fixed Income,Long
2018-01-03,0.02275014248658378,1.5134756651796306,Fixed Income,Long
2018-01-04,-0.008202852119165834,1.501060848112206,Fixed Income,Long
2018-01-05,-0.026161196506007033,1.4617913002972691,Fixed Income,Long
2018-01-08,0.011608649509919718,1.4787607231590698,Fixed Income,Long
2018-01-09,-0.08745472926568038,1.3494361044664716,Fixed Income,Long
2018-01-10,-0.002683591953582108,1.345814768594652,Fixed Income,Long
2018-01-11,-0.07703231007312432,1.2421435480392788,Fixed Income,Long
2018-01-12,-0.0331240833608666,1.2009986816078633,Fixed Income,Long
2018-01-15,-0.0272417343280136,1.1682813945952073,Fixed Income,Long
2018-01-16,0.03434916044038316,1.2084108796576727,Fixed Income,Long
2018-01-17,-0.06353799599070549,1.1316308740308585,Fixed Income,Long
2018-01-18,-0.031349295158182466,1.0961550437507532,Fixed Income,Long
2018-01-19,-0.0050230998657849885,1.0906489474976093,Fixed Income,Long
2018-01-22,-0.036520421861957655,1.0508179878316966,Fixed Income,Long
2018-01-23,0.051925319533248915,1.1053820476211431,Fixed Income,Long
2018-01-24,-0.051269784600267224,1.0487093481386047,Fixed Income,Long
2018-01-25,-0.01734850248080906,1.0305158114107744,Fixed Income,Long
2018-01-26,-0.11349743613115056,0.9135549089230393,Fixed Income,Long
2018-01-29,-0.08503524002165137,0.8358705479698108,Fixed Income,Long
2018-01-30,-0.023074136176922687,0.8165835571196763,Fixed Income,Long
2018-01-31,-0.05008197795848559,0.775687437410747,Fixed Income,Long
2018-02-01,-0.05541484109116442,0.7327028413302179,Fixed Income,Long
2018-02-02,-0.06416699985830361,0.6856874982144031,Fixed Income,Long
2018-02-05,0.18589147423696795,0.8131509581233368,Fixed Income,Long
2018-02-06,-0.02263930554111937,0.7947417851313286,Fixed Income,Long
2018-02-07,-0.12335394474806757,0.6967072508792581,Fixed Income,Long
2018-02-08,-0.007954293228756279,0.6911654371111638,Fixed Income,Long
2018-02-09,0.05694882322415453,0.7305264954078531,Fixed Income,Long
2018-02-12,-0.04165275026595352,0.7000980577319675,Fixed Income,Long
2018-02-13,0.030928253033893134,0.721750867610039,Fixed Income,Long
2018-02-14,-0.12302837906084038,0.6329550282822207,Fixed Income,Long
2018-02-15,0.003523097093908878,0.6351849903029368,Fixed Income,Long
2018-02-16,0.06417896279762361,0.675950504165198,Fixed Income,Long
2018-02-19,-0.020415930563901296,0.6621503456075272,Fixed Income,Long
2018-02-20,-0.00678032798987767,0.6576607490856973,Fixed Income,Long
2018-02-21,-0.030179703569989252,0.6378127426286738,Fixed Income,Long
2018-02-22,0.05028765624739032,0.6698868505801898,Fixed Income,Long
2018-02-23,0.10183929087636331,0.7381076524106767,Fixed Income,Long
2018-02-26,-0.007739142839429424,0.7323953318577945,Fixed Income,Long
2018-02-27,-0.08115424571083306,0.6729583411387399,Fixed Income,Long
2018-02-28,0.052153113213365195,0.7080552136920271,Fixed Income,Long
2018-03-01,0.10832126591351275,0.7847526507758101,Fixed Income,Long
2018-03-02,-0.06765669455674646,0.731658880379674,Fixed Income,Long
2018-03-05,-0.025197359180289397,0.7132230087732989,Fixed Income,Long
2018-03-06,-0.03159207119621613,0.6906908167013533,Fixed Income,Long
2018-03-07,0.005443953065036766,0.6944509050899275,Fixed Income,Long
2018-03-08,0.05465384272444663,0.7324053156365621,Fixed Income,Long
2018-03-09,-0.029095258397575503,0.7110957937263584,Fixed Income,Long
2018-03-12,0.0465205299210095,0.7441763468751095,Fixed Income,Long
2018-03-13,0.02123068140677622,0.7599757178060735,Fixed Income,Long
2018-03-14,0.04963513958526314,0.7976972186407886,Fixed Income,Long
2018-03-15,0.01486077037080221,0.8095516138324369,Fixed Income,Long
2018-03-16,-0.01776135539485191,0.7951728799086831,Fixed Income,Long
2018-03-19,0.0042917744053659985,0.7985855825225164,Fixed Income,Long
2018-03-20,-0.05313330504866472,0.7561540911588819,Fixed Income,Long
2018-03-21,-0.02742603585220688,0.7354157819449655,Fixed Income,Long
2018-03-22,0.14923493742004373,0.8451655101412349,Fixed Income,Long
2018-03-23,0.014366200802306418,0.8573073275711076,Fixed Income,Long
2018-03-26,-0.02203713284473678,0.8384147321046569,Fixed Income,Long
2018-03-27,0.09984989194082845,0.9221303525069054,Fixed Income,Long
2018-03-28,-0.018873178157056966,0.904726822080013,Fixed Income,Long
2018-03-29,0.0506605309114261,0.9505607632163937,Fixed Income,Long
2018-04-02,0.03649288244877044,0.9852494654088632,Fixed Income,Long
2018-04-03,-0.07514148492868096,0.911216357552852,Fixed Income,Long
2018-04-04,0.009561392327302104,0.9199288546424701,Fixed Income,Long
2018-04-05,-0.060852694851721165,0.8639487047656185,Fixed Income,Long
2018-04-06,0.08644807433278694,0.9386354066149116,Fixed Income,Long
2018-04-09,-0.021760905195464083,0.9182098505184587,Fixed Income,Long
2018-04-10,-0.05078364836207917,0.871579804347132,Fixed Income,Long
2018-04-11,0.026613510387970166,0.8947756025240694,Fixed Income,Long
2018-04-12,-0.05408158547703015,0.8463847192934029,Fixed Income,Long
2018-04-13,0.00417774410497994,0.8499206980649759,Fixed Income,Long
2018-04-16,-0.02363366011793247,0.8298339611597124,Fixed Income,Long
2018-04-17,0.039736273700574296,0.8628084705663864,Fixed Income,Long
2018-04-18,-0.09555862873194113,0.7803596762607592,Fixed Income,Long
2018-04-19,-0.09922405708269212,0.7029292231984305,Fixed Income,Long
2018-04-20,-0.0458008964942484,0.6707344346039368,Fixed Income,Long
2018-04-23,-0.04408894663474856,0.6411624599105955,Fixed Income,Long
2018-04-24,0.014729983192628181,0.6506067721688227,Fixed Income,Long
2018-04-25,-0.04908441682659941,0.6186721181734798,Fixed Income,Long
2018-04-26,0.07318817742259963,0.6639516029247758,Fixed Income,Long
2018-04-27,0.04168320314039778,0.691627232464882,Fixed Income,Long
2018-04-30,0.04313319250253164,0.7214593230227829,Fixed Income,Long
2018-05-01,-0.06722729809792355,0.6729575620484042,Fixed Income,Long
2018-05-02,-0.0006988643594273381,0.6724872559928814,Fixed Income,Long
2018-05-03,0.07059072017270412,0.7199586157003844,Fixed Income,Long
2018-05-04,-0.00744739958692038,0.7145967962032176,Fixed Income,Long
2018-05-07,0.004742338865313781,0.7179856563628808,Fixed Income,Long
2018-05-08,-0.050837591740285175,0.681484994689324,Fixed Income,Long
2018-05-09,-0.03830004656414136,0.6553840876599593,Fixed Income,Long
2018-05-10,0.019012034529369847,0.6678442725645499,Fixed Income,Long
2018-05-11,-0.007010974787124396,0.6631620332078744,Fixed Income,Long
2018-05-14,-0.08145951344220562,0.6091411766494171,Fixed Income,Long
2018-05-15,-0.13963933214084273,0.5240811095626055,Fixed Income,Long
2018-05-16,0.03800400940802553,0.5439982929809912,Fixed Income,Long
2018-05-17,-0.022029978616607868,0.5320140222191488,Fixed Income,Long
2018-05-18,0.11639914659522363,0.5939400003821501,Fixed Income,Long
2018-05-21,0.04801240364491387,0.6224564874213582,Fixed Income,Long
2018-05-22,-0.024338041807043513,0.6073071154074318,Fixed Income,Long
2018-05-23,0.12930822773349337,0.6858369221907069,Fixed Income,Long
2018-05-24,0.04717902015194792,0.7181940361636923,Fixed Income,Long
2018-05-25,0.13531974381239392,0.8153798691449522,Fixed Income,Long
2018-05-28,0.15297621747463608,0.9401135973317107,Fixed Income,Long
2018-05-29,0.30212845349756895,1.2241486646055768,Fixed Income,Long
2018-05-30,-0.19788817291548527,0.981904121989848,Fixed Income,Long
2018-05-31,0.002790494166575251,0.9846441197143969,Fixed Income,Long
2018-06-01,-0.08255776985996935,0.9033540970850437,Fixed Income,Long
2018-06-04,-0.05349585471176525,0.8550283975541043,Fixed Income,Long
2018-06-05,0.04138608361412252,0.8904146743077276,Fixed Income,Long
2018-06-06,-0.10136859095306014,0.8001545934092252,Fixed Income,Long
2018-06-07,0.03745039241089247,0.8301206969217788,Fixed Income,Long
2018-06-08,0.010205550009458615,0.8385925352081007,Fixed Income,Long
2018-06-11,-0.046970493383183126,0.7992034300819219,Fixed Income,Long
2018-06-12,-0.003376435632036502,0.7965049711433475,Fixed Income,Long
2018-06-13,-0.030176356081246466,0.7724693535136429,Fixed Income,Long
2018-06-14,0.08238857379467264,0.8361120018497247,Fixed Income,Long
2018-06-15,0.019402840848990056,0.8523349499535454,Fixed Income,Long
2018-06-18,0.004309411777906903,0.856008012225597,Fixed Income,Long
2018-06-19,0.04538703073355057,0.8948596741846457,Fixed Income,Long
2018-06-20,-0.028699968037793244,0.8691772301372362,Fixed Income,Long
2018-06-21,0.0683211337568328,0.9285604039358358,Fixed Income,Long
2018-06-22,-0.01083942617994452,0.9184953419837539,Fixed Income,Long
2018-06-25,0.024155206153582694,0.940681786320477,Fixed Income,Long
2018-06-26,-0.010446975870115418,0.9308545063973299,Fixed Income,Long
2018-06-27,0.056887283127541585,0.9838082902533027,Fixed Income,Long
2018-06-28,-0.02718494669943975,0.9570635143202998,Fixed Income,Long
2018-06-29,-0.0018841699406679584,0.9552602440153074,Fixed Income,Long
2018-07-02,-0.009421442061250548,0.9462603149729012,Fixed Income,Long
2018-07-03,0.03373662821268706,0.978183947411562,Fixed Income,Long
2018-07-04,-0.05282501565298722,0.9265113650780454,Fixed Income,Long
2018-07-05,0.0008755385366479651,0.9273225614828136,Fixed Income,Long
2018-07-06,0.023649261802511132,0.9492530555146957,Fixed Income,Long
2018-07-09,-0.035237872028881075,0.9158033978214446,Fixed Income,Long
2018-07-10,-0.026574413312792193,0.891466459814478,Fixed Income,Long
2018-07-11,0.03725510937675068,0.924678140280571,Fixed Income,Long
2018-07-12,-0.009071152015230307,0.9162902443049254,Fixed Income,Long
2018-07-13,0.04039681181654519,0.9533054488734477,Fixed Income,Long
2018-07-16,-0.03947380343204383,0.9156748569739209,Fixed Income,Long
2018-07-17,-0.0036854262951406314,0.91230020477823,Fixed Income,Long
2018-07-18,-0.0009506254956995626,0.9114329489438359,Fixed Income,Long
2018-07-19,0.03952838042629759,0.9474604172827501,Fixed Income,Long
2018-07-20,-0.06899093683963758,0.8820942354759392,Fixed Income,Long
2018-07-23,-0.08876625855772606,0.8037940304974024,Fixed Income,Long
2018-07-24,0.023172188534557436,0.82241969731504,Fixed Income,Long
2018-07-25,-0.012557291786041678,0.812092333205267,Fixed Income,Long
2018-07-26,-0.03366959540762997,0.7847495129126074,Fixed Income,Long
2018-07-27,0.017575185848868923,0.7985416314468557,Fixed Income,Long
2018-07-30,-0.039658565909402865,0.7668726155247185,Fixed Income,Long
2018-07-31,-0.004035082494485064,0.7637782212583147,Fixed Income,Long
2018-08-01,-0.0629035058843133,0.715733893423082,Fixed Income,Long
2018-08-02,0.04551773006203761,0.748312475580165,Fixed Income,Long
2018-08-03,0.08120977727641629,0.8090827650551938,Fixed Income,Long
2018-08-06,0.02254389333824576,0.8273226406124111,Fixed Income,Long
2018-08-07,-0.050869543517875086,0.7852371155424548,Fixed Income,Long
2018-08-08,0.019552077900019234,0.8005901327955274,Fixed Income,Long
2018-08-09,0.054199692203966345,0.8439818715745774,Fixed Income,Long
2018-08-10,0.13569778274654196,0.9585083402255242,Fixed Income,Long
2018-08-13,-0.007771007315519711,0.951059764901645,Fixed Income,Long
2018-08-14,-0.03180515316511561,0.9208111634097694,Fixed Income,Long
2018-08-15,0.06382254691496528,0.9795796770863133,Fixed Income,Long
2018-08-16,-0.030903741712929284,0.9493069997584032,Fixed Income,Long
2018-08-17,0.0017509008290988366,0.9509691421713494,Fixed Income,Long
2018-08-20,0.05451298233270051,1.0028093062174794,Fixed Income,Long
2018-08-21,-0.05833994589158087,0.944305465553178,Fixed Income,Long
2018-08-22,0.011351336459973067,0.9550245946136636,Fixed Income,Long
2018-08-23,-0.013166097361763541,0.9424506478181014,Fixed Income,Long
2018-08-24,-0.019726890019174898,0.9238590275400935,Fixed Income,Long
2018-08-27,-0.057045266626085764,0.8711572429891525,Fixed Income,Long
2018-08-28,-0.037923644262134876,0.8381197856096497,Fixed Income,Long
2018-08-29,-0.030066445435279407,0.8129205028073891,Fixed Income,Long
2018-08-30,0.08524958553746408,0.8822216387466258,Fixed Income,Long
2018-08-31,0.029490271767088728,0.9082385946320701,Fixed Income,Long
2018-09-03,0.006962670990281987,0.9145623611471693,Fixed Income,Long
2018-09-04,-0.07383364848417356,0.8470368852573734,Fixed Income,Long
2018-09-05,-0.032860046686413985,0.8192032136627014,Fixed Income,Long
2018-09-06,0.06012571076449405,0.8684583891447291,Fixed Income,Long
2018-09-07,-0.11235311548187732,0.7708843834579462,Fixed Income,Long
2018-09-10,-0.016614665612406546,0.7580763972009662,Fixed Income,Long
2018-09-11,-0.0732846762290852,0.7025210138751821,Fixed Income,Long
2018-09-12,0.03235320526840295,0.7252498204424525,Fixed Income,Long
2018-09-13,-0.01498207591257264,0.714384072577004,Fixed Income,Long
2018-09-14,-0.05457845551541744,0.6753940932509372,Fixed Income,Long
2018-09-17,-0.032660208334989976,0.65333558145714,Fixed Income,Long
2018-09-18,-0.05664089151525068,0.6163300716647729,Fixed Income,Long
2018-09-19,-0.0319859696608,0.5966161566914648,Fixed Income,Long
2018-09-20,0.01895973019405161,0.607927838051747,Fixed Income,Long
2018-09-21,0.026410303389079723,0.6239833966933609,Fixed Income,Long
2018-09-24,-0.08176266251018895,0.5729648528175603,Fixed Income,Long
2018-09-25,-0.05952020406556294,0.5388618678554639,Fixed Income,Long
2018-09-26,0.06415577243017359,0.5734329672208972,Fixed Income,Long
2018-09-27,-0.008505414127916448,0.5685556823600835,Fixed Income,Long
2018-09-28,0.06621898051001573,0.6062048600091445,Fixed Income,Long
2018-10-01,-0.009540655382934134,0.6004212683483374,Fixed Income,Long
2018-10-02,0.07913602628963462,0.6479362216252071,Fixed Income,Long
2018-10-03,-0.19569737628152184,0.5211368030553915,Fixed Income,Long
2018-10-04,-0.061144292656723956,0.4892722618551831,Fixed Income,Long
2018-10-05,-0.050049762304686385,0.4647843014470549,Fixed Income,Long
2018-10-08,0.04757206098081402,0.4868950485784193,Fixed Income,Long
2018-10-09,-0.002200673126374228,0.48582355172964814,Fixed Income,Long
2018-10-10,-0.005882497943002878,0.4829656956859361,Fixed Income,Long
2018-10-11,0.11786056271248709,0.5398883043503083,Fixed Income,Long
2018-10-12,0.010685384933593865,0.5456572187034366,Fixed Income,Long
2018-10-15,-0.03121669621382296,0.5286236030702919,Fixed Income,Long
2018-10-16,0.015849106991464718,0.5370018151135666,Fixed Income,Long
2018-10-17,-0.010194192247980616,0.5315275153727844,Fixed Income,Long
2018-10-18,0.0860112938739846,0.5772448846996218,Fixed Income,Long
2018-10-19,-0.07943334974414906,0.5313923898852557,Fixed Income,Long
2018-10-22,0.007751739698904487,0.5355116053696249,Fixed Income,Long
2018-10-23,0.06616109910782471,0.570941641765875,Fixed Income,Long
2018-10-24,0.08121632226169721,0.6173114221361549,Fixed Income,Long
2018-10-25,-0.01722689095907068,0.6066770655792264,Fixed Income,Long
2018-10-26,0.104337402928995,0.6699761750183465,Fixed Income,Long
2018-10-29,-0.0292430221965384,0.650384046861133,Fixed Income,Long
2018-10-30,-0.02732715193122864,0.6326109031989116,Fixed Income,Long
2018-10-31,-0.05212532996858748,0.5996358511279422,Fixed Income,Long
2018-11-01,0.005325267529695134,0.6028290724555949,Fixed Income,Long
2018-11-02,-0.09746198450196175,0.5440761547385957,Fixed Income,Long
2018-11-05,0.020492598655635366,0.5552256890157552,Fixed Income,Long
2018-11-06,-0.027207302900671165,0.5401194955164696,Fixed Income,Long
2018-11-07,-0.03776369293020485,0.5197225887421685,Fixed Income,Long
2018-11-08,-0.023712065872882677,0.5073988924822891,Fixed Income,Long
2018-11-09,0.08624982567969462,0.5511619585089567,Fixed Income,Long
2018-11-12,0.06272828534730651,0.5857354031148868,Fixed Income,Long
2018-11-13,0.021000172599151518,0.598035947677733,Fixed Income,Long
2018-11-14,0.027183228751570736,0.6142924956451192,Fixed Income,Long
2018-11-15,0.037990785179808674,0.6376299498847415,Fixed Income,Long
2018-11-16,0.05458582344258535,0.6724355057508545,Fixed Income,Long
2018-11-19,0.017765585084052567,0.6843817159418093,Fixed Income,Long
2018-11-20,0.00852499716759058,0.690216068131764,Fixed Income,Long
2018-11-21,-0.02953255695630183,0.6698322227875079,Fixed Income,Long
2018-11-22,-0.0054860317773156,0.6661575019278257,Fixed Income,Long
2018-11-23,0.031300551617107666,0.6870085992020412,Fixed Income,Long
2018-11-26,-0.03210573708567158,0.6649516817404649,Fixed Income,Long
2018-11-27,0.03238977976310049,0.6864893202651419,Fixed Income,Long
2018-11-28,0.01115610938802918,0.6941478702157337,Fixed Income,Long
2018-11-29,0.04128975311370724,0.7228090644013471,Fixed Income,Long
2018-11-30,0.03224803127126782,0.7461182337133175,Fixed Income,Long
2018-12-03,0.02582166359144411,0.7653842477437053,Fixed Income,Long
2018-12-04,0.10787656868971415,0.8479512741194543,Fixed Income,Long
2018-12-05,-0.07976521574431457,0.7803142577986495,Fixed Income,Long
2018-12-06,0.09041927211573803,0.8508697050103357,Fixed Income,Long
2018-12-07,0.05377431546449348,0.8966246409467419,Fixed Income,Long
2018-12-10,-0.043897058522904486,0.8572654566100245,Fixed Income,Long
2018-12-11,-0.014760233238804593,0.8446120185228903,Fixed Income,Long
2018-12-12,-0.08127483985427467,0.7759663119784467,Fixed Income,Long
2018-12-13,0.015339200282551464,0.7878690146503968,Fixed Income,Long
2018-12-14,0.06459223047902608,0.8387592316319784,Fixed Income,Long
2018-12-17,0.032718142850036276,0.8662018759893001,Fixed Income,Long
2018-12-18,0.038656448804302954,0.8996861644626716,Fixed Income,Long
2018-12-19,0.062255696352941106,0.9556967531304018,Fixed Income,Long
2018-12-20,-0.035486773566108396,0.9217821588541982,Fixed Income,Long
2018-12-21,0.008715963924339607,0.9298163788968714,Fixed Income,Long
2018-12-24,0.11799596098313897,1.0395309560626702,Fixed Income,Long
2018-12-26,-0.10110391223129626,0.9344303095191946,Fixed Income,Long
2018-12-27,0.09805965174326647,1.0260602202489997,Fixed Income,Long
2018-12-28,-0.002913236666965609,1.0230710639928555,Fixed Income,Long
2018-12-31,0.10361289658976208,1.1290744203503251,Fixed Income,Long
2019-01-02,0.12904227007166813,1.274772746632184,Fixed Income,Long
2019-01-03,0.1365520894917955,1.4488456288120042,Fixed Income,Long
2019-01-04,-0.17945055730687626,1.1888494732700583,Fixed Income,Long
2019-01-07,-0.05607710149173503,1.1221822406990976,Fixed Income,Long
2019-01-08,-0.04121656027959505,1.075929748730632,Fixed Income,Long
2019-01-09,0.017521994038749267,1.0947821833740032,Fixed Income,Long
2019-01-10,0.018712524904665413,1.1152683222455733,Fixed Income,Long
2019-01-11,0.04276167447757567,1.1629590631965905,Fixed Income,Long
2019-01-14,0.007592001848728484,1.1717882505543746,Fixed Income,Long
2019-01-15,0.01776863772387437,1.1926093314675679,Fixed Income,Long
2019-01-16,-0.024616216086077756,1.1632518024578895,Fixed Income,Long
2019-01-17,-0.05229957276108189,1.1024142301757835,Fixed Income,Long
2019-01-18,-0.06731372570092205,1.0282066210769376,Fixed Income,Long
2019-01-21,0.019726265422285758,1.048489297793253,Fixed Income,Long
2019-01-22,0.07965809844388964,1.1320099614942327,Fixed Income,Long
2019-01-23,-0.029940005261997485,1.0981175772904619,Fixed Income,Long
2019-01-24,0.0900379784588785,1.1969898640598564,Fixed Income,Long
2019-01-25,-0.0552188025025411,1.1308935171587917,Fixed Income,Long
2019-01-28,-0.010086249932613655,1.1194870424975556,Fixed Income,Long
2019-01-29,0.049414931748053004,1.174806418295402,Fixed Income,Long
2019-01-30,0.03658895741766152,1.2177913603084078,Fixed Income,Long
2019-01-31,0.06735581941082751,1.299816695253407,Fixed Income,Long
2019-02-01,-0.0648570999753208,1.2155143538997655,Fixed Income,Long
2019-02-04,-0.03468994762082997,1.1733482246306155,Fixed Income,Long
2019-02-05,0.006962993144442915,1.1815182402747626,Fixed Income,Long
2019-02-06,0.00934200157943297,1.1925559855415384,Fixed Income,Long
2019-02-07,0.1182293131663775,1.3335510606245669,Fixed Income,Long
2019-02-08,0.024651464154012703,1.366425046793099,Fixed Income,Long
2019-02-11,-0.06215290156224669,1.281497765367579,Fixed Income,Long
2019-02-12,-0.02728369510428624,1.2465337710604658,Fixed Income,Long
2019-02-13,-0.02422857896321476,1.2163320291580135,Fixed Income,Long
2019-02-14,0.062205892994867264,1.2919950492100467,Fixed Income,Long
2019-02-15,-0.01229852948479299,1.2761054100031304,Fixed Income,Long
2019-02-18,-0.014621308866483392,1.2574470786572842,Fixed Income,Long
2019-02-19,0.022334943736364483,1.2855320884105506,Fixed Income,Long
2019-02-20,-0.0007246681243258087,1.2846005042832815,Fixed Income,Long
2019-02-21,-0.07083982026660932,1.1935996354454583,Fixed Income,Long
2019-02-22,0.0688507385307225,1.2757798518558792,Fixed Income,Long
2019-02-25,-0.0387736659206111,1.2263131900917728,Fixed Income,Long
2019-02-26,0.02768147132923429,1.2602593435039602,Fixed Income,Long
2019-02-27,-0.09946621760817002,1.1349061134002658,Fixed Income,Long
2019-02-28,-0.05610200396592967,1.0712356061253263,Fixed Income,Long
2019-03-01,-0.0672996170725571,0.9991418600386033,Fixed Income,Long
2019-03-04,0.06806605724063491,1.0671495070755053,Fixed Income,Long
2019-03-05,0.0034556197207818913,1.070837169957178,Fixed Income,Long
2019-03-06,0.0683028331746669,1.1439783825339955,Fixed Income,Long
2019-03-07,0.1318806870766196,1.2948470376233787,Fixed Income,Long
2019-03-08,0.00030278157424227896,1.2952390934478333,Fixed Income,Long
2019-03-11,-0.02699402163260272,1.2602753813399097,Fixed Income,Long
2019-03-12,0.04524496074335236,1.3172964914944472,Fixed Income,Long
2019-03-13,-0.03483784641709241,1.2714047186379889,Fixed Income,Long
2019-03-14,-0.015351929268412246,1.251886203325933,Fixed Income,Long
2019-03-15,0.0316496001712173,1.291507901121062,Fixed Income,Long
2019-03-18,-0.026242718096189832,1.25761522335294,Fixed Income,Long
2019-03-19,-0.03187011204917773,1.2175348852699301,Fixed Income,Long
2019-03-20,0.12157311072786486,1.3655543886918895,Fixed Income,Long
2019-03-21,0.0053270760673110405,1.3728288007945015,Fixed Income,Long
2019-03-22,0.155602886961506,1.5864449255020283,Fixed Income,Long
2019-03-25,0.04424064755718271,1.6566302763200447,Fixed Income,Long
2019-03-26,-0.003932074079908471,1.650116283350535,Fixed Income,Long
2019-03-27,0.11302120704545186,1.8366144174601673,Fixed Income,Long
2019-03-28,-0.054478956957746724,1.7365575796633776,Fixed Income,Long
2019-03-29,-0.021039251191639043,1.7000217085360951,Fixed Income,Long
2019-04-01,-0.11196844217663372,1.5096729261648494,Fixed Income,Long
2019-04-02,0.03405841492000494,1.5610899930776698,Fixed Income,Long
2019-04-03,-0.06958890053899279,1.452455456816971,Fixed Income,Long
2019-04-04,0.009876967188265947,1.46680131170637,Fixed Income,Long
2019-04-05,-0.004702795064378977,1.4599032457372527,Fixed Income,Long
2019-04-08,-0.0204096130909931,1.4301071853414704,Fixed Income,Long
2019-04-09,0.033423816219634125,1.477906825078702,Fixed Income,Long
2019-04-10,0.05186021510550839,1.5545513909331823,Fixed Income,Long
2019-04-11,-0.05253417295778037,1.4728843192901404,Fixed Income,Long
2019-04-12,-0.1309966972351969,1.2799413380536209,Fixed Income,Long
2019-04-15,0.010146307215342026,1.2929280160871288,Fixed Income,Long
2019-04-16,-0.04722052486684288,1.2318752765524488,Fixed Income,Long
2019-04-17,-0.005659380588526357,1.2249036255248424,Fixed Income,Long
2019-04-18,0.08448678450553092,1.3283917941746033,Fixed Income,Long
2019-04-22,-0.038616950685773296,1.2770933537675766,Fixed Income,Long
2019-04-23,0.008772662000457634,1.2882968621032103,Fixed Income,Long
2019-04-24,0.09990005403354772,1.416997788238571,Fixed Income,Long
2019-04-25,-0.01916047714987871,1.3898474344955971,Fixed Income,Long
2019-04-26,0.04438520645119929,1.451536099811354,Fixed Income,Long
2019-04-29,-0.056044341934481295,1.3701857143032832,Fixed Income,Long
2019-04-30,0.026002265928283048,1.4058136476177316,Fixed Income,Long
2019-05-01,-0.03183742371690923,1.361056162851512,Fixed Income,Long
2019-05-02,-0.061937170536045326,1.2767561951838426,Fixed Income,Long
2019-05-03,0.01944222642429939,1.301579178219234,Fixed Income,Long
2019-05-06,0.04465249586909504,1.3596979370979685,Fixed Income,Long
2019-05-07,0.09544092468713966,1.489468765509795,Fixed Income,Long
2019-05-08,-0.031220183612896878,1.4429672771649042,Fixed Income,Long
2019-05-09,0.04398609003408404,1.506437765734517,Fixed Income,Long
2019-05-10,-0.013874833328499845,1.485536192815193,Fixed Income,Long
2019-05-13,0.08752758554335763,1.6155615890095787,Fixed Income,Long
2019-05-14,-0.002324953923295601,1.6118054827548853,Fixed Income,Long
2019-05-15,0.06786626879479185,1.7211927068924475,Fixed Income,Long
2019-05-16,-0.03134054485305151,1.6672495896613397,Fixed Income,Long
2019-05-17,0.009092490642959064,1.6824090409548127,Fixed Income,Long
2019-05-20,-0.04566015608603777,1.6055899815442547,Fixed Income,Long
2019-05-21,-0.0414419886909694,1.5390511396867639,Fixed Income,Long
2019-05-22,0.06316655289994376,1.6362676949175063,Fixed Income,Long
2019-05-23,0.12289398335202982,1.8373551497761624,Fixed Income,Long
2019-05-24,-0.04431682586008134,1.7559294015604086,Fixed Income,Long
2019-05-27,0.05078250902547721,1.8450999022432508,Fixed Income,Long
2019-05-28,0.07867633722453557,1.9902656043650986,Fixed Income,Long
2019-05-29,0.02574209260231419,2.0414992058558656,Fixed Income,Long
2019-05-30,0.03216469453436273,2.1071634042043637,Fixed Income,Long
2019-05-31,0.11513817506036784,2.3497783531184466,Fixed Income,Long
2019-06-03,0.058798827658715275,2.487942565539638,Fixed Income,Long
2019-06-04,-0.03676325854939388,2.396477689746662,Fixed Income,Long
2019-06-05,0.04455736024878225,2.5032584094968735,Fixed Income,Long
2019-06-06,-0.031676758741071065,2.4239632967926834,Fixed Income,Long
2019-06-07,0.06716740188657458,2.586774613706664,Fixed Income,Long
2019-06-10,-0.08789187876895478,2.359418132956148,Fixed Income,Long
2019-06-11,0.02039619034691194,2.407541274303877,Fixed Income,Long
2019-06-12,0.025216614266043682,2.4682513139475772,Fixed Income,Long
2019-06-13,0.04139449327330992,2.570423326359619,Fixed Income,Long
2019-06-14,0.0013813738400150193,2.5739740419004162,Fixed Income,Long
2019-06-17,-0.0075762139478495446,2.5544730638627677,Fixed Income,Long
2019-06-18,0.146347740555793,2.9283144250697175,Fixed Income,Long
2019-06-19,0.006999085170109599,2.948809947135641,Fixed Income,Long
2019-06-20,0.020580077062219017,3.0094966830895307,Fixed Income,Long
2019-06-21,-0.0992056863951796,2.7109374989396176,Fixed Income,Long
2019-06-24,0.06760134755414177,2.8942005270029902,Fixed Income,Long
2019-06-25,0.04064423452803544,3.011833091993663,Fixed Income,Long
2019-06-26,-0.09686951719713195,2.7200782744938916,Fixed Income,Long
2019-06-27,0.059833999053341094,2.882831435394973,Fixed Income,Long
2019-06-28,0.010589022464246978,2.9133578022250073,Fixed Income,Long
2019-07-01,0.010466427345438067,2.94385024999326,Fixed Income,Long
2019-07-02,0.05858329187941561,3.1163106884379057,Fixed Income,Long
2019-07-03,0.005962055447798166,3.1348903055549386,Fixed Income,Long
2019-07-04,0.036861426251552185,3.2504468333598577,Fixed Income,Long
2019-07-05,-0.12243688805543461,2.8524722382936347,Fixed Income,Long
2019-07-08,-0.01647145690908111,2.805487864736231,Fixed Income,Long
2019-07-09,-0.03112201639266806,2.7181754254204784,Fixed Income,Long
2019-07-10,-0.02488838386295101,2.6505244320257733,Fixed Income,Long
2019-07-11,-0.1078914520070329,2.3645555024743965,Fixed Income,Long
2019-07-12,0.025920172509037342,2.4258451890057264,Fixed Income,Long
2019-07-15,0.04696984894467408,2.53978677109649,Fixed Income,Long
2019-07-16,-0.01474575459213388,2.502335698653553,Fixed Income,Long
2019-07-17,0.08679516353200167,2.719526334830154,Fixed Income,Long
2019-07-18,0.0704399030022709,2.9110895060677113,Fixed Income,Long
2019-07-19,-0.02751913765468237,2.8309788332251324,Fixed Income,Long
2019-07-22,0.024820820637791573,2.901246051073998,Fixed Income,Long
2019-07-23,-0.014539431930395929,2.8590635816010774,Fixed Income,Long
2019-07-24,0.030204340015904142,2.945419710146845,Fixed Income,Long
2019-07-25,-0.0313150004026446,2.8531838907376392,Fixed Income,Long
2019-07-26,-0.011166981692466486,2.8213224384645317,Fixed Income,Long
2019-07-29,0.03512296611382176,2.9204156508668864,Fixed Income,Long
2019-07-30,-0.005200736196324919,2.905227339483109,Fixed Income,Long
2019-07-31,0.04635623639000021,3.03990274479888,Fixed Income,Long
2019-08-01,0.19513334949165034,3.633089149520347,Fixed Income,Long
2019-08-02,-0.011180928075371122,3.5924678410481485,Fixed Income,Long
2019-08-05,0.13235108506404558,4.0679348578685595,Fixed Income,Long
2019-08-06,0.012020870282529366,4.116834975112777,Fixed Income,Long
2019-08-07,0.07161888249990347,4.411678095466873,Fixed Income,Long
2019-08-08,0.008734408917084413,4.450211495963225,Fixed Income,Long
2019-08-09,-0.038734687023007905,4.277833946480897,Fixed Income,Long
2019-08-12,0.08609770090647725,4.6461456141325845,Fixed Income,Long
2019-08-13,-0.04451751053539199,4.4393107778064715,Fixed Income,Long
2019-08-14,0.09567922161710406,4.864060577543415,Fixed Income,Long
2019-08-15,0.1281703804825361,5.487489072457259,Fixed Income,Long
2019-08-16,-0.04023372371754042,5.266706953212991,Fixed Income,Long
2019-08-19,-0.0794815301545386,4.848101025696074,Fixed Income,Long
2019-08-20,0.06756266561168484,5.1756516541468445,Fixed Income,Long
2019-08-21,-0.05134442162803027,4.909910813416516,Fixed Income,Long
2019-08-22,-0.05667978743076053,4.631618112208076,Fixed Income,Long
2019-08-23,0.09658189515169573,5.078948567104051,Fixed Income,Long
2019-08-26,-0.044205945458754066,4.854428843758832,Fixed Income,Long
2019-08-27,0.06960911047568126,5.192341317440374,Fixed Income,Long
2019-08-28,0.009211477981697278,5.240170455159433,Fixed Income,Long
2019-08-29,-0.022035095909733404,5.124702796596643,Fixed Income,Long
2019-08-30,0.030164107844812854,5.279284884425799,Fixed Income,Long
2019-09-02,-0.006182783619872061,5.246644208317734,Fixed Income,Long
2019-09-03,0.011697219726209709,5.308015358447672,Fixed Income,Long
2019-09-04,0.007383577885509769,5.3472075032642525,Fixed Income,Long
2019-09-05,-0.1704734172069094,4.43565076766837,Fixed Income,Long
2019-09-06,0.03576172146711677,4.594277274947129,Fixed Income,Long
2019-09-09,-0.09030239525031128,4.179403032575331,Fixed Income,Long
2019-09-10,-0.09513978486614566,3.7817755271871967,Fixed Income,Long
2019-09-11,0.0004028300585372929,3.783298940044188,Fixed Income,Long
2019-09-12,-0.12157453121773754,3.3233461449517527,Fixed Income,Long
2019-09-13,-0.13145663092585647,2.8864702573359624,Fixed Income,Long
2019-09-16,0.06260838306010505,3.067187492898852,Fixed Income,Long
2019-09-17,0.009445241230312398,3.0961578186678786,Fixed Income,Long
2019-09-18,0.019297556220000026,3.1559060982396145,Fixed Income,Long
2019-09-19,0.012633406562487076,3.195775943051708,Fixed Income,Long
2019-09-20,0.026284146051233737,3.2797741846858983,Fixed Income,Long
2019-09-23,0.055985098529449544,3.463392665569883,Fixed Income,Long
2019-09-24,0.07467432303124405,3.72201916826269,Fixed Income,Long
2019-09-25,-0.09087140131591423,3.3837940707179657,Fixed Income,Long
2019-09-26,0.036360260586148184,3.506829704899134,Fixed Income,Long
2019-09-27,0.018164148598492462,3.5705282807685292,Fixed Income,Long
2019-09-30,-0.004786680505558805,3.553437302652428,Fixed Income,Long
2019-10-01,0.010571706626296902,3.5910031993310096,Fixed Income,Long
2019-10-02,0.03549653043007634,3.718471353670564,Fixed Income,Long
2019-10-03,0.08662522496004982,4.040584771189778,Fixed Income,Long
2019-10-04,0.0036493701117484116,4.055330360487743,Fixed Income,Long
2019-10-07,-0.04625377172373991,3.8677560357293914,Fixed Income,Long
2019-10-08,0.032616048256296604,3.9939069532343243,Fixed Income,Long
2019-10-09,-0.07679341453311242,3.687201200967921,Fixed Income,Long
2019-10-10,-0.11868791236071641,3.249574987971112,Fixed Income,Long
2019-10-11,-0.0779828362397434,2.9961639138353946,Fixed Income,Long
2019-10-14,0.017016767821969144,3.0471489395136935,Fixed Income,Long
2019-10-15,-0.08238568923221196,2.796107473938654,Fixed Income,Long
2019-10-16,0.012228362301747316,2.8302992891646,Fixed Income,Long
2019-10-17,-0.009596285084590744,2.8031389303110616,Fixed Income,Long
2019-10-18,-0.016554613655755807,2.7567340482963534,Fixed Income,Long
2019-10-21,-0.04415428315981748,2.6350124325315663,Fixed Income,Long
2019-10-22,0.043223839415927036,2.7489077867742817,Fixed Income,Long
2019-10-23,0.0036868547340648404,2.7590426104614583,Fixed Income,Long
2019-10-24,0.011230810630244593,2.7900288955403263,Fixed Income,Long
2019-10-25,-0.05550263398892177,2.635174942932636,Fixed Income,Long
2019-10-28,-0.0657369035042377,2.4619467019922885,Fixed Income,Long
2019-10-29,0.014904590039000083,2.498641008283352,Fixed Income,Long
2019-10-30,0.03268288412538041,2.5803038028280003,Fixed Income,Long
2019-10-31,0.11050576441939432,2.8654422469937786,Fixed Income,Long
2019-11-01,-0.04205078434523162,2.7449481530117272,Fixed Income,Long
2019-11-04,-0.0602110063945333,2.579672062218076,Fixed Income,Long
2019-11-05,-0.07521889202527016,2.3856319879094885,Fixed Income,Long
2019-11-06,0.02859241727715204,2.4538429731775184,Fixed Income,Long
2019-11-07,-0.14226457058517558,2.104748056314968,Fixed Income,Long
2019-11-08,0.004805299742084535,2.1148620016071313,Fixed Income,Long
2019-11-11,-0.01398125772988523,2.085293570899521,Fixed Income,Long
2019-11-12,0.01438779993570693,2.1152963576048394,Fixed Income,Long
2019-11-13,0.07221986257080762,2.268062769847591,Fixed Income,Long
2019-11-14,0.07368643115791416,2.4351882209997937,Fixed Income,Long
2019-11-15,-0.025215601818346495,2.3737834844663355,Fixed Income,Long
2019-11-18,0.008496644276496193,2.3939526783232674,Fixed Income,Long
2019-11-19,0.007859541922790854,2.412768049759727,Fixed Income,Long
2019-11-20,0.035429705422006255,2.4982517110143427,Fixed Income,Long
2019-11-21,-0.049415976079780724,2.3747981642215867,Fixed Income,Long
2019-11-22,0.025048987420136556,2.4342844535625363,Fixed Income,Long
2019-11-25,-0.00040828718982279704,2.433290566403762,Fixed Income,Long
2019-11-26,0.037037535426883914,2.5234136519608437,Fixed Income,Long
2019-11-27,-0.03374346304082758,2.4382649366591833,Fixed Income,Long
2019-11-28,-0.00947104771085035,2.4151720131123904,Fixed Income,Long
2019-11-29,-0.021639922517805332,2.3629078778814665,Fixed Income,Long
2019-12-02,-0.11985324605324477,2.079705698592589,Fixed Income,Long
2019-12-03,0.1689800432704988,2.4311344575306677,Fixed Income,Long
2019-12-04,-0.07132639013237928,2.257730412748565,Fixed Income,Long
2019-12-05,-0.03759133832242538,2.1728593049621048,Fixed Income,Long
2019-12-06,-0.0404562652919121,2.084953532478558,Fixed Income,Long
2019-12-09,0.026128734460256917,2.139430729690665,Fixed Income,Long
2019-12-10,-0.014261994193572242,2.108918181046267,Fixed Income,Long
2019-12-11,0.04814467211956884,2.210451355399737,Fixed Income,Long
2019-12-12,-0.12225847468626963,1.940204944320368,Fixed Income,Long
2019-12-13,0.057777632311078846,2.0523053922014474,Fixed Income,Long
2019-12-16,-0.04769440232123639,1.954421913139749,Fixed Income,Long
2019-12-17,0.015376940158675686,1.984474941942903,Fixed Income,Long
2019-12-18,-0.05581777687452305,1.873705962420452,Fixed Income,Long
2019-12-19,-0.0007775594541223939,1.8722490446351265,Fixed Income,Long
2019-12-20,0.01012226529117502,1.8912004461560723,Fixed Income,Long
2019-12-23,-0.022148107072517326,1.849313936179015,Fixed Income,Long
2019-12-24,0.03566634612405949,1.9152722071188224,Fixed Income,Long
2019-12-26,0.0074889788694646915,1.9296156402072084,Fixed Income,Long
2019-12-27,0.03730295117923839,2.0015959982285527,Fixed Income,Long
2019-12-30,-0.08285506598111345,1.8357536297277932,Fixed Income,Long
2019-12-31,-0.012861195210144121,1.8121436439381333,Fixed Income,Long
