date,daily_pnl,cum_wealth,asset_class,model
2011-01-05,-0.0027493078170243066,0.9972506921829757,FX,Sign(R)
2011-01-06,0.005202247245755935,1.002438636849713,FX,Sign(R)
2011-01-07,0.008813176897202759,1.0112733058848604,FX,Sign(R)
2011-01-10,0.0003448419155998225,1.0116220353088567,FX,Sign(R)
2011-01-11,-0.012764409268910239,0.9987092776247266,FX,Sign(R)
2011-01-12,-0.008409793593323995,0.990310338740165,FX,Sign(R)
2011-01-13,-0.039248914791831596,0.9514417326374824,FX,Sign(R)
2011-01-14,-0.01293542286657057,0.939134431492914,FX,Sign(R)
2011-01-17,-0.038676189747232276,0.9028122900223349,FX,Sign(R)
2011-01-18,0.008384565033796724,0.9103819783813382,FX,Sign(R)
2011-01-19,0.007890205673927392,0.9175650794326039,FX,Sign(R)
2011-01-20,-0.04454821393959752,0.8766891939705365,FX,Sign(R)
2011-01-21,0.0017746827875523502,0.8782450391931091,FX,Sign(R)
2011-01-24,0.024523782016322524,0.8997829290911975,FX,Sign(R)
2011-01-25,0.017640511616840184,0.9156555603044652,FX,Sign(R)
2011-01-26,0.001777066159964261,0.9172827408148654,FX,Sign(R)
2011-01-27,-0.006524133179206082,0.911298266050802,FX,Sign(R)
2011-01-28,-0.016772469073573618,0.8960135440666637,FX,Sign(R)
2011-01-31,-0.015187311340415087,0.8824055074076945,FX,Sign(R)
2011-02-01,0.05863244601491132,0.9341431006840365,FX,Sign(R)
2011-02-02,0.00310651946687711,0.9370450344111604,FX,Sign(R)
2011-02-03,0.002895477999077958,0.9397582276924431,FX,Sign(R)
2011-02-04,-0.027146488485160093,0.9142470917855557,FX,Sign(R)
2011-02-07,-0.003137984498301301,0.9113781985839157,FX,Sign(R)
2011-02-08,-0.02689968440420196,0.8868624126691382,FX,Sign(R)
2011-02-09,-0.0025946328280351794,0.8845613303392764,FX,Sign(R)
2011-02-10,-0.03380774002521256,0.8546563108468099,FX,Sign(R)
2011-02-11,0.002129738717087868,0.8564765054818237,FX,Sign(R)
2011-02-14,0.0017219401843571814,0.8579513067935707,FX,Sign(R)
2011-02-15,-0.01381271034840232,0.8461006738997978,FX,Sign(R)
2011-02-16,0.040040413872680425,0.8799788950606995,FX,Sign(R)
2011-02-17,0.04042611362029908,0.9155530218558885,FX,Sign(R)
2011-02-18,0.00971673316832586,0.9244492062707166,FX,Sign(R)
2011-02-21,0.003796776707459,0.9279591334843141,FX,Sign(R)
2011-02-22,-0.04726554572423073,0.8840986386303938,FX,Sign(R)
2011-02-23,0.013510435986907134,0.8960431966937216,FX,Sign(R)
2011-02-24,0.04417730469163323,0.9356279700109251,FX,Sign(R)
2011-02-25,0.007899817877332136,0.9430192605749494,FX,Sign(R)
2011-02-28,0.04851898137844859,0.9887735945183037,FX,Sign(R)
2011-03-01,-0.012390669295743499,0.9765220279002639,FX,Sign(R)
2011-03-02,0.01937567027235695,0.9954427967265527,FX,Sign(R)
2011-03-03,0.006170457277929921,1.001585133976377,FX,Sign(R)
2011-03-04,-0.004657383605632065,0.9969203677937507,FX,Sign(R)
2011-03-07,-0.0053604532008177655,0.9915764228172502,FX,Sign(R)
2011-03-08,-0.024556291644501786,0.9672269829907381,FX,Sign(R)
2011-03-09,0.01951877979857624,0.9861060734869755,FX,Sign(R)
2011-03-10,-0.058447138731234034,0.9284709950061698,FX,Sign(R)
2011-03-11,0.08910181879776925,1.011199449362194,FX,Sign(R)
2011-03-14,0.06649761613898082,1.07844180218583,FX,Sign(R)
2011-03-15,0.006736057817967981,1.0857062485186675,FX,Sign(R)
2011-03-16,-0.05219142795868171,1.0290416890648149,FX,Sign(R)
2011-03-17,0.06917628727723117,1.1002269725678098,FX,Sign(R)
2011-03-18,0.010685343368598667,1.1119832755530907,FX,Sign(R)
2011-03-21,0.032153150340309446,1.147737040987859,FX,Sign(R)
2011-03-22,0.01146956108333495,1.1609010810870752,FX,Sign(R)
2011-03-23,-0.02525316579132054,1.1315846536190601,FX,Sign(R)
2011-03-24,0.0135780681584837,1.1469493871729939,FX,Sign(R)
2011-03-25,-0.06139381161162865,1.0765337925688223,FX,Sign(R)
2011-03-28,0.016834231749605428,1.0946564119192077,FX,Sign(R)
2011-03-29,-0.01911613885189399,1.0737308079538441,FX,Sign(R)
2011-03-30,0.0159939272323826,1.0909039803634253,FX,Sign(R)
2011-03-31,0.026226772252555087,1.1195148706058227,FX,Sign(R)
2011-04-01,0.003227798396234444,1.123128438909725,FX,Sign(R)
2011-04-04,-0.013925956235161966,1.1074878014230023,FX,Sign(R)
2011-04-05,0.017962080115827,1.1273805860394632,FX,Sign(R)
2011-04-06,0.04281699468213543,1.1756516345966577,FX,Sign(R)
2011-04-07,0.008372055669599433,1.1854942555295565,FX,Sign(R)
2011-04-08,0.04530140581052625,1.2391988118853487,FX,Sign(R)
2011-04-11,0.0057481657836185125,1.2463219320949288,FX,Sign(R)
2011-04-12,0.010660167743921428,1.259607932953989,FX,Sign(R)
2011-04-13,-0.0029855166092071,1.2558473525490659,FX,Sign(R)
2011-04-14,0.044549802763498195,1.3117951044061882,FX,Sign(R)
2011-04-15,0.003204455998481901,1.3159986940972817,FX,Sign(R)
2011-04-18,-0.05881006646674918,1.2386047234272655,FX,Sign(R)
2011-04-19,0.05196632363049176,1.3029704573351424,FX,Sign(R)
2011-04-20,0.07612493485184985,1.402158998513665,FX,Sign(R)
2011-04-21,0.052605390759939794,1.4759201205380423,FX,Sign(R)
2011-04-22,-0.00010060839421405763,1.4757716305847266,FX,Sign(R)
2011-04-25,-0.006568443401639996,1.4660781081554848,FX,Sign(R)
2011-04-26,0.02807711330861478,1.507241349317446,FX,Sign(R)
2011-04-27,0.025062219827777253,1.5450161633475552,FX,Sign(R)
2011-04-28,0.03769776988754495,1.6032598271459688,FX,Sign(R)
2011-04-29,0.054983167420689955,1.691412130640802,FX,Sign(R)
2011-05-02,-0.018770369803860546,1.6596636994579386,FX,Sign(R)
2011-05-03,-0.04736084611305348,1.5810606223884902,FX,Sign(R)
2011-05-04,-0.003248841145290617,1.5759240075852756,FX,Sign(R)
2011-05-05,-0.13305968855767025,1.3662320499454232,FX,Sign(R)
2011-05-06,-0.024084304334833627,1.333327301462534,FX,Sign(R)
2011-05-09,0.035933309435583,1.381238163964898,FX,Sign(R)
2011-05-10,0.010332743944247262,1.3955101442391697,FX,Sign(R)
2011-05-11,-0.07346461023255874,1.2929895354170573,FX,Sign(R)
2011-05-12,0.008582431260854891,1.3040865292257788,FX,Sign(R)
2011-05-13,-0.06516912188188165,1.219100355258144,FX,Sign(R)
2011-05-16,0.012952491903524191,1.2348907427392086,FX,Sign(R)
2011-05-17,0.004023606330160583,1.2398594569487509,FX,Sign(R)
2011-05-18,-0.01045376896920078,1.22689825263153,FX,Sign(R)
2011-05-19,0.04161449015437954,1.2779549978860902,FX,Sign(R)
2011-05-20,-0.002958877658245004,1.2741736853946026,FX,Sign(R)
2011-05-23,-0.0953415522477439,1.1526919883958529,FX,Sign(R)
2011-05-24,0.026356932791980883,1.183073413663857,FX,Sign(R)
2011-05-25,0.0061412102943934075,1.1903389162908726,FX,Sign(R)
2011-05-26,0.04354660469058364,1.242174134526409,FX,Sign(R)
2011-05-27,0.07224167617806168,1.3319108761096299,FX,Sign(R)
2011-05-30,-0.01684273293828062,1.309477856925724,FX,Sign(R)
2011-05-31,0.02600653784703992,1.3435328423717237,FX,Sign(R)
2011-06-01,-0.007644334855756258,1.3332624274349283,FX,Sign(R)
2011-06-02,0.010888113767186045,1.3477791404263546,FX,Sign(R)
2011-06-03,0.042624090067818775,1.405226999899415,FX,Sign(R)
2011-06-06,-0.024579442672617587,1.3706873034133729,FX,Sign(R)
2011-06-07,0.03892070015643476,1.4240354129577568,FX,Sign(R)
2011-06-08,-0.050983767311265416,1.3514327228205167,FX,Sign(R)
2011-06-09,-0.009408663438432954,1.3387175471718136,FX,Sign(R)
2011-06-10,-0.05898493341237062,1.259753381793912,FX,Sign(R)
2011-06-13,0.04004094881678652,1.3101951024760958,FX,Sign(R)
2011-06-14,0.018464235246143733,1.33438685306656,FX,Sign(R)
2011-06-15,-0.14056323063421633,1.146821126083699,FX,Sign(R)
2011-06-16,-0.008324143896874301,1.1372748220062028,FX,Sign(R)
2011-06-17,0.07499854286206391,1.222568776490381,FX,Sign(R)
2011-06-20,-0.0018009460944814852,1.2203669960271257,FX,Sign(R)
2011-06-21,0.05028067549620431,1.2817278729406434,FX,Sign(R)
2011-06-22,-0.016714655341850834,1.260304233302397,FX,Sign(R)
2011-06-23,-0.06302865363736179,1.1808689543038795,FX,Sign(R)
2011-06-24,-0.014414366872056729,1.1638474759687214,FX,Sign(R)
2011-06-27,-0.004705733692070815,1.1583707196886237,FX,Sign(R)
2011-06-28,0.043677484275585876,1.2089654385831226,FX,Sign(R)
2011-06-29,0.06074696664952596,1.282406421761161,FX,Sign(R)
2011-06-30,0.0368381884578146,1.3296479512055104,FX,Sign(R)
2011-07-01,0.0035482838225146004,1.3343659195204127,FX,Sign(R)
2011-07-04,0.04045659242826996,1.3883498176766238,FX,Sign(R)
2011-07-05,-0.023101308274314346,1.3562771205458881,FX,Sign(R)
2011-07-06,-0.01442921719149095,1.3367071034016815,FX,Sign(R)
2011-07-07,0.019708866129306234,1.363052084756718,FX,Sign(R)
2011-07-08,0.00969751701833225,1.3762703055455194,FX,Sign(R)
2011-07-11,-0.06936513458994745,1.2808051305692065,FX,Sign(R)
2011-07-12,0.016810301241250936,1.3023358506454148,FX,Sign(R)
2011-07-13,0.08734947650288467,1.4160942054302308,FX,Sign(R)
2011-07-14,-0.00885911481150262,1.4035488642804208,FX,Sign(R)
2011-07-15,0.004234252359944659,1.4094918443712976,FX,Sign(R)
2011-07-18,-0.03540696073608004,1.359586021979818,FX,Sign(R)
2011-07-19,0.03957410154724264,1.413390417275859,FX,Sign(R)
2011-07-20,0.04693819960373116,1.479732418799954,FX,Sign(R)
2011-07-21,0.07101982416742252,1.5848227549979617,FX,Sign(R)
2011-07-22,-0.008632978749333102,1.5711410138326047,FX,Sign(R)
2011-07-25,0.023375856487002036,1.6078677806927988,FX,Sign(R)
2011-07-26,0.06714500257816897,1.7158280669727717,FX,Sign(R)
2011-07-27,-0.05081671064165931,1.6286353285825788,FX,Sign(R)
2011-07-28,-0.016520445678397385,1.6017295471068114,FX,Sign(R)
2011-07-29,0.04056639870929862,1.6667059465392104,FX,Sign(R)
2011-08-01,-0.01139855656315442,1.6477079045334373,FX,Sign(R)
2011-08-02,-0.023029427216111745,1.6097621352725724,FX,Sign(R)
2011-08-03,-0.0004711681449479913,1.6090036666334886,FX,Sign(R)
2011-08-04,-0.14848713634995236,1.3700873197985084,FX,Sign(R)
2011-08-05,-0.0020381820844105106,1.3672948323692171,FX,Sign(R)
2011-08-08,-0.056064099129377584,1.2906386793481837,FX,Sign(R)
2011-08-09,0.03413428565332221,1.3346937087042812,FX,Sign(R)
2011-08-10,0.01280754033850052,1.3517878522180542,FX,Sign(R)
2011-08-11,-0.012413730826987471,1.3350071216854278,FX,Sign(R)
2011-08-12,-0.0009533269684101312,1.3337344233933055,FX,Sign(R)
2011-08-15,0.053298194051995464,1.404820059505148,FX,Sign(R)
2011-08-16,-0.017471910611135344,1.3802751690007442,FX,Sign(R)
2011-08-17,0.03987601902584758,1.4353150479007228,FX,Sign(R)
2011-08-18,-0.06870829610971498,1.3366969965788302,FX,Sign(R)
2011-08-19,0.0010915141811716623,1.3381560203065255,FX,Sign(R)
2011-08-22,-0.006977183032002121,1.3288194608274713,FX,Sign(R)
2011-08-23,0.020961745523706596,1.3566738362122857,FX,Sign(R)
2011-08-24,-0.030519868212045047,1.3152683295243572,FX,Sign(R)
2011-08-25,-0.03789806365665488,1.265422206646461,FX,Sign(R)
2011-08-26,0.043210303985987616,1.320101484866274,FX,Sign(R)
2011-08-29,0.01426916263598832,1.3389382276498405,FX,Sign(R)
2011-08-30,-0.020016311377523063,1.3121376231699324,FX,Sign(R)
2011-08-31,0.006875014707992249,1.3211585886281358,FX,Sign(R)
2011-09-01,-0.010602244872415402,1.3071513417562055,FX,Sign(R)
2011-09-02,-0.027946147577017008,1.270621497453991,FX,Sign(R)
2011-09-05,0.016977090055578854,1.2921929530428218,FX,Sign(R)
2011-09-06,-0.1300183702985391,1.1241841311769374,FX,Sign(R)
2011-09-07,0.035416334023337215,1.1639986118704349,FX,Sign(R)
2011-09-08,-0.048884323602521894,1.1070973270548743,FX,Sign(R)
2011-09-09,-0.06908843600814252,1.030609704219858,FX,Sign(R)
2011-09-12,-0.03817288905233388,0.9912683543244148,FX,Sign(R)
2011-09-13,0.0455395655627682,1.0364102845364689,FX,Sign(R)
2011-09-14,-0.0016702233591643998,1.034679247869558,FX,Sign(R)
2011-09-15,0.02690800962741254,1.062520407032516,FX,Sign(R)
2011-09-16,-0.02432736546440104,1.036672084777252,FX,Sign(R)
2011-09-19,-0.05491507018346306,0.9797431644844722,FX,Sign(R)
2011-09-20,0.013512261988567798,0.9929817108044947,FX,Sign(R)
2011-09-21,-0.036448165154699425,0.9567893494134966,FX,Sign(R)
2011-09-22,-0.07212431739096785,0.8877815707001,FX,Sign(R)
2011-09-23,-0.032763207746896617,0.8586949986653863,FX,Sign(R)
2011-09-26,0.011716671239622894,0.8687560456598571,FX,Sign(R)
2011-09-27,0.006471536248372177,0.8743782319003374,FX,Sign(R)
2011-09-28,-0.017489985193761808,0.8590853695706528,FX,Sign(R)
2011-09-29,-0.014694426872545926,0.8464616024302227,FX,Sign(R)
2011-09-30,-0.025418279879595936,0.8249460045123201,FX,Sign(R)
2011-10-03,0.018061215033169514,0.8398455316905713,FX,Sign(R)
2011-10-04,0.003538232943731993,0.842817100818445,FX,Sign(R)
2011-10-05,-0.04506812482258649,0.8048329145161488,FX,Sign(R)
2011-10-06,-0.011889026481488079,0.7952642346822931,FX,Sign(R)
2011-10-07,-0.014340517006993585,0.783859734399778,FX,Sign(R)
2011-10-10,-0.049110809864379774,0.7453637480233273,FX,Sign(R)
2011-10-11,0.0117721346935217,0.7541382704607261,FX,Sign(R)
2011-10-12,-0.027221618690875662,0.7336094060220477,FX,Sign(R)
2011-10-13,0.009765427501046935,0.7407734154906422,FX,Sign(R)
2011-10-14,-0.009699356749660283,0.7335883898631342,FX,Sign(R)
2011-10-17,0.012728825689932336,0.7429261086058602,FX,Sign(R)
2011-10-18,0.01125769641254331,0.7512897451934971,FX,Sign(R)
2011-10-19,-0.009681824326679751,0.7440158898620977,FX,Sign(R)
2011-10-20,0.02115231462316948,0.7597535480490982,FX,Sign(R)
2011-10-21,0.010762980169681462,0.7679307604205957,FX,Sign(R)
2011-10-24,-0.0075534246058737466,0.7621302533192275,FX,Sign(R)
2011-10-25,-0.0018101135939037685,0.760750710987369,FX,Sign(R)
2011-10-26,-0.013134216756200742,0.7507588462518271,FX,Sign(R)
2011-10-27,0.07889136601351793,0.8099872371793665,FX,Sign(R)
2011-10-28,-0.01778903456025828,0.7955783462238146,FX,Sign(R)
2011-10-31,-0.07292506872067545,0.7375607406527616,FX,Sign(R)
2011-11-01,-0.061885793992674784,0.6919162085996401,FX,Sign(R)
2011-11-02,0.01812038161799129,0.7044539943471393,FX,Sign(R)
2011-11-03,-0.005477267041413244,0.7005955117017097,FX,Sign(R)
2011-11-04,-0.014482462100182784,0.6904491637559316,FX,Sign(R)
2011-11-07,-0.0059490816483308805,0.6863416253067258,FX,Sign(R)
2011-11-08,0.002427736708274094,0.6880078820648995,FX,Sign(R)
2011-11-09,0.009934959800986163,0.6948432127159758,FX,Sign(R)
2011-11-10,0.010866947077968338,0.7023940371360458,FX,Sign(R)
2011-11-11,-0.015715845850353617,0.6913553207222082,FX,Sign(R)
2011-11-14,-0.013764780761034236,0.6818389663044925,FX,Sign(R)
2011-11-15,-0.0046929313088779736,0.6786391428719092,FX,Sign(R)
2011-11-16,0.0015408905807785351,0.6796848515349081,FX,Sign(R)
2011-11-17,-0.028104421464965876,0.6605827020040184,FX,Sign(R)
2011-11-18,0.007624365064716722,0.665619225679534,FX,Sign(R)
2011-11-21,0.0013823960727398755,0.6665393750830536,FX,Sign(R)
2011-11-22,-0.0023878716080784545,0.6649477646336265,FX,Sign(R)
2011-11-23,0.01724152045475955,0.6764124751189038,FX,Sign(R)
2011-11-24,0.004056935757423629,0.6791566370759811,FX,Sign(R)
2011-11-25,-0.01494132884564033,0.6690091344237296,FX,Sign(R)
2011-11-28,-0.015271799774151114,0.6587921608757322,FX,Sign(R)
2011-11-29,-0.013688737154652346,0.6497741281459589,FX,Sign(R)
2011-11-30,0.014886809715889487,0.6594471919499757,FX,Sign(R)
2011-12-01,-0.027123908292596737,0.6415604067917141,FX,Sign(R)
2011-12-02,-0.028878541215047467,0.623033078142237,FX,Sign(R)
2011-12-05,0.005842654056156105,0.6266732448833641,FX,Sign(R)
2011-12-06,-0.007859016605342226,0.621748209445702,FX,Sign(R)
2011-12-07,-0.007412633139099595,0.6171394180641889,FX,Sign(R)
2011-12-08,-0.017500674532277192,0.6063390619676086,FX,Sign(R)
2011-12-09,0.019541858912446187,0.6181880543696845,FX,Sign(R)
2011-12-12,-0.03689656088315073,0.5953790411843969,FX,Sign(R)
2011-12-13,-0.015227609077827546,0.5863128418921091,FX,Sign(R)
2011-12-14,-0.00016021428010466125,0.5862189062022292,FX,Sign(R)
2011-12-15,0.01576041476308174,0.5954579593059364,FX,Sign(R)
2011-12-16,0.004416562361877912,0.5980878365170876,FX,Sign(R)
2011-12-19,-0.0017113546704807102,0.5970642961047065,FX,Sign(R)
2011-12-20,0.015742016966668798,0.606463292384179,FX,Sign(R)
2011-12-21,-0.013408449918071453,0.598331559701097,FX,Sign(R)
2011-12-22,-0.003349795768682964,0.5963272711741407,FX,Sign(R)
2011-12-23,-0.013692402643404671,0.5881621180699816,FX,Sign(R)
2011-12-27,0.028274090471075777,0.604791867007952,FX,Sign(R)
2011-12-28,-0.032042177906904196,0.5854130184086344,FX,Sign(R)
2011-12-29,-0.000734025723906485,0.5849833101940127,FX,Sign(R)
2011-12-30,0.014408388489226626,0.5934119769870018,FX,Sign(R)
2012-01-03,0.0007529749076436434,0.5938588013155681,FX,Sign(R)
2012-01-04,0.004914953369297053,0.5967775896319808,FX,Sign(R)
2012-01-05,-0.010787648161404413,0.59033976296442,FX,Sign(R)
2012-01-06,0.004701156573280907,0.5931150426215492,FX,Sign(R)
2012-01-09,-0.006082604226791852,0.5895073585563255,FX,Sign(R)
2012-01-10,-0.009524918272830855,0.5838923491448441,FX,Sign(R)
2012-01-11,0.019796145596774284,0.595451167101358,FX,Sign(R)
2012-01-12,-0.008838374967796443,0.5901883464115042,FX,Sign(R)
2012-01-13,0.010629030239628894,0.5964614761925886,FX,Sign(R)
2012-01-16,0.03790081794748143,0.6190678540144499,FX,Sign(R)
2012-01-17,-0.02508975747329936,0.6035355916977114,FX,Sign(R)
2012-01-18,-0.03154248992483926,0.5844985763773045,FX,Sign(R)
2012-01-19,-0.033237933277057895,0.5650710516951403,FX,Sign(R)
2012-01-20,-0.004213121609475841,0.5626903386363542,FX,Sign(R)
2012-01-23,-0.015916607622356006,0.5537342173033887,FX,Sign(R)
2012-01-24,-0.025114952424780533,0.5398272087798409,FX,Sign(R)
2012-01-25,-0.019367273459870396,0.5293722276063232,FX,Sign(R)
2012-01-26,-0.0033829107223901905,0.5275814086214182,FX,Sign(R)
2012-01-27,0.002707802640970058,0.52900999495301,FX,Sign(R)
2012-01-30,0.013590519601655896,0.5361995156588908,FX,Sign(R)
2012-01-31,-0.002354647617284925,0.5349369547469552,FX,Sign(R)
2012-02-01,0.0013050957175852905,0.5356350986757736,FX,Sign(R)
2012-02-02,-0.01202021585639696,0.5291966491694283,FX,Sign(R)
2012-02-03,-0.006061435738509897,0.525988957687453,FX,Sign(R)
2012-02-06,-0.011330887722788322,0.52002903586447,FX,Sign(R)
2012-02-07,-0.0038913366541849853,0.5180054278159701,FX,Sign(R)
2012-02-08,-0.01228755233092491,0.5116404090139782,FX,Sign(R)
2012-02-09,-0.021293386711500797,0.5007458519276131,FX,Sign(R)
2012-02-10,-0.006024687321139778,0.49772901474239145,FX,Sign(R)
2012-02-13,0.00048646984378111465,0.4979711448984386,FX,Sign(R)
2012-02-14,-0.026631836613804895,0.484709258729114,FX,Sign(R)
2012-02-15,-0.02549782278097002,0.47235022794974374,FX,Sign(R)
2012-02-16,-0.029941614808326307,0.4582072993698474,FX,Sign(R)
2012-02-17,-0.036198308325526694,0.4416209702702507,FX,Sign(R)
2012-02-20,-0.05842476204115949,0.41581937016982534,FX,Sign(R)
2012-02-21,-0.010274969858488173,0.41154683867475483,FX,Sign(R)
2012-02-22,0.005693417119698445,0.4138899464916235,FX,Sign(R)
2012-02-23,-0.005943936458311715,0.4114298109489432,FX,Sign(R)
2012-02-24,-0.039778784530119495,0.39506363314993737,FX,Sign(R)
2012-02-27,0.020513010175559638,0.40316757747673565,FX,Sign(R)
2012-02-28,-0.030988518209851865,0.390674011660476,FX,Sign(R)
2012-02-29,-0.016335619040913678,0.384292109836805,FX,Sign(R)
2012-03-01,-0.006785700412295543,0.3816844187086435,FX,Sign(R)
2012-03-02,0.0017267018407196146,0.38234347389700174,FX,Sign(R)
2012-03-05,0.019468057317345973,0.3897869585617418,FX,Sign(R)
2012-03-06,0.05452963025791937,0.41104189729147256,FX,Sign(R)
2012-03-07,-0.0183594993934406,0.4034953738274711,FX,Sign(R)
2012-03-08,-0.03504833248400791,0.3893535338098068,FX,Sign(R)
2012-03-09,0.015705645884445514,0.3954685825356811,FX,Sign(R)
2012-03-12,0.004418098021953382,0.39721580149792673,FX,Sign(R)
2012-03-13,-0.014342354759365048,0.39151879155681796,FX,Sign(R)
2012-03-14,0.027018625596666894,0.4020970911999511,FX,Sign(R)
2012-03-15,-0.03205985330553978,0.3892059174414964,FX,Sign(R)
2012-03-16,-0.02285771980316739,0.38030955763488394,FX,Sign(R)
2012-03-19,-0.02002182576505558,0.3726950659351329,FX,Sign(R)
2012-03-20,-0.008281972877628515,0.3696084155074322,FX,Sign(R)
2012-03-21,-0.004447846589125726,0.3679644539772053,FX,Sign(R)
2012-03-22,0.005059214796495711,0.36982606518735117,FX,Sign(R)
2012-03-23,-0.035542241838304296,0.35668161774035384,FX,Sign(R)
2012-03-26,-0.03232725472967482,0.34515108022626895,FX,Sign(R)
2012-03-27,0.024804827633772474,0.3537124932788919,FX,Sign(R)
2012-03-28,-0.01697458165832132,0.34770837167816093,FX,Sign(R)
2012-03-29,-0.0034562786329453963,0.34650659466263345,FX,Sign(R)
2012-03-30,-0.004637432609467914,0.34489969368114926,FX,Sign(R)
2012-04-02,-0.021209403707026783,0.3375845768394359,FX,Sign(R)
2012-04-03,0.031357537879420604,0.3481703979951867,FX,Sign(R)
2012-04-04,-0.01615132852682933,0.3425469835138495,FX,Sign(R)
2012-04-05,0.02037726794988286,0.3495271551823353,FX,Sign(R)
2012-04-06,0.02367125918669914,0.357800903065446,FX,Sign(R)
2012-04-09,-0.03347521973051737,0.34582343921555264,FX,Sign(R)
2012-04-10,0.03514617339919088,0.357977809775727,FX,Sign(R)
2012-04-11,-0.00034986205780405374,0.3578525669225507,FX,Sign(R)
2012-04-12,-0.05021519401191642,0.3398829308468725,FX,Sign(R)
2012-04-13,0.042624806000752996,0.3543703748371878,FX,Sign(R)
2012-04-16,-0.014452434325875504,0.3492488602678175,FX,Sign(R)
2012-04-17,-0.02328330951124558,0.3411171909577521,FX,Sign(R)
2012-04-18,-0.009956279618845328,0.33772093282178167,FX,Sign(R)
2012-04-19,0.0038039452605649424,0.33900560476358266,FX,Sign(R)
2012-04-20,-0.040108539549005694,0.3254085850575879,FX,Sign(R)
2012-04-23,0.011902619725027217,0.3292817997007875,FX,Sign(R)
2012-04-24,-0.020307803640216462,0.32259480957016684,FX,Sign(R)
2012-04-25,-0.03452637133788159,0.31145678138327404,FX,Sign(R)
2012-04-26,-0.01616286886045887,0.30642274627007554,FX,Sign(R)
2012-04-27,-0.033484073341858406,0.29616246456035467,FX,Sign(R)
2012-04-30,0.043528528036485686,0.30905398070232476,FX,Sign(R)
2012-05-01,-0.0015976844563964547,0.30856020996116923,FX,Sign(R)
2012-05-02,0.030966987321983927,0.31811539007110545,FX,Sign(R)
2012-05-03,0.02581508022715839,0.32632756438728483,FX,Sign(R)
2012-05-04,0.049187746658948046,0.3423788819521982,FX,Sign(R)
2012-05-07,-0.003605039788130558,0.34114459246014484,FX,Sign(R)
2012-05-08,0.04265498456501965,0.35569610978597227,FX,Sign(R)
2012-05-09,0.052350320421099834,0.3743169151058066,FX,Sign(R)
2012-05-10,-0.014123431589421762,0.3690302757625464,FX,Sign(R)
2012-05-11,0.038902674825040555,0.38338654058113175,FX,Sign(R)
2012-05-14,0.04678473077960093,0.40132317666674255,FX,Sign(R)
2012-05-15,0.0547853420069017,0.42330980415572633,FX,Sign(R)
2012-05-16,0.035575022209309436,0.4383690598399847,FX,Sign(R)
2012-05-17,0.048395134060369514,0.45958398925885885,FX,Sign(R)
2012-05-18,0.028433699095102922,0.47265166211837223,FX,Sign(R)
2012-05-21,-0.0499848176362124,0.4490262549819327,FX,Sign(R)
2012-05-22,0.0198873656558836,0.4579562043038504,FX,Sign(R)
2012-05-23,0.11280985765574944,0.5096181785239351,FX,Sign(R)
2012-05-24,0.02484350989517858,0.5222788827848573,FX,Sign(R)
2012-05-25,-0.00035082052556884686,0.5220956566327052,FX,Sign(R)
2012-05-28,-0.034581159531926656,0.5040409834397637,FX,Sign(R)
2012-05-29,-0.014823894375925649,0.4965691331401149,FX,Sign(R)
2012-05-30,0.11184520017023078,0.552108007234529,FX,Sign(R)
2012-05-31,0.03773174965368283,0.572940008345296,FX,Sign(R)
2012-06-01,0.01588781914937975,0.5820427755813301,FX,Sign(R)
2012-06-04,-0.030677737089633277,0.5641870203371256,FX,Sign(R)
2012-06-05,-0.007109893946806587,0.5601757104563638,FX,Sign(R)
2012-06-06,-0.11408988100834747,0.4962653303066308,FX,Sign(R)
2012-06-07,-0.05223777653828227,0.47034153287837616,FX,Sign(R)
2012-06-08,0.06302995604267814,0.49998713902074604,FX,Sign(R)
2012-06-11,0.009771401496140664,0.5048727140990245,FX,Sign(R)
2012-06-12,-0.030857952880525206,0.4892933756766939,FX,Sign(R)
2012-06-13,-0.019776828716359513,0.47961670439388654,FX,Sign(R)
2012-06-14,-0.012701135363213403,0.47352502770892146,FX,Sign(R)
2012-06-15,-0.049715753083648666,0.44998337435241686,FX,Sign(R)
2012-06-18,0.001375290391392008,0.45060223216344986,FX,Sign(R)
2012-06-19,-0.07385204940214812,0.4173243338529965,FX,Sign(R)
2012-06-20,0.0017666304537074305,0.41806159173025437,FX,Sign(R)
2012-06-21,0.045899201029682896,0.4372502847718705,FX,Sign(R)
2012-06-22,-0.016905340718130907,0.42985841972870226,FX,Sign(R)
2012-06-25,0.03536159528135011,0.4450588991954294,FX,Sign(R)
2012-06-26,-0.035262593241111584,0.4293649682647641,FX,Sign(R)
2012-06-27,-0.007640124495218813,0.42608456645333564,FX,Sign(R)
2012-06-28,0.047044282970913245,0.44612940936710527,FX,Sign(R)
2012-06-29,-0.20134571209976032,0.35630316574943993,FX,Sign(R)
2012-07-02,0.021034424155954787,0.36379779766592313,FX,Sign(R)
2012-07-03,-0.030490750062621665,0.35270532994395926,FX,Sign(R)
2012-07-04,0.03083011107918311,0.36357927444435145,FX,Sign(R)
2012-07-05,0.07833574510648521,0.392060527813225,FX,Sign(R)
2012-07-06,0.04871039461846255,0.4111579508373299,FX,Sign(R)
2012-07-09,-0.01625184162350966,0.40447587693807485,FX,Sign(R)
2012-07-10,0.022617605846892593,0.4136241528972364,FX,Sign(R)
2012-07-11,0.0014384516214499148,0.41421913123064225,FX,Sign(R)
2012-07-12,0.01863544184850275,0.4219382877632282,FX,Sign(R)
2012-07-13,-0.05849348827226134,0.3972576454763318,FX,Sign(R)
2012-07-16,-0.029293512925352292,0.38562057350387585,FX,Sign(R)
2012-07-17,-0.006551859248391339,0.3830940417829945,FX,Sign(R)
2012-07-18,0.002040084290225457,0.383875585919315,FX,Sign(R)
2012-07-19,-0.014615133493123125,0.3782651929863533,FX,Sign(R)
2012-07-20,0.06396060214416588,0.4024592624999396,FX,Sign(R)
2012-07-23,0.04237089145930302,0.4195118202281157,FX,Sign(R)
2012-07-24,0.03419070022502081,0.433855223114388,FX,Sign(R)
2012-07-25,-0.058572235993120815,0.408443352599284,FX,Sign(R)
2012-07-26,-0.09002385991652688,0.3716737054410495,FX,Sign(R)
2012-07-27,-0.03732878179347868,0.3577995787922669,FX,Sign(R)
2012-07-30,0.002717333855711204,0.35877183970127835,FX,Sign(R)
2012-07-31,-0.005632591594493462,0.35675102445263596,FX,Sign(R)
2012-08-01,0.044293432666026186,0.37255275193276466,FX,Sign(R)
2012-08-02,0.025933174022991494,0.38221422728138144,FX,Sign(R)
2012-08-03,-0.08688994876398921,0.34900365265603445,FX,Sign(R)
2012-08-06,-0.005417950269743778,0.3471127682219851,FX,Sign(R)
2012-08-07,-0.018026035425780292,0.34085570116527497,FX,Sign(R)
2012-08-08,0.004712383775874721,0.3424619440413606,FX,Sign(R)
2012-08-09,0.02381332716919292,0.35061710235781535,FX,Sign(R)
2012-08-10,-0.016243283802559457,0.3449219292581863,FX,Sign(R)
2012-08-13,-0.015507239877112531,0.33957314216230317,FX,Sign(R)
2012-08-14,0.013955144655044608,0.3443119344821461,FX,Sign(R)
2012-08-15,0.004960097056667542,0.3460197550949465,FX,Sign(R)
2012-08-16,-0.006430217806423973,0.3437947727043605,FX,Sign(R)
2012-08-17,0.022310832236657537,0.3514651202020073,FX,Sign(R)
2012-08-20,-0.019396411754074624,0.3446479580133739,FX,Sign(R)
2012-08-21,-0.04228746343665032,0.33007367009036714,FX,Sign(R)
2012-08-22,-0.05467357120128436,0.31202736378701224,FX,Sign(R)
2012-08-23,-0.019775261445515425,0.30585694108996914,FX,Sign(R)
2012-08-24,0.02883732572992946,0.3146770373269404,FX,Sign(R)
2012-08-27,0.0036275054862686387,0.31581853000624666,FX,Sign(R)
2012-08-28,-0.025876840670576537,0.30764614422445935,FX,Sign(R)
2012-08-29,0.015579538476723352,0.31243912916561994,FX,Sign(R)
2012-08-30,0.0026052598676402066,0.3132531142899156,FX,Sign(R)
2012-08-31,-0.06885476015073656,0.2916841462390122,FX,Sign(R)
2012-09-03,-0.10256673957983573,0.2617670543721487,FX,Sign(R)
2012-09-04,0.018998017300869946,0.26674010939990855,FX,Sign(R)
2012-09-05,-0.048098550535784663,0.2539102967680163,FX,Sign(R)
2012-09-06,0.030857559813695826,0.2617453489378486,FX,Sign(R)
2012-09-07,-0.07780705962484381,0.2413797129665159,FX,Sign(R)
2012-09-10,-0.010155607053121955,0.2389283554510326,FX,Sign(R)
2012-09-11,-0.015041153536527943,0.2353345973724635,FX,Sign(R)
2012-09-12,0.0026457832980887625,0.23595724171965404,FX,Sign(R)
2012-09-13,0.025110660070526522,0.2418822838076553,FX,Sign(R)
2012-09-14,0.016697026166021294,0.2459209986294887,FX,Sign(R)
2012-09-17,-0.015133414449765792,0.24219937423532836,FX,Sign(R)
2012-09-18,-0.005138271121903459,0.2409548881849519,FX,Sign(R)
2012-09-19,-0.0043171925973207945,0.23991463952539158,FX,Sign(R)
2012-09-20,-0.014120284103872512,0.23652697665461486,FX,Sign(R)
2012-09-21,0.0013131416230849752,0.23683757007264247,FX,Sign(R)
2012-09-24,-0.01508847624514989,0.2332640520226424,FX,Sign(R)
2012-09-25,-0.00583605301506983,0.23190271064852824,FX,Sign(R)
2012-09-26,-0.024991976442529422,0.22610700356704153,FX,Sign(R)
2012-09-27,0.035415109522680455,0.23411460786221341,FX,Sign(R)
2012-09-28,-0.027951435759954252,0.22757076844008586,FX,Sign(R)
2012-10-01,0.000519990503708124,0.22768910307859627,FX,Sign(R)
2012-10-02,-0.029021746869433214,0.22108116756412097,FX,Sign(R)
2012-10-03,-0.00738572928745472,0.21944832190993796,FX,Sign(R)
2012-10-04,-0.001653534056542289,0.2190854566360088,FX,Sign(R)
2012-10-05,-0.009847937971595312,0.21692791664857877,FX,Sign(R)
2012-10-08,-0.007108346182108548,0.2153859179204771,FX,Sign(R)
2012-10-09,0.010994100629382157,0.21775389237624665,FX,Sign(R)
2012-10-10,-0.028067387605155425,0.21164210947639125,FX,Sign(R)
2012-10-11,0.0068201239175767455,0.21308553488919757,FX,Sign(R)
2012-10-12,-0.005068332193327742,0.2120055466127862,FX,Sign(R)
2012-10-15,0.02502154106551512,0.217310252103475,FX,Sign(R)
2012-10-16,-0.0519883160835779,0.20601265802891752,FX,Sign(R)
2012-10-17,0.021533130994442356,0.21044875558076748,FX,Sign(R)
2012-10-18,0.0037851528266877868,0.21124533628282693,FX,Sign(R)
2012-10-19,-0.018286900642806834,0.20738231380696656,FX,Sign(R)
2012-10-22,0.0201787448617828,0.2115670286061235,FX,Sign(R)
2012-10-23,-0.005306929380310959,0.21044425732610858,FX,Sign(R)
2012-10-24,0.019071087885268435,0.21445765825252486,FX,Sign(R)
2012-10-25,0.012060664522905227,0.21704416012307645,FX,Sign(R)
2012-10-26,-0.04020867015578113,0.20831710307944912,FX,Sign(R)
2012-10-29,-0.010660652257670149,0.2060963068841939,FX,Sign(R)
2012-10-30,-0.015048995015895258,0.20299476458909924,FX,Sign(R)
2012-10-31,-0.01466614779154177,0.2000176133707263,FX,Sign(R)
2012-11-01,0.026713002185075777,0.20536068431375218,FX,Sign(R)
2012-11-02,0.03452671448517481,0.21245111402753322,FX,Sign(R)
2012-11-05,-0.0016326377347527425,0.21210425832198163,FX,Sign(R)
2012-11-06,0.028223747110041483,0.21809063526982414,FX,Sign(R)
2012-11-07,-0.03257096985224686,0.21098721176339333,FX,Sign(R)
2012-11-08,-0.028020867288466353,0.20507516710300774,FX,Sign(R)
2012-11-09,-0.016708712387319108,0.2016486251181022,FX,Sign(R)
2012-11-12,-0.004105682929921415,0.20082071980011268,FX,Sign(R)
2012-11-13,-0.013160968439773246,0.19817772464477085,FX,Sign(R)
2012-11-14,-0.02187601551905477,0.19384238566491088,FX,Sign(R)
2012-11-15,0.0220643862003157,0.198119398924212,FX,Sign(R)
2012-11-16,0.05116406958072552,0.2082559936360619,FX,Sign(R)
2012-11-19,0.012748384329459966,0.210910921081848,FX,Sign(R)
2012-11-20,0.0032832275339247955,0.21160338962514935,FX,Sign(R)
2012-11-21,0.014885004286221255,0.21475310698669864,FX,Sign(R)
2012-11-22,0.00208632580722113,0.21520115193598593,FX,Sign(R)
2012-11-23,-0.010911384333926542,0.21285300945810867,FX,Sign(R)
2012-11-26,-0.018049833639525295,0.2090110480477175,FX,Sign(R)
2012-11-27,0.012232742779204345,0.21156782643649716,FX,Sign(R)
2012-11-28,-0.0061491813482822295,0.21026685750427723,FX,Sign(R)
2012-11-29,0.0031408472839566143,0.21092727359257565,FX,Sign(R)
2012-11-30,-0.005424881234241524,0.20978301818427356,FX,Sign(R)
2012-12-03,-0.015625480989730198,0.206505057621667,FX,Sign(R)
2012-12-04,-0.0012989866685860193,0.20623681030482086,FX,Sign(R)
2012-12-05,0.01850764061814188,0.21005376707217438,FX,Sign(R)
2012-12-06,0.015549446083021834,0.2133199867977988,FX,Sign(R)
2012-12-07,0.016785603305007158,0.216900691473216,FX,Sign(R)
2012-12-10,0.010013101916301226,0.21907254020265352,FX,Sign(R)
2012-12-11,0.023638563173047925,0.22425110028371403,FX,Sign(R)
2012-12-12,0.025756809509018617,0.2300270931559095,FX,Sign(R)
2012-12-13,-0.013037330558340419,0.22702815390506173,FX,Sign(R)
2012-12-14,0.028536645502522537,0.23350677585214258,FX,Sign(R)
2012-12-17,0.017450656957608463,0.2375816224948155,FX,Sign(R)
2012-12-18,0.043022906580478616,0.24780307444464847,FX,Sign(R)
2012-12-19,0.014687437252543527,0.2514426665515416,FX,Sign(R)
2012-12-20,-0.005440784401719766,0.25007462121344115,FX,Sign(R)
2012-12-21,-0.11267530283374111,0.22189738753718358,FX,Sign(R)
2012-12-24,0.010387549627996864,0.22420235766254892,FX,Sign(R)
2012-12-26,0.03305132806758384,0.2316125433391796,FX,Sign(R)
2012-12-27,0.015277200275640208,0.23515093455012268,FX,Sign(R)
2012-12-28,-7.979702040208845e-05,0.2351321702062008,FX,Sign(R)
2012-12-31,0.02755928788476615,0.24161224537588333,FX,Sign(R)
2013-01-02,0.07609181112975391,0.2599969587176608,FX,Sign(R)
2013-01-03,-0.07108247946335666,0.2415157302390775,FX,Sign(R)
2013-01-04,0.009840411768908498,0.24389234447329866,FX,Sign(R)
2013-01-07,0.015707225924002022,0.24772321662907532,FX,Sign(R)
2013-01-08,-0.04049982337146771,0.23769047011058592,FX,Sign(R)
2013-01-09,0.003427003681543757,0.23850503622672278,FX,Sign(R)
2013-01-10,0.1394040304036521,0.271753599548297,FX,Sign(R)
2013-01-11,0.027320204550749835,0.279177963475359,FX,Sign(R)
2013-01-14,0.011109166602926527,0.2822793979834725,FX,Sign(R)
2013-01-15,-0.058928110161254245,0.26564520652284995,FX,Sign(R)
2013-01-16,-0.03341577093790369,0.25676846715093027,FX,Sign(R)
2013-01-17,0.043767965126269986,0.268006700466718,FX,Sign(R)
2013-01-18,-0.058026953687814714,0.2524550880707117,FX,Sign(R)
2013-01-21,-0.09586442548191908,0.22825362609282565,FX,Sign(R)
2013-01-22,-0.016259221162577782,0.22454239990502206,FX,Sign(R)
2013-01-23,-0.03419197133101665,0.21686485260487187,FX,Sign(R)
2013-01-24,0.003861262817582404,0.21770222479667556,FX,Sign(R)
2013-01-25,0.016741443605542264,0.22134687431591016,FX,Sign(R)
2013-01-28,-0.028856569397452472,0.21495956287630388,FX,Sign(R)
2013-01-29,0.03524164457024081,0.2225350913881649,FX,Sign(R)
2013-01-30,0.01060570501632965,0.22489523292320976,FX,Sign(R)
2013-01-31,0.02514262960738483,0.23054969046506457,FX,Sign(R)
2013-02-01,0.048951511299604504,0.24183544624298547,FX,Sign(R)
2013-02-04,-0.04484632215996834,0.23099001591107285,FX,Sign(R)
2013-02-05,0.021794710411608957,0.23602437641582763,FX,Sign(R)
2013-02-06,-0.03003632545994098,0.22893507142932223,FX,Sign(R)
2013-02-07,-0.03657673335007359,0.22056137436717185,FX,Sign(R)
2013-02-08,-0.04946330358354099,0.2096516801480454,FX,Sign(R)
2013-02-11,0.02450523827681976,0.21478924452520887,FX,Sign(R)
2013-02-12,0.016298720371501013,0.2182900343605312,FX,Sign(R)
2013-02-13,-0.009743679503365566,0.21616308622694355,FX,Sign(R)
2013-02-14,-0.027428389963487603,0.21023408080219994,FX,Sign(R)
2013-02-15,-0.04495076387593784,0.2007838982773854,FX,Sign(R)
2013-02-18,0.09671471772800687,0.22020265632361155,FX,Sign(R)
2013-02-19,-0.024780160284896782,0.2147459992047524,FX,Sign(R)
2013-02-20,0.056114638244758645,0.2267963932646363,FX,Sign(R)
2013-02-21,-0.02163440973915033,0.22188978716538768,FX,Sign(R)
2013-02-22,-0.00437733317666227,0.2209185016384661,FX,Sign(R)
2013-02-25,0.02418658559152632,0.22626176588709662,FX,Sign(R)
2013-02-26,-0.007627650965660339,0.2245359201100359,FX,Sign(R)
2013-02-27,-0.014730774070013188,0.22122833220029242,FX,Sign(R)
2013-02-28,0.0570318913204855,0.23384540239935175,FX,Sign(R)
2013-03-01,0.05568379668761498,0.24686680224289076,FX,Sign(R)
2013-03-04,-0.015558479563616513,0.24302593014525936,FX,Sign(R)
2013-03-05,-0.0053606849817933785,0.2417231446913433,FX,Sign(R)
2013-03-06,0.05291646005014131,0.25451427782059727,FX,Sign(R)
2013-03-07,-0.022960722463579795,0.2486704461245401,FX,Sign(R)
2013-03-08,0.08636384542322434,0.2701465820949641,FX,Sign(R)
2013-03-11,-0.01223845602149305,0.2668404050306382,FX,Sign(R)
2013-03-12,0.008813414940563612,0.2691921802430813,FX,Sign(R)
2013-03-13,0.025863174469648444,0.2761543445665732,FX,Sign(R)
2013-03-14,-0.03539891043779134,0.2663787816562541,FX,Sign(R)
2013-03-15,-0.028036293431317836,0.2589105079698624,FX,Sign(R)
2013-03-18,0.01926508986028954,0.263898442171675,FX,Sign(R)
2013-03-19,0.028085784214281633,0.27131023687299377,FX,Sign(R)
2013-03-20,-0.006176744836747971,0.26963442276823163,FX,Sign(R)
2013-03-21,0.0018924789197796296,0.27014470022936743,FX,Sign(R)
2013-03-22,-0.045777115112294604,0.25777825518999137,FX,Sign(R)
2013-03-25,0.04497864300324947,0.2693727713041825,FX,Sign(R)
2013-03-26,-0.0009690038431204302,0.2691117480535568,FX,Sign(R)
2013-03-27,0.027287396683498773,0.276455107074884,FX,Sign(R)
2013-03-28,-0.036823996671766744,0.2662749251320656,FX,Sign(R)
2013-03-29,0.01000643067707757,0.2689393867114436,FX,Sign(R)
2013-04-01,-0.03846512047192019,0.2585946008019436,FX,Sign(R)
2013-04-02,0.02775982607280244,0.2657731419435713,FX,Sign(R)
2013-04-03,-0.01859109820292737,0.26083212736199785,FX,Sign(R)
2013-04-04,0.02063185768623106,0.26621357869372747,FX,Sign(R)
2013-04-05,0.0019250730668320054,0.26672605928409576,FX,Sign(R)
2013-04-08,0.05517814137762826,0.28144350749237124,FX,Sign(R)
2013-04-09,-0.021208869702295827,0.2754744088134084,FX,Sign(R)
2013-04-10,0.030068679728338155,0.28375756058537205,FX,Sign(R)
2013-04-11,-0.013900881425294177,0.27981308038214403,FX,Sign(R)
2013-04-12,-0.008616524989042548,0.27740206398277034,FX,Sign(R)
2013-04-15,-0.08433981370823071,0.2540060255841848,FX,Sign(R)
2013-04-16,-0.05784631584718918,0.23931271280115282,FX,Sign(R)
2013-04-17,0.0688332203545728,0.25578537749504515,FX,Sign(R)
2013-04-18,-0.026058295366169777,0.24912004657793202,FX,Sign(R)
2013-04-19,0.022143201078995863,0.254636361862116,FX,Sign(R)
2013-04-22,0.002617561936199145,0.2553028883104985,FX,Sign(R)
2013-04-23,0.031658301898950934,0.26338534422430643,FX,Sign(R)
2013-04-24,0.015573246158483302,0.2674871090244484,FX,Sign(R)
2013-04-25,-0.02476832166243697,0.2608619022675755,FX,Sign(R)
2013-04-26,-0.03002090686793902,0.2530305913942072,FX,Sign(R)
2013-04-29,-0.04340772480932152,0.24204710911462757,FX,Sign(R)
2013-04-30,-0.02686641883200704,0.23554417010407747,FX,Sign(R)
2013-05-01,-0.04363248450372967,0.22526679275206743,FX,Sign(R)
2013-05-02,0.04845883073038995,0.2361829581312177,FX,Sign(R)
2013-05-03,0.03419960119326286,0.24426032110795043,FX,Sign(R)
2013-05-06,0.009228685479709148,0.2465145227866285,FX,Sign(R)
2013-05-07,-0.0032951375425914918,0.24570222352780025,FX,Sign(R)
2013-05-08,-0.033087150067426255,0.2375726371860356,FX,Sign(R)
2013-05-09,0.07971898954844248,0.2565116877668651,FX,Sign(R)
2013-05-10,0.009287123195377587,0.2588939434122102,FX,Sign(R)
2013-05-13,0.011200654168349037,0.26179372493865055,FX,Sign(R)
2013-05-14,0.012132999091052688,0.2649700679653745,FX,Sign(R)
2013-05-15,0.00019775539214815488,0.2650224672250725,FX,Sign(R)
2013-05-16,-0.028471827162799952,0.25747679334398144,FX,Sign(R)
2013-05-17,0.05005952562004689,0.270365959476952,FX,Sign(R)
2013-05-20,-0.0014792210124091236,0.26996602846865353,FX,Sign(R)
2013-05-21,0.017679265528385137,0.2747388295695944,FX,Sign(R)
2013-05-22,-0.009879043521909008,0.272024672715118,FX,Sign(R)
2013-05-23,-0.06584564749178859,0.2541130320064492,FX,Sign(R)
2013-05-24,-0.04431063944221604,0.24285312106764312,FX,Sign(R)
2013-05-27,-0.06304084543065294,0.2275434550000662,FX,Sign(R)
2013-05-28,0.016381987673471647,0.23127106907505643,FX,Sign(R)
2013-05-29,-0.026624966326268488,0.22511348464869294,FX,Sign(R)
2013-05-30,-0.06344682681094829,0.21083074837537824,FX,Sign(R)
2013-05-31,-0.016635088139184132,0.20732356029370366,FX,Sign(R)
2013-06-03,0.03711301197521603,0.21501796206962834,FX,Sign(R)
2013-06-04,-0.009259902092311667,0.2130269167927752,FX,Sign(R)
2013-06-05,-0.044012567083403405,0.2036510553268626,FX,Sign(R)
2013-06-06,0.03041115513352753,0.2098443191635144,FX,Sign(R)
2013-06-07,-0.0187164855621822,0.20591677099358452,FX,Sign(R)
2013-06-10,0.03346441756239906,0.21280765580121472,FX,Sign(R)
2013-06-11,0.008664827256424331,0.21465159737757683,FX,Sign(R)
2013-06-12,-0.008267478193104895,0.2128769699771426,FX,Sign(R)
2013-06-13,-0.009731576049462613,0.21080534155463085,FX,Sign(R)
2013-06-14,0.006780790485405547,0.21223476840891717,FX,Sign(R)
2013-06-17,-0.003763386748789408,0.21143604689385467,FX,Sign(R)
2013-06-18,0.012784756554610711,0.21413920528026184,FX,Sign(R)
2013-06-19,-0.06037105412187812,0.20121139572867117,FX,Sign(R)
2013-06-20,-0.04144231247696145,0.19287273019295803,FX,Sign(R)
2013-06-21,-0.006821129084774381,0.191557120403379,FX,Sign(R)
2013-06-24,-0.007014894565802337,0.1902133674004206,FX,Sign(R)
2013-06-25,-0.0037217716438548796,0.18950543668334757,FX,Sign(R)
2013-06-26,-0.015216194761885078,0.18662188505033767,FX,Sign(R)
2013-06-27,0.03405905218862069,0.19297804957280587,FX,Sign(R)
2013-06-28,0.030841066526218083,0.19892969843778058,FX,Sign(R)
2013-07-01,0.004877419408334388,0.1998999620098351,FX,Sign(R)
2013-07-02,0.013423649392915333,0.20258334901351222,FX,Sign(R)
2013-07-03,-0.019259490621464197,0.19868169690312168,FX,Sign(R)
2013-07-04,-0.03585295508130157,0.19155837094857728,FX,Sign(R)
2013-07-05,0.032673551239433274,0.19781726319710796,FX,Sign(R)
2013-07-08,0.0032192530424073784,0.19845408702349596,FX,Sign(R)
2013-07-09,0.0030847254484805595,0.1990662633960923,FX,Sign(R)
2013-07-10,0.0042085136485491975,0.19990403648256044,FX,Sign(R)
2013-07-11,-0.07307638866215954,0.18529577141742634,FX,Sign(R)
2013-07-12,0.003858749835877604,0.18601078144497213,FX,Sign(R)
2013-07-15,0.014312870470041107,0.18867312966582514,FX,Sign(R)
2013-07-16,-0.000487335517285217,0.18858118254858164,FX,Sign(R)
2013-07-17,0.004199280297694414,0.18937308779297382,FX,Sign(R)
2013-07-18,0.008027536368993433,0.1908932871425405,FX,Sign(R)
2013-07-19,-0.0049302005518863865,0.18995214495291893,FX,Sign(R)
2013-07-22,-0.0016262391059185092,0.1896432373465434,FX,Sign(R)
2013-07-23,-0.005154831114892164,0.18866565848594055,FX,Sign(R)
2013-07-24,0.005895415156005259,0.1897779208683963,FX,Sign(R)
2013-07-25,-0.009842495773802251,0.18791003248428811,FX,Sign(R)
2013-07-26,-0.017570835205571445,0.1846082962700331,FX,Sign(R)
2013-07-29,-0.022400335492113066,0.18047300849895698,FX,Sign(R)
2013-07-30,0.03348861386416546,0.1865167993934828,FX,Sign(R)
2013-07-31,0.008450781314868282,0.18809301207670628,FX,Sign(R)
2013-08-01,0.007862361219254245,0.1895718672804709,FX,Sign(R)
2013-08-02,0.03692139674422637,0.196571125403877,FX,Sign(R)
2013-08-05,-0.020751526751534258,0.19249197443647925,FX,Sign(R)
2013-08-06,0.002291649994302516,0.19293309866859987,FX,Sign(R)
2013-08-07,-0.020863798815336506,0.18890778131315872,FX,Sign(R)
2013-08-08,-0.011506126385332962,0.18673418450619667,FX,Sign(R)
2013-08-09,-0.025731067952779105,0.18192931451556094,FX,Sign(R)
2013-08-12,-0.003395686280840875,0.18131153963817767,FX,Sign(R)
2013-08-13,0.008834035878538517,0.1829132522845344,FX,Sign(R)
2013-08-14,-0.008985749349300333,0.18126963964684023,FX,Sign(R)
2013-08-15,-0.0043852893050608365,0.1804747198347647,FX,Sign(R)
2013-08-16,-0.013638242435516357,0.17801336185217628,FX,Sign(R)
2013-08-19,0.004579115334542939,0.17882850556718713,FX,Sign(R)
2013-08-20,0.0246835132144907,0.18324262134748243,FX,Sign(R)
2013-08-21,-0.010844021153084435,0.18125553448544368,FX,Sign(R)
2013-08-22,0.01639828887575502,0.18422781510026537,FX,Sign(R)
2013-08-23,0.02499769674076433,0.18883308615335542,FX,Sign(R)
2013-08-26,-0.01843999545235515,0.18535100490343334,FX,Sign(R)
2013-08-27,-0.005503299005897911,0.18433096290240608,FX,Sign(R)
2013-08-28,-0.012328024661015041,0.1820585262459566,FX,Sign(R)
2013-08-29,-0.018012611750668754,0.17877917669678925,FX,Sign(R)
2013-08-30,-0.00831930387214628,0.17729185839983652,FX,Sign(R)
2013-09-02,0.06767109971337212,0.1892893934279809,FX,Sign(R)
2013-09-03,-0.019033942648774817,0.18568646996945135,FX,Sign(R)
2013-09-04,-0.017726415596203297,0.18239491443218095,FX,Sign(R)
2013-09-05,-0.007196239030776617,0.18108235702992892,FX,Sign(R)
2013-09-06,-0.02005653729774489,0.17745047198219457,FX,Sign(R)
2013-09-09,0.012344088519582604,0.17964093631618452,FX,Sign(R)
2013-09-10,-0.002216827441086193,0.17924270335901638,FX,Sign(R)
2013-09-11,-0.012238334994387593,0.1770490711100091,FX,Sign(R)
2013-09-12,-0.0016691420803041195,0.17675355105514062,FX,Sign(R)
2013-09-13,0.0021978385159479386,0.1771420268174802,FX,Sign(R)
2013-09-16,-0.0018645807445345076,0.1768117312052285,FX,Sign(R)
2013-09-17,-0.011920215495693387,0.17470409726709554,FX,Sign(R)
2013-09-18,-0.05857647148303757,0.1644705476955597,FX,Sign(R)
2013-09-19,0.03958793222848064,0.1709815965913126,FX,Sign(R)
2013-09-20,-0.005879278624865062,0.169976348145228,FX,Sign(R)
2013-09-23,-0.013304515639649921,0.16771489516295923,FX,Sign(R)
2013-09-24,0.004169807029294929,0.16841423391172722,FX,Sign(R)
2013-09-25,-0.008083332661583814,0.16705288563407295,FX,Sign(R)
2013-09-26,0.003304651689695357,0.16760493723485206,FX,Sign(R)
2013-09-27,-0.013161592469467489,0.16539898935509625,FX,Sign(R)
2013-09-30,-0.0067777206641317644,0.1642779612071177,FX,Sign(R)
2013-10-01,-0.010376581731700488,0.16257331751593493,FX,Sign(R)
2013-10-02,0.002339973950492882,0.1629537348439674,FX,Sign(R)
2013-10-03,-0.006000942843255864,0.16197585879507367,FX,Sign(R)
2013-10-04,-0.04475727799780606,0.15472626025404917,FX,Sign(R)
2013-10-07,0.006803408316321926,0.15577892617981498,FX,Sign(R)
2013-10-08,6.306588303221629e-06,0.1557799086133687,FX,Sign(R)
2013-10-09,-0.00037968612499857265,0.15572076114351466,FX,Sign(R)
2013-10-10,0.01640797398759689,0.15827582334168622,FX,Sign(R)
2013-10-11,0.005163710065948065,0.1590931138038719,FX,Sign(R)
2013-10-14,0.004615405924520611,0.15982739310387273,FX,Sign(R)
2013-10-15,-0.01792729928854892,0.15696211959319104,FX,Sign(R)
2013-10-16,0.004784708471046939,0.15771313757644204,FX,Sign(R)
2013-10-17,-0.018792574926669837,0.15474930162161657,FX,Sign(R)
2013-10-18,-0.008934739444893761,0.15336665693234816,FX,Sign(R)
2013-10-21,-0.016469058516512366,0.15084085248484744,FX,Sign(R)
2013-10-22,0.04413802107350549,0.15749866921056915,FX,Sign(R)
2013-10-23,0.00043181470673553303,0.15756667945222555,FX,Sign(R)
2013-10-24,0.014610083655125573,0.1598687418202829,FX,Sign(R)
2013-10-25,-0.002052392831215503,0.1595406283606355,FX,Sign(R)
2013-10-28,0.005001443728814085,0.1603385618358409,FX,Sign(R)
2013-10-29,-0.013337468729141804,0.15820005128127979,FX,Sign(R)
2013-10-30,0.00401335905505117,0.15883496488959906,FX,Sign(R)
2013-10-31,-0.06080096068312743,0.1491776464342406,FX,Sign(R)
2013-11-01,-0.03129102370298108,0.14450972516371186,FX,Sign(R)
2013-11-04,0.002146691753332384,0.14481994299899711,FX,Sign(R)
2013-11-05,-0.02836910248276717,0.14071153119451008,FX,Sign(R)
2013-11-06,0.0060721455069022755,0.14156595208642217,FX,Sign(R)
2013-11-07,-0.03739465188593506,0.13627214258924944,FX,Sign(R)
2013-11-08,-0.007151377563424536,0.1352976090462169,FX,Sign(R)
2013-11-11,0.018331097449767342,0.1377777627023636,FX,Sign(R)
2013-11-12,0.019640265998811322,0.14048375461055915,FX,Sign(R)
2013-11-13,0.0277212466718144,0.1443781394255011,FX,Sign(R)
2013-11-14,0.02889744841399097,0.14855029926165753,FX,Sign(R)
2013-11-15,0.020363898451944393,0.15157536247082787,FX,Sign(R)
2013-11-18,1.0679055246888789e-05,0.15157698115249776,FX,Sign(R)
2013-11-19,0.009916059902815369,0.15308002757749387,FX,Sign(R)
2013-11-20,-0.04527963079822086,0.14614862044620347,FX,Sign(R)
2013-11-21,0.07388349742679544,0.15694659166887026,FX,Sign(R)
2013-11-22,0.02952416535232907,0.16158030879278645,FX,Sign(R)
2013-11-25,-0.0010910861985646797,0.16140401074790284,FX,Sign(R)
2013-11-26,0.015347324874402614,0.1638811305368825,FX,Sign(R)
2013-11-27,0.02058505277312175,0.16725463225750306,FX,Sign(R)
2013-11-28,0.04129483162971429,0.17416138413586643,FX,Sign(R)
2013-11-29,0.020027668650092863,0.17764943062898111,FX,Sign(R)
2013-12-02,-0.008461225221295412,0.17614629878599442,FX,Sign(R)
2013-12-03,0.009074603362153655,0.1777447565811887,FX,Sign(R)
2013-12-04,0.013065917520924463,0.18006715491045533,FX,Sign(R)
2013-12-05,-0.010676348762030715,0.1781446951640447,FX,Sign(R)
2013-12-06,0.03667885223870019,0.184678838115075,FX,Sign(R)
2013-12-09,0.04052834542391698,0.19216356585869038,FX,Sign(R)
2013-12-10,-0.0059985080886552035,0.19101087115454218,FX,Sign(R)
2013-12-11,-0.008551636563698577,0.18937741560471308,FX,Sign(R)
2013-12-12,0.008195838029859777,0.19092952222952272,FX,Sign(R)
2013-12-13,-0.012940686593265877,0.18845876312094847,FX,Sign(R)
2013-12-16,-0.0036094539679981355,0.18777852989059754,FX,Sign(R)
2013-12-17,0.0007615628766218095,0.18792153504798884,FX,Sign(R)
2013-12-18,0.051763871936718144,0.19764908132236442,FX,Sign(R)
2013-12-19,-0.017750550675480883,0.19414070128838953,FX,Sign(R)
2013-12-20,-0.010338597258897646,0.19213355876620894,FX,Sign(R)
2013-12-23,-0.01663292039731693,0.18893781657759737,FX,Sign(R)
2013-12-24,0.0013713287964048414,0.18919691244620007,FX,Sign(R)
2013-12-26,0.031200325941386633,0.1950999177816255,FX,Sign(R)
2013-12-27,0.03347847645066478,0.20163156578460428,FX,Sign(R)
2013-12-30,0.011245050815686023,0.2038989229878985,FX,Sign(R)
2013-12-31,-0.008724651826310138,0.20211997587706945,FX,Sign(R)
2014-01-02,-0.07834765695478912,0.18628434934334254,FX,Sign(R)
2014-01-03,-0.04765293404902026,0.1774073535297196,FX,Sign(R)
2014-01-06,0.01209268964114759,0.1795526855960118,FX,Sign(R)
2014-01-07,0.01616215638655007,0.18245464418023963,FX,Sign(R)
2014-01-08,0.00844350013488809,0.18399519999298644,FX,Sign(R)
2014-01-09,0.004066051783540006,0.18474333400408072,FX,Sign(R)
2014-01-10,-0.0004508290933951741,0.18466004633430086,FX,Sign(R)
2014-01-13,-0.05768020977219452,0.17400881612519523,FX,Sign(R)
2014-01-14,0.03802540700355818,0.18062557218056308,FX,Sign(R)
2014-01-15,-0.01641337095745796,0.1776608976599604,FX,Sign(R)
2014-01-16,-0.00019329914473739738,0.17762655596038945,FX,Sign(R)
2014-01-17,0.0069816831666721126,0.17886668829609204,FX,Sign(R)
2014-01-20,-0.015872879917608298,0.1760275588315079,FX,Sign(R)
2014-01-21,0.013998055972457565,0.17849160245272638,FX,Sign(R)
2014-01-22,0.02455676417007263,0.18287477864049634,FX,Sign(R)
2014-01-23,0.029395269246835356,0.18825043199708913,FX,Sign(R)
2014-01-24,-0.03356780237706908,0.18193127869841294,FX,Sign(R)
2014-01-27,-0.012084697651379693,0.17973269420201374,FX,Sign(R)
2014-01-28,-0.003555729554216789,0.17909361334938062,FX,Sign(R)
2014-01-29,0.019959452203403026,0.18266822376496233,FX,Sign(R)
2014-01-30,-0.031132743277903233,0.17698126084945717,FX,Sign(R)
2014-01-31,-0.030859578301803914,0.17151969377232135,FX,Sign(R)
2014-02-03,-0.04029531976665933,0.16460825286548617,FX,Sign(R)
2014-02-04,-0.048512174614200904,0.15662274855953717,FX,Sign(R)
2014-02-05,-0.010331434194420463,0.15500461093944504,FX,Sign(R)
2014-02-06,-0.008234179079875286,0.15372827521476323,FX,Sign(R)
2014-02-07,0.017347802561981904,0.15639512298138297,FX,Sign(R)
2014-02-10,0.0023918019583893282,0.15676918914281238,FX,Sign(R)
2014-02-11,-0.01740517131221671,0.1540405945493044,FX,Sign(R)
2014-02-12,0.008176302471972301,0.15530007704330198,FX,Sign(R)
2014-02-13,0.020929989111795076,0.15855050596487924,FX,Sign(R)
2014-02-14,0.00438323596397459,0.15924547024473087,FX,Sign(R)
2014-02-17,0.021153522456000353,0.16261407287556914,FX,Sign(R)
2014-02-18,0.020430660565927777,0.16593638580173292,FX,Sign(R)
2014-02-19,0.030699300695094484,0.17103051680571751,FX,Sign(R)
2014-02-20,-0.02440135711794442,0.1668571400870746,FX,Sign(R)
2014-02-21,0.02598040756520623,0.1711921565917015,FX,Sign(R)
2014-02-24,-0.021586747201241638,0.16749667478452107,FX,Sign(R)
2014-02-25,0.010084204370862306,0.16918574548448803,FX,Sign(R)
2014-02-26,0.005243315923578787,0.1700728397978294,FX,Sign(R)
2014-02-27,0.003953072685149208,0.17074515009531993,FX,Sign(R)
2014-02-28,0.04396064271458166,0.1782512166339079,FX,Sign(R)
2014-03-03,-0.06468332705488157,0.16672133489044627,FX,Sign(R)
2014-03-04,-8.880091490736129e-05,0.16670652988337342,FX,Sign(R)
2014-03-05,-0.011765907071027728,0.16474507634463215,FX,Sign(R)
2014-03-06,0.029612296016259514,0.16962355631257067,FX,Sign(R)
2014-03-07,0.03702313941974146,0.17590355288680337,FX,Sign(R)
2014-03-10,-0.009071382288522835,0.17430786451265778,FX,Sign(R)
2014-03-11,0.007939390711312867,0.17569176275307835,FX,Sign(R)
2014-03-12,-0.005676746375408647,0.17469440517568066,FX,Sign(R)
2014-03-13,-0.03661129576364838,0.16829861663953918,FX,Sign(R)
2014-03-14,-0.0025586097010286673,0.16786800616633557,FX,Sign(R)
2014-03-17,-0.012971487193159046,0.16569050847420783,FX,Sign(R)
2014-03-18,-0.0013915173777382585,0.16545994725233967,FX,Sign(R)
2014-03-19,-0.004442415370914662,0.16472490543939516,FX,Sign(R)
2014-03-20,-0.025181792169696005,0.16057683710544748,FX,Sign(R)
2014-03-21,-0.012530114633169087,0.15856479092908451,FX,Sign(R)
2014-03-24,0.007951620693360112,0.15982563800187455,FX,Sign(R)
2014-03-25,-0.01987010341718504,0.1566498860460597,FX,Sign(R)
2014-03-26,-0.022360139327293155,0.1531471727684652,FX,Sign(R)
2014-03-27,-0.016665809396595836,0.15059485117747845,FX,Sign(R)
2014-03-28,0.015105063014954472,0.15286959589424196,FX,Sign(R)
2014-03-31,0.014035168620491775,0.15501514644956407,FX,Sign(R)
2014-04-01,0.005946747531666457,0.1559369823890839,FX,Sign(R)
2014-04-02,-0.0008160169853918874,0.15580973516280366,FX,Sign(R)
2014-04-03,-0.01692141853582181,0.1531732134221583,FX,Sign(R)
2014-04-04,-0.04286619096230341,0.1466072612052944,FX,Sign(R)
2014-04-07,0.010891717425048492,0.14820406606680275,FX,Sign(R)
2014-04-08,0.008603075416540405,0.1494790768242134,FX,Sign(R)
2014-04-09,0.001529811142298415,0.14970775158147956,FX,Sign(R)
2014-04-10,0.015145642829172471,0.15197517171569114,FX,Sign(R)
2014-04-11,-0.0014897018337127383,0.15174877402370746,FX,Sign(R)
2014-04-14,-0.03779836346298191,0.14601291870809746,FX,Sign(R)
2014-04-15,0.016928219455108282,0.14848465743926903,FX,Sign(R)
2014-04-16,0.024115125929631605,0.1520653836520352,FX,Sign(R)
2014-04-17,0.007531037538536115,0.15321059376463056,FX,Sign(R)
2014-04-18,0.0397842052321081,0.15930595547069576,FX,Sign(R)
2014-04-21,-0.012436640458261464,0.1573247245796469,FX,Sign(R)
2014-04-22,-0.0017715234930535738,0.1570460201340159,FX,Sign(R)
2014-04-23,0.020963386033130527,0.16033823647905204,FX,Sign(R)
2014-04-24,0.007073483188123157,0.16147238629919994,FX,Sign(R)
2014-04-25,0.009221541984257432,0.16296141068875625,FX,Sign(R)
2014-04-28,0.007588213688679673,0.1641979966960712,FX,Sign(R)
2014-04-29,-0.033601289050220175,0.15868073234761942,FX,Sign(R)
2014-04-30,0.01599145930205768,0.16121826882097706,FX,Sign(R)
2014-05-01,0.016847300939273335,0.16393436151271273,FX,Sign(R)
2014-05-02,-0.0040312754474663304,0.16327349694615048,FX,Sign(R)
2014-05-05,0.0007382078611042731,0.1633940267251061,FX,Sign(R)
2014-05-06,0.012746539602873225,0.1654767351576306,FX,Sign(R)
2014-05-07,-0.004803796216133384,0.16468181864342227,FX,Sign(R)
2014-05-08,-0.057487598175851695,0.15521465642638071,FX,Sign(R)
2014-05-09,-0.052601947423055725,0.1470500632297526,FX,Sign(R)
2014-05-12,0.009032085423197474,0.14837823196233033,FX,Sign(R)
2014-05-13,-0.04116629703776839,0.14227004959143014,FX,Sign(R)
2014-05-14,-0.022524917688405435,0.1390654284348578,FX,Sign(R)
2014-05-15,0.01684332422863454,0.14140775253498009,FX,Sign(R)
2014-05-16,-0.03364336339861492,0.13665032012906433,FX,Sign(R)
2014-05-19,0.014590725629930548,0.13864414745730969,FX,Sign(R)
2014-05-20,0.01978803571997197,0.14138764279956,FX,Sign(R)
2014-05-21,0.0022132034616827354,0.14170056242004314,FX,Sign(R)
2014-05-22,-0.022995954181658465,0.1384420227791166,FX,Sign(R)
2014-05-23,-0.028596814597859913,0.1344830219211495,FX,Sign(R)
2014-05-26,0.05447454083907862,0.14180892279095586,FX,Sign(R)
2014-05-27,-0.005529018463909059,0.14102485863849762,FX,Sign(R)
2014-05-28,-0.02940279570755739,0.1368783335302627,FX,Sign(R)
2014-05-29,-0.021911662132758396,0.13387910173265258,FX,Sign(R)
2014-05-30,0.00047334102652086635,0.1339424722040964,FX,Sign(R)
2014-06-02,0.002999857323129367,0.1343442805102159,FX,Sign(R)
2014-06-03,0.011666409226120056,0.13591159586383675,FX,Sign(R)
2014-06-04,-0.004680368924753277,0.135275479454042,FX,Sign(R)
2014-06-05,0.040883004008419266,0.14080594742280245,FX,Sign(R)
2014-06-06,-0.012449884806938113,0.13905292959725676,FX,Sign(R)
2014-06-09,-0.055167846661129956,0.1313816788994544,FX,Sign(R)
2014-06-10,-0.05001438369302902,0.12481070520074275,FX,Sign(R)
2014-06-11,-0.008748623334133808,0.12371878335287383,FX,Sign(R)
2014-06-12,0.028689045847026782,0.1272681572006228,FX,Sign(R)
2014-06-13,0.008766563513881125,0.12838386158401666,FX,Sign(R)
2014-06-16,0.0015554640185054952,0.1285835580612674,FX,Sign(R)
2014-06-17,-0.028402007685165112,0.12493152685702541,FX,Sign(R)
2014-06-18,0.03019337712295684,0.12870363156196638,FX,Sign(R)
2014-06-19,0.03712783661953399,0.13348211896693976,FX,Sign(R)
2014-06-20,-0.030154132443027275,0.12945708147283475,FX,Sign(R)
2014-06-23,0.0014616491798032233,0.12964630230978924,FX,Sign(R)
2014-06-24,-0.013820943634871852,0.12785446807309608,FX,Sign(R)
2014-06-25,0.010508826778777618,0.12919806853096902,FX,Sign(R)
2014-06-26,-0.009870947295723957,0.1279227612057905,FX,Sign(R)
2014-06-27,0.009611623788393956,0.1291523066604731,FX,Sign(R)
2014-06-30,0.042231074556641705,0.13460654735221378,FX,Sign(R)
2014-07-01,0.029441292058525453,0.13856953802580005,FX,Sign(R)
2014-07-02,-0.014970532149774403,0.13649507830180543,FX,Sign(R)
2014-07-03,-0.05252173244921873,0.12932612031860286,FX,Sign(R)
2014-07-07,0.0026240233000063362,0.1296654750716183,FX,Sign(R)
2014-07-08,0.0013035749254762783,0.12983450373362163,FX,Sign(R)
2014-07-09,0.02623573498562494,0.13324080736556707,FX,Sign(R)
2014-07-10,-0.04423428558552225,0.12734699544091302,FX,Sign(R)
2014-07-11,0.013024108349762703,0.1290055765075522,FX,Sign(R)
2014-07-14,0.00993898262075787,0.13028776069044162,FX,Sign(R)
2014-07-15,-0.00477691182862803,0.12966538754527399,FX,Sign(R)
2014-07-16,-0.02632487891165923,0.12625196191911128,FX,Sign(R)
2014-07-17,-0.01326444882725664,0.12457729923089447,FX,Sign(R)
2014-07-18,-0.011567213163295587,0.12313628705538306,FX,Sign(R)
2014-07-21,-0.004784669983925093,0.12254712055877717,FX,Sign(R)
2014-07-22,-0.04822466818795796,0.11663732633244045,FX,Sign(R)
2014-07-23,0.0065805610751714354,0.11740486538201578,FX,Sign(R)
2014-07-24,-0.005086739482264424,0.11680765741786714,FX,Sign(R)
2014-07-25,-0.001613161446313778,0.11661922780828642,FX,Sign(R)
2014-07-28,0.014112610370029572,0.11826502953199848,FX,Sign(R)
2014-07-29,-0.030997314595437173,0.11459913120595645,FX,Sign(R)
2014-07-30,-0.022844073622845993,0.1119812202155734,FX,Sign(R)
2014-07-31,-0.012574722327898382,0.11057308746542333,FX,Sign(R)
2014-08-01,0.0072528941242373185,0.11137506236180007,FX,Sign(R)
2014-08-04,-0.008461046461667893,0.11043271278448573,FX,Sign(R)
2014-08-05,-0.009393475236012224,0.10939536583169901,FX,Sign(R)
2014-08-06,-0.020973360624206617,0.10710097737349378,FX,Sign(R)
2014-08-07,-0.027036980318260878,0.10420529035618012,FX,Sign(R)
2014-08-08,-0.0050858758890307675,0.10367531518244817,FX,Sign(R)
2014-08-11,-0.010695846950714454,0.10256641987868963,FX,Sign(R)
2014-08-12,-0.00656092941966477,0.10189348883703785,FX,Sign(R)
2014-08-13,-0.015141046230976112,0.1003507148119208,FX,Sign(R)
2014-08-14,-0.0017231853511794934,0.10017779193017651,FX,Sign(R)
2014-08-15,0.021364677966984793,0.10231805819420833,FX,Sign(R)
2014-08-18,-0.017593433094872744,0.10051793228297123,FX,Sign(R)
2014-08-19,-0.035651841995268906,0.0969342828435276,FX,Sign(R)
2014-08-20,-0.01771014330365506,0.0952175628033317,FX,Sign(R)
2014-08-21,-0.007590428984380831,0.09449482065480719,FX,Sign(R)
2014-08-22,0.006147368638083632,0.0950757151517619,FX,Sign(R)
2014-08-25,0.02520559381935518,0.09747215500996192,FX,Sign(R)
2014-08-26,-0.0040871842472339995,0.09707376835346126,FX,Sign(R)
2014-08-27,-0.02219238884176862,0.09491946953982547,FX,Sign(R)
2014-08-28,0.004737017304071698,0.09536910470952893,FX,Sign(R)
2014-08-29,-0.02009428484677341,0.0934527307539139,FX,Sign(R)
2014-09-01,0.010929175635846831,0.09447409206197292,FX,Sign(R)
2014-09-02,-0.0012719136481265777,0.09435392917488493,FX,Sign(R)
2014-09-03,0.009076219657835274,0.09521030616165602,FX,Sign(R)
2014-09-04,-0.060485733360721904,0.08945144096996939,FX,Sign(R)
2014-09-05,0.001406268830299622,0.08957723374323084,FX,Sign(R)
2014-09-08,-0.016406504170108725,0.08810758448427572,FX,Sign(R)
2014-09-09,-0.018126896284566218,0.08651046743844559,FX,Sign(R)
2014-09-10,0.008415276308446252,0.08723847692551295,FX,Sign(R)
2014-09-11,0.003852246766501582,0.08757454106616379,FX,Sign(R)
2014-09-12,-0.00434452745536729,0.08719407106811065,FX,Sign(R)
2014-09-15,-0.018997258062730407,0.0855376227984897,FX,Sign(R)
2014-09-16,-0.013039660556201265,0.084422241232413,FX,Sign(R)
2014-09-17,0.03222590310737589,0.08714282419847626,FX,Sign(R)
2014-09-18,0.008569486552058548,0.08788959345855349,FX,Sign(R)
2014-09-19,0.05570333146854799,0.09278533661561122,FX,Sign(R)
2014-09-22,0.015712593623222436,0.09424323490404624,FX,Sign(R)
2014-09-23,0.006558819220297297,0.09486135924451788,FX,Sign(R)
2014-09-24,0.016778347178163608,0.09645297606371489,FX,Sign(R)
2014-09-25,0.05137127711022803,0.10140788862519017,FX,Sign(R)
2014-09-26,0.06119391449355912,0.10761343429069242,FX,Sign(R)
2014-09-29,0.009311800457122876,0.10861550911731306,FX,Sign(R)
2014-09-30,0.011747106456597637,0.1098914270657517,FX,Sign(R)
2014-10-01,-0.002682742054255251,0.10959661671296028,FX,Sign(R)
2014-10-02,-0.08451280044097081,0.10033429971569231,FX,Sign(R)
2014-10-03,0.1121632554895664,0.11158812140907023,FX,Sign(R)
2014-10-06,-0.09278758870146692,0.10123412869579608,FX,Sign(R)
2014-10-07,-0.04513736614291597,0.09666468676269485,FX,Sign(R)
2014-10-08,-0.041830861503519855,0.09262111963844342,FX,Sign(R)
2014-10-09,0.015516390355384106,0.09405826508590624,FX,Sign(R)
2014-10-10,0.01830444285225632,0.09577994922395358,FX,Sign(R)
2014-10-13,-0.04848237089550762,0.09113631020132497,FX,Sign(R)
2014-10-14,-0.00592838482544649,0.09059601908288026,FX,Sign(R)
2014-10-15,-0.07788434049815468,0.0835400078848519,FX,Sign(R)
2014-10-16,-0.0581222630268187,0.07868447357330603,FX,Sign(R)
2014-10-17,0.003930154393690167,0.07899371570283537,FX,Sign(R)
2014-10-20,0.013977833441724865,0.08009787670387257,FX,Sign(R)
2014-10-21,0.0059941369573763975,0.08057799434683063,FX,Sign(R)
2014-10-22,0.03438163625179787,0.0833483976383628,FX,Sign(R)
2014-10-23,0.014864441279061204,0.08458732500076209,FX,Sign(R)
2014-10-24,-0.020124237826756288,0.08288506955531762,FX,Sign(R)
2014-10-27,-0.025937969493929104,0.0807351991496896,FX,Sign(R)
2014-10-28,-0.032611281109309914,0.07810232087480296,FX,Sign(R)
2014-10-29,0.07380895791316994,0.08386697178917218,FX,Sign(R)
2014-10-30,0.0053980622477299185,0.08431969092341875,FX,Sign(R)
2014-10-31,0.14472224206065806,0.09652262564371762,FX,Sign(R)
2014-11-03,0.07329378600453318,0.10359713431224392,FX,Sign(R)
2014-11-04,-0.0507269262014992,0.09834197012529992,FX,Sign(R)
2014-11-05,0.058570199349222474,0.10410187891993403,FX,Sign(R)
2014-11-06,0.031176227030859895,0.10734738273148099,FX,Sign(R)
2014-11-07,-0.07365779224638269,0.09944041151605264,FX,Sign(R)
2014-11-10,0.027237735608894142,0.10214894315376652,FX,Sign(R)
2014-11-11,-0.01937724546506147,0.10016957800827937,FX,Sign(R)
2014-11-12,0.00417528741184679,0.10058781478638734,FX,Sign(R)
2014-11-13,0.00784741014079939,0.1013771686241829,FX,Sign(R)
2014-11-14,-0.029910392154479232,0.09834493775512283,FX,Sign(R)
2014-11-17,0.039491601755745225,0.10222873687164169,FX,Sign(R)
2014-11-18,-0.024724545881889045,0.09970117777641123,FX,Sign(R)
2014-11-19,0.034345496256266934,0.10312546420447638,FX,Sign(R)
2014-11-20,-0.013411124863658619,0.10174243572740739,FX,Sign(R)
2014-11-21,0.044931664854249855,0.10631389275096632,FX,Sign(R)
2014-11-24,0.007121427311906601,0.10707099941043817,FX,Sign(R)
2014-11-25,-0.010846560985089229,0.1059096472855984,FX,Sign(R)
2014-11-26,-0.03380541093064163,0.10232932813758944,FX,Sign(R)
2014-11-27,-0.012407227641729513,0.10105970486896113,FX,Sign(R)
2014-11-28,0.12749925195261227,0.11394474164230545,FX,Sign(R)
2014-12-01,-0.04224654629484904,0.10913096983945918,FX,Sign(R)
2014-12-02,0.09490500432484998,0.11948804500404812,FX,Sign(R)
2014-12-03,0.024848516899197187,0.12245714570958326,FX,Sign(R)
2014-12-04,-0.00616305711307379,0.1217024353266711,FX,Sign(R)
2014-12-05,0.09024623429352437,0.13268562181925436,FX,Sign(R)
2014-12-08,-0.023303295502742107,0.12959360956503518,FX,Sign(R)
2014-12-09,-0.03393768092119998,0.12519550299419044,FX,Sign(R)
2014-12-10,-0.0264923636521226,0.12187877820125795,FX,Sign(R)
2014-12-11,0.04601769448053783,0.12748735858018467,FX,Sign(R)
2014-12-12,-0.02045107849832105,0.12488010460231772,FX,Sign(R)
2014-12-15,0.008480456301459625,0.12593914487231936,FX,Sign(R)
2014-12-16,-0.043512216600701974,0.12045925352212782,FX,Sign(R)
2014-12-17,0.09648479854298055,0.13208174033084816,FX,Sign(R)
2014-12-18,0.0016191523703240557,0.13229560079378136,FX,Sign(R)
2014-12-19,0.04098465104169274,0.13771768982666557,FX,Sign(R)
2014-12-22,0.016078844428318615,0.13993203113641597,FX,Sign(R)
2014-12-23,0.044873643322469806,0.14621129119102025,FX,Sign(R)
2014-12-24,-0.012437723031159408,0.14439275564715814,FX,Sign(R)
2014-12-26,0.000784352275190839,0.14450601043357109,FX,Sign(R)
2014-12-29,0.018311670785159235,0.1471521569231074,FX,Sign(R)
2014-12-30,-0.04350929850539151,0.1407496698018277,FX,Sign(R)
2014-12-31,0.02436241693315153,0.14417867194074324,FX,Sign(R)
2015-01-02,0.1007698196081938,0.1587075307035609,FX,Sign(R)
2015-01-05,0.03132217926583211,0.16367859643109536,FX,Sign(R)
2015-01-06,-0.013415759622823813,0.1614827237259746,FX,Sign(R)
2015-01-07,0.022896762299208413,0.165180155266557,FX,Sign(R)
2015-01-08,0.0411789259052293,0.17198209664129283,FX,Sign(R)
2015-01-09,-0.0642760226797789,0.16092777149706117,FX,Sign(R)
2015-01-12,0.0080188301271059,0.1622182239594298,FX,Sign(R)
2015-01-13,0.03055975100473047,0.16717557249205958,FX,Sign(R)
2015-01-14,-0.03907227708420524,0.1606436422019392,FX,Sign(R)
2015-01-15,-0.21623767203744315,0.1259064349845759,FX,Sign(R)
2015-01-16,-0.004209028168007022,0.12537649125319247,FX,Sign(R)
2015-01-19,0.023887765335285322,0.12837145545481018,FX,Sign(R)
2015-01-20,0.06214037570729378,0.13634850592686423,FX,Sign(R)
2015-01-21,0.04004131827813249,0.14180807984942964,FX,Sign(R)
2015-01-22,0.055730333859841115,0.14971109148346137,FX,Sign(R)
2015-01-23,0.05049295405472297,0.1572704467472182,FX,Sign(R)
2015-01-26,-0.012513212639254144,0.1553024882051998,FX,Sign(R)
2015-01-27,-0.045081065333687095,0.148301286587937,FX,Sign(R)
2015-01-28,0.03710056361745312,0.1538033479055429,FX,Sign(R)
2015-01-29,0.06915339071719029,0.16443937091686683,FX,Sign(R)
2015-01-30,0.005321483438555852,0.16531443230584747,FX,Sign(R)
2015-02-02,-0.028337713124929227,0.16062979934775382,FX,Sign(R)
2015-02-03,-0.07881928279613694,0.14796907376747648,FX,Sign(R)
2015-02-04,0.04170940944785489,0.15414077645086402,FX,Sign(R)
2015-02-05,-0.03680806581775122,0.14846715260606133,FX,Sign(R)
2015-02-06,0.06581058391560556,0.15823786261135356,FX,Sign(R)
2015-02-09,-0.027473301046985307,0.15389054617480033,FX,Sign(R)
2015-02-10,0.0488378825696392,0.16140623459746287,FX,Sign(R)
2015-02-11,0.03245737409746984,0.1666450571354567,FX,Sign(R)
2015-02-12,-0.07387931532094243,0.15433343441266983,FX,Sign(R)
2015-02-13,-0.0117953076341445,0.15251302407553832,FX,Sign(R)
2015-02-16,-0.00021875122180466206,0.15247966166518068,FX,Sign(R)
2015-02-17,-0.010850173749584283,0.15082523084283564,FX,Sign(R)
2015-02-18,0.004008464554385562,0.15142980843457618,FX,Sign(R)
2015-02-19,0.03093241198442072,0.1561138976557964,FX,Sign(R)
2015-02-20,-0.006541147197299642,0.15509273367168566,FX,Sign(R)
2015-02-23,0.02458502335770084,0.1589056921516137,FX,Sign(R)
2015-02-24,-0.016805651504528972,0.15623517846722773,FX,Sign(R)
2015-02-25,-0.03245348113393577,0.15116480305038446,FX,Sign(R)
2015-02-26,0.0854958556527965,0.16408876723176355,FX,Sign(R)
2015-02-27,-0.006046737132522878,0.16309656558991334,FX,Sign(R)
2015-03-02,0.030372497847656124,0.1680502156772531,FX,Sign(R)
2015-03-03,-0.01813472817469523,0.16500267069624722,FX,Sign(R)
2015-03-04,0.022739197189660595,0.16875469896202983,FX,Sign(R)
2015-03-05,0.051490359123887115,0.1774439390154282,FX,Sign(R)
2015-03-06,0.10941201384768234,0.19685843772817155,FX,Sign(R)
2015-03-09,-0.008470347668221679,0.19519097831919097,FX,Sign(R)
2015-03-10,0.06637814199049416,0.20814739279332567,FX,Sign(R)
2015-03-11,0.05151616588485326,0.21887034840896635,FX,Sign(R)
2015-03-12,-0.015896968618920537,0.2153909733486968,FX,Sign(R)
2015-03-13,0.06514032975376982,0.22942161237861636,FX,Sign(R)
2015-03-16,-0.038069241603774576,0.22068770558784728,FX,Sign(R)
2015-03-17,0.0092360755937909,0.2227259939192769,FX,Sign(R)
2015-03-18,-0.08416002510320651,0.20398136867989392,FX,Sign(R)
2015-03-19,0.05563578550020812,0.21533003235380735,FX,Sign(R)
2015-03-20,-0.10713365559238397,0.19226093882891765,FX,Sign(R)
2015-03-23,-0.06301219388438345,0.1801461552750363,FX,Sign(R)
2015-03-24,0.0023343261547282925,0.1805666751569686,FX,Sign(R)
2015-03-25,0.001721810990071373,0.1808775768426945,FX,Sign(R)
2015-03-26,0.0006686074549040106,0.18099851293899652,FX,Sign(R)
2015-03-27,0.011056872755690195,0.18299979046553214,FX,Sign(R)
2015-03-30,0.06676863139330907,0.19521843602017805,FX,Sign(R)
2015-03-31,0.0013300793608608382,0.19547809203278801,FX,Sign(R)
2015-04-01,-0.023626878981341384,0.19085955480882583,FX,Sign(R)
2015-04-02,-0.02542292936915048,0.18600734582749354,FX,Sign(R)
2015-04-03,-0.06681239540988365,0.17357974948892407,FX,Sign(R)
2015-04-06,0.019672944024018972,0.1769945741843229,FX,Sign(R)
2015-04-07,0.062464077757588186,0.18805037702884367,FX,Sign(R)
2015-04-08,-0.005897103691298203,0.18694142445631684,FX,Sign(R)
2015-04-09,0.08201198595699083,0.20227286193360816,FX,Sign(R)
2015-04-10,0.009097438556002639,0.20411302686659594,FX,Sign(R)
2015-04-13,0.021110265545346257,0.20842190706501418,FX,Sign(R)
2015-04-14,-0.05782249060756454,0.19637043330133672,FX,Sign(R)
2015-04-15,-0.04982530616249344,0.1865862163408361,FX,Sign(R)
2015-04-16,-0.06666181226473543,0.17414804101593598,FX,Sign(R)
2015-04-17,0.012599984846198776,0.176342303693732,FX,Sign(R)
2015-04-20,0.0301515255678989,0.18165929317225574,FX,Sign(R)
2015-04-21,0.025704689313369597,0.1863287888641349,FX,Sign(R)
2015-04-22,-0.009286607792134065,0.18459842648157032,FX,Sign(R)
2015-04-23,-0.04239237152115432,0.1767728614039431,FX,Sign(R)
2015-04-24,-0.03160414208863589,0.17118610677471813,FX,Sign(R)
2015-04-27,-0.01845576020661742,0.16802673703737953,FX,Sign(R)
2015-04-28,-0.06199564817206572,0.15760981056450996,FX,Sign(R)
2015-04-29,-0.049674948910328455,0.1497805512769514,FX,Sign(R)
2015-04-30,0.0006372036784227005,0.14987599199518126,FX,Sign(R)
2015-05-01,0.08571144887435796,0.16272208042056993,FX,Sign(R)
2015-05-04,-0.01600378390830214,0.16011791140840975,FX,Sign(R)
2015-05-05,-0.040032296854682896,0.15370802364715647,FX,Sign(R)
2015-05-06,-0.0652150659638998,0.1436839447458265,FX,Sign(R)
2015-05-07,0.03160239682187782,0.14822470178461689,FX,Sign(R)
2015-05-08,-0.01226539371885868,0.14640666745836814,FX,Sign(R)
2015-05-11,0.026344016652099428,0.15026360714386977,FX,Sign(R)
2015-05-12,-0.04358105519346897,0.14371496058736305,FX,Sign(R)
2015-05-13,-0.06229199616053846,0.1347626688142431,FX,Sign(R)
2015-05-14,-0.02253377188604507,0.1317259575764283,FX,Sign(R)
2015-05-15,0.0032016381834170907,0.13214769643195215,FX,Sign(R)
2015-05-18,0.08542250483194061,0.1434360836689404,FX,Sign(R)
2015-05-19,0.07607234780091793,0.1543476033130056,FX,Sign(R)
2015-05-20,0.009393031320811858,0.1557973951852169,FX,Sign(R)
2015-05-21,-0.011102175131113832,0.1540677052188993,FX,Sign(R)
2015-05-22,0.0651966149378988,0.16411239807042158,FX,Sign(R)
2015-05-25,0.02523269049835095,0.16825339541787468,FX,Sign(R)
2015-05-26,0.0934660110550511,0.18397936913405163,FX,Sign(R)
2015-05-27,0.012871392838935654,0.18634743986843558,FX,Sign(R)
2015-05-28,-0.007483452589810409,0.1849529176369476,FX,Sign(R)
2015-05-29,0.006271475323039703,0.1861128452958319,FX,Sign(R)
2015-06-01,0.04677326181493949,0.1948179501359772,FX,Sign(R)
2015-06-02,-0.10265189056288276,0.17481951923893368,FX,Sign(R)
2015-06-03,0.007564563684592988,0.1761419526255265,FX,Sign(R)
2015-06-04,0.008261406404952293,0.17759713288112783,FX,Sign(R)
2015-06-05,0.05459173302373657,0.18729246814515543,FX,Sign(R)
2015-06-08,-0.06259518308266691,0.1755688618116049,FX,Sign(R)
2015-06-09,-0.03292632714611752,0.1697880240309245,FX,Sign(R)
2015-06-10,-0.05960157672220365,0.15966839009013398,FX,Sign(R)
2015-06-11,0.026891985340473223,0.1639621900957748,FX,Sign(R)
2015-06-12,-0.0024416502034918823,0.1635618517809625,FX,Sign(R)
2015-06-15,-0.007880942612628868,0.16227283021346142,FX,Sign(R)
2015-06-16,-0.0054343070551078655,0.1613909898273801,FX,Sign(R)
2015-06-17,-0.05643215226125241,0.15228334891584713,FX,Sign(R)
2015-06-18,-0.027536248991290303,0.14809003670287282,FX,Sign(R)
2015-06-19,0.008505455953899309,0.14934960998726043,FX,Sign(R)
2015-06-22,0.04386912700079854,0.15590144699531128,FX,Sign(R)
2015-06-23,0.08015795337744364,0.16839818791503744,FX,Sign(R)
2015-06-24,0.0023155009004610016,0.1687881140707907,FX,Sign(R)
2015-06-25,-0.017388743297787793,0.16585310088349597,FX,Sign(R)
2015-06-26,0.02451568232116132,0.1699191028167353,FX,Sign(R)
2015-06-29,-0.05740985501584503,0.16016407175960407,FX,Sign(R)
2015-06-30,0.040938610162208997,0.16672096625536253,FX,Sign(R)
2015-07-01,0.07808130417310814,0.179738756733582,FX,Sign(R)
2015-07-02,-0.014503494482451276,0.17713191666701383,FX,Sign(R)
2015-07-03,-0.0010587835878204377,0.17694437230076762,FX,Sign(R)
2015-07-06,0.012950908438492798,0.17923596266514147,FX,Sign(R)
2015-07-07,0.05496508334706249,0.18908768229182196,FX,Sign(R)
2015-07-08,-0.05298170836041474,0.1790694938540899,FX,Sign(R)
2015-07-09,0.01657530015602493,0.1820376244635089,FX,Sign(R)
2015-07-10,-0.02874602002833461,0.17680476726477043,FX,Sign(R)
2015-07-13,0.054452801886282876,0.18643228222918934,FX,Sign(R)
2015-07-14,-0.021515692265805585,0.18242106261633428,FX,Sign(R)
2015-07-15,0.05972973027551135,0.1933170234829801,FX,Sign(R)
2015-07-16,0.026896360578854764,0.19851654785260928,FX,Sign(R)
2015-07-17,0.021413775156443812,0.20276753657315846,FX,Sign(R)
2015-07-20,0.024684229437024377,0.20777269696831055,FX,Sign(R)
2015-07-21,-0.03635879810001386,0.2002183314285444,FX,Sign(R)
2015-07-22,0.021077590511177885,0.20443845143122658,FX,Sign(R)
2015-07-23,-0.0024769588697325217,0.2039320657956396,FX,Sign(R)
2015-07-24,0.02023378629415641,0.20805838363347443,FX,Sign(R)
2015-07-27,-0.03424547150551794,0.20093332618527016,FX,Sign(R)
2015-07-28,-0.010517988760237686,0.19881991171889632,FX,Sign(R)
2015-07-29,0.008612369587910618,0.2005322222800552,FX,Sign(R)
2015-07-30,0.04754175285661233,0.21006587563148088,FX,Sign(R)
2015-07-31,-0.0195029893985779,0.20596896308603713,FX,Sign(R)
2015-08-03,0.017193506752214528,0.2095102918436035,FX,Sign(R)
2015-08-04,0.02031102585882186,0.21376566079892828,FX,Sign(R)
2015-08-05,0.022133931157584483,0.21849713521890732,FX,Sign(R)
2015-08-06,-0.005995380929457729,0.21718716166127475,FX,Sign(R)
2015-08-07,-0.03350537579547572,0.209910224191861,FX,Sign(R)
2015-08-10,-0.022936525931161116,0.20509561289146855,FX,Sign(R)
2015-08-11,0.050970565010825045,0.21554945216178814,FX,Sign(R)
2015-08-12,-0.10017359445355221,0.19395708875624781,FX,Sign(R)
2015-08-13,0.037957179519913786,0.20131915279332857,FX,Sign(R)
2015-08-14,-0.009845926105917223,0.1993369792912196,FX,Sign(R)
2015-08-17,0.018571415212636326,0.20303894910086953,FX,Sign(R)
2015-08-18,0.00482080201241975,0.20401775967529462,FX,Sign(R)
2015-08-19,-0.04355683798972387,0.1951313911700914,FX,Sign(R)
2015-08-20,-0.010787766279606552,0.19302635932833398,FX,Sign(R)
2015-08-21,-0.058951829462212176,0.18164710231149833,FX,Sign(R)
2015-08-24,-0.10444241418953956,0.16267544041555115,FX,Sign(R)
2015-08-25,0.04348483501848745,0.1697493551035812,FX,Sign(R)
2015-08-26,0.06767634553166708,0.1812373711133488,FX,Sign(R)
2015-08-27,0.005953984725683301,0.18231645565268068,FX,Sign(R)
2015-08-28,0.021045492254635215,0.18615339520801172,FX,Sign(R)
2015-08-31,-0.011273877729280872,0.1840547245915461,FX,Sign(R)
2015-09-01,-0.023185863416877617,0.1797872568859355,FX,Sign(R)
2015-09-02,0.03897613505487853,0.18679466929146785,FX,Sign(R)
2015-09-03,0.012102206583900637,0.1890552969680046,FX,Sign(R)
2015-09-04,0.0035430189940728668,0.18972512347609233,FX,Sign(R)
2015-09-07,0.015717721617961478,0.1927071701508229,FX,Sign(R)
2015-09-08,-0.027226080604262622,0.18746050920327725,FX,Sign(R)
2015-09-09,0.0022252399341841137,0.18787765381443888,FX,Sign(R)
2015-09-10,-0.04012623556047424,0.18033883082093147,FX,Sign(R)
2015-09-11,0.0005564313019773197,0.18043917699136222,FX,Sign(R)
2015-09-14,-0.017787056289032863,0.1772296951934701,FX,Sign(R)
2015-09-15,0.02965362761032721,0.18248519857622905,FX,Sign(R)
2015-09-16,-0.035213984189426284,0.1760591676787614,FX,Sign(R)
2015-09-17,-0.09393357360088461,0.15952130089349797,FX,Sign(R)
2015-09-18,0.029202472210348503,0.164179717249799,FX,Sign(R)
2015-09-21,0.06989050463432395,0.17565432053910804,FX,Sign(R)
2015-09-22,0.035051829895051734,0.18181132590297575,FX,Sign(R)
2015-09-23,0.03269409563695735,0.18775548277992965,FX,Sign(R)
2015-09-24,-0.023909805488575818,0.1832662857072479,FX,Sign(R)
2015-09-25,0.03464985324819596,0.189616435612346,FX,Sign(R)
2015-09-28,-0.012054441185589798,0.18733071544143579,FX,Sign(R)
2015-09-29,-0.009643163964167352,0.18552425463690925,FX,Sign(R)
2015-09-30,0.013567743930471783,0.18804140021671448,FX,Sign(R)
2015-10-01,-0.014527925080236648,0.18530954884238326,FX,Sign(R)
2015-10-02,-0.030156541278741615,0.17972125378337295,FX,Sign(R)
2015-10-05,0.011800009459211447,0.1818419662780381,FX,Sign(R)
2015-10-06,-0.056963552970957135,0.17148360179961605,FX,Sign(R)
2015-10-07,-0.007485116538698254,0.17020002705567022,FX,Sign(R)
2015-10-08,-0.036776988928079485,0.163940582545085,FX,Sign(R)
2015-10-09,-0.03665695898319868,0.15793101933504813,FX,Sign(R)
2015-10-12,-0.010602816928424385,0.15625650564971919,FX,Sign(R)
2015-10-13,0.02766573322108233,0.16057945644908286,FX,Sign(R)
2015-10-14,-0.0923733526502572,0.1457461936901251,FX,Sign(R)
2015-10-15,0.0021025101555056064,0.14605262654248488,FX,Sign(R)
2015-10-16,0.032926924035658445,0.15086169028185767,FX,Sign(R)
2015-10-19,0.03735179619658408,0.1564966453911378,FX,Sign(R)
2015-10-20,0.0051121043256431575,0.1572966725689905,FX,Sign(R)
2015-10-21,0.03384171356072613,0.1626198615061256,FX,Sign(R)
2015-10-22,0.07347601238120932,0.1745685204635802,FX,Sign(R)
2015-10-23,0.06097649103575921,0.18521309628675348,FX,Sign(R)
2015-10-26,-0.026534875325106386,0.18029848986820757,FX,Sign(R)
2015-10-27,0.01777095080694222,0.18350256546222143,FX,Sign(R)
2015-10-28,0.07092220601722782,0.19651697221462294,FX,Sign(R)
2015-10-29,-0.03637907788604642,0.18936786597649716,FX,Sign(R)
2015-10-30,-0.05062491559170884,0.17978113374565494,FX,Sign(R)
2015-11-02,0.0009369748340033613,0.1799495841436032,FX,Sign(R)
2015-11-03,-0.005209005036754046,0.17901222585343737,FX,Sign(R)
2015-11-04,0.06451422950159892,0.1905610616757381,FX,Sign(R)
2015-11-05,0.024202389583081844,0.19517309472978,FX,Sign(R)
2015-11-06,0.12442525223440838,0.219457556270903,FX,Sign(R)
2015-11-09,-0.02150058976226133,0.21473908938329392,FX,Sign(R)
2015-11-10,0.021283676071728843,0.21930952660166594,FX,Sign(R)
2015-11-11,-0.022401811904708985,0.21439659583782464,FX,Sign(R)
2015-11-12,-0.0386031191873331,0.20612021849533863,FX,Sign(R)
2015-11-13,0.01454854014702939,0.20911896676923253,FX,Sign(R)
2015-11-16,0.044962671256460564,0.21852151412556822,FX,Sign(R)
2015-11-17,0.006634620822793053,0.21997132151341398,FX,Sign(R)
2015-11-18,0.014874384131625236,0.22324325944754572,FX,Sign(R)
2015-11-19,-0.07135563052270281,0.2073135959097228,FX,Sign(R)
2015-11-20,0.026052087170275955,0.21271454778194623,FX,Sign(R)
2015-11-23,0.023688930555421515,0.21775352793248065,FX,Sign(R)
2015-11-24,-0.03316275357172619,0.2105322213462818,FX,Sign(R)
2015-11-25,0.016435349345458317,0.2139923919525833,FX,Sign(R)
2015-11-27,0.04026935888840892,0.22260972838351092,FX,Sign(R)
2015-11-30,-0.004543787228665629,0.22159823714270518,FX,Sign(R)
2015-12-01,-0.02623491274285063,0.21578462672729679,FX,Sign(R)
2015-12-02,0.018518779660514004,0.21978069468378586,FX,Sign(R)
2015-12-03,-0.15372201584846554,0.18599556325241814,FX,Sign(R)
2015-12-04,0.04244101483835346,0.19388940371228192,FX,Sign(R)
2015-12-07,0.057626865516047295,0.20506264230499618,FX,Sign(R)
2015-12-08,0.0016404592312993878,0.20539903920956004,FX,Sign(R)
2015-12-09,-0.08164264000649864,0.18862971939369322,FX,Sign(R)
2015-12-10,0.026127682324246886,0.19355817677892348,FX,Sign(R)
2015-12-11,-0.003939708643787859,0.19279561395679173,FX,Sign(R)
2015-12-14,0.0009155086125201701,0.1929721200018253,FX,Sign(R)
2015-12-15,0.03357809954214422,0.19945175705610518,FX,Sign(R)
2015-12-16,-0.016177963508738562,0.1962250338086977,FX,Sign(R)
2015-12-17,0.10828333814145069,0.21747293549642252,FX,Sign(R)
2015-12-18,-0.05917579380302164,0.2046038019077484,FX,Sign(R)
2015-12-21,0.002012544795642738,0.20501557622444655,FX,Sign(R)
2015-12-22,-0.0018141398921096177,0.20464364928911394,FX,Sign(R)
2015-12-23,-0.0029819731850593612,0.20403340741444112,FX,Sign(R)
2015-12-24,-0.03207445872492662,0.19748914630982048,FX,Sign(R)
2015-12-28,0.009033097718192199,0.19927308506671945,FX,Sign(R)
2015-12-29,0.0075455467878262445,0.20077670945364487,FX,Sign(R)
2015-12-30,0.013934770385921866,0.20357448679872236,FX,Sign(R)
2015-12-31,0.0038968392022370626,0.20436778383945495,FX,Sign(R)
2016-01-04,0.01783603703220385,0.2080128952002049,FX,Sign(R)
2016-01-05,0.033673179524249336,0.21501735076364026,FX,Sign(R)
2016-01-06,0.012383583971984418,0.2176800361822554,FX,Sign(R)
2016-01-07,-0.042046120951680276,0.20852743505217014,FX,Sign(R)
2016-01-08,0.024996136086900447,0.21373981519658647,FX,Sign(R)
2016-01-11,0.005238136047365338,0.2148594134273249,FX,Sign(R)
2016-01-12,0.010225567323306222,0.2170564728243721,FX,Sign(R)
2016-01-13,-0.000912501634103128,0.21685840843822718,FX,Sign(R)
2016-01-14,0.006643375899929728,0.21829908036254284,FX,Sign(R)
2016-01-15,0.02536357177297458,0.22383592475529254,FX,Sign(R)
2016-01-18,0.005295445530813469,0.22502123570267343,FX,Sign(R)
2016-01-19,0.0031630953547662744,0.22573299932804833,FX,Sign(R)
2016-01-20,0.02646870267971367,0.23170785897226245,FX,Sign(R)
2016-01-21,-0.04293363625690699,0.22175979803728063,FX,Sign(R)
2016-01-22,-0.04207985603113501,0.2124281776623783,FX,Sign(R)
2016-01-25,0.021913432048480213,0.2170832080987653,FX,Sign(R)
2016-01-26,-0.048284872531563154,0.20660137306697363,FX,Sign(R)
2016-01-27,0.004582829555654753,0.20754819194570379,FX,Sign(R)
2016-01-28,-0.04210882836637911,0.19880858075330984,FX,Sign(R)
2016-01-29,0.05079714558228386,0.20890748917284294,FX,Sign(R)
2016-02-01,-0.043839105500989684,0.1997491717150478,FX,Sign(R)
2016-02-02,0.008589367554397547,0.2014648907695948,FX,Sign(R)
2016-02-03,-0.15345157134586643,0.17054978670997714,FX,Sign(R)
2016-02-04,-0.051030918195207525,0.1618464744961702,FX,Sign(R)
2016-02-05,0.06785117743742336,0.17282794835483126,FX,Sign(R)
2016-02-08,0.013206155460256781,0.17511034110868237,FX,Sign(R)
2016-02-09,-0.0138034812393782,0.17269320880036754,FX,Sign(R)
2016-02-10,0.013187208765407797,0.17497055019718613,FX,Sign(R)
2016-02-11,0.035992029614757,0.18126809542159356,FX,Sign(R)
2016-02-12,-0.025412393438568645,0.17666163926288003,FX,Sign(R)
2016-02-15,-0.0674367215361413,0.16474815748979094,FX,Sign(R)
2016-02-16,0.042689148493300966,0.17178111604887036,FX,Sign(R)
2016-02-17,-0.041507977144136204,0.16465082941011963,FX,Sign(R)
2016-02-18,0.010477281405072515,0.16637592248342803,FX,Sign(R)
2016-02-19,-0.0031487998773622535,0.1658520379991162,FX,Sign(R)
2016-02-22,0.016559582535650944,0.1685984785110685,FX,Sign(R)
2016-02-23,0.02356214506807692,0.17257102032000335,FX,Sign(R)
2016-02-24,-0.004791603684614096,0.1717441283831804,FX,Sign(R)
2016-02-25,-0.04944384135045486,0.16325243894653027,FX,Sign(R)
2016-02-26,0.048352048151388,0.17114602873530443,FX,Sign(R)
2016-02-29,0.0026362835391252407,0.17159721819364596,FX,Sign(R)
2016-03-01,-0.05069026605343423,0.16289890954938085,FX,Sign(R)
2016-03-02,-0.02256225599758685,0.15922354265039998,FX,Sign(R)
2016-03-03,-0.023652268636708104,0.15545754464634437,FX,Sign(R)
2016-03-04,-0.028076644028526943,0.15109281850376013,FX,Sign(R)
2016-03-07,-0.0025179547130048927,0.1507123736293074,FX,Sign(R)
2016-03-08,0.0259374908414854,0.15462147444001606,FX,Sign(R)
2016-03-09,-0.03639298212217438,0.14899433788501631,FX,Sign(R)
2016-03-10,0.040249410828323055,0.15499127220164433,FX,Sign(R)
2016-03-11,-0.039418807590106006,0.14888170106458196,FX,Sign(R)
2016-03-14,-0.007656376424260722,0.14774180671854725,FX,Sign(R)
2016-03-15,0.02966303720370355,0.1521242774277819,FX,Sign(R)
2016-03-16,0.0050614092566594856,0.1528942406537175,FX,Sign(R)
2016-03-17,-0.005922633722263346,0.15198870406808196,FX,Sign(R)
2016-03-18,0.0005309177566700676,0.152069397569885,FX,Sign(R)
2016-03-21,-0.006794823749353779,0.1510361128157272,FX,Sign(R)
2016-03-22,-0.014996881394248616,0.1487710421455814,FX,Sign(R)
2016-03-23,0.036604885581501496,0.15421678912116116,FX,Sign(R)
2016-03-24,-0.0019313160147970557,0.15391894776658088,FX,Sign(R)
2016-03-25,-0.009674640597940444,0.15242983726572604,FX,Sign(R)
2016-03-28,-0.028751811605671678,0.1480472033015787,FX,Sign(R)
2016-03-29,-0.019647365456224884,0.14513846579354056,FX,Sign(R)
2016-03-30,-0.007678748665271771,0.14402398399304883,FX,Sign(R)
2016-03-31,0.011275380749990514,0.145647909249701,FX,Sign(R)
2016-04-01,0.041712653483624365,0.15172327001884814,FX,Sign(R)
2016-04-04,0.0046216373400299795,0.15242447994891872,FX,Sign(R)
2016-04-05,0.03147641945872248,0.15722225681556853,FX,Sign(R)
2016-04-06,0.013604378932901064,0.1593611679739734,FX,Sign(R)
2016-04-07,0.02894656870425255,0.16397412697152194,FX,Sign(R)
2016-04-08,-0.024820654471267724,0.15990418182373403,FX,Sign(R)
2016-04-11,-0.02260206200780401,0.15629001759084682,FX,Sign(R)
2016-04-12,-0.040279386511965706,0.14999475156434317,FX,Sign(R)
2016-04-13,-0.05863354163389377,0.1412000280536297,FX,Sign(R)
2016-04-14,0.001095383892551518,0.14135469628998748,FX,Sign(R)
2016-04-15,0.016364990673737,0.14366796457646205,FX,Sign(R)
2016-04-18,-0.010388930117326247,0.1421754081323787,FX,Sign(R)
2016-04-19,-0.026811370728126324,0.1383634905565188,FX,Sign(R)
2016-04-20,-0.018240881730590342,0.1358396184894457,FX,Sign(R)
2016-04-21,0.02164413524136099,0.13877974956316613,FX,Sign(R)
2016-04-22,-0.06438655226427353,0.12984419996469454,FX,Sign(R)
2016-04-25,0.018209556724466988,0.13220860528929468,FX,Sign(R)
2016-04-26,-0.01639354841793987,0.13004123711721632,FX,Sign(R)
2016-04-27,-0.01797596385999787,0.12770362053848783,FX,Sign(R)
2016-04-28,0.05693250351829068,0.13497410736409374,FX,Sign(R)
2016-04-29,0.03309512452316343,0.13944109225471124,FX,Sign(R)
2016-05-02,-0.004354882604104778,0.13883384266775384,FX,Sign(R)
2016-05-03,0.06302199758824495,0.1475834287655278,FX,Sign(R)
2016-05-04,0.017100270910240196,0.15010714537928044,FX,Sign(R)
2016-05-05,-0.003189803410965475,0.14962833309493934,FX,Sign(R)
2016-05-06,0.020587702953153222,0.1527088367700734,FX,Sign(R)
2016-05-09,-0.005343831966672087,0.15189278640654819,FX,Sign(R)
2016-05-10,-0.0359761005682431,0.14642827624719554,FX,Sign(R)
2016-05-11,0.009519314957688062,0.14782217312750393,FX,Sign(R)
2016-05-12,-0.019566080403862207,0.14492987260261755,FX,Sign(R)
2016-05-13,0.03249985150150642,0.14964007194033488,FX,Sign(R)
2016-05-16,-0.015932711738043073,0.14725589980964948,FX,Sign(R)
2016-05-17,-0.0014202070752375266,0.14704676593886937,FX,Sign(R)
2016-05-18,0.009138846726391446,0.14839060379439625,FX,Sign(R)
2016-05-19,0.01903933438088435,0.15121586211901908,FX,Sign(R)
2016-05-20,-0.0014637234211389853,0.15099452391998774,FX,Sign(R)
2016-05-23,0.021706785329107935,0.1542721296365898,FX,Sign(R)
2016-05-24,-0.03775087307981196,0.1484482220509266,FX,Sign(R)
2016-05-25,-0.023188352707354823,0.14500595231922997,FX,Sign(R)
2016-05-26,0.009070842895097679,0.14632127853157173,FX,Sign(R)
2016-05-27,-0.00840895261240135,0.14509086983421376,FX,Sign(R)
2016-05-30,-0.01657171620588891,0.1426864651152556,FX,Sign(R)
2016-05-31,0.014437593572525463,0.14474651430688998,FX,Sign(R)
2016-06-01,0.01746303951485035,0.14727422840586804,FX,Sign(R)
2016-06-02,0.02163999757299738,0.15046124235113606,FX,Sign(R)
2016-06-03,-0.042327340758346925,0.1440926180752153,FX,Sign(R)
2016-06-06,-0.032529808586930206,0.1394053127904389,FX,Sign(R)
2016-06-07,-0.04573062491545452,0.13303022071999773,FX,Sign(R)
2016-06-08,-0.01833371186742499,0.13059128298365735,FX,Sign(R)
2016-06-09,0.019760960636894972,0.133171892186219,FX,Sign(R)
2016-06-10,0.034827349070937375,0.1378099161618257,FX,Sign(R)
2016-06-13,0.023106941223119112,0.14099428179453996,FX,Sign(R)
2016-06-14,0.02721411400042116,0.14483131625270407,FX,Sign(R)
2016-06-15,-0.019188354773376805,0.14205224157415205,FX,Sign(R)
2016-06-16,0.0407596947884333,0.14784224758472728,FX,Sign(R)
2016-06-17,-0.028040409147535403,0.1436966904731603,FX,Sign(R)
2016-06-20,-0.04463205980706379,0.1372832111898851,FX,Sign(R)
2016-06-21,-0.02018345674136177,0.1345123614355188,FX,Sign(R)
2016-06-22,-0.0067560375597925425,0.13360359086940404,FX,Sign(R)
2016-06-23,-0.0628615380920034,0.12520506365273856,FX,Sign(R)
2016-06-24,0.15549045955135443,0.14467325653825946,FX,Sign(R)
2016-06-27,-0.00862783741068621,0.14342503920317287,FX,Sign(R)
2016-06-28,-0.040840354272675544,0.1375675097905429,FX,Sign(R)
2016-06-29,-0.030629961164883163,0.1333538223081089,FX,Sign(R)
2016-06-30,-0.013625733214919144,0.1315367787021489,FX,Sign(R)
2016-07-01,-0.004290888589102881,0.13097236903936849,FX,Sign(R)
2016-07-04,-0.02472828270169999,0.1277336472716516,FX,Sign(R)
2016-07-05,0.048712877047738315,0.13395592072605472,FX,Sign(R)
2016-07-06,-0.012005048384207415,0.13234777341638737,FX,Sign(R)
2016-07-07,0.01757960640799402,0.13467439518202184,FX,Sign(R)
2016-07-08,0.0018133536303188578,0.13491860748543616,FX,Sign(R)
2016-07-11,-0.04378078719617518,0.12901176464231198,FX,Sign(R)
2016-07-12,-0.027453094378295555,0.12546999249167615,FX,Sign(R)
2016-07-13,-0.0041013046218739925,0.12495540183156355,FX,Sign(R)
2016-07-14,-0.026914379078133675,0.12159230477880834,FX,Sign(R)
2016-07-15,-0.004219404123718906,0.12107925770661214,FX,Sign(R)
2016-07-18,-0.016883108505695982,0.11903506346096228,FX,Sign(R)
2016-07-19,-0.014600701829912077,0.1172970679920641,FX,Sign(R)
2016-07-20,-0.018664312934292514,0.11510779880878523,FX,Sign(R)
2016-07-21,0.015211777903308807,0.11685879307920322,FX,Sign(R)
2016-07-22,-0.0031240027145983183,0.1164937258923991,FX,Sign(R)
2016-07-25,0.014795108698495775,0.11821726322966994,FX,Sign(R)
2016-07-26,0.022222456953790087,0.12084434127298616,FX,Sign(R)
2016-07-27,-0.018898677038598054,0.11856054309532586,FX,Sign(R)
2016-07-28,-0.014199915017195384,0.1168769934589797,FX,Sign(R)
2016-07-29,0.011922030798176822,0.11827040457459598,FX,Sign(R)
2016-08-01,-0.002356251671914151,0.11799172973607913,FX,Sign(R)
2016-08-02,0.025046107166565235,0.12094696324381737,FX,Sign(R)
2016-08-03,-0.010860259357989059,0.11963344785442835,FX,Sign(R)
2016-08-04,0.011883509004814734,0.1210551130092835,FX,Sign(R)
2016-08-05,-0.03227169389838448,0.11714845945741356,FX,Sign(R)
2016-08-08,-0.012883611679671274,0.11563916419689253,FX,Sign(R)
2016-08-09,-0.0024285905040425087,0.11535832402082855,FX,Sign(R)
2016-08-10,0.004386552397779879,0.11586434935366599,FX,Sign(R)
2016-08-11,-0.028395646727087484,0.11257430622115544,FX,Sign(R)
2016-08-12,-0.002228514534146113,0.11232343274357018,FX,Sign(R)
2016-08-15,-0.010327140936935167,0.11116345282310697,FX,Sign(R)
2016-08-16,0.001790425626770185,0.11136248271780172,FX,Sign(R)
2016-08-17,-0.006139502293004108,0.11067877249980115,FX,Sign(R)
2016-08-18,0.01240364524094686,0.11205159272959216,FX,Sign(R)
2016-08-19,-0.0285397237545891,0.10885367122682787,FX,Sign(R)
2016-08-22,-0.020056223836551174,0.10667047763127227,FX,Sign(R)
2016-08-23,0.00798539747034135,0.10752228379350914,FX,Sign(R)
2016-08-24,-0.005145377837232316,0.10696904101746942,FX,Sign(R)
2016-08-25,-0.0010519670165421513,0.10685651311452789,FX,Sign(R)
2016-08-26,-0.0037136889144220617,0.10645968126634067,FX,Sign(R)
2016-08-29,-0.002297111744374832,0.10621513148220135,FX,Sign(R)
2016-08-30,-0.01175614003288288,0.10496645152288553,FX,Sign(R)
2016-08-31,-0.012898559227096486,0.10361253553105944,FX,Sign(R)
2016-09-01,-0.007855443681393329,0.10279861309350884,FX,Sign(R)
2016-09-02,0.001994659295626436,0.1030036613026933,FX,Sign(R)
2016-09-05,0.025627277972769234,0.1056433647631104,FX,Sign(R)
2016-09-06,0.02182584983959401,0.1079491209789795,FX,Sign(R)
2016-09-07,0.0004910851731644647,0.10800213319174842,FX,Sign(R)
2016-09-08,-0.004543180012150764,0.10751146005896202,FX,Sign(R)
2016-09-09,-0.006141789762445146,0.10685114727422636,FX,Sign(R)
2016-09-12,0.0029639253421684408,0.10716784609747221,FX,Sign(R)
2016-09-13,-0.009846463192205201,0.10611262184548553,FX,Sign(R)
2016-09-14,-0.011992164821827791,0.1048401017946382,FX,Sign(R)
2016-09-15,0.010762507537300871,0.10596844418041437,FX,Sign(R)
2016-09-16,0.029677670586517515,0.10911334075936649,FX,Sign(R)
2016-09-19,0.01175818750708852,0.11039631587953996,FX,Sign(R)
2016-09-20,0.0024026641303345354,0.11066156114782481,FX,Sign(R)
2016-09-21,0.0009593333964224201,0.11076772247913416,FX,Sign(R)
2016-09-22,-0.023042123090164346,0.10821539898335279,FX,Sign(R)
2016-09-23,0.0007889511102629033,0.10830077564252827,FX,Sign(R)
2016-09-26,0.015391018740835103,0.10996763491008939,FX,Sign(R)
2016-09-27,-0.014809350162946195,0.10833908569811485,FX,Sign(R)
2016-09-28,0.006854466106448896,0.10908169228903623,FX,Sign(R)
2016-09-29,-0.017307387951672974,0.10719377312216487,FX,Sign(R)
2016-09-30,0.0023787291107405517,0.10744875807078066,FX,Sign(R)
2016-10-03,0.006367434122549749,0.10813293095934615,FX,Sign(R)
2016-10-04,-0.02040890761423523,0.10592605596134037,FX,Sign(R)
2016-10-05,-0.03484329765252117,0.10223524286432178,FX,Sign(R)
2016-10-06,0.035460613305803884,0.10586056727775846,FX,Sign(R)
2016-10-07,0.020373803110753593,0.1080173496326682,FX,Sign(R)
2016-10-10,-0.012001816160430872,0.10672094526023992,FX,Sign(R)
2016-10-11,0.052793082950587426,0.11235507297592887,FX,Sign(R)
2016-10-12,0.0004761033967205627,0.1124085656078115,FX,Sign(R)
2016-10-13,-0.01651207371728508,0.11055246708604105,FX,Sign(R)
2016-10-14,0.022438627567922035,0.11303311272169969,FX,Sign(R)
2016-10-17,-0.0038122671979979542,0.11260220029378315,FX,Sign(R)
2016-10-18,-0.01326400543451353,0.11110864409714823,FX,Sign(R)
2016-10-19,0.013114752483381316,0.11256580646324642,FX,Sign(R)
2016-10-20,-6.085525455230525e-05,0.11255895624244021,FX,Sign(R)
2016-10-21,0.027857839006101795,0.11569460552413696,FX,Sign(R)
2016-10-24,-0.003953913542991807,0.11523715905650399,FX,Sign(R)
2016-10-25,0.00044703658621358537,0.11528867428269354,FX,Sign(R)
2016-10-26,-0.0026343411028762836,0.11498496458933452,FX,Sign(R)
2016-10-27,-0.0015541801122225696,0.11480625724416517,FX,Sign(R)
2016-10-28,-0.019824008777927584,0.11253033699279583,FX,Sign(R)
2016-10-31,0.002535790485895555,0.11281569035071679,FX,Sign(R)
2016-11-01,-0.021892119489287164,0.11034591577729247,FX,Sign(R)
2016-11-02,0.01197506945064171,0.11166731578232021,FX,Sign(R)
2016-11-03,-0.015256348615052269,0.109963680283838,FX,Sign(R)
2016-11-04,-0.014281745843228364,0.1083932069500382,FX,Sign(R)
2016-11-07,-0.08018613535341437,0.0997015745861518,FX,Sign(R)
2016-11-08,-0.02115377518005746,0.09759250989225861,FX,Sign(R)
2016-11-09,0.003836007484613705,0.09796687549064756,FX,Sign(R)
2016-11-10,-0.030695908614345877,0.09495969323335364,FX,Sign(R)
2016-11-11,-0.010322988648123782,0.09397942539807641,FX,Sign(R)
2016-11-14,-0.07328170641525245,0.08709245273698045,FX,Sign(R)
2016-11-15,-0.0418032282141703,0.08345170705948461,FX,Sign(R)
2016-11-16,-0.0029691107608265307,0.08320392969804495,FX,Sign(R)
2016-11-17,0.0027420045374110693,0.08343207525080742,FX,Sign(R)
2016-11-18,0.009094568553467028,0.08419085397873392,FX,Sign(R)
2016-11-21,-0.02849710421070049,0.08179165843931407,FX,Sign(R)
2016-11-22,0.007783668430633061,0.08242829758899729,FX,Sign(R)
2016-11-23,0.014691693376530587,0.08363930886272426,FX,Sign(R)
2016-11-24,0.00990177218734593,0.08446748624499002,FX,Sign(R)
2016-11-25,-0.013849173255221515,0.08329768139355012,FX,Sign(R)
2016-11-28,0.007360633038284324,0.08391080505922796,FX,Sign(R)
2016-11-29,-0.02909668102206878,0.08146927913011462,FX,Sign(R)
2016-11-30,-0.017613385102878742,0.08003432934274199,FX,Sign(R)
2016-12-01,-0.023794056789134505,0.07812998796528049,FX,Sign(R)
2016-12-02,-0.010075478445897703,0.07734279095555806,FX,Sign(R)
2016-12-05,-0.03889955373625598,0.07433419090267031,FX,Sign(R)
2016-12-06,0.008906645592459695,0.07499625919644264,FX,Sign(R)
2016-12-07,-0.008043914245806567,0.07439299571871018,FX,Sign(R)
2016-12-08,0.04421225511841661,0.07768207782444907,FX,Sign(R)
2016-12-09,-0.004104676176829257,0.07736321805023645,FX,Sign(R)
2016-12-12,-0.022842422482911292,0.07559605473889537,FX,Sign(R)
2016-12-13,-0.004153170719534192,0.07528209141784149,FX,Sign(R)
2016-12-14,-0.0034502898797087902,0.0750223463796992,FX,Sign(R)
2016-12-15,0.028451621582656343,0.07715685378913736,FX,Sign(R)
2016-12-16,-0.028737159490631596,0.07493958497600359,FX,Sign(R)
2016-12-19,0.004999353114632521,0.07531423442356265,FX,Sign(R)
2016-12-20,0.0017848985357512602,0.0754486626903065,FX,Sign(R)
2016-12-21,-0.02005940373448169,0.07393520750417493,FX,Sign(R)
2016-12-22,-0.006065016264754609,0.0734867892681241,FX,Sign(R)
2016-12-23,-0.011871851002810836,0.07261436505525798,FX,Sign(R)
2016-12-26,-0.0668728152440111,0.06775843803685654,FX,Sign(R)
2016-12-27,0.00633037533513342,0.06818737438175221,FX,Sign(R)
2016-12-28,0.011705912189432528,0.06898556979869296,FX,Sign(R)
2016-12-29,-0.029803037618593684,0.06692959026684239,FX,Sign(R)
2016-12-30,-0.030268590696128386,0.06490372589359576,FX,Sign(R)
2017-01-03,0.06645812685755323,0.06921710594256021,FX,Sign(R)
2017-01-04,0.01913442520776581,0.07054153547931613,FX,Sign(R)
2017-01-05,-0.029646262390582094,0.06845024260906177,FX,Sign(R)
2017-01-06,0.03948695003124513,0.07115313391859239,FX,Sign(R)
2017-01-09,0.007721071982953466,0.07170251238739057,FX,Sign(R)
2017-01-10,0.0071995599048549725,0.0722187389206522,FX,Sign(R)
2017-01-11,0.01210155117328136,0.07309269768537031,FX,Sign(R)
2017-01-12,-0.004194051187999555,0.0727861431698089,FX,Sign(R)
2017-01-13,-0.0063271510400926285,0.07232561424834771,FX,Sign(R)
2017-01-16,-0.04656285880529323,0.0689579268840958,FX,Sign(R)
2017-01-17,-0.027509666111109846,0.0670609173398,FX,Sign(R)
2017-01-18,0.008979835691931753,0.06766311335886162,FX,Sign(R)
2017-01-19,-0.00871242954188292,0.0670736032511381,FX,Sign(R)
2017-01-20,-0.024238064761351805,0.0654478689117598,FX,Sign(R)
2017-01-23,-0.023789308948733278,0.06389090933818174,FX,Sign(R)
2017-01-24,0.02154128812409525,0.06526720182474596,FX,Sign(R)
2017-01-25,-0.010440745725762791,0.06458576356626175,FX,Sign(R)
2017-01-26,0.011935778000954498,0.0653566449022108,FX,Sign(R)
2017-01-27,-0.015087912410305394,0.0643705495684948,FX,Sign(R)
2017-01-30,-0.0032985894494294895,0.06415821755283418,FX,Sign(R)
2017-01-31,-0.028015744429100115,0.062360777326847375,FX,Sign(R)
2017-02-01,-0.015395677949405127,0.06140069088244867,FX,Sign(R)
2017-02-02,0.02157608078238055,0.06272547714902237,FX,Sign(R)
2017-02-03,0.00017598805920510647,0.06273651608400854,FX,Sign(R)
2017-02-06,-0.012217040993087847,0.0619700614952467,FX,Sign(R)
2017-02-07,0.008331717148871067,0.06248637851932324,FX,Sign(R)
2017-02-08,-0.005474479271872136,0.06214429813534485,FX,Sign(R)
2017-02-09,0.01960858690875024,0.06336286000621505,FX,Sign(R)
2017-02-10,0.028849157402254355,0.06519082512799136,FX,Sign(R)
2017-02-13,0.008432476236992064,0.06574054521175306,FX,Sign(R)
2017-02-14,0.017746792371247846,0.06690722901799867,FX,Sign(R)
2017-02-15,0.004183243757351253,0.06718711826610989,FX,Sign(R)
2017-02-16,-0.05878912280458712,0.06323724651947724,FX,Sign(R)
2017-02-17,0.019480524410772148,0.06446914124396992,FX,Sign(R)
2017-02-20,0.019472760218538696,0.06572453337290886,FX,Sign(R)
2017-02-21,0.01454379779645911,0.06668041769655107,FX,Sign(R)
2017-02-22,-0.012294447836733655,0.06586061877944922,FX,Sign(R)
2017-02-23,-0.022121759810558125,0.06440366598983552,FX,Sign(R)
2017-02-24,0.00047291837917073747,0.06443412366716808,FX,Sign(R)
2017-02-27,0.0057458603044566745,0.06480435314059971,FX,Sign(R)
2017-02-28,-0.02575424740662941,0.06313536579679012,FX,Sign(R)
2017-03-01,0.05241142529662622,0.06644438030482375,FX,Sign(R)
2017-03-02,0.012076411854326523,0.0672467900067903,FX,Sign(R)
2017-03-03,-0.0572713778239784,0.06339547368886168,FX,Sign(R)
2017-03-06,0.00409509318278857,0.06365508406098459,FX,Sign(R)
2017-03-07,0.0025635962384547165,0.06381826999504185,FX,Sign(R)
2017-03-08,0.021972271715240837,0.06522050236376951,FX,Sign(R)
2017-03-09,-0.007572513347713796,0.06472661923907527,FX,Sign(R)
2017-03-10,-0.026448496959086357,0.06301469744695865,FX,Sign(R)
2017-03-13,0.002974317113062467,0.06320212313994959,FX,Sign(R)
2017-03-14,0.024750400920711756,0.06476640102670354,FX,Sign(R)
2017-03-15,-0.08876515141653739,0.05901740163286402,FX,Sign(R)
2017-03-16,-0.03236871824707867,0.05710708398773517,FX,Sign(R)
2017-03-17,-0.009485598051554247,0.05656538914313116,FX,Sign(R)
2017-03-20,0.011577657369483978,0.05722028383760186,FX,Sign(R)
2017-03-21,-0.06371551425228518,0.053574464027227334,FX,Sign(R)
2017-03-22,-0.028944662691735845,0.0520237692370687,FX,Sign(R)
2017-03-23,-0.006841404409656304,0.05166785359280328,FX,Sign(R)
2017-03-24,-0.006044604937687966,0.05135554182985648,FX,Sign(R)
2017-03-27,-0.03707676024800308,0.049451444718024595,FX,Sign(R)
2017-03-28,0.04828119232379449,0.05183901943114503,FX,Sign(R)
2017-03-29,0.011717063088332588,0.052446420492257055,FX,Sign(R)
2017-03-30,0.009055643218550664,0.05292135656432502,FX,Sign(R)
2017-03-31,-0.02962665879783461,0.051353473590275214,FX,Sign(R)
2017-04-03,0.01504975143151459,0.052126330602953706,FX,Sign(R)
2017-04-04,-0.004465821588998555,0.05189354371039176,FX,Sign(R)
2017-04-05,-0.0017800713794375212,0.051801169498455306,FX,Sign(R)
2017-04-06,-0.0029020445133628447,0.05165084019872653,FX,Sign(R)
2017-04-07,0.03127136632698771,0.05326603254367761,FX,Sign(R)
2017-04-10,-0.023981505230928027,0.05198863290560062,FX,Sign(R)
2017-04-11,-0.03644899191977529,0.050093699644904226,FX,Sign(R)
2017-04-12,-0.007114939131197777,0.04973728602107423,FX,Sign(R)
2017-04-13,-0.06724460661818275,0.04639272178833105,FX,Sign(R)
2017-04-14,-0.044064752109323556,0.04434843800305143,FX,Sign(R)
2017-04-17,-0.008382987798772237,0.04397666558837725,FX,Sign(R)
2017-04-18,-0.06974910722471933,0.0409093324248679,FX,Sign(R)
2017-04-19,0.06096213226956274,0.04340325255921221,FX,Sign(R)
2017-04-20,0.004841740262031002,0.04361339983463125,FX,Sign(R)
2017-04-21,0.016179999525243953,0.04431906462324985,FX,Sign(R)
2017-04-24,-0.03734522429238162,0.04266395921446603,FX,Sign(R)
2017-04-25,0.02555321809387587,0.0437541606690215,FX,Sign(R)
2017-04-26,0.03405712010237007,0.04524430137390476,FX,Sign(R)
2017-04-27,-0.016277020514274744,0.044507858952287684,FX,Sign(R)
2017-04-28,-0.007819392333802463,0.0441598345412022,FX,Sign(R)
2017-05-01,0.0030166732901315465,0.04429305033455928,FX,Sign(R)
2017-05-02,0.0033146738928627284,0.04443986735213849,FX,Sign(R)
2017-05-03,0.002751843590371241,0.04456215891626843,FX,Sign(R)
2017-05-04,-0.019208882389454045,0.043706169646625666,FX,Sign(R)
2017-05-05,-0.017864902158556153,0.04292536320216344,FX,Sign(R)
2017-05-08,0.06130665900850929,0.04555697380681488,FX,Sign(R)
2017-05-09,0.05388044963029797,0.048011604039321774,FX,Sign(R)
2017-05-10,-0.008237892944839922,0.0476160895851358,FX,Sign(R)
2017-05-11,-0.012021879839578418,0.0470436546777127,FX,Sign(R)
2017-05-12,-0.03043676835035228,0.0456117978579332,FX,Sign(R)
2017-05-15,-0.02532148216819136,0.04445683953181439,FX,Sign(R)
2017-05-16,-0.07580031177455965,0.04108699723479129,FX,Sign(R)
2017-05-17,-0.0749702229931136,0.03800669588998155,FX,Sign(R)
2017-05-18,0.017009532095963883,0.03865317200358372,FX,Sign(R)
2017-05-19,-0.049588461921510625,0.03673642065553841,FX,Sign(R)
2017-05-22,0.0014829946686409116,0.036790900571515524,FX,Sign(R)
2017-05-23,0.03646428501583278,0.03813245445594443,FX,Sign(R)
2017-05-24,-0.009051351568238938,0.03778730420450382,FX,Sign(R)
2017-05-25,0.002689726358565948,0.03788894171264182,FX,Sign(R)
2017-05-26,0.0136312560225918,0.0384054155775519,FX,Sign(R)
2017-05-29,-0.005774498959114116,0.03818364354527498,FX,Sign(R)
2017-05-30,-0.026004400726050578,0.037190700777342975,FX,Sign(R)
2017-05-31,-0.03135487055302958,0.03602459116869293,FX,Sign(R)
2017-06-01,0.03081870466365846,0.03713482240454992,FX,Sign(R)
2017-06-02,-0.002924077925127808,0.03702623729010323,FX,Sign(R)
2017-06-05,0.02252442348195269,0.03786023193876878,FX,Sign(R)
2017-06-06,-0.019901706009200746,0.03710674873328325,FX,Sign(R)
2017-06-07,0.014651002863161946,0.03765039981521721,FX,Sign(R)
2017-06-08,0.01542794298777242,0.038231268037033216,FX,Sign(R)
2017-06-09,0.03753707236410347,0.03966635791191077,FX,Sign(R)
2017-06-12,-0.0266893511594511,0.03860768855638331,FX,Sign(R)
2017-06-13,-0.01847210110913836,0.037894523429779677,FX,Sign(R)
2017-06-14,0.017340553161389334,0.038551635427839286,FX,Sign(R)
2017-06-15,0.04127000590559836,0.04014266164961669,FX,Sign(R)
2017-06-16,-0.003196083273229818,0.04001436236017542,FX,Sign(R)
2017-06-19,0.026150416278354557,0.04106075459300693,FX,Sign(R)
2017-06-20,0.01478888230402207,0.041667997259997244,FX,Sign(R)
2017-06-21,-0.023539565630832687,0.040687150703790184,FX,Sign(R)
2017-06-22,-0.0007780159043922882,0.04065549545343823,FX,Sign(R)
2017-06-23,-0.016592495210603325,0.03998091933984235,FX,Sign(R)
2017-06-26,0.032059586353537235,0.041262691075911836,FX,Sign(R)
2017-06-27,-0.09523982930856495,0.03733283942102995,FX,Sign(R)
2017-06-28,-0.028392066423768306,0.036272882964400184,FX,Sign(R)
2017-06-29,-0.01934040083980841,0.03557135086825323,FX,Sign(R)
2017-06-30,-0.030046683366350375,0.03450254975180147,FX,Sign(R)
2017-07-03,-0.022544146986330522,0.033724719198793676,FX,Sign(R)
2017-07-04,-0.00861813310088717,0.033434075079948423,FX,Sign(R)
2017-07-05,-0.02549971724078698,0.0325815156192025,FX,Sign(R)
2017-07-06,-0.02731687515980332,0.031691490424515564,FX,Sign(R)
2017-07-07,0.02789413728343214,0.03257549720913357,FX,Sign(R)
2017-07-10,0.0180704273615119,0.03316415036521636,FX,Sign(R)
2017-07-11,0.007709492062692471,0.033419829119222935,FX,Sign(R)
2017-07-12,0.023985966711817255,0.034221436027991235,FX,Sign(R)
2017-07-13,0.01217189774379156,0.03463797584796965,FX,Sign(R)
2017-07-14,0.031099814230501826,0.03571521046216211,FX,Sign(R)
2017-07-17,-0.01680896368880507,0.0351148747863656,FX,Sign(R)
2017-07-18,0.03223842169366637,0.03624692292744875,FX,Sign(R)
2017-07-19,-0.009533778374160308,0.035901352797513185,FX,Sign(R)
2017-07-20,0.04550851735472006,0.03753517013435674,FX,Sign(R)
2017-07-21,0.006155825566367498,0.03776623009430776,FX,Sign(R)
2017-07-24,-0.02135737682881667,0.03695964248677983,FX,Sign(R)
2017-07-25,0.0060628992560761725,0.03718372507571777,FX,Sign(R)
2017-07-26,0.014092594921035234,0.037707740250865006,FX,Sign(R)
2017-07-27,-0.04477599121981925,0.03601933880447305,FX,Sign(R)
2017-07-28,0.014921968352686039,0.03655681823819807,FX,Sign(R)
2017-07-31,0.0023839516848663694,0.03664396792663037,FX,Sign(R)
2017-08-01,-0.030773382214244735,0.035516309095777646,FX,Sign(R)
2017-08-02,0.024646120909178455,0.03639164834399993,FX,Sign(R)
2017-08-03,-0.012522617066969104,0.03593592966735222,FX,Sign(R)
2017-08-04,-0.012639127922973946,0.035481730855255564,FX,Sign(R)
2017-08-07,-0.0038670950560277754,0.0353445196292859,FX,Sign(R)
2017-08-08,-0.0016242972809861348,0.03528710962215429,FX,Sign(R)
2017-08-09,-0.06509855979383411,0.0329899696064649,FX,Sign(R)
2017-08-10,0.0020142984540558236,0.03305642125124255,FX,Sign(R)
2017-08-11,-0.005777264409866871,0.032865445565230175,FX,Sign(R)
2017-08-14,0.01499308564560289,0.03335820000537057,FX,Sign(R)
2017-08-15,0.008977887942907471,0.03365768618699588,FX,Sign(R)
2017-08-16,0.03621251651945375,0.034876515704049066,FX,Sign(R)
2017-08-17,-0.029453717368071713,0.033849272667718894,FX,Sign(R)
2017-08-18,0.009521074765947872,0.034171554123561196,FX,Sign(R)
2017-08-21,0.001428861876608618,0.03422038055451282,FX,Sign(R)
2017-08-22,0.007257704365188595,0.034468741959841724,FX,Sign(R)
2017-08-23,0.010704179586115898,0.03483770156388735,FX,Sign(R)
2017-08-24,0.0015973036445144962,0.034893347951561855,FX,Sign(R)
2017-08-25,0.02201072298573038,0.035661375767368386,FX,Sign(R)
2017-08-28,-0.0002688756145703065,0.03565178729304251,FX,Sign(R)
2017-08-29,-0.0033519204274164516,0.03553228533894105,FX,Sign(R)
2017-08-30,-0.044273542662517394,0.033959145188090706,FX,Sign(R)
2017-08-31,0.03195843936883001,0.035044426470601596,FX,Sign(R)
2017-09-01,0.014833194599614873,0.035564247268071926,FX,Sign(R)
2017-09-04,-0.07344020916217625,0.03295240151000937,FX,Sign(R)
2017-09-05,0.0020950860804947657,0.03302143962773186,FX,Sign(R)
2017-09-06,0.028253540918515802,0.03395441222344228,FX,Sign(R)
2017-09-07,0.04220653800059244,0.03538751041323878,FX,Sign(R)
2017-09-08,-0.03540529284294684,0.03413460524407523,FX,Sign(R)
2017-09-11,0.03346098473505023,0.0352767827490842,FX,Sign(R)
2017-09-12,-0.016120673103057995,0.03470809726625861,FX,Sign(R)
2017-09-13,-0.02394247227628478,0.03387709960969862,FX,Sign(R)
2017-09-14,-0.0015049661750522808,0.03382611572067715,FX,Sign(R)
2017-09-15,-0.007214261893683863,0.03358208526302212,FX,Sign(R)
2017-09-18,-0.03219865966589188,0.03250078712876711,FX,Sign(R)
2017-09-19,0.04132611293523664,0.03384391832813463,FX,Sign(R)
2017-09-20,-0.025840170837360833,0.03296938569672995,FX,Sign(R)
2017-09-21,0.00760454368990009,0.0332201028306899,FX,Sign(R)
2017-09-22,0.006505380916951891,0.03343621225370385,FX,Sign(R)
2017-09-25,-0.05005538142869506,0.031762549895813896,FX,Sign(R)
2017-09-26,-0.01840922181175628,0.03117782606947488,FX,Sign(R)
2017-09-27,-0.04162834203024615,0.029879944862095255,FX,Sign(R)
2017-09-28,0.015300610881139015,0.030337126271580066,FX,Sign(R)
2017-09-29,-0.01355850526050027,0.029925800185438386,FX,Sign(R)
2017-10-02,-0.02622824135156228,0.02914089907553608,FX,Sign(R)
2017-10-03,0.012318053781135409,0.029499858237579172,FX,Sign(R)
2017-10-04,0.009775801240943299,0.02978824298834575,FX,Sign(R)
2017-10-05,-0.06141181293747543,0.027958892982209396,FX,Sign(R)
2017-10-06,-0.004548283330501785,0.027831728015319128,FX,Sign(R)
2017-10-09,-0.0019067399206664103,0.02777866014845119,FX,Sign(R)
2017-10-10,0.021971045192021563,0.02838898634594662,FX,Sign(R)
2017-10-11,0.02391956232989299,0.029068038474330968,FX,Sign(R)
2017-10-12,0.013215475734141498,0.029452186431427576,FX,Sign(R)
2017-10-13,0.0002549434125964961,0.029459695072344833,FX,Sign(R)
2017-10-16,-0.01691842438252559,0.028961283448931105,FX,Sign(R)
2017-10-17,-0.002814834850544417,0.028879762218962556,FX,Sign(R)
2017-10-18,0.04524119414540672,0.030186317148383823,FX,Sign(R)
2017-10-19,-0.0053427890529893236,0.030025038023573373,FX,Sign(R)
2017-10-20,-0.025662567006045463,0.02925451847343436,FX,Sign(R)
2017-10-23,0.004034472374346389,0.02937254502004024,FX,Sign(R)
2017-10-24,-0.006258474186933962,0.029188717705227765,FX,Sign(R)
2017-10-25,-0.008506010782876836,0.02894043815768875,FX,Sign(R)
2017-10-26,-0.05553797748221932,0.027333144754961472,FX,Sign(R)
2017-10-27,0.002040718598895639,0.027388924011829227,FX,Sign(R)
2017-10-30,-0.003041308278920805,0.027305625850481317,FX,Sign(R)
2017-10-31,0.03687313122855676,0.02831246977574399,FX,Sign(R)
2017-11-01,0.030052845210462267,0.029163340047440315,FX,Sign(R)
2017-11-02,0.0034848195178676256,0.029264969024043845,FX,Sign(R)
2017-11-03,-0.026391177709690145,0.028492632025861726,FX,Sign(R)
2017-11-06,0.023828341167298046,0.029171564182528247,FX,Sign(R)
2017-11-07,-0.006095149456343912,0.028993759138960407,FX,Sign(R)
2017-11-08,0.012711198167626118,0.029362304557000157,FX,Sign(R)
2017-11-09,0.0015128040424997032,0.029406723970031093,FX,Sign(R)
2017-11-10,-0.0008782430842493744,0.029380897718073985,FX,Sign(R)
2017-11-13,-0.03955866184188918,0.028218628720633562,FX,Sign(R)
2017-11-14,0.03117928674264472,0.029098465436998427,FX,Sign(R)
2017-11-15,-0.05279150938544943,0.02756231352577895,FX,Sign(R)
2017-11-16,0.03680762047967629,0.028576816701577672,FX,Sign(R)
2017-11-17,-0.0014385279049662512,0.02853570815331735,FX,Sign(R)
2017-11-20,-0.024482263203142254,0.02783708943561978,FX,Sign(R)
2017-11-21,0.032776179185172484,0.028749482866955323,FX,Sign(R)
2017-11-22,0.03090611108597368,0.02963801757810574,FX,Sign(R)
2017-11-23,-0.041899906445483484,0.028396187414353513,FX,Sign(R)
2017-11-24,0.03970871955749266,0.029523763656892077,FX,Sign(R)
2017-11-27,-0.03988177368424073,0.028346303596420895,FX,Sign(R)
2017-11-28,-0.01816002597547741,0.027831533986801122,FX,Sign(R)
2017-11-29,0.001962814906128098,0.027886162136570827,FX,Sign(R)
2017-11-30,0.015645501047272952,0.028322455115482967,FX,Sign(R)
2017-12-01,0.038957435705703404,0.029425825339672064,FX,Sign(R)
2017-12-04,-0.03289333598054652,0.02845791178026935,FX,Sign(R)
2017-12-05,-0.03217593506812524,0.02754225185865297,FX,Sign(R)
2017-12-06,-0.06571679006911595,0.025732263475227155,FX,Sign(R)
2017-12-07,0.005653161859447139,0.02587773212566255,FX,Sign(R)
2017-12-08,0.0019389057703530803,0.025927906609804652,FX,Sign(R)
2017-12-11,-0.0015825102144953651,0.025886875432754152,FX,Sign(R)
2017-12-12,-0.029689446174835623,0.025118308437958724,FX,Sign(R)
2017-12-13,0.0636821304033311,0.0267178958314159,FX,Sign(R)
2017-12-14,0.002581538403576852,0.026786869105567462,FX,Sign(R)
2017-12-15,-0.06896237254578143,0.024939583058974236,FX,Sign(R)
2017-12-18,0.03570860793205391,0.025830140852416042,FX,Sign(R)
2017-12-19,-0.006833901774122933,0.025653620207018873,FX,Sign(R)
2017-12-20,0.0046518263583030205,0.02577295639368378,FX,Sign(R)
2017-12-21,0.0022178350221361675,0.02583011655899768,FX,Sign(R)
2017-12-22,-0.01774265383467262,0.02537182174238214,FX,Sign(R)
2017-12-26,0.007323912044799747,0.025557642733239683,FX,Sign(R)
2017-12-27,0.038126946869169724,0.026532077619831132,FX,Sign(R)
2017-12-28,0.03900999976961958,0.027567093961668274,FX,Sign(R)
2017-12-29,0.048914077217908414,0.02891551292438265,FX,Sign(R)
2018-01-02,0.05172938175984067,0.030411294531229652,FX,Sign(R)
2018-01-03,-0.0326168399812022,0.029419374203883325,FX,Sign(R)
2018-01-04,0.06108943217192733,0.031216587068852004,FX,Sign(R)
2018-01-05,0.01916898520558474,0.031814977364543674,FX,Sign(R)
2018-01-08,-0.035596121043399674,0.030682487579282356,FX,Sign(R)
2018-01-09,-0.028017119100283292,0.02982285267048064,FX,Sign(R)
2018-01-10,0.013573931995516875,0.03022766604454206,FX,Sign(R)
2018-01-11,0.057320866979406894,0.03196034206897919,FX,Sign(R)
2018-01-12,0.09980609863791454,0.03515017912201722,FX,Sign(R)
2018-01-15,0.014597580833861881,0.035663286703075586,FX,Sign(R)
2018-01-16,0.09750181025573686,0.039140521716294806,FX,Sign(R)
2018-01-17,0.005601956184631559,0.039359785203993115,FX,Sign(R)
2018-01-18,0.0007074195108081404,0.03938762908398764,FX,Sign(R)
2018-01-19,-0.028471070450792176,0.03826622112144775,FX,Sign(R)
2018-01-22,0.0070361235131788024,0.03853546697964087,FX,Sign(R)
2018-01-23,0.03988490941854357,0.040072450589525126,FX,Sign(R)
2018-01-24,0.1430606921691967,0.04580524310777853,FX,Sign(R)
2018-01-25,-0.05451638962816899,0.043308106627501876,FX,Sign(R)
2018-01-26,0.06551491068033521,0.046145433364937094,FX,Sign(R)
2018-01-29,-0.03273090641259849,0.04463505150410054,FX,Sign(R)
2018-01-30,-0.0055043378892723075,0.0443893650989169,FX,Sign(R)
2018-01-31,-0.0003173885426470826,0.04437527642301913,FX,Sign(R)
2018-02-01,0.061340408716873754,0.04709727401573138,FX,Sign(R)
2018-02-02,-0.10026491645561192,0.04237506977125701,FX,Sign(R)
2018-02-05,-0.08253235311386696,0.03887775554967088,FX,Sign(R)
2018-02-06,-0.04216157729333698,0.03723860805407197,FX,Sign(R)
2018-02-07,-0.06718925078848335,0.03473657387851289,FX,Sign(R)
2018-02-08,0.00960357200596986,0.03507016906699588,FX,Sign(R)
2018-02-09,-0.032187419396426276,0.033941350826932906,FX,Sign(R)
2018-02-12,0.028488662250435712,0.03490829450696494,FX,Sign(R)
2018-02-13,0.04609759140892069,0.03651748280392929,FX,Sign(R)
2018-02-14,0.07244082269922766,0.039162839301150824,FX,Sign(R)
2018-02-15,0.06943233724748361,0.04188200676707734,FX,Sign(R)
2018-02-16,-0.04252515677286651,0.04010096786334512,FX,Sign(R)
2018-02-19,0.034687423433771625,0.04149196711572503,FX,Sign(R)
2018-02-20,-0.08530413069310808,0.037952530930171084,FX,Sign(R)
2018-02-21,-0.04425184077701567,0.03627306157436439,FX,Sign(R)
2018-02-22,0.0348431068118136,0.037536927733191464,FX,Sign(R)
2018-02-23,0.0034779455344614196,0.03766747912337851,FX,Sign(R)
2018-02-26,-0.0044186569631058424,0.03750103945446735,FX,Sign(R)
2018-02-27,-0.05372318633459797,0.03548636412411389,FX,Sign(R)
2018-02-28,-0.04303881738249845,0.033959072979007306,FX,Sign(R)
2018-03-01,0.002034552504390384,0.03402816449598352,FX,Sign(R)
2018-03-02,0.016796998667442917,0.034599735529678086,FX,Sign(R)
2018-03-05,-0.029188053826851388,0.03358983658664302,FX,Sign(R)
2018-03-06,0.0642559242281054,0.03574818258118879,FX,Sign(R)
2018-03-07,-0.004468779098781242,0.035588431850050554,FX,Sign(R)
2018-03-08,-0.05298817791666079,0.03370266569140512,FX,Sign(R)
2018-03-09,0.028532182626115683,0.03466427630389922,FX,Sign(R)
2018-03-12,0.04077701496972308,0.03607778201765793,FX,Sign(R)
2018-03-13,0.007615711756130445,0.03635254000630492,FX,Sign(R)
2018-03-14,-0.00011650578145224335,0.036348304725223705,FX,Sign(R)
2018-03-15,-0.0747110765326754,0.03363268374906451,FX,Sign(R)
2018-03-16,-0.027247468482435377,0.03271627825863215,FX,Sign(R)
2018-03-19,0.037362803762913135,0.03393865014306229,FX,Sign(R)
2018-03-20,-0.06465957017283336,0.03174419161256571,FX,Sign(R)
2018-03-21,0.09612656130536855,0.03479565159370038,FX,Sign(R)
2018-03-22,0.0034757129967713,0.034916591292175725,FX,Sign(R)
2018-03-23,0.011940191419441519,0.035333502075918705,FX,Sign(R)
2018-03-26,0.04537697768626402,0.03693682961119523,FX,Sign(R)
2018-03-27,-0.03096451929715472,0.03579309843792366,FX,Sign(R)
2018-03-28,-0.07328559812502292,0.0331699798101526,FX,Sign(R)
2018-03-29,0.005365143858696666,0.03334794152362413,FX,Sign(R)
2018-03-30,0.04578376994607437,0.034874736006516874,FX,Sign(R)
2018-04-02,-0.008295139700274292,0.03458544519933263,FX,Sign(R)
2018-04-03,0.009851091772638152,0.034926149593988806,FX,Sign(R)
2018-04-04,0.010687407728073563,0.035299419595071456,FX,Sign(R)
2018-04-05,-0.02809407816849711,0.034307714941664944,FX,Sign(R)
2018-04-06,0.02105081347120806,0.03502992024952531,FX,Sign(R)
2018-04-09,0.03724696399610268,0.036334678427845726,FX,Sign(R)
2018-04-10,0.03814402889369385,0.03772062945164055,FX,Sign(R)
2018-04-11,-0.0021262128774755104,0.03764042736355399,FX,Sign(R)
2018-04-12,-0.012152469700195108,0.03718300321051601,FX,Sign(R)
2018-04-13,0.006463134033532249,0.037423321944034825,FX,Sign(R)
2018-04-16,0.04747080243595282,0.039199837066537166,FX,Sign(R)
2018-04-17,-0.020327466941445178,0.03840300367445709,FX,Sign(R)
2018-04-18,-0.020265658756660254,0.037624741506759776,FX,Sign(R)
2018-04-19,-0.07969760310767919,0.03462613979112501,FX,Sign(R)
2018-04-20,-0.053189577157899084,0.03278439005702477,FX,Sign(R)
2018-04-23,-0.06321511760463261,0.030711920983973802,FX,Sign(R)
2018-04-24,0.019049818743183542,0.03129697751197348,FX,Sign(R)
2018-04-25,-0.015058981289463409,0.030825676913203915,FX,Sign(R)
2018-04-26,-0.008168005528081309,0.03057389261377002,FX,Sign(R)
2018-04-27,0.008533369399952596,0.0308347909334378,FX,Sign(R)
2018-04-30,-0.022455713614740733,0.030142373698866118,FX,Sign(R)
2018-05-01,-0.06179398361796595,0.028279756352311777,FX,Sign(R)
2018-05-02,-0.00781141312790475,0.02805885149228738,FX,Sign(R)
2018-05-03,-0.02924599516658673,0.02723824245716397,FX,Sign(R)
2018-05-04,-0.0214428643183271,0.026654176519885307,FX,Sign(R)
2018-05-07,-0.01822628789306776,0.02616836982508123,FX,Sign(R)
2018-05-08,-0.0499334851162615,0.02486169191990371,FX,Sign(R)
2018-05-09,0.014295440342760415,0.025217100753564783,FX,Sign(R)
2018-05-10,0.057343495773778286,0.026663137464053768,FX,Sign(R)
2018-05-11,0.0024541630118097425,0.026728573149796847,FX,Sign(R)
2018-05-14,-0.014855036655905596,0.026331519215896562,FX,Sign(R)
2018-05-15,-0.06752641754558136,0.02455344605471443,FX,Sign(R)
2018-05-16,0.010632578053201737,0.02481451248636626,FX,Sign(R)
2018-05-17,-0.01507453413998652,0.02444044527072341,FX,Sign(R)
2018-05-18,-0.034025314056396534,0.023608851444708874,FX,Sign(R)
2018-05-21,0.016026548098745694,0.02398721983794364,FX,Sign(R)
2018-05-22,-0.014458065946918631,0.023640411031643414,FX,Sign(R)
2018-05-23,-0.06369721724128338,0.02213458263448759,FX,Sign(R)
2018-05-24,-0.030327122358488685,0.021463304438577406,FX,Sign(R)
2018-05-25,-0.0295151982628898,0.02082981075269603,FX,Sign(R)
2018-05-28,0.008016741219140137,0.020996797955144055,FX,Sign(R)
2018-05-29,-0.06166629268823466,0.019702003266926414,FX,Sign(R)
2018-05-30,0.05890448508457983,0.020862539624499427,FX,Sign(R)
2018-05-31,-0.0002790676775819613,0.020856717564017954,FX,Sign(R)
2018-06-01,0.01009007247616411,0.02106716335585378,FX,Sign(R)
2018-06-04,0.04145495079115889,0.021940501576080004,FX,Sign(R)
2018-06-05,0.009417781592203195,0.022147132427946914,FX,Sign(R)
2018-06-06,0.04109483666708243,0.02305726521771764,FX,Sign(R)
2018-06-07,-0.006128180795538521,0.022915966127812784,FX,Sign(R)
2018-06-08,-0.014692296066857177,0.02257927796880489,FX,Sign(R)
2018-06-11,0.012655223765891555,0.02286502378397238,FX,Sign(R)
2018-06-12,-0.008066811940738395,0.022680575937086563,FX,Sign(R)
2018-06-13,0.007161807840627711,0.02284300986366274,FX,Sign(R)
2018-06-14,-0.06777750498581556,0.021294767648737303,FX,Sign(R)
2018-06-15,-0.01874184229882779,0.02089566447167449,FX,Sign(R)
2018-06-18,-0.024076103870930576,0.020392578283402338,FX,Sign(R)
2018-06-19,-0.04583346836887008,0.019457915691690312,FX,Sign(R)
2018-06-20,0.01150690525254741,0.019681816083966647,FX,Sign(R)
2018-06-21,-0.024611436356983776,0.019197418320026242,FX,Sign(R)
2018-06-22,-0.03124320478410939,0.01859762944812745,FX,Sign(R)
2018-06-25,-0.01386194897731303,0.018339830057618533,FX,Sign(R)
2018-06-26,0.022154761005763288,0.018746144609431387,FX,Sign(R)
2018-06-27,-0.01598403789197991,0.0184465055236657,FX,Sign(R)
2018-06-28,-0.02392145928457871,0.018005238192838575,FX,Sign(R)
2018-06-29,-0.05997961541972569,0.016925290930491558,FX,Sign(R)
2018-07-02,0.03861484408048148,0.017578858400789276,FX,Sign(R)
2018-07-03,-0.057506335690923546,0.016567962668530275,FX,Sign(R)
2018-07-04,-0.020104639325771733,0.01623486975471662,FX,Sign(R)
2018-07-05,-0.03740880863945242,0.015627542618775993,FX,Sign(R)
2018-07-06,-0.02717764623414847,0.015202822793973822,FX,Sign(R)
2018-07-09,-0.006386765593671081,0.015105725928426591,FX,Sign(R)
2018-07-10,0.010791237416185264,0.01526873540326407,FX,Sign(R)
2018-07-11,0.007412444761477411,0.01538191406101838,FX,Sign(R)
2018-07-12,0.008300199040410388,0.015509587009347318,FX,Sign(R)
2018-07-13,-0.004809034380252609,0.015435000872195848,FX,Sign(R)
2018-07-16,-0.029042013302535252,0.014986737371540892,FX,Sign(R)
2018-07-17,0.03405711427944758,0.015497142398879529,FX,Sign(R)
2018-07-18,-0.001992759360567551,0.015466260323302113,FX,Sign(R)
2018-07-19,0.02637446353570949,0.015874174642232834,FX,Sign(R)
2018-07-20,-0.10170385292093792,0.014259709919177903,FX,Sign(R)
2018-07-23,0.018155619252597514,0.014518603783122986,FX,Sign(R)
2018-07-24,-0.014024354480005607,0.01431498973711372,FX,Sign(R)
2018-07-25,-0.04546959052980515,0.013664093015328796,FX,Sign(R)
2018-07-26,0.04578554826855549,0.014289711005628163,FX,Sign(R)
2018-07-27,-0.016111115549238084,0.014059487820451268,FX,Sign(R)
2018-07-30,-0.0353014620500998,0.013563167344713769,FX,Sign(R)
2018-07-31,0.014840464693211005,0.013764451050821106,FX,Sign(R)
2018-08-01,0.01579967441414307,0.013981924895913489,FX,Sign(R)
2018-08-02,0.049902799823970154,0.014679662095148044,FX,Sign(R)
2018-08-03,-0.013288814081081908,0.014484586794792515,FX,Sign(R)
2018-08-06,0.030421191731848058,0.014925225186833492,FX,Sign(R)
2018-08-07,0.003081466881243879,0.014971216773941825,FX,Sign(R)
2018-08-08,-0.02867920803788028,0.014541854133501744,FX,Sign(R)
2018-08-09,0.035715301842647096,0.015061220843231504,FX,Sign(R)
2018-08-10,0.04944131341957884,0.015805867383423204,FX,Sign(R)
2018-08-13,-0.018757769443898814,0.015509384567184112,FX,Sign(R)
2018-08-14,0.05465251254981243,0.016357011401882008,FX,Sign(R)
2018-08-15,-0.002879856551859706,0.016309905555427454,FX,Sign(R)
2018-08-16,0.0004961202825055464,0.01631799723037925,FX,Sign(R)
2018-08-17,-0.06134715291330944,0.015316934559048217,FX,Sign(R)
2018-08-20,-0.026126230710559133,0.014916760792979987,FX,Sign(R)
2018-08-21,-0.06732270484339753,0.01391252410889463,FX,Sign(R)
2018-08-22,-0.010648010938096981,0.013764383400006582,FX,Sign(R)
2018-08-23,0.09560731504469859,0.01508035914012703,FX,Sign(R)
2018-08-24,-0.05681990905200456,0.014223494505313447,FX,Sign(R)
2018-08-27,-0.039751092796896405,0.013658095055336586,FX,Sign(R)
2018-08-28,0.005465148982058843,0.01373273857962512,FX,Sign(R)
2018-08-29,-0.01748328041250977,0.013492645260205842,FX,Sign(R)
2018-08-30,0.007508820495727776,0.01359395911147726,FX,Sign(R)
2018-08-31,0.04584202144759483,0.014217133676623327,FX,Sign(R)
2018-09-03,-0.021389464749624894,0.013913036797006487,FX,Sign(R)
2018-09-04,0.07630099130727803,0.014974615296712719,FX,Sign(R)
2018-09-05,-0.027666031364325824,0.014560327120245152,FX,Sign(R)
2018-09-06,-0.04841144476453293,0.013855440648109873,FX,Sign(R)
2018-09-07,0.04283886776105399,0.014448992037805385,FX,Sign(R)
2018-09-10,-0.010666977183285822,0.014294864969416636,FX,Sign(R)
2018-09-11,0.019367712584690572,0.014571723805581258,FX,Sign(R)
2018-09-12,-0.07669552344821198,0.013454137820769433,FX,Sign(R)
2018-09-13,-0.019924936913110754,0.013186064973470305,FX,Sign(R)
2018-09-14,0.051333229445607954,0.01386294827223815,FX,Sign(R)
2018-09-17,-0.03880086992452837,0.013325053819556574,FX,Sign(R)
2018-09-18,0.015387591441758885,0.01353009430367136,FX,Sign(R)
2018-09-19,-0.008968812755804625,0.013408745421293352,FX,Sign(R)
2018-09-20,-0.05661118927161715,0.012649660396353585,FX,Sign(R)
2018-09-21,0.035404610632830326,0.013097516697324018,FX,Sign(R)
2018-09-24,0.005092037915712332,0.013164209748948465,FX,Sign(R)
2018-09-25,0.003874504886280991,0.013215214543944793,FX,Sign(R)
2018-09-26,-0.0024316797657185593,0.013183079374138653,FX,Sign(R)
2018-09-27,0.08603006767836258,0.014317220584905026,FX,Sign(R)
2018-09-28,0.017384875256136807,0.014566123678788193,FX,Sign(R)
2018-10-01,0.01161769254117544,0.01473534842520509,FX,Sign(R)
2018-10-02,0.015992973222229118,0.01497101045798961,FX,Sign(R)
2018-10-03,0.03152876449670425,0.01544302792099726,FX,Sign(R)
2018-10-04,-0.0068256874787296674,0.015337618638683236,FX,Sign(R)
2018-10-05,-0.0008734538007117531,0.01532422193738941,FX,Sign(R)
2018-10-08,-0.01072364653627473,0.015159890397889418,FX,Sign(R)
2018-10-09,-0.028978093276913426,0.014720585679871594,FX,Sign(R)
2018-10-10,-0.008194159754643616,0.014599962849128807,FX,Sign(R)
2018-10-11,-0.07687771231209803,0.013477551105446163,FX,Sign(R)
2018-10-12,0.028365032142258925,0.013859842275751079,FX,Sign(R)
2018-10-15,-0.03770850016459373,0.013337208411014677,FX,Sign(R)
2018-10-16,0.025640448772960393,0.013679180420051597,FX,Sign(R)
2018-10-17,0.052402667848909984,0.014396005968048874,FX,Sign(R)
2018-10-18,0.002249064556176693,0.014428383514822122,FX,Sign(R)
2018-10-19,-0.004441180962992514,0.014364304452629338,FX,Sign(R)
2018-10-22,0.030459333633779877,0.014801831594369166,FX,Sign(R)
2018-10-23,-0.023667456409613603,0.014451509890326992,FX,Sign(R)
2018-10-24,0.020727497012212957,0.01475105351840071,FX,Sign(R)
2018-10-25,0.049565724249041924,0.015482200169476618,FX,Sign(R)
2018-10-26,-0.035441410986020785,0.014933489150302357,FX,Sign(R)
2018-10-29,0.01150245886179162,0.01510526099491672,FX,Sign(R)
2018-10-30,0.02587495360004488,0.015496108922276758,FX,Sign(R)
2018-10-31,0.0055566593336938514,0.015582215520555663,FX,Sign(R)
2018-11-01,-0.10256252618496711,0.013984064133208872,FX,Sign(R)
2018-11-02,0.020534585669383962,0.014271221096158408,FX,Sign(R)
2018-11-05,-0.015448576650421535,0.014050751043159292,FX,Sign(R)
2018-11-06,0.014264929398248484,0.014251184014782325,FX,Sign(R)
2018-11-07,-0.04124278339279122,0.013663425519369849,FX,Sign(R)
2018-11-08,0.06850266358778476,0.014599406561179995,FX,Sign(R)
2018-11-09,0.009648442672832429,0.014740268098442914,FX,Sign(R)
2018-11-12,0.04139074424342778,0.015350378765385123,FX,Sign(R)
2018-11-13,-0.024303806006123668,0.014977306137750682,FX,Sign(R)
2018-11-14,-0.056680163256935874,0.014128389980713864,FX,Sign(R)
2018-11-15,-0.0023593215697179665,0.014095056565486978,FX,Sign(R)
2018-11-16,-0.052081614261972914,0.013360963266442597,FX,Sign(R)
2018-11-19,-0.028587167361935038,0.012979011173428137,FX,Sign(R)
2018-11-20,0.0779558464936481,0.013990800976103243,FX,Sign(R)
2018-11-21,-0.03244404564489087,0.013536882790625966,FX,Sign(R)
2018-11-22,-0.007249002717889006,0.013438753890484973,FX,Sign(R)
2018-11-23,0.02199189781514984,0.013734297592807468,FX,Sign(R)
2018-11-26,0.023501332586851255,0.014057071888382825,FX,Sign(R)
2018-11-27,0.020661302683083974,0.014347509305506573,FX,Sign(R)
2018-11-28,-0.06935976880385927,0.013352369377165416,FX,Sign(R)
2018-11-29,0.0032805169623162486,0.013396172051394319,FX,Sign(R)
2018-11-30,0.04844806147208192,0.014045190618430856,FX,Sign(R)
2018-12-03,-0.03435965771731933,0.013562602676207068,FX,Sign(R)
2018-12-04,0.015643397478553627,0.013774767860714672,FX,Sign(R)
2018-12-05,0.04314902148416755,0.014369135615076068,FX,Sign(R)
2018-12-06,-0.02556773890720435,0.014001749307347593,FX,Sign(R)
2018-12-07,-0.029110052121972263,0.013594157655211915,FX,Sign(R)
2018-12-10,0.07572831071204153,0.014623620249994279,FX,Sign(R)
2018-12-11,0.009322390318187709,0.014759947345829678,FX,Sign(R)
2018-12-12,-0.04356103050717084,0.014116988829213755,FX,Sign(R)
2018-12-13,0.018348231242517016,0.014376010604700198,FX,Sign(R)
2018-12-14,0.04735814758882793,0.015056831836656143,FX,Sign(R)
2018-12-17,-0.041833659250787046,0.014426949464205068,FX,Sign(R)
2018-12-18,0.010008173765115171,0.014571336881343369,FX,Sign(R)
2018-12-19,0.010815598176045793,0.014728934605939775,FX,Sign(R)
2018-12-20,-0.05598797211704191,0.013904291425908686,FX,Sign(R)
2018-12-21,0.08704269960445117,0.0151145584877068,FX,Sign(R)
2018-12-24,-0.03465280173142751,0.014590796689174233,FX,Sign(R)
2018-12-26,0.032652687332498834,0.015067225411397898,FX,Sign(R)
2018-12-27,-0.021518317249372965,0.014743004074927625,FX,Sign(R)
2018-12-28,-0.010533763741504632,0.014587704753162298,FX,Sign(R)
2018-12-31,-0.02334209977560458,0.014247197093316923,FX,Sign(R)
2019-01-02,0.05276368353721935,0.01499893169204109,FX,Sign(R)
2019-01-03,-0.013340083695755348,0.014798844687922344,FX,Sign(R)
2019-01-04,-0.06451510416349542,0.013844095681381645,FX,Sign(R)
2019-01-07,-0.048836776247009876,0.013167994678247813,FX,Sign(R)
2019-01-08,0.013201224911897423,0.01334182833763403,FX,Sign(R)
2019-01-09,-0.04425185216386272,0.012751427722441415,FX,Sign(R)
2019-01-10,0.033046206152595604,0.013172814031697136,FX,Sign(R)
2019-01-11,-0.001147916475949607,0.013157692741435531,FX,Sign(R)
2019-01-14,0.010109827721068046,0.013290714748258192,FX,Sign(R)
2019-01-15,0.02376738011321719,0.013606600217656386,FX,Sign(R)
2019-01-16,-0.005315476258372911,0.013534274657242261,FX,Sign(R)
2019-01-17,-0.012352150401389822,0.013367097261102287,FX,Sign(R)
2019-01-18,0.021083195775654748,0.013648918389610324,FX,Sign(R)
2019-01-21,0.022082622754237505,0.013950322305411463,FX,Sign(R)
2019-01-22,0.006915581313736808,0.014046796893667371,FX,Sign(R)
2019-01-23,-0.012167209915545207,0.013875886567221092,FX,Sign(R)
2019-01-24,0.03923651870476155,0.014420328050061012,FX,Sign(R)
2019-01-25,-0.08721046324765194,0.013162724560632083,FX,Sign(R)
2019-01-28,0.001956413128662163,0.01318847628777147,FX,Sign(R)
2019-01-29,0.019934943945881165,0.013451387823299776,FX,Sign(R)
2019-01-30,-0.07866213988238868,0.01239327287273111,FX,Sign(R)
2019-01-31,0.015134298202102674,0.012580836360087054,FX,Sign(R)
2019-02-01,0.010288538046881492,0.0127102747736394,FX,Sign(R)
2019-02-04,0.03127813112457769,0.013107828414638706,FX,Sign(R)
2019-02-05,0.0252392477017134,0.013438660142827328,FX,Sign(R)
2019-02-06,0.0367810890887622,0.013932948698774256,FX,Sign(R)
2019-02-07,0.00797768756421844,0.01404410141034136,FX,Sign(R)
2019-02-08,0.005487746400554637,0.014121171877304986,FX,Sign(R)
2019-02-11,0.031214880222113123,0.014561962566050931,FX,Sign(R)
2019-02-12,-0.03485590435925455,0.014054392191565615,FX,Sign(R)
2019-02-13,0.02131706132115592,0.014353990531744795,FX,Sign(R)
2019-02-14,0.001156997826863879,0.014370598067596848,FX,Sign(R)
2019-02-15,-0.024521017658023683,0.014018216378624944,FX,Sign(R)
2019-02-18,-0.00900995273254315,0.013891912911658972,FX,Sign(R)
2019-02-19,-0.040440014800506886,0.01333012374790413,FX,Sign(R)
2019-02-20,-0.014800671697487984,0.013132828962624512,FX,Sign(R)
2019-02-21,0.030171297218447357,0.01352906344857489,FX,Sign(R)
2019-02-22,-0.016802483332393408,0.013301741585477317,FX,Sign(R)
2019-02-25,0.003164547316426665,0.013343835576115438,FX,Sign(R)
2019-02-26,-0.05284249563487074,0.012638714002932126,FX,Sign(R)
2019-02-27,0.026319165304508903,0.012971354406011708,FX,Sign(R)
2019-02-28,-8.728892018004346e-05,0.012970222150492334,FX,Sign(R)
2019-03-01,0.06599100479898762,0.013826140142669408,FX,Sign(R)
2019-03-04,-0.00011013874852433352,0.013824617348897172,FX,Sign(R)
2019-03-05,0.029726245442465587,0.014235571317358657,FX,Sign(R)
2019-03-06,0.006527090705460693,0.014328488182591111,FX,Sign(R)
2019-03-07,0.043611374036749126,0.014953373240103233,FX,Sign(R)
2019-03-08,-0.043547433052510326,0.014302192220020639,FX,Sign(R)
2019-03-11,0.007766614562371986,0.014413271834390496,FX,Sign(R)
2019-03-12,-0.017772726833104352,0.014157108691306597,FX,Sign(R)
2019-03-13,-0.040475373364434096,0.013584094431265088,FX,Sign(R)
2019-03-14,0.025455428838698484,0.013929883380398318,FX,Sign(R)
2019-03-15,-0.007683180077895711,0.01382285757792263,FX,Sign(R)
2019-03-18,0.006434903795617741,0.013911806336617089,FX,Sign(R)
2019-03-19,-0.012487795352985125,0.013738078546095052,FX,Sign(R)
2019-03-20,-0.06563378456524847,0.012836396458460186,FX,Sign(R)
2019-03-21,0.08074724584731,0.01387290011908501,FX,Sign(R)
2019-03-22,-0.03265955030110329,0.01341981743982357,FX,Sign(R)
2019-03-25,-0.007307121012513833,0.013321757209824935,FX,Sign(R)
2019-03-26,0.008751285624491498,0.013438339712188243,FX,Sign(R)
2019-03-27,-0.004608197518536676,0.013376413188473284,FX,Sign(R)
2019-03-28,0.04883874058415761,0.014029700362131636,FX,Sign(R)
2019-03-29,0.0015427811202419592,0.014051345118972986,FX,Sign(R)
2019-04-01,-0.008600678697539697,0.013930494014336457,FX,Sign(R)
2019-04-02,0.020106526422469444,0.014210587860313765,FX,Sign(R)
2019-04-03,-0.023877147663140294,0.013871279555593023,FX,Sign(R)
2019-04-04,0.017982951836542884,0.014120726107752474,FX,Sign(R)
2019-04-05,0.012570535305940505,0.01429823119383549,FX,Sign(R)
2019-04-08,-0.04669540169964764,0.01363056954464491,FX,Sign(R)
2019-04-09,-0.01297818686647223,0.013453669465998063,FX,Sign(R)
2019-04-10,-0.0007335702243451564,0.013443800254669624,FX,Sign(R)
2019-04-11,0.03935123216408472,0.013972830359658711,FX,Sign(R)
2019-04-12,-0.009545625978356748,0.013839450947186381,FX,Sign(R)
2019-04-15,0.0012021432727820577,0.013856087950041538,FX,Sign(R)
2019-04-16,0.016291486130849193,0.014081824214707467,FX,Sign(R)
2019-04-17,0.012733266026587385,0.014261131828572976,FX,Sign(R)
2019-04-18,0.053593741916056245,0.01502543924722437,FX,Sign(R)
2019-04-19,-0.02864550711250398,0.014595027920399507,FX,Sign(R)
2019-04-22,-0.011799086419461516,0.014422819924672259,FX,Sign(R)
2019-04-23,0.04696536329845519,0.01510019290222269,FX,Sign(R)
2019-04-24,0.05116775405984063,0.015872835858899773,FX,Sign(R)
2019-04-25,-0.0070410646251522985,0.015761074195832826,FX,Sign(R)
2019-04-26,-0.014448485959022955,0.015533350536615217,FX,Sign(R)
2019-04-29,-0.012764862901509084,0.01533506944661424,FX,Sign(R)
2019-04-30,-0.0380284152567435,0.014751901057707394,FX,Sign(R)
2019-05-01,0.015695925331439476,0.014983445795205953,FX,Sign(R)
2019-05-02,0.014344268015746016,0.01519837235749179,FX,Sign(R)
2019-05-03,-0.027587351358787725,0.014779089519183976,FX,Sign(R)
2019-05-06,-0.00914250527900777,0.014643971615235908,FX,Sign(R)
2019-05-07,-0.014235267581261122,0.014435510760840632,FX,Sign(R)
2019-05-08,0.003209421390179691,0.014481840397854643,FX,Sign(R)
2019-05-09,-0.04052296768360991,0.013894993247413183,FX,Sign(R)
2019-05-10,-0.005889790276626156,0.013813154651290783,FX,Sign(R)
2019-05-13,0.013210220823929095,0.013995629474509417,FX,Sign(R)
2019-05-14,0.024407112150601925,0.014337222372712038,FX,Sign(R)
2019-05-15,0.012412109892365956,0.014515177552353428,FX,Sign(R)
2019-05-16,0.03554866895180572,0.01503117279393872,FX,Sign(R)
2019-05-17,0.021948518403380263,0.015361084766630872,FX,Sign(R)
2019-05-20,-0.012665207872184232,0.01516653343491925,FX,Sign(R)
2019-05-21,0.024449841045518086,0.01553735276661456,FX,Sign(R)
2019-05-22,0.001352439644091705,0.015558366098460367,FX,Sign(R)
2019-05-23,-0.020286970081342767,0.015242733990906325,FX,Sign(R)
2019-05-24,-0.044142960387713,0.0145698745881453,FX,Sign(R)
2019-05-27,-0.009376661434144923,0.01443325780699431,FX,Sign(R)
2019-05-28,0.046358011887924384,0.015102354943992428,FX,Sign(R)
2019-05-29,0.03096968140000439,0.015570070064997655,FX,Sign(R)
2019-05-30,0.00036439407884521116,0.015575743706336544,FX,Sign(R)
2019-05-31,-0.08168633677222147,0.014303418260462929,FX,Sign(R)
2019-06-03,-0.10486870577373913,0.012803437299347714,FX,Sign(R)
2019-06-04,-0.012390470540294778,0.012644796686675635,FX,Sign(R)
2019-06-05,0.040865940652129035,0.013161538197631559,FX,Sign(R)
2019-06-06,-0.03896109497848077,0.012648750257850734,FX,Sign(R)
2019-06-07,-0.0714203255014565,0.011745372397248403,FX,Sign(R)
2019-06-10,0.0565605527536487,0.012409697152334222,FX,Sign(R)
2019-06-11,0.0016457103522777923,0.01243011991940645,FX,Sign(R)
2019-06-12,0.04708828694367989,0.013015432972915813,FX,Sign(R)
2019-06-13,-0.002009234129618795,0.012989281920774864,FX,Sign(R)
2019-06-14,0.08835584319279616,0.01413696087735387,FX,Sign(R)
2019-06-17,0.0011385997239690337,0.014153057217106586,FX,Sign(R)
2019-06-18,-0.008097415761879305,0.014038454028518008,FX,Sign(R)
2019-06-19,-0.08100611730225135,0.012901253374741614,FX,Sign(R)
2019-06-20,-0.08542041277499088,0.011799222986156441,FX,Sign(R)
2019-06-21,-0.02804693065187887,0.011468290997317656,FX,Sign(R)
2019-06-24,-0.04305914468592488,0.010974476195963865,FX,Sign(R)
2019-06-25,0.009414875227979161,0.011077799520041294,FX,Sign(R)
2019-06-26,0.009677504114919406,0.011185004970480745,FX,Sign(R)
2019-06-27,-0.016614098815835532,0.010999176192645566,FX,Sign(R)
2019-06-28,-0.012426051488863062,0.010862499862940675,FX,Sign(R)
2019-07-01,0.07657688123425152,0.011694316224852157,FX,Sign(R)
2019-07-02,-0.015186926233977929,0.011516715506988517,FX,Sign(R)
2019-07-03,-0.018068959685083957,0.01130862043878816,FX,Sign(R)
2019-07-04,-0.007159156811577604,0.011227660251744265,FX,Sign(R)
2019-07-05,0.0709116175879412,0.012023831801923282,FX,Sign(R)
2019-07-08,0.022302461132042442,0.012291992843343891,FX,Sign(R)
2019-07-09,0.013290905760783723,0.012455364561837002,FX,Sign(R)
2019-07-10,-0.05304351039152803,0.011794688302270932,FX,Sign(R)
2019-07-11,-0.0034152906028892833,0.011754406014148178,FX,Sign(R)
2019-07-12,-0.047455594588869984,0.011196593687707788,FX,Sign(R)
2019-07-15,-0.0096058022755015,0.01108904142258454,FX,Sign(R)
2019-07-16,0.03501119925961735,0.011477282061428798,FX,Sign(R)
2019-07-17,0.0038209306117071417,0.01152113595979651,FX,Sign(R)
2019-07-18,-0.032076607745597445,0.01115157700083042,FX,Sign(R)
2019-07-19,-0.0013385459299375697,0.011136650102823574,FX,Sign(R)
2019-07-22,-0.009665905276656776,0.011029004297830412,FX,Sign(R)
2019-07-23,0.011614266024736324,0.011157098087733373,FX,Sign(R)
2019-07-24,0.004041951536348158,0.011202194537490273,FX,Sign(R)
2019-07-25,0.02261945596866903,0.011455582083583498,FX,Sign(R)
2019-07-26,0.022013120361107922,0.011707755190795975,FX,Sign(R)
2019-07-29,0.014971780543942236,0.011883041132174772,FX,Sign(R)
2019-07-30,0.010679794261573982,0.012009949566668218,FX,Sign(R)
2019-07-31,0.050089249927693945,0.012611518932132061,FX,Sign(R)
2019-08-01,-0.008841019340830186,0.012500020249335836,FX,Sign(R)
2019-08-02,-0.04108156523464121,0.011986499852028409,FX,Sign(R)
2019-08-05,-0.025880430053029865,0.011676284081027334,FX,Sign(R)
2019-08-06,-0.0004160214425555256,0.011671426496480258,FX,Sign(R)
2019-08-07,-0.00033012705838398617,0.011667573442783831,FX,Sign(R)
2019-08-08,-0.028277523308274495,0.011337643362804507,FX,Sign(R)
2019-08-09,0.012240083768125434,0.011476417067298364,FX,Sign(R)
2019-08-12,-0.004132803202222314,0.011428987294092594,FX,Sign(R)
2019-08-13,-0.0029042303371325626,0.011395794882470387,FX,Sign(R)
2019-08-14,0.04896563826842514,0.011953797252466604,FX,Sign(R)
2019-08-15,-0.0015307395238152435,0.01193549910255258,FX,Sign(R)
2019-08-16,-0.02587908653953162,0.011626619288385119,FX,Sign(R)
2019-08-19,0.01432165049138918,0.011793131666229814,FX,Sign(R)
2019-08-20,-0.006107484863381442,0.011721105293086452,FX,Sign(R)
2019-08-21,0.007749633975865141,0.011811939568900448,FX,Sign(R)
2019-08-22,-0.014681588009943482,0.011638521538551503,FX,Sign(R)
2019-08-23,-0.02200004008055795,0.011382473598224932,FX,Sign(R)
2019-08-26,0.002987535435174628,0.01141647914143957,FX,Sign(R)
2019-08-27,0.002592173705840597,0.011446072638483287,FX,Sign(R)
2019-08-28,0.01407868612856415,0.01160721830256524,FX,Sign(R)
2019-08-29,0.013093067635034381,0.011759192396855337,FX,Sign(R)
2019-08-30,0.0381792415092111,0.012208149443328155,FX,Sign(R)
2019-09-02,0.01064008531686853,0.012338045194966247,FX,Sign(R)
2019-09-03,0.00046711305708153444,0.012343808456975677,FX,Sign(R)
2019-09-04,-0.08831258891460671,0.011253694775074138,FX,Sign(R)
2019-09-05,-0.019446390756635,0.011034851029022144,FX,Sign(R)
2019-09-06,-0.006109876319659879,0.010967429454028947,FX,Sign(R)
2019-09-09,-0.023500817424861264,0.010709685896809767,FX,Sign(R)
2019-09-10,-0.0032033574092677967,0.010675378945141291,FX,Sign(R)
2019-09-11,0.01884440483780238,0.010876550107780486,FX,Sign(R)
2019-09-12,-0.03174475410852195,0.010531276699059977,FX,Sign(R)
2019-09-13,-0.0104596262858253,0.01042112348047519,FX,Sign(R)
2019-09-16,0.01790850087091314,0.010607750179401174,FX,Sign(R)
2019-09-17,-0.03063841857756085,0.010282745489238484,FX,Sign(R)
2019-09-18,0.037091855464159725,0.010664151598700058,FX,Sign(R)
2019-09-19,-0.027423873797916613,0.010371699251095457,FX,Sign(R)
2019-09-20,0.047581501780133324,0.010865200277474462,FX,Sign(R)
2019-09-23,0.0024782390740980906,0.01089212684135,FX,Sign(R)
2019-09-24,-0.026930093976170966,0.01059880084191207,FX,Sign(R)
2019-09-25,0.05051134668773223,0.011134160545712118,FX,Sign(R)
2019-09-26,0.0048246155927371154,0.011187878590293,FX,Sign(R)
2019-09-27,-0.0021730870605981764,0.011163566356092891,FX,Sign(R)
2019-09-30,0.013728343810422306,0.011316823633179797,FX,Sign(R)
2019-10-01,-0.005352471504165067,0.01125625065716554,FX,Sign(R)
2019-10-02,0.043739031601456736,0.01174858816037322,FX,Sign(R)
2019-10-03,-0.03008100214692797,0.01139517885469766,FX,Sign(R)
2019-10-04,-0.018551162762072266,0.01118378503706124,FX,Sign(R)
2019-10-07,0.010973363284300689,0.011306508773166439,FX,Sign(R)
2019-10-08,0.02288473319585615,0.011565255209816959,FX,Sign(R)
2019-10-09,-0.007637976692539544,0.011476920060081107,FX,Sign(R)
2019-10-10,-0.060562497962368914,0.010781849112328174,FX,Sign(R)
2019-10-11,-0.08343524780285047,0.009882262859868129,FX,Sign(R)
2019-10-14,0.036120021039202505,0.010239210402281495,FX,Sign(R)
2019-10-15,-0.04461928817447405,0.009782344122663024,FX,Sign(R)
2019-10-16,-0.02951273081723639,0.009493640433809295,FX,Sign(R)
2019-10-17,-0.07023750009481265,0.008826830862939497,FX,Sign(R)
2019-10-18,-0.03396507189584197,0.00852702691806732,FX,Sign(R)
2019-10-21,-0.0029806323070830157,0.008501610986151962,FX,Sign(R)
2019-10-22,0.028045303255771998,0.008740041244421196,FX,Sign(R)
2019-10-23,-0.0001291453763539533,0.008738912508505335,FX,Sign(R)
2019-10-24,0.023658638685063946,0.008945663282044448,FX,Sign(R)
2019-10-25,0.023253067277752785,0.009153677392185951,FX,Sign(R)
2019-10-28,-0.01916354872228562,0.00897826044949271,FX,Sign(R)
2019-10-29,-0.005262878442410242,0.00893100895612273,FX,Sign(R)
2019-10-30,0.0006292395461951784,0.008936628700145345,FX,Sign(R)
2019-10-31,-0.04025050212142416,0.008576924907691765,FX,Sign(R)
2019-11-01,-0.0030563603543989327,0.00855071073444124,FX,Sign(R)
2019-11-04,0.023684071781973175,0.008753226381262634,FX,Sign(R)
2019-11-05,0.03921874451041664,0.009096516930351212,FX,Sign(R)
2019-11-06,0.013217242726707552,0.00921674780258727,FX,Sign(R)
2019-11-07,0.019869566694488954,0.009399880587757063,FX,Sign(R)
2019-11-08,0.044332103891797085,0.009816597070543994,FX,Sign(R)
2019-11-11,-0.02610119678664082,0.009560372138630563,FX,Sign(R)
2019-11-12,-0.003765413164507285,0.009524373387522175,FX,Sign(R)
2019-11-13,0.004961097252235129,0.009571624730164274,FX,Sign(R)
2019-11-14,0.00048229290598291743,0.009576241056870362,FX,Sign(R)
2019-11-15,-0.012041155351588891,0.009460932050620322,FX,Sign(R)
2019-11-18,-0.030636985652481963,0.009171077611126361,FX,Sign(R)
2019-11-19,0.013180034528317671,0.009291952730702888,FX,Sign(R)
2019-11-20,0.00607977910045764,0.009348445750717456,FX,Sign(R)
2019-11-21,0.012682018453747534,0.009467002912241913,FX,Sign(R)
2019-11-22,0.04505092129972424,0.009893500115385584,FX,Sign(R)
2019-11-25,-0.0018556728175556122,0.00987514101615098,FX,Sign(R)
2019-11-26,-0.01838034214917609,0.009693632545502763,FX,Sign(R)
2019-11-27,0.010105409311187826,0.00979159067008732,FX,Sign(R)
2019-11-28,-0.03149892541467712,0.00948316608587919,FX,Sign(R)
2019-11-29,-0.006974284306728199,0.009417027789468346,FX,Sign(R)
2019-12-02,-0.0717537910254268,0.008741320345382197,FX,Sign(R)
2019-12-03,-0.020638486353866396,0.008560912724719252,FX,Sign(R)
2019-12-04,-0.02290120034941613,0.008364857547236591,FX,Sign(R)
2019-12-05,-0.004469711197737194,0.008327469049790232,FX,Sign(R)
2019-12-06,0.05600300954881213,0.008793832378503072,FX,Sign(R)
2019-12-09,-0.010676769767663982,0.008699942654822367,FX,Sign(R)
2019-12-10,-0.014728840520811717,0.00857180258691928,FX,Sign(R)
2019-12-11,-0.05012738486327427,0.008142120539672767,FX,Sign(R)
2019-12-12,0.003904077139053546,0.008173908006335122,FX,Sign(R)
2019-12-13,0.03037149850898241,0.008422161841162089,FX,Sign(R)
2019-12-16,-0.008422939490460787,0.008351222481595113,FX,Sign(R)
2019-12-17,-0.013728877441448226,0.008236569571659027,FX,Sign(R)
2019-12-18,0.00671530442830596,0.008291880643777639,FX,Sign(R)
2019-12-19,-0.017821789841109995,0.008144104489556665,FX,Sign(R)
2019-12-20,0.016530757033193528,0.008278732702126469,FX,Sign(R)
2019-12-23,-0.02073535347278101,0.008107070253241205,FX,Sign(R)
2019-12-24,-0.003242259596059565,0.008080785026916705,FX,Sign(R)
2019-12-26,0.017145797667566437,0.00821933653198332,FX,Sign(R)
2019-12-27,-0.052732982661908095,0.007785906401149855,FX,Sign(R)
2019-12-30,-0.05341047362620345,0.007370057452655152,FX,Sign(R)
2019-12-31,-0.0016323006991188801,0.0073580273027226365,FX,Sign(R)
