date,wealth,cumulative_return
2011-01-03,1.02235664956483,0.022356649564829967
2011-01-04,0.9803259398690938,-0.019674060130906224
2011-01-05,1.0019671776391121,0.0019671776391121387
2011-01-06,0.9839334474675552,-0.016066552532444822
2011-01-07,0.9619194602422249,-0.038080539757775145
2011-01-10,0.9642953102577341,-0.03570468974226593
2011-01-11,0.990280738676742,-0.009719261323257955
2011-01-12,1.0317638413511705,0.031763841351170496
2011-01-13,1.0267914086058836,0.026791408605883582
2011-01-14,1.0273047212812487,0.027304721281248723
2011-01-17,1.0145466694414047,0.014546669441404703
2011-01-18,1.0424973864326812,0.042497386432681195
2011-01-19,1.012581363042251,0.012581363042251104
2011-01-20,0.9931151367081329,-0.006884863291867105
2011-01-21,1.0112277924732491,0.01122779247324912
2011-01-24,1.028330201714304,0.028330201714303893
2011-01-25,0.9970755945155179,-0.00292440548448214
2011-01-26,1.040246364278768,0.04024636427876804
2011-01-27,1.043031422392299,0.04303142239229896
2011-01-28,1.0042233870302226,0.004223387030222625
2011-01-31,1.0463401243997512,0.046340124399751215
2011-02-01,1.0997948086525893,0.09979480865258927
2011-02-02,1.1037322434893069,0.10373224348930687
2011-02-03,1.100228691399193,0.10022869139919299
2011-02-04,1.0997287350517138,0.09972873505171376
2011-02-07,1.105321686169868,0.10532168616986803
2011-02-08,1.1243226470474759,0.12432264704747586
2011-02-09,1.1283234214270792,0.1283234214270792
2011-02-10,1.1231016785218981,0.12310167852189813
2011-02-11,1.1262316832451036,0.1262316832451036
2011-02-14,1.1358005505625715,0.13580055056257145
2011-02-15,1.1142641208939197,0.11426412089391969
2011-02-16,1.1329580063294171,0.13295800632941712
2011-02-17,1.154725623574527,0.1547256235745269
2011-02-18,1.154842819979383,0.15484281997938298
2011-02-21,1.0990073352039618,0.09900733520396177
2011-02-22,1.020251300965037,0.02025130096503691
2011-02-23,1.0060637757904285,0.006063775790428494
2011-02-24,1.0016779670676137,0.0016779670676136949
2011-02-25,1.036935452179485,0.03693545217948491
2011-02-28,1.0530776627631884,0.05307766276318837
2011-03-01,1.0313434147325606,0.03134341473256064
2011-03-02,1.0497844977962905,0.04978449779629046
2011-03-03,1.0844363736245342,0.08443637362453416
2011-03-04,1.070289555684103,0.070289555684103
2011-03-07,1.0486762901348778,0.04867629013487784
2011-03-08,1.057311553603492,0.05731155360349205
2011-03-09,1.0549962039179168,0.05499620391791682
2011-03-10,1.0020988448111106,0.002098844811110556
2011-03-11,1.0052760693457887,0.005276069345788725
2011-03-14,0.9866539901523352,-0.013346009847664764
2011-03-15,0.9467814631552884,-0.05321853684471156
2011-03-16,0.929029419476712,-0.07097058052328797
2011-03-17,0.9278540757675982,-0.07214592423240185
2011-03-18,0.9167640244534758,-0.08323597554652418
2011-03-21,0.9218083703817258,-0.0781916296182742
2011-03-22,0.925364645747548,-0.07463535425245205
2011-03-23,0.9197865121478845,-0.08021348785211546
2011-03-24,0.9186846819565095,-0.08131531804349046
2011-03-25,0.9137615042757847,-0.08623849572421527
2011-03-28,0.9071843742840606,-0.09281562571593938
2011-03-29,0.9131748306266309,-0.08682516937336915
2011-03-30,0.9211282514722752,-0.07887174852772483
2011-03-31,0.9317091202915179,-0.06829087970848213
2011-04-01,0.9375018133801382,-0.06249818661986184
2011-04-04,0.9370252131054889,-0.06297478689451108
2011-04-05,0.9444801391277858,-0.055519860872214166
2011-04-06,0.9553497585718015,-0.04465024142819851
2011-04-07,0.954011737757149,-0.04598826224285102
2011-04-08,0.9791018662455863,-0.02089813375441374
2011-04-11,0.9692087469998905,-0.030791253000109542
2011-04-12,0.925596919969499,-0.074403080030501
2011-04-13,0.9274196063963135,-0.07258039360368651
2011-04-14,0.9416225978453896,-0.0583774021546104
2011-04-15,0.9425437210862397,-0.05745627891376026
2011-04-18,0.9032463188770024,-0.09675368112299765
2011-04-19,0.9221057139120601,-0.07789428608793991
2011-04-20,0.957761306150623,-0.04223869384937695
2011-04-21,0.9642845109956518,-0.03571548900434818
2011-04-22,0.9640395408845781,-0.035960459115421894
2011-04-25,0.9594068188770073,-0.040593181122992705
2011-04-26,0.9657049676974788,-0.03429503230252118
2011-04-27,0.9815972885367552,-0.018402711463244792
2011-04-28,0.9884830658578682,-0.01151693414213184
2011-04-29,1.0133053725818641,0.01330537258186415
2011-05-02,1.0031169958461725,0.0031169958461725322
2011-05-03,0.9838651368257753,-0.016134863174224745
2011-05-04,0.9577549724030762,-0.042245027596923834
2011-05-05,0.8947775432375872,-0.10522245676241282
2011-05-06,0.887948807418486,-0.11205119258151397
2011-05-09,0.904340806968415,-0.09565919303158499
2011-05-10,0.9155077333731304,-0.0844922666268696
2011-05-11,0.8955097089368598,-0.10449029106314023
2011-05-12,0.8974689825183434,-0.1025310174816566
2011-05-13,0.880258318077081,-0.11974168192291901
2011-05-16,0.8713622329067982,-0.12863776709320185
2011-05-17,0.8674256467469419,-0.1325743532530581
2011-05-18,0.8650559304379621,-0.13494406956203786
2011-05-19,0.88115806541132,-0.11884193458867998
2011-05-20,0.8715767241418984,-0.12842327585810165
2011-05-23,0.8674130165217708,-0.13258698347822917
2011-05-24,0.865948788204308,-0.13405121179569202
2011-05-25,0.8580881380826981,-0.14191186191730187
2011-05-26,0.8721662866721006,-0.1278337133278994
2011-05-27,0.8798459477888804,-0.12015405221111963
2011-05-30,0.878423995302425,-0.12157600469757501
2011-05-31,0.87350555034443,-0.12649444965557
2011-06-01,0.8682331320199017,-0.1317668679800983
2011-06-02,0.8628494954112285,-0.13715050458877154
2011-06-03,0.8621107689166793,-0.13788923108332074
2011-06-06,0.8666824892484648,-0.1333175107515352
2011-06-07,0.8566952255695892,-0.1433047744304108
2011-06-08,0.8608683882921808,-0.13913161170781918
2011-06-09,0.8444054280764107,-0.15559457192358928
2011-06-10,0.855671645625081,-0.14432835437491898
2011-06-13,0.8505742634074963,-0.1494257365925037
2011-06-14,0.8144817783022014,-0.18551822169779864
2011-06-15,0.8222242957420256,-0.1777757042579744
2011-06-16,0.822751434074091,-0.17724856592590899
2011-06-17,0.8154796869524721,-0.18452031304752792
2011-06-20,0.8110588604141455,-0.18894113958585446
2011-06-21,0.7921456981840508,-0.20785430181594922
2011-06-22,0.7988346973793745,-0.20116530262062549
2011-06-23,0.8147589636312083,-0.18524103636879174
2011-06-24,0.8346661378015053,-0.16533386219849466
2011-06-27,0.8211725379185486,-0.1788274620814514
2011-06-28,0.7845743269990858,-0.2154256730009142
2011-06-29,0.755404011688932,-0.244595988311068
2011-06-30,0.7428381452678012,-0.25716185473219877
2011-07-01,0.7369194147635636,-0.2630805852364364
2011-07-04,0.7367575719143693,-0.2632424280856307
2011-07-05,0.7300545573680473,-0.26994544263195275
2011-07-06,0.7335470307539136,-0.2664529692460864
2011-07-07,0.7410667277722207,-0.2589332722277793
2011-07-08,0.7352968469851268,-0.26470315301487324
2011-07-11,0.7159906288210403,-0.28400937117895975
2011-07-12,0.7054167816093112,-0.2945832183906888
2011-07-13,0.7032474665836344,-0.29675253341636565
2011-07-14,0.6900048633986022,-0.30999513660139777
2011-07-15,0.7046434491461744,-0.2953565508538256
2011-07-18,0.700556032783747,-0.299443967216253
2011-07-19,0.7112558951710788,-0.2887441048289212
2011-07-20,0.7031983578316061,-0.2968016421683939
2011-07-21,0.7034775427647117,-0.29652245723528825
2011-07-22,0.7094448401176874,-0.2905551598823126
2011-07-25,0.7114436831897799,-0.2885563168102201
2011-07-26,0.7197744372353512,-0.28022556276464883
2011-07-27,0.6956798956424558,-0.3043201043575442
2011-07-28,0.6933545704020563,-0.3066454295979437
2011-07-29,0.7088111018444736,-0.2911888981555264
2011-08-01,0.7124258070330086,-0.2875741929669914
2011-08-02,0.7189702325998613,-0.28102976740013874
2011-08-03,0.7171527226237828,-0.2828472773762172
2011-08-04,0.7441026637543386,-0.25589733624566136
2011-08-05,0.7270293204922661,-0.2729706795077339
2011-08-08,0.803756530319139,-0.19624346968086104
2011-08-09,0.7824332137403711,-0.21756678625962889
2011-08-10,0.799529957053593,-0.20047004294640702
2011-08-11,0.7529613759530688,-0.24703862404693122
2011-08-12,0.7511836914706735,-0.24881630852932646
2011-08-15,0.7317383282576656,-0.2682616717423344
2011-08-16,0.7392780754407995,-0.2607219245592005
2011-08-17,0.7316396807689913,-0.26836031923100867
2011-08-18,0.7770398114736521,-0.2229601885263479
2011-08-19,0.7893534306270928,-0.21064656937290716
2011-08-22,0.7894833094027637,-0.21051669059723632
2011-08-23,0.7587606074194212,-0.2412393925805788
2011-08-24,0.7369943669585226,-0.2630056330414774
2011-08-25,0.7433066874518517,-0.2566933125481483
2011-08-26,0.7431603771643891,-0.2568396228356109
2011-08-29,0.721377307361967,-0.27862269263803296
2011-08-30,0.7233632440465039,-0.2766367559534961
2011-08-31,0.7027750235345804,-0.29722497646541957
2011-09-01,0.7030613446562519,-0.2969386553437481
2011-09-02,0.7402765843775834,-0.25972341562241663
2011-09-05,0.8148585322110188,-0.18514146778898122
2011-09-06,0.7868590291054783,-0.21314097089452166
2011-09-07,0.7603791721694947,-0.2396208278305053
2011-09-08,0.7592907332867807,-0.24070926671321935
2011-09-09,0.7856180700713762,-0.21438192992862382
2011-09-12,0.7926423956116223,-0.2073576043883777
2011-09-13,0.7711090037234255,-0.2288909962765745
2011-09-14,0.7593209175569302,-0.2406790824430698
2011-09-15,0.7327650363706498,-0.2672349636293502
2011-09-16,0.7356277665750568,-0.2643722334249432
2011-09-19,0.7593106358510249,-0.24068936414897513
2011-09-20,0.7560480292692904,-0.24395197073070962
2011-09-21,0.7785608558057637,-0.22143914419423627
2011-09-22,0.8378243508159493,-0.1621756491840507
2011-09-23,0.8317117654008592,-0.16828823459914077
2011-09-26,0.8151914283007049,-0.1848085716992951
2011-09-27,0.7662621662451816,-0.23373783375481838
2011-09-28,0.8043307804602109,-0.1956692195397891
2011-09-29,0.8010714981532484,-0.1989285018467516
2011-09-30,0.8491839373737078,-0.1508160626262922
2011-10-03,0.8888463274833907,-0.11115367251660935
2011-10-04,0.8925163810838919,-0.10748361891610814
2011-10-05,0.8515142219521298,-0.14848577804787022
2011-10-06,0.8162728399593373,-0.1837271600406627
2011-10-07,0.8224307447068586,-0.17756925529314138
2011-10-10,0.7694901194020336,-0.2305098805979664
2011-10-11,0.7544524053535192,-0.2455475946464808
2011-10-12,0.7316975479857108,-0.26830245201428915
2011-10-13,0.7395652082690952,-0.2604347917309048
2011-10-14,0.7153186356170445,-0.28468136438295555
2011-10-17,0.7320876764689133,-0.26791232353108674
2011-10-18,0.7314929763095224,-0.26850702369047763
2011-10-19,0.7347824500586835,-0.2652175499413165
2011-10-20,0.7386114160901578,-0.2613885839098422
2011-10-21,0.7254718748926103,-0.27452812510738966
2011-10-24,0.704880951617574,-0.295119048382426
2011-10-25,0.7032013686843857,-0.29679863131561435
2011-10-26,0.7015994029044305,-0.29840059709556954
2011-10-27,0.6799147689659364,-0.3200852310340636
2011-10-28,0.6736258148484953,-0.32637418515150474
2011-10-31,0.6708195482561339,-0.3291804517438661
2011-11-01,0.6767235772104703,-0.3232764227895297
2011-11-02,0.6768245955568423,-0.32317540444315773
2011-11-03,0.6776663737605144,-0.3223336262394856
2011-11-04,0.68364736971566,-0.31635263028434
2011-11-07,0.6858214087618835,-0.31417859123811653
2011-11-08,0.6825556884807169,-0.3174443115192831
2011-11-09,0.684976495098421,-0.31502350490157904
2011-11-10,0.6914539838377158,-0.30854601616228416
2011-11-11,0.6888623276089086,-0.31113767239109136
2011-11-14,0.6984639868231785,-0.30153601317682155
2011-11-15,0.7009265682886614,-0.2990734317113386
2011-11-16,0.7027339693585056,-0.29726603064149437
2011-11-17,0.7067027481955082,-0.29329725180449184
2011-11-18,0.6974243459554623,-0.3025756540445377
2011-11-21,0.7105861972148866,-0.2894138027851134
2011-11-22,0.7158218776703089,-0.2841781223296911
2011-11-23,0.725878914451947,-0.27412108554805303
2011-11-24,0.7195604205071355,-0.28043957949286447
2011-11-25,0.7261175294171462,-0.27388247058285375
2011-11-28,0.7018052357375095,-0.2981947642624905
2011-11-29,0.6810516798708851,-0.3189483201291149
2011-11-30,0.6439341038268587,-0.3560658961731413
2011-12-01,0.6384741476967766,-0.3615258523032234
2011-12-02,0.6465081482270314,-0.3534918517729686
2011-12-05,0.641157651946071,-0.358842348053929
2011-12-06,0.6358634937231249,-0.3641365062768751
2011-12-07,0.6473983478916738,-0.35260165210832617
2011-12-08,0.6462669429256788,-0.35373305707432123
2011-12-09,0.6473965137940513,-0.3526034862059487
2011-12-12,0.6570876990649097,-0.3429123009350903
2011-12-13,0.6585117533464415,-0.3414882466535585
2011-12-14,0.6848745688222664,-0.3151254311777336
2011-12-15,0.6808948022839694,-0.31910519771603063
2011-12-16,0.6839621900969728,-0.3160378099030272
2011-12-19,0.6733344299168593,-0.3266655700831407
2011-12-20,0.6419774420597131,-0.3580225579402869
2011-12-21,0.6347131740769885,-0.36528682592301154
2011-12-22,0.6282717324809957,-0.37172826751900434
2011-12-23,0.6173934456864827,-0.3826065543135173
2011-12-27,0.6122343289756338,-0.3877656710243662
2011-12-28,0.6294883354588974,-0.3705116645411026
2011-12-29,0.6379243357558646,-0.3620756642441354
2011-12-30,0.6186271938036909,-0.3813728061963091
2012-01-03,0.6030677684175645,-0.3969322315824355
2012-01-04,0.6060339124287639,-0.3939660875712361
2012-01-05,0.6226063560108233,-0.37739364398917674
2012-01-06,0.6260018929436357,-0.37399810705636427
2012-01-09,0.6196005090290855,-0.3803994909709145
2012-01-10,0.6221361095779931,-0.37786389042200685
2012-01-11,0.6247885965671957,-0.37521140343280435
2012-01-12,0.6216856323162621,-0.37831436768373794
2012-01-13,0.63070561148966,-0.36929438851034
2012-01-16,0.6515759003678263,-0.3484240996321737
2012-01-17,0.6472145973232176,-0.3527854026767824
2012-01-18,0.6484659979940256,-0.3515340020059744
2012-01-19,0.6444716124592823,-0.3555283875407177
2012-01-20,0.6349831789934188,-0.36501682100658117
2012-01-23,0.6257533967164921,-0.3742466032835079
2012-01-24,0.6218415752362138,-0.37815842476378625
2012-01-25,0.6276133686662555,-0.3723866313337445
2012-01-26,0.628837565763802,-0.371162434236198
2012-01-27,0.6286368958124896,-0.3713631041875104
2012-01-30,0.6272528450534,-0.37274715494660005
2012-01-31,0.6339669895971123,-0.3660330104028877
2012-02-01,0.6495306242402015,-0.35046937575979853
2012-02-02,0.6530677554700625,-0.34693224452993754
2012-02-03,0.6535805553076703,-0.34641944469232966
2012-02-06,0.6486500560674564,-0.3513499439325436
2012-02-07,0.6516134884774867,-0.3483865115225133
2012-02-08,0.6485783278183403,-0.35142167218165965
2012-02-09,0.6479676902617224,-0.3520323097382776
2012-02-10,0.6281106021284142,-0.3718893978715858
2012-02-13,0.6386634266757272,-0.3613365733242728
2012-02-14,0.6308432017554424,-0.3691567982445576
2012-02-15,0.6347959440759207,-0.36520405592407934
2012-02-16,0.6436556229860657,-0.3563443770139343
2012-02-17,0.6544543072283311,-0.3455456927716689
2012-02-20,0.673278117288024,-0.326721882711976
2012-02-21,0.6841659256879664,-0.3158340743120336
2012-02-22,0.6857367014560024,-0.3142632985439976
2012-02-23,0.6965710936276771,-0.3034289063723229
2012-02-24,0.7031846436661549,-0.29681535633384515
2012-02-27,0.6985844392991538,-0.3014155607008462
2012-02-28,0.7044904719349815,-0.2955095280650185
2012-02-29,0.6815732665359433,-0.3184267334640567
2012-03-01,0.7028448597542052,-0.2971551402457948
2012-03-02,0.6924648798622275,-0.3075351201377725
2012-03-05,0.6778170281190157,-0.3221829718809843
2012-03-06,0.6178643886385365,-0.38213561136146346
2012-03-07,0.6302872058470974,-0.3697127941529026
2012-03-08,0.6603007449111824,-0.3396992550888176
2012-03-09,0.6645551164356266,-0.3354448835643734
2012-03-12,0.6541538689054295,-0.3458461310945705
2012-03-13,0.6766682113172742,-0.32333178868272583
2012-03-14,0.6716421920441302,-0.3283578079558698
2012-03-15,0.6644217200508961,-0.33557827994910394
2012-03-16,0.6647812411833779,-0.3352187588166221
2012-03-19,0.6691921007485944,-0.33080789925140563
2012-03-20,0.6466047554227434,-0.3533952445772566
2012-03-21,0.6307794385081504,-0.36922056149184956
2012-03-22,0.6091198664382746,-0.39088013356172535
2012-03-23,0.6119631672902072,-0.38803683270979283
2012-03-26,0.6291916618180856,-0.3708083381819144
2012-03-27,0.613003188043607,-0.386996811956393
2012-03-28,0.6025277716502513,-0.3974722283497487
2012-03-29,0.5980714703641323,-0.40192852963586767
2012-03-30,0.6017818414630135,-0.3982181585369865
2012-04-02,0.6145153939128465,-0.3854846060871535
2012-04-03,0.6060368478362576,-0.39396315216374245
2012-04-04,0.5818063378720901,-0.41819366212790987
2012-04-05,0.5777097103691118,-0.4222902896308882
2012-04-06,0.5521765652238958,-0.4478234347761042
2012-04-09,0.5382462462649988,-0.46175375373500116
2012-04-10,0.5238204804787104,-0.47617951952128956
2012-04-11,0.5218482658283975,-0.4781517341716025
2012-04-12,0.5223263441940302,-0.47767365580596977
2012-04-13,0.522027203850659,-0.47797279614934096
2012-04-16,0.5205830691738151,-0.47941693082618486
2012-04-17,0.5198709322930501,-0.48012906770694985
2012-04-18,0.5319735860737742,-0.4680264139262258
2012-04-19,0.5239738130547908,-0.47602618694520915
2012-04-20,0.5217734271560976,-0.47822657284390235
2012-04-23,0.5330100631474124,-0.4669899368525876
2012-04-24,0.5350104658543993,-0.46498953414560074
2012-04-25,0.5398360991079025,-0.46016390089209747
2012-04-26,0.5372644415657954,-0.46273555843420455
2012-04-27,0.5258583232898391,-0.47414167671016094
2012-04-30,0.5194898026269158,-0.4805101973730842
2012-05-01,0.5145483158811095,-0.4854516841188905
2012-05-02,0.5265331339825952,-0.47346686601740484
2012-05-03,0.5198128879561985,-0.4801871120438015
2012-05-04,0.5081158739045295,-0.4918841260954705
2012-05-07,0.501935148913223,-0.498064851086777
2012-05-08,0.5117962504695934,-0.48820374953040657
2012-05-09,0.5138062508634649,-0.4861937491365351
2012-05-10,0.5113476782720496,-0.48865232172795037
2012-05-11,0.5222621312371192,-0.4777378687628808
2012-05-14,0.546523290027162,-0.45347670997283795
2012-05-15,0.5454263052135545,-0.4545736947864455
2012-05-16,0.5454822830663256,-0.4545177169336744
2012-05-17,0.5545693799411558,-0.44543062005884415
2012-05-18,0.5611854025900411,-0.4388145974099589
2012-05-21,0.5284865581765297,-0.4715134418234703
2012-05-22,0.5299978328880305,-0.4700021671119695
2012-05-23,0.5832642332492131,-0.41673576675078694
2012-05-24,0.5718028196173492,-0.42819718038265075
2012-05-25,0.5753431247473137,-0.42465687525268625
2012-05-28,0.5711022273288346,-0.42889777267116536
2012-05-29,0.5582894878477256,-0.4417105121522744
2012-05-30,0.6186713040469476,-0.3813286959530524
2012-05-31,0.6237632908929316,-0.3762367091070684
2012-06-01,0.6643963697930524,-0.3356036302069476
2012-06-04,0.6529567912726216,-0.34704320872737837
2012-06-05,0.6367987820817063,-0.36320121791829374
2012-06-06,0.5582646432742351,-0.4417353567257649
2012-06-07,0.5503059611776566,-0.4496940388223434
2012-06-08,0.5661577469407825,-0.43384225305921753
2012-06-11,0.5811082322266192,-0.4188917677733808
2012-06-12,0.5540781768004902,-0.4459218231995098
2012-06-13,0.5606803373905248,-0.4393196626094752
2012-06-14,0.5414747900430268,-0.4585252099569732
2012-06-15,0.5313063038443984,-0.46869369615560164
2012-06-18,0.5276591742668943,-0.47234082573310565
2012-06-19,0.4857001793395733,-0.5142998206604267
2012-06-20,0.48848882836426066,-0.5115111716357393
2012-06-21,0.5253541558817396,-0.4746458441182604
2012-06-22,0.5148151857918974,-0.48518481420810255
2012-06-25,0.5212143311757561,-0.4787856688242439
2012-06-26,0.5118125694098676,-0.48818743059013237
2012-06-27,0.5054122496776141,-0.4945877503223859
2012-06-28,0.5259022405026372,-0.47409775949736277
2012-06-29,0.44712326435977323,-0.5528767356402268
2012-07-02,0.4652406750325637,-0.5347593249674363
2012-07-03,0.44614981667525155,-0.5538501833247484
2012-07-04,0.4601805282468018,-0.5398194717531982
2012-07-05,0.4829413433032378,-0.5170586566967622
2012-07-06,0.4915944939973894,-0.5084055060026106
2012-07-09,0.4944780645437128,-0.5055219354562872
2012-07-10,0.4949500397369493,-0.5050499602630507
2012-07-11,0.48959814450824446,-0.5104018554917555
2012-07-12,0.49823717149586166,-0.5017628285041383
2012-07-13,0.4970117319435007,-0.5029882680564993
2012-07-16,0.5076069439155286,-0.49239305608447137
2012-07-17,0.5061075280334935,-0.49389247196650654
2012-07-18,0.5137196665641908,-0.48628033343580923
2012-07-19,0.5132974776516748,-0.48670252234832523
2012-07-20,0.5261456818899082,-0.4738543181100918
2012-07-23,0.5101985981589747,-0.4898014018410253
2012-07-24,0.49276347426363376,-0.5072365257363662
2012-07-25,0.49488709009870313,-0.5051129099012969
2012-07-26,0.47400112551403883,-0.5259988744859612
2012-07-27,0.46880915240550447,-0.5311908475944955
2012-07-30,0.47967655247212926,-0.5203234475278707
2012-07-31,0.466216224287223,-0.533783775712777
2012-08-01,0.46367323285392614,-0.5363267671460739
2012-08-02,0.46540885281662236,-0.5345911471833776
2012-08-03,0.461443492958572,-0.538556507041428
2012-08-06,0.46724322748988456,-0.5327567725101154
2012-08-07,0.457545292201625,-0.542454707798375
2012-08-08,0.4633372232299412,-0.5366627767700588
2012-08-09,0.47514243665366507,-0.5248575633463349
2012-08-10,0.4803841011937129,-0.5196158988062871
2012-08-13,0.464101886909708,-0.535898113090292
2012-08-14,0.4502316730131304,-0.5497683269868696
2012-08-15,0.4527915985039459,-0.5472084014960541
2012-08-16,0.4577649064202872,-0.5422350935797128
2012-08-17,0.4558362875770561,-0.5441637124229439
2012-08-20,0.4461921627850586,-0.5538078372149414
2012-08-21,0.44285130004651485,-0.5571486999534851
2012-08-22,0.4308451797154389,-0.5691548202845611
2012-08-23,0.41345270307463455,-0.5865472969253654
2012-08-24,0.41668369693357055,-0.5833163030664295
2012-08-27,0.4136907189145067,-0.5863092810854933
2012-08-28,0.4070635831314584,-0.5929364168685416
2012-08-29,0.40992712171874535,-0.5900728782812547
2012-08-30,0.3951381295653569,-0.6048618704346431
2012-08-31,0.41771589055223257,-0.5822841094477674
2012-09-03,0.4318084922852742,-0.5681915077147258
2012-09-04,0.42937014610171764,-0.5706298538982824
2012-09-05,0.4263008521899161,-0.5736991478100839
2012-09-06,0.45721604034468954,-0.5427839596553105
2012-09-07,0.4748204122281897,-0.5251795877718103
2012-09-10,0.452916129441272,-0.547083870558728
2012-09-11,0.46114415596334457,-0.5388558440366554
2012-09-12,0.4622389860855114,-0.5377610139144886
2012-09-13,0.5016281366890663,-0.49837186331093375
2012-09-14,0.5252809631479738,-0.4747190368520262
2012-09-17,0.4829951778816003,-0.5170048221183997
2012-09-18,0.46934502775652054,-0.5306549722434795
2012-09-19,0.47412331521335405,-0.525876684786646
2012-09-20,0.45400377520532054,-0.5459962247946795
2012-09-21,0.45840409955053785,-0.5415959004494622
2012-09-24,0.4357889563241072,-0.5642110436758928
2012-09-25,0.4241674279786073,-0.5758325720213927
2012-09-26,0.3919440282448181,-0.6080559717551819
2012-09-27,0.4133794792521701,-0.5866205207478299
2012-09-28,0.3930004189097346,-0.6069995810902654
2012-10-01,0.40055323614943894,-0.5994467638505611
2012-10-02,0.3965903232485851,-0.6034096767514149
2012-10-03,0.3932272886339766,-0.6067727113660234
2012-10-04,0.4120767661180912,-0.5879232338819088
2012-10-05,0.40051541678762903,-0.599484583212371
2012-10-08,0.389436708927003,-0.610563291072997
2012-10-09,0.36599181175200024,-0.6340081882479998
2012-10-10,0.359201447802578,-0.640798552197422
2012-10-11,0.3751188310261352,-0.6248811689738648
2012-10-12,0.3655248701143875,-0.6344751298856125
2012-10-15,0.3635880343733494,-0.6364119656266506
2012-10-16,0.36406850692887005,-0.63593149307113
2012-10-17,0.36701044279093953,-0.6329895572090605
2012-10-18,0.3514008974018734,-0.6485991025981266
2012-10-19,0.3146480773623874,-0.6853519226376126
2012-10-22,0.31005725923454397,-0.689942740765456
2012-10-23,0.27777317087907594,-0.7222268291209241
2012-10-24,0.2791186791777994,-0.7208813208222006
2012-10-25,0.28379394272075786,-0.7162060572792421
2012-10-26,0.2828748298043834,-0.7171251701956166
2012-10-29,0.27296959652435604,-0.727030403475644
2012-10-30,0.27648708492977025,-0.7235129150702297
2012-10-31,0.2755496547831674,-0.7244503452168326
2012-11-01,0.2795656257925404,-0.7204343742074596
2012-11-02,0.27190340317976114,-0.7280965968202389
2012-11-05,0.2650988660543856,-0.7349011339456144
2012-11-06,0.2607589716626211,-0.7392410283373789
2012-11-07,0.2635588709347696,-0.7364411290652304
2012-11-08,0.2584547620062818,-0.7415452379937182
2012-11-09,0.2524368643872674,-0.7475631356127326
2012-11-12,0.24697660111741615,-0.7530233988825838
2012-11-13,0.2516827779313746,-0.7483172220686254
2012-11-14,0.25669578855260033,-0.7433042114473997
2012-11-15,0.2527541839560572,-0.7472458160439428
2012-11-16,0.2437297903139546,-0.7562702096860454
2012-11-19,0.20613303965784058,-0.7938669603421594
2012-11-20,0.1981003049610478,-0.8018996950389522
2012-11-21,0.19476087976326306,-0.8052391202367369
2012-11-22,0.2000280398392188,-0.7999719601607812
2012-11-23,0.19006661021821214,-0.8099333897817879
2012-11-26,0.1886489513889804,-0.8113510486110196
2012-11-27,0.1842342104375495,-0.8157657895624505
2012-11-28,0.18324069379756203,-0.816759306202438
2012-11-29,0.18749017708486793,-0.8125098229151321
2012-11-30,0.1819934823374154,-0.8180065176625846
2012-12-03,0.17333978596829858,-0.8266602140317014
2012-12-04,0.17299012935858404,-0.827009870641416
2012-12-05,0.178436556676571,-0.821563443323429
2012-12-06,0.18180449076725136,-0.8181955092327486
2012-12-07,0.17589256779428342,-0.8241074322057166
2012-12-10,0.18675532452852994,-0.8132446754714701
2012-12-11,0.19389819459638047,-0.8061018054036195
2012-12-12,0.2057608883489246,-0.7942391116510754
2012-12-13,0.19840559936717694,-0.8015944006328231
2012-12-14,0.20261128776680526,-0.7973887122331947
2012-12-17,0.2058733918977046,-0.7941266081022954
2012-12-18,0.21200622758250542,-0.7879937724174946
2012-12-19,0.2208875199813396,-0.7791124800186604
2012-12-20,0.2212846991100086,-0.7787153008899914
2012-12-21,0.18991719551257202,-0.810082804487428
2012-12-24,0.19015330184768953,-0.8098466981523105
2012-12-26,0.20077000621375907,-0.7992299937862409
2012-12-27,0.20358704100254743,-0.7964129589974526
2012-12-28,0.18033236446307332,-0.8196676355369267
2012-12-31,0.18718301924854897,-0.812816980751451
2013-01-02,0.21912621050993275,-0.7808737894900672
2013-01-03,0.20610292030821675,-0.7938970796917832
2013-01-04,0.2148377927984766,-0.7851622072015234
2013-01-07,0.2089002612753127,-0.7910997387246873
2013-01-08,0.19645247044856706,-0.8035475295514329
2013-01-09,0.1975133876165589,-0.8024866123834411
2013-01-10,0.21543495507384647,-0.7845650449261535
2013-01-11,0.20635535316563136,-0.7936446468343686
2013-01-14,0.20009159375251018,-0.7999084062474898
2013-01-15,0.18038191854211094,-0.8196180814578891
2013-01-16,0.1711137549238767,-0.8288862450761233
2013-01-17,0.19359243840789908,-0.8064075615921009
2013-01-18,0.18331618984685338,-0.8166838101531466
2013-01-21,0.18641639684379596,-0.813583603156204
2013-01-22,0.19348821524130544,-0.8065117847586946
2013-01-23,0.1849944248443699,-0.8150055751556301
2013-01-24,0.20073758823659094,-0.7992624117634091
2013-01-25,0.21825450436728477,-0.7817454956327152
2013-01-28,0.2154305930239705,-0.7845694069760295
2013-01-29,0.2293062872827829,-0.7706937127172171
2013-01-30,0.2174345534644545,-0.7825654465355455
2013-01-31,0.20724851742016848,-0.7927514825798315
2013-02-01,0.23953862462459818,-0.7604613753754018
2013-02-04,0.19713346923058306,-0.8028665307694169
2013-02-05,0.22113363297700317,-0.7788663670229968
2013-02-06,0.21244797808955773,-0.7875520219104423
2013-02-07,0.1902120500277934,-0.8097879499722066
2013-02-08,0.2047136513663168,-0.7952863486336832
2013-02-11,0.20289603460740568,-0.7971039653925943
2013-02-12,0.22326230128934987,-0.7767376987106501
2013-02-13,0.23678313893920566,-0.7632168610607943
2013-02-14,0.22750933458979417,-0.7724906654102058
2013-02-15,0.22262996051125705,-0.777370039488743
2013-02-18,0.23031473800143454,-0.7696852619985655
2013-02-19,0.2537226526914761,-0.7462773473085239
2013-02-20,0.23197338752731378,-0.7680266124726862
2013-02-21,0.2036364012524743,-0.7963635987475257
2013-02-22,0.2144724994995808,-0.7855275005004192
2013-02-25,0.1863471510078588,-0.8136528489921412
2013-02-26,0.16913197648915912,-0.8308680235108409
2013-02-27,0.18428477540790877,-0.8157152245920912
2013-02-28,0.19199830569249476,-0.8080016943075052
2013-03-01,0.2046332428222164,-0.7953667571777836
2013-03-04,0.2066295800011898,-0.7933704199988102
2013-03-05,0.22183752479306273,-0.7781624752069373
2013-03-06,0.2414991992380061,-0.7585008007619939
2013-03-07,0.22604676754826147,-0.7739532324517385
2013-03-08,0.2493803153277555,-0.7506196846722445
2013-03-11,0.25211171951915656,-0.7478882804808434
2013-03-12,0.2453359991468631,-0.7546640008531369
2013-03-13,0.2643761090899185,-0.7356238909100815
2013-03-14,0.26586604386719725,-0.7341339561328027
2013-03-15,0.260652864261966,-0.739347135738034
2013-03-18,0.2600709642162513,-0.7399290357837487
2013-03-19,0.26084621885833204,-0.739153781141668
2013-03-20,0.2545165196678002,-0.7454834803321998
2013-03-21,0.23872437080010978,-0.7612756291998902
2013-03-22,0.2378478749643772,-0.7621521250356228
2013-03-25,0.23859864033392753,-0.7614013596660725
2013-03-26,0.24409952220374176,-0.7559004777962582
2013-03-27,0.23973230465827722,-0.7602676953417228
2013-03-28,0.23638638714735039,-0.7636136128526496
2013-03-29,0.24531409567785922,-0.7546859043221408
2013-04-01,0.2222368484675683,-0.7777631515324317
2013-04-02,0.23423221375834524,-0.7657677862416548
2013-04-03,0.2196884188162017,-0.7803115811837983
2013-04-04,0.23554578797327552,-0.7644542120267245
2013-04-05,0.2330565973378721,-0.7669434026621279
2013-04-08,0.23506773008494652,-0.7649322699150535
2013-04-09,0.2235725388099684,-0.7764274611900316
2013-04-10,0.25228661073274805,-0.747713389267252
2013-04-11,0.2588781254584883,-0.7411218745415117
2013-04-12,0.2755436760888601,-0.7244563239111399
2013-04-15,0.27713487559403494,-0.7228651244059651
2013-04-16,0.27511374019115487,-0.7248862598088451
2013-04-17,0.2722855360729953,-0.7277144639270047
2013-04-18,0.2569261069534289,-0.7430738930465711
2013-04-19,0.26500487264738826,-0.7349951273526117
2013-04-22,0.26872215272864686,-0.7312778472713531
2013-04-23,0.2840829380363892,-0.7159170619636108
2013-04-24,0.2777726542181389,-0.7222273457818611
2013-04-25,0.25851749500167576,-0.7414825049983242
2013-04-26,0.26270562738607006,-0.7372943726139299
2013-04-29,0.25993776529028556,-0.7400622347097144
2013-04-30,0.26097806141710134,-0.7390219385828987
2013-05-01,0.2659866314327821,-0.7340133685672179
2013-05-02,0.2637429345154588,-0.7362570654845412
2013-05-03,0.2598357731671077,-0.7401642268328923
2013-05-06,0.25531869336167023,-0.7446813066383298
2013-05-07,0.2637556141209729,-0.7362443858790271
2013-05-08,0.2767787931188984,-0.7232212068811016
2013-05-09,0.26842952281057675,-0.7315704771894233
2013-05-10,0.27028356563992295,-0.729716434360077
2013-05-13,0.2708655710527992,-0.7291344289472008
2013-05-14,0.28452021617756074,-0.7154797838224393
2013-05-15,0.30236741230770303,-0.697632587692297
2013-05-16,0.2952975358626543,-0.7047024641373457
2013-05-17,0.3189033863399203,-0.6810966136600797
2013-05-20,0.3084700837876543,-0.6915299162123457
2013-05-21,0.31511103921351014,-0.6848889607864899
2013-05-22,0.3220958810105261,-0.6779041189894739
2013-05-23,0.285739349860342,-0.714260650139658
2013-05-24,0.2827155573049842,-0.7172844426950158
2013-05-27,0.2717170787796872,-0.7282829212203128
2013-05-28,0.30325873770108325,-0.6967412622989168
2013-05-29,0.28089641453842384,-0.7191035854615762
2013-05-30,0.27575160085263273,-0.7242483991473673
2013-05-31,0.26349141948452703,-0.736508580515473
2013-06-03,0.2337987065952759,-0.7662012934047241
2013-06-04,0.23835625011670525,-0.7616437498832948
2013-06-05,0.20223367646806867,-0.7977663235319313
2013-06-06,0.18944016160847366,-0.8105598383915263
2013-06-07,0.22204115117740353,-0.7779588488225965
2013-06-10,0.23911829934148365,-0.7608817006585163
2013-06-11,0.22664673742003938,-0.7733532625799606
2013-06-12,0.21892429685415782,-0.7810757031458422
2013-06-13,0.22324488791200436,-0.7767551120879956
2013-06-14,0.20313676504623523,-0.7968632349537648
2013-06-17,0.20675202476804877,-0.7932479752319512
2013-06-18,0.22323145672073874,-0.7767685432792613
2013-06-19,0.21151610019740585,-0.7884838998025941
2013-06-20,0.2188899944162893,-0.7811100055837107
2013-06-21,0.21380129344639864,-0.7861987065536014
2013-06-24,0.2241094244661549,-0.7758905755338451
2013-06-25,0.22044560808432512,-0.7795543919156749
2013-06-26,0.21570010749220625,-0.7842998925077937
2013-06-27,0.2082649390545972,-0.7917350609454028
2013-06-28,0.20662275497743166,-0.7933772450225683
2013-07-01,0.1899886833807981,-0.8100113166192019
2013-07-02,0.18744405948008702,-0.812555940519913
2013-07-03,0.18556798964417087,-0.8144320103558291
2013-07-04,0.12447258967330244,-0.8755274103266976
2013-07-05,0.1775354504697202,-0.8224645495302798
2013-07-08,0.15566338450102268,-0.8443366154989773
2013-07-09,0.14724866541406778,-0.8527513345859322
2013-07-10,0.1443348281729936,-0.8556651718270064
2013-07-11,0.1195134471996554,-0.8804865528003446
2013-07-12,0.13319124358091827,-0.8668087564190817
2013-07-15,0.13882947550820235,-0.8611705244917977
2013-07-16,0.11695889487682498,-0.883041105123175
2013-07-17,0.12081099118341088,-0.8791890088165891
2013-07-18,0.1312612570727527,-0.8687387429272473
2013-07-19,0.12255281819721264,-0.8774471818027874
2013-07-22,0.11621659589964572,-0.8837834041003543
2013-07-23,0.11536685169610061,-0.8846331483038994
2013-07-24,0.12396225382578085,-0.8760377461742191
2013-07-25,0.12095363412625293,-0.8790463658737471
2013-07-26,0.11707498844122954,-0.8829250115587705
2013-07-29,0.11192949093770033,-0.8880705090622997
2013-07-30,0.11330911471241611,-0.8866908852875839
2013-07-31,0.11346514085211024,-0.8865348591478898
2013-08-01,0.14465603844332753,-0.8553439615566725
2013-08-02,0.13724345956344297,-0.862756540436557
2013-08-05,0.14403201138554877,-0.8559679886144512
2013-08-06,0.13828595449222958,-0.8617140455077704
2013-08-07,0.11871239292750746,-0.8812876070724925
2013-08-08,0.10930234868062116,-0.8906976513193788
2013-08-09,0.10979142358789107,-0.8902085764121089
2013-08-12,0.10492084768795484,-0.8950791523120452
2013-08-13,0.11969121732502419,-0.8803087826749758
2013-08-14,0.10928191081288818,-0.8907180891871118
2013-08-15,0.08314349300625823,-0.9168565069937418
2013-08-16,0.08557521102377863,-0.9144247889762214
2013-08-19,0.07342839346249186,-0.9265716065375081
2013-08-20,0.07575852371721714,-0.9242414762827829
2013-08-21,0.06134197832865618,-0.9386580216713438
2013-08-22,0.08268527830494687,-0.9173147216950531
2013-08-23,0.08405380893230818,-0.9159461910676918
2013-08-26,0.05967018845616212,-0.9403298115438379
2013-08-27,0.04190638334305696,-0.958093616656943
2013-08-28,0.0504363454419271,-0.9495636545580729
2013-08-29,0.04407911023529709,-0.9559208897647029
2013-08-30,0.02482188925791573,-0.9751781107420843
2013-09-02,0.0745607780442139,-0.9254392219557861
2013-09-03,0.08038073547588442,-0.9196192645241156
2013-09-04,0.08000655048728611,-0.9199934495127139
2013-09-05,0.09765558665710816,-0.9023444133428918
2013-09-06,0.08783810520676083,-0.9121618947932392
2013-09-09,0.08258801092975276,-0.9174119890702472
2013-09-10,0.08631645188716719,-0.9136835481128328
2013-09-11,0.07983807833375589,-0.9201619216662441
2013-09-12,0.07258081752279999,-0.9274191824772
2013-09-13,0.07988594586560704,-0.920114054134393
2013-09-16,0.08342668382315865,-0.9165733161768413
2013-09-17,0.08412393898600601,-0.915876061013994
2013-09-18,0.09584566792152771,-0.9041543320784723
2013-09-19,0.08647351418939309,-0.9135264858106069
2013-09-20,0.0777007050992351,-0.9222992949007649
2013-09-23,0.066186640626135,-0.933813359373865
2013-09-24,0.0643252979063994,-0.9356747020936006
2013-09-25,0.04980552857387044,-0.9501944714261296
2013-09-26,0.05337092502426122,-0.9466290749757388
2013-09-27,0.04815852607438231,-0.9518414739256177
2013-09-30,0.043167628525323964,-0.956832371474676
2013-10-01,0.06174804345338902,-0.938251956546611
2013-10-02,0.05913761363137704,-0.940862386368623
2013-10-03,0.04995013198289522,-0.9500498680171048
2013-10-04,0.05142707836533966,-0.9485729216346603
2013-10-07,0.044920513827930164,-0.9550794861720698
2013-10-08,0.029214763666413623,-0.9707852363335864
2013-10-09,0.011080267550615641,-0.9889197324493844
2013-10-10,0.03158320068481579,-0.9684167993151842
2013-10-11,0.05156163592147256,-0.9484383640785274
2013-10-14,0.054040013681988075,-0.9459599863180119
2013-10-15,0.037042890142271356,-0.9629571098577286
2013-10-16,0.04613578267001639,-0.9538642173299836
2013-10-17,0.06437359497091233,-0.9356264050290877
2013-10-18,0.08077044942677047,-0.9192295505732295
2013-10-21,0.07861855524609318,-0.9213814447539068
2013-10-22,0.10749872850881748,-0.8925012714911825
2013-10-23,0.08872251575789836,-0.9112774842421016
2013-10-24,0.09195504454357117,-0.9080449554564288
2013-10-25,0.08929842711333036,-0.9107015728866696
2013-10-28,0.0924458487490688,-0.9075541512509312
2013-10-29,0.08671057228478452,-0.9132894277152155
2013-10-30,0.07676895553117202,-0.923231044468828
2013-10-31,0.06515366136382894,-0.9348463386361711
2013-11-01,0.05076007013623185,-0.9492399298637682
2013-11-04,0.06633624287822215,-0.9336637571217778
2013-11-05,0.055215426441293625,-0.9447845735587064
2013-11-06,0.057952508763213006,-0.942047491236787
2013-11-07,0.0396638448627572,-0.9603361551372428
2013-11-08,0.03342793152641976,-0.9665720684735802
2013-11-11,0.03434267222683185,-0.9656573277731682
2013-11-12,0.030079371285746115,-0.9699206287142539
2013-11-13,0.03693484649747125,-0.9630651535025287
2013-11-14,0.044345436679850136,-0.9556545633201499
2013-11-15,0.053139698771775046,-0.946860301228225
2013-11-18,0.05616545799970929,-0.9438345420002907
2013-11-19,0.04389384126978502,-0.956106158730215
2013-11-20,0.0339705554166021,-0.9660294445833979
2013-11-21,0.04193738523122037,-0.9580626147687796
2013-11-22,0.04632142583520116,-0.9536785741647988
2013-11-25,0.055658375483819356,-0.9443416245161806
2013-11-26,0.05885728125112921,-0.9411427187488708
2013-11-27,0.07138267300016266,-0.9286173269998373
2013-11-28,0.08555642822130549,-0.9144435717786945
2013-11-29,0.0842172910046094,-0.9157827089953906
2013-12-02,0.08358860036577043,-0.9164113996342296
2013-12-03,0.06651205116464665,-0.9334879488353534
2013-12-04,0.049464938380705425,-0.9505350616192946
2013-12-05,0.03464692174100503,-0.965353078258995
2013-12-06,0.05350509561425232,-0.9464949043857477
2013-12-09,0.057909740433996326,-0.9420902595660037
2013-12-10,0.0467856838418923,-0.9532143161581077
2013-12-11,0.03453940099642738,-0.9654605990035726
2013-12-12,0.04462723017739112,-0.9553727698226089
2013-12-13,0.0390103823218475,-0.9609896176781525
2013-12-16,0.049356403136249005,-0.950643596863751
2013-12-17,0.05804941691820553,-0.9419505830817945
2013-12-18,0.08782568853206296,-0.912174311467937
2013-12-19,0.08681613609763517,-0.9131838639023648
2013-12-20,0.08313177116543813,-0.9168682288345619
2013-12-23,0.0957222416889616,-0.9042777583110384
2013-12-24,0.10530096365744268,-0.8946990363425573
2013-12-26,0.1144727481594956,-0.8855272518405044
2013-12-27,0.11846933196252096,-0.881530668037479
2013-12-30,0.1189505175527753,-0.8810494824472247
2013-12-31,0.11368193990235365,-0.8863180600976464
2014-01-02,0.0768603782942201,-0.9231396217057799
2014-01-03,0.06405888820532935,-0.9359411117946707
2014-01-06,0.057937482043249555,-0.9420625179567504
2014-01-07,0.07351054758677622,-0.9264894524132238
2014-01-08,0.09699021665434415,-0.9030097833456558
2014-01-09,0.0925030040911714,-0.9074969959088286
2014-01-10,0.07634682258603853,-0.9236531774139615
2014-01-13,0.06236767956791189,-0.9376323204320881
2014-01-14,0.07566770917793486,-0.9243322908220651
2014-01-15,0.09322565709771202,-0.906774342902288
2014-01-16,0.0895883064698415,-0.9104116935301585
2014-01-17,0.09479220038930702,-0.905207799610693
2014-01-20,0.08872768403043374,-0.9112723159695663
2014-01-21,0.094709079087693,-0.905290920912307
2014-01-22,0.10108016084386418,-0.8989198391561358
2014-01-23,0.08312975256528055,-0.9168702474347195
2014-01-24,0.05760195201242757,-0.9423980479875724
2014-01-27,0.049951845470577405,-0.9500481545294226
2014-01-28,0.05674729384743771,-0.9432527061525623
2014-01-29,0.0666105281972853,-0.9333894718027147
2014-01-30,0.059763950045558456,-0.9402360499544415
2014-01-31,0.051902355323126814,-0.9480976446768732
2014-02-03,0.018362269812903675,-0.9816377301870963
2014-02-04,-0.0011574967320717722,-1.0011574967320718
2014-02-05,-0.008635937853962883,-1.0086359378539629
2014-02-06,-0.02009518500661467,-1.0200951850066147
2014-02-07,-0.012708224284945002,-1.012708224284945
2014-02-10,-0.031191887805996465,-1.0311918878059965
2014-02-11,-0.028277561189357314,-1.0282775611893573
2014-02-12,-0.03971771837904381,-1.0397177183790438
2014-02-13,-0.02498956764227045,-1.0249895676422704
2014-02-14,-0.02705061701098166,-1.0270506170109817
2014-02-17,-0.028170454094447406,-1.0281704540944474
2014-02-18,-0.017364107337694223,-1.0173641073376942
2014-02-19,-0.01390057425371971,-1.0139005742537197
2014-02-20,-0.0066252767570575966,-1.0066252767570576
2014-02-21,-0.0067636233602854645,-1.0067636233602855
2014-02-24,0.009837677923097532,-0.9901623220769025
2014-02-25,0.016821094495589217,-0.9831789055044108
2014-02-26,0.016769892073677184,-0.9832301079263228
2014-02-27,0.03159893497122246,-0.9684010650287775
2014-02-28,0.03960935367163132,-0.9603906463283687
2014-03-03,0.04049351980554661,-0.9595064801944534
2014-03-04,0.06332886080504685,-0.9366711391949532
2014-03-05,0.05327506659807335,-0.9467249334019266
2014-03-06,0.06527804496699618,-0.9347219550330038
2014-03-07,0.06176748076070682,-0.9382325192392932
2014-03-10,0.05217646630859418,-0.9478235336914058
2014-03-11,0.057944317685998836,-0.9420556823140012
2014-03-12,0.062005513491304676,-0.9379944865086953
2014-03-13,0.05455477715828139,-0.9454452228417186
2014-03-14,0.05969499592594041,-0.9403050040740596
2014-03-17,0.0678996610088679,-0.9321003389911321
2014-03-18,0.0773681770259329,-0.9226318229740671
2014-03-19,0.05734346337655383,-0.9426565366234462
2014-03-20,0.0381792074405759,-0.9618207925594241
2014-03-21,0.03722169987566648,-0.9627783001243335
2014-03-24,0.04760272385069797,-0.952397276149302
2014-03-25,0.03727198150927857,-0.9627280184907214
2014-03-26,0.03236903931136803,-0.967630960688632
2014-03-27,0.03570464877471935,-0.9642953512252807
2014-03-28,0.03702268622583882,-0.9629773137741612
2014-03-31,0.04517446415265092,-0.9548255358473491
2014-04-01,0.045111045906291114,-0.9548889540937089
2014-04-02,0.0359773829300879,-0.9640226170699121
2014-04-03,0.04234447340213099,-0.957655526597869
2014-04-04,0.02449101806254228,-0.9755089819374577
2014-04-07,0.0015319564203291058,-0.9984680435796709
2014-04-08,0.011908205068699163,-0.9880917949313008
2014-04-09,0.029611216104587834,-0.9703887838954122
2014-04-10,0.01214042390253578,-0.9878595760974642
2014-04-11,0.006712554689376149,-0.9932874453106239
2014-04-14,0.010278252597589965,-0.98972174740241
2014-04-15,0.007935302291007251,-0.9920646977089927
2014-04-16,0.013178208084457355,-0.9868217919155426
2014-04-17,0.006075792559833593,-0.9939242074401664
2014-04-18,-0.02711864112256057,-1.0271186411225606
2014-04-21,-0.04832269690354818,-1.0483226969035482
2014-04-22,-0.033932719774313114,-1.0339327197743131
2014-04-23,-0.03710735349866168,-1.0371073534986617
2014-04-24,-0.0312659498875234,-1.0312659498875234
2014-04-25,-0.04219284900771836,-1.0421928490077184
2014-04-28,-0.04014452158779669,-1.0401445215877967
2014-04-29,-0.030307461017515802,-1.0303074610175158
2014-04-30,-0.01741447178087574,-1.0174144717808757
2014-05-01,-0.021930858020795307,-1.0219308580207953
2014-05-02,-0.029861197468056266,-1.0298611974680563
2014-05-05,-0.029316523328847044,-1.029316523328847
2014-05-06,-0.019153596349400948,-1.019153596349401
2014-05-07,-0.017846977199095226,-1.0178469771990952
2014-05-08,-0.014943687959110052,-1.01494368795911
2014-05-09,-0.04185750555667611,-1.0418575055566761
2014-05-12,-0.04551363546157128,-1.0455136354615713
2014-05-13,-0.04559631567703448,-1.0455963156770345
2014-05-14,-0.03493391354214603,-1.034933913542146
2014-05-15,-0.04878481973884585,-1.0487848197388459
2014-05-16,-0.048119099966471124,-1.0481190999664711
2014-05-19,-0.04307666618879202,-1.043076666188792
2014-05-20,-0.04795877263390347,-1.0479587726339035
2014-05-21,-0.04138812136385095,-1.041388121363851
2014-05-22,-0.04538571134203395,-1.045385711342034
2014-05-23,-0.04470527474340469,-1.0447052747434047
2014-05-26,-0.02581816985992469,-1.0258181698599247
2014-05-27,-0.01415442161396574,-1.0141544216139657
2014-05-28,-0.00805283029214654,-1.0080528302921465
2014-05-29,-0.0017133292466005035,-1.0017133292466005
2014-05-30,-0.0013943079821978621,-1.0013943079821979
2014-06-02,-0.0034800257547682456,-1.0034800257547682
2014-06-03,-0.007985089433081072,-1.007985089433081
2014-06-04,-0.003668505926237353,-1.0036685059262374
2014-06-05,0.011328871706988375,-0.9886711282930116
2014-06-06,0.010391108284495965,-0.989608891715504
2014-06-09,0.019608848830928505,-0.9803911511690715
2014-06-10,0.026401491270193644,-0.9735985087298064
2014-06-11,0.02694145310315388,-0.9730585468968461
2014-06-12,0.012545921786983993,-0.987454078213016
2014-06-13,0.009674734512819527,-0.9903252654871805
2014-06-16,-0.0037853676351438104,-1.0037853676351438
2014-06-17,-0.004567179539485933,-1.004567179539486
2014-06-18,-0.0019869105903980167,-1.001986910590398
2014-06-19,-0.003138003896710595,-1.0031380038967106
2014-06-20,-0.006819765154175483,-1.0068197651541755
2014-06-23,-0.014168836476370794,-1.0141688364763708
2014-06-24,-0.012530488156555553,-1.0125304881565556
2014-06-25,-0.013050470862159935,-1.01305047086216
2014-06-26,-0.007110831695073649,-1.0071108316950736
2014-06-27,-0.009788184757644869,-1.0097881847576449
2014-06-30,-0.0025445658205716093,-1.0025445658205716
2014-07-01,0.01628818867366788,-0.9837118113263321
2014-07-02,-0.0002142770518633874,-1.0002142770518634
2014-07-03,0.009810217459196857,-0.9901897825408031
2014-07-07,-0.003564858913650548,-1.0035648589136505
2014-07-08,-0.020753702990923495,-1.0207537029909235
2014-07-09,-0.009899791646607925,-1.009899791646608
2014-07-10,-0.018525452410613763,-1.0185254524106138
2014-07-11,-0.00737297560884298,-1.007372975608843
2014-07-14,-0.008415472518702227,-1.0084154725187022
2014-07-15,-0.009637822652084571,-1.0096378226520846
2014-07-16,-0.009455824516428013,-1.009455824516428
2014-07-17,-0.013911239221041649,-1.0139112392210416
2014-07-18,-0.0069431913335071815,-1.0069431913335072
2014-07-21,-0.0018628074368258751,-1.0018628074368259
2014-07-22,0.01841253427310119,-0.9815874657268988
2014-07-23,0.02230015916320527,-0.9776998408367947
2014-07-24,0.008757730440086764,-0.9912422695599132
2014-07-25,0.009417661701075608,-0.9905823382989244
2014-07-28,0.009149340348240442,-0.9908506596517596
2014-07-29,0.011175921413153045,-0.988824078586847
2014-07-30,0.0027001247482165702,-0.9972998752517834
2014-07-31,-0.03235724260323947,-1.0323572426032395
2014-08-01,-0.03655008177971064,-1.0365500817797106
2014-08-04,-0.04169305895814546,-1.0416930589581455
2014-08-05,-0.04095118113786045,-1.0409511811378604
2014-08-06,-0.05196514948910402,-1.051965149489104
2014-08-07,-0.04245108665953046,-1.0424510866595305
2014-08-08,-0.04942001784960137,-1.0494200178496014
2014-08-11,-0.045724161190695556,-1.0457241611906956
2014-08-12,-0.03921254163913379,-1.0392125416391338
2014-08-13,-0.02919719133958143,-1.0291971913395814
2014-08-14,-0.018187186380079545,-1.0181871863800795
2014-08-15,-0.017634669983818796,-1.0176346699838188
2014-08-18,-0.015282232058068557,-1.0152822320580686
2014-08-19,-0.0034427495180486822,-1.0034427495180487
2014-08-20,0.004649794094005677,-0.9953502059059943
2014-08-21,0.006127428499573595,-0.9938725715004264
2014-08-22,0.018172625403822917,-0.9818273745961771
2014-08-25,0.02930802120666165,-0.9706919787933384
2014-08-26,0.02578594821009672,-0.9742140517899033
2014-08-27,0.016897526343864988,-0.983102473656135
2014-08-28,0.01656470096452589,-0.9834352990354741
2014-08-29,0.0291497200363785,-0.9708502799636215
2014-09-01,0.0465756601316224,-0.9534243398683776
2014-09-02,0.060746687573703384,-0.9392533124262966
2014-09-03,0.055563976564995676,-0.9444360234350043
2014-09-04,0.08863236828680676,-0.9113676317131932
2014-09-05,0.08486356334979361,-0.9151364366502064
2014-09-08,0.09691969006214685,-0.9030803099378532
2014-09-09,0.09414678139487764,-0.9058532186051224
2014-09-10,0.09584786602733275,-0.9041521339726672
2014-09-11,0.09879830936802714,-0.9012016906319729
2014-09-12,0.08740157826532424,-0.9125984217346758
2014-09-15,0.08845280729572069,-0.9115471927042793
2014-09-16,0.07653812015425698,-0.923461879845743
2014-09-17,0.09098561377597159,-0.9090143862240284
2014-09-18,0.11212796683875881,-0.8878720331612412
2014-09-19,0.140611470500421,-0.859388529499579
2014-09-22,0.14158128420009153,-0.8584187157999085
2014-09-23,0.11775299931626615,-0.8822470006837339
2014-09-24,0.13303794556159731,-0.8669620544384027
2014-09-25,0.13139942912611124,-0.8686005708738888
2014-09-26,0.14859203062085447,-0.8514079693791455
2014-09-29,0.13353730753739967,-0.8664626924626003
2014-09-30,0.1623490065890284,-0.8376509934109716
2014-10-01,0.15537597412237703,-0.844624025877623
2014-10-02,0.13417342321788372,-0.8658265767821163
2014-10-03,0.18471692706351683,-0.8152830729364832
2014-10-06,0.14941040866323785,-0.8505895913367622
2014-10-07,0.1292602306310875,-0.8707397693689125
2014-10-08,0.13553566473724643,-0.8644643352627536
2014-10-09,0.14394431364723903,-0.856055686352761
2014-10-10,0.15975259595492208,-0.8402474040450779
2014-10-13,0.14978853582965967,-0.8502114641703403
2014-10-14,0.15479799574521325,-0.8452020042547868
2014-10-15,0.1862050233519621,-0.8137949766480379
2014-10-16,0.17611177056077587,-0.8238882294392241
2014-10-17,0.14855421688466097,-0.851445783115339
2014-10-20,0.14102163500561848,-0.8589783649943815
2014-10-21,0.10302789104338217,-0.8969721089566178
2014-10-22,0.11849320451527212,-0.8815067954847279
2014-10-23,0.10130900166413626,-0.8986909983358637
2014-10-24,0.09387972392369148,-0.9061202760763085
2014-10-27,0.10500213953781057,-0.8949978604621894
2014-10-28,0.08259687864850773,-0.9174031213514923
2014-10-29,0.07142892341020601,-0.928571076589794
2014-10-30,0.09359584332255821,-0.9064041566774418
2014-10-31,0.10707298817141331,-0.8929270118285867
2014-11-03,0.12298319653109946,-0.8770168034689005
2014-11-04,0.13150357720755557,-0.8684964227924444
2014-11-05,0.14944705919866086,-0.8505529408013391
2014-11-06,0.1674947584588884,-0.8325052415411116
2014-11-07,0.15625477143291955,-0.8437452285670805
2014-11-10,0.16345635491838417,-0.8365436450816158
2014-11-11,0.15102362207138842,-0.8489763779286116
2014-11-12,0.15866239179195318,-0.8413376082080468
2014-11-13,0.17339448132254254,-0.8266055186774575
2014-11-14,0.15828130095721393,-0.8417186990427861
2014-11-17,0.16574466032771729,-0.8342553396722827
2014-11-18,0.16128311041929266,-0.8387168895807073
2014-11-19,0.14944849840603358,-0.8505515015939664
2014-11-20,0.14384121906830727,-0.8561587809316927
2014-11-21,0.14706769520439533,-0.8529323047956047
2014-11-24,0.15357747466674188,-0.8464225253332581
2014-11-25,0.16177067913906384,-0.8382293208609362
2014-11-26,0.16228668912951094,-0.8377133108704891
2014-11-27,0.16930854539003815,-0.8306914546099619
2014-11-28,0.2277166613475946,-0.7722833386524054
2014-12-01,0.19064881459293337,-0.8093511854070666
2014-12-02,0.21790486684193744,-0.7820951331580626
2014-12-03,0.22456945066993506,-0.7754305493300649
2014-12-04,0.21635376220035452,-0.7836462377996455
2014-12-05,0.23752458828770295,-0.762475411712297
2014-12-08,0.23296013340523514,-0.7670398665947649
2014-12-09,0.20457092294728751,-0.7954290770527125
2014-12-10,0.19185645639964533,-0.8081435436003547
2014-12-11,0.20792336953607526,-0.7920766304639247
2014-12-12,0.19378220778114086,-0.8062177922188591
2014-12-15,0.19244222090067808,-0.8075577790993219
2014-12-16,0.19336682676663253,-0.8066331732333675
2014-12-17,0.21367022922507595,-0.786329770774924
2014-12-18,0.21383309646606286,-0.7861669035339371
2014-12-19,0.20840261384979453,-0.7915973861502055
2014-12-22,0.2240093406634004,-0.7759906593365996
2014-12-23,0.22275516068713253,-0.7772448393128675
2014-12-24,0.22769070181141138,-0.7723092981885886
2014-12-26,0.22820699201063743,-0.7717930079893626
2014-12-29,0.2423823932388428,-0.7576176067611572
2014-12-30,0.22320447993249393,-0.7767955200675061
2014-12-31,0.22766234910173178,-0.7723376508982682
2015-01-02,0.24888579237891462,-0.7511142076210854
2015-01-05,0.24839458037256235,-0.7516054196274377
2015-01-06,0.2403504547538503,-0.7596495452461497
2015-01-07,0.24832172182004075,-0.7516782781799592
2015-01-08,0.2549160064671607,-0.7450839935328393
2015-01-09,0.24232805232298216,-0.7576719476770178
2015-01-12,0.2540419320017143,-0.7459580679982857
2015-01-13,0.25946914415370725,-0.7405308558462927
2015-01-14,0.26230145248367387,-0.7376985475163261
2015-01-15,0.22236744787314422,-0.7776325521268558
2015-01-16,0.21888107848526006,-0.7811189215147399
2015-01-19,0.21823229421228296,-0.781767705787717
2015-01-20,0.23979376685010334,-0.7602062331498967
2015-01-21,0.23659632197685054,-0.7634036780231495
2015-01-22,0.2678311974316372,-0.7321688025683628
2015-01-23,0.2891619849830074,-0.7108380150169926
2015-01-26,0.2909668570060199,-0.7090331429939801
2015-01-27,0.26746221337040976,-0.7325377866295902
2015-01-28,0.2686554505245987,-0.7313445494754013
2015-01-29,0.28517307763684163,-0.7148269223631584
2015-01-30,0.2739385817308091,-0.7260614182691909
2015-02-02,0.2879590554884979,-0.7120409445115021
2015-02-03,0.2536789861602484,-0.7463210138397516
2015-02-04,0.2722612655964688,-0.7277387344035312
2015-02-05,0.2605789740521278,-0.7394210259478722
2015-02-06,0.24613665629923676,-0.7538633437007632
2015-02-09,0.2288442986909235,-0.7711557013090765
2015-02-10,0.25968204160501396,-0.740317958394986
2015-02-11,0.26800842784729306,-0.7319915721527069
2015-02-12,0.2585459002084479,-0.7414540997915521
2015-02-13,0.24501616109341617,-0.7549838389065838
2015-02-16,0.23493866989651335,-0.7650613301034866
2015-02-17,0.23464916079676823,-0.7653508392032318
2015-02-18,0.2472709765709904,-0.7527290234290096
2015-02-19,0.25196110064027355,-0.7480388993597265
2015-02-20,0.263047244429056,-0.736952755570944
2015-02-23,0.2853444324818084,-0.7146555675181916
2015-02-24,0.2939971554116295,-0.7060028445883705
2015-02-25,0.2881410567607048,-0.7118589432392952
2015-02-26,0.296959587174934,-0.703040412825066
2015-02-27,0.28513370238080193,-0.7148662976191981
2015-03-02,0.28661567385604525,-0.7133843261439548
2015-03-03,0.28472799543533855,-0.7152720045646614
2015-03-04,0.28042390358899894,-0.7195760964110011
2015-03-05,0.2997843516940232,-0.7002156483059768
2015-03-06,0.307673385376968,-0.692326614623032
2015-03-09,0.3056865734624964,-0.6943134265375036
2015-03-10,0.29676445818688146,-0.7032355418131185
2015-03-11,0.3090385423341536,-0.6909614576658464
2015-03-12,0.320780605042453,-0.679219394957547
2015-03-13,0.3404481148866789,-0.6595518851133211
2015-03-16,0.345864362527306,-0.654135637472694
2015-03-17,0.352664432959783,-0.647335567040217
2015-03-18,0.33943961232099795,-0.660560387679002
2015-03-19,0.34769900037168266,-0.6523009996283173
2015-03-20,0.322128177926467,-0.677871822073533
2015-03-23,0.3013420810760675,-0.6986579189239325
2015-03-24,0.3006095952961513,-0.6993904047038487
2015-03-25,0.26928096155029535,-0.7307190384497046
2015-03-26,0.2533569924673701,-0.7466430075326299
2015-03-27,0.2796344906716368,-0.7203655093283632
2015-03-30,0.30893534352249374,-0.6910646564775063
2015-03-31,0.3053904209596695,-0.6946095790403305
2015-04-01,0.29193450026929946,-0.7080654997307005
2015-04-02,0.2814125775504489,-0.7185874224495511
2015-04-03,0.266739859160257,-0.733260140839743
2015-04-06,0.25708546632513496,-0.742914533674865
2015-04-07,0.2714109177050994,-0.7285890822949006
2015-04-08,0.28502955213191494,-0.7149704478680851
2015-04-09,0.3060856886489981,-0.6939143113510019
2015-04-10,0.3110111107413689,-0.6889888892586311
2015-04-13,0.3173784507229974,-0.6826215492770026
2015-04-14,0.3085506327006373,-0.6914493672993627
2015-04-15,0.3043656376152759,-0.6956343623847241
2015-04-16,0.28721647310691745,-0.7127835268930826
2015-04-17,0.264434999044896,-0.735565000955104
2015-04-20,0.28511397904389757,-0.7148860209561024
2015-04-21,0.2893964808138886,-0.7106035191861114
2015-04-22,0.2877412880887533,-0.7122587119112467
2015-04-23,0.28697374067014225,-0.7130262593298577
2015-04-24,0.2940206731982581,-0.7059793268017419
2015-04-27,0.28981628981104923,-0.7101837101889508
2015-04-28,0.27526954711906426,-0.7247304528809357
2015-04-29,0.24492906664158554,-0.7550709333584145
2015-04-30,0.2284322485935043,-0.7715677514064957
2015-05-01,0.23941907212816893,-0.7605809278718311
2015-05-04,0.24216944319735645,-0.7578305568026436
2015-05-05,0.22275748469652934,-0.7772425153034707
2015-05-06,0.20837347293619157,-0.7916265270638084
2015-05-07,0.20671748303532755,-0.7932825169646724
2015-05-08,0.22091304052867722,-0.7790869594713228
2015-05-11,0.2262690659003992,-0.7737309340996008
2015-05-12,0.226014622584641,-0.773985377415359
2015-05-13,0.23019962138700034,-0.7698003786129997
2015-05-14,0.22364260980707074,-0.7763573901929293
2015-05-15,0.2191914693436421,-0.7808085306563579
2015-05-18,0.20861177234707862,-0.7913882276529214
2015-05-19,0.19613754955931118,-0.8038624504406888
2015-05-20,0.2005153941027651,-0.7994846058972349
2015-05-21,0.20847707959533346,-0.7915229204046665
2015-05-22,0.19999974451499358,-0.8000002554850064
2015-05-25,0.20008344051681215,-0.7999165594831879
2015-05-26,0.18362582923404036,-0.8163741707659596
2015-05-27,0.20107279749642992,-0.7989272025035701
2015-05-28,0.19588050418770253,-0.8041194958122975
2015-05-29,0.17931590943964149,-0.8206840905603585
2015-06-01,0.17987683946700017,-0.8201231605329998
2015-06-02,0.1644875636850599,-0.8355124363149401
2015-06-03,0.1764249194268872,-0.8235750805731128
2015-06-04,0.1515005852162088,-0.8484994147837912
2015-06-05,0.15549075222560194,-0.8445092477743981
2015-06-08,0.1298591777528607,-0.8701408222471393
2015-06-09,0.1286032357470447,-0.8713967642529553
2015-06-10,0.14503765943660585,-0.8549623405633942
2015-06-11,0.14131756710676135,-0.8586824328932386
2015-06-12,0.1350712882048175,-0.8649287117951825
2015-06-15,0.1283064972755914,-0.8716935027244086
2015-06-16,0.13293311229961025,-0.8670668877003898
2015-06-17,0.1339032370176383,-0.8660967629823617
2015-06-18,0.13863243602848163,-0.8613675639715184
2015-06-19,0.13483318263880917,-0.8651668173611908
2015-06-22,0.14654998809089748,-0.8534500119091025
2015-06-23,0.14056219996985697,-0.859437800030143
2015-06-24,0.1156620129008209,-0.8843379870991791
2015-06-25,0.10813801185042571,-0.8918619881495743
2015-06-26,0.11544856233228562,-0.8845514376677144
2015-06-29,0.07695283007219811,-0.9230471699278019
2015-06-30,0.06341220651202284,-0.9365877934879772
2015-07-01,0.06061722272228243,-0.9393827772777176
2015-07-02,0.05888277931722419,-0.9411172206827758
2015-07-03,0.05593306488235317,-0.9440669351176468
2015-07-06,0.06067003158797335,-0.9393299684120267
2015-07-07,0.07237934430753457,-0.9276206556924654
2015-07-08,0.05939853707975051,-0.9406014629202495
2015-07-09,0.055405279558555454,-0.9445947204414445
2015-07-10,0.03111842436956902,-0.968881575630431
2015-07-13,0.021816237872618216,-0.9781837621273818
2015-07-14,0.01190581793778589,-0.9880941820622141
2015-07-15,0.029776705898268085,-0.9702232941017319
2015-07-16,0.03823574913049932,-0.9617642508695007
2015-07-17,0.04549778554575068,-0.9545022144542493
2015-07-20,0.05611169551312001,-0.94388830448688
2015-07-21,0.04048872293362893,-0.9595112770663711
2015-07-22,0.04582647968929321,-0.9541735203107068
2015-07-23,0.042551736272798735,-0.9574482637272013
2015-07-24,0.04280172265658455,-0.9571982773434154
2015-07-27,0.03589873111617736,-0.9641012688838226
2015-07-28,0.025423508064688183,-0.9745764919353118
2015-07-29,0.030999740206167248,-0.9690002597938328
2015-07-30,0.038755571035186454,-0.9612444289648135
2015-07-31,0.04173284190740967,-0.9582671580925903
2015-08-03,0.053483285024916505,-0.9465167149750835
2015-08-04,0.05088341189270551,-0.9491165881072945
2015-08-05,0.05713800459727203,-0.942861995402728
2015-08-06,0.04826403675428237,-0.9517359632457176
2015-08-07,0.042137793203522955,-0.957862206796477
2015-08-10,0.017154707687843884,-0.9828452923121561
2015-08-11,0.04014579816065145,-0.9598542018393486
2015-08-12,0.020623624495052395,-0.9793763755049476
2015-08-13,0.024112094810416873,-0.9758879051895831
2015-08-14,0.021241058957043757,-0.9787589410429562
2015-08-17,0.02916494277855297,-0.970835057221447
2015-08-18,0.032950538721360556,-0.9670494612786394
2015-08-19,0.03720070687681931,-0.9627992931231807
2015-08-20,0.02029580985824464,-0.9797041901417554
2015-08-21,0.052195497019957515,-0.9478045029800425
2015-08-24,0.12549635391454683,-0.8745036460854532
2015-08-25,0.09837230492205251,-0.9016276950779475
2015-08-26,0.08891525810853551,-0.9110847418914645
2015-08-27,0.023662521698103678,-0.9763374783018963
2015-08-28,0.00034786386842677874,-0.9996521361315732
2015-08-31,0.002855851737779691,-0.9971441482622203
2015-09-01,0.04932754822177443,-0.9506724517782256
2015-09-02,0.041916984049197414,-0.9580830159508026
2015-09-03,0.03322741454823119,-0.9667725854517688
2015-09-04,0.06419277326193751,-0.9358072267380625
2015-09-07,0.05105359399283693,-0.9489464060071631
2015-09-08,0.01314695910519581,-0.9868530408948042
2015-09-09,0.021688113850438895,-0.9783118861495611
2015-09-10,0.012802818618888434,-0.9871971813811116
2015-09-11,0.018887745139548384,-0.9811122548604516
2015-09-14,0.021833119925401934,-0.9781668800745981
2015-09-15,0.008866869541386713,-0.9911331304586133
2015-09-16,-0.010209756946782944,-1.010209756946783
2015-09-17,-0.0001974656150007803,-1.0001974656150008
2015-09-18,0.026967750677554414,-0.9730322493224456
2015-09-21,0.01144338848985671,-0.9885566115101433
2015-09-22,0.05109385262836241,-0.9489061473716376
2015-09-23,0.06339066929963522,-0.9366093307003648
2015-09-24,0.061725590088035354,-0.9382744099119646
2015-09-25,0.04444065704732181,-0.9555593429526782
2015-09-28,0.08673962005625124,-0.9132603799437488
2015-09-29,0.09266684094301714,-0.9073331590569829
2015-09-30,0.06653640578196474,-0.9334635942180353
2015-10-01,0.07002596070246259,-0.9299740392975374
2015-10-02,0.051021361379429364,-0.9489786386205706
2015-10-05,0.01561675689988784,-0.9843832431001122
2015-10-06,-0.0012907673313762302,-1.0012907673313762
2015-10-07,-0.01479134985627284,-1.0147913498562728
2015-10-08,-0.03946581779879077,-1.0394658177987908
2015-10-09,-0.05233737689706719,-1.0523373768970672
2015-10-12,-0.054495334844071985,-1.054495334844072
2015-10-13,-0.05440925655485129,-1.0544092565548513
2015-10-14,-0.05207572979898023,-1.0520757297989802
2015-10-15,-0.06555403115128944,-1.0655540311512894
2015-10-16,-0.07604708347944489,-1.0760470834794449
2015-10-19,-0.07569954777440047,-1.0756995477744005
2015-10-20,-0.0859532230612674,-1.0859532230612674
2015-10-21,-0.08409731693554146,-1.0840973169355415
2015-10-22,-0.08580713831792663,-1.0858071383179266
2015-10-23,-0.09024037628676385,-1.0902403762867638
2015-10-26,-0.09184698641170352,-1.0918469864117035
2015-10-27,-0.08492062192920624,-1.0849206219292062
2015-10-28,-0.08203210139785666,-1.0820321013978567
2015-10-29,-0.10355259691063168,-1.1035525969106317
2015-10-30,-0.11519160570943288,-1.1151916057094329
2015-11-02,-0.1091705257989255,-1.1091705257989255
2015-11-03,-0.11482340891286813,-1.1148234089128681
2015-11-04,-0.1176975582798574,-1.1176975582798574
2015-11-05,-0.11080451723950824,-1.1108045172395082
2015-11-06,-0.09702549964382534,-1.0970254996438253
2015-11-09,-0.09509502080201027,-1.0950950208020103
2015-11-10,-0.07274846760391296,-1.072748467603913
2015-11-11,-0.07734259262187826,-1.0773425926218783
2015-11-12,-0.09119652628337782,-1.0911965262833778
2015-11-13,-0.08649874312664685,-1.0864987431266468
2015-11-16,-0.06745762567833902,-1.067457625678339
2015-11-17,-0.06678167705909432,-1.0667816770590943
2015-11-18,-0.059888121670991,-1.059888121670991
2015-11-19,-0.07521847103912038,-1.0752184710391204
2015-11-20,-0.07187439908360771,-1.0718743990836077
2015-11-23,-0.07244270047015466,-1.0724427004701547
2015-11-24,-0.08710898154341451,-1.0871089815434145
2015-11-25,-0.08494678734584804,-1.084946787345848
2015-11-27,-0.06463987255935155,-1.0646398725593516
2015-11-30,-0.06488111048940248,-1.0648811104894025
2015-12-01,-0.06768674942581088,-1.0676867494258109
2015-12-02,-0.05194590802798693,-1.051945908027987
2015-12-03,-0.12142799719038777,-1.1214279971903878
2015-12-04,-0.11697929300227772,-1.1169792930022777
2015-12-07,-0.0918550789226611,-1.091855078922661
2015-12-08,-0.09485413964181233,-1.0948541396418123
2015-12-09,-0.10977486749692611,-1.109774867496926
2015-12-10,-0.10809680201066119,-1.1080968020106612
2015-12-11,-0.10370430904397421,-1.1037043090439742
2015-12-14,-0.095078215496464,-1.095078215496464
2015-12-15,-0.1084856833149006,-1.1084856833149006
2015-12-16,-0.11096067796553477,-1.1109606779655348
2015-12-17,-0.0960979230967447,-1.0960979230967447
2015-12-18,-0.10589232417516081,-1.1058923241751608
2015-12-21,-0.1121662982758389,-1.112166298275839
2015-12-22,-0.11081691807911631,-1.1108169180791163
2015-12-23,-0.12979409934283903,-1.129794099342839
2015-12-24,-0.13516767740364566,-1.1351676774036457
2015-12-28,-0.13625578100849767,-1.1362557810084977
2015-12-29,-0.15915631469498592,-1.159156314694986
2015-12-30,-0.14633024159942298,-1.146330241599423
2015-12-31,-0.15486279417761573,-1.1548627941776157
2016-01-04,-0.13588694818377856,-1.1358869481837786
2016-01-05,-0.13610693649428018,-1.1361069364942802
2016-01-06,-0.1156854408271415,-1.1156854408271415
2016-01-07,-0.10115906986858669,-1.1011590698685867
2016-01-08,-0.0977654910342729,-1.097765491034273
2016-01-11,-0.07581817918193146,-1.0758181791819315
2016-01-12,-0.07731746736834455,-1.0773174673683446
2016-01-13,-0.05806833760269736,-1.0580683376026974
2016-01-14,-0.06591212316421635,-1.0659121231642164
2016-01-15,-0.01636014165699562,-1.0163601416569956
2016-01-18,-0.013629699313750132,-1.0136296993137501
2016-01-19,-0.0237495011048221,-1.023749501104822
2016-01-20,0.016626019798769986,-0.98337398020123
2016-01-21,-0.007214009763027107,-1.007214009763027
2016-01-22,-0.056462232757173325,-1.0564622327571733
2016-01-25,-0.034437329675068185,-1.0344373296750682
2016-01-26,-0.0626031262720752,-1.0626031262720752
2016-01-27,-0.058261594910342884,-1.0582615949103429
2016-01-28,-0.062126548707960305,-1.0621265487079603
2016-01-29,-0.08535394087016335,-1.0853539408701633
2016-02-01,-0.08633507911412996,-1.08633507911413
2016-02-02,-0.05129619458447121,-1.0512961945844712
2016-02-03,-0.08262498898420634,-1.0826249889842063
2016-02-04,-0.08075265500127227,-1.0807526550012723
2016-02-05,-0.055600259714470246,-1.0556002597144702
2016-02-08,-0.017474885655123673,-1.0174748856551237
2016-02-09,-0.0005537728248239393,-1.000553772824824
2016-02-10,-0.003132155976585116,-1.0031321559765851
2016-02-11,0.04027279262375516,-0.9597272073762448
2016-02-12,-0.004913973119765158,-1.0049139731197652
2016-02-15,-0.043147176562486456,-1.0431471765624865
2016-02-16,-0.06916335725640854,-1.0691633572564085
2016-02-17,-0.10600109391519119,-1.1060010939151912
2016-02-18,-0.09105763585661109,-1.091057635856611
2016-02-19,-0.08393749258066974,-1.0839374925806697
2016-02-22,-0.10255125449445379,-1.1025512544944538
2016-02-23,-0.08412740463237967,-1.0841274046323797
2016-02-24,-0.07755278198171234,-1.0775527819817123
2016-02-25,-0.08467832766508865,-1.0846783276650886
2016-02-26,-0.10016589804060394,-1.100165898040604
2016-02-29,-0.0994394061659345,-1.0994394061659345
2016-03-01,-0.12068693791975682,-1.1206869379197568
2016-03-02,-0.12796882527812237,-1.1279688252781224
2016-03-03,-0.13038376800474683,-1.1303837680047468
2016-03-04,-0.13498987824535957,-1.1349898782453596
2016-03-07,-0.1428785758662765,-1.1428785758662765
2016-03-08,-0.14381394654180113,-1.1438139465418011
2016-03-09,-0.14860627693612005,-1.14860627693612
2016-03-10,-0.16207802130600824,-1.1620780213060082
2016-03-11,-0.16088165285506273,-1.1608816528550627
2016-03-14,-0.17434157930071725,-1.1743415793007173
2016-03-15,-0.177563709055367,-1.177563709055367
2016-03-16,-0.16406834636773837,-1.1640683463677384
2016-03-17,-0.13276912552465903,-1.132769125524659
2016-03-18,-0.13986670588902195,-1.139866705889022
2016-03-21,-0.14399522715004953,-1.1439952271500495
2016-03-22,-0.14242441871862677,-1.1424244187186268
2016-03-23,-0.16464503476802617,-1.1646450347680262
2016-03-24,-0.1776695573782281,-1.177669557378228
2016-03-25,-0.18006487830460238,-1.1800648783046024
2016-03-28,-0.17572914434860043,-1.1757291443486004
2016-03-29,-0.154568242637932,-1.154568242637932
2016-03-30,-0.1474833789233725,-1.1474833789233725
2016-03-31,-0.13965540774049812,-1.1396554077404981
2016-04-01,-0.1410392215377283,-1.1410392215377283
2016-04-04,-0.1570971092792688,-1.1570971092792688
2016-04-05,-0.15660491462202542,-1.1566049146220254
2016-04-06,-0.14897868156839578,-1.1489786815683958
2016-04-07,-0.1511670188170504,-1.1511670188170504
2016-04-08,-0.1657836587310988,-1.1657836587310988
2016-04-11,-0.15559760244504361,-1.1555976024450436
2016-04-12,-0.16605964653058236,-1.1660596465305824
2016-04-13,-0.177952229902828,-1.177952229902828
2016-04-14,-0.19541965578046727,-1.1954196557804673
2016-04-15,-0.19475798011873469,-1.1947579801187347
2016-04-18,-0.1928906682978877,-1.1928906682978877
2016-04-19,-0.18991211160960297,-1.189912111609603
2016-04-20,-0.20832849869315462,-1.2083284986931546
2016-04-21,-0.22930223986248954,-1.2293022398624895
2016-04-22,-0.2404978220595908,-1.2404978220595908
2016-04-25,-0.2487648501184867,-1.2487648501184867
2016-04-26,-0.24439809305726623,-1.2443980930572662
2016-04-27,-0.23612389172230785,-1.2361238917223079
2016-04-28,-0.22331394621941025,-1.2233139462194103
2016-04-29,-0.22541938718081211,-1.2254193871808121
2016-05-02,-0.22375071421794201,-1.223750714217942
2016-05-03,-0.24642091281439882,-1.2464209128143988
2016-05-04,-0.26611666466510897,-1.266116664665109
2016-05-05,-0.27415949810456297,-1.274159498104563
2016-05-06,-0.27781792624591684,-1.2778179262459168
2016-05-09,-0.29190569774609765,-1.2919056977460976
2016-05-10,-0.2844893940150224,-1.2844893940150224
2016-05-11,-0.2717194485058503,-1.2717194485058503
2016-05-12,-0.2785224102890085,-1.2785224102890085
2016-05-13,-0.2860890375971945,-1.2860890375971945
2016-05-16,-0.2796151026843856,-1.2796151026843856
2016-05-17,-0.2838613020447991,-1.283861302044799
2016-05-18,-0.3061432539873048,-1.3061432539873048
2016-05-19,-0.3201100646654118,-1.3201100646654118
2016-05-20,-0.3228662662700579,-1.3228662662700579
2016-05-23,-0.3282118597673773,-1.3282118597673773
2016-05-24,-0.32898766074351826,-1.3289876607435183
2016-05-25,-0.32802658377336824,-1.3280265837733682
2016-05-26,-0.3313980781996997,-1.3313980781996997
2016-05-27,-0.33693678083965306,-1.336936780839653
2016-05-30,-0.3429759869885063,-1.3429759869885063
2016-05-31,-0.34806684537628985,-1.3480668453762898
2016-06-01,-0.35519865817720175,-1.3551986581772018
2016-06-02,-0.3448415596498531,-1.344841559649853
2016-06-03,-0.3571015493622389,-1.357101549362239
2016-06-06,-0.34845230675568195,-1.348452306755682
2016-06-07,-0.3410993661488746,-1.3410993661488746
2016-06-08,-0.3398380932698317,-1.3398380932698317
2016-06-09,-0.34542042216383817,-1.3454204221638382
2016-06-10,-0.36818251224392684,-1.3681825122439268
2016-06-13,-0.37155409655178695,-1.371554096551787
2016-06-14,-0.38038854836260305,-1.380388548362603
2016-06-15,-0.383223704080794,-1.383223704080794
2016-06-16,-0.38167118688393664,-1.3816711868839366
2016-06-17,-0.3851106764063854,-1.3851106764063854
2016-06-20,-0.3939954994695525,-1.3939954994695525
2016-06-21,-0.4152437384462877,-1.4152437384462877
2016-06-22,-0.42608651511901585,-1.4260865151190159
2016-06-23,-0.42081073668478397,-1.420810736684784
2016-06-24,-0.4563524452390413,-1.4563524452390413
2016-06-27,-0.4682798680597986,-1.4682798680597986
2016-06-28,-0.46312872571482,-1.46312872571482
2016-06-29,-0.45713492490595686,-1.4571349249059569
2016-06-30,-0.46326630390138424,-1.4632663039013842
2016-07-01,-0.43416300572782585,-1.4341630057278258
2016-07-04,-0.4352397560545116,-1.4352397560545116
2016-07-05,-0.4277393051205034,-1.4277393051205034
2016-07-06,-0.4250880082948507,-1.4250880082948507
2016-07-07,-0.4310300739717994,-1.4310300739717994
2016-07-08,-0.422859676825037,-1.422859676825037
2016-07-11,-0.4265218558162438,-1.4265218558162438
2016-07-12,-0.44362409965237415,-1.4436240996523741
2016-07-13,-0.43893340879246434,-1.4389334087924643
2016-07-14,-0.4363111940344435,-1.4363111940344435
2016-07-15,-0.4412034026562959,-1.4412034026562959
2016-07-18,-0.44536362340502933,-1.4453636234050293
2016-07-19,-0.43538277406395043,-1.4353827740639504
2016-07-20,-0.43369381631766335,-1.4336938163176633
2016-07-21,-0.4244043623405662,-1.4244043623405662
2016-07-22,-0.4235606012604691,-1.4235606012604691
2016-07-25,-0.4232487942808265,-1.4232487942808265
2016-07-26,-0.4069399422079598,-1.4069399422079598
2016-07-27,-0.3904822594595856,-1.3904822594595856
2016-07-28,-0.3864575633014675,-1.3864575633014675
2016-07-29,-0.38979121401432604,-1.389791214014326
2016-08-01,-0.3920195263489019,-1.392019526348902
2016-08-02,-0.4054518987874631,-1.4054518987874631
2016-08-03,-0.4120084501078536,-1.4120084501078536
2016-08-04,-0.3923138532217312,-1.3923138532217312
2016-08-05,-0.39723071966467827,-1.3972307196646783
2016-08-08,-0.4096320666178661,-1.409632066617866
2016-08-09,-0.39882955831814537,-1.3988295583181454
2016-08-10,-0.39411720327916133,-1.3941172032791613
2016-08-11,-0.40847705068453455,-1.4084770506845345
2016-08-12,-0.4203362646363562,-1.4203362646363562
2016-08-15,-0.4330911767641692,-1.4330911767641692
2016-08-16,-0.4448991947739305,-1.4448991947739305
2016-08-17,-0.45299220260506545,-1.4529922026050655
2016-08-18,-0.4389734228022728,-1.4389734228022728
2016-08-19,-0.4572803196462776,-1.4572803196462776
2016-08-22,-0.4626443852412718,-1.4626443852412718
2016-08-23,-0.44677910705917556,-1.4467791070591756
2016-08-24,-0.46602091834013115,-1.4660209183401312
2016-08-25,-0.4693097374836013,-1.4693097374836013
2016-08-26,-0.48091645379442727,-1.4809164537944273
2016-08-29,-0.46076718230209956,-1.4607671823020996
2016-08-30,-0.47076899654098425,-1.4707689965409843
2016-08-31,-0.48207709131291687,-1.4820770913129169
2016-09-01,-0.4872016292374537,-1.4872016292374537
2016-09-02,-0.4742484287421096,-1.4742484287421096
2016-09-05,-0.48438042246822066,-1.4843804224682207
2016-09-06,-0.4672969399424758,-1.4672969399424758
2016-09-07,-0.4738116434061539,-1.473811643406154
2016-09-08,-0.4894979365105514,-1.4894979365105514
2016-09-09,-0.5388223012044662,-1.5388223012044662
2016-09-12,-0.5389522013122958,-1.5389522013122958
2016-09-13,-0.5504716595532795,-1.5504716595532795
2016-09-14,-0.5587645046599516,-1.5587645046599516
2016-09-15,-0.5500960159686308,-1.5500960159686308
2016-09-16,-0.5471393675013312,-1.5471393675013312
2016-09-19,-0.5423561634034475,-1.5423561634034475
2016-09-20,-0.5402000807182343,-1.5402000807182343
2016-09-21,-0.5421087302195335,-1.5421087302195335
2016-09-22,-0.5432158311678001,-1.5432158311678001
2016-09-23,-0.5468461261950401,-1.5468461261950401
2016-09-26,-0.5457232397029128,-1.5457232397029128
2016-09-27,-0.5411931263017418,-1.5411931263017418
2016-09-28,-0.5444534602506435,-1.5444534602506435
2016-09-29,-0.5506866427969088,-1.5506866427969088
2016-09-30,-0.5465959784443779,-1.546595978444378
2016-10-03,-0.5617524646078063,-1.5617524646078063
2016-10-04,-0.5708833059441871,-1.5708833059441871
2016-10-05,-0.5739815756948881,-1.573981575694888
2016-10-06,-0.574098724137361,-1.574098724137361
2016-10-07,-0.5779552735689257,-1.5779552735689257
2016-10-10,-0.5642979728602047,-1.5642979728602047
2016-10-11,-0.5826987486600848,-1.5826987486600848
2016-10-12,-0.5814359525494615,-1.5814359525494615
2016-10-13,-0.6024876283454592,-1.6024876283454592
2016-10-14,-0.5977547202125024,-1.5977547202125024
2016-10-17,-0.6068402052597528,-1.6068402052597528
2016-10-18,-0.609227878501444,-1.609227878501444
2016-10-19,-0.6028681322801355,-1.6028681322801355
2016-10-20,-0.6058208556288172,-1.6058208556288172
2016-10-21,-0.6024380301510275,-1.6024380301510275
2016-10-24,-0.5986025093656389,-1.5986025093656389
2016-10-25,-0.6122789266801787,-1.6122789266801787
2016-10-26,-0.6233347099817319,-1.623334709981732
2016-10-27,-0.6164501923114016,-1.6164501923114016
2016-10-28,-0.6314022000002117,-1.6314022000002117
2016-10-31,-0.646546815912983,-1.646546815912983
2016-11-01,-0.6717579374022657,-1.6717579374022657
2016-11-02,-0.680620687328668,-1.680620687328668
2016-11-03,-0.6798499356854741,-1.6798499356854741
2016-11-04,-0.6822651593599871,-1.682265159359987
2016-11-07,-0.6851609850349678,-1.6851609850349678
2016-11-08,-0.6863061772576973,-1.6863061772576973
2016-11-09,-0.6733244491692716,-1.6733244491692716
2016-11-10,-0.6667265566994769,-1.666726556699477
2016-11-11,-0.6606209824446276,-1.6606209824446276
2016-11-14,-0.6351597293699263,-1.6351597293699263
2016-11-15,-0.6361834669370305,-1.6361834669370305
2016-11-16,-0.6497379642391814,-1.6497379642391814
2016-11-17,-0.6290475863514242,-1.6290475863514242
2016-11-18,-0.627729500068533,-1.627729500068533
2016-11-21,-0.6373508017420564,-1.6373508017420564
2016-11-22,-0.6322034319747256,-1.6322034319747256
2016-11-23,-0.6112359297934806,-1.6112359297934806
2016-11-24,-0.6145034609391244,-1.6145034609391244
2016-11-25,-0.6080890670146901,-1.6080890670146901
2016-11-28,-0.6327712583044225,-1.6327712583044225
2016-11-29,-0.6333780267230944,-1.6333780267230944
2016-11-30,-0.6117049185514354,-1.6117049185514354
2016-12-01,-0.6126728105450971,-1.6126728105450971
2016-12-02,-0.6372750326727494,-1.6372750326727494
2016-12-05,-0.6385067927379517,-1.6385067927379517
2016-12-06,-0.6244351168340838,-1.6244351168340838
2016-12-07,-0.6199949116363808,-1.6199949116363808
2016-12-08,-0.5900707820605959,-1.590070782060596
2016-12-09,-0.5634423702829781,-1.563442370282978
2016-12-12,-0.5786364910530168,-1.5786364910530168
2016-12-13,-0.5620550671356137,-1.5620550671356137
2016-12-14,-0.5658580391119921,-1.565858039111992
2016-12-15,-0.5302606155980527,-1.5302606155980527
2016-12-16,-0.529934204539859,-1.529934204539859
2016-12-19,-0.5312541366927654,-1.5312541366927654
2016-12-20,-0.5234557375756952,-1.5234557375756952
2016-12-21,-0.5311836118786182,-1.5311836118786182
2016-12-22,-0.5239609268609144,-1.5239609268609144
2016-12-23,-0.5226411642484954,-1.5226411642484954
2016-12-26,-0.5859704456212749,-1.5859704456212749
2016-12-27,-0.5808080515149587,-1.5808080515149587
2016-12-28,-0.5870115799540219,-1.5870115799540219
2016-12-29,-0.608406679487755,-1.608406679487755
2016-12-30,-0.6279411747607251,-1.627941174760725
2017-01-02,-0.5884309164760999,-1.5884309164761
2017-01-03,-0.5837023371026746,-1.5837023371026746
2017-01-04,-0.5876763107102383,-1.5876763107102383
2017-01-05,-0.6220616543494497,-1.6220616543494497
2017-01-06,-0.6031071665466661,-1.603107166546666
2017-01-09,-0.6196309918530134,-1.6196309918530134
2017-01-10,-0.6127249798956713,-1.6127249798956713
2017-01-11,-0.6080990142236053,-1.6080990142236053
2017-01-12,-0.6304158382255054,-1.6304158382255054
2017-01-13,-0.6186415458807561,-1.6186415458807561
2017-01-16,-0.6507376671442833,-1.6507376671442833
2017-01-17,-0.6742837021226391,-1.674283702122639
2017-01-18,-0.6654819428491681,-1.665481942849168
2017-01-19,-0.6670871922002772,-1.6670871922002772
2017-01-20,-0.6603054232879513,-1.6603054232879513
2017-01-23,-0.6773100721873377,-1.6773100721873377
2017-01-24,-0.6657674010939263,-1.6657674010939263
2017-01-25,-0.6524396492115878,-1.6524396492115878
2017-01-26,-0.6584235482095488,-1.6584235482095488
2017-01-27,-0.6699867649056244,-1.6699867649056244
2017-01-30,-0.7021882080841257,-1.7021882080841257
2017-01-31,-0.7039287825313603,-1.7039287825313603
2017-02-01,-0.6967696780451031,-1.6967696780451031
2017-02-02,-0.6972262342389492,-1.6972262342389492
2017-02-03,-0.6808516465467549,-1.680851646546755
2017-02-06,-0.6955324590984946,-1.6955324590984946
2017-02-07,-0.6975039010590156,-1.6975039010590156
2017-02-08,-0.7008235077966825,-1.7008235077966825
2017-02-09,-0.6792598917816508,-1.6792598917816508
2017-02-10,-0.6624355493439642,-1.6624355493439642
2017-02-13,-0.6490135692121426,-1.6490135692121426
2017-02-14,-0.6379594427810116,-1.6379594427810116
2017-02-15,-0.6240861955975041,-1.6240861955975041
2017-02-16,-0.6458926109642626,-1.6458926109642626
2017-02-17,-0.6460229592059528,-1.6460229592059528
2017-02-20,-0.6345674953242197,-1.6345674953242197
2017-02-21,-0.6223982176293503,-1.6223982176293503
2017-02-22,-0.6215498442434622,-1.6215498442434622
2017-02-23,-0.6261728207213682,-1.6261728207213682
2017-02-24,-0.6317230221817423,-1.6317230221817423
2017-02-27,-0.6233538559188574,-1.6233538559188574
2017-02-28,-0.6344625555919965,-1.6344625555919965
2017-03-01,-0.597551189373565,-1.597551189373565
2017-03-02,-0.6228028035186788,-1.6228028035186788
2017-03-03,-0.6320435249525478,-1.6320435249525478
2017-03-06,-0.6344365177140401,-1.63443651771404
2017-03-07,-0.6332396961574778,-1.6332396961574778
2017-03-08,-0.6449598854132848,-1.6449598854132848
2017-03-09,-0.648692117713513,-1.648692117713513
2017-03-10,-0.6486619080101219,-1.648661908010122
2017-03-13,-0.6486000011452242,-1.6486000011452242
2017-03-14,-0.6504341167166596,-1.6504341167166596
2017-03-15,-0.6548313380054256,-1.6548313380054256
2017-03-16,-0.658588246471558,-1.658588246471558
2017-03-17,-0.6658668015227225,-1.6658668015227225
2017-03-20,-0.670783485979364,-1.670783485979364
2017-03-21,-0.7004207670404643,-1.7004207670404643
2017-03-22,-0.6980939173845799,-1.69809391738458
2017-03-23,-0.6949323577378188,-1.6949323577378188
2017-03-24,-0.6899523029137349,-1.6899523029137349
2017-03-27,-0.7057392674088316,-1.7057392674088316
2017-03-28,-0.7017359481536414,-1.7017359481536414
2017-03-29,-0.7040399541667015,-1.7040399541667015
2017-03-30,-0.7042307414431737,-1.7042307414431737
2017-03-31,-0.7099395519877776,-1.7099395519877776
2017-04-03,-0.7218664436827631,-1.721866443682763
2017-04-04,-0.7229151378494176,-1.7229151378494176
2017-04-05,-0.7363648744135416,-1.7363648744135416
2017-04-06,-0.7238096291393017,-1.7238096291393017
2017-04-07,-0.724005652029682,-1.724005652029682
2017-04-10,-0.7290775858868426,-1.7290775858868426
2017-04-11,-0.7207410815657691,-1.720741081565769
2017-04-12,-0.7347784304801668,-1.7347784304801668
2017-04-13,-0.7415330857974503,-1.7415330857974503
2017-04-14,-0.7048547685262763,-1.7048547685262763
2017-04-17,-0.6917584174541611,-1.6917584174541611
2017-04-18,-0.7123965773429037,-1.7123965773429037
2017-04-19,-0.7201302741510625,-1.7201302741510625
2017-04-20,-0.6996409736168268,-1.6996409736168268
2017-04-21,-0.7053237990403665,-1.7053237990403665
2017-04-24,-0.6818663579990589,-1.681866357999059
2017-04-25,-0.6901684685307969,-1.690168468530797
2017-04-26,-0.6806992782863202,-1.6806992782863202
2017-04-27,-0.6694304910096087,-1.6694304910096087
2017-04-28,-0.6733742928889661,-1.673374292888966
2017-05-01,-0.6944438678118865,-1.6944438678118865
2017-05-02,-0.6791995986714399,-1.6791995986714399
2017-05-03,-0.6820419126006962,-1.6820419126006962
2017-05-04,-0.6621616983098955,-1.6621616983098955
2017-05-05,-0.6642333502562785,-1.6642333502562785
2017-05-08,-0.6800268917375478,-1.6800268917375478
2017-05-09,-0.6814493958466237,-1.6814493958466237
2017-05-10,-0.7018633274137358,-1.7018633274137358
2017-05-11,-0.7172925426312902,-1.7172925426312902
2017-05-12,-0.7182478184465915,-1.7182478184465915
2017-05-15,-0.7246347500854557,-1.7246347500854557
2017-05-16,-0.726637163258055,-1.726637163258055
2017-05-17,-0.7603677562736784,-1.7603677562736784
2017-05-18,-0.7576544645472483,-1.7576544645472483
2017-05-19,-0.7598542334048419,-1.759854233404842
2017-05-22,-0.7551752289526599,-1.7551752289526599
2017-05-23,-0.7553656673472926,-1.7553656673472926
2017-05-24,-0.7522139028390757,-1.7522139028390757
2017-05-25,-0.739790344396734,-1.739790344396734
2017-05-26,-0.7503370619262166,-1.7503370619262166
2017-05-29,-0.7512951608017848,-1.7512951608017848
2017-05-30,-0.7486524160628856,-1.7486524160628856
2017-05-31,-0.7295397559056196,-1.7295397559056196
2017-06-01,-0.7137697591132997,-1.7137697591132997
2017-06-02,-0.6943443887820582,-1.6943443887820582
2017-06-05,-0.7039973693383426,-1.7039973693383426
2017-06-06,-0.7085645313579556,-1.7085645313579556
2017-06-07,-0.7089325194246956,-1.7089325194246956
2017-06-08,-0.7184523838603252,-1.7184523838603252
2017-06-09,-0.7255210171757411,-1.7255210171757411
2017-06-12,-0.740224606168461,-1.740224606168461
2017-06-13,-0.7321870206478513,-1.7321870206478513
2017-06-14,-0.7310107170316082,-1.7310107170316082
2017-06-15,-0.7475921098661191,-1.7475921098661191
2017-06-16,-0.7326563088596536,-1.7326563088596536
2017-06-19,-0.7249291132487041,-1.7249291132487041
2017-06-20,-0.7280066766406292,-1.7280066766406292
2017-06-21,-0.7276125541971217,-1.7276125541971217
2017-06-22,-0.7261411762474033,-1.7261411762474033
2017-06-23,-0.7313515663871897,-1.7313515663871897
2017-06-26,-0.7311124789907653,-1.7311124789907653
2017-06-27,-0.7564550791649898,-1.7564550791649898
2017-06-28,-0.7357956368836722,-1.7357956368836722
2017-06-29,-0.7553502749107281,-1.7553502749107281
2017-06-30,-0.7646256900752599,-1.76462569007526
2017-07-03,-0.7587490918069419,-1.758749091806942
2017-07-04,-0.7694124921538381,-1.7694124921538381
2017-07-05,-0.7671426650598616,-1.7671426650598616
2017-07-06,-0.7894295779927634,-1.7894295779927634
2017-07-07,-0.7641505089760869,-1.764150508976087
2017-07-10,-0.7577595377426907,-1.7577595377426907
2017-07-11,-0.7550930815009329,-1.755093081500933
2017-07-12,-0.7589206535465238,-1.7589206535465238
2017-07-13,-0.7708798594292441,-1.770879859429244
2017-07-14,-0.7636259950926654,-1.7636259950926654
2017-07-17,-0.7624881659762512,-1.7624881659762512
2017-07-18,-0.7633361080347647,-1.7633361080347647
2017-07-19,-0.755698286999753,-1.755698286999753
2017-07-20,-0.7497081908607868,-1.7497081908607868
2017-07-21,-0.7572991835635872,-1.7572991835635872
2017-07-24,-0.7700574552185284,-1.7700574552185284
2017-07-25,-0.7637486529676296,-1.7637486529676296
2017-07-26,-0.7570673458064787,-1.7570673458064787
2017-07-27,-0.7704799782748384,-1.7704799782748384
2017-07-28,-0.7685746300931615,-1.7685746300931615
2017-07-31,-0.7675759011745582,-1.7675759011745582
2017-08-01,-0.7748203045845046,-1.7748203045845046
2017-08-02,-0.7668095490013114,-1.7668095490013114
2017-08-03,-0.7777795551844036,-1.7777795551844036
2017-08-04,-0.7928034365755925,-1.7928034365755925
2017-08-07,-0.7959846065032701,-1.79598460650327
2017-08-08,-0.7964425281090153,-1.7964425281090153
2017-08-09,-0.804943671938793,-1.804943671938793
2017-08-10,-0.8264130485024272,-1.8264130485024272
2017-08-11,-0.8162949401292001,-1.8162949401292001
2017-08-14,-0.8295828089693558,-1.8295828089693558
2017-08-15,-0.8490284660612271,-1.849028466061227
2017-08-16,-0.827983739912439,-1.827983739912439
2017-08-17,-0.8398528229445827,-1.8398528229445827
2017-08-18,-0.8404211567861528,-1.8404211567861528
2017-08-21,-0.8293249064150316,-1.8293249064150316
2017-08-22,-0.8335234086066878,-1.8335234086066878
2017-08-23,-0.8213846612577946,-1.8213846612577946
2017-08-24,-0.8258423272208357,-1.8258423272208357
2017-08-25,-0.8201964959563415,-1.8201964959563415
2017-08-28,-0.8091835916297525,-1.8091835916297525
2017-08-29,-0.7959737032490761,-1.7959737032490761
2017-08-30,-0.8088044316770739,-1.808804431677074
2017-08-31,-0.7986208330520195,-1.7986208330520195
2017-09-01,-0.7923486929774322,-1.7923486929774322
2017-09-04,-0.772210664372655,-1.772210664372655
2017-09-05,-0.760735774782167,-1.760735774782167
2017-09-06,-0.7728615075312184,-1.7728615075312184
2017-09-07,-0.7408274327808788,-1.7408274327808788
2017-09-08,-0.7451223821978081,-1.7451223821978081
2017-09-11,-0.7619845150481479,-1.761984515048148
2017-09-12,-0.7755174111476952,-1.7755174111476952
2017-09-13,-0.79866547120375,-1.79866547120375
2017-09-14,-0.8012392009942952,-1.8012392009942952
2017-09-15,-0.8051633885255953,-1.8051633885255953
2017-09-18,-0.8163657516130345,-1.8163657516130345
2017-09-19,-0.8141438600922999,-1.8141438600922999
2017-09-20,-0.8193806723210555,-1.8193806723210555
2017-09-21,-0.8315406237992138,-1.8315406237992138
2017-09-22,-0.8374327400207981,-1.8374327400207981
2017-09-25,-0.8512145333598595,-1.8512145333598595
2017-09-26,-0.855782647909707,-1.855782647909707
2017-09-27,-0.8529124808490443,-1.8529124808490443
2017-09-28,-0.8455757597690163,-1.8455757597690163
2017-09-29,-0.8414594789252325,-1.8414594789252325
2017-10-02,-0.8413155061919217,-1.8413155061919217
2017-10-03,-0.8322852385581285,-1.8322852385581285
2017-10-04,-0.8351789928449076,-1.8351789928449076
2017-10-05,-0.821734660025011,-1.821734660025011
2017-10-06,-0.8305045575307208,-1.8305045575307208
2017-10-09,-0.831861937769429,-1.831861937769429
2017-10-10,-0.8297156078554222,-1.8297156078554222
2017-10-11,-0.8193581579697446,-1.8193581579697446
2017-10-12,-0.8250177940901133,-1.8250177940901133
2017-10-13,-0.8262793172248011,-1.826279317224801
2017-10-16,-0.8110094799770522,-1.8110094799770522
2017-10-17,-0.8164500681547011,-1.8164500681547011
2017-10-18,-0.8111887556023665,-1.8111887556023665
2017-10-19,-0.8174317082835676,-1.8174317082835676
2017-10-20,-0.7991964294963163,-1.7991964294963163
2017-10-23,-0.8081051802345673,-1.8081051802345673
2017-10-24,-0.7940857648540718,-1.7940857648540718
2017-10-25,-0.8078035877425582,-1.8078035877425582
2017-10-26,-0.7780301343731739,-1.778030134373174
2017-10-27,-0.758586580978764,-1.758586580978764
2017-10-30,-0.7728963570145262,-1.7728963570145262
2017-10-31,-0.743718508016527,-1.743718508016527
2017-11-01,-0.7342725690271528,-1.7342725690271528
2017-11-02,-0.7523204339928891,-1.752320433992889
2017-11-03,-0.7361000087622409,-1.736100008762241
2017-11-06,-0.730418990227468,-1.730418990227468
2017-11-07,-0.7293903231528125,-1.7293903231528125
2017-11-08,-0.7328389227889962,-1.7328389227889962
2017-11-09,-0.7591486130908902,-1.7591486130908902
2017-11-10,-0.7717818423916094,-1.7717818423916094
2017-11-13,-0.7738401129740169,-1.773840112974017
2017-11-14,-0.7976896590206706,-1.7976896590206706
2017-11-15,-0.8183640784992512,-1.8183640784992512
2017-11-16,-0.8000462315141541,-1.800046231514154
2017-11-17,-0.8085382896775934,-1.8085382896775934
2017-11-20,-0.8084492788823621,-1.808449278882362
2017-11-21,-0.7937851615099725,-1.7937851615099725
2017-11-22,-0.8057523738309809,-1.8057523738309809
2017-11-23,-0.8122874091406012,-1.8122874091406012
2017-11-24,-0.8004739376583347,-1.8004739376583347
2017-11-27,-0.8061291466586884,-1.8061291466586884
2017-11-28,-0.795356440594186,-1.795356440594186
2017-11-29,-0.8075175165520154,-1.8075175165520154
2017-11-30,-0.7968579037229329,-1.7968579037229329
2017-12-01,-0.800493971667273,-1.800493971667273
2017-12-04,-0.8052322557511338,-1.8052322557511338
2017-12-05,-0.8101249166487052,-1.8101249166487052
2017-12-06,-0.8181781170591376,-1.8181781170591376
2017-12-07,-0.7951871904837409,-1.7951871904837409
2017-12-08,-0.7887076164196825,-1.7887076164196825
2017-12-11,-0.7845927881361185,-1.7845927881361185
2017-12-12,-0.7819551000596834,-1.7819551000596834
2017-12-13,-0.8053839174831121,-1.805383917483112
2017-12-14,-0.817633455327591,-1.817633455327591
2017-12-15,-0.8082616530993529,-1.808261653099353
2017-12-18,-0.7983810320610352,-1.7983810320610352
2017-12-19,-0.805192537622301,-1.805192537622301
2017-12-20,-0.8137322216181269,-1.8137322216181269
2017-12-21,-0.8080653818085748,-1.8080653818085748
2017-12-22,-0.8037301801096841,-1.8037301801096841
2017-12-26,-0.8031763269210497,-1.8031763269210497
2017-12-27,-0.8145162940470467,-1.8145162940470467
2017-12-28,-0.8201438874486415,-1.8201438874486415
2017-12-29,-0.826100928329472,-1.826100928329472
2018-01-02,-0.8329892126827116,-1.8329892126827116
2018-01-03,-0.8311494537593518,-1.8311494537593518
2018-01-04,-0.8162560583251792,-1.8162560583251792
2018-01-05,-0.8039826141014841,-1.803982614101484
2018-01-08,-0.8044349357412832,-1.8044349357412832
2018-01-09,-0.8032374874832637,-1.8032374874832637
2018-01-10,-0.8045724603478814,-1.8045724603478814
2018-01-11,-0.7876046966829495,-1.7876046966829495
2018-01-12,-0.7613484049004924,-1.7613484049004924
2018-01-15,-0.757237177738219,-1.757237177738219
2018-01-16,-0.7606241138147025,-1.7606241138147025
2018-01-17,-0.7646021216393868,-1.7646021216393868
2018-01-18,-0.7668000989721133,-1.7668000989721133
2018-01-19,-0.7592599191737741,-1.7592599191737741
2018-01-22,-0.755388026144092,-1.755388026144092
2018-01-23,-0.7485901693730332,-1.7485901693730332
2018-01-24,-0.7197091360271364,-1.7197091360271364
2018-01-25,-0.73139930530208,-1.73139930530208
2018-01-26,-0.7087209783529675,-1.7087209783529675
2018-01-29,-0.7278986653702146,-1.7278986653702146
2018-01-30,-0.7495984289880164,-1.7495984289880164
2018-01-31,-0.753636437187928,-1.753636437187928
2018-02-01,-0.7384668854695131,-1.7384668854695131
2018-02-02,-0.7769469915391194,-1.7769469915391194
2018-02-05,-0.8573703000152557,-1.8573703000152557
2018-02-06,-0.8677192439843591,-1.867719243984359
2018-02-07,-0.8846269233842361,-1.884626923384236
2018-02-08,-0.8925301697299659,-1.892530169729966
2018-02-09,-0.9076323671846234,-1.9076323671846234
2018-02-12,-0.8958962207504351,-1.895896220750435
2018-02-13,-0.8882858856298097,-1.8882858856298097
2018-02-14,-0.8725718009361025,-1.8725718009361025
2018-02-15,-0.8607825860582796,-1.8607825860582796
2018-02-16,-0.8727356383338079,-1.8727356383338079
2018-02-19,-0.8575731292961921,-1.8575731292961921
2018-02-20,-0.8808092086874824,-1.8808092086874824
2018-02-21,-0.8929633013888398,-1.8929633013888398
2018-02-22,-0.8915813006431121,-1.8915813006431121
2018-02-23,-0.8968705611647112,-1.8968705611647112
2018-02-26,-0.89295022023098,-1.89295022023098
2018-02-27,-0.8952049735616525,-1.8952049735616525
2018-02-28,-0.9098534722427527,-1.9098534722427527
2018-03-01,-0.9186876983874954,-1.9186876983874954
2018-03-02,-0.9031129212163989,-1.9031129212163989
2018-03-05,-0.8934514356473391,-1.893451435647339
2018-03-06,-0.8947646882613207,-1.8947646882613207
2018-03-07,-0.8979086937630141,-1.897908693763014
2018-03-08,-0.9042455593970724,-1.9042455593970724
2018-03-09,-0.9037588836418742,-1.9037588836418742
2018-03-12,-0.9009209094751454,-1.9009209094751454
2018-03-13,-0.9025367444746926,-1.9025367444746926
2018-03-14,-0.909016539481809,-1.909016539481809
2018-03-15,-0.9128222839771796,-1.9128222839771796
2018-03-16,-0.9151621232029736,-1.9151621232029736
2018-03-19,-0.9203008316217909,-1.9203008316217909
2018-03-20,-0.9177415516680327,-1.9177415516680327
2018-03-21,-0.9134011654077729,-1.913401165407773
2018-03-22,-0.9246961171812276,-1.9246961171812276
2018-03-23,-0.9067085901680125,-1.9067085901680125
2018-03-26,-0.8964899164437516,-1.8964899164437516
2018-03-27,-0.915373931932254,-1.915373931932254
2018-03-28,-0.9314057061178331,-1.9314057061178331
2018-03-29,-0.9351824838703291,-1.935182483870329
2018-03-30,-0.962178049912267,-1.962178049912267
2018-04-02,-0.9521343419809207,-1.9521343419809207
2018-04-03,-0.9596765891917642,-1.9596765891917642
2018-04-04,-0.9623317888313543,-1.9623317888313543
2018-04-05,-0.9846545660218666,-1.9846545660218666
2018-04-06,-0.9731840882496623,-1.9731840882496623
2018-04-09,-0.9817117982959642,-1.9817117982959642
2018-04-10,-0.98865690823843,-1.98865690823843
2018-04-11,-0.9861714938054646,-1.9861714938054646
2018-04-12,-0.9952693715380294,-1.9952693715380294
2018-04-13,-0.9909969690271219,-1.9909969690271219
2018-04-16,-0.9917160411725923,-1.9917160411725923
2018-04-17,-0.9885469463771912,-1.9885469463771912
2018-04-18,-0.9860650120377574,-1.9860650120377574
2018-04-19,-0.990112891374143,-1.990112891374143
2018-04-20,-1.001006883821118,-2.001006883821118
2018-04-23,-1.0029800113984395,-2.0029800113984395
2018-04-24,-0.998471996675887,-1.998471996675887
2018-04-25,-0.9956395040578685,-1.9956395040578685
2018-04-26,-0.9974893028751195,-1.9974893028751195
2018-04-27,-1.0009157738181638,-2.0009157738181638
2018-04-30,-0.989182192512515,-1.989182192512515
2018-05-01,-0.9784900023459511,-1.978490002345951
2018-05-02,-0.973419782746284,-1.973419782746284
2018-05-03,-0.9833523557153263,-1.9833523557153263
2018-05-04,-0.9782009718955735,-1.9782009718955735
2018-05-07,-0.9688662008843656,-1.9688662008843656
2018-05-08,-0.969439184740825,-1.969439184740825
2018-05-09,-0.9545633060337473,-1.9545633060337473
2018-05-10,-0.9772701399102721,-1.9772701399102721
2018-05-11,-0.972947158167218,-1.972947158167218
2018-05-14,-0.9629967340991046,-1.9629967340991046
2018-05-15,-0.936318602211434,-1.936318602211434
2018-05-16,-0.9268646184040632,-1.9268646184040632
2018-05-17,-0.9279112368610929,-1.927911236861093
2018-05-18,-0.9297902365281903,-1.9297902365281903
2018-05-21,-0.9312200338289114,-1.9312200338289114
2018-05-22,-0.9425745249669548,-1.9425745249669548
2018-05-23,-0.9488062700991386,-1.9488062700991386
2018-05-24,-0.9632200521528114,-1.9632200521528114
2018-05-25,-0.9657128065319827,-1.9657128065319827
2018-05-28,-0.9429351530687742,-1.9429351530687742
2018-05-29,-0.9634719662123679,-1.9634719662123679
2018-05-30,-0.9874980423343596,-1.9874980423343596
2018-05-31,-0.9980604991738169,-1.998060499173817
2018-06-01,-0.988368551665864,-1.988368551665864
2018-06-04,-0.9892108912119189,-1.9892108912119189
2018-06-05,-0.9857298049068566,-1.9857298049068566
2018-06-06,-0.9953485793155223,-1.9953485793155223
2018-06-07,-0.984147735362962,-1.984147735362962
2018-06-08,-0.9957652211316157,-1.9957652211316157
2018-06-11,-0.9949101484865481,-1.9949101484865481
2018-06-12,-0.995837526576246,-1.995837526576246
2018-06-13,-1.0023520288144154,-2.0023520288144154
2018-06-14,-0.9771489167175678,-1.9771489167175678
2018-06-15,-0.9883596521639619,-1.988359652163962
2018-06-18,-0.9979977912606093,-1.9979977912606093
2018-06-19,-0.9991871763390876,-1.9991871763390876
2018-06-20,-0.9993397498157868,-1.9993397498157868
2018-06-21,-1.0139958604372072,-2.0139958604372072
2018-06-22,-1.0184297001214917,-2.0184297001214917
2018-06-25,-1.0330306100885362,-2.0330306100885362
2018-06-26,-1.021943551175673,-2.021943551175673
2018-06-27,-1.0147726806554034,-2.0147726806554034
2018-06-28,-1.0079921096967093,-2.0079921096967093
2018-06-29,-1.030413636568496,-2.030413636568496
2018-07-02,-0.9958365411159977,-1.9958365411159977
2018-07-03,-1.0064519248412895,-2.0064519248412895
2018-07-04,-1.021999175271413,-2.021999175271413
2018-07-05,-1.0195700723150534,-2.0195700723150534
2018-07-06,-1.0265886441266345,-2.0265886441266345
2018-07-09,-1.0197467907814262,-2.019746790781426
2018-07-10,-1.0142624848520372,-2.014262484852037
2018-07-11,-1.0095070084078528,-2.009507008407853
2018-07-12,-1.0053030699720127,-2.0053030699720127
2018-07-13,-0.9949998536230675,-1.9949998536230675
2018-07-16,-1.0044737349889097,-2.0044737349889097
2018-07-17,-0.9864439899961415,-1.9864439899961415
2018-07-18,-0.9813906018371539,-1.9813906018371539
2018-07-19,-0.9709664779599707,-1.9709664779599707
2018-07-20,-1.0071955180352017,-2.0071955180352017
2018-07-23,-1.0035100097001926,-2.0035100097001926
2018-07-24,-1.0091670233801695,-2.0091670233801695
2018-07-25,-1.0186916869344977,-2.0186916869344977
2018-07-26,-1.0015738576833453,-2.0015738576833453
2018-07-27,-1.0111626393913795,-2.0111626393913795
2018-07-30,-1.0223349817073069,-2.022334981707307
2018-07-31,-1.0195020897134954,-2.0195020897134954
2018-08-01,-1.0084196787258772,-2.0084196787258772
2018-08-02,-0.9986008947643799,-1.9986008947643799
2018-08-03,-1.003329740812636,-2.003329740812636
2018-08-06,-0.9950537957716594,-1.9950537957716594
2018-08-07,-0.9956191056920805,-1.9956191056920805
2018-08-08,-1.0001430340755477,-2.0001430340755477
2018-08-09,-1.0047155339304634,-2.0047155339304634
2018-08-10,-1.0160961760347669,-2.016096176034767
2018-08-13,-1.022270719269009,-2.022270719269009
2018-08-14,-1.0102262518594975,-2.0102262518594975
2018-08-15,-1.016770993070728,-2.016770993070728
2018-08-16,-1.0156841377915398,-2.0156841377915398
2018-08-17,-1.0182574695906643,-2.0182574695906643
2018-08-20,-1.023881176888254,-2.023881176888254
2018-08-21,-1.0429286182242845,-2.0429286182242845
2018-08-22,-1.0450896525667162,-2.045089652566716
2018-08-23,-1.0307326704053006,-2.0307326704053006
2018-08-24,-1.048804219603006,-2.048804219603006
2018-08-27,-1.0597620573607607,-2.0597620573607607
2018-08-28,-1.059756718818432,-2.059756718818432
2018-08-29,-1.0544523849293763,-2.0544523849293763
2018-08-30,-1.0516415689718492,-2.0516415689718492
2018-08-31,-1.0533691624073134,-2.0533691624073134
2018-09-03,-1.0562315838714857,-2.0562315838714857
2018-09-04,-1.06124985014324,-2.06124985014324
2018-09-05,-1.0742387995603369,-2.074238799560337
2018-09-06,-1.0799264079368633,-2.0799264079368633
2018-09-07,-1.0808361685802699,-2.08083616858027
2018-09-10,-1.0957541881553259,-2.095754188155326
2018-09-11,-1.0856717925102024,-2.0856717925102024
2018-09-12,-1.0943443824124808,-2.0943443824124808
2018-09-13,-1.0895342943957984,-2.0895342943957984
2018-09-14,-1.0734434165248499,-2.07344341652485
2018-09-17,-1.0828757860001659,-2.082875786000166
2018-09-18,-1.0633372151113298,-2.06333721511133
2018-09-19,-1.0638233780729855,-2.0638233780729855
2018-09-20,-1.0630543816189686,-2.0630543816189686
2018-09-21,-1.0750016375633051,-2.075001637563305
2018-09-24,-1.0724169256699234,-2.0724169256699234
2018-09-25,-1.0699487633081772,-2.0699487633081772
2018-09-26,-1.0804185802925335,-2.0804185802925335
2018-09-27,-1.0747122159162146,-2.0747122159162146
2018-09-28,-1.072963687174875,-2.072963687174875
2018-10-01,-1.064784607145603,-2.064784607145603
2018-10-02,-1.0887894499224045,-2.0887894499224045
2018-10-03,-1.0682048188583524,-2.0682048188583524
2018-10-04,-1.0914225326627607,-2.0914225326627607
2018-10-05,-1.0972012185783835,-2.0972012185783835
2018-10-08,-1.100261051947884,-2.100261051947884
2018-10-09,-1.1099635294912162,-2.1099635294912162
2018-10-10,-1.148751498026345,-2.148751498026345
2018-10-11,-1.1784102838325556,-2.1784102838325556
2018-10-12,-1.1853969227476862,-2.185396922747686
2018-10-15,-1.1792612751925393,-2.1792612751925393
2018-10-16,-1.2060835049367369,-2.206083504936737
2018-10-17,-1.197234316273255,-2.197234316273255
2018-10-18,-1.1897408914205587,-2.1897408914205587
2018-10-19,-1.1843842927203045,-2.1843842927203045
2018-10-22,-1.17533054196499,-2.17533054196499
2018-10-23,-1.1734104698497956,-2.1734104698497956
2018-10-24,-1.1438702824462803,-2.1438702824462803
2018-10-25,-1.1573577944069204,-2.1573577944069204
2018-10-26,-1.156825019911266,-2.156825019911266
2018-10-29,-1.1559410777255126,-2.1559410777255126
2018-10-30,-1.1692285132229592,-2.169228513222959
2018-10-31,-1.1778030114198081,-2.177803011419808
2018-11-01,-1.2188032671568432,-2.218803267156843
2018-11-02,-1.2108688229733287,-2.2108688229733287
2018-11-05,-1.2116439672815558,-2.2116439672815558
2018-11-06,-1.216133509383298,-2.216133509383298
2018-11-07,-1.2397900291861883,-2.2397900291861883
2018-11-08,-1.217095899884744,-2.217095899884744
2018-11-09,-1.2048829139190262,-2.2048829139190262
2018-11-12,-1.1901152216706201,-2.19011522167062
2018-11-13,-1.1810849238268952,-2.1810849238268952
2018-11-14,-1.1794476802401541,-2.179447680240154
2018-11-15,-1.190739030873968,-2.190739030873968
2018-11-16,-1.201204274697559,-2.201204274697559
2018-11-19,-1.1932592724841862,-2.193259272484186
2018-11-20,-1.158295549289908,-2.158295549289908
2018-11-21,-1.1789495938527548,-2.1789495938527548
2018-11-22,-1.155048628785702,-2.155048628785702
2018-11-23,-1.139170889828634,-2.139170889828634
2018-11-26,-1.1527279078010388,-2.152727907801039
2018-11-27,-1.1476074190139012,-2.147607419013901
2018-11-28,-1.1710150990821537,-2.1710150990821537
2018-11-29,-1.1741864872601457,-2.1741864872601457
2018-11-30,-1.1689923522064558,-2.168992352206456
2018-12-03,-1.1960573865186883,-2.1960573865186883
2018-12-04,-1.1720897755240154,-2.1720897755240154
2018-12-05,-1.1609732987467956,-2.1609732987467956
2018-12-06,-1.1411397269314651,-2.141139726931465
2018-12-07,-1.1469727452837213,-2.1469727452837213
2018-12-10,-1.1273248480452787,-2.1273248480452787
2018-12-11,-1.1340117116397703,-2.1340117116397703
2018-12-12,-1.1627813448024136,-2.1627813448024136
2018-12-13,-1.164729263600306,-2.164729263600306
2018-12-14,-1.1423786683196542,-2.142378668319654
2018-12-17,-1.125553491588089,-2.125553491588089
2018-12-18,-1.1043781454480164,-2.1043781454480164
2018-12-19,-1.0949603268673824,-2.0949603268673824
2018-12-20,-1.090817503664014,-2.090817503664014
2018-12-21,-1.0598848748097107,-2.0598848748097107
2018-12-24,-1.0204360891940238,-2.020436089194024
2018-12-26,-1.0651245158217657,-2.0651245158217657
2018-12-27,-1.0432616065344846,-2.0432616065344846
2018-12-28,-1.0556397597304152,-2.0556397597304152
2018-12-31,-1.0514869757143335,-2.0514869757143335
2019-01-02,-1.0369054852892545,-2.0369054852892545
2019-01-03,-1.0103634668287436,-2.0103634668287436
2019-01-04,-1.081158895916745,-2.081158895916745
2019-01-07,-1.0978458868437486,-2.0978458868437486
2019-01-08,-1.1168784534467582,-2.116878453446758
2019-01-09,-1.1319764234184078,-2.1319764234184078
2019-01-10,-1.1340411128148093,-2.1340411128148093
2019-01-11,-1.1293886531612976,-2.1293886531612976
2019-01-14,-1.1121727975217794,-2.1121727975217794
2019-01-15,-1.120074741934682,-2.120074741934682
2019-01-16,-1.1213124910376169,-2.121312491037617
2019-01-17,-1.1359209644321746,-2.1359209644321746
2019-01-18,-1.1699559619371103,-2.1699559619371103
2019-01-21,-1.156235288603428,-2.156235288603428
2019-01-22,-1.1409578736964967,-2.1409578736964967
2019-01-23,-1.1471283448666472,-2.147128344866647
2019-01-24,-1.1416304103619788,-2.1416304103619788
2019-01-25,-1.1543686180858717,-2.1543686180858717
2019-01-28,-1.1464744000599083,-2.1464744000599083
2019-01-29,-1.143247777732066,-2.143247777732066
2019-01-30,-1.1478323083666275,-2.1478323083666275
2019-01-31,-1.1430628531604103,-2.1430628531604103
2019-02-01,-1.1571500628964588,-2.157150062896459
2019-02-04,-1.1612050188020402,-2.16120501880204
2019-02-05,-1.1536324922689278,-2.153632492268928
2019-02-06,-1.155422766041073,-2.155422766041073
2019-02-07,-1.1499486022186978,-2.1499486022186978
2019-02-08,-1.1438369997222106,-2.1438369997222106
2019-02-11,-1.1520815175518262,-2.152081517551826
2019-02-12,-1.1573099442956765,-2.1573099442956765
2019-02-13,-1.1571669025459612,-2.157166902545961
2019-02-14,-1.1447927677248098,-2.1447927677248098
2019-02-15,-1.1293179590932048,-2.1293179590932048
2019-02-18,-1.1337871790500071,-2.133787179050007
2019-02-19,-1.1213621140694023,-2.1213621140694023
2019-02-20,-1.1128456541226486,-2.1128456541226486
2019-02-21,-1.1357828359277042,-2.1357828359277042
2019-02-22,-1.1247564829354895,-2.1247564829354895
2019-02-25,-1.1209841136722196,-2.1209841136722196
2019-02-26,-1.1258854288011855,-2.1258854288011855
2019-02-27,-1.1338040379540515,-2.1338040379540515
2019-02-28,-1.1392273592830273,-2.1392273592830273
2019-03-01,-1.1434232113635652,-2.143423211363565
2019-03-04,-1.154901541513314,-2.154901541513314
2019-03-05,-1.1528734143595298,-2.15287341435953
2019-03-06,-1.1528932471962885,-2.1528932471962885
2019-03-07,-1.1399572333929586,-2.1399572333929586
2019-03-08,-1.1593068981987993,-2.1593068981987993
2019-03-11,-1.146615246569897,-2.146615246569897
2019-03-12,-1.1615937530086469,-2.161593753008647
2019-03-13,-1.1603816854797033,-2.1603816854797033
2019-03-14,-1.162554678536055,-2.162554678536055
2019-03-15,-1.1575508871240912,-2.157550887124091
2019-03-18,-1.1552508647257902,-2.15525086472579
2019-03-19,-1.1566611233718307,-2.1566611233718307
2019-03-20,-1.1604280736787391,-2.160428073678739
2019-03-21,-1.1480357869526912,-2.148035786952691
2019-03-22,-1.1661726938092598,-2.16617269380926
2019-03-25,-1.1711382546658973,-2.1711382546658973
2019-03-26,-1.1649697044452787,-2.1649697044452787
2019-03-27,-1.1703157083688196,-2.1703157083688196
2019-03-28,-1.182019474195961,-2.182019474195961
2019-03-29,-1.1738134564088814,-2.1738134564088814
2019-04-01,-1.1707220509343013,-2.1707220509343013
2019-04-02,-1.1619852758082256,-2.1619852758082256
2019-04-03,-1.1661267535314046,-2.1661267535314046
2019-04-04,-1.1628513916012495,-2.1628513916012495
2019-04-05,-1.147107265149133,-2.147107265149133
2019-04-08,-1.1476329023074023,-2.1476329023074023
2019-04-09,-1.1549795354822932,-2.154979535482293
2019-04-10,-1.140760316834097,-2.140760316834097
2019-04-11,-1.1415288951699707,-2.1415288951699707
2019-04-12,-1.1460375308580688,-2.146037530858069
2019-04-15,-1.1510648597459574,-2.1510648597459574
2019-04-16,-1.140893124623426,-2.140893124623426
2019-04-17,-1.1377621074840394,-2.1377621074840394
2019-04-18,-1.1214482647936905,-2.1214482647936905
2019-04-19,-1.1486271675410817,-2.1486271675410817
2019-04-22,-1.1456543976976832,-2.145654397697683
2019-04-23,-1.115217177026108,-2.115217177026108
2019-04-24,-1.1114108863408014,-2.1114108863408014
2019-04-25,-1.12372160800517,-2.12372160800517
2019-04-26,-1.1224688907853588,-2.122468890785359
2019-04-29,-1.12374143209788,-2.12374143209788
2019-04-30,-1.1195190864600635,-2.1195190864600635
2019-05-01,-1.1305669262444034,-2.1305669262444034
2019-05-02,-1.1496945881781815,-2.1496945881781815
2019-05-03,-1.1284244300053468,-2.1284244300053468
2019-05-06,-1.1326198687079434,-2.1326198687079434
2019-05-07,-1.1696647234115005,-2.1696647234115005
2019-05-08,-1.1717645112411312,-2.1717645112411312
2019-05-09,-1.1841690620201581,-2.184169062020158
2019-05-10,-1.1818060449999983,-2.1818060449999983
2019-05-13,-1.2132117975772396,-2.2132117975772396
2019-05-14,-1.213485230408844,-2.213485230408844
2019-05-15,-1.199833384555224,-2.199833384555224
2019-05-16,-1.1971812982776067,-2.1971812982776067
2019-05-17,-1.1926283800804036,-2.1926283800804036
2019-05-20,-1.2122219030795458,-2.212221903079546
2019-05-21,-1.2074126217692855,-2.2074126217692855
2019-05-22,-1.1998835569854198,-2.19988355698542
2019-05-23,-1.2041058363644814,-2.2041058363644814
2019-05-24,-1.2161373502445674,-2.2161373502445674
2019-05-27,-1.1973568522748073,-2.1973568522748073
2019-05-28,-1.1812675265818866,-2.1812675265818866
2019-05-29,-1.1827778719182347,-2.1827778719182347
2019-05-30,-1.167436221510247,-2.167436221510247
2019-05-31,-1.1577409334825144,-2.1577409334825144
2019-06-03,-1.160496871666624,-2.160496871666624
2019-06-04,-1.2001880672962306,-2.2001880672962306
2019-06-05,-1.1986031878574588,-2.198603187857459
2019-06-06,-1.2053022720599267,-2.2053022720599267
2019-06-07,-1.2125122952814662,-2.212512295281466
2019-06-10,-1.2248916820452949,-2.224891682045295
2019-06-11,-1.2291042210891865,-2.2291042210891865
2019-06-12,-1.2134973031180873,-2.2134973031180873
2019-06-13,-1.2102437781710753,-2.2102437781710753
2019-06-14,-1.2014545651299886,-2.2014545651299886
2019-06-17,-1.2043485230400899,-2.20434852304009
2019-06-18,-1.1881063732922166,-2.1881063732922166
2019-06-19,-1.1989075020852344,-2.1989075020852344
2019-06-20,-1.194298490537284,-2.194298490537284
2019-06-21,-1.2111356520967447,-2.2111356520967447
2019-06-24,-1.2048160945314392,-2.2048160945314392
2019-06-25,-1.2149897177565245,-2.2149897177565245
2019-06-26,-1.2364863455004662,-2.236486345500466
2019-06-27,-1.23130468608246,-2.23130468608246
2019-06-28,-1.232233657804426,-2.232233657804426
2019-07-01,-1.2265547142475057,-2.2265547142475057
2019-07-02,-1.2109152066263773,-2.2109152066263773
2019-07-03,-1.1972977977242736,-2.1972977977242736
2019-07-04,-1.1933815627120739,-2.193381562712074
2019-07-05,-1.218361092509613,-2.218361092509613
2019-07-08,-1.2262829489099722,-2.2262829489099722
2019-07-09,-1.2384731129445097,-2.2384731129445097
2019-07-10,-1.2443758951537247,-2.2443758951537247
2019-07-11,-1.2561631105194655,-2.2561631105194655
2019-07-12,-1.2538191864174077,-2.2538191864174077
2019-07-15,-1.2478978170013453,-2.2478978170013453
2019-07-16,-1.2499677463949421,-2.249967746394942
2019-07-17,-1.2477359534972496,-2.2477359534972496
2019-07-18,-1.241862826888548,-2.241862826888548
2019-07-19,-1.2543703999638356,-2.2543703999638356
2019-07-22,-1.2447815515163168,-2.2447815515163168
2019-07-23,-1.2365414922371234,-2.2365414922371234
2019-07-24,-1.2300588789602496,-2.2300588789602496
2019-07-25,-1.2462037339859982,-2.246203733985998
2019-07-26,-1.2311385372438535,-2.2311385372438535
2019-07-29,-1.2188387021429703,-2.2188387021429703
2019-07-30,-1.237976163956814,-2.237976163956814
2019-07-31,-1.2506766954537838,-2.250676695453784
2019-08-01,-1.252954031714891,-2.252954031714891
2019-08-02,-1.274181518598735,-2.274181518598735
2019-08-05,-1.2951119818644368,-2.2951119818644368
2019-08-06,-1.2942388474863509,-2.294238847486351
2019-08-07,-1.2729129388518414,-2.2729129388518414
2019-08-08,-1.2957167888214505,-2.2957167888214505
2019-08-09,-1.2972368116386663,-2.2972368116386663
2019-08-12,-1.2667164175985,-2.2667164175985
2019-08-13,-1.280736229699965,-2.280736229699965
2019-08-14,-1.2492568688234558,-2.2492568688234558
2019-08-15,-1.2424843287030507,-2.2424843287030507
2019-08-16,-1.2562349575201703,-2.2562349575201703
2019-08-19,-1.268285333935626,-2.268285333935626
2019-08-20,-1.259979846238112,-2.259979846238112
2019-08-21,-1.2727140732927036,-2.2727140732927036
2019-08-22,-1.2795197792190502,-2.2795197792190502
2019-08-23,-1.2489868467572283,-2.2489868467572283
2019-08-26,-1.2694257282577919,-2.269425728257792
2019-08-27,-1.2512754618056494,-2.2512754618056494
2019-08-28,-1.2573357623393235,-2.2573357623393235
2019-08-29,-1.2760994499719485,-2.2760994499719485
2019-08-30,-1.2628457951354464,-2.2628457951354464
2019-09-02,-1.271013735401537,-2.271013735401537
2019-09-03,-1.2505174371966588,-2.2505174371966588
2019-09-04,-1.2742978953129547,-2.2742978953129547
2019-09-05,-1.308057014464025,-2.308057014464025
2019-09-06,-1.3078292600869044,-2.3078292600869044
2019-09-09,-1.3253160304904337,-2.3253160304904337
2019-09-10,-1.3461881377257727,-2.3461881377257727
2019-09-11,-1.3423559489791197,-2.3423559489791197
2019-09-12,-1.3506600082541116,-2.3506600082541116
2019-09-13,-1.3711656076036394,-2.3711656076036394
2019-09-16,-1.3735906256517292,-2.373590625651729
2019-09-17,-1.3770920167659644,-2.3770920167659644
2019-09-18,-1.3797004273455236,-2.3797004273455236
2019-09-19,-1.3814895122328306,-2.3814895122328306
2019-09-20,-1.381892959018125,-2.381892959018125
2019-09-23,-1.3858646864966815,-2.3858646864966815
2019-09-24,-1.405583862411441,-2.405583862411441
2019-09-25,-1.4140547677390356,-2.4140547677390356
2019-09-26,-1.4072020726066103,-2.4072020726066103
2019-09-27,-1.4161732538290983,-2.4161732538290983
2019-09-30,-1.4265991646922909,-2.426599164692291
2019-10-01,-1.444128972150235,-2.444128972150235
2019-10-02,-1.4612938246530383,-2.4612938246530383
2019-10-03,-1.4554442402220156,-2.4554442402220156
2019-10-04,-1.457444006178318,-2.457444006178318
2019-10-07,-1.460826893193914,-2.460826893193914
2019-10-08,-1.46143080461984,-2.46143080461984
2019-10-09,-1.4636795866500925,-2.4636795866500925
2019-10-10,-1.4783848423238242,-2.478384842323824
2019-10-11,-1.4959606347183403,-2.4959606347183403
2019-10-14,-1.4910234076810855,-2.4910234076810855
2019-10-15,-1.4894395754493943,-2.4894395754493943
2019-10-16,-1.4853456803156457,-2.4853456803156457
2019-10-17,-1.4947329555881703,-2.4947329555881703
2019-10-18,-1.507799117708819,-2.507799117708819
2019-10-21,-1.5003125227275098,-2.50031252272751
2019-10-22,-1.5034227736780812,-2.503422773678081
2019-10-23,-1.498410558200872,-2.498410558200872
2019-10-24,-1.4873794184873272,-2.4873794184873272
2019-10-25,-1.4814156040323199,-2.48141560403232
2019-10-28,-1.4776603684345129,-2.477660368434513
2019-10-29,-1.4802873961366845,-2.4802873961366845
2019-10-30,-1.4813555269430232,-2.481355526943023
2019-10-31,-1.5060202317467715,-2.5060202317467715
2019-11-01,-1.4784046760353382,-2.478404676035338
2019-11-04,-1.4657874918148104,-2.4657874918148104
2019-11-05,-1.468154414533204,-2.468154414533204
2019-11-06,-1.470397058396431,-2.470397058396431
2019-11-07,-1.4621419915893394,-2.4621419915893394
2019-11-08,-1.4700047931917801,-2.47000479319178
2019-11-11,-1.4776725805395206,-2.4776725805395206
2019-11-12,-1.482212114190426,-2.482212114190426
2019-11-13,-1.4981322382589193,-2.4981322382589193
2019-11-14,-1.5031631041200115,-2.5031631041200115
2019-11-15,-1.4935213873217372,-2.4935213873217372
2019-11-18,-1.500041072454687,-2.500041072454687
2019-11-19,-1.5062762446332973,-2.5062762446332973
2019-11-20,-1.5082518174082145,-2.5082518174082145
2019-11-21,-1.5082733944945765,-2.5082733944945765
2019-11-22,-1.502906049408943,-2.502906049408943
2019-11-25,-1.4785500797807307,-2.4785500797807307
2019-11-26,-1.4782066670715288,-2.478206667071529
2019-11-27,-1.465660553659788,-2.465660553659788
2019-11-28,-1.478687132346931,-2.478687132346931
2019-11-29,-1.4958717389771756,-2.4958717389771756
2019-12-02,-1.5313077884859654,-2.5313077884859654
2019-12-03,-1.5670912083666653,-2.5670912083666653
2019-12-04,-1.5510596375424175,-2.5510596375424175
2019-12-05,-1.5507164996631575,-2.5507164996631575
2019-12-06,-1.5228881910944159,-2.522888191094416
2019-12-09,-1.5266049364308851,-2.526604936430885
2019-12-10,-1.5265811325175513,-2.5265811325175513
2019-12-11,-1.531348068762902,-2.531348068762902
2019-12-12,-1.5056034582963602,-2.50560345829636
2019-12-13,-1.4989610031873304,-2.4989610031873304
2019-12-16,-1.4692141269033168,-2.4692141269033168
2019-12-17,-1.476542609027951,-2.476542609027951
2019-12-18,-1.4748720482661444,-2.4748720482661444
2019-12-19,-1.4740570813087124,-2.4740570813087124
2019-12-20,-1.4740555477405652,-2.4740555477405652
2019-12-23,-1.4734695277229872,-2.4734695277229872
2019-12-24,-1.4686028669291664,-2.4686028669291664
2019-12-26,-1.442466146997078,-2.442466146997078
2019-12-27,-1.4374502067140478,-2.4374502067140478
2019-12-30,-1.445020652453962,-2.445020652453962
2019-12-31,-1.4414455339203607,-2.4414455339203607
