date,net_pnl,cum_wealth
2009-03-30,0.04277646238001977,1.0427764623800198
2009-03-31,0.027147952732475684,1.0699244151124954
2009-04-01,-0.0022405071752014476,1.067683907937294
2009-04-02,-0.09690726725098188,0.9707766406863121
2009-04-03,-0.07195000346723744,0.8988266372190746
2009-04-06,0.008938379174935252,0.90776501639401
2009-04-07,0.018191328009274546,0.9259563444032844
2009-04-08,0.0095152809913341,0.9354716253946186
2009-04-09,-0.014439939723486598,0.921031685671132
2009-04-13,0.04608841385905907,0.9671200995301911
2009-04-14,0.02985589225052378,0.9969759917807148
2009-04-15,0.021028651221007867,1.0180046430017227
2009-04-16,-0.035305271114306265,0.9826993718874164
2009-04-17,-0.05567042805701193,0.9270289438304045
2009-04-20,0.06282294276420843,0.9898518865946129
2009-04-21,-0.017908763286528583,0.9719431233080843
2009-04-22,-0.036310962569111614,0.9356321607389727
2009-04-23,0.003861981451927256,0.9394941421909
2009-04-24,-0.0010982909379018725,0.9383958512529981
2009-04-27,0.04522570657446108,0.9836215578274592
2009-04-28,-0.025236742738776397,0.9583848150886828
2009-04-29,-0.011741319035496852,0.946643496053186
2009-04-30,-3.4198596816839046e-05,0.9466092974563691
2009-05-01,-0.008416995804801606,0.9381923016515675
2009-05-04,-0.030239843762847062,0.9079524578887204
2009-05-05,0.009355495568461821,0.9173079534571822
2009-05-06,0.004910550533596705,0.922218503990779
2009-05-07,-0.0776339955966604,0.8445845083941186
2009-05-08,-0.007913478236934359,0.8366710301571842
2009-05-11,0.05108255736481485,0.8877535875219991
2009-05-12,-0.008683932092066186,0.8790696554299329
2009-05-13,0.041067332757097716,0.9201369881870306
2009-05-14,0.01345740958497537,0.9335943977720059
2009-05-15,-0.0187295786854187,0.9148648190865872
2009-05-18,-0.03085064729526061,0.8840141717913266
2009-05-19,-0.026369819700337534,0.8576443520909891
2009-05-20,0.018947997202760716,0.8765923492937497
2009-05-21,-0.039808125201021456,0.8367842240927283
2009-05-22,-0.03695602923463073,0.7998281948580976
2009-05-25,-0.04470279002815586,0.7551254048299417
2009-05-26,-0.030894148261486412,0.7242312565684553
2009-05-27,-0.05712544857222876,0.6671058079962265
2009-05-28,0.006988913177407513,0.6740947211736341
2009-05-29,0.06806604346297852,0.7421607646366126
2009-06-01,-0.1012746007924315,0.6408861638441811
2009-06-02,0.02903326680225735,0.6699194306464384
2009-06-03,0.04669007126219735,0.7166095019086358
2009-06-04,-0.07957845058827466,0.6370310513203612
2009-06-05,-0.1077554655569618,0.5292755857633993
2009-06-08,-0.004265594835426867,0.5250099909279724
2009-06-09,0.03333091850886828,0.5583409094368408
2009-06-10,-0.022286307107201152,0.5360546023296395
2009-06-11,0.02416702477743622,0.5602216271070758
2009-06-12,0.021227404997629682,0.5814490321047054
2009-06-15,0.056101374512517455,0.637550406617223
2009-06-16,0.019087310195065092,0.6566377168122881
2009-06-17,0.01350793525084339,0.6701456520631315
2009-06-18,-0.06672830603614402,0.6034173460269874
2009-06-19,0.044193334437451104,0.6476106804644385
2009-06-22,0.037460443319539315,0.6850711237839777
2009-06-23,0.006300929443700394,0.6913720532276781
2009-06-24,-0.0018385938766138409,0.6895334593510644
2009-06-25,0.06856802289546299,0.7581014822465273
2009-06-26,0.010674241647368098,0.7687757238938955
2009-06-29,0.005186264821197376,0.7739619887150928
2009-06-30,-0.015562780587759884,0.758399208127333
2009-07-01,0.004597413110805155,0.762996621238138
2009-07-02,0.05813140513702875,0.8211280263751668
2009-07-03,-0.002324111156033116,0.8188039152191338
2009-07-06,0.016473584815623745,0.8352775000347574
2009-07-07,0.01437734097016615,0.8496548410049236
2009-07-08,0.06476623246794244,0.914421073472866
2009-07-09,-0.05019916839269416,0.8642219050801719
2009-07-10,0.04140117557654907,0.905623080656721
2009-07-13,-0.016797976825699563,0.8888251038310214
2009-07-14,-0.03924773290897225,0.8495773709220492
2009-07-15,-0.06993276440590249,0.7796446065161468
2009-07-16,0.04864387093531191,0.8282884774514586
2009-07-17,-0.05334145225710851,0.7749470251943501
2009-07-20,0.03162278698236112,0.8065698121767113
2009-07-21,0.03432656534609233,0.8408963775228036
2009-07-22,-0.031593839893389444,0.8093025376294141
2009-07-23,-0.07598896112499667,0.7333135765044174
2009-07-24,0.006152074797716112,0.7394656513021336
2009-07-27,-0.01619183905973626,0.7232738122423973
2009-07-28,0.01191750068950724,0.7351913129319045
2009-07-29,0.0016881868743562263,0.7368794998062608
2009-07-30,0.033640290858315526,0.7705197906645763
2009-07-31,0.0791367873756883,0.8496565780402646
2009-08-03,-0.07470015763066971,0.7749564204095949
2009-08-04,-0.012305881698226176,0.7626505387113687
2009-08-05,-0.03382233373024096,0.7288282049811278
2009-08-06,0.0090055291178499,0.7378337340989777
2009-08-07,-0.09032150865068675,0.6475122254482909
2009-08-10,0.04377754129698161,0.6912897667452725
2009-08-11,0.01794525489443597,0.7092350216397085
2009-08-12,0.011815483200879901,0.7210505048405884
2009-08-13,0.05588856518512203,0.7769390700257104
2009-08-14,0.04439739264685933,0.8213364626725698
2009-08-17,0.02536392353361687,0.8467003862061866
2009-08-18,-0.009067562430392891,0.8376328237757937
2009-08-19,0.03745082826988842,0.8750836520456822
2009-08-20,0.011188308865242011,0.8862719609109242
2009-08-21,-0.07720854510763395,0.8090634158032902
2009-08-24,0.04045677178342162,0.8495201875867119
2009-08-25,0.017077358510966187,0.866597546097678
2009-08-26,0.021614558683231595,0.8882121047809097
2009-08-27,-0.01178672839623418,0.8764253763846754
2009-08-28,0.01883669702432516,0.8952620734090007
2009-08-31,0.020764473013335373,0.916026546422336
2009-09-01,0.029902273739448135,0.9459288201617841
2009-09-02,0.03203170353812169,0.9779605236999058
2009-09-03,-0.02074756582244105,0.9572129578774649
2009-09-04,-0.031245139702171108,0.9259678181752937
2009-09-07,0.03654838500769217,0.9625162031829859
2009-09-08,-0.020865070173371927,0.9416511330096139
2009-09-09,-0.0260961360623118,0.9155549969473021
2009-09-10,0.07261320792093279,0.988168204868235
2009-09-11,0.01042825756383405,0.998596462432069
2009-09-14,-0.03411983544841796,0.964476626983651
2009-09-15,-0.025331044978305094,0.9391455820053459
2009-09-16,-0.03321044639769251,0.9059351356076534
2009-09-17,0.02158532294857116,0.9275204585562246
2009-09-18,-0.05473284558546596,0.8727876129707586
2009-09-21,0.008500859419698952,0.8812884723904576
2009-09-22,0.008329779483434663,0.8896182518738922
2009-09-23,0.05485315998700026,0.9444714118608925
2009-09-24,0.022785578428310974,0.9672569902892034
2009-09-25,0.0310475837518829,0.9983045740410863
2009-09-28,0.006869978369414194,1.0051745524105005
2009-09-29,0.008701976896459842,1.0138765293069605
2009-09-30,-0.0005543735457541298,1.0133221557612062
2009-10-01,0.09276272403663316,1.1060848797978393
2009-10-02,0.0049447195328124706,1.1110295993306518
2009-10-05,-0.0074015661625329455,1.103628033168119
2009-10-06,-0.015246182097270626,1.0883818510708483
2009-10-07,0.055365642117212885,1.1437474931880611
2009-10-08,-0.041217278645467335,1.102530214542594
2009-10-09,-0.07939630801853068,1.0231339065240632
2009-10-12,0.02379919726368761,1.0469331037877507
2009-10-13,0.03437281451623151,1.0813059183039824
2009-10-14,-0.07257731306564127,1.008728605238341
2009-10-15,-0.05300754630797777,0.9557210589303633
2009-10-16,0.018928466097935918,0.9746495250282992
2009-10-19,0.0060698777254310585,0.9807194027537303
2009-10-20,0.04959780900880384,1.030317211762534
2009-10-21,-0.06183651848247899,0.968480693280055
2009-10-22,-0.0023903771063400222,0.9660903161737151
2009-10-23,-0.036568934184304444,0.9295213819894106
2009-10-26,-0.0290594811734797,0.9004619008159309
2009-10-27,0.09129315251935072,0.9917550533352817
2009-10-28,0.021644625466260076,1.0133996788015418
2009-10-29,-0.06254575415586835,0.9508539246456733
2009-10-30,0.09077833119608228,1.0416322558417557
2009-11-02,-0.010419485608740009,1.0312127702330156
2009-11-03,-0.024889005329796786,1.0063237649032188
2009-11-04,-0.032323167172697564,0.9740005977305213
2009-11-05,0.011778535269962824,0.9857791330004841
2009-11-06,0.008950901798620653,0.9947300347991047
2009-11-09,0.02730957321804824,1.022039608017153
2009-11-10,0.013219694139184533,1.0352593021563374
2009-11-11,0.028128886802778884,1.0633881889591164
2009-11-12,-0.007589417233464612,1.0557987717256518
2009-11-13,0.0017100206985633444,1.0575087924242152
2009-11-16,0.07039848397159254,1.1279072763958076
2009-11-17,0.008184259938264554,1.1360915363340722
2009-11-18,-0.016181317512262122,1.1199102188218102
2009-11-19,0.028073163360561523,1.1479833821823715
2009-11-20,-0.0006858559776008418,1.1472975262047709
2009-11-23,-0.008814892022871886,1.1384826341818988
2009-11-24,0.045326062266710196,1.183808696448609
2009-11-25,0.012004435444087799,1.195813131892697
2009-11-26,0.1416571370988351,1.3374702689915319
2009-11-27,0.03168023942570991,1.369150508417242
2009-11-30,0.014694083727128165,1.38384459214437
2009-12-01,-0.024223716620949177,1.359620875523421
2009-12-02,-0.02800646555566259,1.3316144099677583
2009-12-03,-0.024388395343294657,1.3072260146244636
2009-12-04,-0.0903231855762696,1.216902829048194
2009-12-07,0.05012712046326264,1.2670299495114565
2009-12-08,0.06128779667103647,1.328317746182493
2009-12-09,-0.002335542150369292,1.3259822040321239
2009-12-10,-0.037125056532590184,1.2888571474995336
2009-12-11,-0.04341571368273571,1.2454414338167978
2009-12-14,-0.008786830611486721,1.2366546032053112
2009-12-15,-0.046150252622092325,1.1905043505832187
2009-12-16,0.01941359383181728,1.209917944415036
2009-12-17,0.09478256474135713,1.3047005091563932
2009-12-18,-0.025380593711600324,1.279319915444793
2009-12-21,-0.07531840940683368,1.2040015060379592
2009-12-22,-0.05108824480990784,1.1529132612280515
2009-12-23,-0.037943374905975526,1.1149698863220758
2009-12-24,-0.042512477252528866,1.072457409069547
2009-12-28,-0.040802590979009325,1.0316548180905376
2009-12-29,-0.0008312189857421857,1.0308235991047954
2009-12-30,-0.0117638404496846,1.019059758655111
2009-12-31,-0.04568689409846446,0.9733728645566464
2010-01-04,0.011276590722787048,0.9846494552794335
2010-01-05,0.04940516270029967,1.0340546179797332
2010-01-06,-0.019770568436953004,1.01428404954278
2010-01-07,0.002275597445251608,1.0165596469880318
2010-01-08,0.0176347932430972,1.034194440231129
2010-01-11,0.019297687926126558,1.0534921281572556
2010-01-12,0.055526777947775025,1.1090189061050306
2010-01-13,-0.021654132042230153,1.0873647740628003
2010-01-14,0.044041211671628375,1.1314059857344287
2010-01-15,0.05084318324864911,1.1822491689830779
2010-01-18,0.009761333572614963,1.1920105025556929
2010-01-19,-0.030691294443553396,1.1613192081121395
2010-01-20,0.05509142034555442,1.2164106284576939
2010-01-21,0.051176053412146656,1.2675866818698405
2010-01-22,0.009284848801421249,1.276871530671262
2010-01-25,-0.01580948031419739,1.2610620503570644
2010-01-26,0.00652582397769634,1.2675878743347608
2010-01-27,-0.020424420679034973,1.247163453655726
2010-01-28,0.02636570721099262,1.2735291608667185
2010-01-29,0.04845472505426781,1.3219838859209863
2010-02-01,-0.032133906471660784,1.2898499794493254
2010-02-02,0.006492525010735853,1.2963425044600614
2010-02-03,-0.04561249869084577,1.2507300057692154
2010-02-04,0.11310109543840453,1.36383110120762
2010-02-05,0.05692789835083502,1.420758999558455
2010-02-08,-0.03113189545703085,1.3896271041014243
2010-02-09,-0.05608974100529927,1.333537363096125
2010-02-10,-0.03552376172155871,1.2980136013745662
2010-02-11,-0.014972991275651017,1.2830406100989151
2010-02-12,0.04520716799775479,1.32824777809667
2010-02-15,0.014036574022274113,1.342284352118944
2010-02-16,0.020624998043603356,1.3629093501625476
2010-02-17,-0.05667227162055712,1.3062370785419903
2010-02-18,-0.04032233546754288,1.2659147430744475
2010-02-19,-0.030497989133492574,1.2354167539409548
2010-02-22,0.013066970227302743,1.2484837241682576
2010-02-23,0.11684347944465567,1.3653272036129134
2010-02-24,0.013382696144200488,1.3787098997571139
2010-02-25,0.0500106877942863,1.4287205875514002
2010-02-26,0.018596438115231116,1.4473170256666312
2010-03-01,0.0019355253414561498,1.4492525510080874
2010-03-02,-0.0002444920177862266,1.4490080589903012
2010-03-03,-0.016989073526250422,1.4320189854640508
2010-03-04,0.013997037774470436,1.4460160232385213
2010-03-05,-0.04888794368576131,1.3971280795527599
2010-03-08,-0.018891032424620965,1.3782370471281389
2010-03-09,0.034985636617478895,1.4132226837456179
2010-03-10,-0.02636560268679997,1.3868570810588179
2010-03-11,-0.0319956564345426,1.3548614246242752
2010-03-12,-0.0017653493528245333,1.3530960752714507
2010-03-15,0.01909164411373686,1.3721877193851877
2010-03-16,0.06751903500248718,1.4397067543876747
2010-03-17,-0.00618967196206525,1.4335170824256096
2010-03-18,-0.03176508092577876,1.4017520014998306
2010-03-19,-0.009752005602307878,1.3919999958975229
2010-03-22,0.05106014685424774,1.4430601427517706
2010-03-23,0.007864379795441117,1.4509245225472118
2010-03-24,-0.11386255672392595,1.3370619658232856
2010-03-25,-0.06384871623387192,1.2732132495894137
2010-03-26,0.032396445970179905,1.3056096955595937
2010-03-29,0.011578702701719429,1.317188398261313
2010-03-30,0.022973372906308194,1.3401617711676215
2010-03-31,0.033594773076112514,1.3737565442437338
2010-04-01,-0.01310017871116935,1.3606563655325645
2010-04-02,-0.08957225582738029,1.2710841097051842
2010-04-05,-0.05290390612426757,1.2181802035809166
2010-04-06,-0.02607350314877962,1.192106700432137
2010-04-07,0.08705729603416744,1.2791639964663046
2010-04-08,-0.019164145720025415,1.259999850746279
2010-04-09,-0.03670887653631955,1.2232909742099596
2010-04-12,0.01409304524730267,1.2373840194572623
2010-04-13,0.03437718736620817,1.2717612068234705
2010-04-14,-0.016574306704998095,1.2551869001184723
2010-04-15,0.026027053243578346,1.2812139533620508
2010-04-16,0.08751583723996398,1.3687297906020146
2010-04-19,-0.021075837193959692,1.347653953408055
2010-04-20,-0.012482074162783813,1.3351718792452711
2010-04-21,0.039693643158388595,1.3748655224036597
2010-04-22,-0.009677593728433556,1.3651879286752262
2010-04-23,-0.02655413331282547,1.3386337953624008
2010-04-26,0.02055369579113798,1.3591874911535387
2010-04-27,0.16494783919015726,1.524135330343696
2010-04-28,-0.07734789140787761,1.4467874389358184
2010-04-29,0.017535115585010752,1.4643225545208292
2010-04-30,0.041571629436877935,1.505894183957707
2010-05-03,-0.04767268722335586,1.4582214967343512
2010-05-04,0.11687657620666364,1.5750980729410147
2010-05-05,0.07688948858435476,1.6519875615253694
2010-05-06,0.14361263393700374,1.7956001954623733
2010-05-07,-0.0462353083168295,1.7493648871455436
2010-05-10,-0.09546548789799221,1.6538993992475515
2010-05-11,0.012795801701277264,1.6666952009488287
2010-05-12,-0.015307746207947866,1.651387454740881
2010-05-13,0.02665940385600437,1.6780468585968853
2010-05-14,0.07228210623376707,1.7503289648306524
2010-05-17,-0.026248308882484122,1.7240806559481683
2010-05-18,0.08565012811558413,1.8097307840637524
2010-05-19,-0.012144252630865198,1.7975865314328874
2010-05-20,0.07063505281111068,1.868221584243998
2010-05-21,0.00526777804101476,1.8734893622850128
2010-05-24,0.006871613385668763,1.8803609756706816
2010-05-25,0.05650513881067265,1.9368661144813542
2010-05-26,-0.053906016172242416,1.8829600983091117
2010-05-27,-0.06643441548647228,1.8165256828226395
2010-05-28,0.031651805732667834,1.8481774885553073
2010-05-31,0.021948524574511928,1.8701260131298192
2010-06-01,0.0017899422262261761,1.8719159553560454
2010-06-02,-0.021685804311053544,1.8502301510449919
2010-06-03,-0.0044158004266233765,1.8458143506183684
2010-06-04,0.11909019043116113,1.9649045410495296
2010-06-07,0.008683294122810055,1.9735878351723397
2010-06-08,0.011851648539040867,1.9854394837113807
2010-06-09,-0.014585836397528973,1.9708536473138516
2010-06-10,-0.08590983592638961,1.884943811387462
2010-06-11,0.06425990635147051,1.9492037177389325
2010-06-14,-0.024360885497948213,1.9248428322409843
2010-06-15,-0.044436794163444274,1.88040603807754
2010-06-16,0.017722984356525476,1.8981290224340657
2010-06-17,0.027880262708154163,1.9260092851422197
2010-06-18,-0.04254551007933003,1.8834637750628898
2010-06-21,-0.015847355589454767,1.867616419473435
2010-06-22,0.06279442716957212,1.930410846643007
2010-06-23,0.022308833753966882,1.952719680396974
2010-06-24,0.02143258985539821,1.9741522702523722
2010-06-25,0.0073424947293998545,1.9814947649817718
2010-06-28,0.047405952057519386,2.028900717039291
2010-06-29,0.03350479094284479,2.062405507982136
2010-06-30,-0.011250968541295472,2.051154539440841
2010-07-01,-0.00881188098519286,2.042342658455648
2010-07-02,-0.00250272874381067,2.039839929711837
2010-07-05,0.018653795104598758,2.0584937248164357
2010-07-06,0.008302199927042514,2.066795924743478
2010-07-07,-0.027310787876555585,2.039485136866923
2010-07-08,-0.022465005124560847,2.017020131742362
2010-07-09,-0.019895701356294333,1.9971244303860676
2010-07-12,0.030486716725291144,2.027611147111359
2010-07-13,-0.05130451163755537,1.9763066354738035
2010-07-14,0.03672158723511347,2.013028222708917
2010-07-15,0.019708422834559286,2.0327366455434763
2010-07-16,0.03549859628989478,2.0682352418333707
2010-07-19,-0.03633489698294798,2.031900344850423
2010-07-20,0.021468484106227995,2.0533688289566507
2010-07-21,0.04495891271391805,2.098327741670569
2010-07-22,-0.03115412756675704,2.0671736141038117
2010-07-23,-0.07255637320484083,1.994617240898971
2010-07-26,-0.009922465353260069,1.984694775545711
2010-07-27,-0.03781967468949684,1.9468751008562142
2010-07-28,0.05509822236132236,2.0019733232175367
2010-07-29,0.027870528932863986,2.0298438521504005
2010-07-30,0.060817749674774046,2.0906616018251745
2010-08-02,-0.037231352172012545,2.053430249653162
2010-08-03,0.08486520999701958,2.1382954596501813
2010-08-04,-0.02076821857424091,2.1175272410759405
2010-08-05,0.03887911462819709,2.1564063557041377
2010-08-06,0.05253418720576062,2.2089405429098985
2010-08-09,-0.012696512633767061,2.196244030276131
2010-08-10,0.048839840701250456,2.245083870977382
2010-08-11,0.061568348193178045,2.3066522191705596
2010-08-12,-0.01744613281941698,2.289206086351143
2010-08-13,0.02532499463954566,2.3145310809906885
2010-08-16,0.0626216122960796,2.377152693286768
2010-08-17,-0.04840140808609995,2.3287512852006684
2010-08-18,0.011874513565541308,2.34062579876621
2010-08-19,0.03753232034260645,2.378158119108816
2010-08-20,-0.018940125548822302,2.3592179935599935
2010-08-23,0.016056537862930695,2.3752745314229244
2010-08-24,0.09209184442058194,2.4673663758435063
2010-08-25,-0.025439579031760237,2.441926796811746
2010-08-26,0.021802243507188932,2.4637290403189347
2010-08-27,-0.0959558157900188,2.367773224528916
2010-08-30,0.08243429215735959,2.450207516686276
2010-08-31,0.03364417030214484,2.4838516869884204
2010-09-01,-0.0882292876666925,2.395622399321728
2010-09-02,-0.03362335288477429,2.361999046436954
2010-09-03,-0.05632712088053052,2.305671925556423
2010-09-06,0.030714580963399706,2.3363865065198226
2010-09-07,0.08574048787997438,2.422126994399797
2010-09-08,-0.041864411064732404,2.380262583335065
2010-09-09,-0.08066993005881345,2.2995926532762514
2010-09-10,-0.026156728746698752,2.2734359245295526
2010-09-13,0.02880228550091698,2.3022382100304695
2010-09-14,0.04200772020873616,2.3442459302392056
2010-09-15,-0.039594478391802676,2.304651451847403
2010-09-16,-0.031754054944907004,2.272897396902496
2010-09-17,0.02955172133723017,2.302449118239726
2010-09-20,-0.004942808510532241,2.2975063097291937
2010-09-21,0.07742742785475167,2.3749337375839454
2010-09-22,0.02037714000888386,2.39531087759283
2010-09-23,0.027558736862345265,2.422869614455175
2010-09-24,-0.034097411076618386,2.3887722033785566
2010-09-27,0.06527254085149216,2.454044744230049
2010-09-28,0.029075502168364114,2.4831202463984132
2010-09-29,-0.023723963559225496,2.4593962828391875
2010-09-30,-0.01688181773923992,2.4425144650999475
2010-10-01,-0.005861466350378574,2.436652998749569
2010-10-04,0.040586469639389736,2.4772394683889587
2010-10-05,-0.004147579563141723,2.4730918888258167
2010-10-06,0.0463054569867766,2.5193973458125933
2010-10-07,-0.004603556558828123,2.5147937892537655
2010-10-08,0.019593929004186373,2.534387718257952
2010-10-11,0.0008127278644677018,2.5352004461224196
2010-10-12,0.0004272739981961843,2.5356277201206154
2010-10-13,-0.0068484732079031885,2.5287792469127126
2010-10-14,-0.03597270516066618,2.492806541752046
2010-10-15,-0.04032368832015097,2.452482853431895
2010-10-18,0.015383343118461061,2.4678661965503563
2010-10-19,-0.0015769191514836342,2.4662892773988725
2010-10-20,-0.028988497967799124,2.4373007794310735
2010-10-21,-0.04647457126651333,2.39082620816456
2010-10-22,-0.0008646597473284051,2.389961548417232
2010-10-25,-0.0023444122260030944,2.3876171361912286
2010-10-26,-0.06721517002738917,2.32040196616384
2010-10-27,-0.046291460965783966,2.2741105051980557
2010-10-28,0.041364681049635865,2.3154751862476917
2010-10-29,0.05342657044530698,2.3689017566929986
2010-11-01,0.014733294184768032,2.383635050877767
2010-11-02,0.009071455303907981,2.392706506181675
2010-11-03,0.033784079501200506,2.426490585682875
2010-11-04,0.08588282357651555,2.5123734092593906
2010-11-05,-0.03475503343141617,2.4776183758279746
2010-11-08,-0.00032729033019413944,2.4772910854977805
2010-11-09,-0.08131732785578051,2.3959737576419995
2010-11-10,0.04849440454801619,2.4444681621900157
2010-11-11,-0.02972824512500798,2.414739917065008
2010-11-12,-0.09186575274368017,2.3228741643213278
2010-11-15,-0.08303590664738046,2.2398382576739473
2010-11-16,0.008592242404118853,2.248430500078066
2010-11-17,-0.01425416419037387,2.2341763358876925
2010-11-18,-0.05400362721185439,2.180172708675838
2010-11-19,-0.006223300183787993,2.17394940849205
2010-11-22,0.06266652734164584,2.2366159358336954
2010-11-23,0.05574554488030047,2.2923614807139963
2010-11-24,-0.10992097331223513,2.182440507401761
2010-11-25,-0.02375837789389984,2.158682129507861
2010-11-26,0.01318991264940871,2.1718720421572697
2010-11-29,0.005461182486949166,2.1773332246442187
2010-11-30,0.0537007527204268,2.2310339773646457
2010-12-01,-0.12473033882116785,2.106303638543478
2010-12-02,-0.034123153509248376,2.0721804850342296
2010-12-03,0.012361619212015547,2.0845421042462453
2010-12-06,0.05629333127413895,2.1408354355203842
2010-12-07,-0.1381041350195123,2.002731300500872
2010-12-08,-0.0652311320692684,1.9375001684316033
2010-12-09,0.017119693411899783,1.9546198618435031
2010-12-10,-0.04180857042303174,1.9128112914204713
2010-12-13,0.03254277054729542,1.9453540619677667
2010-12-14,-0.09571799380996714,1.8496360681577997
2010-12-15,-0.01037676583886805,1.8392593023189314
2010-12-16,0.023541772926609944,1.8628010752455415
2010-12-17,0.037376004224299694,1.9001770794698412
2010-12-20,0.02057821270909136,1.9207552921789324
2010-12-21,0.011267247315046474,1.932022539493979
2010-12-22,-0.015650209092639526,1.9163723304013396
2010-12-23,0.006062558689288825,1.9224348890906282
2010-12-27,-0.016851891652900762,1.9055829974377274
2010-12-28,-0.018745253063995406,1.886837744373732
2010-12-29,0.06392151050015842,1.9507592548738906
2010-12-30,0.0026893703896400164,1.9534486252635306
2010-12-31,0.03644655917196478,1.9898951844354953
2011-01-03,0.006087240871323481,1.9959824253068188
2011-01-04,0.00730721117648369,2.003289636483302
2011-01-05,-0.08057856783519651,1.922711068648106
2011-01-06,0.047461535766888906,1.9701726044149948
2011-01-07,0.05284449343842057,2.0230170978534154
2011-01-10,0.006506234004860773,2.029523331858276
2011-01-11,-0.023722627567807283,2.005800704290469
2011-01-12,-0.05135755015928578,1.954443154131183
2011-01-13,0.008306755805901497,1.9627499099370844
2011-01-14,-0.018760007955182394,1.9439899019819022
2011-01-17,0.006267597992326093,1.9502574999742284
2011-01-18,-0.026189603328279836,1.9240678966459486
2011-01-19,0.010415520147360288,1.9344834167933087
2011-01-20,-0.07453184720718502,1.8599515695861237
2011-01-21,0.008217242268140183,1.8681688118542639
2011-01-24,0.00997078507827757,1.8781395969325414
2011-01-25,0.037414010014551705,1.915553606947093
2011-01-26,-0.0540945055418468,1.8614591014052464
2011-01-27,0.013734820698001825,1.875193922103248
2011-01-28,0.03097115154837991,1.906165073651628
2011-01-31,-0.028698276421681795,1.8774667972299461
2011-02-01,-0.037312043080135505,1.8401547541498107
2011-02-02,-0.035796561701400643,1.8043581924484102
2011-02-03,0.009298935351535824,1.8136571277999458
2011-02-04,-0.067143502973008,1.746513624826938
2011-02-07,0.01584756180749016,1.7623611866344282
2011-02-08,-0.04665433355611857,1.7157068530783095
2011-02-09,0.024297901597844222,1.7400047546761537
2011-02-10,-0.03455767721815374,1.705447077458
2011-02-11,0.030701458789984273,1.7361485362479843
2011-02-14,0.0033276252336445584,1.7394761614816288
2011-02-15,0.013542703226876748,1.7530188647085057
2011-02-16,0.017655373815464316,1.77067423852397
2011-02-17,0.05671103965730197,1.8273852781812718
2011-02-18,-0.024672262389462792,1.8027130157918092
2011-02-21,0.04971358002715173,1.852426595818961
2011-02-22,0.06059512434754122,1.913021720166502
2011-02-23,-0.017478285821633473,1.8955434343448687
2011-02-24,0.020032284203694777,1.9155757185485633
2011-02-25,0.006151255279515027,1.9217269738280784
2011-02-28,0.0007386635861608894,1.9224656374142395
2011-03-01,0.0029081409602873627,1.9253737783745266
2011-03-02,-0.048274627193671656,1.877099151180855
2011-03-03,-0.11450784620508185,1.762591304975773
2011-03-04,0.06972005368190971,1.832311358657683
2011-03-07,-0.015567316493175274,1.8167440421645078
2011-03-08,-0.020621071216171512,1.7961229709483362
2011-03-09,0.039437918319654805,1.8355608892679909
2011-03-10,0.06127652143174296,1.8968374106997339
2011-03-11,0.008577397527530119,1.9054148082272642
2011-03-14,0.021047476195366194,1.9264622844226302
2011-03-15,0.04268511313842807,1.9691473975610583
2011-03-16,0.09131659062016054,2.060463988181219
2011-03-17,-0.05792297512842873,2.0025410130527903
2011-03-18,-0.031245961132955045,1.9712950519198351
2011-03-21,-0.05010816221093732,1.921186889708898
2011-03-22,-0.010576795881735242,1.9106100938271626
2011-03-23,0.011917790379607798,1.9225278842067706
2011-03-24,-0.04035381426009722,1.8821740699466734
2011-03-25,-0.03279590810416301,1.8493781618425102
2011-03-28,-0.0066243939638419794,1.8427537678786683
2011-03-29,-0.04422302409956281,1.7985307437791056
2011-03-30,0.028115716428629242,1.8266464602077348
2011-03-31,-0.020505762547333238,1.8061406976604015
2011-04-01,-0.010694159027040054,1.7954465386333616
2011-04-04,0.01397841773873721,1.8094249563720988
2011-04-05,-0.03688178562183406,1.7725431707502646
2011-04-06,-0.035542127510148604,1.737001043240116
2011-04-07,0.019014377646719243,1.7560154208868353
2011-04-08,-0.040693867613235,1.7153215532736001
2011-04-11,-0.002943879309599493,1.7123776739640006
2011-04-12,0.07055886966300438,1.782936543627005
2011-04-13,0.02798173217071471,1.8109182757977198
2011-04-14,-0.024369710040936785,1.786548565756783
2011-04-15,0.06728549293269431,1.8538340586894773
2011-04-18,0.0867533485285518,1.940587407218029
2011-04-19,-0.016646577402746315,1.9239408298152827
2011-04-20,-0.03645084479162069,1.8874899850236622
2011-04-21,0.023623400220013167,1.9111133852436752
2011-04-25,0.04005059844074734,1.9511639836844226
2011-04-26,0.03818018747760904,1.9893441711620317
2011-04-27,-0.035872718626623376,1.9534714525354082
2011-04-28,0.04941413966342416,2.002885592198832
2011-04-29,0.02902516222644909,2.0319107544252812
2011-05-02,-0.003313435714600122,2.0285973187106814
2011-05-03,0.000699993542596717,2.029297312253278
2011-05-04,-0.014529925356343527,2.0147673868969345
2011-05-05,0.08105753891016265,2.095824925807097
2011-05-06,0.035099373197632844,2.1309242990047297
2011-05-09,0.03313598608368471,2.1640602850884143
2011-05-10,-0.038816704705483776,2.125243580382931
2011-05-11,0.038022479509834464,2.1632660598927655
2011-05-12,-0.025858559860014632,2.137407500032751
2011-05-13,0.04105522611448004,2.178462726147231
2011-05-16,0.008364689313846992,2.1868274154610776
2011-05-17,0.012998999477753775,2.1998264149388316
2011-05-18,-0.04190531355103824,2.1579211013877933
2011-05-19,0.01299747347867474,2.1709185748664677
2011-05-20,0.04221866854151747,2.213137243407985
2011-05-23,0.03455750166779084,2.2476947450757763
2011-05-24,-0.003014136137109619,2.2446806089386664
2011-05-25,0.014953812219461304,2.2596344211581276
2011-05-26,0.07587052770566487,2.3355049488637922
2011-05-27,0.009482722163473522,2.344987671027266
2011-05-30,0.0010344508325928286,2.3460221218598587
2011-05-31,-0.017998170905418075,2.3280239509544405
2011-06-01,0.08393539963866999,2.4119593505931105
2011-06-02,-0.054715721464564986,2.3572436291285457
2011-06-03,0.014342568113719317,2.371586197242265
2011-06-06,0.017509271593273385,2.3890954688355386
2011-06-07,-0.03098838134397344,2.3581070874915646
2011-06-08,0.06255447036322848,2.4206615578547934
2011-06-09,-0.024359358178688256,2.3963021996761054
2011-06-10,0.06308499265716311,2.459387192333268
2011-06-13,-0.015915449615996783,2.4434717427172714
2011-06-14,-0.0699062178641584,2.373565524853113
2011-06-15,0.11067518543844568,2.4842407102915587
2011-06-16,0.032193262400670594,2.516433972692229
2011-06-17,-0.03423276389264628,2.482201208799583
2011-06-20,-0.012586622820255553,2.4696145859793273
2011-06-21,-0.01627026148054287,2.4533443244987847
2011-06-22,0.014840616343117315,2.468184940841902
2011-06-23,0.09566203178458371,2.563846972626486
2011-06-24,0.0544600015095976,2.6183069741360834
2011-06-27,-0.054842734262565696,2.5634642398735177
2011-06-28,-0.11129739002631656,2.452166849847201
2011-06-29,-0.04453120465599154,2.4076356451912098
2011-06-30,-0.04692413070026258,2.360711514490947
2011-07-01,-0.022070367623167195,2.3386411468677797
2011-07-04,0.0011128701073312756,2.339754016975111
2011-07-05,0.06051928008229025,2.4002732970574012
2011-07-06,0.04359955728087128,2.4438728543382724
2011-07-07,-0.042966720852270004,2.4009061334860027
2011-07-08,0.13692268395345605,2.5378288174394585
2011-07-11,0.1154964833908452,2.6533253008303035
2011-07-12,-0.009230683140085384,2.644094617690218
2011-07-13,-0.0046640925191197,2.6394305251710986
2011-07-14,-0.016669697351037117,2.6227608278200614
2011-07-15,0.04128651486233008,2.6640473426823914
2011-07-18,0.012763239304874475,2.676810581987266
2011-07-19,-0.005308674355674697,2.6715019076315913
2011-07-20,-0.05490406095728621,2.616597846674305
2011-07-21,-0.08400070767140697,2.532597139002898
2011-07-22,0.034695270837471995,2.5672924098403698
2011-07-25,0.010991394983464672,2.5782838048238346
2011-07-26,0.03740952510903155,2.615693329932866
2011-07-27,0.015154037367690047,2.6308473673005563
2011-07-28,0.02289118922105436,2.6537385565216107
2011-07-29,0.10402926246301104,2.7577678189846218
2011-08-01,0.04114955180936698,2.7989173707939887
2011-08-02,0.075838908323246,2.8747562791172347
2011-08-03,-0.024924685130125093,2.8498315939871093
2011-08-04,0.10811919661524916,2.9579507906023585
2011-08-05,-0.12714597034978461,2.830804820252574
2011-08-08,0.13356303749012957,2.9643678577427037
2011-08-09,0.043148720951053536,3.007516578693757
2011-08-10,0.03538349586930947,3.0429000745630668
2011-08-11,-0.05501941825296617,2.9878806563101006
2011-08-12,0.015424845485866694,3.003305501795967
2011-08-15,-0.018180413054549104,2.985125088741418
2011-08-16,0.037911172878146666,3.0230362616195645
2011-08-17,0.024920599056000338,3.0479568606755647
2011-08-18,0.04132117932393919,3.089278039999504
2011-08-19,-0.005005931692124931,3.084272108307379
2011-08-22,-0.01003835817011588,3.074233750137263
2011-08-23,-0.013968400899826448,3.0602653492374365
2011-08-24,-0.04430667043741919,3.0159586788000174
2011-08-25,0.03465116465667605,3.0506098434566935
2011-08-26,0.020500676628147536,3.071110520084841
2011-08-29,-0.04904010684499401,3.022070413239847
2011-08-30,0.048058731429290936,3.070129144669138
2011-08-31,-0.03799608372044982,3.0321330609486883
2011-09-01,0.05156113591632523,3.0836941968650136
2011-09-02,0.06154126667333923,3.1452354635383526
2011-09-05,0.09805131081373983,3.2432867743520926
2011-09-06,-0.02651251942256212,3.2167742549295304
2011-09-07,-0.015306530332681584,3.201467724596849
2011-09-08,0.028142165412134504,3.2296098900089834
2011-09-09,0.05331129920881484,3.2829211892177983
2011-09-12,-0.016910448975512405,3.2660107402422858
2011-09-13,-0.02914249396006975,3.236868246282216
2011-09-14,-0.033263154864231384,3.2036050914179843
2011-09-15,-0.03694018963434871,3.1666649017836357
2011-09-16,0.02547470548002364,3.1921396072636594
2011-09-19,0.060798646301696596,3.252938253565356
2011-09-20,0.0023106760830417304,3.2552489296483977
2011-09-21,0.002589790712007104,3.2578387203604047
2011-09-22,0.061884179313613036,3.3197228996740176
2011-09-23,-0.0548964430461756,3.264826456627842
2011-09-26,-0.052698672157883306,3.2121277844699585
2011-09-27,-0.05533085531281821,3.1567969291571405
2011-09-28,-0.0025649966968290857,3.1542319324603114
2011-09-29,0.0069674409591085375,3.16119937341942
2011-09-30,0.03130144277737768,3.192500816196798
2011-10-03,0.0776993187745148,3.270200134971313
2011-10-04,-0.00822486845020388,3.261975266521109
2011-10-05,-0.06124206636150609,3.2007332001596027
2011-10-06,-0.05116528084868401,3.1495679193109187
2011-10-07,-0.02686678125395892,3.12270113805696
2011-10-10,-0.08833670521878378,3.034364432838176
2011-10-11,0.02224808802171258,3.0566125208598884
2011-10-12,-0.03750185030884464,3.019110670551044
2011-10-13,0.046369003862783774,3.0654796744138277
2011-10-14,-0.0259891477107465,3.0394905267030814
2011-10-17,0.06298570857182975,3.1024762352749113
2011-10-18,0.011999817294379815,3.114476052569291
2011-10-19,0.0056295258719879695,3.120105578441279
2011-10-20,-0.010326456470431233,3.1097791219708477
2011-10-21,-0.013947834525957686,3.09583128744489
2011-10-24,-0.016139179314635082,3.079692108130255
2011-10-25,0.06000765053231702,3.139699758662572
2011-10-26,-0.02849912664244684,3.1112006320201253
2011-10-27,-0.10279710760794039,3.0084035244121847
2011-10-28,0.04781542207575986,3.056218946487945
2011-10-31,0.1107261787619623,3.166945125249907
2011-11-01,0.08068787979626746,3.2476330050461746
2011-11-02,-0.0080929985946539,3.2395400064515205
2011-11-03,-0.026384343525440473,3.2131556629260802
2011-11-04,0.03612014720416754,3.2492758101302477
2011-11-07,0.009290384574755395,3.2585661947050033
2011-11-08,-0.03925957089122471,3.2193066238137784
2011-11-09,0.07175240613515295,3.2910590299489315
2011-11-10,-0.035663240039582975,3.2553957899093486
2011-11-11,-0.04805379447090369,3.207341995438445
2011-11-14,0.05923494330493865,3.2665769387433836
2011-11-15,-0.008174150611328689,3.258402788132055
2011-11-16,-0.0008829407713848983,3.25751984736067
2011-11-17,0.0010746569757650575,3.258594504336435
2011-11-18,-0.05116289529158498,3.20743160904485
2011-11-21,0.021397308758945063,3.2288289178037948
2011-11-22,0.018535698581528086,3.247364616385323
2011-11-23,-0.024354440694700434,3.2230101756906224
2011-11-24,-0.030129812045966563,3.192880363644656
2011-11-25,-0.03834750131542543,3.1545328623292304
2011-11-28,0.002290374095203466,3.156823236424434
2011-11-29,-0.025104531614055937,3.131718704810378
2011-11-30,0.0015116914436909008,3.133230396254069
2011-12-01,0.028220371658630995,3.1614507679127
2011-12-02,0.033117942294045785,3.1945687102067457
2011-12-05,-0.032213002778253605,3.162355707428492
2011-12-06,0.0003285460284252011,3.1626842534569173
2011-12-07,0.05126110261136444,3.213945356068282
2011-12-08,0.043659904176601455,3.2576052602448833
2011-12-09,-0.05351149287019339,3.20409376737469
2011-12-12,0.04344747345340853,3.2475412408280984
2011-12-13,0.011798661402871518,3.2593399022309697
2011-12-14,0.031514341508662586,3.2908542437396324
2011-12-15,-0.0034328936982715875,3.287421350041361
2011-12-16,0.03700346016825582,3.3244248102096168
2011-12-19,0.0024913021629711374,3.326916112372588
2011-12-20,-0.05006371049711516,3.2768524018754728
2011-12-21,-0.015217647989207226,3.2616347538862653
2011-12-22,-2.9980874307723097e-05,3.2616047730119577
2011-12-23,-0.04206384734944784,3.21954092566251
2011-12-27,0.01906744788148556,3.2386083735439954
2011-12-28,0.0433247223135502,3.2819330958575454
2011-12-29,0.024316219576041267,3.3062493154335866
2011-12-30,0.0289203503503202,3.3351696657839067
2012-01-03,-0.04937611678178677,3.28579354900212
2012-01-04,-0.01035920771078121,3.275434341291339
2012-01-05,0.022137083900730062,3.297571425192069
2012-01-06,0.024501648288599652,3.3220730734806687
2012-01-09,0.004626538563074065,3.326699612043743
2012-01-10,-0.020876109470613177,3.3058235025731295
2012-01-11,0.0479103196268964,3.353733822200026
2012-01-12,-0.015244114738876144,3.3384897074611497
2012-01-13,0.05666941865578772,3.3951591261169374
2012-01-16,0.006196101742395984,3.4013552278593333
2012-01-17,-0.007309143528136885,3.3940460843311966
2012-01-18,-0.024728561462203782,3.3693175228689927
2012-01-19,-0.049529170441841346,3.3197883524271514
2012-01-20,-0.05230910548118483,3.2674792469459666
2012-01-23,-0.022291428777115464,3.245187818168851
2012-01-24,0.0037911814112221985,3.248978999580073
2012-01-25,0.07220160477164846,3.3211806043517216
2012-01-26,0.05970965324369573,3.3808902575954174
2012-01-27,0.011131630559260731,3.392021888154678
2012-01-30,0.0300260088606402,3.422047897015318
2012-01-31,0.020896449594723886,3.442944346610042
2012-02-01,-0.030651875097665655,3.412292471512376
2012-02-02,0.010912233261455653,3.423204704773832
2012-02-03,-0.08289085506217606,3.340313849711656
2012-02-06,0.04126354356036575,3.3815773932720217
2012-02-07,-0.06216852703273261,3.319408866239289
2012-02-08,-0.013108255742415911,3.306300610496873
2012-02-09,-0.03813480623265264,3.2681658042642203
2012-02-10,0.08237770376111161,3.350543508025332
2012-02-13,-0.03283666366331029,3.317706844362022
2012-02-14,0.023553354551397853,3.3412601989134196
2012-02-15,0.024701724168834472,3.365961923082254
2012-02-16,-0.05390442092699354,3.3120575021552607
2012-02-17,-0.006738045020731939,3.305319457134529
2012-02-20,-0.028344872458105866,3.276974584676423
2012-02-21,-0.021993470030200232,3.2549811146462226
2012-02-22,0.05451895629181203,3.309500070938035
2012-02-23,0.007814553738875173,3.31731462467691
2012-02-24,-0.002682812859219393,3.3146318118176903
2012-02-27,0.051575325278284116,3.3662071370959743
2012-02-28,0.011301425851310696,3.377508562947285
2012-02-29,-0.034970387344851084,3.3425381756024337
2012-03-01,-0.034509138260345226,3.3080290373420884
2012-03-02,0.058630364085921954,3.3666594014280102
2012-03-05,-0.024004520659390967,3.3426548807686194
2012-03-06,0.04833042084535051,3.39098530161397
2012-03-07,-0.0146049102474089,3.376380391366561
2012-03-08,-0.021696695153763806,3.3546836962127973
2012-03-09,-0.012874396303578305,3.341809299909219
2012-03-12,0.008267607346079002,3.3500769072552976
2012-03-13,-0.0783676328147646,3.271709274440533
2012-03-14,-0.13658880149925096,3.135120472941282
2012-03-15,-0.009838308499201543,3.1252821644420803
2012-03-16,-0.045605258159194445,3.0796769062828857
2012-03-19,-0.047092799835766426,3.032584106447119
2012-03-20,0.005505422329581518,3.0380895287767005
2012-03-21,0.06715552769260594,3.1052450564693066
2012-03-22,0.005768615925443186,3.11101367239475
2012-03-23,0.06680160491489258,3.1778152773096426
2012-03-26,-0.020888469085621454,3.1569268082240214
2012-03-27,0.053719283900515925,3.2106460921245374
2012-03-28,0.007972289738332927,3.2186183818628704
2012-03-29,0.038738778521662465,3.257357160384533
2012-03-30,-0.028514592901768082,3.228842567482765
2012-04-02,0.022357368388561,3.251199935871326
2012-04-03,-0.0661864042884901,3.185013531582836
2012-04-04,0.05800315272906493,3.243016684311901
2012-04-05,0.06231609253002354,3.3053327768419245
2012-04-06,0.10610930426464196,3.4114420811065664
2012-04-09,0.0017097117958969569,3.4131517929024633
2012-04-10,0.06562921310399607,3.4787810060064595
2012-04-11,-0.039737214065205057,3.439043791941254
2012-04-12,-0.010184361937057983,3.4288594300041964
2012-04-13,0.034918068030371195,3.4637774980345677
2012-04-16,0.003034056041613906,3.4668115540761817
2012-04-17,-0.018349697387030232,3.4484618566891516
2012-04-18,0.018073192293810186,3.4665350489829616
2012-04-19,0.019631561220304454,3.486166610203266
2012-04-20,-0.011610538974213411,3.4745560712290526
2012-04-23,0.03989792817180754,3.5144539994008603
2012-04-24,-0.03908650883680042,3.47536749056406
2012-04-25,-0.00775932991837022,3.46760816064569
2012-04-26,0.038412548144903746,3.5060207087905937
2012-04-27,0.00911074119882086,3.5151314499894144
2012-04-30,0.019317770303553472,3.534449220292968
2012-05-01,-0.033112463629577406,3.5013367566633904
2012-05-02,0.0330217038684412,3.5343584605318314
2012-05-03,0.0013606462038453196,3.5357191067356766
2012-05-04,0.03712209908441129,3.572841205820088
2012-05-07,-0.010540998747830868,3.562300207072257
2012-05-08,0.039823295795126445,3.6021235028673835
2012-05-09,0.010097265849761828,3.6122207687171453
2012-05-10,-0.0061796766384835744,3.606041092078662
2012-05-11,0.02272427640278413,3.628765368481446
2012-05-14,0.04509012117689913,3.673855489658345
2012-05-15,-0.0157793296479317,3.6580761600104132
2012-05-16,-0.006262359015173058,3.65181380099524
2012-05-17,0.04299437607289498,3.694808177068135
2012-05-18,-0.016348057695020665,3.6784601193731143
2012-05-21,-0.0168495319490006,3.661610587424114
2012-05-22,-0.02151828755376789,3.640092299870346
2012-05-23,0.05109164258017497,3.691183942450521
2012-05-24,-0.02229236088696829,3.6688915815635523
2012-05-25,0.030636124586268756,3.699527706149821
2012-05-28,0.009424968292789316,3.7089526744426102
2012-05-29,-0.019515195275558794,3.6894374791670512
2012-05-30,0.1399428167624899,3.8293802959295413
2012-05-31,0.029024722916009483,3.8584050188455508
2012-06-01,0.06436211344569331,3.922767132291244
2012-06-04,-0.06734887380135364,3.8554182584898906
2012-06-05,-0.016773458171456458,3.838644800318434
2012-06-06,-0.10718962754197633,3.731455172776458
2012-06-07,-0.001248042336727101,3.730207130439731
2012-06-08,0.019969612830298765,3.7501767432700297
2012-06-11,0.035313875330327156,3.785490618600357
2012-06-12,-0.12725038036827646,3.6582402382320804
2012-06-13,0.030884619778540647,3.6891248580106213
2012-06-14,-0.022467790049261152,3.66665706796136
2012-06-15,0.04576078801922388,3.7124178559805836
2012-06-18,0.021175860522371477,3.733593716502955
2012-06-19,-0.0670075460300245,3.6665861704729306
2012-06-20,-0.0661930588595761,3.6003931116133545
2012-06-21,0.049602268362116966,3.6499953799754716
2012-06-22,-0.03970731945582953,3.610288060519642
2012-06-25,0.07775866397307873,3.688046724492721
2012-06-26,-0.025638031333381838,3.662408693159339
2012-06-27,-0.0015561706068857677,3.660852522552453
2012-06-28,0.037067356688927286,3.6979198792413803
2012-06-29,-0.059078615701169825,3.6388412635402103
2012-07-02,0.06725595804258469,3.706097221582795
2012-07-03,-0.02407677680443323,3.6820204447783618
2012-07-04,0.05825166194670329,3.7402721067250653
2012-07-05,0.0499571938513414,3.7902293005764065
2012-07-06,0.050859621183101424,3.841088921759508
2012-07-09,0.011605311160368144,3.852694232919876
2012-07-10,0.008330811016299637,3.8610250439361757
2012-07-11,-0.00038578139199079667,3.860639262544185
2012-07-12,0.01739229590705508,3.87803155845124
2012-07-13,-0.0020962852334115343,3.8759352732178285
2012-07-16,0.022753958310404526,3.898689231528233
2012-07-17,-0.017625991467524436,3.881063240060709
2012-07-18,0.030414724756187818,3.9114779648168967
2012-07-19,-0.02169703510339653,3.8897809297135
2012-07-20,0.05037216432623674,3.940153094039737
2012-07-23,0.0014938004993719708,3.941646894539109
2012-07-24,-0.008317126899963202,3.9333297676391457
2012-07-25,-0.009656866984679205,3.9236729006544664
2012-07-26,-0.044065063142443316,3.879607837512023
2012-07-27,-0.0872640094224288,3.792343828089594
2012-07-30,0.04286278181907431,3.8352066099086684
2012-07-31,0.04677061144215364,3.881977221350822
2012-08-01,-0.07593938153997686,3.806037839810845
2012-08-02,0.07018635725169807,3.8762241970625433
2012-08-03,-0.11511408849501244,3.761110108567531
2012-08-06,0.029934622167016253,3.791044730734547
2012-08-07,-0.05981622829450557,3.7312285024400413
2012-08-08,0.0047886286097188,3.7360171310497603
2012-08-09,0.0025997381853836185,3.738616869235144
2012-08-10,0.03633241735623427,3.774949286591378
2012-08-13,-0.015029447314849037,3.759919839276529
2012-08-14,-0.05072339336363443,3.7091964459128945
2012-08-15,-0.06607237392185669,3.643124071991038
2012-08-16,-0.00606462700513273,3.6370594449859053
2012-08-17,0.024037496861010227,3.6610969418469157
2012-08-20,-0.0018881237104471649,3.6592088181364684
2012-08-21,-0.0016346076617848365,3.6575742104746833
2012-08-22,0.08153342189239102,3.7391076323670744
2012-08-23,0.0420560537125932,3.7811636860796676
2012-08-24,-0.004019395262272002,3.7771442908173958
2012-08-27,0.01385295932915843,3.790997250146554
2012-08-28,0.007345362676554735,3.798342612823109
2012-08-29,-0.016995935505731356,3.781346677317378
2012-08-30,0.05413096011250208,3.83547763742988
2012-08-31,0.03959366487038616,3.8750713023002663
2012-09-03,-0.015944952544800734,3.8591263497554658
2012-09-04,-0.03343611169158917,3.8256902380638764
2012-09-05,-0.017425368546465744,3.808264869517411
2012-09-06,-0.08038493254555235,3.7278799369718585
2012-09-07,0.022879117143746477,3.750759054115605
2012-09-10,-0.00366667712746924,3.7470923769881357
2012-09-11,-0.015446781877348674,3.731645595110787
2012-09-12,-0.05646788296304776,3.6751777121477396
2012-09-13,0.05382424337891601,3.729001955526656
2012-09-14,-0.1010146970843184,3.6279872584423374
2012-09-17,0.005974607489365465,3.633961865931703
2012-09-18,0.024916892159073886,3.658878758090777
2012-09-19,0.013477715843485592,3.6723564739342627
2012-09-20,0.02156926242553365,3.6939257363597964
2012-09-21,0.025894912471046076,3.7198206488308423
2012-09-24,0.019614825976116815,3.739435474806959
2012-09-25,0.017498951350103528,3.7569344261570623
2012-09-26,0.06417269629005631,3.8211071224471187
2012-09-27,-0.016534026950376708,3.804573095496742
2012-09-28,0.0037479688504901787,3.8083210643472323
2012-10-01,0.007676809097091867,3.8159978734443243
2012-10-02,0.0029590953539872285,3.8189569687983114
2012-10-03,0.021438664658800472,3.8403956334571117
2012-10-04,-0.039714542275065885,3.800681091182046
2012-10-05,-0.04607865081811772,3.754602440363928
2012-10-08,0.03714006940915107,3.7917425097730795
2012-10-09,-0.017682612624575794,3.7740598971485038
2012-10-10,0.009716575912452553,3.783776473060956
2012-10-11,0.0008863823926460233,3.784662855453602
2012-10-12,0.010794132347945403,3.7954569878015474
2012-10-15,-0.010913786550459676,3.7845432012510876
2012-10-16,-0.05855360159998258,3.725989599651105
2012-10-17,-0.12034340458536234,3.605646195065743
2012-10-18,-0.003676282765713049,3.6019699123000297
2012-10-19,0.048135603603932146,3.6501055159039617
2012-10-22,-0.046682950209149976,3.6034225656948116
2012-10-23,0.04078070264909417,3.644203268343906
2012-10-24,0.017297470393029916,3.661500738736936
2012-10-25,-0.047160149378452934,3.614340589358483
2012-10-26,0.07928924880882052,3.693629838167303
2012-10-29,0.04132985965642555,3.7349596978237285
2012-10-30,-0.02016171646348157,3.7147979813602467
2012-10-31,0.03578271827071538,3.7505806996309623
2012-11-01,-0.010893889542069914,3.7396868100888923
2012-11-02,0.016205201977626194,3.7558920120665182
2012-11-05,0.02870879128311455,3.784600803349633
2012-11-06,-0.048598224842216,3.7360025785074167
2012-11-07,0.1105127280367517,3.8465153065441684
2012-11-08,0.026876613895726174,3.8733919204398948
2012-11-09,0.007142810491347648,3.8805347309312426
2012-11-12,-0.002003007170670159,3.8785317237605725
2012-11-13,0.015138891322142183,3.8936706150827147
2012-11-14,-0.00160478684563262,3.892065828237082
2012-11-15,-0.001660470884962899,3.8904053573521193
2012-11-16,0.007163527226985476,3.8975688845791048
2012-11-19,-0.02906025851810541,3.8685086260609993
2012-11-20,-0.050671422658067455,3.8178372034029318
2012-11-21,-0.026471195421637693,3.791366007981294
2012-11-22,-0.0024815270935814927,3.7888844808877122
2012-11-23,-0.008806204877653743,3.7800782760100584
2012-11-26,0.026984003382412636,3.807062279392471
2012-11-27,0.004939309091035449,3.8120015884835063
2012-11-28,0.05604032394051714,3.8680419124240233
2012-11-29,0.004413149664087412,3.8724550620881106
2012-11-30,0.01584851401900237,3.888303576107113
2012-12-03,-0.04154706337118568,3.8467565127359276
2012-12-04,0.006375314903290727,3.8531318276392184
2012-12-05,0.04675700512823229,3.899888832767451
2012-12-06,0.04790592952258155,3.9477947622900325
2012-12-07,-0.009129413454995945,3.9386653488350367
2012-12-10,-0.0020602336416807093,3.936605115193356
2012-12-11,-0.029562516832725243,3.9070425983606305
2012-12-12,-0.03806434118776384,3.868978257172867
2012-12-13,-0.02553736091088849,3.843440896261978
2012-12-14,-0.0078042895312580626,3.83563660673072
2012-12-17,-0.0567390623799322,3.7788975443507877
2012-12-18,-0.06103988056227309,3.717857663788515
2012-12-19,0.01447864094929065,3.7323363047378053
2012-12-20,0.011052095150756877,3.743388399888562
2012-12-21,0.046908453917803385,3.7902968538063657
2012-12-24,-0.02713272927207012,3.7631641245342955
2012-12-26,0.02209602718103533,3.785260151715331
2012-12-27,0.08155932231194024,3.866819474027271
2012-12-28,0.006407179811538692,3.87322665383881
2012-12-31,-0.012672851148094326,3.8605538026907156
2013-01-02,-0.13839264084679687,3.7221611618439185
2013-01-03,-0.08842423414848836,3.63373692769543
2013-01-04,-0.024362054447496756,3.6093748732479334
2013-01-07,0.008373393830915359,3.6177482670788486
2013-01-08,0.03474763767241195,3.6524959047512606
2013-01-09,0.032468693744411664,3.6849645984956725
2013-01-10,-0.0793377670363564,3.605626831459316
2013-01-11,0.0077358454365692355,3.613362676895885
2013-01-14,0.006563234583533126,3.619925911479418
2013-01-15,0.0413792339532736,3.6613051454326917
2013-01-16,0.018396155702076162,3.679701301134768
2013-01-17,-0.09296208395430486,3.586739217180463
2013-01-18,0.051987725130872214,3.6387269423113353
2013-01-21,-0.03231999576049181,3.6064069465508437
2013-01-22,0.022791527853234343,3.629198474404078
2013-01-23,0.02011108549859046,3.6493095599026684
2013-01-24,-0.014566761983319198,3.634742797919349
2013-01-25,-0.13802262168868296,3.496720176230666
2013-01-28,-0.04478791531017101,3.4519322609204948
2013-01-29,0.0005828067343648861,3.4525150676548595
2013-01-30,0.002974153508784338,3.455489221163644
2013-01-31,0.013954982723420207,3.469444203887064
2013-02-01,-0.0076328585042691995,3.461811345382795
2013-02-04,0.08127549505558479,3.5430868404383795
2013-02-05,-0.04713851345802339,3.495948326980356
2013-02-06,0.04411259654453217,3.540060923524888
2013-02-07,0.025785033067177048,3.565845956592065
2013-02-08,0.008877452826621678,3.5747234094186866
2013-02-11,-0.013207356266468689,3.561516053152218
2013-02-12,-0.03385247335355785,3.52766357979866
2013-02-13,-0.05553138475963855,3.4721321950390216
2013-02-14,0.06878629628343319,3.5409184913224547
2013-02-15,-0.006408247263178448,3.5345102440592764
2013-02-18,0.00739681445204736,3.541907058511324
2013-02-19,-0.016127252981110094,3.5257798055302136
2013-02-20,0.011016723931311784,3.5367965294615256
2013-02-21,0.060152607051144315,3.59694913651267
2013-02-22,0.02196524753573525,3.6189143840484053
2013-02-25,0.09458434478579864,3.713498728834204
2013-02-26,0.03597487803184615,3.7494736068660504
2013-02-27,-0.011172477725284222,3.738301129140766
2013-02-28,0.023400424830571677,3.7617015539713377
2013-03-01,0.04087786495428476,3.8025794189256223
2013-03-04,-0.023665863394134158,3.778913555531488
2013-03-05,-0.025570485643538116,3.75334306988795
2013-03-06,-0.030842637278155012,3.7225004326097952
2013-03-07,-0.06657828516959834,3.655922147440197
2013-03-08,-0.044566399605940596,3.6113557478342564
2013-03-11,-0.010320554504859445,3.601035193329397
2013-03-12,0.04666078844588593,3.647695981775283
2013-03-13,0.0020021630110052292,3.649698144786288
2013-03-14,0.0009527277766158873,3.650650872562904
2013-03-15,0.05342627965017843,3.7040771522130824
2013-03-18,0.05544575937518451,3.759522911588267
2013-03-19,0.06201906858417815,3.8215419801724453
2013-03-20,-0.041322947247205005,3.78021903292524
2013-03-21,0.016581116213518134,3.7968001491387584
2013-03-22,-0.0029201321400427827,3.7938800169987155
2013-03-25,0.022750579756663353,3.816630596755379
2013-03-26,0.020999661307227566,3.8376302580626063
2013-03-27,0.07689254502847412,3.9145228030910806
2013-03-28,-0.035248598587412236,3.8792742045036683
2013-04-01,0.0314719249312382,3.9107461294349064
2013-04-02,-0.020227781630901383,3.890518347804005
2013-04-03,0.05465342595573929,3.945171773759744
2013-04-04,0.05984011373296657,4.00501188749271
2013-04-05,0.017718300463039564,4.02273018795575
2013-04-08,-0.043202039287497045,3.979528148668253
2013-04-09,-0.01406582423002177,3.9654623244382314
2013-04-10,-0.057956975223136045,3.9075053492150955
2013-04-11,0.014631956718699607,3.922137305933795
2013-04-12,0.07105094854803376,3.993188254481829
2013-04-15,0.019321150320741342,4.01250940480257
2013-04-16,-0.038917095305626745,3.9735923094969436
2013-04-17,0.02952186677815187,4.003114176275096
2013-04-18,0.0021388242673977776,4.005253000542494
2013-04-19,-0.019053066403686175,3.9861999341388072
2013-04-22,0.017429328579507523,4.003629262718315
2013-04-23,-0.016067743043577058,3.987561519674738
2013-04-24,0.01895617357853156,4.00651769325327
2013-04-25,-0.006303494431869583,4.0002141988214
2013-04-26,0.0456772898583577,4.045891488679757
2013-04-29,0.000954806772734058,4.046846295452491
2013-04-30,-0.013702285578583615,4.033144009873908
2013-05-01,0.048468943241927666,4.081612953115836
2013-05-02,0.03877537602756788,4.120388329143404
2013-05-03,-0.1271777902115835,3.9932105389318204
2013-05-06,-0.02490139200224232,3.968309146929578
2013-05-07,-0.0410865683467353,3.9272225785828425
2013-05-08,0.030065330677995918,3.9572879092608386
2013-05-09,-0.003790657598945984,3.9534972516618927
2013-05-10,-0.12498491835499753,3.8285123333068953
2013-05-13,-0.0013155305798741015,3.827196802727021
2013-05-14,-0.043608172176618235,3.783588630550403
2013-05-15,0.03397619337197627,3.817564823922379
2013-05-16,0.07465151452081287,3.892216338443192
2013-05-17,-0.04733006697425504,3.844886271468937
2013-05-20,-0.021869368267111423,3.8230169032018253
2013-05-21,-0.009064239328588276,3.813952663873237
2013-05-22,-0.0686076150308038,3.745345048842433
2013-05-23,0.004819685740483574,3.7501647345829165
2013-05-24,0.00710037783264703,3.7572651124155634
2013-05-27,-0.03934422488294441,3.717920887532619
2013-05-28,-0.12678361422479315,3.5911372733078255
2013-05-29,-0.0164283829016991,3.5747088904061264
2013-05-30,0.010578302169725069,3.5852871925758514
2013-05-31,-0.012863572803155105,3.5724236197726964
2013-06-03,-0.020181071479476034,3.5522425482932203
2013-06-04,-0.014069684075866418,3.538172864217354
2013-06-05,0.0449099051365906,3.5830827693539447
2013-06-06,0.0035055638534655844,3.5865883332074104
2013-06-07,-0.09880039093786905,3.4877879422695415
2013-06-10,-0.06397629059613827,3.4238116516734034
2013-06-11,0.01965603936825755,3.443467691041661
2013-06-12,-0.02880571795876127,3.4146619730828998
2013-06-13,0.08109648258349184,3.4957584556663917
2013-06-14,0.06766124517082028,3.563419700837212
2013-06-17,-0.024243609766596043,3.539176091070616
2013-06-18,-0.026031675864236808,3.513144415206379
2013-06-19,-0.16609462222481391,3.347049792981565
2013-06-20,-0.07973263405232743,3.2673171589292376
2013-06-21,-0.0993730427449536,3.167944116184284
2013-06-24,-0.05170351754015633,3.1162405986441275
2013-06-25,-0.013110810633308809,3.103129788010819
2013-06-26,0.06973518825902099,3.1728649762698398
2013-06-27,0.0564445212212552,3.2293094974910947
2013-06-28,-0.007312270474102557,3.2219972270169923
2013-07-01,0.002358256158846985,3.2243554831758394
2013-07-02,0.03811917831039783,3.2624746614862374
2013-07-03,-0.02320876480350426,3.239265896682733
2013-07-04,0.06218777849370326,3.301453675176436
2013-07-05,-0.13223194525947807,3.169221729916958
2013-07-08,0.055946969514904826,3.2251686994318627
2013-07-09,0.04150050265656538,3.266669202088428
2013-07-10,-0.028236629462273875,3.238432572626154
2013-07-11,0.07476507972924532,3.313197652355399
2013-07-12,0.014769740307577574,3.327967392662977
2013-07-15,0.0046493641314394145,3.3326167567944163
2013-07-16,0.021722191265437684,3.354338948059854
2013-07-17,0.028986296011833116,3.383325244071687
2013-07-18,0.0023102921500778957,3.385635536221765
2013-07-19,0.015592201663056958,3.4012277378848217
2013-07-22,-0.00026087036036956824,3.400966867524452
2013-07-23,-0.03305977717230809,3.367907090352144
2013-07-24,-0.08406665769467528,3.283840432657469
2013-07-25,-0.00042913711772077714,3.2834112955397483
2013-07-26,0.0179642044215865,3.3013754999613347
2013-07-29,-0.011181891231462047,3.2901936087298727
2013-07-30,-0.008441707725827575,3.281751901004045
2013-07-31,0.021566280778854904,3.3033181817829
2013-08-01,-0.08087939370351625,3.2224387880793834
2013-08-02,0.08272541310978386,3.305164201189167
2013-08-05,-0.03969103494306346,3.2654731662461036
2013-08-06,-0.010093679989322446,3.255379486256781
2013-08-07,0.028172878563543204,3.2835523648203244
2013-08-08,-0.007477954105587858,3.2760744107147364
2013-08-09,0.01744858304136259,3.293522993756099
2013-08-12,-0.025420755174937887,3.2681022385811613
2013-08-13,-0.11232236758200799,3.155779870999153
2013-08-14,0.00948333523381266,3.1652632062329658
2013-08-15,-0.048974215143783154,3.1162889910891827
2013-08-16,-0.03260417674399502,3.0836848143451876
2013-08-19,-0.017821072194092014,3.0658637421510955
2013-08-20,0.05987706693730029,3.125740809088396
2013-08-21,-0.059127185328946515,3.0666136237594492
2013-08-22,-0.039184111414085336,3.027429512345364
2013-08-23,0.01027182519696166,3.037701337542326
2013-08-26,0.036351719817291246,3.074053057359617
2013-08-27,0.08026487367237337,3.1543179310319904
2013-08-28,-0.05858598829236586,3.0957319427396244
2013-08-29,0.037796249527529704,3.1335281922671543
2013-08-30,-0.018068538829065766,3.1154596534380885
2013-09-02,-0.04399457950449029,3.0714650739335982
2013-09-03,-0.04429033725133276,3.0271747366822654
2013-09-04,-0.03931421995677056,2.987860516725495
2013-09-05,-0.0928552498787164,2.8950052668467783
2013-09-06,0.08171823256816935,2.9767234994149474
2013-09-09,0.023118042263204897,2.9998415416781525
2013-09-10,-0.0542071709499102,2.9456343707282424
2013-09-11,0.054669974899142444,3.000304345627385
2013-09-12,0.011145376457382273,3.011449722084767
2013-09-13,0.015193004640941778,3.0266427267257088
2013-09-16,0.039110992692275574,3.0657537194179842
2013-09-17,0.005308737588423609,3.071062457006408
2013-09-18,0.12448555604491059,3.1955480130513183
2013-09-19,-0.042212803718820635,3.153335209332498
2013-09-20,0.004055151861042872,3.1573903611935408
2013-09-23,0.018545275652850843,3.1759356368463916
2013-09-24,0.05763441521483319,3.233570052061225
2013-09-25,0.022029895441916244,3.255599947503141
2013-09-26,-0.012341084516323798,3.243258862986817
2013-09-27,0.032647696374632294,3.2759065593614496
2013-09-30,0.017009723936097523,3.292916283297547
2013-10-01,-0.03640497342469819,3.256511309872849
2013-10-02,0.02270332195406339,3.279214631826912
2013-10-03,0.004201018896778788,3.283415650723691
2013-10-04,-0.03466878765430128,3.24874686306939
2013-10-07,0.020392308915674312,3.269139171985064
2013-10-08,-0.007630258395498902,3.261508913589565
2013-10-09,0.00014455007147482185,3.2616534636610397
2013-10-10,-0.03179504130877436,3.2298584223522653
2013-10-11,0.010333321139922191,3.2401917434921876
2013-10-14,-0.024253564537390235,3.2159381789547976
2013-10-15,-0.0065362372325033,3.209401941722294
2013-10-16,0.022688045294646353,3.2320899870169404
2013-10-17,0.05784269365499956,3.28993268067194
2013-10-18,0.013995367981215182,3.3039280486531553
2013-10-21,-0.018567592740064278,3.285360455913091
2013-10-22,0.0756822783702745,3.3610427342833655
2013-10-23,0.014396135854243996,3.3754388701376095
2013-10-24,-0.020364203898330463,3.355074666239279
2013-10-25,0.025411526706501774,3.3804861929457806
2013-10-28,-0.0018677064111290108,3.3786184865346516
2013-10-29,0.026192395333089997,3.4048108818677414
2013-10-30,-0.004507359707959292,3.400303522159782
2013-10-31,0.036408509351451714,3.436712031511234
2013-11-01,-0.04335710847246504,3.393354923038769
2013-11-04,0.016996386948151962,3.410351309986921
2013-11-05,-0.05183957681494751,3.3585117331719734
2013-11-06,0.01626504448581956,3.374776777657793
2013-11-07,0.06310434214697427,3.4378811198047674
2013-11-08,-0.10226332663980146,3.3356177931649658
2013-11-11,-0.008787968707663716,3.326829824457302
2013-11-12,-0.023373774921570833,3.3034560495357312
2013-11-13,0.06272840811597936,3.366184457651711
2013-11-14,0.04303899185415638,3.409223449505867
2013-11-15,-0.008837387415707616,3.4003860620901594
2013-11-18,0.025798463353277547,3.426184525443437
2013-11-19,-0.048895426053778814,3.377289099389658
2013-11-20,-0.030881176006057193,3.346407923383601
2013-11-21,0.0021927526860337017,3.3486006760696347
2013-11-22,0.006845092939537017,3.355445769009172
2013-11-25,0.024087748965668294,3.3795335179748403
2013-11-26,0.03605543409974661,3.415588952074587
2013-11-27,-0.016671921011015653,3.3989170310635712
2013-11-28,0.013232973162854761,3.412150004226426
2013-11-29,-0.006564538528199576,3.4055854656982265
2013-12-02,-0.05771107826753219,3.347874387430694
2013-12-03,0.014972037280149866,3.362846424710844
2013-12-04,-0.09425412999314227,3.2685922947177017
2013-12-05,-0.06623996250011902,3.2023523322175826
2013-12-06,0.003466648897850119,3.2058189811154327
2013-12-09,0.006620994561279871,3.2124399756767126
2013-12-10,0.038388523393836006,3.2508284990705487
2013-12-11,-0.02935948857263794,3.221469010497911
2013-12-12,-0.022733072663750045,3.1987359378341607
2013-12-13,0.00336509499777727,3.202101032831938
2013-12-16,-0.013040246315637402,3.1890607865163005
2013-12-17,0.041221147818956604,3.2302819343352573
2013-12-18,-0.031333527038176975,3.19894840729708
2013-12-19,-0.06827044919360312,3.130677958103477
2013-12-20,-0.014827412559092402,3.1158505455443843
2013-12-23,-0.020344713631890943,3.0955058319124933
2013-12-24,-0.057814780223321954,3.0376910516891713
2013-12-26,-0.0043841622151806646,3.0333068894739905
2013-12-27,-0.057330734274802383,2.975976155199188
2013-12-30,0.042277873985211184,3.018254029184399
2013-12-31,-0.023869177743981087,2.994384851440418
2014-01-02,0.0073571973315729195,3.001742048771991
2014-01-03,-0.003563119090089017,2.998178929681902
2014-01-06,0.04653076450982972,3.0447096941917318
2014-01-07,0.022758104099905665,3.0674677982916374
2014-01-08,-0.07034874869289956,2.997119049598738
2014-01-09,0.021668788355066713,3.0187878379538047
2014-01-10,0.12319560359095964,3.1419834415447645
2014-01-13,0.039751442719080175,3.181734884263845
2014-01-14,-0.053532902284929976,3.128201981978915
2014-01-15,-0.008224359656393294,3.1199776223225215
2014-01-16,0.05363826939415257,3.173615891716674
2014-01-17,0.0317145561141986,3.205330447830873
2014-01-20,0.013057734834854113,3.218388182665727
2014-01-21,-0.002117467196912349,3.2162707154688146
2014-01-22,-0.045394970721344005,3.1708757447474705
2014-01-23,0.10992552352753127,3.2808012682750016
2014-01-24,0.03669712375787619,3.3174983920328778
2014-01-27,-0.03308510589149166,3.284413286141386
2014-01-28,0.028921821056352607,3.3133351071977386
2014-01-29,0.07229274846525599,3.3856278556629946
2014-01-30,-0.00801677443653139,3.3776110812264633
2014-01-31,0.061774859041198636,3.439385940267662
2014-02-03,0.04894833237619532,3.4883342726438573
2014-02-04,-0.033316650458887806,3.4550176221849696
2014-02-05,-0.007145111318657555,3.447872510866312
2014-02-06,-0.05709694154013663,3.3907755693261756
2014-02-07,0.05218844720124087,3.4429640165274167
2014-02-10,-0.010226938267874686,3.432737078259542
2014-02-11,-0.028884566014554507,3.4038525122449874
2014-02-12,-0.0452856085877422,3.358566903657245
2014-02-13,0.07063651279536474,3.42920341645261
2014-02-14,-0.02047382242023943,3.4087295940323705
2014-02-17,-0.0032761070176361637,3.4054534870147344
2014-02-18,0.036033239498695295,3.4414867265134297
2014-02-19,-0.020460706651008877,3.421026019862421
2014-02-20,-0.0298398981232003,3.3911861217392207
2014-02-21,0.02546624801354689,3.4166523697527675
2014-02-24,-0.02853388971384756,3.38811848003892
2014-02-25,0.05080794012455883,3.438926420163479
2014-02-26,0.05538385975702941,3.4943102799205086
2014-02-27,0.03612161391894958,3.530431893839458
2014-02-28,-0.056445223752533906,3.473986670086924
2014-03-03,0.06442839778808583,3.53841506787501
2014-03-04,-0.07340521840449837,3.465009849470512
2014-03-05,0.0028003772001296843,3.4678102266706414
2014-03-06,-0.056757206964456484,3.411053019706185
2014-03-07,-0.0353182375963695,3.3757347821098156
2014-03-10,0.015021414784031694,3.390756196893847
2014-03-11,0.01051766842422075,3.4012738653180676
2014-03-12,0.044145741905734504,3.445419607223802
2014-03-13,0.08337723320198681,3.528796840425789
2014-03-14,-0.019371673810869086,3.50942516661492
2014-03-17,-0.03744213352710463,3.4719830330878154
2014-03-18,0.017525446410211,3.4895084794980264
2014-03-19,-0.1311130842940971,3.3583953952039294
2014-03-20,-0.016296134670702282,3.342099260533227
2014-03-21,0.007765147168954632,3.349864407702182
2014-03-24,0.0211183829970063,3.370982790699188
2014-03-25,0.011467433939471881,3.38245022463866
2014-03-26,0.04456551657003746,3.4270157412086975
2014-03-27,0.008788458423208169,3.4358041996319058
2014-03-28,-0.023850774819826684,3.411953424812079
2014-03-31,-0.007758866849069453,3.4041945579630095
2014-04-01,-0.02380453481472857,3.380390023148281
2014-04-02,-0.056365759127377055,3.324024264020904
2014-04-03,0.009277041753821859,3.3333013057747256
2014-04-04,0.09049111079449768,3.4237924165692233
2014-04-07,0.0072769979402205615,3.431069414509444
2014-04-08,0.005447295779902295,3.436516710289346
2014-04-09,0.010182090395761088,3.446698800685107
2014-04-10,0.05370237982174905,3.5004011805068562
2014-04-11,0.02799330440818764,3.5283944849150437
2014-04-14,-0.034835690273379995,3.4935587946416637
2014-04-15,0.02792415957248063,3.5214829542141444
2014-04-16,-0.022481506916736248,3.4990014472974083
2014-04-17,-0.0836358967434886,3.4153655505539198
2014-04-21,0.003524180903556797,3.4188897314574764
2014-04-22,-0.00415063603283826,3.4147390954246384
2014-04-23,0.014971903466252875,3.4297109988908914
2014-04-24,-0.000398104340963149,3.4293128945499283
2014-04-25,0.029233497262020028,3.4585463918119483
2014-04-28,0.00020187934462688548,3.4587482711565753
2014-04-29,-0.004145496168314346,3.454602774988261
2014-04-30,0.05984858577778274,3.514451360766044
2014-05-01,0.031657572421549436,3.5461089331875932
2014-05-02,0.0070017943342871695,3.5531107275218803
2014-05-05,-0.010053347538637944,3.5430573799832423
2014-05-06,-0.0010733223166077802,3.5419840576666344
2014-05-07,0.006357699911249294,3.5483417575778837
2014-05-08,0.04597318937449153,3.5943149469523754
2014-05-09,-0.003038978231353957,3.5912759687210216
2014-05-12,-0.03088810691767192,3.5603878618033495
2014-05-13,0.06598255217302723,3.626370413976377
2014-05-14,0.07930186479150923,3.705672278767886
2014-05-15,0.06754642100604458,3.7732186997739303
2014-05-16,-0.03381566899174952,3.7394030307821806
2014-05-19,-0.009066089554300391,3.7303369412278804
2014-05-20,0.03493371102955689,3.7652706522574375
2014-05-21,-0.03602527190000218,3.7292453803574355
2014-05-22,-0.0031941798555825546,3.726051200501853
2014-05-23,0.015824014302524825,3.7418752148043777
2014-05-26,0.00970917715533,3.7515843919597076
2014-05-27,0.007106283419981055,3.7586906753796887
2014-05-28,0.06804981396903294,3.8267404893487216
2014-05-29,-0.02781625325381941,3.7989242360949023
2014-05-30,0.0006180617212752206,3.7995422978161777
2014-06-02,-0.062477764670827066,3.7370645331453507
2014-06-03,-0.06899660469191275,3.668067928453438
2014-06-04,-0.007866228972340532,3.6602016994810973
2014-06-05,0.04637473345675641,3.7065764329378537
2014-06-06,0.009625651052493713,3.7162020839903476
2014-06-09,-0.03580016978894398,3.6804019142014037
2014-06-10,-0.04002231233049193,3.6403796018709116
2014-06-11,0.023415094712463516,3.663794696583375
2014-06-12,0.040226601396417545,3.704021297979793
2014-06-13,-0.01361013823392913,3.6904111597458638
2014-06-16,0.0013613075458757762,3.6917724672917394
2014-06-17,-0.068863985373155,3.6229084819185844
2014-06-18,0.053547086020751075,3.6764555679393354
2014-06-19,0.03081278027816623,3.7072683482175015
2014-06-20,-0.012354304708579624,3.694914043508922
2014-06-23,0.0015584352621163368,3.6964724787710384
2014-06-24,0.03580787241290144,3.73228035118394
2014-06-25,0.04712836298534824,3.7794087141692883
2014-06-26,0.037295568592413494,3.8167042827617017
2014-06-27,-0.013272227169823568,3.803432055591878
2014-06-30,0.027127667599855666,3.8305597231917337
2014-07-01,-0.028737364391925688,3.801822358799808
2014-07-02,-0.0645024653674817,3.7373198934323266
2014-07-03,-0.018962627463024274,3.7183572659693023
2014-07-07,0.025866928190928146,3.7442241941602306
2014-07-08,0.058601504192617525,3.802825698352848
2014-07-09,0.019435188048929776,3.8222608864017777
2014-07-10,0.020471672589573005,3.842732558991351
2014-07-11,0.005108411584805201,3.847840970576156
2014-07-14,-0.023542783739426282,3.82429818683673
2014-07-15,-0.013019331391035456,3.8112788554456944
2014-07-16,0.009668371452528319,3.8209472268982227
2014-07-17,0.06846475345429602,3.8894119803525187
2014-07-18,-0.02705407093229216,3.8623579094202265
2014-07-21,-0.00820568363833316,3.854152225781893
2014-07-22,0.011905403337803305,3.8660576291196964
2014-07-23,0.012016727877835046,3.8780743569975313
2014-07-24,-0.061315887762690126,3.8167584692348413
2014-07-25,0.05305517258710669,3.869813641821948
2014-07-28,-0.03014076636435608,3.839672875457592
2014-07-29,0.04703130685880766,3.8867041823163997
2014-07-30,-0.11293932062875611,3.773764861687644
2014-07-31,0.018969580226449418,3.792734441914093
2014-08-01,0.07674334562035923,3.8694777875344526
2014-08-04,-0.002599548900494462,3.866878238633958
2014-08-05,-0.007386377835807075,3.859491860798151
2014-08-06,0.052569371190176434,3.9120612319883277
2014-08-07,0.06213079641315743,3.974192028401485
2014-08-08,-0.025923080745465565,3.9482689476560195
2014-08-11,0.014797470784068177,3.963066418440088
2014-08-12,-0.009872008047645695,3.953194410392442
2014-08-13,0.06540260759307341,4.018597017985515
2014-08-14,0.009620319410987248,4.028217337396503
2014-08-15,0.039200103030234995,4.067417440426738
2014-08-18,-0.04893886360518933,4.018478576821549
2014-08-19,0.006912175535319495,4.025390752356868
2014-08-20,-0.02739041560872028,3.998000336748148
2014-08-21,0.0014266439926757723,3.9994269807408234
2014-08-22,-0.003568397012610537,3.995858583728213
2014-08-25,0.03129128772969578,4.027149871457908
2014-08-26,0.008711855930073118,4.0358617273879815
2014-08-27,0.038965497957030075,4.074827225345011
2014-08-28,0.033163982434740585,4.107991207779753
2014-08-29,-0.010529202768326956,4.097462005011425
2014-09-01,0.026005183134521846,4.123467188145947
2014-09-02,-0.08227298765216534,4.0411942004937815
2014-09-03,-0.004811836059672276,4.036382364434109
2014-09-04,-0.01325878883862357,4.023123575595486
2014-09-05,0.025133070656148664,4.048256646251634
2014-09-08,-0.03978297196414156,4.008473674287493
2014-09-09,-0.0473911499378818,3.961082524349611
2014-09-10,-0.01609539053680991,3.944987133812801
2014-09-11,0.005024404253575049,3.9500115380663763
2014-09-12,-0.0762562043212844,3.873755333745092
2014-09-15,0.05023144483817171,3.923986778583264
2014-09-16,-0.002657135153713264,3.9213296434295506
2014-09-17,-0.02083076497217631,3.900498878457374
2014-09-18,-0.04217601811040275,3.8583228603469713
2014-09-19,0.06425451351824091,3.922577373865212
2014-09-22,0.03800709106810197,3.960584464933314
2014-09-23,0.01646042792435742,3.977044892857671
2014-09-24,-0.03371670116694889,3.943328191690722
2014-09-25,0.0853641374975542,4.028692329188276
2014-09-26,-0.032164935000294846,3.9965273941879813
2014-09-29,0.032186185107666354,4.028713579295648
2014-09-30,0.009430889485189019,4.038144468780837
2014-10-01,0.11725943346642646,4.155403902247263
2014-10-02,-0.05606710646224696,4.099336795785016
2014-10-03,-0.024540476636881702,4.074796319148135
2014-10-06,0.039246303002838955,4.114042622150974
2014-10-07,0.05330146534932417,4.1673440875002985
2014-10-08,0.036230766747684835,4.203574854247982
2014-10-09,-0.004893190681058297,4.198681663566925
2014-10-10,0.025605165177508327,4.224286828744432
2014-10-13,0.03870975965513497,4.262996588399568
2014-10-14,0.054688608135973794,4.317685196535542
2014-10-15,0.11737792245523662,4.435063118990778
2014-10-16,-0.0734008206348936,4.361662298355885
2014-10-17,-0.05080590586019339,4.31085639249569
2014-10-20,0.03207930039252843,4.3429356928882195
2014-10-21,-0.03895314118902937,4.30398255169919
2014-10-22,0.006756157596120046,4.310738709295309
2014-10-23,-0.05931502074379256,4.251423688551517
2014-10-24,0.00032088919107480657,4.251744577742592
2014-10-27,0.021486267654391357,4.273230845396983
2014-10-28,-0.015042915246687959,4.258187930150296
2014-10-29,-0.06018422363551427,4.198003706514781
2014-10-30,0.05438176747676084,4.252385473991542
2014-10-31,0.004918756188096592,4.257304230179638
2014-11-03,-0.024472611663370065,4.232831618516268
2014-11-04,0.0197023616981496,4.252533980214419
2014-11-05,0.0019783940665767676,4.254512374280996
2014-11-06,-0.020443050275265235,4.2340693240057306
2014-11-07,0.05870531106511724,4.292774635070848
2014-11-10,-0.05127812476490777,4.24149651030594
2014-11-11,0.00013848761862734604,4.241634997924567
2014-11-12,0.0183780828363638,4.260013080760931
2014-11-13,0.035782640569640575,4.295795721330572
2014-11-14,0.02315227750634897,4.318947998836921
2014-11-17,-0.038953498416560935,4.27999450042036
2014-11-18,0.0032947571457575334,4.283289257566118
2014-11-19,-0.05745595903961902,4.225833298526499
2014-11-20,0.04760023099430189,4.273433529520801
2014-11-21,0.03447912074565321,4.307912650266454
2014-11-24,0.007915873244468779,4.315828523510923
2014-11-25,0.04517363517097449,4.361002158681897
2014-11-26,0.025048651900899315,4.3860508105827964
2014-11-27,0.039847914367260553,4.425898724950057
2014-11-28,0.02353167323167134,4.449430398181729
2014-12-01,-0.06559300480808213,4.383837393373646
2014-12-02,-0.04078180644412486,4.3430555869295215
2014-12-03,0.011886163761260168,4.354941750690783
2014-12-04,0.0030508582521108756,4.357992608942893
2014-12-05,-0.0720855205461026,4.28590708839679
2014-12-08,0.06502891484848775,4.350936003245279
2014-12-09,0.0335854634954943,4.384521466740773
2014-12-10,0.05009829053163179,4.434619757272404
2014-12-11,-0.020759780285394765,4.413859976987009
2014-12-12,0.07868876253690772,4.492548739523917
2014-12-15,-0.03058675570504381,4.461961983818874
2014-12-16,0.06633519611878483,4.528297179937658
2014-12-17,-0.0627375825176832,4.4655595974199755
2014-12-18,-0.033312658024668616,4.432246939395307
2014-12-19,0.028539717421648295,4.460786656816955
2014-12-22,0.00025046331736075966,4.461037120134316
2014-12-23,-0.0496868123239503,4.411350307810365
2014-12-24,-0.005885213772133862,4.405465094038231
2014-12-26,0.00588227998683718,4.411347374025068
2014-12-29,0.07852714065729839,4.489874514682366
2014-12-30,0.018414663176343035,4.50828917785871
2014-12-31,0.031123849598917674,4.539413027457628
2015-01-02,0.05090136736344309,4.590314394821071
2015-01-05,0.0200959478084531,4.610410342629525
2015-01-06,0.06996474572083566,4.68037508835036
2015-01-07,-0.005172463577142397,4.675202624773217
2015-01-08,-0.03360509543804807,4.641597529335169
2015-01-09,0.03637582648261694,4.677973355817786
2015-01-12,0.044437737818970924,4.722411093636757
2015-01-13,0.018665182275354533,4.741076275912112
2015-01-14,0.05421584477350674,4.795292120685619
2015-01-15,0.08201039182553763,4.877302512511156
2015-01-16,-0.05040668718690828,4.826895825324248
2015-01-19,0.02123633962220624,4.848132164946454
2015-01-20,-0.0200399248760741,4.82809224007038
2015-01-21,-0.08025386701361498,4.747838373056766
2015-01-22,0.023973155875113547,4.771811528931879
2015-01-23,0.09651604429256919,4.868327573224448
2015-01-26,-0.05725112957796363,4.811076443646484
2015-01-27,0.0036854043319912363,4.814761847978476
2015-01-28,0.11112465542277601,4.925886503401252
2015-01-29,-0.045978009801874525,4.879908493599377
2015-01-30,0.08708703072850615,4.966995524327883
2015-02-02,-0.0075062884758027235,4.959489235852081
2015-02-03,-0.06796316064375385,4.8915260752083265
2015-02-04,0.006749245146249891,4.898275320354577
2015-02-05,-0.021037946321566386,4.87723737403301
2015-02-06,-0.06755777365618607,4.809679600376825
2015-02-09,-0.0030673048507872257,4.806612295526037
2015-02-10,-0.01635488699189252,4.790257408534144
2015-02-11,0.010710381132957286,4.8009677896671015
2015-02-12,0.02372004496615224,4.824687834633254
2015-02-13,-0.022435491497675927,4.802252343135578
2015-02-16,0.04522863610560998,4.847480979241187
2015-02-17,-0.09509967903165163,4.752381300209535
2015-02-18,0.061394999787677026,4.813776299997213
2015-02-19,-0.029634095671418573,4.784142204325795
2015-02-20,-0.016364981554254074,4.7677772227715405
2015-02-23,0.0549463451194273,4.822723567890968
2015-02-24,0.03740809402365413,4.860131661914622
2015-02-25,0.026179604104612543,4.886311266019234
2015-02-26,-0.018396108017153807,4.867915158002081
2015-02-27,-0.0030645573503343205,4.864850600651746
2015-03-02,-0.06022252939067742,4.804628071261068
2015-03-03,-0.030821978854733787,4.773806092406335
2015-03-04,-0.0031223967852939943,4.770683695621041
2015-03-05,0.04086241401016402,4.811546109631205
2015-03-06,-0.08763957243767974,4.723906537193525
2015-03-09,0.061899258680003136,4.785805795873529
2015-03-10,0.06691233821411907,4.852718134087647
2015-03-11,0.002990787419817871,4.855708921507466
2015-03-12,-0.01600907286521351,4.839699848642252
2015-03-13,-0.007542203585411052,4.83215764505684
2015-03-16,-0.017415705708538447,4.814741939348302
2015-03-17,0.003163764642876896,4.81790570399118
2015-03-18,0.13182298681217003,4.949728690803349
2015-03-19,-0.03284890309826784,4.916879787705081
2015-03-20,0.031142837606724268,4.948022625311806
2015-03-23,-0.026278141345453903,4.921744483966352
2015-03-24,0.010413095289087303,4.932157579255439
2015-03-25,-0.015827426830647758,4.916330152424791
2015-03-26,-0.007817144245301522,4.90851300817949
2015-03-27,0.024716165387078628,4.933229173566568
2015-03-30,-0.008392467507576842,4.924836706058992
2015-03-31,0.03215690005792098,4.956993606116912
2015-04-01,0.02762458950240195,4.984618195619314
2015-04-02,-0.019576844183319415,4.965041351435994
2015-04-03,0.08271717130464912,5.047758522740644
2015-04-06,-0.049122472509223775,4.99863605023142
2015-04-07,0.005593029163376768,5.004229079394796
2015-04-08,0.020045485163863636,5.0242745645586595
2015-04-09,-0.03354519807107426,4.990729366487585
2015-04-10,-0.0009670751703977302,4.989762291317188
2015-04-13,0.017514359960429188,5.007276651277617
2015-04-14,0.018423453847721,5.025700105125337
2015-04-15,0.026857915846410133,5.052558020971747
2015-04-16,0.030991271857892803,5.08354929282964
2015-04-17,0.008523569172224407,5.0920728620018645
2015-04-20,-0.023703308659626034,5.068369553342238
2015-04-21,-0.03394218405951918,5.034427369282719
2015-04-22,-0.06793469412497122,4.966492675157748
2015-04-23,0.02420623027321652,4.990698905430964
2015-04-24,0.020423032902346237,5.011121938333311
2015-04-27,-0.012159004982875334,4.998962933350436
2015-04-28,-0.01801062806431126,4.980952305286124
2015-04-29,-0.112432882287435,4.8685194229986894
2015-04-30,-0.0575939463611906,4.8109254766374985
2015-05-01,-0.034994497863686365,4.775930978773812
2015-05-04,-0.05767299174676462,4.718257987027048
2015-05-05,-0.042776544154196725,4.675481442872851
2015-05-06,-0.06179618789557105,4.61368525497728
2015-05-07,0.035811880001017385,4.649497134978297
2015-05-08,0.04441226646933951,4.693909401447637
2015-05-11,-0.09952898300218305,4.5943804184454535
2015-05-12,-0.005316277983341601,4.589064140462112
2015-05-13,-0.025302381049739867,4.5637617594123725
2015-05-14,0.05312216088543174,4.616883920297804
2015-05-15,0.057085798795751104,4.673969719093555
2015-05-18,-0.04484132746075885,4.629128391632796
2015-05-19,-0.005047191023766303,4.62408120060903
2015-05-20,0.01596339579955887,4.640044596408589
2015-05-21,0.01578270132660141,4.65582729773519
2015-05-22,-0.015271463943498683,4.640555833791692
2015-05-26,0.07994247384620799,4.7204983076379
2015-05-27,-0.002816106031989047,4.717682201605911
2015-05-28,0.019196688786562558,4.7368788903924735
2015-05-29,0.04149921311167481,4.7783781035041475
2015-06-01,-0.09576995653871749,4.68260814696543
2015-06-02,-0.10116404307019508,4.581444103895235
2015-06-03,-0.1433180522630815,4.438126051632153
2015-06-04,0.061323477412232,4.499449529044385
2015-06-05,-0.05616882315362266,4.443280705890763
2015-06-08,0.0002425417846714812,4.443523247675435
2015-06-09,-0.04427216367789608,4.399251083997539
2015-06-10,-0.0289812013494176,4.370269882648121
2015-06-11,0.0778071347928587,4.44807701744098
2015-06-12,-0.0001237759911166549,4.447953241449863
2015-06-15,0.025141861725803814,4.473095103175667
2015-06-16,0.031467977977129837,4.504563081152797
2015-06-17,0.023613510751537746,4.528176591904334
2015-06-18,-0.025285561521140677,4.502891030383194
2015-06-19,0.05981517205612229,4.5627062024393155
2015-06-22,-0.087545563546634,4.475160638892682
2015-06-23,-0.016598898192096704,4.458561740700585
2015-06-24,0.04340283829238947,4.501964578992975
2015-06-25,-0.018832484868096994,4.483132094124878
2015-06-26,-0.05880452148963347,4.424327572635244
2015-06-29,0.13220493437953953,4.556532507014785
2015-06-30,-0.004990097047345325,4.551542409967439
2015-07-01,-0.04964115903544067,4.501901250931998
2015-07-02,0.015144928690732746,4.517046179622731
2015-07-03,0.04895278797103328,4.565998967593764
2015-07-06,0.06644562602485406,4.632444593618618
2015-07-07,0.021032415408569424,4.653477009027187
2015-07-08,0.017554724146862623,4.67103173317405
2015-07-09,-0.05805028437269219,4.612981448801357
2015-07-10,-0.10600108551222295,4.506980363289134
2015-07-13,0.011180454898501193,4.518160818187635
2015-07-14,0.027456154522406753,4.545616972710042
2015-07-15,0.04306291029947102,4.5886798830095135
2015-07-16,-0.024148823152359604,4.564531059857154
2015-07-17,0.01252800349027846,4.577059063347432
2015-07-20,-0.007559125878412053,4.56949993746902
2015-07-21,0.009865472234279297,4.579365409703299
2015-07-22,0.012516970445328478,4.591882380148627
2015-07-23,0.02304115739123615,4.614923537539863
2015-07-24,0.01579956835849053,4.630723105898354
2015-07-27,0.030089031197741846,4.660812137096096
2015-07-28,-0.01344749536273675,4.647364641733359
2015-07-29,-0.004868394329230536,4.642496247404129
2015-07-30,0.01216584063322096,4.654662088037349
2015-07-31,0.03360984854758675,4.688271936584936
2015-08-03,0.030738144446083984,4.719010081031019
2015-08-04,-0.0530804539748012,4.665929627056219
2015-08-05,-0.05047388300883002,4.615455744047388
2015-08-06,0.030861133786461395,4.64631687783385
2015-08-07,0.03714964038960701,4.683466518223456
2015-08-10,-0.03259425840041864,4.650872259823037
2015-08-11,0.07016767292419872,4.721039932747237
2015-08-12,0.014774428181975573,4.735814360929212
2015-08-13,-0.029831442374442744,4.70598291855477
2015-08-14,-0.021264013954749438,4.68471890460002
2015-08-17,0.029382933576624012,4.714101838176644
2015-08-18,-0.019073913180510285,4.695027924996134
2015-08-19,0.05878802125550259,4.7538159462516365
2015-08-20,0.017953033981878058,4.771768980233515
2015-08-21,0.02366428737960847,4.795433267613124
2015-08-24,0.01636149158972123,4.8117947592028445
2015-08-25,-0.11130740403970182,4.700487355163142
2015-08-26,-0.009105049700822265,4.69138230546232
2015-08-27,-0.004752199458145978,4.686630106004174
2015-08-28,-0.020499010472625902,4.666131095531549
2015-08-31,-0.04538109929804496,4.620749996233504
2015-09-01,0.022259407981240445,4.6430094042147445
2015-09-02,-0.003266004756038415,4.639743399458705
2015-09-03,0.058624962528677556,4.6983683619873835
2015-09-04,0.039436121228431854,4.7378044832158155
2015-09-07,-0.006959976555886611,4.730844506659929
2015-09-08,-0.031769903375142274,4.699074603284787
2015-09-09,0.015817463756506916,4.714892067041293
2015-09-10,-0.018976870147942807,4.695915196893351
2015-09-11,0.03473477834287754,4.730649975236227
2015-09-14,0.0038449775609304807,4.734494952797158
2015-09-15,-0.09816653222685634,4.636328420570302
2015-09-16,-0.014290314553749631,4.622038106016552
2015-09-17,0.0828372894183742,4.704875395434927
2015-09-18,0.05224816200671563,4.757123557441642
2015-09-21,-0.04199510107316912,4.715128456368474
2015-09-22,0.07526649777561545,4.790394954144089
2015-09-23,-0.009114164626816135,4.781280789517273
2015-09-24,-0.003861981683168869,4.7774188078341036
2015-09-25,-0.020639978944529964,4.756778828889574
2015-09-28,0.05147929913877526,4.808258128028349
2015-09-29,0.019554649298097193,4.8278127773264465
2015-09-30,-0.004585424214434169,4.823227353112012
2015-10-01,0.023337251228190043,4.846564604340202
2015-10-02,0.04920078292658875,4.89576538726679
2015-10-05,-0.052758935048086,4.843006452218704
2015-10-06,-0.0012970916521832876,4.841709360566521
2015-10-07,-0.020808552887129926,4.820900807679392
2015-10-08,-0.016118468093698372,4.804782339585692
2015-10-09,-0.007386844471117643,4.797395495114575
2015-10-12,0.032787443573149486,4.830182938687725
2015-10-13,0.0060096567233365135,4.836192595411061
2015-10-14,0.06563734380272075,4.901829939213782
2015-10-15,-0.04417832412810617,4.8576516150856754
2015-10-16,0.0048141103451353265,4.862465725430811
2015-10-19,-0.005768378594785252,4.856697346836025
2015-10-20,-0.07036386281070522,4.78633348402532
2015-10-21,0.05385155880151403,4.8401850428268345
2015-10-22,0.05262599964921107,4.892811042476046
2015-10-23,-0.0355931658224649,4.85721787665358
2015-10-26,0.014195624247507664,4.871413500901088
2015-10-27,0.043061467136644174,4.914474968037732
2015-10-28,-0.06256059386496707,4.8519143741727655
2015-10-29,-0.06256455458583668,4.789349819586929
2015-10-30,0.007625614846053493,4.796975434432982
2015-11-02,-0.04257901184483192,4.754396422588151
2015-11-03,-0.017398890990699425,4.736997531597451
2015-11-04,-0.019774129451114633,4.717223402146336
2015-11-05,-0.010900129141088406,4.706323273005248
2015-11-06,-0.09478363544097357,4.611539637564274
2015-11-09,0.031047617601241348,4.642587255165516
2015-11-10,0.033734692882958016,4.676321948048473
2015-11-11,-0.004051631814675539,4.6722703162337975
2015-11-12,0.005463330028419054,4.677733646262217
2015-11-13,0.048742107578296695,4.726475753840514
2015-11-16,0.015880423195455705,4.742356177035969
2015-11-17,0.021573954604066588,4.763930131640036
2015-11-18,-0.00857128613894785,4.755358845501088
2015-11-19,0.013780728128899019,4.769139573629987
2015-11-20,-0.006040916178825309,4.763098657451161
2015-11-23,0.00021280194656463688,4.763311459397727
2015-11-24,0.0002957500275268792,4.763607209425253
2015-11-25,0.03903659744044101,4.802643806865694
2015-11-27,0.01046167912759794,4.813105485993292
2015-11-30,-0.014284603656711454,4.798820882336581
2015-12-01,0.05266374813428012,4.8514846304708605
2015-12-02,-0.02046040244461357,4.831024228026248
2015-12-03,-0.2676112279214206,4.563413000104827
2015-12-04,0.009187871988422174,4.572600872093249
2015-12-07,0.05966150500276788,4.632262377096017
2015-12-08,0.007005961578585828,4.6392683386746025
2015-12-09,0.023163770547602224,4.662432109222205
2015-12-10,-0.023412870328577595,4.639019238893628
2015-12-11,0.0787426355077097,4.717761874401337
2015-12-14,-0.0639935297212959,4.653768344680041
2015-12-15,-0.04598704851457974,4.607781296165461
2015-12-16,-0.0339701893570741,4.573811106808387
2015-12-17,0.04432579757035455,4.618136904378742
2015-12-18,0.03824399612398538,4.656380900502727
2015-12-21,0.0033865755073420726,4.659767476010069
2015-12-22,-0.04187715156040665,4.617890324449663
2015-12-23,-0.02356990211792459,4.594320422331738
2015-12-24,0.015186290113595829,4.609506712445334
2015-12-28,0.022524875744249686,4.632031588189584
2015-12-29,-0.061954719580252636,4.5700768686093305
2015-12-30,0.005235396635579226,4.575312265244911
2015-12-31,0.032219438700371666,4.607531703945282
2016-01-04,0.03239505961794503,4.639926763563227
2016-01-05,0.027894771867602662,4.6678215354308294
2016-01-06,0.056902539555412954,4.724724074986242
2016-01-07,0.015019628361115972,4.739743703347358
2016-01-08,0.0265165784071404,4.766260281754499
2016-01-11,-0.017951544529908752,4.7483087372245905
2016-01-12,0.028953482160407204,4.777262219384998
2016-01-13,0.03262690602824944,4.809889125413246
2016-01-14,-0.014389019517517119,4.79550010589573
2016-01-15,0.05743621533693868,4.852936321232669
2016-01-18,0.006424911661974109,4.859361232894642
2016-01-19,-0.006988623842243679,4.852372609052399
2016-01-20,0.05073311520585115,4.90310572425825
2016-01-21,0.02375018528094346,4.926855909539193
2016-01-22,-0.032701660578229534,4.894154248960964
2016-01-25,0.016007513166037615,4.910161762127002
2016-01-26,0.025533407887292116,4.935695170014293
2016-01-27,0.016268957009722133,4.9519641270240164
2016-01-28,0.01762561005525803,4.969589737079274
2016-01-29,0.07294393540641947,5.0425336724856935
2016-02-01,-0.04173116208030923,5.000802510405384
2016-02-02,0.08230739252868303,5.083109902934067
2016-02-03,0.0029546494519979804,5.086064552386065
2016-02-04,0.007210077814728882,5.093274630200794
2016-02-05,0.0064311384094761686,5.09970576861027
2016-02-08,0.09429128210226843,5.193997050712539
2016-02-09,-0.011929260589826081,5.182067790122712
2016-02-10,0.015685101659348482,5.197752891782061
2016-02-11,0.04327448406098614,5.241027375843047
2016-02-12,-0.09012999943949328,5.150897376403554
2016-02-15,0.036661470204059673,5.1875588466076135
2016-02-16,-0.02241532641169345,5.16514352019592
2016-02-17,-0.025920101010024676,5.139223419185895
2016-02-18,0.0504698646729338,5.189693283858829
2016-02-19,-0.007426264945758288,5.182267018913071
2016-02-22,0.002793298605356912,5.1850603175184276
2016-02-23,0.010979249872876571,5.1960395673913045
2016-02-24,0.006621841434525882,5.20266140882583
2016-02-25,0.05578943147054646,5.258450840296376
2016-02-26,-0.04865334186404316,5.209797498432333
2016-02-29,0.036734610665049156,5.246532109097382
2016-03-01,-0.0786407343007119,5.16789137479667
2016-03-02,-0.044451871422094946,5.123439503374575
2016-03-03,0.032950959777833355,5.156390463152409
2016-03-04,-0.05413054373193433,5.102259919420475
2016-03-07,-0.012677225877095752,5.089582693543379
2016-03-08,0.043220897778969224,5.132803591322348
2016-03-09,-0.05543081911683626,5.077372772205512
2016-03-10,-0.07950635591372252,4.9978664162917905
2016-03-11,-0.001976258160957609,4.995890158130832
2016-03-14,-0.017822171028608138,4.978067987102225
2016-03-15,-0.012105440172182607,4.965962546930042
2016-03-16,0.06116839279489961,5.027130939724942
2016-03-17,0.03531490837982368,5.062445848104765
2016-03-18,0.026603736271988837,5.089049584376754
2016-03-21,-0.027976050044407716,5.061073534332347
2016-03-22,-0.018198700080144455,5.042874834252203
2016-03-23,0.05157603997242812,5.094450874224631
2016-03-24,-0.00625337467570041,5.08819749954893
2016-03-28,0.021483117341515916,5.109680616890446
2016-03-29,0.07491368232378955,5.184594299214236
2016-03-30,-0.0009735254637385331,5.183620773750498
2016-03-31,0.020686403876802564,5.2043071776273
2016-04-01,-0.005723224529860894,5.198583953097439
2016-04-04,0.00714950670206823,5.205733459799507
2016-04-05,0.04497432618868546,5.250707785988193
2016-04-06,-0.015606448340888647,5.235101337647304
2016-04-07,0.055568663217427205,5.290670000864731
2016-04-08,-0.011066923882082032,5.2796030769826485
2016-04-11,-0.007523413836742512,5.272079663145906
2016-04-12,-0.06239075288201987,5.209688910263886
2016-04-13,0.023903335074869025,5.233592245338755
2016-04-14,-0.042343062086658154,5.191249183252097
2016-04-15,0.04024484895874505,5.2314940322108425
2016-04-18,-0.024562794215072452,5.20693123799577
2016-04-19,-0.015506245419867677,5.191424992575902
2016-04-20,-0.04893359276216931,5.142491399813733
2016-04-21,-0.042463533351352334,5.100027866462381
2016-04-22,0.00034038957223732694,5.100368256034618
2016-04-25,-0.0292498459266968,5.071118410107921
2016-04-26,-0.041362767479040635,5.0297556426288805
2016-04-27,0.0676765530070957,5.097432195635976
2016-04-28,0.026355457115322008,5.123787652751298
2016-04-29,-0.019310747862254795,5.104476904889044
2016-05-02,-0.02822007570435866,5.076256829184685
2016-05-03,0.08836661381397201,5.164623442998657
2016-05-04,0.010856064285631488,5.1754795072842885
2016-05-05,0.05614498081721247,5.231624488101501
2016-05-06,-0.025991647479084425,5.205632840622417
2016-05-09,0.038046104594429864,5.243678945216846
2016-05-10,0.0025595784818065277,5.246238523698652
2016-05-11,0.007190282949338989,5.2534288066479915
2016-05-12,-0.04226213690592935,5.211166669742062
2016-05-13,0.0395992157464822,5.250765885488544
2016-05-16,-0.05033484710467801,5.200431038383866
2016-05-17,-0.008173464379276664,5.192257574004589
2016-05-18,-0.10543516873924212,5.086822405265347
2016-05-19,0.028271692274863876,5.1150940975402115
2016-05-20,0.0020650662221626324,5.117159163762374
2016-05-23,0.0010251775155154061,5.11818434127789
2016-05-24,-0.008344259029502813,5.109840082248387
2016-05-25,0.004987447912318917,5.114827530160706
2016-05-26,0.054383914571132924,5.169211444731839
2016-05-27,-0.020636463498653588,5.148574981233185
2016-05-30,-0.03103775217471822,5.117537229058467
2016-05-31,0.02084872909516111,5.138385958153628
2016-06-01,-0.018024980060728432,5.1203609780929
2016-06-02,0.03874415812891774,5.159105136221817
2016-06-03,0.11757404331820674,5.276679179540024
2016-06-06,-0.0213103766942209,5.255368802845803
2016-06-07,0.023440831834574773,5.2788096346803774
2016-06-08,-0.0047667322934813496,5.274042902386896
2016-06-09,0.027085164930129597,5.301128067317026
2016-06-10,0.038067579536932426,5.339195646853958
2016-06-13,0.017190562958322053,5.35638620981228
2016-06-14,0.03441071556423027,5.3907969253765105
2016-06-15,0.040891203572260115,5.43168812894877
2016-06-16,0.014107886586387803,5.445796015535158
2016-06-17,-0.031538831972014174,5.4142571835631434
2016-06-20,-0.06262875208630882,5.3516284314768345
2016-06-21,-0.027739707900165694,5.323888723576669
2016-06-22,0.01779670113616613,5.341685424712835
2016-06-23,-0.07847680949421344,5.2632086152186215
2016-06-24,0.19785033982345931,5.4610589550420805
2016-06-27,0.08778636462751746,5.548845319669598
2016-06-28,0.004828289564885801,5.553673609234484
2016-06-29,-0.022658399372168337,5.531015209862316
2016-06-30,-0.03707047354050795,5.493944736321808
2016-07-01,0.05309623705982418,5.547040973381632
2016-07-04,0.021466578926100797,5.568507552307733
2016-07-05,0.06461806263462985,5.633125614942363
2016-07-06,-0.017407964896086325,5.615717650046277
2016-07-07,-0.0027588497830505986,5.612958800263227
2016-07-08,0.025975061323283567,5.63893386158651
2016-07-11,-0.05943181310150496,5.579502048485005
2016-07-12,-0.06995455723999913,5.509547491245006
2016-07-13,0.03559098252890448,5.5451384737739104
2016-07-14,-0.03763637666960737,5.507502097104303
2016-07-15,-0.0560929684767056,5.451409128627597
2016-07-18,0.024562615569571025,5.475971744197168
2016-07-19,0.006304509147732101,5.4822762533449
2016-07-20,-0.02766402522983618,5.454612228115064
2016-07-21,0.018639404586193755,5.473251632701258
2016-07-22,-0.014639145768329677,5.458612486932928
2016-07-25,-5.847600143033156e-07,5.458611902172914
2016-07-26,0.0015609981491039576,5.460172900322018
2016-07-27,0.06543447985755911,5.525607380179577
2016-07-28,-0.006695580428914901,5.518911799750661
2016-07-29,0.04963255138488422,5.568544351135546
2016-08-01,-0.032741164802004175,5.535803186333542
2016-08-02,-0.052466100880876054,5.483337085452666
2016-08-03,0.013755099297989558,5.497092184750655
2016-08-04,0.05260856128680011,5.5497007460374554
2016-08-05,-0.07297510418820782,5.476725641849248
2016-08-08,-0.0002798666355060273,5.476445775213741
2016-08-09,0.031787942056790246,5.508233717270532
2016-08-10,0.04335321873791673,5.551586936008448
2016-08-11,-0.07477512147271136,5.476811814535736
2016-08-12,0.042336586227913635,5.51914840076365
2016-08-15,-0.038361863430660836,5.480786537332989
2016-08-16,-0.0295946429993202,5.451191894333669
2016-08-17,0.011625753057451942,5.4628176473911205
2016-08-18,0.03914839913670569,5.501966046527826
2016-08-19,-0.05192301415645852,5.450043032371368
2016-08-22,0.04185856092208974,5.491901593293457
2016-08-23,2.8582257699164178e-05,5.491930175551157
2016-08-24,-0.0056770389786853555,5.486253136572471
2016-08-25,-0.025503230364877075,5.460749906207594
2016-08-26,-0.06752264301214483,5.393227263195449
2016-08-29,0.07620056551629087,5.46942782871174
2016-08-30,-0.0033009194148113236,5.4661269092969285
2016-08-31,-0.020213384037466173,5.445913525259463
2016-09-01,0.009574673112214164,5.455488198371677
2016-09-02,-0.008110325196723531,5.447377873174954
2016-09-05,-0.0014069462525390071,5.445970926922415
2016-09-06,0.0895285125741701,5.5354994394965855
2016-09-07,0.00401145606051921,5.539510895557105
2016-09-08,-0.09094691589998703,5.448563979657118
2016-09-09,-0.07099595887946147,5.377568020777657
2016-09-12,0.014181061641043761,5.391749082418701
2016-09-13,-0.06215925766862289,5.329589824750078
2016-09-14,0.06946762444297307,5.399057449193052
2016-09-15,-0.0020902505241795176,5.3969671986688725
2016-09-16,0.009593682756434333,5.406560881425307
2016-09-19,-0.007306990741426307,5.39925389068388
2016-09-20,0.017947116908478743,5.417201007592359
2016-09-21,0.008048266602260195,5.425249274194619
2016-09-22,0.05046241999357056,5.475711694188189
2016-09-23,0.015426635466712236,5.491138329654901
2016-09-26,0.04368630017951319,5.534824629834414
2016-09-27,0.030679889611646326,5.565504519446061
2016-09-28,-0.012933673224547252,5.5525708462215135
2016-09-29,0.01146106461780515,5.564031910839319
2016-09-30,-0.04072101919184674,5.523310891647472
2016-10-03,-0.030435601296653875,5.492875290350818
2016-10-04,-0.05875141539754629,5.434123874953271
2016-10-05,-0.0416516482692971,5.392472226683974
2016-10-06,-0.030438991087309568,5.362033235596665
2016-10-07,-0.0028318875533639275,5.359201348043301
2016-10-10,-0.04096998237902475,5.318231365664277
2016-10-11,0.012035671752943802,5.3302670374172205
2016-10-12,-0.012452605928864114,5.317814431488356
2016-10-13,0.03775690926227137,5.355571340750628
2016-10-14,-0.04463694529610367,5.310934395454525
2016-10-17,0.03710525657506519,5.34803965202959
2016-10-18,0.026367025279737104,5.374406677309327
2016-10-19,-0.002985609357310917,5.371421067952016
2016-10-20,0.013760610603649323,5.385181678555665
2016-10-21,0.0013008886745942095,5.386482567230259
2016-10-24,-0.03220393896092757,5.3542786282693315
2016-10-25,-0.011988220763511335,5.34229040750582
2016-10-26,-0.06127340514474032,5.2810170023610805
2016-10-27,-0.08346408279920414,5.197552919561876
2016-10-28,0.006974593493757552,5.204527513055634
2016-10-31,0.005653937756127384,5.210181450811762
2016-11-01,0.017136537923485073,5.227317988735247
2016-11-02,0.038286324326604865,5.265604313061852
2016-11-03,-0.018512752591352523,5.2470915604704995
2016-11-04,0.03539065484739823,5.282482215317898
2016-11-07,-0.04778569605763515,5.234696519260263
2016-11-08,-0.04907165066871183,5.185624868591551
2016-11-09,-0.15290540974390818,5.032719458847644
2016-11-10,-0.06695264880127678,4.965766810046366
2016-11-11,-0.05939276778155991,4.906374042264806
2016-11-14,-0.02288986755961805,4.883484174705188
2016-11-15,-0.009702449393178603,4.873781725312011
2016-11-16,0.008376059289904227,4.882157784601914
2016-11-17,-0.020242756360362928,4.861915028241551
2016-11-18,-0.005276580518041942,4.85663844772351
2016-11-21,0.0004265894188535636,4.857065037142363
2016-11-22,0.05498770937624626,4.91205274651861
2016-11-23,-0.04817728320117682,4.863875463317433
2016-11-24,0.021513662973137837,4.885389126290571
2016-11-25,0.014583455769292434,4.899972582059863
2016-11-28,0.05546835490360467,4.955440936963468
2016-11-29,0.009411479361676658,4.964852416325145
2016-11-30,-0.10092457413414149,4.8639278421910035
2016-12-01,-0.10767187722028142,4.7562559649707215
2016-12-02,0.1059742002500866,4.862230165220808
2016-12-05,-0.05489152383478791,4.8073386413860195
2016-12-06,-0.0344288508262275,4.772909790559792
2016-12-07,0.04807344085329933,4.820983231413091
2016-12-08,0.0017997478207985064,4.8227829792338905
2016-12-09,-0.022846879019175703,4.799936100214715
2016-12-12,-0.015194358777756368,4.784741741436958
2016-12-13,0.012960614688635595,4.797702356125594
2016-12-14,-0.049254963061612735,4.748447393063982
2016-12-15,-0.03795892226264103,4.710488470801341
2016-12-16,0.013118239130637515,4.723606709931978
2016-12-19,0.08392205650074028,4.807528766432718
2016-12-20,-0.03056588118408918,4.776962885248629
2016-12-21,0.023108423926628846,4.800071309175259
2016-12-22,-0.006947058150548758,4.793124251024709
2016-12-23,0.02849166689269962,4.821615917917409
2016-12-27,0.010024996660134209,4.831640914577543
2016-12-28,0.03616094945264765,4.867801864030191
2016-12-29,0.028141906748291604,4.895943770778483
2016-12-30,0.007220645506086329,4.903164416284569
2017-01-02,0.03091893480745478,4.934083351092024
2017-01-03,-0.04850511490970978,4.8855782361823135
2017-01-04,-0.006631349061913032,4.878946887120401
2017-01-05,0.05076088240856164,4.929707769528962
2017-01-06,-0.06057145689669347,4.8691363126322695
2017-01-09,0.03925508269477313,4.908391395327042
2017-01-10,-0.004723217025451289,4.903668178301591
2017-01-11,0.016260992813480524,4.919929171115072
2017-01-12,0.003699249754959423,4.923628420870031
2017-01-13,-0.008043368429615727,4.915585052440416
2017-01-16,0.017467523249546993,4.933052575689963
2017-01-17,0.0432457149831912,4.976298290673154
2017-01-18,-0.07904076418093064,4.897257526492224
2017-01-19,-0.039481348863612764,4.857776177628611
2017-01-20,-0.01684652671104016,4.8409296509175705
2017-01-23,0.07039797189526956,4.9113276228128395
2017-01-24,-0.06816142606821857,4.843166196744622
2017-01-25,-0.0741017232621174,4.769064473482504
2017-01-26,0.01163060767145141,4.780695081153955
2017-01-27,0.015452383816553486,4.796147464970509
2017-01-30,0.009799891639552713,4.805947356610061
2017-01-31,0.02606979864231707,4.8320171552523785
2017-02-01,-0.013548460908247012,4.818468694344132
2017-02-02,0.0264121250549835,4.8448808193991155
2017-02-03,-0.0004810706545379552,4.844399748744577
2017-02-06,0.10752140285641211,4.951921151600989
2017-02-07,0.00483056170850672,4.956751713309496
2017-02-08,0.055051850275087355,5.011803563584583
2017-02-09,-0.049791417942822325,4.9620121456417605
2017-02-10,-0.001358359490044688,4.960653786151716
2017-02-13,-0.02035572566157377,4.940298060490142
2017-02-14,-0.04302625008900184,4.89727181040114
2017-02-15,-0.02351817710343203,4.873753633297708
2017-02-16,0.041251456958046696,4.915005090255756
2017-02-17,0.05407539187659299,4.969080482132348
2017-02-20,0.03254135051223128,5.001621832644579
2017-02-21,-0.002542433645636916,4.999079398998942
2017-02-22,0.03572687797361895,5.034806276972561
2017-02-23,0.06272915373387083,5.097535430706432
2017-02-24,0.06948371267893362,5.167019143385366
2017-02-27,-0.05931708950922201,5.107702053876143
2017-02-28,-0.005172115192334474,5.1025299386838086
2017-03-01,-0.11512827041973457,4.987401668264074
2017-03-02,-0.03600934544809331,4.95139232281598
2017-03-03,-0.03840331502906795,4.912989007786913
2017-03-06,0.017626695887200637,4.930615703674114
2017-03-07,0.009786973024931141,4.940402676699044
2017-03-08,-0.052317815111214305,4.88808486158783
2017-03-09,-0.05917405302325832,4.828910808564572
2017-03-10,-0.0306683539688218,4.79824245459575
2017-03-13,-0.017988460912717177,4.780253993683033
2017-03-14,0.02946881805573298,4.809722811738766
2017-03-15,0.09192455521751294,4.901647366956279
2017-03-16,-0.06582961208782655,4.835817754868453
2017-03-17,0.03349342469761803,4.86931117956607
2017-03-20,0.020155407719316707,4.889466587285387
2017-03-21,0.0019395728583012986,4.8914061601436885
2017-03-22,0.038834324426678446,4.930240484570367
2017-03-23,-0.01958043295683421,4.910660051613533
2017-03-24,0.01657158562085959,4.927231637234392
2017-03-27,0.007210723231254747,4.934442360465647
2017-03-28,-0.02324871396160125,4.911193646504046
2017-03-29,0.06785200985880799,4.979045656362853
2017-03-30,-0.011628449410152423,4.967417206952701
2017-03-31,0.02318135792507025,4.9905985648777715
2017-04-03,0.06762161996747222,5.0582201848452435
2017-04-04,0.0029744282870865367,5.06119461313233
2017-04-05,0.015744844988130433,5.076939458120461
2017-04-06,-0.0014102141924012181,5.0755292439280595
2017-04-07,-0.02038749932995936,5.0551417445981
2017-04-10,0.03596481444890922,5.0911065590470095
2017-04-11,0.04797360760174899,5.139080166648759
2017-04-12,0.006996836465697312,5.146077003114456
2017-04-13,0.05293178563688696,5.199008788751343
2017-04-17,-0.02158781973118322,5.17742096902016
2017-04-18,0.050380903632898204,5.227801872653058
2017-04-19,-0.05174880292578346,5.176053069727274
2017-04-20,-0.04452304358926186,5.131530026138012
2017-04-21,-0.004100822718276959,5.1274292034197355
2017-04-24,-0.08296818466161619,5.04446101875812
2017-04-25,-0.062129700972708285,4.982331317785411
2017-04-26,0.03485996128841502,5.017191279073826
2017-04-27,0.04171619910904176,5.058907478182867
2017-04-28,-0.005963810163358485,5.052943668019509
2017-05-01,-0.03730281379825558,5.015640854221253
2017-05-02,0.013849468373697951,5.029490322594951
2017-05-03,-0.02747633611532711,5.002013986479624
2017-05-04,-0.04913760259250694,4.9528763838871175
2017-05-05,-0.02089371742681262,4.931982666460304
2017-05-08,-0.007507237882631667,4.924475428577672
2017-05-09,-0.022563093805398993,4.901912334772273
2017-05-10,-0.006538376807972169,4.895373957964301
2017-05-11,0.013944338528044376,4.909318296492346
2017-05-12,0.06739625167872675,4.976714548171072
2017-05-15,-0.0159339906447463,4.960780557526326
2017-05-16,-0.0019280229344412455,4.958852534591885
2017-05-17,0.12437309683587532,5.08322563142776
2017-05-18,-0.020750377174507475,5.062475254253253
2017-05-19,-0.015799712225072503,5.046675542028181
2017-05-22,-0.0229278468335846,5.023747695194596
2017-05-23,-0.028523736799544595,4.9952239583950515
2017-05-24,0.038743026699494726,5.033966985094546
2017-05-25,0.024883483301531912,5.058850468396078
2017-05-26,0.021491892866662355,5.0803423612627405
2017-05-29,0.04954160733658293,5.129883968599324
2017-05-30,0.023882587284782104,5.153766555884106
2017-05-31,0.00042760306643551137,5.154194158950541
2017-06-01,-0.004701046098379024,5.149493112852162
2017-06-02,0.05140967464058721,5.200902787492749
2017-06-05,-0.028329723587069852,5.17257306390568
2017-06-06,0.03646418039724809,5.209037244302928
2017-06-07,-0.027245366995601497,5.181791877307326
2017-06-08,0.0011133035928793942,5.182905180900205
2017-06-09,-0.0030961802464498445,5.179809000653755
2017-06-12,-0.0066665257138326115,5.173142474939922
2017-06-13,-0.01026428475865952,5.162878190181263
2017-06-14,0.05580481795766356,5.218683008138926
2017-06-15,-0.07683858933076465,5.141844418808161
2017-06-16,0.024576124975228895,5.16642054378339
2017-06-19,-0.03928455029077764,5.127135993492613
2017-06-20,0.03989119017524596,5.167027183667859
2017-06-21,-0.01841814458448196,5.148609039083377
2017-06-22,0.008767446353597849,5.157376485436975
2017-06-23,0.0007109870682113287,5.158087472505186
2017-06-26,0.006775324226042523,5.164862796731229
2017-06-27,-0.15717111548629425,5.007691681244935
2017-06-28,0.0036727377427198246,5.011364418987655
2017-06-29,-0.07782035284723068,4.933544066140424
2017-06-30,-0.03890321856029102,4.894640847580133
2017-07-03,-0.032552462275741136,4.862088385304392
2017-07-04,0.011583147182889138,4.873671532487281
2017-07-05,0.0049228239331377535,4.878594356420419
2017-07-06,-0.07271882506192787,4.805875531358492
2017-07-07,-0.00926346214584505,4.796612069212646
2017-07-10,0.035432762745483105,4.832044831958129
2017-07-11,0.0038824505241785248,4.835927282482308
2017-07-12,0.051451807077308925,4.887379089559617
2017-07-13,-0.0152456926592245,4.872133396900392
2017-07-14,0.01144834476922364,4.883581741669616
2017-07-17,0.022454563881554847,4.90603630555117
2017-07-18,0.037328731150797864,4.943365036701969
2017-07-19,0.0025454294916085122,4.9459104661935775
2017-07-20,0.004248318955811369,4.950158785149389
2017-07-21,0.04125562310352028,4.9914144082529095
2017-07-24,-0.007689967266928231,4.983724440985981
2017-07-25,-0.08703673858370867,4.8966877024022715
2017-07-26,0.058116002613110035,4.954803705015382
2017-07-27,-0.003273796814830558,4.951529908200552
2017-07-28,0.005475282082093619,4.957005190282645
2017-07-31,-0.007211404256543404,4.9497937860261025
2017-08-01,0.07078493403780864,5.020578720063911
2017-08-02,-0.019862418016850673,5.000716302047061
2017-08-03,0.04219508584966482,5.0429113878967256
2017-08-04,-0.03323064086578588,5.00968074703094
2017-08-07,0.016310174765076003,5.025990921796016
2017-08-08,-0.02150338090724707,5.004487540888769
2017-08-09,0.05994935211625264,5.064436893005022
2017-08-10,0.032021603576884224,5.0964584965819055
2017-08-11,0.04800271234879498,5.144461208930701
2017-08-14,-0.04612226904987766,5.098338939880823
2017-08-15,-0.050552898214346526,5.047786041666477
2017-08-16,0.040154976866522515,5.087941018532999
2017-08-17,0.026744806626200022,5.114685825159199
2017-08-18,-0.00947876558282015,5.105207059576379
2017-08-21,0.03501406293693583,5.140221122513315
2017-08-22,-0.0344797628285035,5.105741359684812
2017-08-23,0.056250297116594544,5.161991656801407
2017-08-24,-0.024253001850695205,5.137738654950711
2017-08-25,0.015696086907722204,5.153434741858433
2017-08-28,0.01989529100592387,5.173330032864357
2017-08-29,0.04545447914373923,5.218784512008097
2017-08-30,-0.02034935824337211,5.198435153764724
2017-08-31,0.013380574129628767,5.211815727894353
2017-09-01,-0.04319207778689662,5.168623650107457
2017-09-04,0.02418980512250092,5.192813455229958
2017-09-05,0.11458155206414157,5.307395007294099
2017-09-06,-0.0682469347689755,5.239148072525124
2017-09-07,0.08298859741170209,5.3221366699368255
2017-09-08,-0.015758734210411775,5.306377935726414
2017-09-11,-0.08621550395311407,5.2201624317733
2017-09-12,-0.08356137984081603,5.136601051932484
2017-09-13,-0.024859231691422345,5.111741820241061
2017-09-14,-0.015689237202723978,5.096052583038337
2017-09-15,-0.03292846981992805,5.063124113218409
2017-09-18,-0.033193669161087715,5.029930444057321
2017-09-19,-0.0010204744540006508,5.02890996960332
2017-09-20,-0.05564299482374706,4.973266974779573
2017-09-21,0.007011914360459653,4.980278889140033
2017-09-22,0.014545696678126201,4.994824585818159
2017-09-25,0.07306281511586454,5.067887400934024
2017-09-26,-0.014176100832485463,5.053711300101538
2017-09-27,-0.09186447589338306,4.9618468242081555
2017-09-28,0.0175090100416782,4.979355834249834
2017-09-29,-0.019314805449803043,4.96004102880003
2017-10-02,0.0015478737732781142,4.961588902573308
2017-10-03,0.0031370185818858126,4.964725921155194
2017-10-04,0.006409383883085752,4.97113530503828
2017-10-05,-0.017715201935541467,4.953420103102738
2017-10-06,-0.027399263366199824,4.926020839736539
2017-10-09,0.021765170530197636,4.947786010266737
2017-10-10,0.00833087976975422,4.9561168900364905
2017-10-11,-0.01534816765333838,4.940768722383153
2017-10-12,0.035605486112203134,4.976374208495356
2017-10-13,0.0637201457755803,5.040094354270936
2017-10-16,-0.011389234259898472,5.028705120011037
2017-10-17,0.0014313784702179194,5.030136498481255
2017-10-18,-0.05375678972030701,4.976379708760948
2017-10-19,0.013072879539527717,4.989452588300476
2017-10-20,-0.07604932336033532,4.913403264940141
2017-10-23,0.02363851388445979,4.9370417788246
2017-10-24,-0.04426393233953195,4.892777846485069
2017-10-25,-0.03323254568486581,4.859545300800203
2017-10-26,0.04260225161844246,4.902147552418645
2017-10-27,0.05119227455231221,4.953339826970958
2017-10-30,0.05450163050566211,5.00784145747662
2017-10-31,-0.01490717899726069,4.9929342784793596
2017-11-01,-0.017194540667057657,4.975739737812302
2017-11-02,0.02789841035964084,5.003638148171943
2017-11-03,0.004574002485089972,5.008212150657033
2017-11-06,0.03754940054440852,5.0457615512014415
2017-11-07,0.011887187543648377,5.05764873874509
2017-11-08,-0.018983005942944935,5.038665732802145
2017-11-09,-0.027001152511815528,5.011664580290329
2017-11-10,-0.08033769473663922,4.931326885553689
2017-11-13,-0.023237192602612592,4.908089692951077
2017-11-14,0.02673064206087638,4.9348203350119535
2017-11-15,0.04343632405911655,4.97825665907107
2017-11-16,-0.03201032422284285,4.946246334848228
2017-11-17,0.013641272730322711,4.959887607578549
2017-11-20,-0.030450455049225018,4.929437152529324
2017-11-21,0.00536068009205663,4.934797832621381
2017-11-22,0.03796247089971044,4.972760303521092
2017-11-23,-0.009858049763697876,4.9629022537573935
2017-11-24,-0.023073908522176407,4.939828345235218
2017-11-27,0.04148718596754374,4.981315531202761
2017-11-28,-0.0266113781388376,4.954704153063924
2017-11-29,-0.06433429778063413,4.890369855283289
2017-11-30,-0.04989999965379135,4.8404698556294985
2017-12-01,0.09168525809634284,4.932155113725841
2017-12-04,-0.04399484283549793,4.888160270890344
2017-12-05,0.02832059179355732,4.916480862683901
2017-12-06,0.04033749447182064,4.956818357155721
2017-12-07,-0.016462787174583722,4.940355569981137
2017-12-08,-0.013629306932157194,4.92672626304898
2017-12-11,-0.006785564832480337,4.9199406982165
2017-12-12,-0.023881236462303185,4.896059461754197
2017-12-13,0.06223566674591789,4.958295128500114
2017-12-14,-0.01648350215263366,4.94181162634748
2017-12-15,-0.024809588365112496,4.917002037982368
2017-12-18,-0.03236694937101297,4.884635088611355
2017-12-19,-0.10319948915333607,4.781435599458019
2017-12-20,-0.07189537030217412,4.709540229155845
2017-12-21,-0.016464815422196626,4.693075413733649
2017-12-22,-0.010702850907086881,4.682372562826561
2017-12-26,0.026838180965975525,4.7092107437925375
2017-12-27,0.06796614018804337,4.77717688398058
2017-12-28,-0.04580423730220496,4.731372646678375
2017-12-29,0.023142414098215845,4.7545150607765905
2018-01-02,-0.054735300511141345,4.69977976026545
2018-01-03,0.017149480495185693,4.716929240760635
2018-01-04,-0.006183430672058016,4.710745810088577
2018-01-05,-0.019720737623119343,4.691025072465457
2018-01-08,0.008750791028216753,4.699775863493675
2018-01-09,-0.06592478711292744,4.633851076380747
2018-01-10,-0.0020229248386419447,4.631828151542106
2018-01-11,-0.05806823489391688,4.573759916648188
2018-01-12,-0.024969438601180522,4.548790478047008
2018-01-15,-0.020535317703298167,4.52825516034371
2018-01-16,0.02589300450355326,4.554148164847263
2018-01-17,-0.047896075682183986,4.506252089165079
2018-01-18,-0.023631652336065213,4.482620436829015
2018-01-19,-0.0037865056605685624,4.478833931168445
2018-01-22,-0.02752975601053096,4.451304175157915
2018-01-23,0.03914223546533792,4.490446410623253
2018-01-24,-0.03864805386965764,4.451798356753595
2018-01-25,-0.013077621693257569,4.438720735060337
2018-01-26,-0.08555634983248758,4.353164385227849
2018-01-29,-0.06410106517697162,4.289063320050878
2018-01-30,-0.01739366256000999,4.271669657490868
2018-01-31,-0.037752657965020184,4.233916999525848
2018-02-01,-0.04177263342146469,4.192144366104383
2018-02-02,-0.04837017084698661,4.1437741952573965
2018-02-05,0.1401281164169481,4.283902311674344
2018-02-06,-0.01706587326138491,4.266836438412959
2018-02-07,-0.09298627680865465,4.173850161604305
2018-02-08,-0.005996068213561485,4.167854093390743
2018-02-09,0.042928968908592095,4.210783062299335
2018-02-12,-0.03139852817689776,4.179384534122438
2018-02-13,0.023314248889366458,4.2026987830118046
2018-02-14,-0.09274083204511382,4.10995795096669
2018-02-15,0.002655768053156886,4.112613719019848
2018-02-16,0.048379173028551194,4.160992892048398
2018-02-19,-0.015389917302934906,4.145602974745463
2018-02-20,-0.005111123354124216,4.14049185139134
2018-02-21,-0.022749952546613845,4.117741898844725
2018-02-22,0.037907650045040646,4.155649548889766
2018-02-23,0.07676805696526712,4.232417605855034
2018-02-26,-0.0058339265544645495,4.226583679300569
2018-02-27,-0.06117526776581844,4.1654084115347505
2018-02-28,0.03931376375327694,4.204722175288028
2018-03-01,0.08165415747457838,4.286376332762606
2018-03-02,-0.05100064777378528,4.235375684988821
2018-03-05,-0.018994136984272568,4.216381548004548
2018-03-06,-0.0238145078829693,4.192567040121578
2018-03-07,0.004103740377680458,4.196670780499259
2018-03-08,0.041198809717509194,4.237869590216768
2018-03-09,-0.02193245701964629,4.215937133197121
2018-03-12,0.03506777608972726,4.2510049092868485
2018-03-13,0.016003960963222586,4.267008870250072
2018-03-14,0.03741563859579469,4.304424508845866
2018-03-15,0.01120222267487506,4.315626731520741
2018-03-16,-0.01338874107305549,4.302237990447686
2018-03-19,0.0032352204742807154,4.305473210921967
2018-03-20,-0.04005253186944259,4.265420679052524
2018-03-21,-0.020674077608539402,4.244746601443985
2018-03-22,0.11249495758714974,4.357241559031134
2018-03-23,0.01082920333109755,4.368070762362232
2018-03-26,-0.016611779513903174,4.351458982848329
2018-03-27,0.07526770189785681,4.4267266847461855
2018-03-28,-0.014226830963562176,4.412499853782624
2018-03-29,0.038188228778004485,4.450688082560628
2018-04-02,0.02750877559845688,4.478196858159085
2018-04-03,-0.056642065881597176,4.421554792277488
2018-04-04,0.007207376540616371,4.428762168818103
2018-04-05,-0.0458711380382564,4.382891030779847
2018-04-06,0.06516530831228996,4.448056339092137
2018-04-09,-0.016403544651791842,4.431652794440345
2018-04-10,-0.0382810162185061,4.393371778221839
2018-04-11,0.020061459231763373,4.413433237453603
2018-04-12,-0.04076719190010447,4.372666045553498
2018-04-13,0.0031492412520633126,4.375815286805562
2018-04-16,-0.017815179803301953,4.358000107002259
2018-04-17,0.029953414789039894,4.3879535217912995
2018-04-18,-0.07203290939582765,4.315920612395471
2018-04-19,-0.07479580267705802,4.241124809718413
2018-04-20,-0.03452515743805323,4.20659965228036
2018-04-23,-0.03323493826559738,4.173364714014763
2018-04-24,0.011103586060224253,4.184468300074987
2018-04-25,-0.03700055189201017,4.147467748182977
2018-04-26,0.055170262031516426,4.202638010214493
2018-04-27,0.03142126704125973,4.234059277255753
2018-04-30,0.032514395473811554,4.266573672729564
2018-05-01,-0.05067685176663972,4.215896820962925
2018-05-02,-0.0005266388884663104,4.215370182074459
2018-05-03,0.05321203786318485,4.2685822199376435
2018-05-04,-0.005613956830124762,4.262968263107519
2018-05-07,0.0035748035696167575,4.266543066677135
2018-05-08,-0.038321860177089724,4.228221206500045
2018-05-09,-0.028871104530376057,4.199350101969669
2018-05-10,0.014331452772786612,4.213681554742456
2018-05-11,-0.005284856947918309,4.208396697794537
2018-05-14,-0.06140489575347169,4.146991802041065
2018-05-15,-0.10526171808969405,4.0417300839513715
2018-05-16,0.02864799969972235,4.070378083651094
2018-05-17,-0.016606509540110108,4.053771574110984
2018-05-18,0.08774311950697589,4.14151469361796
2018-05-21,0.03619200062705641,4.177706694245016
2018-05-22,-0.018346256035319048,4.159360438209697
2018-05-23,0.09747387651852268,4.25683431472822
2018-05-24,0.03556363821866666,4.292397952946887
2018-05-25,0.10200473216512179,4.394402685112008
2018-05-28,0.11531266918839277,4.5097153543004005
2018-05-29,0.2277449846714284,4.737460338971829
2018-05-30,-0.14916723470769366,4.588293104264135
2018-05-31,0.002103820341097535,4.590396924605233
2018-06-01,-0.062232167608622345,4.5281647569966115
2018-06-04,-0.04032521557814549,4.487839541418466
2018-06-05,0.03119695783791495,4.51903649925638
2018-06-06,-0.0764120161152394,4.442624483141142
2018-06-07,0.028230545223858983,4.470855028365
2018-06-08,0.007693013619024519,4.478548041984025
2018-06-11,-0.0354066555239408,4.443141386460084
2018-06-12,-0.002545193098158748,4.440596193361925
2018-06-13,-0.02274725495588582,4.417848938406038
2018-06-14,0.06210520969576121,4.4799541481018
2018-06-15,0.014625990683397861,4.494580138785198
2018-06-18,0.0032484942194749198,4.497828633004673
2018-06-19,0.03421307827887099,4.532041711283544
2018-06-20,-0.021634186963308363,4.510407524320235
2018-06-21,0.05150084244956257,4.5619083667697975
2018-06-22,-0.008170823226860123,4.553737543542937
2018-06-25,0.01820836607705747,4.571945909619995
2018-06-26,-0.007874945269843874,4.564070964350151
2018-06-27,0.04288194871566326,4.606952913065815
2018-06-28,-0.02049218970820593,4.586460723357608
2018-06-29,-0.0014203218285503542,4.585040401529058
2018-07-02,-0.007101978160795561,4.577938423368263
2018-07-03,0.02543084847695014,4.603369271845212
2018-07-04,-0.03981961121566834,4.563549660629544
2018-07-05,0.0006600161508191686,4.564209676780363
2018-07-06,0.017826939316390285,4.582036616096754
2018-07-09,-0.026562450439613337,4.55547416565714
2018-07-10,-0.020032011669898757,4.535442153987241
2018-07-11,0.02808311490289379,4.563525268890135
2018-07-12,-0.00683786129812366,4.556687407592012
2018-07-13,0.030451367252747795,4.58713877484476
2018-07-16,-0.02975547959545654,4.557383295249304
2018-07-17,-0.0027781699919923455,4.554605125257311
2018-07-18,-0.0007166203310350122,4.553888504926276
2018-07-19,0.02979674653882649,4.583685251465102
2018-07-20,-0.052005589464824545,4.531679662000278
2018-07-23,-0.06691253437522224,4.464767127625056
2018-07-24,0.017467467811213923,4.48223459543627
2018-07-25,-0.009465752409488127,4.472768843026782
2018-07-26,-0.025380524706294413,4.447388318320487
2018-07-27,0.01324834239050729,4.460636660710994
2018-07-30,-0.029894960047044263,4.430741700663951
2018-07-31,-0.0030416932661200746,4.4277000073978305
2018-08-01,-0.047417363311109434,4.380282644086721
2018-08-02,0.03431177017623354,4.414594414262955
2018-08-03,0.06121690132415541,4.47581131558711
2018-08-06,0.016993678816745978,4.492804994403857
2018-08-07,-0.03834586414394816,4.454459130259908
2018-08-08,0.014738564036785631,4.469197694296694
2018-08-09,0.040856257337628904,4.5100539516343225
2018-08-10,0.10229018738920616,4.612344139023529
2018-08-13,-0.005858069561117179,4.606486069462411
2018-08-14,-0.023974805672210883,4.582511263790201
2018-08-15,0.04810968646443002,4.630620950254631
2018-08-16,-0.023295368770858395,4.607325581483773
2018-08-17,0.0013197998433510812,4.608645381327124
2018-08-20,0.04109207320190855,4.649737454529032
2018-08-21,-0.04397686887782684,4.605760585651206
2018-08-22,0.008556673662759834,4.614317259313966
2018-08-23,-0.009924662399715099,4.60439259691425
2018-08-24,-0.014870225638316088,4.589522371275934
2018-08-27,-0.04300110083852793,4.546521270437406
2018-08-28,-0.02858701570497808,4.5179342547324275
2018-08-29,-0.022664391944730883,4.495269862787698
2018-08-30,0.06426189134961013,4.559531754137307
2018-08-31,0.022229912304767667,4.581761666442075
2018-09-03,0.005248582107164528,4.587010248549239
2018-09-04,-0.05565609712045424,4.531354151428785
2018-09-05,-0.02477013654599976,4.506584014882786
2018-09-06,0.045323377946461234,4.551907392829246
2018-09-07,-0.08469247976711686,4.46721491306213
2018-09-10,-0.012524093244232868,4.454690819817897
2018-09-11,-0.05524288845305836,4.399447931364839
2018-09-12,0.02438837717211882,4.423836308536957
2018-09-13,-0.01129370472873386,4.412542603808224
2018-09-14,-0.04114202509818239,4.371400578710041
2018-09-17,-0.02461987799005958,4.346780700719982
2018-09-18,-0.042696810708738216,4.304083890011244
2018-09-19,-0.02411154198482213,4.279972348026421
2018-09-20,0.014292159539153767,4.294264507565575
2018-09-21,0.01990855344770615,4.314173061013282
2018-09-24,-0.061634057864209835,4.252539003149072
2018-09-25,-0.04486729362276731,4.207671709526304
2018-09-26,0.04836169138499068,4.256033400911295
2018-09-27,-0.006411570401573279,4.249621830509721
2018-09-28,0.04991706265815251,4.299538893167874
2018-10-01,-0.007191903282828778,4.292346989885045
2018-10-02,0.05965401573463683,4.352001005619682
2018-10-03,-0.14751946772319294,4.2044815378964895
2018-10-04,-0.046091377157390485,4.158390160739099
2018-10-05,-0.03772838438350126,4.120661776355597
2018-10-08,0.03586063373785846,4.156522410093456
2018-10-09,-0.0016589304875034684,4.154863479605952
2018-10-10,-0.004434306216991997,4.150429173388961
2018-10-11,0.08884513584886584,4.239274309237826
2018-10-12,0.008054712799879687,4.247329022037706
2018-10-15,-0.023531509859143953,4.223797512178562
2018-10-16,0.011947274441091196,4.235744786619653
2018-10-17,-0.007684482614230625,4.228060304005423
2018-10-18,0.0648364605004314,4.292896764505854
2018-10-19,-0.05987783085226295,4.233018933653591
2018-10-22,0.005843405679512083,4.238862339333103
2018-10-23,0.049873065624276854,4.2887354049573805
2018-10-24,0.06122177912626538,4.349957184083646
2018-10-25,-0.012985901898969615,4.336971282184676
2018-10-26,0.07865052125710227,4.415621803441779
2018-10-29,-0.022043692485619666,4.39357811095616
2018-10-30,-0.020599403924563043,4.372978707031596
2018-10-31,-0.03929250353451661,4.33368620349708
2018-11-01,0.004014310533739704,4.33770051403082
2018-11-02,-0.07346773833086791,4.264232775699952
2018-11-05,0.015447619656174184,4.2796803953561255
2018-11-06,-0.020509151274994312,4.259171244081132
2018-11-07,-0.02846672368710356,4.230704520394028
2018-11-08,-0.017874437352086856,4.212830083041942
2018-11-09,0.06501618397904592,4.277846267020987
2018-11-12,0.04728519330392464,4.325131460324911
2018-11-13,0.015830148229688864,4.340961608554601
2018-11-14,0.020491041748228144,4.361452650302828
2018-11-15,0.02863776568933253,4.3900904159921605
2018-11-16,0.04114728301072166,4.431237699002883
2018-11-19,0.01339172200633212,4.444629421009214
2018-11-20,0.006426282313382238,4.451055703322597
2018-11-21,-0.022261747681241728,4.428793955641355
2018-11-22,-0.0041354790603608535,4.424658476580994
2018-11-23,0.023594514145257636,4.448252990726251
2018-11-26,-0.024201387153144665,4.424051603573107
2018-11-27,0.024415533362631123,4.448467136935738
2018-11-28,0.008409523887955543,4.456876660823694
2018-11-29,0.031124538711394433,4.488001199535088
2018-11-30,0.024308746055766176,4.512309945590854
2018-12-03,0.01946453413243239,4.531774479723286
2018-12-04,0.0813176426807086,4.6130921224039945
2018-12-05,-0.060127311903205444,4.552964810500789
2018-12-06,0.06815802540916,4.621122835909949
2018-12-07,0.04053476825796367,4.661657604167913
2018-12-10,-0.03308969428637534,4.6285679098815375
2018-12-11,-0.011125929742635852,4.617441980138901
2018-12-12,-0.06126495364558502,4.556177026493316
2018-12-13,0.011562834715015166,4.567739861208331
2018-12-14,0.048689815860541795,4.616429677068873
2018-12-17,0.024662804177369928,4.641092481246243
2018-12-18,0.02913917179010685,4.67023165303635
2018-12-19,0.046928322479735385,4.7171599755160845
2018-12-20,-0.026749819974924604,4.69041015554116
2018-12-21,0.0065700395682153166,4.696980195109376
2018-12-24,0.08894484035933665,4.785925035468712
2018-12-26,-0.07621169284401887,4.709713342624694
2018-12-27,0.07391738183160904,4.7836307244563026
2018-12-28,-0.0021960912451547895,4.781434633211148
2018-12-31,0.07810285167499909,4.859537484886147
2019-01-02,0.09727221132465494,4.956809696210802
2019-01-03,0.10293168642384005,5.059741382634642
2019-01-04,-0.13526845569041057,4.924472926944231
2019-01-07,-0.04227041994299869,4.8822025070012325
2019-01-08,-0.03106899334230179,4.851133513658931
2019-01-09,0.013208174005077296,4.864341687664008
2019-01-10,0.014105559311759728,4.878447246975767
2019-01-11,0.032233798867777545,4.910681045843545
2019-01-14,0.005722939274762989,4.916403985118308
2019-01-15,0.013394035483885534,4.929798020602194
2019-01-16,-0.01855560962297263,4.911242410979221
2019-01-17,-0.03942341087556135,4.87181900010366
2019-01-18,-0.05074110707690037,4.821077893026759
2019-01-21,0.014869794025655976,4.835947687052416
2019-01-22,0.06004656581145066,4.895994252863867
2019-01-23,-0.022568853415572937,4.873425399448293
2019-01-24,0.06787075726936401,4.941296156717657
2019-01-25,-0.04162402369224855,4.899672133025408
2019-01-28,-0.007602985354994965,4.892069147670414
2019-01-29,0.03724902902674963,4.929318176697164
2019-01-30,0.027580852346146302,4.95689902904331
2019-01-31,0.050772884429555375,5.0076719134728656
2019-02-01,-0.048889190912251586,4.958782722560613
2019-02-04,-0.02614923417969159,4.932633488380922
2019-02-05,0.005248643059028506,4.937882131439951
2019-02-06,0.007041991021966393,4.944924122461917
2019-02-07,0.08912144185534555,5.034045564317263
2019-02-08,0.018582006562719633,5.052627570879983
2019-02-11,-0.046850600271769745,5.0057769706082125
2019-02-12,-0.020566342306324367,4.985210628301888
2019-02-13,-0.018263584710899027,4.96694704359099
2019-02-14,0.04689082918499677,5.013837872775986
2019-02-15,-0.009270637929046657,5.00456723484694
2019-02-18,-0.0110214729087137,4.9935457619382255
2019-02-19,0.016836056906204128,5.01038181884443
2019-02-20,-0.0005462536354465678,5.009835565208983
2019-02-21,-0.05339910974266537,4.956436455466318
2019-02-22,0.051899900295190024,5.008336355761508
2019-02-25,-0.029227694023561124,4.979108661737947
2019-02-26,0.020866400049392185,4.999975061787339
2019-02-27,-0.07497791372613073,4.924997148061209
2019-02-28,-0.0422897484741946,4.882707399587014
2019-03-01,-0.05073099136158595,4.831976408225428
2019-03-04,0.05130893201340175,4.88328534023883
2019-03-05,0.002604833881189603,4.88589017412002
2019-03-06,0.05148726748201214,4.937377441602031
2019-03-07,0.09941267399955991,5.036790115601591
2019-03-08,0.0002279719873112488,5.037018087588902
2019-03-11,-0.02034819078520131,5.016669896803701
2019-03-12,0.03410583692004808,5.050775733723749
2019-03-13,-0.026260853305708445,5.024514880418041
2019-03-14,-0.011572348261412936,5.012942532156628
2019-03-15,0.023857598711231182,5.036800130867859
2019-03-18,-0.019781864138568927,5.01701826672929
2019-03-19,-0.024023954197664076,4.992994312531627
2019-03-20,0.09164248753260919,5.084636800064236
2019-03-21,0.004015468041641481,5.088652268105878
2019-03-22,0.1172941395036334,5.205946407609511
2019-03-25,0.03334823392813666,5.239294641537648
2019-03-26,-0.0029640344668917435,5.236330607070756
2019-03-27,0.08519553478990413,5.3215261418606605
2019-03-28,-0.04106624828828237,5.280459893572378
2019-03-29,-0.01585915794547234,5.264600735626906
2019-04-01,-0.08440148083467931,5.180199254792226
2019-04-02,0.025673549488955456,5.2058728042811815
2019-04-03,-0.05245624350682808,5.153416560774353
2019-04-04,0.007445330034747464,5.160861890809101
2019-04-05,-0.003545032674907719,5.157316858134193
2019-04-08,-0.015384901873398209,5.141931956260795
2019-04-09,0.0251950121101491,5.167126968370944
2019-04-10,0.03909255615922251,5.206219524530167
2019-04-11,-0.03960049654896164,5.166619027981205
2019-04-12,-0.09874606103058145,5.067872966950623
2019-04-15,0.0076486507812670735,5.07552161773189
2019-04-16,-0.035595300057419184,5.03992631767447
2019-04-17,-0.004266156211779788,5.03566016146269
2019-04-18,0.06368705429820386,5.099347215760894
2019-04-22,-0.02910978616673515,5.070237429594159
2019-04-23,0.006612835234348292,5.076850264828507
2019-04-24,0.07530570020037906,5.152155965028886
2019-04-25,-0.014443469094170098,5.137712495934716
2019-04-26,0.03345796218877514,5.171170458123491
2019-04-29,-0.04224660520266808,5.128923852920823
2019-04-30,0.019600772986031217,5.1485246259068544
2019-05-01,-0.02399922621975702,5.124525399687098
2019-05-02,-0.04668881451066706,5.07783658517643
2019-05-03,0.01465581468198742,5.0924923998584175
2019-05-06,0.033659522824530934,5.126151922682949
2019-05-07,0.07194438277310167,5.19809630545605
2019-05-08,-0.02353416927090473,5.174562136185146
2019-05-09,0.033157079292831466,5.207719215477977
2019-05-10,-0.01045888263682718,5.197260332841149
2019-05-13,0.06597892028169385,5.263239253122843
2019-05-14,-0.001752618770706268,5.261486634352137
2019-05-15,0.05115799684435795,5.312644631196495
2019-05-16,-0.023624598826216932,5.289020032370278
2019-05-17,0.006854036214352383,5.29587406858463
2019-05-20,-0.0344188126060702,5.26145525597856
2019-05-21,-0.03123923414052566,5.230216021838034
2019-05-22,0.04761525714738078,5.277831278985415
2019-05-23,0.09263827837605773,5.3704695573614725
2019-05-24,-0.03340623045638354,5.337063326905089
2019-05-27,0.038280069129896996,5.375343396034986
2019-05-28,0.05930654123566912,5.434649937270655
2019-05-29,0.019404456715128377,5.454054393985784
2019-05-30,0.024245798060002335,5.478300192045786
2019-05-31,0.0867910540944235,5.56509124614021
2019-06-03,0.044322233917033015,5.609413480057243
2019-06-04,-0.02771197002045052,5.581701510036792
2019-06-05,0.03358720756841661,5.615288717605209
2019-06-06,-0.02387782403208831,5.59141089357312
2019-06-07,0.05063062303494369,5.642041516608064
2019-06-10,-0.06625254804982798,5.575788968558236
2019-06-11,0.015374713261564204,5.5911636818198
2019-06-12,0.01900822995233112,5.610171911772131
2019-06-13,0.031203091895931696,5.641375003668062
2019-06-14,0.0010413616515067676,5.642416365319569
2019-06-17,-0.00571093507611368,5.636705430243455
2019-06-18,0.11031660006682492,5.74702203031028
2019-06-19,0.0052757890414897105,5.75229781935177
2019-06-20,0.01551319928846102,5.767811018640231
2019-06-21,-0.07478069459561666,5.693030324044614
2019-06-24,0.050957988326239094,5.743988312370853
2019-06-25,0.030637513656040553,5.7746258260268934
2019-06-26,-0.07301984971969427,5.701605976307199
2019-06-27,0.04510301714314563,5.746708993450345
2019-06-28,0.007982022877209026,5.754691016327554
2019-07-01,0.007889600461389376,5.762580616788943
2019-07-02,0.04416004538931568,5.806740662178259
2019-07-03,0.004494250802893339,5.811234912981153
2019-07-04,0.027785950695909986,5.839020863677063
2019-07-05,-0.09229255741827617,5.746728306258786
2019-07-08,-0.01241594474254765,5.734312361516238
2019-07-09,-0.023459890317139295,5.710852471199099
2019-07-10,-0.01876076260022412,5.692091708598875
2019-07-11,-0.08132863766458803,5.610763070934287
2019-07-12,0.019538941415538042,5.6303020123498255
2019-07-15,0.03540608786969104,5.665708100219517
2019-07-16,-0.011115407211934153,5.654592693007583
2019-07-17,0.0654265111724226,5.720019204180005
2019-07-18,0.05309763214538981,5.773116836325395
2019-07-19,-0.020743999106311882,5.752372837219083
2019-07-22,0.01870989450934926,5.771082731728432
2019-07-23,-0.010959875145288758,5.760122856583144
2019-07-24,0.02276803028480829,5.7828908868679525
2019-07-25,-0.02360532827229806,5.759285558595654
2019-07-26,-0.008417741281889234,5.7508678173137655
2019-07-29,0.026475763268310797,5.777343580582076
2019-07-30,-0.003920377674195242,5.773423202907881
2019-07-31,0.034943138639306974,5.808366341547188
2019-08-01,0.14709208020368725,5.955458421750875
2019-08-02,-0.00842841025023074,5.947030011500645
2019-08-05,0.09976607133057186,6.046796082831216
2019-08-06,0.009061027947435688,6.055857110778652
2019-08-07,0.05398587000658531,6.109842980785237
2019-08-08,0.006583769143581043,6.116426749928817
2019-08-09,-0.029197821144199557,6.087228928784618
2019-08-12,0.06489983369522567,6.152128762479843
2019-08-13,-0.033557196510117626,6.1185715659697255
2019-08-14,0.07212231433212966,6.190693880301855
2019-08-15,0.09661331600480087,6.287307196306656
2019-08-16,-0.030327525388635954,6.256979670918019
2019-08-19,-0.059912194375195585,6.1970674765428235
2019-08-20,0.05092821398946015,6.247995690532283
2019-08-21,-0.03870296218662345,6.20929272834566
2019-08-22,-0.042724676100623596,6.166568052245037
2019-08-23,0.0728030508678081,6.239371103112845
2019-08-26,-0.03332219328920993,6.206048909823635
2019-08-27,0.05247098722753404,6.258519897051169
2019-08-28,0.006943633929306425,6.265463530980475
2019-08-29,-0.016609982059184354,6.248853548921291
2019-08-30,0.02273754526704425,6.271591094188335
2019-09-02,-0.004660470740836779,6.266930623447498
2019-09-03,0.008817502702425655,6.275748126149924
2019-09-04,0.005565853299595662,6.28131397944952
2019-09-05,-0.1285021962508348,6.152811783198684
2019-09-06,0.026957463496602135,6.179769246695287
2019-09-09,-0.06807002663472836,6.111699220060558
2019-09-10,-0.07171652318502886,6.039982696875529
2019-09-11,0.00030378537391455296,6.040286482249444
2019-09-12,-0.09164369697326252,5.948642785276181
2019-09-13,-0.09909306156785053,5.849549723708331
2019-09-16,0.047195138152292905,5.896744861860624
2019-09-17,0.007119989324459142,5.903864851185083
2019-09-18,0.014546706343921828,5.918411557529005
2019-09-19,0.009523212395683918,5.927934769924689
2019-09-20,0.019813311602492573,5.947748081527181
2019-09-23,0.04220232859176176,5.989950410118943
2019-09-24,0.056290475766700154,6.046240885885643
2019-09-25,-0.06849992116542024,5.977740964720223
2019-09-26,0.027408882934221248,6.005149847654444
2019-09-27,0.0136923993913962,6.01884224704584
2019-09-30,-0.003608229245266967,6.015234017800573
2019-10-01,0.007969069922905275,6.023203087723478
2019-10-02,0.026757688969903257,6.049960776693381
2019-10-03,0.06529905915678266,6.115259835850164
2019-10-04,0.0027508088939306053,6.1180106447440945
2019-10-07,-0.034866467051494245,6.0831441776926
2019-10-08,0.02458635643429245,6.107730534126892
2019-10-09,-0.05788769737971006,6.049842836747182
2019-10-10,-0.0894683512342317,5.96037448551295
2019-10-11,-0.05878428417810854,5.901590201334841
2019-10-14,0.012827474872148227,5.914417676206989
2019-10-15,-0.062103684331472356,5.852313991875517
2019-10-16,0.009217912687190665,5.861531904562708
2019-10-17,-0.007233852713949274,5.854298051848758
2019-10-18,-0.012479260703711494,5.841818791145046
2019-10-21,-0.033284239126638186,5.808534552018408
2019-10-22,0.03258293169672868,5.841117483715136
2019-10-23,0.0027792104225033295,5.84389669413764
2019-10-24,0.008466023278188208,5.852362717415828
2019-10-25,-0.04183883698761191,5.810523880428216
2019-10-28,-0.04955368657718771,5.760970193851029
2019-10-29,0.011235343263643031,5.772205537114672
2019-10-30,0.024636964515111912,5.796842501629785
2019-10-31,0.08330124166386205,5.8801437432936465
2019-11-01,-0.03169865693045769,5.8484450863631885
2019-11-04,-0.04538809104091933,5.803056995322269
2019-11-05,-0.05670132109227105,5.7463556742299975
2019-11-06,0.02155350054010838,5.7679091747701055
2019-11-07,-0.10724162899254239,5.660667545777563
2019-11-08,0.0036223698170079,5.664289915594571
2019-11-11,-0.010539342783000293,5.65375057281157
2019-11-12,0.010845790107437988,5.664596362919008
2019-11-13,0.05444072192477762,5.7190370848437855
2019-11-14,0.055546195557182466,5.774583280400968
2019-11-15,-0.019008019399581633,5.755575261001386
2019-11-18,0.006404911506897961,5.761980172508284
2019-11-19,0.00592466550435499,5.767904838012639
2019-11-20,0.02670751245419059,5.79461235046683
2019-11-21,-0.037250539809105004,5.7573618106577245
2019-11-22,0.01888236281639627,5.776244173474121
2019-11-25,-0.0003078116627412968,5.77593636181138
2019-11-26,0.0279195153069307,5.80385587711831
2019-11-27,-0.025436312914140113,5.77841956420417
2019-11-28,-0.007139441307928127,5.771280122896242
2019-11-29,-0.016312548170072716,5.754967574726169
2019-12-02,-0.090347390377965,5.664620184348204
2019-12-03,0.12738013360338118,5.792000317951585
2019-12-04,-0.05376703134176755,5.738233286609817
2019-12-05,-0.02833693963229429,5.709896346977523
2019-12-06,-0.030496600713670646,5.679399746263853
2019-12-09,0.0196962560618926,5.699096002325745
2019-12-10,-0.010750936908258069,5.6883450654174865
2019-12-11,0.0362922517412189,5.724637317158705
2019-12-12,-0.09216034749867254,5.632476969660033
2019-12-13,0.04355384637851903,5.676030816038552
2019-12-16,-0.03595283327110523,5.640077982767447
2019-12-17,0.011591419541862272,5.6516694023093095
2019-12-18,-0.04207637885227071,5.609593023457038
2019-12-19,-0.0005861582264932298,5.609006865230545
2019-12-20,0.00763034870347534,5.616637213934021
2019-12-23,-0.01669561619350696,5.599941597740513
2019-12-24,0.0268858915917251,5.626827489332238
2019-12-26,0.005645350650102181,5.6324728399823405
2019-12-27,0.028119599398140564,5.660592439380481
2019-12-30,-0.06245759038736301,5.5981348489931175
2019-12-31,-0.00969496376668222,5.588439885226435
