11/05/1997,6363.1,6466.1,6344.0,6409.6,15757,84892
11/06/1997,6398.0,6416.3,6324.1,6354.0,35267,88164
11/07/1997,6230.2,6236.8,6103.9,6211.9,13359,93949
11/10/1997,6217.7,6295.0,6206.1,6221.9,13846,91102
11/11/1997,6180.3,6233.5,6166.2,6215.2,24822,90975
11/12/1997,6147.1,6187.0,6069.9,6162.1,18857,94447
11/13/1997,6160.4,6208.6,6138.0,6162.1,24509,92256
11/14/1997,6188.7,6280.0,6101.4,6112.2,20051,93595
11/17/1997,6313.3,6378.1,6292.5,6375.6,21068,93901
11/18/1997,6388.9,6432.9,6324.1,6409.6,24622,93443
11/19/1997,6305.0,6471.1,6303.3,6459.5,22553,92312
11/20/1997,6476.1,6569.1,6465.3,6550.0,23128,91803
11/21/1997,6609.0,6642.2,6554.2,6555.8,23606,92245
11/24/1997,6537.5,6545.0,6363.1,6386.4,22054,93368
11/25/1997,6394.7,6452.0,6346.5,6421.3,19489,92530
11/26/1997,6497.7,6564.1,6482.7,6544.2,11710,89629
11/27/1997,6595.7,6621.4,6575.8,6603.2,9189,87682
11/28/1997,6594.9,6627.3,6555.8,6623.9,26102,92344
12/01/1997,6726.9,6886.4,6707.0,6861.5,22225,91834
12/02/1997,6864.8,6878.1,6773.5,6811.7,18404,92700
12/03/1997,6811.7,6849.9,6746.1,6770.1,23925,94020
12/04/1997,6825.0,6944.6,6804.2,6916.3,22867,92640
12/05/1997,6883.1,6982.0,6846.6,6969.5,19006,94111
12/08/1997,7036.0,7055.9,6964.5,7004.4,18966,95575
12/09/1997,7019.3,7030.1,6929.6,6969.5,22382,97575
12/10/1997,6944.6,6952.9,6815.8,6831.6,33449,100401
12/11/1997,6717.2,6746.8,6666.1,6684.2,24563,98294
12/12/1997,6691.7,6792.9,6691.7,6756.7,28291,99159
12/15/1997,6763.3,6800.3,6699.9,6701.5,51803,99160
12/16/1997,6777.3,6910.6,6742.7,6903.2,55989,111639
12/17/1997,6899.1,6973.2,6867.0,6899.9,51084,98767
12/18/1997,6925.5,6956.8,6877.7,6916.4,23538,100675
12/19/1997,6785.5,6800.3,6719.6,6741.9,12646,70204
12/22/1997,6767.4,6873.6,6689.2,6859.6,15000,78167
12/23/1997,6849.7,6899.9,6813.5,6866.2,14860,78165
12/29/1997,6879.4,7096.7,6858.0,7096.7,10282,75673
12/30/1997,7137.9,7156.0,7018.5,7044.8,13474,75000
01/02/1998,7113.2,7249.8,7095.9,7240.0,18475,77173
01/05/1998,7199.6,7342.0,7174.1,7330.5,17772,77378
01/06/1998,7343.7,7343.7,7198.8,7229.3,20617,77971
01/07/1998,7205.4,7289.4,7166.7,7192.2,24759,79063
01/08/1998,7228.4,7293.5,7084.4,7108.2,26852,80057
01/09/1998,7077.0,7136.2,7006.1,7030.0,39028,84768
01/12/1998,6747.6,6853.0,6712.2,6846.4,25993,83289
01/13/1998,6956.8,6974.9,6859.6,6881.0,26277,85237
01/14/1998,6993.0,6993.0,6853.0,6860.4,22998,84081
01/15/1998,6834.9,6899.1,6825.0,6862.9,20084,84116
01/16/1998,6913.9,6997.9,6908.2,6994.6,18345,85624
01/19/1998,7049.0,7127.2,7035.0,7101.6,21897,85951
01/20/1998,7081.9,7159.3,7063.8,7136.2,25513,88396
01/21/1998,7168.3,7168.3,7030.8,7038.3,29814,90244
01/22/1998,6969.9,7023.4,6899.1,7010.3,25165,92231
01/23/1998,7002.9,7076.1,6960.9,6968.3,21677,91123
01/26/1998,6882.7,7080.2,6863.7,7057.2,21070,92298
01/27/1998,7045.7,7151.0,7029.2,7138.7,29948,92298
01/28/1998,7132.9,7291.0,7132.9,7261.4,29600,92298
01/29/1998,7285.2,7366.7,7244.1,7351.1,23726,93309
01/30/1998,7365.9,7383.2,7317.3,7340.4,29545,97924
02/02/1998,7384.9,7524.8,7384.9,7500.1,23933,104020
02/03/1998,7468.8,7525.6,7435.9,7483.7,23247,106455
02/04/1998,7516.6,7527.3,7394.7,7461.4,28292,107459
02/05/1998,7472.1,7569.3,7415.3,7430.1,22704,106989
02/06/1998,7459.0,7520.7,7421.9,7505.9,18914,107249
02/09/1998,7564.3,7589.9,7447.4,7464.7,20694,110523
02/10/1998,7467.2,7541.3,7436.7,7541.3,27407,114207
02/11/1998,7587.4,7600.6,7499.3,7528.1,29927,119598
02/12/1998,7524.0,7603.9,7434.3,7440.0,25884,123345
02/13/1998,7463.9,7483.7,7405.4,7463.9,16156,125459
02/16/1998,7463.9,7495.2,7443.3,7482.0,34002,138638
02/17/1998,7517.4,7651.6,7506.7,7636.0,29039,143705
02/18/1998,7620.3,7654.9,7566.0,7608.8,22334,145624
02/19/1998,7631.8,7641.7,7550.3,7565.2,17392,146269
02/20/1998,7575.9,7612.9,7561.9,7569.3,16888,147765
02/23/1998,7686.2,7702.6,7587.4,7615.4,20660,150199
02/24/1998,7602.2,7642.5,7541.3,7598.1,27305,153333
02/25/1998,7597.3,7775.1,7590.7,7775.1,26530,154517
02/26/1998,7788.3,7803.1,7719.9,7755.3,22324,153866
02/27/1998,7804.7,7813.0,7688.7,7749.6,23007,153144
03/02/1998,7755.3,7901.1,7710.9,7890.4,19145,150584
03/03/1998,7841.0,7885.4,7825.3,7848.4,32285,156395
03/04/1998,7870.6,7892.0,7709.2,7729.8,30400,158575
03/05/1998,7664.8,7734.8,7602.2,7719.1,30370,161437
03/06/1998,7714.2,7885.4,7682.9,7848.4,29096,164335
03/09/1998,7836.8,7975.2,7813.0,7961.2,29943,164587
03/10/1998,7940.6,8029.5,7928.2,7992.4,46354,177270
03/11/1998,8081.4,8087.1,7957.0,8013.8,47161,183030
03/12/1998,7990.9,7994.2,7923.8,7948.4,34641,179828
03/13/1998,8035.1,8089.1,7972.9,8034.3,44965,182710
03/16/1998,8007.3,8100.6,7972.9,8071.9,64760,193048
03/17/1998,8126.8,8166.0,8115.3,8147.2,75034,191039
03/18/1998,8134.9,8159.5,8029.4,8103.9,36905,127620
03/19/1998,8136.6,8169.3,8113.7,8152.9,25311,127620
03/20/1998,8182.4,8335.4,8174.2,8311.7,19476,131427
03/23/1998,8280.6,8308.4,8184.0,8270.8,17118,131926
03/24/1998,8225.8,8340.3,8220.0,8340.3,22863,136001
03/25/1998,8370.6,8472.1,8358.3,8425.4,25443,136001
03/26/1998,8390.2,8408.2,8222.5,8299.4,19604,135264
03/27/1998,8305.1,8414.8,8265.0,8329.7,19829,133353
03/30/1998,8307.6,8368.1,8208.6,8328.9,19518,133856
03/31/1998,8370.6,8409.9,8285.5,8364.1,22464,135813
04/01/1998,8337.9,8501.5,8323.1,8429.5,20582,135864
04/02/1998,8450.8,8535.9,8441.0,8529.3,19256,136897
04/03/1998,8594.8,8642.3,8547.3,8642.3,21492,137916
04/06/1998,8601.3,8796.1,8585.0,8794.4,24834,138858
04/07/1998,8755.2,8817.4,8677.4,8715.9,27121,139895
04/08/1998,8715.9,8725.7,8606.3,8653.7,18358,137202
04/09/1998,8612.8,8738.8,8588.3,8709.4,22040,140342
04/14/1998,8737.2,8862.4,8696.3,8798.5,20345,140513
04/15/1998,8812.5,8868.1,8758.4,8778.1,24746,142485
04/16/1998,8817.4,8843.5,8633.3,8673.3,25115,142643
04/17/1998,8653.7,8764.2,8604.6,8763.4,19515,143154
04/20/1998,8812.5,8931.9,8812.5,8887.7,21213,144351
04/21/1998,8859.9,8886.1,8752.7,8815.7,25292,146407
04/22/1998,8850.1,8892.6,8681.5,8697.9,28287,148697
04/23/1998,8724.9,8743.7,8547.3,8617.7,29657,150794
04/24/1998,8580.1,8603.0,8412.3,8413.1,30712,151961
04/27/1998,8354.2,8450.0,8175.9,8192.2,30166,152636
04/28/1998,8280.6,8403.3,8216.8,8388.6,30166,152636
04/29/1998,8362.4,8421.3,8256.9,8337.9,28290,155766
04/30/1998,8354.2,8639.0,8306.8,8597.3,20996,153982
05/04/1998,8624.3,8791.2,8611.2,8747.8,25027,152924
05/05/1998,8706.1,8724.1,8526.1,8544.1,27745,154711
05/06/1998,8550.6,8666.8,8488.4,8591.5,25418,153353
05/07/1998,8575.2,8622.6,8449.2,8467.2,27913,154425
05/08/1998,8480.2,8670.9,8468.8,8648.8,16253,149107
05/11/1998,8714.3,8760.1,8647.2,8731.4,21170,150375
05/12/1998,8676.6,8709.4,8616.9,8704.4,26226,150817
05/13/1998,8765.0,8870.5,8727.4,8792.8,22889,148608
05/14/1998,8820.6,8843.5,8714.3,8804.3,18838,148662
05/15/1998,8804.3,8902.5,8801.8,8851.7,19428,149561
05/18/1998,8757.6,8823.9,8735.5,8745.4,19386,149790
05/19/1998,8789.5,8922.1,8773.2,8908.2,0,0
05/20/1998,8887.7,9064.5,8875.5,9029.3,15159,150324
05/22/1998,9000.6,9139.7,9000.6,9066.9,9857,147055
05/25/1998,9089.0,9168.4,9072.7,9157.7,23102,150518
05/26/1998,9187.2,9297.7,9178.2,9233.8,39316,158752
05/27/1998,9066.1,9092.3,8910.6,8918.8,28892,157537
05/28/1998,9074.3,9144.7,8959.7,9045.6,21935,156424
05/29/1998,9102.1,9156.1,9061.2,9100.5,20912,154355
06/02/1998,9013.7,9194.6,9000.6,9151.2,18733,153609
06/03/1998,9110.3,9245.3,9110.3,9239.6,23982,155815
06/04/1998,9177.4,9214.2,9120.1,9184.7,22847,156134
06/05/1998,9291.9,9395.0,9264.1,9388.5,21891,157556
06/08/1998,9454.0,9498.1,9432.7,9472.0,22145,157170
06/09/1998,9488.3,9488.3,9398.3,9461.3,29202,161045
06/10/1998,9393.4,9511.2,9337.8,9493.2,32696,163396
06/12/1998,9358.6,9395.1,9198.7,9223.1,56287,163396
06/15/1998,9229.6,9283.1,9021.1,9152.5,57955,184210
06/16/1998,9069.8,9227.1,9045.4,9219.0,72930,189243
06/17/1998,9304.2,9412.1,9279.9,9395.9,55190,161216
06/18/1998,9491.6,9515.9,9293.7,9313.1,18258,161216
06/19/1998,9353.7,9387.8,9217.4,9218.2,20707,72715
06/22/1998,9243.4,9315.6,9167.9,9266.1,17477,72861
06/23/1998,9256.3,9414.5,9253.1,9412.9,20438,72861
06/24/1998,9446.2,9485.9,9353.7,9455.9,20008,76733
06/25/1998,9556.5,9644.1,9537.0,9628.7,17936,76839
06/26/1998,9583.3,9650.6,9548.4,9605.2,13517,76065
06/29/1998,9653.9,9728.5,9642.5,9705.0,24618,82110
06/30/1998,9734.2,9751.2,9528.1,9532.2,19903,82110
07/01/1998,9618.2,9706.6,9601.9,9647.4,25213,83056
07/02/1998,9718.8,9785.3,9619.8,9642.5,12016,79666
07/03/1998,9682.2,9762.6,9665.2,9759.3,17562,81335
07/06/1998,9696.0,9791.8,9641.7,9713.9,19294,82264
07/07/1998,9797.4,9808.0,9724.4,9760.1,18679,82508
07/08/1998,9728.5,9853.4,9716.3,9846.9,21002,84051
07/09/1998,9856.7,9876.1,9765.8,9812.9,22805,85895
07/10/1998,9718.8,9845.3,9665.2,9788.5,14846,83868
07/13/1998,9783.7,9884.2,9783.7,9832.3,19820,84949
07/14/1998,9834.0,9973.5,9825.8,9968.6,19788,87289
07/15/1998,10027.0,10030.3,9937.8,9997.8,20128,87358
07/16/1998,9993.0,10046.5,9928.1,9962.1,15979,87358
07/17/1998,10031.1,10074.1,9985.7,10066.0,16080,87978
07/20/1998,10005.9,10131.7,9994.6,10102.5,17999,87978
07/21/1998,10091.9,10152.0,10051.4,10100.0,26770,91043
07/22/1998,10018.9,10095.2,9913.5,9919.9,25609,89931
07/23/1998,9978.4,10002.7,9827.5,9853.4,20721,89289
07/24/1998,9743.1,9889.1,9735.0,9864.8,37156,95001
07/27/1998,9791.8,9904.5,9538.7,9554.9,27460,92167
07/28/1998,9686.3,9696.8,9544.3,9582.5,32051,94561
07/29/1998,9535.4,9603.6,9455.9,9491.6,19936,89920
07/30/1998,9516.8,9642.5,9500.5,9621.4,25257,92380
07/31/1998,9670.1,9717.9,9537.8,9551.6,27615,93810
08/03/1998,9454.3,9454.3,9317.2,9405.6,24553,94238
08/04/1998,9331.0,9478.6,9321.2,9325.3,42251,99593
08/05/1998,9074.6,9197.9,9050.3,9121.7,33519,100575
08/06/1998,9193.1,9226.3,8961.0,9004.9,23871,98056
08/07/1998,9047.0,9116.8,9000.0,9110.3,21400,95473
08/10/1998,9087.6,9113.6,8883.2,8892.9,43485,100948
08/11/1998,8858.8,8865.3,8545.7,8584.6,27110,97170
08/12/1998,8755.0,8837.7,8686.8,8782.6,41909,102949
08/13/1998,8677.1,8795.6,8518.1,8709.6,22932,97574
08/14/1998,8725.0,8927.0,8725.0,8907.5,26628,99600
08/17/1998,8657.6,8909.1,8628.4,8826.4,26158,98451
08/18/1998,8956.2,9098.1,8956.2,9086.0,26189,98676
08/19/1998,9215.8,9240.1,9079.5,9110.3,29161,101308
08/20/1998,9134.7,9206.0,8905.1,8922.1,43427,101308
08/21/1998,8880.7,8886.4,8368.8,8404.5,38314,107170
08/24/1998,8550.6,8604.1,8346.1,8561.9,24009,108711
08/25/1998,8646.3,8793.9,8612.2,8785.8,28798,105383
08/26/1998,8662.5,8709.6,8461.3,8534.3,44159,106395
08/27/1998,8453.2,8542.4,8137.6,8159.5,57565,115890
08/28/1998,7917.8,8161.2,7675.2,7958.3,28889,99616
08/31/1998,8055.7,8117.3,7817.2,7830.2,53220,99616
09/01/1998,7666.3,7872.4,7536.5,7872.4,33780,116337
09/02/1998,8096.3,8143.3,7961.6,8037.8,39524,105736
09/03/1998,7966.5,7966.5,7698.7,7791.2,43414,100395
09/04/1998,7747.4,8046.0,7719.8,7887.0,26066,101917
09/07/1998,8144.9,8159.5,7912.9,8047.6,33811,96861
09/08/1998,8089.0,8318.5,8012.7,8282.8,37969,105615
09/09/1998,8315.3,8332.3,8015.1,8015.1,45656,95929
09/10/1998,7939.4,7939.4,7617.8,7700.0,46372,100420
09/11/1998,7528.3,7779.0,7468.6,7718.5,44788,103158
09/14/1998,7971.6,7987.7,7838.6,7939.4,46817,128601
09/15/1998,7984.5,8016.7,7775.7,7873.3,56149,107876
09/16/1998,7960.3,8036.1,7841.8,7898.3,77274,106874
09/17/1998,7802.3,7823.3,7465.4,7488.0,38350,61372
09/18/1998,7705.6,7705.6,7352.6,7504.1,30123,64705
09/21/1998,7318.7,7429.2,7044.7,7207.5,21789,65489
09/22/1998,7415.4,7473.5,7346.1,7375.1,24145,65293
09/23/1998,7378.4,7657.3,7378.4,7654.0,32146,66666
09/24/1998,7802.3,7857.2,7479.1,7496.1,30518,79779
09/25/1998,7342.9,7454.1,7210.7,7454.1,25171,67347
09/28/1998,7412.2,7681.4,7391.3,7587.9,22715,74285
09/29/1998,7534.7,7567.0,7403.4,7471.9,41581,67589
09/30/1998,7302.6,7397.7,7133.3,7164.0,46446,67365
10/01/1998,7089.8,7093.0,6657.8,6671.5,52717,72965
10/02/1998,6819.0,6877.0,6224.1,6477.2,35266,77840
10/05/1998,6319.3,6670.7,6267.7,6417.6,31928,89359
10/06/1998,6445.0,6777.1,6430.5,6764.2,38197,79913
10/07/1998,6875.4,6927.0,6476.4,6583.6,39321,91701
10/08/1998,6474.0,6543.3,6141.9,6233.8,28210,81911
10/09/1998,6446.6,6550.6,6317.6,6456.3,25900,88524
10/12/1998,6672.3,6928.6,6657.8,6907.7,31107,86871
10/13/1998,6778.7,6980.2,6735.2,6894.8,28544,85559
10/14/1998,6802.9,7093.0,6746.4,7078.5,28993,86660
10/15/1998,7057.6,7188.1,6986.6,7110.8,37542,79630
10/16/1998,7399.3,7406.6,7120.4,7251.0,21184,81943
10/19/1998,7252.6,7367.1,7129.3,7238.1,23240,91282
10/20/1998,7360.6,7547.6,7280.0,7536.4,27443,83543
10/21/1998,7415.4,7520.2,7309.9,7341.3,23138,85030
10/22/1998,7415.4,7454.1,7164.8,7193.8,22176,89722
10/23/1998,7247.8,7292.9,7143.8,7254.2,25986,92645
10/26/1998,7196.2,7484.8,7173.6,7421.9,22477,86945
10/27/1998,7447.7,7631.5,7447.7,7583.9,24622,93486
10/28/1998,7465.4,7488.0,7326.0,7378.4,22267,91308
10/29/1998,7342.9,7446.9,7250.2,7396.1,20745,92146
10/30/1998,7494.4,7661.3,7481.5,7600.8,20527,84234
11/02/1998,7636.3,7784.6,7620.2,7689.5,20770,90414
11/03/1998,7749.1,7749.1,7586.3,7595.2,29371,83757
11/04/1998,7726.6,7907.1,7691.1,7895.8,26737,94757
11/05/1998,7838.6,7901.5,7702.4,7755.6,23334,93393
11/06/1998,7864.4,7947.4,7763.7,7776.5,20422,92432
11/09/1998,7882.9,7937.8,7657.3,7705.6,22421,93820
11/10/1998,7687.9,7763.7,7520.2,7565.4,17399,91589
11/11/1998,7657.3,7704.0,7574.2,7614.5,14858,90505
11/12/1998,7544.4,7552.5,7483.2,7537.2,22107,92757
11/13/1998,7520.2,7625.0,7447.7,7520.2,17490,90850
11/16/1998,7657.3,7733.0,7602.4,7725.0,16552,85023
11/17/1998,7737.9,7737.9,7617.0,7639.5,23354,92962
11/18/1998,7697.6,7789.4,7578.3,7592.8,23601,91338
11/19/1998,7637.1,7815.2,7588.7,7767.7,22563,84373
11/20/1998,7834.6,7974.8,7823.3,7953.9,17703,83041
11/23/1998,7997.4,8148.9,7997.4,8137.6,23621,83444
11/24/1998,8276.3,8277.9,7997.4,8006.3,22854,85705
11/25/1998,8015.1,8113.5,7970.0,8021.6,10920,86378
11/26/1998,8060.3,8197.3,8060.3,8194.1,16552,86172
11/27/1998,8205.4,8352.1,8124.8,8340.8,21776,85565
11/30/1998,8261.8,8365.8,8096.5,8123.1,37172,84450
12/01/1998,7995.8,8020.0,7671.0,7689.5,33344,88920
12/02/1998,7849.1,7878.1,7544.4,7594.4,43068,87458
12/03/1998,7512.2,7815.2,7375.1,7773.3,25792,85294
12/04/1998,7673.4,7837.8,7560.5,7754.0,26553,85253
12/07/1998,7891.0,7935.3,7594.4,7624.2,30169,84469
12/08/1998,7646.0,7697.6,7493.6,7606.5,29185,84164
12/09/1998,7568.6,7633.9,7464.6,7539.6,29578,84858
12/10/1998,7534.0,7648.3,7434.8,7494.8,36400,86719
12/11/1998,7346.1,7386.9,7239.8,7314.1,43451,87912
12/14/1998,7230.2,7364.5,7155.0,7358.9,48904,92608
12/15/1998,7297.3,7449.2,7297.3,7380.5,49319,90478
12/16/1998,7446.0,7602.7,7426.1,7566.0,50103,88359
12/17/1998,7534.0,7642.7,7484.4,7636.3,20404,97264
12/18/1998,7602.7,7658.7,7482.8,7486.8,15531,59710
12/21/1998,7527.6,7819.4,7514.8,7783.4,12808,59202
12/22/1998,7706.7,7882.5,7701.1,7866.5,11324,58482
12/23/1998,7834.6,8050.4,7826.6,8036.8,9176,57254
12/28/1998,8082.4,8184.7,8058.4,8146.4,7934,56813
12/29/1998,8085.6,8167.9,8074.4,8100.0,8491,55044
12/30/1998,8146.4,8212.7,8052.0,8096.8,36560,110984
01/04/1999,8050.4,8506.1,8026.4,8506.1,39214,111785
01/05/1999,8442.2,8550.1,8368.6,8437.4,40145,113193
01/06/1999,8602.0,8792.3,8530.9,8752.3,54566,112956
01/07/1999,8753.9,8809.9,8466.9,8603.6,42522,120064
01/08/1999,8674.0,8786.7,8611.6,8656.4,50279,120984
01/11/1999,8745.9,8831.5,8444.5,8485.3,53963,125464
01/12/1999,8549.3,8582.9,8331.8,8362.2,98130,130413
01/13/1999,8290.3,8355.0,7781.0,8028.0,73612,153832
01/14/1999,8167.1,8178.3,7810.6,7882.5,87532,163839
01/15/1999,7770.6,8024.8,7626.7,8016.8,36957,178062
01/18/1999,8140.0,8170.3,8034.4,8146.4,61964,178186
01/19/1999,8136.8,8245.5,7980.9,8069.6,55861,183005
01/20/1999,8210.3,8352.6,8175.1,8352.6,58955,186243
01/21/1999,8242.3,8403.0,8191.9,8296.7,64017,190885
01/22/1999,8183.1,8202.3,7966.5,8032.8,50071,195244
01/25/1999,7914.5,8066.4,7828.2,7981.7,48044,203125
01/26/1999,8092.0,8141.6,7922.5,8034.4,47336,206633
01/27/1999,8170.3,8216.7,8074.4,8080.0,59877,208986
01/28/1999,7949.7,8239.9,7943.3,8221.5,49482,220478
01/29/1999,8234.3,8345.4,8203.9,8310.2,53866,223460
02/01/1999,8466.1,8494.1,8367.0,8427.0,47964,231649
02/02/1999,8322.2,8424.6,8259.1,8259.1,60518,239739
02/03/1999,8234.3,8300.6,8102.4,8160.7,39671,245006
02/04/1999,8282.3,8355.8,8106.4,8113.6,48009,248811
02/05/1999,8010.4,8184.7,7980.1,8178.3,44313,249803
02/08/1999,8282.3,8298.3,8012.0,8106.4,62258,253529
02/09/1999,8146.4,8186.3,7754.6,7769.0,70780,258259
02/10/1999,7770.6,7793.0,7599.5,7714.7,70780,264248
02/11/1999,7785.0,7820.2,7667.5,7794.6,48330,266878
02/12/1999,7900.1,7998.5,7766.6,7828.2,54656,272282
02/15/1999,7786.6,7831.4,7690.7,7820.2,29391,272278
02/16/1999,7877.7,7928.9,7807.4,7837.8,45620,273192
02/17/1999,7797.8,7797.8,7637.9,7723.4,51735,280639
02/18/1999,7674.7,7817.8,7669.9,7786.6,55762,288013
02/19/1999,7802.6,7880.1,7637.9,7745.0,44601,298141
02/22/1999,7810.6,7877.7,7717.9,7842.6,69803,302803
02/23/1999,7946.5,8082.4,7922.5,8029.6,46899,318114
02/24/1999,7989.7,8144.8,7967.3,8109.6,58758,323611
02/25/1999,8028.0,8039.2,7844.2,7848.2,49387,328954
02/26/1999,7874.5,7930.5,7752.2,7848.2,78312,332018
03/01/1999,7908.1,7943.3,7575.6,7626.7,71033,340776
03/02/1999,7703.5,7735.4,7529.2,7674.7,57798,350190
03/03/1999,7666.7,7703.5,7446.0,7458.8,67750,358806
03/04/1999,7546.8,7562.0,7361.3,7537.2,85146,365799
03/05/1999,7663.5,7813.8,7570.8,7758.6,85146,379299
03/08/1999,7778.6,7809.0,7621.1,7650.7,57437,381877
03/09/1999,7730.6,7791.4,7558.8,7655.5,57437,382589
03/10/1999,7706.7,7721.1,7509.2,7562.8,51609,390204
03/11/1999,7598.5,7678.0,7553.2,7665.3,54050,397106
03/12/1999,8062.1,8113.0,7958.7,8054.1,94876,399391
03/15/1999,8026.3,8136.8,7984.2,8076.4,71703,408953
03/16/1999,8058.9,8197.2,8043.0,8143.2,90284,422174
03/17/1999,8120.9,8206.8,8085.9,8100.2,93267,421093
03/18/1999,8052.5,8068.4,7969.0,8039.8,111941,446038
03/19/1999,8101.8,8244.1,8101.8,8166.2,76775,245703
03/22/1999,8085.9,8115.3,8008.0,8044.6,35354,249600
03/23/1999,7976.2,8037.4,7755.2,7774.3,57192,258628
03/24/1999,7696.3,7734.5,7580.3,7648.6,74448,274876
03/25/1999,7680.4,7798.1,7655.0,7774.3,39860,275467
03/26/1999,7777.4,7805.3,7548.4,7680.4,57519,287733
03/29/1999,7672.5,7780.6,7626.4,7773.5,36705,288674
03/30/1999,7799.7,7849.0,7682.8,7736.1,36601,291994
03/31/1999,7729.7,7814.0,7713.8,7737.7,33265,293661
04/01/1999,7696.3,7844.2,7597.7,7829.1,40289,297189
04/06/1999,7901.5,8038.2,7861.7,8025.5,41260,299777
04/07/1999,7981.0,8074.0,7956.3,7990.5,43565,301758
04/08/1999,8057.3,8101.8,7961.9,8085.9,45359,306622
04/09/1999,8173.4,8259.2,8125.7,8224.3,63791,311976
04/12/1999,8116.1,8299.0,8101.8,8221.1,49818,313765
04/13/1999,8328.4,8340.3,8233.0,8315.7,49694,316298
04/14/1999,8300.6,8345.9,8206.8,8260.8,49419,317561
04/15/1999,8225.9,8326.0,8213.1,8264.0,42408,320950
04/16/1999,8300.6,8308.5,8168.6,8220.3,39633,321623
04/19/1999,8227.4,8384.1,8227.4,8368.2,37437,324266
04/20/1999,8270.4,8288.7,8096.3,8127.3,50746,322311
04/21/1999,8190.9,8248.9,8134.4,8244.9,40382,324524
04/22/1999,8302.2,8394.4,8295.8,8325.2,45159,325648
04/23/1999,8364.2,8399.2,8252.9,8289.5,42900,329416
04/26/1999,8335.6,8427.8,8305.4,8404.0,35723,330233
04/27/1999,8441.3,8560.6,8376.9,8549.4,52736,335021
04/28/1999,8513.7,8561.4,8467.6,8508.9,39404,336751
04/29/1999,8483.5,8535.9,8428.6,8499.4,44770,338159
04/30/1999,8497.8,8621.8,8491.4,8578.1,34979,341739
05/03/1999,8526.4,8604.3,8512.9,8582.0,28368,342627
05/04/1999,8658.4,8698.1,8539.1,8553.4,46204,344469
05/05/1999,8515.3,8563.8,8400.0,8453.2,45033,344991
05/06/1999,8523.2,8574.1,8388.8,8400.8,46147,347495
05/07/1999,8411.9,8467.6,8332.4,8429.4,41695,348377
05/10/1999,8483.5,8497.8,8272.8,8388.0,46834,349009
05/11/1999,8370.6,8458.0,8338.8,8458.0,32161,351092
05/12/1999,8423.0,8464.4,8256.1,8337.2,43247,350076
05/14/1999,8438.9,8467.6,8221.9,8237.0,38337,349738
05/17/1999,8229.0,8237.0,8105.0,8125.7,46272,350477
05/18/1999,8187.7,8224.3,8143.2,8197.2,36929,349420
05/19/1999,8173.4,8295.8,8147.1,8294.2,42381,351627
05/20/1999,8294.2,8364.2,8268.8,8349.9,37646,355331
05/21/1999,8312.5,8404.0,8288.7,8355.5,33958,357173
05/25/1999,8268.8,8268.8,8141.6,8221.1,37598,355768
05/26/1999,8117.7,8283.1,8116.1,8246.5,46870,356125
05/27/1999,8284.7,8290.3,8043.0,8062.1,51397,360119
05/28/1999,8046.2,8078.0,7961.1,8049.3,50015,359544
05/31/1999,8070.0,8092.3,7991.3,8059.7,24359,358442
06/01/1999,8047.0,8113.7,7920.5,7947.6,49881,362647
06/02/1999,8006.4,8023.9,7907.0,8022.3,52481,363662
06/04/1999,8095.5,8160.7,7990.5,8159.1,51363,361528
06/07/1999,8160.7,8310.1,8092.3,8296.6,40989,360639
06/08/1999,8316.5,8348.3,8260.8,8287.9,47813,363698
06/09/1999,8241.8,8390.4,8233.0,8357.8,55081,364995
06/10/1999,8360.2,8415.5,8244.0,8277.2,67464,369768
06/11/1999,8295.4,8443.2,8282.0,8443.2,69930,372116
06/14/1999,8378.4,8441.6,8376.0,8403.7,65045,376816
06/15/1999,8385.5,8525.4,8325.4,8508.0,136374,384881
06/16/1999,8470.0,8576.7,8423.4,8552.2,107973,385035
06/17/1999,8583.0,8636.8,8563.3,8623.3,132136,390316
06/18/1999,8647.8,8747.4,8628.9,8662.1,72845,137546
06/21/1999,8613.1,8752.1,8613.1,8709.5,36754,139784
06/22/1999,8681.0,8722.9,8617.8,8707.1,37497,139955
06/23/1999,8682.6,8682.6,8560.9,8592.5,36665,142147
06/24/1999,8603.6,8660.5,8459.8,8462.9,41580,143315
06/25/1999,8442.4,8512.7,8398.1,8490.6,37728,146545
06/28/1999,8490.6,8523.0,8398.1,8510.3,38238,146104
06/29/1999,8518.2,8576.7,8480.3,8542.0,32950,148213
06/30/1999,8557.8,8609.1,8510.3,8515.9,36480,150143
07/01/1999,8684.2,8742.7,8621.0,8711.1,36480,150143
07/02/1999,8715.8,8786.9,8664.4,8783.7,38002,156479
07/05/1999,8831.2,8976.6,8820.1,8940.2,31270,160703
07/06/1999,8881.7,8966.3,8872.2,8923.6,39176,159294
07/07/1999,8897.5,8934.7,8817.7,8889.6,39397,160697
07/08/1999,8884.9,8975.0,8813.0,8916.5,42248,162519
07/09/1999,8916.5,9002.6,8894.4,8960.8,32604,165212
07/12/1999,9031.9,9039.8,8944.9,8971.8,29856,164853
07/13/1999,8971.8,8971.8,8821.7,8850.9,39115,167391
07/14/1999,8880.2,8971.8,8847.8,8903.9,38266,169079
07/15/1999,8917.3,9006.6,8892.0,8907.8,38366,170723
07/16/1999,8926.0,8955.2,8837.5,8889.6,35218,171089
07/19/1999,8935.5,8981.3,8889.6,8905.4,22930,170501
07/20/1999,8892.8,8967.9,8701.6,8709.5,49494,173398
07/21/1999,8668.4,8682.6,8568.0,8613.1,50938,173691
07/22/1999,8589.4,8641.5,8439.2,8510.3,51311,174945
07/23/1999,8472.4,8560.9,8401.3,8402.9,41183,174724
07/26/1999,8404.5,8462.9,8178.5,8240.1,60256,177177
07/27/1999,8238.5,8334.9,8230.6,8263.0,45645,176039
07/28/1999,8290.7,8347.6,8249.6,8282.8,38741,177165
07/29/1999,8283.6,8283.6,7973.0,7980.9,68097,180453
07/30/1999,8052.0,8100.2,7980.9,8090.8,46388,181186
08/02/1999,8012.5,8165.0,7875.8,8150.8,65476,182523
08/03/1999,8059.9,8143.7,8012.5,8080.5,48913,183869
08/04/1999,8042.6,8170.6,8022.0,8117.6,51551,184551
08/05/1999,8025.2,8040.2,7834.7,7889.3,63037,188836
08/06/1999,7988.8,8015.7,7872.7,7943.0,51696,191256
08/09/1999,7927.2,8082.1,7878.2,8069.4,45939,191102
08/10/1999,8029.9,8063.1,7882.9,7911.4,59114,192527
08/11/1999,7977.8,7999.9,7938.2,7941.4,37592,190383
08/12/1999,8036.2,8155.5,8029.9,8134.2,50188,188994
08/13/1999,8072.6,8280.4,8066.3,8265.4,45826,188060
08/16/1999,8265.4,8312.8,8233.8,8292.3,30843,186683
08/17/1999,8309.6,8397.3,8267.0,8320.7,44731,188536
08/18/1999,8363.4,8388.7,8259.9,8293.8,40740,188691
08/19/1999,8242.5,8289.1,8173.7,8211.7,43677,188687
08/20/1999,8260.6,8333.3,8247.2,8316.0,31885,188067
08/23/1999,8395.0,8415.5,8353.1,8398.9,20948,187919
08/24/1999,8436.1,8455.0,8338.1,8429.7,30159,188951
08/25/1999,8439.2,8568.8,8390.2,8565.7,46177,191076
08/26/1999,8613.1,8635.2,8474.0,8508.8,48125,190667
08/27/1999,8475.6,8597.3,8444.8,8567.2,39310,192877
08/30/1999,8525.4,8583.8,8479.5,8519.8,26951,192223
08/31/1999,8425.0,8431.3,8333.3,8357.8,47628,191540
09/01/1999,8349.1,8434.5,8342.8,8407.6,32941,188365
09/02/1999,8407.6,8421.8,8197.4,8217.2,55027,190629
09/03/1999,8262.2,8449.5,8227.5,8445.5,44521,190905
09/06/1999,8431.3,8565.7,8429.7,8539.6,30755,187423
09/07/1999,8539.6,8593.3,8482.7,8521.4,39988,189031
09/08/1999,8532.5,8538.8,8432.9,8530.9,50166,194680
09/09/1999,8523.0,8607.0,8492.4,8589.8,51934,194394
09/10/1999,8596.8,8730.3,8580.3,8687.9,65681,197062
09/13/1999,8686.3,8739.7,8601.5,8618.8,92388,206151
09/14/1999,8645.5,8684.8,8526.2,8541.9,105146,209935
09/15/1999,8505.8,8612.5,8444.5,8518.3,130695,212643
09/16/1999,8422.5,8474.4,8363.7,8392.7,155494,223323
09/17/1999,8439.8,8483.0,8340.9,8433.5,73638,130358
09/20/1999,8433.5,8494.8,8406.1,8445.3,34798,128684
09/21/1999,8494.0,8494.8,8285.9,8342.5,48902,131449
09/22/1999,8281.2,8351.1,8229.4,8270.2,52150,130264
09/23/1999,8290.6,8422.5,8251.4,8359.0,51257,133191
09/24/1999,8179.2,8241.2,8155.6,8163.5,56334,135791
09/27/1999,8205.9,8282.8,8205.9,8262.4,30534,134393
09/28/1999,8274.9,8274.9,8072.4,8075.5,53102,136456
09/29/1999,8147.8,8170.5,7999.4,8085.0,59673,138101
09/30/1999,8086.5,8121.1,8022.1,8095.9,51657,142233
10/01/1999,8149.3,8161.1,8004.9,8063.0,55676,148478
10/04/1999,8114.8,8298.5,8067.7,8290.6,46948,143201
10/05/1999,8266.3,8373.1,8245.1,8373.1,45062,143971
10/06/1999,8337.8,8446.1,8271.8,8439.8,49953,144125
10/07/1999,8455.5,8553.7,8441.4,8518.3,56704,146978
10/08/1999,8502.6,8597.6,8461.8,8557.6,47744,150839
10/11/1999,8565.4,8582.7,8512.0,8570.1,26909,152436
10/12/1999,8541.9,8559.9,8407.6,8440.6,38770,153176
10/13/1999,8331.5,8369.2,8302.4,8339.3,46597,152871
10/14/1999,8307.1,8387.2,8224.7,8226.3,52884,152890
10/15/1999,8204.3,8238.8,8041.0,8186.2,71529,153858
10/18/1999,8106.9,8170.5,8032.3,8112.4,52730,154858
10/19/1999,8136.8,8350.3,8116.4,8337.8,45537,154197
10/20/1999,8298.5,8397.4,8253.7,8359.7,47049,156275
10/21/1999,8322.1,8346.4,8212.1,8278.1,42356,156179
10/22/1999,8323.6,8457.1,8315.8,8440.6,38695,156284
10/25/1999,8440.6,8496.3,8352.7,8389.6,34872,157739
10/26/1999,8362.9,8505.8,8362.9,8479.1,40080,157058
10/27/1999,8410.0,8494.8,8389.6,8436.7,42346,157973
10/28/1999,8455.5,8663.6,8417.8,8617.2,55699,160268
10/29/1999,8675.3,8761.7,8636.1,8695.8,46266,163247
11/01/1999,8695.8,8747.6,8658.1,8717.7,24783,162840
11/02/1999,8695.8,8750.7,8623.5,8742.9,38115,163312
11/03/1999,8685.6,8812.0,8665.9,8746.0,46636,164279
11/04/1999,8771.1,8907.7,8753.9,8876.3,51665,168715
11/05/1999,8876.3,8952.5,8815.1,8917.9,45132,171934
11/08/1999,8865.3,8956.4,8843.4,8909.3,31787,170078
11/09/1999,8945.4,9063.2,8935.2,8965.8,48635,172186
11/10/1999,8965.8,9052.2,8913.2,9008.2,50900,174250
11/11/1999,9012.9,9126.0,8998.8,9120.5,38653,177149
11/12/1999,9127.6,9171.5,9052.2,9097.7,44014,179587
11/15/1999,9182.5,9228.1,9116.6,9182.5,39845,181416
11/16/1999,9217.1,9316.0,9148.0,9308.1,41877,179010
11/17/1999,9334.8,9364.7,9211.6,9252.4,55657,178588
11/18/1999,9248.5,9377.2,9220.2,9375.7,49868,181015
11/19/1999,9375.7,9447.1,9322.3,9378.8,52490,182737
11/22/1999,9358.4,9432.2,9148.8,9179.4,55467,186365
11/23/1999,9180.9,9237.5,9120.5,9151.1,48502,185437
11/24/1999,9127.6,9205.3,9072.6,9168.4,49415,186554
11/25/1999,9185.7,9394.5,9165.2,9388.2,29227,187292
11/26/1999,9377.2,9476.1,9351.3,9397.6,35950,187260
11/29/1999,9358.4,9405.5,9251.6,9272.0,47932,188768
11/30/1999,9232.8,9275.9,9127.6,9253.2,47150,188061
12/01/1999,9185.7,9370.9,9185.7,9335.6,52029,191680
12/02/1999,9381.9,9391.4,9289.3,9366.2,47001,192136
12/03/1999,9383.5,9639.4,9345.8,9620.6,60326,191918
12/06/1999,9620.6,9726.6,9590.8,9656.7,52356,193356
12/07/1999,9648.9,9722.7,9617.5,9669.3,53675,191498
12/08/1999,9611.2,9651.2,9513.0,9619.0,63917,195502
12/09/1999,9583.2,9706.2,9583.2,9612.8,53975,192553
12/10/1999,9628.4,9673.5,9535.0,9575.4,76042,205492
12/13/1999,9640.8,9679.7,9542.8,9620.6,63238,206422
12/14/1999,9628.4,9809.0,9591.0,9750.6,104762,210725
12/15/1999,9701.5,9777.8,9667.3,9760.7,105904,227776
12/16/1999,9791.8,10002.8,9791.8,9945.2,93458,225196
12/17/1999,9994.2,10105.5,9969.3,10030.0,81236,118068
12/20/1999,10002.0,10044.8,9857.2,10022.2,35369,130346
12/21/1999,9978.6,10092.3,9911.7,10087.6,26411,130859
12/22/1999,10123.4,10253.4,10119.5,10191.9,29792,132083
12/23/1999,10322.7,10677.6,10280.6,10667.5,35982,133417
12/27/1999,10760.1,10970.3,10682.3,10765.6,28559,135074
12/28/1999,10771.0,10814.6,10628.6,10739.9,22055,134392
12/29/1999,10694.7,10815.4,10694.7,10771.8,59344,143071
12/30/1999,10834.8,10946.9,10819.3,10939.1,15988,135086
01/03/2000,11189.8,11224.0,10534.4,10592.8,13351,134707
01/04/2000,10585.8,10585.8,10205.9,10321.1,72828,143932
01/05/2000,10067.4,10308.7,10061.1,10168.6,69210,147968
01/06/2000,10156.1,10238.6,10021.4,10127.3,58852,146985
01/07/2000,10212.1,10640.3,10195.0,10632.5,69634,151787
01/10/2000,10788.1,10926.7,10744.6,10834.8,55231,148462
01/11/2000,10803.7,10867.5,10680.7,10801.4,59994,150662
01/12/2000,10679.2,10813.8,10630.1,10800.6,50921,152541
01/13/2000,10803.7,11122.8,10778.0,10911.1,68112,152642
01/14/2000,10974.9,11280.1,10974.9,11253.6,68112,152642
01/17/2000,11306.5,11404.6,11125.2,11375.0,47477,157847
01/18/2000,11375.0,11423.3,11037.2,11088.6,69520,160764
01/19/2000,11037.2,11129.1,10920.5,11096.4,66103,162488
01/20/2000,11233.4,11251.3,11064.5,11115.1,52594,162817
01/21/2000,11006.1,11104.2,10839.5,10916.6,57187,163771
01/24/2000,10990.5,11083.9,10814.6,10819.3,44634,165731
01/25/2000,10711.9,10792.8,10651.1,10727.4,55279,167152
01/26/2000,10766.3,10904.1,10677.6,10880.8,63694,169213
01/27/2000,10934.5,11203.8,10839.5,11147.7,66649,176791
01/28/2000,11115.1,11277.7,10998.3,11045.0,63669,181881
01/31/2000,10942.3,10947.7,10638.7,10676.1,60786,184013
02/01/2000,10836.4,10982.7,10771.0,10960.9,54264,186407
02/02/2000,11049.7,11178.9,10976.5,11176.5,45023,189147
02/03/2000,11208.5,11470.0,11134.5,11454.4,63722,196197
02/04/2000,11547.0,11635.0,11435.7,11519.8,52356,200505
02/07/2000,11521.4,11562.6,11314.3,11388.3,49666,198651
02/08/2000,11376.6,11796.9,11364.1,11740.9,59009,200836
02/09/2000,11773.5,11965.0,11731.5,11923.0,62913,214058
02/10/2000,11747.1,11975.9,11719.8,11941.7,53756,216434
02/11/2000,12061.5,12197.0,11824.9,12002.4,69548,226309
02/14/2000,11832.7,11961.1,11776.7,11905.9,39152,225501
02/15/2000,11923.0,11996.9,11566.5,11576.6,56727,234187
02/16/2000,11772.8,11807.8,11465.3,11716.7,67848,241227
02/17/2000,11712.8,11912.1,11528.4,11888.7,65858,248522
02/18/2000,11843.6,11951.0,11774.3,11824.9,28741,251083
02/22/2000,11768.9,12038.2,11754.9,11877.1,65820,261960
02/23/2000,11923.8,12120.7,11907.4,12004.7,53180,270132
02/24/2000,12126.9,12179.9,11812.5,11893.4,58640,277362
02/25/2000,12069.3,12131.6,11932.3,12119.9,49442,278536
02/28/2000,12049.1,12088.0,11677.0,11815.6,64069,284325
02/29/2000,11909.0,12012.5,11868.5,11968.1,37460,284606
03/01/2000,12042.9,12108.2,11873.2,12028.9,55638,291809
03/02/2000,12048.3,12391.6,11886.4,12383.8,53943,300971
03/03/2000,12360.4,12505.2,12283.4,12407.9,75241,329706
03/06/2000,12414.9,12472.5,12352.7,12421.1,80106,375686
03/07/2000,12514.6,12665.6,12337.9,12551.9,100165,419408
03/08/2000,12458.5,12634.4,12383.8,12422.7,99474,464364
03/09/2000,12543.2,12567.2,12277.5,12402.6,87594,497754
03/10/2000,12538.6,12544.0,12391.0,12438.9,42790,501952
03/13/2000,12360.9,12360.9,11902.8,11977.7,104176,521256
03/14/2000,12044.2,12075.1,11909.7,11926.7,114182,539099
03/15/2000,11762.9,11820.1,11541.2,11588.3,154827,552369
03/16/2000,11699.6,11889.6,11625.4,11820.9,115502,587735
03/17/2000,12106.0,12171.6,11770.7,12019.4,102464,333208
03/20/2000,12078.1,12254.3,12024.8,12235.7,26320,329732
03/21/2000,12206.4,12216.4,12031.0,12141.5,37913,330924
03/22/2000,12238.8,12357.0,12100.6,12126.0,39167,336409
03/23/2000,12185.5,12221.8,11923.6,12053.4,41830,338024
03/24/2000,12133.8,12303.7,12044.2,12286.7,34211,337640
03/27/2000,12299.1,12330.0,12171.6,12279.0,27575,340103
03/28/2000,12268.2,12489.1,12255.8,12319.2,38615,343038
03/29/2000,12302.2,12378.7,12217.2,12262.0,28850,342121
03/30/2000,12098.2,12116.8,11837.1,11894.3,51250,345763
03/31/2000,11858.7,11979.3,11688.8,11750.6,37089,345033
04/03/2000,11759.9,11871.1,11501.0,11548.9,41670,346163
04/04/2000,11619.2,11755.2,11588.3,11715.0,34463,346250
04/05/2000,11622.3,11708.1,11194.3,11350.4,76406,355983
04/06/2000,11444.6,11610.0,11359.7,11565.9,37909,356940
04/07/2000,11619.2,11681.1,11474.8,11661.7,35064,355763
04/10/2000,11742.9,11804.7,11646.3,11688.8,28534,358052
04/11/2000,11457.0,11607.7,11441.6,11549.7,38524,360044
04/12/2000,11591.4,11661.7,11498.0,11511.1,33407,363364
04/13/2000,11356.6,11554.4,11314.9,11548.2,39102,367477
04/14/2000,11402.9,11487.9,11107.8,11163.4,49100,370543
04/17/2000,10784.9,11148.0,10718.4,11131.0,55407,373909
04/18/2000,11239.1,11256.9,10998.9,11197.4,45378,375798
04/19/2000,11310.2,11317.2,11070.7,11175.0,37664,378404
04/20/2000,11174.3,11212.1,11112.5,11155.7,21863,377411
04/25/2000,11110.9,11403.7,10995.0,11314.9,29511,378681
04/26/2000,11387.5,11546.6,11331.1,11435.4,28371,379260
04/27/2000,11441.6,11502.6,11083.1,11155.7,39681,383098
04/28/2000,11310.2,11528.1,11265.4,11528.1,29896,381909
05/02/2000,11580.6,11729.7,11572.9,11712.0,30900,383260
05/03/2000,11623.9,11740.5,11395.2,11402.9,39522,384830
05/04/2000,11410.7,11509.5,11342.7,11447.0,35217,387135
05/05/2000,11480.2,11633.9,11364.3,11628.5,32539,387673
05/08/2000,11636.2,11668.7,11438.5,11468.6,27793,387769
05/09/2000,11449.3,11473.2,11198.2,11243.8,41247,390113
05/10/2000,11202.1,11359.7,10998.1,11035.2,45461,393571
05/11/2000,10944.0,11277.8,10864.5,11268.5,48454,396625
05/12/2000,11265.4,11356.6,11154.9,11249.2,32047,399413
05/15/2000,11270.1,11270.1,11138.7,11155.7,27632,398946
05/16/2000,11250.0,11464.7,11230.7,11438.5,33001,402764
05/17/2000,11381.3,11381.3,11140.3,11169.6,33927,404119
05/18/2000,11132.5,11243.8,11078.5,11086.2,38274,407196
05/19/2000,11075.4,11075.4,10767.1,10832.0,50328,411831
05/22/2000,10820.4,10900.8,10561.6,10716.1,52743,417778
05/23/2000,10803.4,10867.6,10650.5,10733.9,42384,419991
05/24/2000,10554.7,10636.6,10524.5,10605.7,41665,423193
05/25/2000,10681.4,10835.1,10658.2,10757.1,33786,426690
05/26/2000,10633.5,10798.0,10570.1,10750.9,11653,426082
05/29/2000,10837.4,10881.5,10807.3,10871.4,35361,427399
05/30/2000,10896.1,11074.6,10888.4,11015.1,29939,426531
05/31/2000,11140.3,11148.0,10988.8,11016.7,30492,427837
06/01/2000,11078.5,11263.9,11062.2,11245.3,19227,428079
06/02/2000,11226.8,11542.0,11209.8,11503.4,36802,431529
06/05/2000,11504.9,11519.6,11373.6,11450.8,51536,432885
06/06/2000,11464.7,11549.7,11288.6,11375.1,49834,434702
06/07/2000,11310.2,11331.9,11204.4,11274.7,56940,437198
06/08/2000,11334.3,11421.4,11155.5,11239.5,61836,443873
06/09/2000,11285.4,11358.7,11176.9,11184.5,49411,446443
06/12/2000,11242.6,11309.8,11173.8,11189.9,20131,445950
06/13/2000,11193.7,11296.1,11087.5,11237.2,82306,453557
06/14/2000,11283.9,11400.0,11205.9,11371.0,110294,478908
06/15/2000,11361.8,11419.9,11315.9,11358.0,107516,463856
06/16/2000,11402.3,11407.6,11186.1,11220.4,39690,129846
06/19/2000,11109.6,11170.8,11019.5,11163.9,29251,133883
06/20/2000,11180.7,11227.3,11121.1,11151.7,24434,132701
06/21/2000,11124.9,11183.0,10950.7,11022.5,30447,136359
06/22/2000,11040.9,11079.1,10843.7,10904.1,21046,135247
06/23/2000,10903.3,10935.4,10779.6,10781.1,27950,140832
06/26/2000,10773.5,10946.9,10753.6,10857.5,23906,143865
06/27/2000,10865.1,10907.9,10745.9,10870.5,27318,143710
06/28/2000,10907.9,10913.3,10807.1,10895.7,20773,142864
06/29/2000,10880.4,10880.4,10556.5,10608.4,32262,146379
06/30/2000,10658.8,10727.6,10595.4,10620.6,23685,145180
07/03/2000,10651.2,10740.6,10545.8,10740.6,15199,145090
07/04/2000,10674.1,10762.8,10647.4,10712.3,21239,144900
07/05/2000,10726.1,10933.1,10704.7,10752.1,34073,146331
07/06/2000,10720.0,10762.0,10628.3,10727.6,27920,147658
07/07/2000,10760.5,10875.1,10651.2,10862.1,27034,150301
07/10/2000,10887.3,10984.3,10831.5,10889.6,23109,151187
07/11/2000,10865.1,10882.7,10717.7,10782.6,25525,152803
07/12/2000,10829.2,10940.0,10808.6,10888.8,25640,151477
07/13/2000,10882.0,11076.8,10788.7,11069.9,32647,151630
07/14/2000,11080.6,11305.3,11036.3,11276.2,39510,152621
07/17/2000,11316.7,11430.6,11273.9,11419.9,25923,154173
07/18/2000,11377.1,11476.4,11323.6,11375.5,32593,153574
07/19/2000,11375.5,11385.5,11268.6,11331.2,28864,154065
07/20/2000,11285.4,11529.9,11277.7,11522.2,33558,156129
07/21/2000,11508.5,11536.8,11346.5,11361.0,29815,156034
07/24/2000,11316.7,11431.3,11242.6,11245.7,28426,156270
07/25/2000,11233.4,11319.0,11220.4,11285.4,24839,156875
07/26/2000,11302.2,11315.9,11153.2,11186.1,31350,158083
07/27/2000,11184.5,11274.7,11021.8,11044.7,35719,160102
07/28/2000,11050.0,11111.2,10872.8,10956.8,29421,161492
07/31/2000,10956.8,11150.9,10927.8,11112.7,27907,161501
08/01/2000,11111.2,11118.8,10904.1,10993.5,30150,162008
08/02/2000,11025.6,11065.3,10863.6,10946.1,31062,161970
08/03/2000,10874.3,10904.1,10687.9,10758.2,43157,163948
08/04/2000,10805.5,10918.6,10761.2,10788.7,33766,166035
08/07/2000,10826.9,10962.9,10810.1,10956.8,22274,166396
08/08/2000,10933.9,11047.8,10880.4,10973.6,29576,166920
08/09/2000,11016.4,11156.3,11014.9,11117.3,28520,166472
08/10/2000,11079.1,11225.0,11074.5,11165.4,26931,166624
08/11/2000,11155.5,11250.2,11088.3,11233.4,25948,167001
08/14/2000,11256.3,11306.8,11196.8,11228.8,20540,165908
08/15/2000,11299.1,11315.2,11167.7,11186.1,24972,166447
08/16/2000,11216.6,11297.6,11185.3,11241.1,22592,166397
08/17/2000,11239.5,11251.8,11056.2,11150.9,32221,166912
08/18/2000,11155.5,11230.4,11069.9,11075.3,24824,168184
08/21/2000,11117.3,11117.3,10957.6,11022.5,23873,169124
08/22/2000,11056.2,11172.3,11046.2,11115.8,23887,168128
08/23/2000,11124.9,11124.9,10964.5,11062.3,28000,168734
08/24/2000,11147.9,11156.3,11050.0,11056.2,23852,168685
08/25/2000,11095.9,11242.6,11082.1,11224.3,25132,170081
08/28/2000,11241.1,11337.3,11194.5,11251.8,24093,168802
08/29/2000,11220.4,11226.6,11134.1,11163.1,23740,170325
08/30/2000,11143.3,11146.3,10988.9,10996.6,27263,171601
08/31/2000,11022.5,11106.6,10972.1,11094.4,27179,172900
09/01/2000,11066.9,11327.4,11066.9,11263.2,27179,172900
09/04/2000,11270.1,11412.2,11268.6,11398.5,22264,175292
09/05/2000,11397.7,11397.7,11282.3,11317.5,34777,178418
09/06/2000,11308.3,11378.6,11193.7,11198.3,45250,176647
09/07/2000,11166.2,11299.1,11150.1,11277.7,53686,189877
09/08/2000,11290.7,11308.3,11088.3,11104.3,77686,187357
09/11/2000,11092.8,11121.9,11005.0,11040.1,109084,212984
09/12/2000,10979.8,11013.4,10900.3,10919.4,93998,198985
09/13/2000,10923.2,10955.3,10690.2,10718.4,99044,205902
09/14/2000,10741.8,10848.3,10701.8,10776.6,71579,202256
09/15/2000,10750.9,10815.8,10649.7,10723.7,48987,132640
09/18/2000,10615.0,10663.3,10495.7,10517.6,36716,135855
09/19/2000,10501.8,10585.6,10458.7,10583.3,35935,137303
09/20/2000,10624.1,10636.9,10269.2,10303.2,40458,139956
09/21/2000,10385.5,10401.4,10049.5,10175.6,60888,143185
09/22/2000,9912.9,10277.5,9912.1,10255.6,53538,147107
09/25/2000,10335.7,10411.2,10290.4,10335.7,37258,148589
09/26/2000,10304.7,10441.4,10269.2,10304.7,37231,151212
09/27/2000,10260.2,10467.8,10246.6,10346.2,33911,151117
09/28/2000,10361.3,10448.9,10248.8,10438.3,33873,152014
09/29/2000,10416.4,10503.3,10330.4,10379.5,29857,155675
10/02/2000,10343.2,10535.0,10321.3,10486.7,9999,9999
10/04/2000,10450.4,10511.6,10301.7,10408.9,36789,156838
10/05/2000,10432.3,10536.5,10411.9,10479.9,38085,158307
10/06/2000,10509.3,10550.1,10222.4,10257.9,39538,158282
10/09/2000,10263.2,10294.9,10091.1,10183.9,35522,158447
10/10/2000,10228.5,10254.9,10146.9,10177.1,29864,158537
10/11/2000,10056.3,10118.2,9853.2,9999.7,61400,159468
10/12/2000,10041.2,10124.3,9701.5,9816.2,61043,162507
10/13/2000,9769.4,10116.7,9716.6,10097.1,48587,162471
10/16/2000,10177.1,10183.2,10013.3,10083.5,39315,161697
10/17/2000,10079.7,10150.7,9939.3,9949.1,45952,162264
10/18/2000,9881.9,9918.9,9574.6,9866.8,63527,165516
10/19/2000,9905.3,10075.2,9886.5,10026.1,45390,167080
10/20/2000,10080.5,10128.0,9940.8,10062.4,49096,166270
10/23/2000,10106.2,10112.9,9943.8,10090.3,34417,167611
10/24/2000,10097.1,10394.6,10044.2,10368.1,49623,167032
10/25/2000,10277.5,10350.8,10177.1,10273.0,46690,168338
10/26/2000,10237.5,10417.2,10230.0,10242.8,43542,168127
10/27/2000,10396.1,10536.5,10375.7,10525.9,38334,169928
10/30/2000,10507.8,10566.7,10450.4,10559.1,27343,170088
10/31/2000,10568.2,10775.1,10562.2,10756.9,32947,171480
11/01/2000,10770.5,10787.1,10650.5,10728.3,35513,173733
11/02/2000,10746.4,10847.5,10722.2,10763.0,33893,173627
11/03/2000,10796.2,10864.2,10741.1,10831.7,31522,174897
11/06/2000,10865.7,10907.2,10793.2,10837.0,27393,175603
11/07/2000,10838.5,10838.5,10671.6,10747.1,37529,178811
11/08/2000,10802.2,10825.6,10622.6,10652.0,33115,176831
11/09/2000,10592.4,10658.0,10513.8,10522.1,36408,182175
11/10/2000,10562.2,10636.1,10360.6,10370.4,41212,182677
11/13/2000,10327.4,10354.5,10146.9,10233.0,47636,186531
11/14/2000,10288.9,10550.1,10284.3,10547.1,43650,186654
11/15/2000,10510.8,10553.1,10431.5,10527.4,40059,186432
11/16/2000,10486.7,10488.9,10313.8,10325.1,41857,186174
11/17/2000,10282.8,10370.4,10177.1,10207.3,39851,187808
11/20/2000,10237.5,10304.0,9988.4,9998.2,40896,190292
11/21/2000,10023.1,10124.3,9985.4,10101.6,45341,190228
11/22/2000,10035.2,10048.0,9807.9,9861.5,45341,190228
11/23/2000,9867.6,10029.1,9787.6,9998.9,0,0
11/24/2000,10039.7,10162.0,9947.6,10086.5,31221,190465
11/27/2000,10171.1,10300.9,10109.2,10128.8,44058,188828
11/28/2000,10112.2,10173.3,9999.7,10033.7,43087,190346
11/29/2000,9964.2,10076.7,9885.7,9986.9,48109,193910
11/30/2000,9905.3,9935.5,9626.7,9663.7,62049,196984
12/01/2000,9792.1,9899.3,9762.6,9844.9,40591,201368
12/04/2000,9829.8,9840.4,9594.3,9723.4,52118,199385
12/05/2000,9787.6,10032.9,9775.5,10015.6,56557,202217
12/06/2000,10116.7,10150.7,9983.8,9992.9,53384,207956
12/07/2000,9937.0,10055.6,9820.8,9928.0,63818,220160
12/08/2000,9973.3,10198.3,9973.3,10089.5,67559,226601
12/11/2000,10190.7,10283.6,10164.3,10252.6,66070,236532
12/12/2000,10251.1,10292.6,10166.6,10175.6,105484,262240
12/13/2000,10252.6,10276.8,9943.1,9983.8,116925,247495
12/14/2000,9905.5,9935.3,9735.4,9775.7,103582,223467
12/15/2000,9656.3,9717.5,9575.7,9586.9,77182,147954
12/18/2000,9644.4,9767.5,9586.9,9601.8,25367,150303
12/19/2000,9628.7,9820.4,9513.0,9804.0,36183,150979
12/20/2000,9617.5,9699.6,9381.7,9431.0,39772,156354
12/21/2000,9386.2,9493.6,9207.9,9368.3,41785,161548
12/22/2000,9429.5,9474.2,9344.4,9451.9,0,0
12/27/2000,9495.1,9587.7,9448.9,9557.8,12606,161121
12/28/2000,9610.0,9639.1,9530.2,9542.9,15469,161087
12/29/2000,9639.9,9751.8,9589.9,9699.6,12684,160198
01/02/2001,9654.8,9699.6,9447.4,9460.8,32150,158380
01/03/2001,9401.1,9735.4,9291.4,9683.2,41215,160958
01/04/2001,9804.0,9810.7,9577.2,9602.6,45409,163671
01/05/2001,9654.8,9750.3,9545.1,9588.4,44847,163403
01/08/2001,9571.2,9675.7,9557.8,9588.4,35061,167927
01/09/2001,9702.6,9723.5,9560.1,9595.1,41254,169166
01/10/2001,9639.9,9647.3,9458.6,9548.1,39914,172640
01/11/2001,9548.1,9749.6,9528.7,9740.6,35860,172747
01/12/2001,9744.3,9847.3,9725.7,9765.2,35860,172747
01/15/2001,9800.3,9854.0,9755.5,9814.5,0,0
01/16/2001,9819.0,9824.2,9693.6,9790.6,37664,181268
01/17/2001,9850.3,10022.6,9850.3,9978.6,48606,186534
01/18/2001,9945.8,10000.3,9901.0,9983.8,36812,188964
01/19/2001,10072.6,10116.7,9962.2,10004.7,41153,192385
01/22/2001,10012.9,10048.8,9907.0,9997.3,35166,188971
01/23/2001,10001.0,10072.6,9917.4,10065.2,34615,190055
01/24/2001,10098.7,10137.5,10038.3,10054.0,33575,192109
01/25/2001,10056.2,10172.6,10021.9,10120.4,37138,192448
01/26/2001,10022.6,10057.7,9985.3,10047.3,31149,190109
01/29/2001,10047.3,10132.3,9995.8,10121.9,25852,189384
01/30/2001,10123.4,10189.0,10062.2,10096.5,33378,191196
01/31/2001,10118.9,10183.8,10081.6,10151.0,32573,194627
02/01/2001,10115.9,10145.0,10054.7,10080.1,38364,199291
02/02/2001,10124.9,10129.3,9939.1,9952.5,34994,202054
02/05/2001,9904.0,9953.3,9894.3,9945.8,43814,209651
02/06/2001,9956.2,10033.8,9926.4,10010.0,38018,210139
02/07/2001,9956.2,9967.4,9877.2,9878.6,38097,210221
02/08/2001,9899.5,9988.3,9867.5,9935.3,47346,214802
02/09/2001,9895.1,9908.5,9738.4,9742.1,46811,223599
02/12/2001,9762.2,9847.3,9745.1,9836.1,40868,228919
02/13/2001,9860.7,9893.6,9801.8,9839.1,45251,239482
02/14/2001,9781.6,9799.6,9666.0,9720.5,59151,248288
02/15/2001,9747.3,9851.8,9708.5,9833.9,69041,265485
02/16/2001,9759.3,9777.9,9662.3,9662.3,69041,265485
02/19/2001,9699.6,9718.2,9654.8,9686.1,0,0
02/20/2001,9701.1,9774.9,9615.3,9647.3,59254,281976
02/21/2001,9595.1,9604.1,9446.6,9502.6,63870,292681
02/22/2001,9447.4,9518.3,9307.9,9375.8,71576,304889
02/23/2001,9428.0,9453.4,9068.4,9075.8,61847,309885
02/26/2001,9213.1,9293.7,9167.6,9244.4,47784,308208
02/27/2001,9263.1,9362.3,9211.6,9265.3,79144,316078
02/28/2001,9244.4,9403.4,9224.3,9273.5,79976,329833
03/01/2001,9214.6,9234.0,9110.1,9119.8,86513,344908
03/02/2001,9132.5,9244.4,9040.8,9235.5,81760,352433
03/05/2001,9235.5,9287.0,9163.1,9248.2,69327,368200
03/06/2001,9311.6,9426.5,9307.1,9411.6,64317,364052
03/07/2001,9354.9,9475.7,9342.2,9437.7,63206,369615
03/08/2001,9454.7,9463.6,9333.1,9348.7,65189,398604
03/09/2001,9293.8,9352.4,9245.6,9276.8,51615,389153
03/12/2001,9172.2,9188.5,9017.9,9018.7,106850,430345
03/13/2001,8900.8,8976.4,8849.6,8901.5,104635,437303
03/14/2001,8957.1,8957.1,8439.5,8633.8,198140,486548
03/15/2001,8716.1,8768.8,8592.3,8725.0,125542,474605
03/16/2001,8738.4,8751.0,8537.4,8558.1,90043,328518
03/19/2001,8603.4,8664.9,8415.8,8449.9,47739,330125
03/20/2001,8536.6,8624.9,8507.7,8613.0,42785,329688
03/21/2001,8461.7,8540.3,8341.6,8380.2,71444,334234
03/22/2001,8340.1,8360.9,7971.5,8016.8,87119,339491
03/23/2001,8194.8,8301.5,8139.9,8267.4,56892,343322
03/26/2001,8369.8,8571.5,8336.4,8563.3,53069,345621
03/27/2001,8498.8,8811.0,8469.9,8796.9,68314,351932
03/28/2001,8743.5,8753.9,8598.2,8627.9,63358,356122
03/29/2001,8570.0,8749.5,8496.6,8736.1,64013,357715
03/30/2001,8691.6,8840.0,8624.9,8640.5,51366,355872
04/02/2001,8786.6,8788.0,8472.1,8497.3,48975,358140
04/03/2001,8467.7,8483.2,8197.0,8232.6,65191,359114
04/04/2001,8194.8,8378.7,8006.4,8314.2,83321,362419
04/05/2001,8403.9,8607.1,8371.3,8588.5,54132,359500
04/06/2001,8650.1,8652.3,8403.1,8462.5,54691,360596
04/09/2001,8439.5,8646.4,8435.0,8598.2,45427,359108
04/10/2001,8613.8,8795.5,8604.1,8751.7,50614,358680
04/11/2001,8736.1,8943.8,8728.7,8837.0,62257,361357
04/12/2001,8868.1,8963.1,8785.1,8951.2,0,0
04/17/2001,8807.3,8867.4,8664.9,8814.0,48639,360663
04/18/2001,8985.3,9216.7,8964.5,9178.1,59246,360697
04/19/2001,9188.5,9200.4,9079.5,9190.0,53022,362018
04/20/2001,9213.7,9224.1,9069.1,9098.0,42663,362087
04/23/2001,9092.1,9095.1,8966.8,8998.7,42391,364065
04/24/2001,9010.5,9167.0,9003.1,9124.7,46826,364117
04/25/2001,9049.1,9139.6,9013.5,9129.9,43362,364858
04/26/2001,9133.6,9173.7,9007.6,9147.0,48699,366454
04/27/2001,9071.3,9215.2,9032.8,9187.0,45789,368052
04/30/2001,9210.8,9337.6,9195.9,9314.6,0,0
05/02/2001,9336.8,9349.4,9205.6,9261.9,44818,367599
05/03/2001,9277.5,9290.8,9016.5,9034.3,46080,367533
05/04/2001,9047.6,9140.3,8929.7,9135.9,52640,370416
05/07/2001,9157.4,9215.2,9067.6,9105.4,33018,370108
05/08/2001,9077.3,9187.0,9030.5,9084.7,50596,372301
05/09/2001,9040.2,9068.4,8958.6,9015.0,43048,371133
05/10/2001,9033.5,9249.3,9033.5,9184.1,51110,372797
05/11/2001,9121.8,9204.8,9095.8,9115.8,38593,372510
05/14/2001,9077.3,9083.9,8974.9,8992.7,37179,370984
05/15/2001,9056.5,9063.9,8948.2,8988.3,35202,371325
05/16/2001,8973.4,9181.1,8849.6,9172.2,61969,373492
05/17/2001,9250.8,9262.7,9118.1,9157.4,52144,373967
05/18/2001,9114.3,9238.9,9095.1,9193.0,41053,375888
05/21/2001,9233.0,9310.1,9114.3,9274.5,44886,377494
05/22/2001,9313.1,9422.1,9279.0,9310.1,53225,376048
05/23/2001,9276.0,9348.7,9227.8,9270.1,45022,376785
05/24/2001,9227.1,9378.4,9210.8,9325.0,25586,378185
05/25/2001,9325.0,9366.5,9217.4,9247.8,0,0
05/28/2001,9218.2,9322.0,9189.2,9231.5,30076,377739
05/29/2001,9238.9,9272.3,9080.2,9091.4,50385,379794
05/30/2001,9047.6,9074.3,8976.4,8980.9,59937,385408
05/31/2001,8943.8,9141.0,8897.1,9125.5,56434,383075
06/01/2001,9069.8,9174.4,8988.3,9112.1,53321,377460
06/04/2001,9121.8,9190.0,9112.9,9154.4,14548,376145
06/05/2001,9210.8,9298.3,9134.4,9290.8,44812,380082
06/06/2001,9308.6,9314.6,9162.6,9207.8,66219,384527
06/07/2001,9203.3,9236.0,9138.1,9222.6,44881,385911
06/08/2001,9247.8,9303.5,9155.1,9169.2,77901,373248
06/11/2001,9169.2,9244.9,9106.9,9152.9,77514,365205
06/12/2001,9144.0,9158.1,8942.3,8994.2,138823,396156
06/13/2001,9044.6,9118.1,9012.0,9080.2,94698,364357
06/14/2001,9037.7,9043.6,8924.8,8935.8,70362,344529
06/15/2001,8883.8,8935.1,8732.8,8797.3,75939,123388
06/18/2001,8825.2,8825.2,8675.6,8707.1,40220,125859
06/19/2001,8737.2,8866.2,8729.9,8790.0,49093,124753
06/20/2001,8694.7,8737.2,8619.9,8704.9,52479,126455
06/21/2001,8773.1,8784.1,8646.3,8769.4,47896,127561
06/22/2001,8763.6,8822.2,8699.1,8748.9,29621,128388
06/25/2001,8707.9,8816.4,8694.7,8743.1,36377,129016
06/26/2001,8697.6,8710.1,8539.3,8659.5,52428,131119
06/27/2001,8649.2,8669.8,8608.9,8643.4,30556,130002
06/28/2001,8618.5,8847.1,8523.2,8844.2,58519,131895
06/29/2001,8839.8,8976.9,8816.4,8964.4,41915,129762
07/02/2001,8903.6,9075.1,8880.9,9041.4,41133,130198
07/03/2001,9015.7,9040.7,8934.4,8976.1,0,0
07/05/2001,8796.6,8943.2,8781.2,8860.3,44770,129807
07/06/2001,8778.2,8797.3,8644.8,8670.5,48143,133550
07/09/2001,8693.2,8721.1,8558.3,8688.8,47769,133190
07/10/2001,8696.1,8760.7,8578.9,8578.9,50074,130839
07/11/2001,8502.6,8592.8,8473.3,8576.7,65124,133247
07/12/2001,8707.9,8754.8,8660.2,8707.9,45709,135829
07/13/2001,8709.3,8789.2,8639.0,8768.0,44446,134823
07/16/2001,8759.2,8759.2,8619.9,8634.6,30212,135098
07/17/2001,8605.3,8643.4,8546.6,8641.9,45704,136427
07/18/2001,8587.7,8595.7,8433.0,8451.3,64201,140117
07/19/2001,8496.8,8596.5,8424.2,8561.3,59249,134324
07/20/2001,8502.6,8535.6,8429.3,8488.7,39238,136701
07/23/2001,8458.7,8630.9,8416.9,8561.3,47194,138666
07/24/2001,8473.3,8540.0,8354.6,8355.3,48986,139144
07/25/2001,8381.0,8458.7,8189.7,8224.1,60997,142457
07/26/2001,8297.4,8370.0,8226.3,8363.4,53198,140618
07/27/2001,8400.0,8527.6,8391.2,8496.8,43115,140069
07/30/2001,8444.0,8605.3,8429.3,8543.7,42981,139815
07/31/2001,8546.6,8647.8,8493.1,8632.4,37776,139171
08/01/2001,8593.5,8649.2,8573.7,8615.5,34905,143549
08/02/2001,8627.2,8748.9,8495.3,8518.0,51673,143832
08/03/2001,8551.0,8566.4,8463.8,8485.0,37443,142676
08/06/2001,8485.0,8556.9,8416.1,8493.8,40473,143612
08/07/2001,8451.3,8530.5,8390.5,8479.2,49610,145941
08/08/2001,8418.3,8449.9,8271.7,8285.7,55169,148312
08/09/2001,8202.1,8234.4,8059.9,8121.5,70945,156356
08/10/2001,8158.1,8211.6,7935.3,8021.1,61542,156367
08/13/2001,8015.2,8106.1,7956.6,8065.8,46487,154769
08/14/2001,8117.1,8206.5,8088.5,8136.1,47137,152508
08/15/2001,8102.4,8149.3,7991.0,8034.3,39925,152552
08/16/2001,7960.2,7972.0,7852.5,7901.6,63953,156825
08/17/2001,7928.7,7972.0,7614.3,7675.8,67690,157741
08/20/2001,7667.0,7751.3,7543.9,7638.4,60882,159994
08/21/2001,7681.7,7731.5,7608.4,7697.1,40461,159235
08/22/2001,7590.8,7835.6,7571.0,7686.8,68903,161128
08/23/2001,7719.8,7769.7,7628.2,7727.9,52409,162796
08/24/2001,7774.1,7986.6,7765.3,7960.2,49142,163374
08/27/2001,7969.0,8024.7,7913.3,7954.4,32959,160823
08/28/2001,7952.9,8021.8,7770.4,7807.8,54482,161920
08/29/2001,7762.3,7864.9,7706.6,7791.6,58558,162453
08/30/2001,7815.1,7843.7,7575.4,7592.3,66211,162325
08/31/2001,7601.1,7686.1,7545.4,7618.7,66211,162325
09/03/2001,7586.4,7603.3,7440.5,7492.6,0,0
09/04/2001,7590.8,7678.8,7395.1,7649.4,75933,161868
09/05/2001,7535.1,7570.3,7378.2,7426.6,67203,164008
09/06/2001,7498.4,7505.8,7119.5,7164.2,90194,169932
09/07/2001,7197.9,7215.5,6909.1,6928.2,94736,174108
09/10/2001,6909.1,6988.3,6648.2,6868.8,105686,182520
09/11/2001,6926.7,7026.4,6044.2,6258.2,124659,196480
09/12/2001,6127.8,6464.9,6088.2,6355.0,91919,194802
09/13/2001,6423.2,6447.8,6281.0,6405.8,68778,196370
09/14/2001,6450.7,6510.9,6054.0,6083.7,97541,204934
09/17/2001,6099.7,6360.8,5844.4,6187.4,185232,213070
09/18/2001,6092.4,6167.9,6044.6,6141.8,121838,230578
09/19/2001,6147.6,6273.8,5880.7,5906.0,162893,225463
09/20/2001,6013.4,6015.6,5525.3,5539.0,189617,240227
09/21/2001,5454.2,5610.8,5178.6,5575.3,155849,146821
09/24/2001,5729.8,5937.2,5661.6,5927.1,63605,144866
09/25/2001,5819.7,6048.9,5778.4,5879.2,63605,144866
09/26/2001,5959.0,6122.9,5896.6,5932.9,76851,144681
09/27/2001,5947.4,6103.3,5920.5,6093.9,56303,142649
09/28/2001,6215.7,6323.1,6202.0,6254.2,63038,143971
10/01/2001,6273.8,6273.8,6112.0,6236.0,53853,147978
10/02/2001,6208.5,6288.3,6077.9,6249.8,65893,146980
10/03/2001,6252.0,6496.4,6112.0,6471.0,80158,149313
10/04/2001,6500.8,6662.5,6450.7,6650.9,58375,148292
10/05/2001,6556.6,6714.7,6495.0,6555.2,74467,151436
10/08/2001,6399.2,6590.0,6328.9,6546.5,61104,152334
10/09/2001,6520.4,6641.5,6479.0,6544.3,58913,149042
10/10/2001,6498.6,6764.1,6463.1,6735.0,64768,151186
10/11/2001,6782.9,6922.2,6746.6,6861.2,74452,150854
10/12/2001,6875.7,6890.3,6692.2,6707.5,67186,152081
10/15/2001,6708.9,6756.8,6571.1,6646.6,50237,150251
10/16/2001,6654.5,6787.3,6590.7,6781.5,63034,152105
10/17/2001,6846.7,6984.5,6727.8,6759.7,76933,153401
10/18/2001,6607.4,6730.7,6587.8,6642.9,72274,155867
10/19/2001,6649.5,6707.5,6485.5,6583.5,65491,156724
10/22/2001,6614.6,6769.9,6536.3,6710.4,46766,155923
10/23/2001,6767.0,6913.5,6759.7,6875.0,63226,159535
10/24/2001,6827.9,7065.8,6793.1,6993.2,79024,161098
10/25/2001,6992.5,7115.8,6790.2,6856.2,70185,161310
10/26/2001,6965.7,7027.3,6893.2,7020.1,47028,162704
10/29/2001,6962.8,6968.6,6799.6,6817.7,57403,162943
10/30/2001,6708.2,6730.0,6531.2,6655.3,71988,165207
10/31/2001,6610.3,6752.4,6498.6,6641.5,70609,164637
11/01/2001,6640.8,6765.5,6529.8,6744.5,56914,166551
11/02/2001,6768.4,6784.4,6654.5,6663.2,52968,167780
11/05/2001,6723.4,6938.1,6716.2,6933.0,52195,169126
11/06/2001,6955.5,7023.7,6868.5,6878.6,47489,166401
11/07/2001,6923.6,7089.0,6813.4,7083.2,70197,168050
11/08/2001,7044.7,7297.9,7042.6,7226.8,73658,170835
11/09/2001,7156.4,7223.9,7119.4,7153.5,49504,167256
11/12/2001,7141.2,7146.3,6771.3,7038.2,58792,172947
11/13/2001,7070.9,7248.5,7054.9,7213.7,52187,171780
11/14/2001,7218.1,7350.8,7190.5,7207.9,65312,175661
11/15/2001,7325.4,7392.9,7229.7,7320.4,72944,178842
11/16/2001,7304.4,7450.2,7263.8,7337.8,58029,176573
11/19/2001,7411.0,7566.9,7377.6,7541.6,50245,176408
11/20/2001,7460.3,7585.1,7374.0,7451.6,55197,183567
11/21/2001,7398.0,7500.9,7341.4,7397.2,55197,183567
11/22/2001,7415.4,7495.1,7392.2,7443.7,0,0
11/23/2001,7470.5,7506.8,7290.6,7498.0,39674,176443
11/26/2001,7550.3,7593.8,7423.3,7456.7,60964,173307
11/27/2001,7447.3,7487.9,7221.7,7340.7,69855,176556
11/28/2001,7245.6,7295.0,7144.1,7167.3,62539,181177
11/29/2001,7122.3,7238.4,7113.6,7158.6,62988,184628
11/30/2001,7225.3,7332.0,7206.5,7229.7,54021,176099
12/03/2001,7202.1,7266.7,7081.7,7265.2,61276,179860
12/04/2001,7260.9,7326.9,7234.0,7299.3,50088,177926
12/05/2001,7412.5,7680.8,7409.6,7657.6,65866,179933
12/06/2001,7627.1,7756.3,7617.0,7657.6,63348,181538
12/07/2001,7677.9,7705.5,7564.0,7582.2,45704,181393
12/10/2001,7557.5,7573.5,7421.9,7453.8,47363,179206
12/11/2001,7444.4,7509.7,7373.3,7460.3,88167,180672
12/12/2001,7482.1,7545.2,7300.8,7345.0,71634,181542
12/13/2001,7324.1,7399.7,7186.6,7201.0,71634,181542
12/14/2001,7172.9,7239.1,7120.3,7153.4,64434,184525
12/17/2001,7158.5,7409.1,7122.5,7392.5,65910,176861
12/18/2001,7388.9,7427.8,7307.6,7316.2,77152,178213
12/19/2001,7273.7,7346.5,7185.1,7255.0,72474,186889
12/20/2001,7244.9,7299.6,7145.5,7211.1,96365,195591
12/21/2001,7115.3,7293.2,7069.2,7288.1,58157,125404
12/27/2001,7381.7,7432.2,7309.7,7432.2,0,0
12/28/2001,7432.2,7505.6,7424.2,7473.2,13243,124715
01/02/2002,7461.0,7528.7,7398.3,7488.3,0,0
01/03/2002,7518.6,7666.2,7504.2,7654.0,31896,123093
01/04/2002,7702.9,7762.0,7623.7,7677.0,46623,124524
01/07/2002,7677.0,7750.5,7564.7,7574.7,47381,124998
01/08/2002,7545.9,7623.7,7512.1,7581.2,49634,129768
01/09/2002,7581.9,7688.5,7504.9,7674.1,61628,132221
01/10/2002,7576.2,7609.3,7491.9,7566.1,61628,132221
01/11/2002,7557.5,7638.1,7513.5,7557.5,55405,131890
01/14/2002,7517.1,7518.6,7320.5,7341.4,72234,149546
01/15/2002,7331.3,7399.0,7283.8,7342.1,57560,151274
01/16/2002,7299.6,7319.1,7201.7,7227.6,60967,153699
01/17/2002,7268.0,7438.6,7258.6,7424.9,60393,153256
01/18/2002,7345.7,7435.8,7329.9,7404.1,49531,153256
01/21/2002,7403.3,7407.7,7269.4,7345.7,30279,152568
01/22/2002,7301.1,7434.3,7278.8,7291.0,53554,153281
01/23/2002,7280.9,7483.3,7230.5,7475.4,60142,153610
01/24/2002,7468.2,7553.1,7445.8,7476.8,53204,150734
01/25/2002,7476.8,7484.7,7350.8,7461.0,47815,149607
01/28/2002,7468.2,7529.4,7420.6,7446.6,38713,152449
01/29/2002,7504.2,7531.5,7334.9,7340.0,57404,156178
01/30/2002,7266.5,7330.6,7206.0,7329.2,65707,155105
01/31/2002,7381.7,7403.3,7306.8,7395.4,47659,155738
02/01/2002,7410.5,7469.6,7340.0,7371.7,44238,155376
02/04/2002,7367.3,7367.3,7214.7,7237.7,43575,156595
02/05/2002,7152.7,7193.8,7043.3,7129.0,71624,161725
02/06/2002,7111.7,7152.7,6905.7,6942.4,93570,170194
02/07/2002,6912.9,7046.1,6833.0,7020.2,79374,173351
02/08/2002,6983.5,7077.1,6939.6,6954.7,59122,180080
02/11/2002,7079.3,7149.1,7036.1,7146.2,55643,178427
02/12/2002,7165.7,7185.1,7017.3,7035.3,55938,178661
02/13/2002,7093.7,7147.0,6979.9,7125.4,64967,178704
02/14/2002,7151.3,7211.8,7095.8,7175.8,61249,179613
02/15/2002,7165.7,7177.9,7004.4,7009.4,58514,179613
02/18/2002,7018.8,7072.1,6987.1,7000.0,0,0
02/19/2002,6956.8,6969.1,6869.0,6894.9,64719,187601
02/20/2002,6877.6,6937.4,6791.2,6905.7,78013,191961
02/21/2002,6982.0,7027.4,6912.2,6971.2,75029,193031
02/22/2002,6884.8,6908.6,6827.9,6845.9,66014,194434
02/25/2002,6892.7,7032.5,6822.2,7025.3,58564,192635
02/26/2002,7040.4,7123.2,7012.3,7072.8,70026,192469
02/27/2002,7109.5,7226.2,7104.5,7152.7,64200,194333
02/28/2002,7128.2,7319.8,7103.0,7288.1,70732,196367
03/01/2002,7230.5,7381.0,7224.0,7374.5,51522,197356
03/04/2002,7447.3,7593.5,7440.8,7554.6,70839,201142
03/05/2002,7563.2,7620.8,7508.5,7531.5,82479,207713
03/06/2002,7527.9,7639.6,7492.6,7628.0,99063,241528
03/07/2002,7685.7,7740.4,7588.4,7607.9,136639,257159
03/08/2002,7648.2,7750.5,7623.0,7714.5,68769,260654
03/11/2002,7688.5,7783.6,7636.0,7724.5,98642,267572
03/12/2002,7679.9,7691.4,7557.5,7625.2,116928,286112
03/13/2002,7610.8,7691.4,7541.6,7541.6,138817,315336
03/14/2002,7557.3,7622.9,7539.5,7612.2,131767,331561
03/15/2002,7597.3,7772.0,7561.6,7757.1,86183,171822
03/18/2002,7761.3,7871.9,7755.6,7807.7,62262,177818
03/19/2002,7815.5,7875.5,7794.1,7867.6,46303,179128
03/20/2002,7829.8,7839.1,7707.1,7720.7,60487,182534
03/21/2002,7690.0,7755.6,7642.9,7709.3,52933,183834
03/22/2002,7752.8,7778.5,7671.4,7707.1,44432,185171
03/25/2002,7712.1,7775.6,7635.8,7659.3,46080,184249
03/26/2002,7625.8,7770.6,7620.1,7743.5,55420,187095
03/27/2002,7740.6,7753.5,7671.4,7692.8,43356,186815
03/28/2002,7698.6,7804.1,7697.1,7698.6,0,0
04/02/2002,7718.5,7731.4,7606.5,7631.5,46096,207878
04/03/2002,7627.2,7652.9,7569.4,7593.0,50768,216576
04/04/2002,7571.6,7605.1,7492.4,7541.6,56946,220545
04/05/2002,7551.6,7610.8,7525.2,7558.7,47368,219324
04/08/2002,7552.3,7557.3,7369.0,7433.2,58227,220720
04/09/2002,7493.8,7515.9,7408.9,7414.6,67180,231180
04/10/2002,7403.9,7580.9,7379.7,7561.6,60439,230381
04/11/2002,7568.7,7598.0,7413.2,7443.9,60961,231093
04/12/2002,7441.7,7487.4,7394.7,7435.3,54160,231140
04/15/2002,7461.7,7525.2,7417.5,7508.8,61751,231555
04/16/2002,7544.5,7669.3,7543.8,7657.2,62565,234527
04/17/2002,7700.7,7719.2,7624.4,7629.4,49448,234140
04/18/2002,7641.5,7716.4,7457.4,7543.8,74363,235394
04/19/2002,7533.1,7597.3,7494.5,7573.0,46946,236537
04/22/2002,7574.4,7575.1,7424.6,7488.8,52019,238664
04/23/2002,7520.9,7530.2,7385.4,7451.7,59459,240025
04/24/2002,7450.3,7493.1,7379.0,7408.9,54898,236674
04/25/2002,7390.4,7396.1,7184.2,7227.0,83593,241896
04/26/2002,7283.4,7316.2,7147.1,7166.4,58530,242194
04/29/2002,7155.0,7177.1,7089.3,7152.1,57285,244119
04/30/2002,7149.3,7226.3,7067.2,7219.9,0,0
05/02/2002,7220.6,7249.1,7100.8,7111.5,61009,249155
05/03/2002,7089.3,7199.2,6992.3,7003.7,65768,247857
05/06/2002,7018.0,7060.8,6988.1,7019.4,43863,248705
05/07/2002,6938.1,7011.6,6839.0,6987.3,77275,248318
05/08/2002,7035.1,7201.3,7035.1,7183.5,55319,248418
05/09/2002,7176.4,7204.2,7096.5,7112.2,37451,247941
05/10/2002,7086.5,7140.7,6939.5,6948.1,51612,249631
05/13/2002,6942.4,7147.1,6921.7,7126.4,58142,254099
05/14/2002,7126.4,7258.4,7094.3,7214.9,56206,254782
05/15/2002,7262.0,7272.0,7163.5,7262.0,59748,246837
05/16/2002,7236.3,7304.8,7204.9,7231.3,54961,243528
05/17/2002,7280.5,7339.0,7183.5,7193.5,51518,244560
05/20/2002,7239.2,7244.9,7129.3,7162.1,57057,247001
05/21/2002,7128.6,7242.0,7079.4,7144.3,29952,245161
05/22/2002,7090.8,7151.4,6993.8,7065.8,67800,249600
05/23/2002,7076.5,7083.6,6951.0,6968.8,69940,255042
05/24/2002,7047.3,7066.5,6980.2,7008.7,40855,255430
05/28/2002,7097.9,7177.1,6997.3,7013.7,55120,253395
05/29/2002,7005.2,7019.4,6939.5,6979.5,52396,251185
05/30/2002,6952.4,6962.4,6778.3,6789.7,56620,257697
05/31/2002,6838.2,6946.7,6816.8,6862.5,45829,256521
06/03/2002,6862.5,6937.4,6749.8,6768.3,51763,255714
06/04/2002,6705.6,6714.8,6547.9,6626.4,69924,260138
06/05/2002,6684.2,6699.1,6575.0,6596.4,54192,261303
06/06/2002,6634.2,6738.4,6594.3,6626.4,72487,263043
06/07/2002,6488.7,6579.3,6446.6,6566.5,60650,264155
06/10/2002,6598.6,6658.5,6495.1,6554.3,58897,265472
06/11/2002,6558.6,6697.0,6505.8,6611.4,69044,264561
06/12/2002,6514.4,6532.9,6394.5,6458.0,91617,268874
06/13/2002,6523.1,6537.9,6349.1,6402.9,109969,274643
06/14/2002,6350.5,6350.5,6075.4,6143.3,135982,278769
06/17/2002,6203.4,6401.5,6195.0,6399.3,138470,278071
06/18/2002,6418.4,6418.4,6278.4,6307.4,118070,278291
06/19/2002,6188.6,6279.8,6167.4,6218.3,125527,288728
06/20/2002,6180.8,6235.3,5999.1,6061.3,173270,308526
06/21/2002,5999.8,6156.8,5922.7,6033.0,120129,155483
06/24/2002,6039.4,6131.3,5777.0,5914.2,95973,155736
06/25/2002,5968.7,6079.7,5955.9,5988.5,85324,167654
06/26/2002,5657.5,5936.1,5639.1,5848.4,102218,170468
06/27/2002,5944.6,6054.9,5883.8,6032.3,79842,173967
06/28/2002,6148.3,6259.3,6107.3,6253.7,77242,170835
07/01/2002,6174.4,6336.4,6153.9,6203.4,63021,169454
07/02/2002,6112.2,6144.7,5938.2,5993.4,76537,173512
07/03/2002,6032.3,6059.9,5848.4,5902.2,0,0
07/04/2002,6018.2,6064.8,5957.3,6064.8,88042,176601
07/05/2002,6099.5,6371.8,6099.5,6366.1,68330,172267
07/08/2002,6279.8,6376.0,6255.1,6314.5,71726,172926
07/09/2002,6329.3,6384.5,6185.1,6216.2,80890,175582
07/10/2002,6133.4,6200.6,5963.7,5982.1,86633,180299
07/11/2002,5902.2,5953.8,5749.4,5911.4,104507,180875
07/12/2002,6046.4,6066.2,5793.3,5877.4,76121,182545
07/15/2002,5841.4,5897.9,5591.7,5609.4,86480,186156
07/16/2002,5766.4,5769.2,5441.1,5643.3,123836,191292
07/17/2002,5608.0,5848.4,5555.7,5789.0,91592,191660
07/18/2002,5770.6,5911.4,5737.4,5826.5,83669,190273
07/19/2002,5680.8,5721.1,5510.4,5565.6,74581,193652
07/22/2002,5469.4,5480.7,5169.5,5286.9,99414,202182
07/23/2002,5364.7,5419.2,4985.7,5036.6,107778,201897
07/24/2002,5048.6,5188.6,4640.6,5187.2,139474,210481
07/25/2002,5274.2,5277.7,4930.5,4943.2,116177,207800
07/26/2002,5035.2,5095.3,4787.7,5059.9,96368,207797
07/29/2002,5148.3,5451.0,5117.2,5442.5,77188,204726
07/30/2002,5446.8,5514.6,5315.2,5498.4,78783,204598
07/31/2002,5446.8,5608.0,5254.4,5260.8,101918,204448
08/01/2002,5233.2,5414.9,5036.6,5131.3,94767,204669
08/02/2002,5107.3,5152.6,4966.6,4987.1,77402,209255
08/05/2002,5021.0,5021.0,4724.0,4749.5,81900,218228
08/06/2002,4695.7,5121.4,4592.5,5021.7,96662,215508
08/07/2002,5055.7,5159.6,4881.0,4889.5,89001,214316
08/08/2002,5063.5,5210.5,5014.0,5207.7,85504,214360
08/09/2002,5183.7,5323.0,5122.2,5301.1,75179,214289
08/12/2002,5231.8,5274.2,5163.9,5212.0,49190,212671
08/13/2002,5197.8,5261.5,5042.2,5226.1,67726,216187
08/14/2002,5081.8,5152.6,5022.4,5108.0,75788,218729
08/15/2002,5233.2,5289.8,5166.0,5187.2,70834,217339
08/16/2002,5207.7,5259.3,5044.4,5234.6,58127,219693
08/19/2002,5176.6,5459.5,5150.4,5453.8,64356,216785
08/20/2002,5427.7,5492.0,5337.8,5364.0,67766,213413
08/21/2002,5400.1,5540.8,5369.7,5485.6,75303,210523
08/22/2002,5509.0,5572.6,5463.0,5504.0,68696,211870
08/23/2002,5545.8,5567.7,5407.9,5418.5,54094,213631
08/26/2002,5451.0,5530.2,5311.0,5376.0,56071,213114
08/27/2002,5375.3,5530.2,5338.6,5453.1,71386,212185
08/28/2002,5417.0,5417.0,5216.2,5250.2,77575,215293
08/29/2002,5214.8,5243.1,5072.6,5202.1,84268,216505
08/30/2002,5203.5,5274.2,5106.6,5265.0,0,0
09/02/2002,5204.9,5204.9,5092.4,5124.3,55774,217190
09/03/2002,5035.2,5040.1,4816.6,4827.3,99085,223303
09/04/2002,4811.7,4907.2,4741.7,4863.3,96712,221560
09/05/2002,4872.5,4910.7,4667.4,4755.8,99348,226378
09/06/2002,4801.8,4929.8,4743.8,4929.1,81158,225659
09/09/2002,4881.0,4898.0,4787.7,4847.8,64829,223857
09/10/2002,4893.7,4984.3,4888.1,4930.5,67270,224241
09/11/2002,4978.6,5120.7,4903.6,5060.6,97218,223991
09/12/2002,5010.1,5033.3,4858.0,4862.9,119833,229660
09/13/2002,4768.2,4796.3,4644.1,4771.0,156584,233137
09/16/2002,4776.6,4780.8,4655.3,4691.1,105970,232604
09/17/2002,4856.6,4871.3,4591.5,4639.9,175338,242677
09/18/2002,4543.8,4571.9,4405.0,4436.6,182073,242879
09/19/2002,4445.0,4473.7,4273.2,4292.1,252988,242632
09/20/2002,4214.3,4381.2,4187.6,4367.1,141591,193578
09/23/2002,4278.8,4395.9,4090.2,4137.8,123286,220743
09/24/2002,4131.5,4189.7,3921.9,4086.6,119666,227815
09/25/2002,4005.3,4226.9,3968.8,4190.4,117208,230519
09/26/2002,4207.3,4337.7,4139.9,4259.1,109673,220437
09/27/2002,4277.4,4318.7,4075.4,4076.1,89545,218784
09/30/2002,3999.7,4015.1,3844.7,3960.4,99392,225829
10/01/2002,3994.1,4095.1,3858.8,4055.1,103939,227266
10/02/2002,4143.4,4205.9,3980.8,4120.3,96641,229900
10/03/2002,3996.9,4157.5,3963.9,3995.5,80380,228759
10/04/2002,3970.2,4024.2,3780.2,3800.6,95128,233231
10/07/2002,3782.3,3831.4,3703.8,3780.9,93694,235828
10/08/2002,3809.0,3848.2,3588.1,3698.9,103913,236353
10/09/2002,3668.7,3685.6,3557.2,3681.3,109852,241822
10/10/2002,3601.4,3845.4,3599.3,3829.3,123620,242026
10/11/2002,3835.6,4112.6,3827.9,4104.2,106960,238202
10/14/2002,4061.4,4108.4,3935.9,4032.0,66954,236823
10/15/2002,4106.3,4284.4,4095.1,4256.3,104133,232568
10/16/2002,4200.2,4386.8,4182.0,4239.5,120633,234635
10/17/2002,4350.3,4499.0,4350.3,4471.6,108744,232128
10/18/2002,4521.4,4522.1,4349.6,4463.2,90480,228980
10/21/2002,4428.1,4610.5,4365.7,4606.9,71562,228564
10/22/2002,4515.8,4650.4,4427.4,4430.2,89038,227932
10/23/2002,4529.8,4559.3,4205.9,4280.2,102301,227909
10/24/2002,4331.4,4414.8,4259.8,4337.7,89923,228029
10/25/2002,4295.6,4400.1,4252.1,4374.8,69226,228264
10/28/2002,4433.7,4560.0,4433.7,4472.3,69501,228363
10/29/2002,4434.4,4496.2,4244.4,4264.1,86541,235762
10/30/2002,4340.5,4428.1,4224.8,4416.2,78810,232189
10/31/2002,4396.6,4531.9,4348.9,4470.9,90955,232109
11/01/2002,4445.7,4476.5,4304.7,4454.1,71556,231657
11/04/2002,4565.6,4694.6,4565.6,4689.7,73015,233211
11/05/2002,4642.7,4786.5,4602.7,4736.7,83337,235973
11/06/2002,4813.1,4851.7,4617.5,4651.1,79221,238224
11/07/2002,4667.2,4695.3,4405.0,4470.9,111817,239701
11/08/2002,4405.7,4473.0,4327.9,4328.6,79909,238723
11/11/2002,4274.6,4327.9,4232.5,4257.7,60859,240953
11/12/2002,4263.4,4417.6,4259.8,4386.8,79501,240090
11/13/2002,4333.5,4393.8,4203.7,4325.1,96323,242818
11/14/2002,4316.6,4499.0,4271.8,4473.0,104215,239814
11/15/2002,4501.8,4552.2,4434.4,4484.9,74127,238525
11/18/2002,4529.8,4591.5,4478.6,4517.9,66003,237403
11/19/2002,4438.0,4534.7,4423.2,4532.6,72542,235238
11/20/2002,4529.8,4539.6,4383.3,4523.5,81967,237556
11/21/2002,4578.9,4647.6,4538.9,4632.2,78090,236933
11/22/2002,4656.0,4694.6,4606.9,4675.7,67707,235568
11/25/2002,4689.0,4733.2,4609.0,4640.6,62358,235912
11/26/2002,4635.0,4689.7,4473.0,4480.0,74123,238734
11/27/2002,4466.7,4700.9,4421.1,4679.2,81338,238734
11/28/2002,4684.1,4746.5,4643.4,4739.5,81338,237002
11/29/2002,4738.8,4785.1,4688.3,4710.0,50760,235657
12/02/2002,4752.1,4886.7,4724.0,4728.3,88614,234711
12/03/2002,4766.8,4790.7,4604.1,4621.0,89583,238257
12/04/2002,4571.9,4681.3,4545.9,4672.2,97200,242351
12/05/2002,4686.9,4760.5,4475.1,4529.8,117573,241047
12/06/2002,4540.3,4559.3,4363.6,4485.6,103856,241366
12/09/2002,4489.1,4526.3,4305.4,4314.5,111963,241972
12/10/2002,4325.1,4459.0,4306.1,4435.1,120376,241039
12/11/2002,4421.8,4512.3,4399.4,4470.9,128353,242936
12/12/2002,4450.0,4500.1,4348.4,4370.0,141468,246162
12/13/2002,4355.3,4358.8,4257.9,4291.3,129279,252392
12/16/2002,4282.9,4483.4,4250.9,4483.4,104615,256582
12/17/2002,4489.0,4520.3,4399.9,4412.4,138542,262505
12/18/2002,4372.1,4397.1,4239.8,4264.1,174478,285468
12/19/2002,4287.1,4347.0,4102.6,4143.0,210477,288385
12/20/2002,4203.6,4265.5,4131.2,4257.9,131399,232333
12/23/2002,4253.7,4281.5,4152.1,4184.8,0,0
12/27/2002,4168.8,4186.9,3982.2,3988.5,22138,236560
12/30/2002,3996.1,4067.8,3973.8,4044.1,0,0
01/02/2003,4069.2,4316.4,4062.9,4315.0,49918,239446
01/03/2003,4306.6,4377.6,4299.6,4338.6,52850,240248
01/06/2003,4352.6,4413.1,4246.7,4404.8,83178,240976
01/07/2003,4390.2,4410.3,4297.6,4347.0,87895,243044
01/08/2003,4317.7,4326.8,4197.3,4223.1,81610,242954
01/09/2003,4244.0,4264.1,4103.3,4228.6,102372,247009
01/10/2003,4264.1,4335.8,4182.0,4257.9,115937,244475
01/13/2003,4323.3,4378.3,4270.4,4301.0,84355,246612
01/14/2003,4301.0,4397.8,4277.4,4369.3,101443,247345
01/15/2003,4384.6,4403.4,4248.8,4253.7,87024,248459
01/16/2003,4252.3,4316.4,4227.9,4267.6,93068,248788
01/17/2003,4225.9,4238.4,4086.6,4090.8,91943,248723
01/20/2003,4121.4,4152.8,4047.6,4081.7,86823,254292
01/21/2003,4108.9,4137.4,4001.7,4024.0,97601,259043
01/22/2003,4010.0,4056.0,3866.6,3914.0,122056,260714
01/23/2003,3982.2,4004.5,3878.5,3933.5,106495,266032
01/24/2003,3905.6,3953.6,3792.8,3801.9,99212,262569
01/27/2003,3809.5,3817.9,3652.2,3694.7,124256,269416
01/28/2003,3751.7,3783.8,3655.0,3744.8,118578,269807
01/29/2003,3688.4,3838.8,3581.9,3802.6,142999,269231
01/30/2003,3787.3,3834.6,3719.0,3728.1,120710,281152
01/31/2003,3673.1,3847.8,3661.9,3842.3,107322,278119
02/03/2003,3863.8,3922.3,3817.9,3849.9,92333,286946
02/04/2003,3804.0,3813.0,3655.0,3669.6,111957,302951
02/05/2003,3675.9,3829.7,3607.6,3822.1,121302,303275
02/06/2003,3733.6,3801.2,3655.0,3673.1,106421,308424
02/07/2003,3696.8,3729.5,3574.2,3578.4,99157,314729
02/10/2003,3606.2,3623.7,3530.4,3590.9,93713,316123
02/11/2003,3640.4,3723.2,3607.6,3660.5,109209,324243
02/12/2003,3623.0,3657.8,3579.8,3609.0,100717,334440
02/13/2003,3546.4,3629.9,3536.6,3568.7,104072,348286
02/14/2003,3613.2,3794.2,3599.3,3719.7,118343,352032
02/17/2003,3787.3,3804.0,3738.5,3775.4,49038,349467
02/18/2003,3756.6,3842.3,3730.9,3803.3,86619,347454
02/19/2003,3770.5,3801.2,3650.1,3651.5,93098,347563
02/20/2003,3694.0,3726.7,3593.7,3614.6,99830,352414
02/21/2003,3595.8,3694.7,3576.3,3684.2,96119,354920
02/24/2003,3678.6,3691.9,3585.4,3593.7,78997,352377
02/25/2003,3550.6,3563.1,3414.1,3455.9,123611,359500
02/26/2003,3499.7,3517.1,3393.9,3433.6,108566,356658
02/27/2003,3422.5,3508.8,3394.6,3480.2,114404,360478
02/28/2003,3483.7,3603.5,3455.9,3538.7,103033,358453
03/03/2003,3592.3,3638.3,3531.1,3549.2,76428,357998
03/04/2003,3514.3,3529.7,3452.4,3490.0,80153,361955
03/05/2003,3454.5,3543.6,3422.5,3506.7,91702,366046
03/06/2003,3519.9,3529.0,3387.6,3398.1,110928,377690
03/07/2003,3368.8,3439.2,3334.0,3397.4,103913,378409
03/10/2003,3393.2,3403.0,3237.3,3240.1,89627,386290
03/11/2003,3248.4,3272.8,3146.1,3201.1,146066,393383
03/12/2003,3187.1,3230.3,3045.1,3063.2,197534,400134
03/13/2003,3133.1,3266.6,3110.3,3266.6,147613,410595
03/14/2003,3339.9,3457.5,3306.7,3335.8,296168,416821
03/17/2003,3256.9,3515.0,3243.1,3482.4,236529,429039
03/18/2003,3521.2,3655.4,3472.1,3591.1,333232,427143
03/19/2003,3553.0,3727.3,3514.3,3643.6,311117,427494
03/20/2003,3562.7,3701.0,3553.0,3643.6,255286,431935
03/21/2003,3652.6,3806.9,3652.6,3778.5,96615,339584
03/24/2003,3684.4,3696.9,3559.9,3575.1,152304,336351
03/25/2003,3537.8,3676.1,3455.5,3660.2,134326,342157
03/26/2003,3654.0,3732.9,3602.1,3606.3,109880,343643
03/27/2003,3579.3,3612.5,3493.5,3611.1,100954,345753
03/28/2003,3587.6,3589.7,3475.5,3546.1,89308,349453
03/31/2003,3420.2,3425.0,3335.1,3375.9,84724,352900
04/01/2003,3417.4,3443.7,3330.9,3392.5,83823,352143
04/02/2003,3483.8,3591.1,3457.5,3584.8,89152,346851
04/03/2003,3569.6,3681.7,3553.0,3557.2,99867,342685
04/04/2003,3591.7,3698.3,3550.2,3677.5,110829,345808
04/07/2003,3825.6,3917.6,3825.6,3900.3,103675,351875
04/08/2003,3842.2,3910.0,3813.1,3846.3,105768,356818
04/09/2003,3782.7,3930.7,3750.2,3805.5,126513,361665
04/10/2003,3762.6,3846.3,3732.9,3756.4,109366,367090
04/11/2003,3774.4,3898.2,3770.9,3793.7,98974,365829
04/14/2003,3839.4,3878.1,3752.9,3873.3,87146,364505
04/15/2003,3908.6,3987.4,3902.4,3943.2,104293,366699
04/16/2003,4040.0,4046.2,3924.5,3940.4,84684,368005
04/17/2003,3922.4,4035.9,3894.7,4026.2,0,0
04/22/2003,4002.7,4124.4,3948.7,4114.0,83852,368915
04/23/2003,4131.3,4171.5,4075.3,4107.1,86875,366482
04/24/2003,4089.8,4130.0,4001.3,4028.3,95027,369410
04/25/2003,4019.3,4043.5,3927.3,3952.9,83071,370609
04/28/2003,3932.1,4100.9,3914.1,4096.1,83007,370788
04/29/2003,4117.5,4175.6,4049.0,4053.9,95712,369626
04/30/2003,4071.8,4123.0,4045.6,4058.0,0,0
05/02/2003,4047.6,4141.7,4007.5,4134.1,83285,368926
05/05/2003,4168.7,4223.3,4134.1,4181.8,82225,369839
05/06/2003,4159.0,4253.1,4131.3,4244.1,82261,372127
05/07/2003,4218.5,4258.6,4152.1,4163.8,100575,373086
05/08/2003,4148.6,4187.4,3999.9,4006.8,109367,376701
05/09/2003,4046.9,4083.6,3968.1,4080.1,87786,376964
05/12/2003,4118.9,4123.0,3981.9,4069.8,97634,377920
05/13/2003,4078.8,4095.4,3997.1,4024.8,99650,374577
05/14/2003,4031.7,4109.9,4006.1,4053.9,108913,376915
05/15/2003,4039.3,4147.2,4023.4,4136.9,102659,379298
05/16/2003,4118.9,4201.9,4091.2,4150.0,94762,377789
05/19/2003,4071.8,4080.1,3932.8,3937.6,107252,380127
05/20/2003,3952.2,3988.8,3909.3,3943.2,99324,372661
05/21/2003,3945.2,3950.8,3844.2,3899.6,115432,364707
05/22/2003,3910.0,3963.9,3905.1,3962.5,68358,364279
05/23/2003,3984.7,4005.4,3885.1,3925.9,68358,364279
05/26/2003,3932.1,3957.7,3896.1,3926.6,0,0
05/27/2003,3908.6,3984.0,3837.3,3977.1,97969,363644
05/28/2003,4012.3,4102.3,4008.9,4034.5,97702,363273
05/29/2003,4046.9,4114.0,4014.4,4029.0,67448,363618
05/30/2003,4033.1,4156.2,4030.3,4146.6,73908,366338
06/02/2003,4211.6,4250.3,4179.8,4240.6,85645,369946
06/03/2003,4178.4,4218.5,4159.7,4183.9,82764,370762
06/04/2003,4211.6,4296.0,4183.9,4253.1,103840,372916
06/05/2003,4275.2,4305.0,4181.1,4212.3,123102,376332
06/06/2003,4267.6,4358.9,4253.8,4330.6,101238,380108
06/09/2003,4314.0,4338.9,4257.2,4289.1,101238,380108
06/10/2003,4261.4,4363.1,4254.5,4345.8,96232,383889
06/11/2003,4377.6,4419.1,4336.8,4406.0,124507,388375
06/12/2003,4440.4,4503.0,4437.6,4454.1,149129,368325
06/13/2003,4470.7,4493.4,4370.2,4377.1,192221,351326
06/16/2003,4348.9,4516.1,4319.3,4515.4,229758,346560
06/17/2003,4567.7,4598.7,4520.9,4547.7,259109,349437
06/18/2003,4560.1,4590.4,4516.1,4576.7,232898,356157
06/19/2003,4592.5,4600.1,4448.6,4470.7,181719,358905
06/20/2003,4473.4,4523.0,4455.5,4489.9,113258,259201
06/23/2003,4469.3,4494.1,4386.7,4416.3,82869,262588
06/24/2003,4417.0,4470.7,4378.4,4468.6,87896,260792
06/25/2003,4466.5,4478.9,4399.1,4422.5,73234,260481
06/26/2003,4382.6,4492.7,4367.4,4474.8,97895,265736
06/27/2003,4498.2,4514.7,4433.5,4436.9,62610,263023
06/30/2003,4465.2,4526.4,4399.1,4443.8,89161,266758
07/01/2003,4425.2,4436.9,4312.4,4356.4,95590,269084
07/02/2003,4425.2,4487.2,4402.5,4481.7,85899,271341
07/03/2003,4461.0,4513.3,4419.0,4462.4,85134,271002
07/04/2003,4464.5,4490.6,4441.8,4484.4,0,0
07/07/2003,4523.0,4644.1,4523.0,4630.3,81315,276809
07/08/2003,4620.7,4651.0,4572.5,4610.4,80121,277844
07/09/2003,4615.2,4643.4,4559.4,4594.5,83727,279528
07/10/2003,4579.4,4587.7,4496.8,4516.1,71151,280083
07/11/2003,4492.7,4608.3,4485.8,4589.0,69971,281397
07/14/2003,4610.4,4704.7,4604.9,4693.6,76090,283952
07/15/2003,4660.6,4739.8,4658.5,4688.8,90377,282655
07/16/2003,4719.8,4742.5,4639.3,4672.3,88356,287200
07/17/2003,4645.5,4653.0,4577.3,4606.2,105387,283324
07/18/2003,4608.3,4668.9,4598.0,4650.3,71209,284606
07/21/2003,4679.9,4686.8,4529.9,4532.6,98093,283805
07/22/2003,4581.5,4591.8,4496.8,4567.0,99052,281794
07/23/2003,4609.7,4612.4,4525.0,4566.3,82681,282278
07/24/2003,4571.1,4664.1,4531.2,4652.4,101961,287944
07/25/2003,4597.3,4663.4,4573.9,4632.4,78734,289523
07/28/2003,4679.9,4731.5,4673.0,4711.5,82126,291818
07/29/2003,4714.3,4768.7,4656.5,4719.8,97219,287872
07/30/2003,4695.0,4768.0,4688.1,4748.7,80110,290260
07/31/2003,4746.0,4811.3,4691.6,4787.9,107361,290377
08/01/2003,4772.1,4797.6,4695.7,4737.7,87120,296894
08/04/2003,4717.0,4783.1,4641.3,4689.5,92862,298653
08/05/2003,4717.0,4773.5,4690.2,4740.4,99351,292495
08/06/2003,4666.1,4695.0,4577.3,4648.9,110700,295011
08/07/2003,4639.3,4640.0,4551.9,4589.0,87765,295301
08/08/2003,4601.4,4646.8,4562.9,4580.8,66765,294157
08/11/2003,4617.9,4640.0,4566.3,4606.2,69281,292979
08/12/2003,4622.1,4690.2,4613.1,4668.9,67999,293590
08/13/2003,4708.8,4732.2,4656.5,4677.1,79389,295213
08/14/2003,4696.4,4762.5,4660.6,4761.1,92672,299539
08/15/2003,4750.1,4789.3,4734.3,4748.7,59525,304582
08/18/2003,4769.4,4838.2,4762.5,4836.8,60857,300291
08/19/2003,4867.8,4896.7,4805.8,4825.8,87356,306343
08/20/2003,4851.9,4851.9,4773.5,4825.8,83973,306823
08/21/2003,4825.1,4918.0,4824.4,4904.9,88063,312170
08/22/2003,4875.3,4948.3,4871.2,4889.1,75423,312854
08/25/2003,4880.8,4880.8,4808.6,4827.9,72680,314996
08/26/2003,4830.6,4899.4,4737.7,4758.3,93341,315947
08/27/2003,4801.0,4814.8,4756.3,4805.1,83119,307290
08/28/2003,4810.6,4867.1,4775.5,4827.2,99936,309217
08/29/2003,4858.8,4867.8,4790.0,4804.5,72296,309664
09/01/2003,4844.4,4933.1,4843.7,4926.3,0,0
09/02/2003,4915.3,4949.7,4865.0,4912.5,83775,313776
09/03/2003,4959.3,5038.4,4959.3,5028.8,95300,314711
09/04/2003,5009.5,5062.5,4999.2,5056.3,78844,313863
09/05/2003,5054.3,5067.4,4957.2,4973.1,75143,315854
09/08/2003,4995.1,5037.8,4974.4,5021.2,94391,314326
09/09/2003,5054.3,5054.3,4934.5,4948.3,107438,315328
09/10/2003,4934.5,4934.5,4850.6,4876.7,113124,315421
09/11/2003,4837.0,4908.2,4817.1,4903.4,185834,320432
09/12/2003,4905.5,4920.5,4782.2,4811.0,185206,322338
09/15/2003,4852.7,4885.6,4827.4,4847.3,169110,321609
09/16/2003,4857.5,4916.4,4831.5,4908.2,203513,329680
09/17/2003,4972.6,4976.7,4889.0,4891.8,196467,333096
09/18/2003,4915.1,4994.5,4892.5,4992.4,236804,336792
09/19/2003,4987.0,5000.7,4933.5,4942.4,140188,245358
09/22/2003,4864.4,4874.0,4758.3,4763.0,119193,250996
09/23/2003,4787.7,4798.7,4674.0,4688.4,134100,254822
09/24/2003,4732.2,4750.0,4515.2,4546.7,134100,254822
09/25/2003,4543.9,4624.7,4543.9,4580.9,142654,256559
09/26/2003,4550.8,4604.2,4503.5,4578.2,140703,257024
09/29/2003,4556.3,4627.5,4512.4,4553.5,103869,256409
09/30/2003,4538.5,4582.3,4404.9,4476.1,158970,257052
10/01/2003,4468.6,4567.2,4424.8,4565.2,130042,254213
10/02/2003,4593.9,4617.9,4498.1,4517.9,134943,252419
10/03/2003,4557.6,4735.0,4526.8,4698.0,131205,257738
10/06/2003,4672.0,4699.4,4646.6,4685.0,78614,258941
10/07/2003,4694.6,4695.9,4581.6,4607.6,113903,259358
10/08/2003,4620.6,4718.5,4596.7,4674.0,119659,259207
10/09/2003,4693.2,4802.8,4657.6,4787.0,117244,260957
10/10/2003,4769.9,4830.2,4750.0,4777.4,104934,261952
10/13/2003,4804.1,4887.7,4804.1,4868.5,72679,261603
10/14/2003,4894.5,4908.2,4815.8,4864.4,101217,263932
10/15/2003,4908.2,4958.9,4867.8,4900.0,124219,263077
10/16/2003,4880.1,4943.8,4841.8,4917.8,129361,261267
10/17/2003,4893.1,4939.7,4821.9,4824.0,109636,265036
10/20/2003,4843.8,4905.5,4802.8,4895.9,99328,263387
10/21/2003,4923.3,4939.0,4858.2,4924.6,112196,265998
10/22/2003,4889.0,4909.6,4792.5,4798.7,122085,269051
10/23/2003,4724.7,4815.8,4714.4,4813.0,104388,270074
10/24/2003,4779.5,4795.9,4723.3,4745.2,98566,269288
10/27/2003,4793.2,4850.0,4780.9,4837.7,80480,269989
10/28/2003,4867.1,4950.0,4861.7,4945.2,89964,270549
10/29/2003,4967.8,4982.2,4921.9,4976.0,94885,271848
10/30/2003,4969.8,5049.3,4919.9,5010.2,124288,274174
10/31/2003,4982.2,5028.0,4958.9,5010.9,86394,273141
11/03/2003,5015.7,5162.3,5010.2,5160.2,100533,282302
11/04/2003,5142.4,5177.3,5113.6,5123.9,100102,283529
11/05/2003,5115.0,5158.8,5064.3,5126.0,111960,281905
11/06/2003,5121.9,5165.0,5054.1,5150.6,111411,285147
11/07/2003,5158.8,5238.3,5158.8,5191.7,102971,287959
11/10/2003,5161.6,5202.7,5125.3,5154.0,85076,288042
11/11/2003,5095.8,5149.2,5078.7,5138.3,77747,288320
11/12/2003,5127.3,5186.2,5072.6,5185.5,97872,290211
11/13/2003,5219.1,5234.1,5128.7,5165.0,103374,288864
11/14/2003,5149.2,5236.9,5139.7,5204.0,99490,289031
11/17/2003,5096.5,5117.1,5026.0,5040.4,126246,288551
11/18/2003,5086.2,5099.3,4971.2,4971.2,119119,291286
11/19/2003,4945.2,5023.2,4932.2,5017.8,119070,295804
11/20/2003,5035.6,5038.3,4889.0,5020.5,150192,294393
11/21/2003,4984.2,5020.5,4962.3,4986.3,93036,297199
11/24/2003,5006.8,5144.4,5003.4,5140.3,96182,299719
11/25/2003,5126.6,5169.8,5111.6,5128.7,103553,298908
11/26/2003,5125.3,5195.1,5080.8,5119.1,111022,300650
11/27/2003,5139.7,5151.3,5112.9,5143.8,0,0
11/28/2003,5145.8,5170.5,5058.9,5132.1,73197,301139
12/01/2003,5183.5,5256.1,5180.1,5247.2,100242,304872
12/02/2003,5239.6,5262.9,5193.1,5244.4,97790,305101
12/03/2003,5216.3,5328.6,5212.2,5326.6,120161,306400
12/04/2003,5306.7,5340.3,5273.2,5282.8,110792,308445
12/05/2003,5282.8,5311.5,5225.2,5243.1,102590,313561
12/08/2003,5215.0,5245.1,5178.0,5245.1,93276,314425
12/09/2003,5284.1,5319.7,5260.2,5284.1,92257,311702
12/10/2003,5242.4,5275.2,5202.7,5246.5,131115,318309
12/11/2003,5260.1,5296.2,5243.1,5281.9,200475,331086
12/12/2003,5331.6,5348.7,5253.3,5279.2,173066,333959
12/15/2003,5391.6,5397.7,5286.7,5290.8,231273,335265
12/16/2003,5269.6,5324.8,5254.0,5308.5,195642,350737
12/17/2003,5311.9,5317.3,5209.7,5219.9,170431,350803
12/18/2003,5251.9,5319.4,5235.6,5316.0,210174,337401
12/19/2003,5330.3,5350.7,5301.0,5313.2,124994,262581
12/22/2003,5295.5,5354.8,5295.5,5331.6,45714,263966
12/23/2003,5353.4,5361.6,5327.5,5344.6,34534,263452
12/24/2003,5353.4,5361.6,5327.5,5344.6,0,0
12/29/2003,5381.3,5435.2,5363.0,5429.7,31082,264185
12/30/2003,5457.0,5471.3,5431.8,5442.7,21353,264185
01/02/2004,5463.1,5514.9,5448.1,5510.1,41156,266061
01/05/2004,5504.0,5540.7,5473.3,5536.7,78885,270311
01/06/2004,5535.3,5545.5,5476.0,5530.5,89967,274561
01/07/2004,5544.8,5544.8,5458.3,5510.1,90144,272676
01/08/2004,5535.3,5568.7,5512.8,5550.3,114693,275662
01/09/2004,5565.9,5573.4,5446.1,5493.7,111247,278491
01/12/2004,5465.8,5484.2,5444.0,5468.5,90534,282123
01/13/2004,5489.7,5516.2,5424.3,5442.7,107616,282776
01/14/2004,5459.0,5547.6,5444.0,5538.0,111260,290578
01/15/2004,5516.2,5598.0,5505.3,5591.8,132558,287915
01/16/2004,5591.2,5639.5,5589.1,5627.3,106233,288439
01/19/2004,5632.0,5676.3,5631.3,5662.0,0,0
01/20/2004,5653.8,5682.4,5606.1,5634.7,103461,289962
01/21/2004,5615.7,5681.1,5602.7,5676.3,108313,292204
01/22/2004,5692.0,5702.2,5641.6,5668.8,117073,292775
01/23/2004,5656.5,5692.0,5645.0,5657.9,96718,293832
01/26/2004,5664.7,5671.5,5624.5,5662.0,91065,293879
01/27/2004,5692.6,5708.3,5632.7,5651.1,99874,294917
01/28/2004,5614.3,5683.1,5608.2,5677.0,91739,298259
01/29/2004,5612.3,5640.2,5576.8,5587.1,131964,302400
01/30/2004,5614.3,5623.8,5529.2,5557.1,114943,302372
02/02/2004,5569.4,5610.2,5526.4,5604.1,90919,300849
02/03/2004,5572.1,5573.4,5489.7,5531.9,129636,299327
02/04/2004,5517.6,5525.8,5474.0,5489.7,113473,304791
02/05/2004,5474.7,5539.4,5461.7,5501.2,108108,302624
02/06/2004,5504.0,5538.0,5471.9,5515.5,119211,299457
02/09/2004,5544.8,5619.1,5536.7,5608.9,92286,299001
02/10/2004,5599.3,5630.7,5574.8,5623.2,86162,300124
02/11/2004,5623.8,5641.6,5598.0,5639.5,85829,302521
02/12/2004,5652.5,5668.8,5597.3,5617.0,94397,307599
02/13/2004,5626.6,5641.6,5512.1,5520.3,94397,307599
02/16/2004,5532.6,5555.7,5516.9,5554.4,109675,308958
02/17/2004,5559.1,5601.4,5556.4,5597.3,95044,307982
02/18/2004,5603.4,5611.6,5574.1,5605.5,81726,306504
02/19/2004,5621.1,5659.3,5611.6,5648.4,92664,311128
02/20/2004,5622.5,5644.3,5529.2,5555.1,115542,312365
02/23/2004,5572.1,5603.4,5529.8,5544.2,81921,313354
02/24/2004,5537.3,5542.1,5410.6,5441.3,154598,310201
02/25/2004,5449.5,5469.2,5400.4,5450.8,127500,314326
02/26/2004,5469.9,5487.6,5419.5,5471.3,110426,312253
02/27/2004,5489.7,5527.8,5459.7,5485.6,104417,310613
03/01/2004,5521.7,5546.9,5499.2,5544.8,84158,308240
03/02/2004,5557.1,5598.6,5547.6,5563.2,90503,309179
03/03/2004,5563.9,5587.7,5532.6,5568.0,105655,309144
03/04/2004,5576.2,5655.9,5559.8,5644.3,106586,309947
03/05/2004,5640.2,5660.6,5576.2,5638.8,134501,311040
03/08/2004,5653.8,5690.6,5636.8,5640.2,84123,323790
03/09/2004,5625.2,5630.0,5521.7,5525.8,140429,327986
03/10/2004,5532.6,5538.7,5470.6,5476.7,143379,324814
03/11/2004,5418.4,5418.4,5282.9,5353.4,246545,331753
03/12/2004,5245.6,5350.0,5213.1,5320.2,199428,332753
03/15/2004,5276.1,5326.9,5183.9,5192.1,238977,341015
03/16/2004,5194.1,5248.3,5146.7,5191.4,274123,355625
03/17/2004,5248.3,5320.2,5231.4,5310.0,229957,363815
03/18/2004,5311.3,5318.8,5174.4,5219.9,275752,365053
03/19/2004,5262.6,5265.9,5179.9,5190.0,298236,177130
03/22/2004,5125.0,5129.7,5032.8,5055.2,138449,179072
03/23/2004,5078.9,5141.2,5045.7,5078.9,148375,178908
03/24/2004,5078.9,5122.3,5026.0,5113.5,173205,181356
03/25/2004,5130.4,5221.9,5120.2,5217.1,124696,178982
03/26/2004,5247.0,5249.7,5175.8,5200.9,95783,184924
03/29/2004,5218.5,5301.2,5204.9,5293.0,88227,183464
03/30/2004,5284.9,5293.0,5234.1,5264.6,91094,179210
03/31/2004,5279.5,5313.4,5226.0,5255.8,102647,181762
04/01/2004,5289.0,5362.2,5248.3,5340.5,125381,189978
04/02/2004,5351.3,5480.8,5337.1,5476.0,122404,181697
04/05/2004,5472.0,5527.5,5451.6,5520.1,91056,180956
04/06/2004,5530.3,5531.6,5457.7,5478.1,99806,181951
04/07/2004,5472.0,5511.3,5440.1,5453.0,104837,197971
04/08/2004,5489.6,5526.2,5448.9,5474.7,104837,197971
04/13/2004,5515.3,5573.6,5505.2,5505.2,93530,199807
04/14/2004,5484.2,5495.0,5401.5,5467.9,137982,196445
04/15/2004,5443.5,5491.6,5425.9,5431.3,108454,196109
04/16/2004,5415.0,5501.8,5408.9,5496.4,116505,193844
04/19/2004,5469.9,5495.7,5433.3,5482.8,94584,192801
04/20/2004,5504.5,5554.0,5504.5,5527.5,92095,192448
04/21/2004,5476.0,5518.1,5459.1,5507.2,117573,194949
04/22/2004,5512.0,5570.9,5434.0,5570.9,134875,192414
04/23/2004,5613.6,5625.1,5577.0,5585.8,103036,192406
04/26/2004,5596.0,5655.6,5582.4,5610.2,99702,193652
04/27/2004,5611.6,5646.1,5590.6,5643.4,86833,195030
04/28/2004,5602.1,5617.0,5522.1,5537.0,134016,206730
04/29/2004,5514.0,5524.8,5411.0,5425.9,172531,213253
04/30/2004,5406.2,5451.0,5387.9,5392.0,133951,212235
05/03/2004,5379.8,5453.0,5360.8,5432.0,93995,211871
05/04/2004,5440.1,5460.4,5392.0,5404.2,98088,210773
05/05/2004,5398.8,5478.1,5390.0,5470.6,115836,212287
05/06/2004,5433.3,5453.7,5270.7,5275.4,156772,217375
05/07/2004,5297.1,5336.4,5232.1,5251.7,164438,222287
05/10/2004,5162.9,5201.6,5128.4,5154.8,156572,231540
05/11/2004,5177.2,5240.9,5174.4,5203.6,103330,219956
05/12/2004,5230.0,5232.7,5087.0,5092.4,132111,226277
05/13/2004,5147.3,5227.3,5131.8,5182.6,145261,221128
05/14/2004,5173.8,5207.0,5118.2,5176.5,152429,225595
05/17/2004,5076.9,5108.7,5040.3,5090.4,135608,230996
05/18/2004,5122.3,5156.8,5098.5,5127.0,106767,221012
05/19/2004,5199.5,5274.1,5194.1,5242.9,93901,216733
05/20/2004,5192.1,5222.6,5173.8,5204.3,81107,214412
05/21/2004,5232.1,5254.4,5168.3,5190.7,99124,217047
05/24/2004,5226.6,5297.8,5220.5,5232.1,106579,215930
05/25/2004,5207.0,5255.1,5169.0,5253.1,115450,214057
05/26/2004,5301.9,5305.2,5235.4,5263.2,101311,213478
05/27/2004,5274.1,5330.3,5266.6,5303.2,104722,209039
05/28/2004,5340.5,5350.0,5281.5,5315.4,104722,209039
05/31/2004,5302.5,5337.8,5291.0,5329.6,83933,207900
06/01/2004,5329.6,5329.6,5230.0,5250.4,103718,214844
06/02/2004,5278.1,5317.4,5263.9,5317.4,93036,211976
06/03/2004,5282.2,5341.8,5249.0,5320.2,114079,213876
06/04/2004,5313.4,5400.8,5310.0,5398.1,113694,209412
06/07/2004,5438.1,5459.8,5427.9,5457.1,69516,213794
06/08/2004,5480.1,5482.8,5429.3,5453.0,83529,216608
06/09/2004,5460.4,5476.7,5405.6,5411.0,95516,221689
06/10/2004,5427.8,5462.9,5414.3,5447.4,69587,219480
06/11/2004,5450.1,5450.1,5415.7,5440.0,47765,221357
06/14/2004,5419.7,5427.8,5315.2,5332.1,152227,241502
06/15/2004,5344.9,5443.3,5334.1,5443.3,256882,228451
06/16/2004,5433.9,5445.4,5415.0,5425.8,187923,213769
06/17/2004,5420.4,5450.1,5383.3,5417.0,224697,198159
06/18/2004,5400.2,5430.5,5375.2,5410.3,136867,137019
06/21/2004,5460.9,5470.3,5390.7,5409.6,80861,141563
06/22/2004,5385.4,5402.9,5306.5,5339.5,104585,145853
06/23/2004,5359.7,5378.6,5332.8,5369.2,74742,143372
06/24/2004,5419.1,5439.3,5400.9,5422.4,89985,141642
06/25/2004,5425.8,5448.7,5401.5,5425.8,69239,144040
06/28/2004,5446.0,5538.4,5425.1,5518.8,102225,148493
06/29/2004,5506.7,5538.4,5488.5,5517.5,78438,147690
06/30/2004,5523.6,5543.1,5489.2,5510.8,63566,147583
07/01/2004,5539.1,5556.6,5440.6,5447.4,113539,151937
07/02/2004,5447.4,5460.2,5402.9,5435.2,113539,151937
07/05/2004,5407.6,5434.6,5406.3,5421.1,24824,152991
07/06/2004,5426.5,5429.2,5329.4,5338.2,103138,0
07/07/2004,5341.5,5362.4,5310.5,5346.9,91090,157209
07/08/2004,5299.1,5330.7,5272.1,5298.4,107645,159408
07/09/2004,5286.9,5324.0,5253.9,5292.3,89845,161208
07/12/2004,5273.4,5319.3,5254.6,5265.4,85731,159067
07/13/2004,5291.0,5305.8,5266.7,5286.9,85016,153223
07/14/2004,5232.3,5283.6,5212.1,5266.7,115754,159074
07/15/2004,5264.0,5266.0,5201.3,5225.6,118175,152831
07/16/2004,5213.4,5255.9,5183.1,5187.8,91792,156489
07/19/2004,5188.5,5204.0,5138.6,5142.7,83783,158117
07/20/2004,5135.9,5202.7,5121.1,5202.0,93366,157952
07/21/2004,5230.3,5276.1,5214.8,5216.1,101025,153483
07/22/2004,5164.9,5181.1,5128.5,5158.8,118768,162852
07/23/2004,5157.5,5173.7,5115.0,5125.8,80760,161760
07/26/2004,5129.2,5156.1,5069.8,5079.3,99690,159514
07/27/2004,5096.1,5178.4,5089.4,5169.6,92606,156923
07/28/2004,5189.8,5215.5,5131.2,5141.3,111750,163327
07/29/2004,5179.7,5282.9,5173.7,5263.3,116940,157866
07/30/2004,5270.7,5292.3,5228.3,5264.0,99948,160542
08/02/2004,5241.1,5245.8,5191.9,5237.0,86562,162265
08/03/2004,5244.5,5264.0,5212.8,5218.2,78662,161271
08/04/2004,5191.2,5197.3,5145.3,5185.8,105089,166137
08/05/2004,5198.6,5216.1,5137.3,5149.4,86490,166429
08/06/2004,5096.8,5118.4,5015.9,5021.3,136023,177844
08/09/2004,5039.5,5049.6,4951.9,4980.8,124629,174410
08/10/2004,4996.4,5031.4,4983.5,5027.4,75259,173328
08/11/2004,5037.5,5038.2,4914.8,4959.9,130828,174679
08/12/2004,4988.3,5011.2,4890.5,4906.7,138663,178967
08/13/2004,4904.0,4947.8,4889.2,4927.6,115860,174815
08/16/2004,4908.0,5007.8,4887.1,4997.0,106078,167395
08/17/2004,4991.6,5045.6,4966.7,5008.5,124612,168640
08/18/2004,5005.1,5040.2,4967.4,5040.2,114534,169995
08/19/2004,5068.5,5076.6,5004.4,5017.9,110399,171546
08/20/2004,5015.9,5051.0,4981.5,5046.9,92293,169844
08/23/2004,5067.8,5108.9,5046.9,5095.5,87969,168943
08/24/2004,5096.1,5133.2,5080.6,5123.8,96023,168312
08/25/2004,5134.6,5172.3,5090.1,5164.9,91124,163531
08/26/2004,5171.0,5183.8,5150.7,5172.3,80116,163082
08/27/2004,5183.8,5212.8,5146.0,5212.1,82937,169349
08/30/2004,5196.6,5202.7,5154.8,5180.4,54617,162196
08/31/2004,5156.1,5163.5,5098.2,5117.0,96917,164021
09/01/2004,5157.5,5169.6,5118.4,5145.3,94612,162069
09/02/2004,5138.6,5189.8,5125.8,5187.1,84902,160596
09/03/2004,5173.7,5240.4,5158.2,5227.6,84902,160596
09/06/2004,5231.0,5264.0,5222.9,5257.3,109258,166071
09/07/2004,5251.2,5277.5,5225.6,5259.3,104010,164427
09/08/2004,5247.1,5260.6,5205.3,5235.0,102858,164009
09/09/2004,5204.8,5228.3,5176.0,5226.3,117591,165714
09/10/2004,5210.2,5252.4,5204.2,5245.7,138231,172920
09/13/2004,5278.6,5341.6,5269.2,5340.3,175057,180720
09/14/2004,5334.9,5349.0,5306.1,5336.3,162545,189415
09/15/2004,5324.9,5355.1,5298.1,5329.6,222886,203263
09/16/2004,5323.5,5353.7,5316.8,5349.0,394957,190476
09/17/2004,5338.3,5396.0,5334.9,5375.8,145379,152782
09/20/2004,5365.1,5371.2,5332.9,5349.0,83577,155510
09/21/2004,5354.4,5389.9,5351.7,5387.9,80609,156494
09/22/2004,5377.2,5394.0,5301.4,5302.1,124471,168083
09/23/2004,5302.1,5304.8,5245.7,5255.1,122130,161428
09/24/2004,5251.1,5282.0,5239.7,5271.2,83351,160969
09/27/2004,5261.2,5262.5,5201.5,5229.6,98003,164046
09/28/2004,5194.8,5259.8,5186.7,5248.4,106091,161601
09/29/2004,5247.1,5316.2,5243.1,5288.7,115296,163683
09/30/2004,5319.5,5324.2,5219.6,5244.4,109713,158232
10/01/2004,5261.2,5383.9,5260.5,5380.5,116444,160538
10/04/2004,5443.6,5470.4,5426.8,5445.6,107553,166817
10/05/2004,5445.6,5495.2,5420.1,5445.6,127963,170363
10/06/2004,5453.6,5476.4,5430.2,5463.0,109903,169832
10/07/2004,5473.8,5489.9,5432.9,5449.6,116245,171204
10/08/2004,5417.4,5477.8,5389.3,5416.1,162238,176112
10/11/2004,5408.0,5424.8,5392.6,5423.5,65916,177324
10/12/2004,5398.6,5398.6,5310.1,5343.0,127103,177324
10/13/2004,5369.1,5412.7,5287.3,5306.8,128826,172028
10/14/2004,5307.4,5332.9,5275.9,5282.0,145017,175044
10/15/2004,5269.2,5333.6,5246.4,5323.5,143242,171405
10/18/2004,5284.6,5320.2,5243.7,5304.8,117450,175423
10/19/2004,5328.9,5363.8,5316.2,5318.2,119801,173949
10/20/2004,5252.4,5305.4,5235.0,5275.3,136217,172403
10/21/2004,5298.7,5312.8,5240.4,5271.2,135255,172793
10/22/2004,5294.0,5342.3,5255.8,5265.9,124329,172964
10/25/2004,5184.7,5202.2,5157.2,5194.8,127610,175575
10/26/2004,5201.5,5223.6,5170.6,5209.5,107961,172568
10/27/2004,5229.6,5308.1,5200.1,5308.1,141072,171190
10/28/2004,5324.2,5349.7,5309.5,5343.0,110751,171156
10/29/2004,5330.2,5374.5,5315.5,5333.6,108508,172037
11/01/2004,5329.6,5406.7,5323.5,5381.2,81257,171796
11/02/2004,5412.1,5445.6,5394.0,5445.6,87374,172048
11/03/2004,5479.1,5481.8,5408.0,5420.1,150782,179776
11/04/2004,5420.1,5485.8,5396.0,5485.8,113444,177725
11/05/2004,5492.5,5535.5,5440.9,5475.8,145969,183560
11/08/2004,5457.7,5489.2,5446.9,5489.2,91826,185685
11/09/2004,5479.1,5494.6,5454.3,5483.2,91095,186122
11/10/2004,5487.2,5521.4,5481.8,5514.0,102899,190814
11/11/2004,5497.9,5573.0,5483.2,5573.0,105940,196838
11/12/2004,5581.7,5595.8,5552.9,5575.0,103261,195687
11/15/2004,5601.9,5607.9,5549.5,5572.3,98493,195099
11/16/2004,5563.6,5570.3,5519.4,5543.5,107182,195246
11/17/2004,5552.2,5636.1,5530.1,5613.3,135786,201668
11/18/2004,5594.5,5632.7,5591.1,5615.3,109426,203656
11/19/2004,5613.3,5645.4,5539.5,5539.5,136872,205919
11/22/2004,5527.4,5574.4,5490.5,5573.0,109952,206317
11/23/2004,5570.3,5590.5,5510.6,5527.4,113479,203692
11/24/2004,5569.0,5569.7,5526.7,5546.2,97907,208640
11/25/2004,5559.6,5600.5,5546.9,5590.5,56513,206736
11/26/2004,5566.3,5587.1,5552.9,5557.6,54652,0
11/29/2004,5586.4,5667.6,5556.9,5593.1,139205,221344
11/30/2004,5590.5,5595.1,5521.4,5534.1,142025,224353
12/01/2004,5510.6,5633.4,5510.0,5615.9,140703,229286
12/02/2004,5644.1,5676.3,5618.6,5641.4,147170,233047
12/03/2004,5673.6,5685.7,5615.9,5626.7,151007,220149
12/06/2004,5630.0,5658.2,5615.9,5656.2,88401,221890
12/07/2004,5636.7,5680.3,5624.0,5626.0,114354,230663
12/08/2004,5605.9,5661.5,5597.8,5656.8,129492,230127
12/09/2004,5636.2,5644.8,5544.1,5598.8,143442,234514
12/10/2004,5678.9,5678.9,5575.5,5614.8,131816,240847
12/13/2004,5624.2,5679.5,5620.2,5673.5,151835,239397
12/14/2004,5691.5,5702.9,5669.5,5680.9,182144,249163
12/15/2004,5696.9,5696.9,5647.5,5666.9,187393,266377
12/16/2004,5668.9,5690.2,5656.8,5676.9,283432,288039
12/17/2004,5686.9,5691.5,5578.1,5582.8,147547,181924
12/20/2004,5610.8,5672.9,5602.8,5638.2,71667,181867
12/21/2004,5630.2,5677.5,5630.2,5668.2,55594,182794
12/22/2004,5682.2,5702.9,5666.9,5672.9,62044,186820
12/23/2004,5678.2,5706.2,5677.5,5696.2,40981,185370
12/27/2004,5705.5,5716.2,5675.5,5693.5,35869,187238
12/28/2004,5716.2,5716.2,5689.5,5714.9,30047,188574
12/29/2004,5730.2,5732.9,5682.9,5702.2,44583,190336
12/30/2004,5710.2,5713.5,5698.9,5698.9,16379,189852
01/03/2005,5714.9,5776.9,5699.5,5745.6,103081,197244
01/04/2005,5746.2,5772.2,5729.5,5729.5,95074,202548
01/05/2005,5708.2,5735.6,5684.2,5728.2,109029,203530
01/06/2005,5705.5,5770.2,5703.5,5766.9,100485,204829
01/07/2005,5746.9,5796.9,5737.6,5782.2,119985,198958
01/10/2005,5774.9,5793.6,5746.2,5778.9,94915,198619
01/11/2005,5766.9,5780.9,5662.8,5682.9,162131,216011
01/12/2005,5700.9,5704.9,5614.2,5634.8,137230,217417
01/13/2005,5666.2,5670.9,5624.8,5644.2,121202,217914
01/14/2005,5607.5,5672.9,5603.5,5652.8,101264,216565
01/17/2005,5668.9,5695.5,5666.9,5678.9,44532,219140
01/18/2005,5672.2,5708.2,5630.8,5700.2,126225,220205
01/19/2005,5705.5,5715.5,5671.5,5680.2,101792,222932
01/20/2005,5637.5,5659.5,5606.2,5616.2,129050,222333
01/21/2005,5624.2,5651.5,5595.5,5613.5,111474,222221
01/24/2005,5606.8,5632.2,5566.1,5615.5,125401,224143
01/25/2005,5611.5,5677.5,5606.2,5662.8,112018,217958
01/26/2005,5672.2,5681.5,5624.8,5643.5,110958,223980
01/27/2005,5648.8,5658.2,5598.8,5640.2,138198,224224
01/28/2005,5656.2,5664.2,5602.2,5616.2,103228,222038
01/31/2005,5661.5,5703.5,5654.8,5697.5,94198,219657
02/01/2005,5691.5,5734.9,5682.9,5728.2,97697,218499
02/02/2005,5734.9,5751.6,5723.5,5738.9,69806,218949
02/03/2005,5748.2,5754.2,5714.2,5733.6,97158,219863
02/04/2005,5746.2,5814.9,5742.2,5814.9,108895,225499
02/07/2005,5814.9,5849.6,5814.9,5832.3,82696,225197
02/08/2005,5840.3,5852.3,5824.3,5846.3,76286,225696
02/09/2005,5846.9,5865.6,5808.9,5830.9,115335,225722
02/10/2005,5836.3,5840.9,5798.9,5828.3,107485,229552
02/11/2005,5822.9,5877.6,5822.9,5873.0,90683,231103
02/14/2005,5873.6,5879.6,5844.3,5856.3,68736,230323
02/15/2005,5859.6,5893.0,5849.6,5862.3,102579,232183
02/16/2005,5872.3,5872.3,5810.3,5831.6,121459,230195
02/17/2005,5840.3,5863.6,5824.9,5839.6,104061,230728
02/18/2005,5829.6,5862.3,5806.9,5825.6,0,0
02/21/2005,5832.3,5844.3,5800.3,5828.3,0,0
02/22/2005,5808.9,5812.3,5745.6,5745.6,152114,234027
02/23/2005,5725.5,5761.6,5710.9,5741.6,151028,232709
02/24/2005,5750.2,5758.9,5726.9,5754.2,111888,232781
02/25/2005,5782.9,5826.3,5780.2,5818.9,94519,229387
02/28/2005,5822.9,5844.3,5772.9,5776.2,101784,229580
03/01/2005,5800.3,5860.3,5788.2,5855.6,105535,231534
03/02/2005,5840.3,5872.3,5826.9,5843.6,106865,233081
03/03/2005,5840.3,5875.0,5809.6,5842.3,106797,229466
03/04/2005,5849.6,5913.0,5837.6,5913.0,115134,237467
03/07/2005,5907.0,5921.0,5897.0,5909.0,80948,233066
03/08/2005,5897.0,5905.6,5856.9,5865.6,105832,232346
03/09/2005,5872.3,5911.6,5800.9,5814.9,194387,251993
03/10/2005,5799.7,5830.2,5779.1,5822.2,135449,250423
03/11/2005,5825.5,5844.8,5796.3,5805.6,109992,251383
03/14/2005,5807.6,5835.5,5791.7,5824.2,129882,259754
03/15/2005,5833.5,5861.4,5826.9,5835.5,223079,278796
03/16/2005,5834.8,5850.8,5737.3,5752.6,344549,275054
03/17/2005,5745.9,5767.8,5732.0,5745.3,237924,253132
03/18/2005,5756.5,5787.7,5738.6,5750.6,159794,191052
03/21/2005,5757.9,5787.1,5726.7,5749.2,98376,191696
03/22/2005,5734.7,5780.4,5709.4,5780.4,114989,191097
03/23/2005,5702.1,5775.8,5696.2,5774.5,140494,189840
03/24/2005,5763.8,5814.9,5754.6,5805.6,140494,189840
03/29/2005,5769.1,5811.6,5743.3,5793.7,88987,190840
03/30/2005,5763.8,5827.5,5759.9,5824.9,95219,189263
03/31/2005,5822.2,5834.2,5779.1,5788.4,98461,190321
04/01/2005,5797.0,5858.0,5792.4,5792.4,124921,196809
04/04/2005,5794.4,5809.6,5761.9,5797.7,117776,191443
04/05/2005,5818.2,5822.2,5801.0,5822.2,97755,203531
04/06/2005,5818.2,5838.8,5810.9,5826.2,100964,218293
04/07/2005,5818.9,5870.0,5802.3,5851.4,107432,221853
04/08/2005,5874.0,5879.3,5852.1,5859.4,78801,225297
04/11/2005,5840.8,5874.0,5834.2,5864.7,85016,225667
04/12/2005,5856.1,5862.7,5815.6,5818.2,104752,227600
04/13/2005,5867.3,5877.3,5851.4,5857.4,102756,230378
04/14/2005,5839.5,5892.5,5828.9,5844.1,143470,243566
04/15/2005,5793.7,5802.3,5702.8,5703.5,214903,245443
04/18/2005,5605.3,5635.8,5570.8,5596.7,234759,240845
04/19/2005,5615.2,5625.2,5574.1,5594.7,150890,245858
04/20/2005,5617.9,5622.5,5511.7,5519.7,182326,241283
04/21/2005,5544.2,5617.9,5540.3,5615.2,165606,244539
04/22/2005,5609.9,5637.1,5590.7,5608.6,99806,246417
04/25/2005,5602.6,5658.4,5595.3,5645.8,98848,234039
04/26/2005,5648.4,5650.4,5602.6,5624.5,110358,217247
04/27/2005,5604.6,5614.6,5533.0,5596.7,206797,246049
04/28/2005,5602.0,5609.9,5534.3,5560.8,152106,254766
04/29/2005,5529.0,5601.3,5529.0,5583.4,159460,261865
05/02/2005,5607.9,5635.8,5594.0,5619.2,84257,252121
05/03/2005,5625.8,5653.0,5611.3,5648.4,95640,249111
05/04/2005,5655.0,5690.2,5621.2,5688.2,127461,249131
05/05/2005,5686.9,5728.0,5671.6,5685.6,125845,254589
05/06/2005,5710.1,5740.0,5686.9,5721.4,118921,256247
05/09/2005,5729.3,5729.3,5688.9,5724.7,83564,256844
05/10/2005,5720.1,5727.4,5634.5,5657.0,137802,260575
05/11/2005,5647.7,5684.2,5622.5,5659.0,156228,263144
05/12/2005,5676.3,5693.5,5656.4,5667.0,133012,264005
05/13/2005,5652.4,5696.8,5639.8,5671.0,107981,266628
05/16/2005,5662.3,5684.2,5653.0,5683.6,74094,266412
05/17/2005,5684.2,5684.9,5625.2,5655.7,112658,270844
05/18/2005,5684.2,5782.4,5673.0,5768.5,146477,275051
05/19/2005,5759.9,5801.0,5758.5,5790.4,107122,279001
05/20/2005,5795.7,5832.8,5781.8,5832.8,102168,281537
05/23/2005,5856.7,5870.0,5834.2,5870.0,86528,285923
05/24/2005,5864.7,5865.3,5824.2,5846.8,88277,281749
05/25/2005,5840.1,5853.4,5816.3,5830.2,92725,278848
05/26/2005,5842.8,5903.2,5838.1,5901.8,84365,283906
05/27/2005,5903.8,5915.8,5885.2,5915.8,0,0
05/30/2005,5907.1,5955.6,5897.9,5949.6,64141,281614
05/31/2005,5949.6,5952.9,5921.1,5949.6,91845,284554
06/01/2005,5945.0,6025.2,5934.3,6019.3,127514,286313
06/02/2005,6004.0,6033.9,5995.4,6029.2,111064,291243
06/03/2005,6043.8,6045.1,5967.5,5980.1,119154,287912
06/06/2005,6000.0,6005.3,5962.2,5992.1,83010,291194
06/07/2005,6000.0,6070.3,5994.7,6051.8,116207,294824
06/08/2005,6039.8,6064.4,6032.5,6049.1,94239,295521
06/09/2005,6048.5,6085.4,6022.1,6072.2,139499,299415
06/10/2005,6088.7,6108.5,6068.9,6087.4,132300,288263
06/13/2005,6112.5,6112.5,6062.3,6089.4,154064,281055
06/14/2005,6101.3,6109.8,6077.5,6109.8,207710,302581
06/15/2005,6106.5,6117.1,6019.4,6047.1,267659,271259
06/16/2005,6074.2,6089.4,6043.2,6073.5,330607,254917
06/17/2005,6088.7,6138.2,6085.4,6122.4,158483,171076
06/20/2005,6107.2,6110.5,6051.8,6101.3,93722,170538
06/21/2005,6113.1,6124.4,6097.3,6114.5,93379,168428
06/22/2005,6116.4,6150.8,6101.9,6134.3,115278,173678
06/23/2005,6138.2,6158.7,6100.6,6109.2,106908,174286
06/24/2005,6078.2,6087.4,6045.2,6045.8,108709,170376
06/27/2005,6022.1,6026.7,5979.8,5979.8,104328,172203
06/28/2005,6013.5,6064.3,6006.9,6058.4,84718,169331
06/29/2005,6060.3,6096.0,6047.1,6063.0,102195,167935
06/30/2005,6068.3,6110.5,6066.3,6101.9,92644,170641
07/01/2005,6071.6,6132.3,6070.9,6121.7,103515,176506
07/04/2005,6121.7,6136.2,6114.5,6131.6,32433,175446
07/05/2005,6126.3,6131.6,6068.3,6113.8,113643,176385
07/06/2005,6117.1,6148.8,6107.9,6121.1,103204,177927
07/07/2005,6084.8,6090.0,5894.0,6045.8,358901,220514
07/08/2005,6063.6,6123.7,6041.2,6117.1,134982,176980
07/11/2005,6129.0,6185.7,6125.0,6164.6,120060,184115
07/12/2005,6173.9,6192.3,6144.8,6188.4,111275,182245
07/13/2005,6171.2,6207.5,6169.9,6198.9,101193,184448
07/14/2005,6215.4,6248.4,6209.5,6230.0,108850,183440
07/15/2005,6230.6,6259.0,6214.1,6253.7,100943,188055
07/18/2005,6253.7,6270.2,6231.9,6254.4,80788,187572
07/19/2005,6259.7,6324.3,6250.4,6314.4,113161,188950
07/20/2005,6303.9,6371.2,6298.6,6371.2,121981,186005
07/21/2005,6369.2,6447.1,6363.9,6398.3,214556,192467
07/22/2005,6395.6,6427.3,6376.5,6411.5,91346,188356
07/25/2005,6416.1,6428.0,6381.8,6405.5,93144,191396
07/26/2005,6405.5,6434.6,6395.6,6415.4,91242,184832
07/27/2005,6414.1,6444.5,6409.5,6436.5,72140,185472
07/28/2005,6443.1,6494.6,6435.2,6492.7,100729,190519
07/29/2005,6492.0,6507.8,6451.7,6467.6,94401,188488
08/01/2005,6468.2,6504.5,6456.3,6484.1,83699,188727
08/02/2005,6480.1,6538.2,6479.4,6528.3,94712,190745
08/03/2005,6523.7,6532.3,6487.4,6521.0,96517,189251
08/04/2005,6516.4,6522.4,6402.9,6411.5,132200,191157
08/05/2005,6417.4,6442.5,6377.8,6389.0,116155,190856
08/08/2005,6403.5,6433.2,6379.8,6382.4,73820,191081
08/09/2005,6396.3,6502.6,6395.6,6501.2,103617,192009
08/10/2005,6519.7,6600.2,6518.4,6562.0,123205,194776
08/11/2005,6563.3,6592.3,6527.6,6547.4,129681,198893
08/12/2005,6573.2,6577.1,6504.5,6513.8,98562,194693
08/15/2005,6527.6,6548.1,6497.9,6540.8,71149,192600
08/16/2005,6544.1,6552.7,6437.2,6444.5,116468,191775
08/17/2005,6435.2,6472.2,6400.9,6461.6,139477,192020
08/18/2005,6449.1,6459.6,6389.7,6424.0,122330,189600
08/19/2005,6418.7,6521.7,6413.4,6506.5,132809,199488
08/22/2005,6525.0,6550.1,6476.1,6507.8,93941,199413
08/23/2005,6513.8,6521.0,6469.5,6485.4,121717,199997
08/24/2005,6485.4,6515.8,6443.1,6498.6,129536,202319
08/25/2005,6437.9,6454.4,6400.9,6404.2,133477,203423
08/26/2005,6424.7,6449.7,6317.7,6321.7,170112,204576
08/29/2005,6271.5,6395.0,6257.7,6389.7,133213,205857
08/30/2005,6385.1,6393.0,6320.4,6352.7,139893,204341
08/31/2005,6336.2,6392.3,6330.3,6388.4,170432,208475
09/01/2005,6411.5,6441.2,6360.0,6381.8,144100,211067
09/02/2005,6398.3,6425.3,6365.3,6398.9,56502,220487
09/05/2005,6407.5,6497.3,6400.2,6473.5,56502,220487
09/06/2005,6479.4,6573.2,6476.8,6572.5,138660,219191
09/07/2005,6583.1,6610.8,6560.0,6591.0,150470,224621
09/08/2005,6591.7,6602.2,6560.1,6587.1,121284,226209
09/09/2005,6606.8,6633.7,6572.6,6629.1,130477,231932
09/12/2005,6644.2,6650.7,6575.9,6589.0,179023,238241
09/13/2005,6603.5,6603.5,6464.3,6483.3,331467,277903
09/14/2005,6485.3,6515.5,6451.2,6476.1,270319,251209
09/15/2005,6482.0,6502.4,6453.1,6464.3,258702,257614
09/16/2005,6491.2,6604.1,6484.6,6592.3,233883,178682
09/19/2005,6434.1,6531.9,6427.5,6509.6,171832,188072
09/20/2005,6520.1,6558.8,6503.7,6531.2,111356,185826
09/21/2005,6499.7,6508.9,6399.3,6408.5,161225,190260
09/22/2005,6401.3,6431.5,6370.4,6420.3,145806,193451
09/23/2005,6426.2,6470.8,6407.2,6469.5,100336,191950
09/26/2005,6522.1,6602.2,6518.1,6568.0,129520,199398
09/27/2005,6572.6,6587.1,6540.4,6570.6,122585,205348
09/28/2005,6598.2,6667.2,6594.3,6629.7,145619,211502
09/29/2005,6667.8,6674.4,6601.5,6671.1,149930,224811
09/30/2005,6677.7,6680.9,6621.2,6652.7,103759,210315
10/03/2005,6677.7,6707.2,6658.6,6698.0,96781,211418
10/04/2005,6710.5,6784.7,6677.7,6765.0,130364,212307
10/05/2005,6717.7,6732.8,6665.2,6680.3,144200,212384
10/06/2005,6606.8,6628.4,6549.0,6551.6,185443,215990
10/07/2005,6589.0,6636.3,6570.0,6594.3,161644,210117
10/10/2005,6625.8,6666.5,6598.9,6612.7,103599,209449
10/11/2005,6624.5,6679.0,6610.0,6619.2,134816,210786
10/12/2005,6581.8,6616.6,6509.6,6519.4,195875,216984
10/13/2005,6535.8,6581.8,6473.5,6501.0,221601,213663
10/14/2005,6528.6,6581.1,6500.4,6552.9,167799,220861
10/17/2005,6572.0,6589.0,6518.1,6531.2,121208,223753
10/18/2005,6570.6,6580.5,6488.6,6498.4,144850,211154
10/19/2005,6426.2,6453.1,6357.3,6442.6,250016,212497
10/20/2005,6482.7,6498.4,6384.2,6384.2,185742,212009
10/21/2005,6381.6,6417.0,6348.7,6401.3,163113,222271
10/24/2005,6379.6,6482.0,6377.0,6481.4,122427,212483
10/25/2005,6485.3,6495.1,6373.7,6373.7,148476,223390
10/26/2005,6434.1,6476.1,6403.9,6428.8,174709,217906
10/27/2005,6407.8,6421.6,6310.7,6346.1,189758,224747
10/28/2005,6321.8,6398.0,6272.6,6394.0,186600,221226
10/31/2005,6432.8,6493.2,6427.5,6469.5,127027,219498
11/01/2005,6485.3,6501.0,6459.0,6471.5,114992,210501
11/02/2005,6485.9,6556.2,6438.7,6552.3,177318,213587
11/03/2005,6555.5,6601.5,6536.5,6583.8,148731,216794
11/04/2005,6577.2,6600.8,6550.3,6552.9,133226,218820
11/07/2005,6570.6,6626.4,6556.9,6614.6,109694,215595
11/08/2005,6622.5,6642.9,6570.0,6594.9,131715,220680
11/09/2005,6610.7,6649.4,6577.9,6631.0,127406,216209
11/10/2005,6627.1,6673.7,6580.5,6663.9,153637,217669
11/11/2005,6689.5,6703.3,6665.2,6696.0,84824,220729
11/14/2005,6689.5,6718.4,6677.0,6698.0,103870,219817
11/15/2005,6686.8,6745.9,6679.0,6717.0,126774,227489
11/16/2005,6719.7,6728.9,6659.9,6682.3,145418,231072
11/17/2005,6723.0,6748.6,6692.8,6713.8,121358,227510
11/18/2005,6771.5,6789.3,6718.4,6755.8,159249,229173
11/21/2005,6761.0,6837.9,6742.0,6805.7,113905,232176
11/22/2005,6812.2,6835.9,6787.3,6807.0,106230,236201
11/23/2005,6841.8,6851.6,6803.1,6832.6,0,0
11/24/2005,6825.4,6843.8,6799.8,6827.3,0,0
11/25/2005,6820.1,6845.1,6810.3,6823.4,42158,238931
11/28/2005,6873.3,6892.3,6766.3,6803.7,140294,245632
11/29/2005,6795.2,6862.8,6776.8,6822.1,156855,247709
11/30/2005,6812.2,6848.4,6789.9,6838.5,142194,253799
12/01/2005,6841.1,6918.6,6841.1,6918.6,138977,257270
12/02/2005,6960.6,6977.0,6933.1,6969.2,108687,260211
12/05/2005,6972.4,6974.4,6901.5,6922.5,103839,262450
12/06/2005,6930.4,6995.4,6926.5,6966.5,109465,259615
12/07/2005,6954.1,6975.7,6894.3,6906.1,145174,263295
12/08/2005,6876.1,6955.7,6862.4,6940.7,167598,267561
12/09/2005,6910.7,6959.6,6909.4,6938.8,121512,273359
12/12/2005,6972.7,7002.7,6944.6,6962.2,160927,287308
12/13/2005,6972.7,7017.7,6942.7,6977.3,280432,319278
12/14/2005,6979.9,6987.0,6929.0,6941.4,263577,332502
12/15/2005,6963.6,6968.1,6934.2,6949.9,222563,361079
12/16/2005,6962.9,7032.1,6962.9,7024.9,198660,195452
12/19/2005,7007.9,7034.7,6989.7,7024.9,58554,192865
12/20/2005,7000.1,7048.4,6988.3,7036.6,75704,196152
12/21/2005,7054.9,7091.4,7046.4,7084.9,63372,196848
12/22/2005,7071.2,7109.7,7070.6,7089.5,48311,198567
12/23/2005,7092.7,7122.1,7092.7,7112.3,33176,198791
12/27/2005,7120.2,7160.0,7112.3,7149.5,42566,202520
12/28/2005,7139.7,7167.8,7129.9,7150.8,43518,208897
12/29/2005,7174.3,7176.3,7135.2,7161.9,37183,207531
12/30/2005,7134.5,7143.6,7065.3,7096.7,37183,207531
01/02/2006,7109.7,7155.4,7101.2,7148.2,41343,209067
01/03/2006,7157.3,7232.4,7135.8,7156.0,128253,205253
01/04/2006,7231.1,7253.9,7183.4,7238.3,120609,206733
01/05/2006,7237.0,7250.0,7215.4,7229.8,103712,207849
01/06/2006,7238.3,7279.4,7220.0,7251.3,101609,214861
01/09/2006,7262.4,7280.7,7253.9,7266.3,91970,208963
01/10/2006,7240.9,7242.8,7189.3,7206.3,127592,207990
01/11/2006,7249.4,7263.7,7230.4,7246.7,106175,207934
01/12/2006,7240.2,7286.5,7223.3,7264.4,112976,209474
01/13/2006,7240.2,7255.2,7155.4,7186.7,146196,207694
01/16/2006,7171.1,7236.3,7152.8,7225.2,61215,206210
01/17/2006,7163.9,7173.7,7140.4,7154.7,124989,200574
01/18/2006,7049.0,7111.7,7028.2,7082.3,191040,207127
01/19/2006,7101.2,7141.0,7086.2,7114.3,130278,203697
01/20/2006,7116.2,7135.2,6940.1,7009.9,200282,208501
01/23/2006,6942.7,7008.6,6932.9,7006.0,144696,209967
01/24/2006,7007.3,7033.4,6968.8,6988.3,145940,207096
01/25/2006,7026.8,7127.3,7008.6,7106.5,198270,212878
01/26/2006,7138.4,7302.9,7130.6,7259.8,266569,246764
01/27/2006,7352.4,7400.7,7312.6,7396.2,176734,249422
01/30/2006,7382.5,7441.2,7354.4,7402.7,122843,248081
01/31/2006,7422.9,7458.8,7376.6,7434.0,166095,253731
02/01/2006,7402.0,7522.8,7390.3,7490.8,157209,256433
02/02/2006,7504.5,7539.1,7369.4,7390.9,194739,255521
02/03/2006,7419.0,7447.1,7345.3,7396.2,187536,254680
02/06/2006,7439.9,7463.4,7392.9,7413.8,117670,254180
02/07/2006,7442.5,7458.8,7363.5,7424.9,186299,257610
02/08/2006,7342.0,7470.6,7322.4,7415.1,163215,261637
02/09/2006,7463.4,7534.5,7455.5,7507.1,140574,254600
02/10/2006,7489.5,7518.8,7449.7,7465.3,145814,254067
02/13/2006,7448.4,7533.8,7433.4,7524.1,142843,252295
02/14/2006,7536.5,7586.0,7477.1,7537.1,169023,255956
02/15/2006,7543.0,7573.0,7499.9,7539.7,156630,257597
02/16/2006,7576.9,7585.4,7527.3,7567.1,131553,257263
02/17/2006,7561.2,7597.8,7546.9,7578.2,118665,262715
02/20/2006,7576.3,7587.3,7539.7,7576.3,46577,261194
02/21/2006,7604.3,7648.7,7554.7,7584.1,149431,265272
02/22/2006,7576.9,7676.7,7559.9,7657.2,144013,268139
02/23/2006,7673.5,7691.1,7607.6,7661.1,129505,255655
02/24/2006,7665.7,7683.9,7632.4,7664.3,107558,259861
02/27/2006,7688.5,7734.8,7673.5,7727.6,96957,266070
02/28/2006,7713.9,7731.6,7563.2,7574.3,182372,262527
03/01/2006,7596.5,7682.0,7578.9,7665.0,127527,263697
03/02/2006,7676.7,7689.8,7509.0,7545.6,210500,258240
03/03/2006,7554.1,7593.2,7430.1,7477.7,194456,257751
03/06/2006,7542.3,7545.6,7460.8,7512.3,131836,254306
03/07/2006,7471.2,7513.0,7441.2,7507.1,157734,259119
03/08/2006,7505.1,7522.1,7381.8,7418.4,209832,260420
03/09/2006,7501.3,7501.3,7433.9,7478.6,167364,258037
03/10/2006,7471.5,7596.6,7454.6,7570.7,189049,259726
03/13/2006,7629.0,7649.1,7613.4,7640.0,185537,271182
03/14/2006,7616.7,7684.7,7603.7,7658.2,223384,298651
03/15/2006,7682.8,7723.0,7663.3,7699.0,300022,322681
03/16/2006,7711.9,7711.9,7657.5,7695.7,288721,297306
03/17/2006,7709.4,7758.0,7645.8,7667.9,195949,209507
03/20/2006,7706.1,7741.8,7676.9,7700.3,108069,211558
03/21/2006,7706.1,7745.0,7629.0,7706.1,171093,214764
03/22/2006,7655.6,7770.3,7642.6,7748.9,168529,225415
03/23/2006,7761.9,7774.8,7725.6,7761.9,124215,222163
03/24/2006,7773.5,7796.9,7746.9,7787.8,104061,222737
03/27/2006,7793.6,7798.8,7690.6,7712.6,118260,222210
03/28/2006,7718.4,7750.2,7645.8,7682.8,147299,219178
03/29/2006,7690.6,7760.6,7653.0,7713.9,141220,222993
03/30/2006,7762.5,7817.6,7740.5,7807.9,145702,225387
03/31/2006,7780.0,7817.6,7749.5,7779.4,137033,229627
04/03/2006,7818.2,7861.7,7795.6,7857.8,128477,234918
04/04/2006,7839.0,7866.2,7813.1,7837.7,128597,240085
04/05/2006,7856.5,7871.4,7815.0,7859.1,118645,237437
04/06/2006,7877.2,7883.7,7829.9,7859.1,138372,238274
04/07/2006,7863.0,7877.9,7739.8,7760.6,182166,236870
04/10/2006,7752.1,7824.7,7746.3,7821.5,125954,243239
04/11/2006,7803.3,7816.9,7663.3,7695.7,177387,241584
04/12/2006,7683.4,7707.4,7632.9,7684.7,191694,270205
04/13/2006,7695.7,7717.8,7647.8,7705.5,191694,270205
04/18/2006,7702.2,7755.4,7638.1,7686.0,141074,268369
04/19/2006,7767.7,7833.1,7762.5,7802.7,170016,273905
04/20/2006,7807.9,7929.1,7805.3,7888.9,173645,277957
04/21/2006,7911.6,7952.4,7901.2,7937.5,161263,253739
04/24/2006,7878.5,7940.1,7869.4,7912.9,102499,252428
04/25/2006,7923.2,7953.0,7874.6,7914.2,139160,249927
04/26/2006,7930.4,7968.0,7914.2,7948.5,119193,258092
04/27/2006,7958.9,7959.5,7834.4,7892.8,224441,255403
04/28/2006,7872.0,7874.6,7803.3,7813.1,224441,255403
05/02/2006,7809.2,7891.5,7809.2,7868.8,111151,261209
05/03/2006,7898.6,7909.6,7752.8,7772.2,193815,282138
05/04/2006,7781.9,7868.1,7758.0,7850.6,158508,289037
05/05/2006,7857.1,7984.2,7857.1,7945.3,146780,289958
05/08/2006,7976.4,8001.0,7953.7,7958.2,97898,289846
05/09/2006,7964.7,7987.4,7923.2,7981.6,104784,290034
05/10/2006,7957.6,8008.1,7934.3,7956.9,110017,290642
05/11/2006,7956.9,8011.4,7829.3,7865.6,173909,288651
05/12/2006,7829.9,7855.8,7638.1,7691.9,260986,285678
05/15/2006,7627.0,7672.4,7511.7,7612.8,267816,284990
05/16/2006,7596.6,7663.3,7546.7,7608.2,216235,282632
05/17/2006,7643.9,7658.8,7339.9,7350.3,314341,291919
05/18/2006,7392.4,7426.8,7260.9,7359.4,326545,300118
05/19/2006,7349.0,7411.9,7316.6,7369.1,203309,294014
05/22/2006,7330.2,7330.2,7161.7,7183.7,277317,291027
05/23/2006,7236.9,7408.0,7233.0,7357.4,223212,280232
05/24/2006,7306.9,7340.6,7201.2,7260.2,284689,286327
05/25/2006,7289.4,7457.9,7231.0,7402.8,202348,280575
05/26/2006,7455.9,7515.6,7424.8,7507.8,0,0
05/29/2006,7494.8,7502.6,7459.8,7479.3,0,0
05/30/2006,7461.1,7475.4,7260.2,7277.1,237710,281200
05/31/2006,7206.4,7406.7,7182.4,7387.2,249386,281962
06/01/2006,7383.4,7453.3,7268.0,7401.5,197976,277937
06/02/2006,7458.5,7497.4,7341.2,7368.4,185297,274989
06/05/2006,7356.8,7387.2,7206.4,7296.5,152604,270670
06/06/2006,7220.0,7257.0,7104.7,7138.4,248861,276103
06/07/2006,7166.9,7230.4,7100.1,7191.5,234030,279901
06/08/2006,7052.6,7096.9,6956.1,7000.4,313483,283125
06/09/2006,7096.9,7113.7,6998.5,7088.6,182438,275330
06/12/2006,7036.5,7092.4,6936.1,6979.9,253935,287716
06/13/2006,6900.7,6918.7,6788.2,6858.3,451101,328396
06/14/2006,6851.8,6915.5,6795.9,6880.8,431118,343236
06/15/2006,6911.0,7098.9,6911.0,7035.2,327750,289472
06/16/2006,7100.8,7129.1,6955.4,6962.5,274991,199605
06/19/2006,7008.2,7104.7,6983.7,7048.1,156289,204475
06/20/2006,6968.3,7138.8,6965.1,7109.2,158607,195669
06/21/2006,7091.8,7175.4,7014.0,7127.2,182933,201250
06/22/2006,7211.5,7228.8,7122.7,7161.9,148446,205259
06/23/2006,7164.5,7202.4,7123.3,7161.9,117709,203888
06/26/2006,7183.8,7208.9,7125.2,7145.8,104910,205230
06/27/2006,7196.0,7196.0,7009.5,7069.9,151368,200766
06/28/2006,7003.7,7111.7,6997.2,7066.7,135175,203970
06/29/2006,7139.4,7333.7,7098.2,7221.1,162733,206199
06/30/2006,7327.2,7383.9,7285.4,7367.8,153590,202304
07/03/2006,7365.8,7417.3,7346.5,7385.1,63483,206649
07/04/2006,7413.4,7416.7,7362.6,7411.5,46307,207278
07/05/2006,7363.3,7388.4,7259.1,7279.6,132753,202131
07/06/2006,7311.8,7381.9,7287.4,7365.2,142490,210534
07/07/2006,7331.1,7400.6,7279.6,7349.8,168991,205455
07/10/2006,7344.0,7390.9,7286.7,7381.9,132718,199735
07/11/2006,7351.0,7354.3,7234.6,7272.6,171918,209808
07/12/2006,7326.6,7376.1,7230.8,7284.1,171344,208730
07/13/2006,7226.9,7234.6,7082.8,7151.0,201258,224716
07/14/2006,7064.8,7119.5,7004.3,7016.5,181634,214661
07/17/2006,7054.5,7060.3,6936.8,7000.4,201263,218960
07/18/2006,6990.2,7043.5,6936.1,6964.4,188306,208020
07/19/2006,7013.3,7198.6,6983.1,7159.3,209396,206939
07/20/2006,7208.9,7224.3,7106.6,7168.4,145066,204724
07/21/2006,7130.4,7159.3,7007.5,7045.5,176820,211385
07/24/2006,7062.2,7222.4,7052.6,7198.6,135257,208562
07/25/2006,7212.7,7264.2,7162.6,7189.6,155530,208506
07/26/2006,7217.9,7246.8,7177.4,7219.2,116437,207256
07/27/2006,7267.4,7322.7,7232.7,7314.4,145137,205862
07/28/2006,7284.8,7386.4,7260.3,7373.6,127243,214292
07/31/2006,7369.1,7376.8,7326.0,7338.8,91290,217845
08/01/2006,7340.8,7355.6,7212.1,7230.1,148195,212298
08/02/2006,7268.1,7364.6,7260.3,7332.4,117894,212668
08/03/2006,7345.3,7354.9,7219.2,7293.2,169238,214159
08/04/2006,7347.2,7414.7,7288.6,7383.9,144037,217984
08/07/2006,7263.6,7313.7,7246.2,7265.5,120211,217370
08/08/2006,7327.2,7331.1,7228.2,7293.2,115303,217305
08/09/2006,7297.7,7376.1,7243.6,7357.5,166589,214210
08/10/2006,7295.1,7315.0,7169.6,7274.5,208799,223193
08/11/2006,7304.7,7320.8,7227.5,7259.1,110326,220142
08/14/2006,7312.5,7357.5,7288.6,7345.3,93325,220653
08/15/2006,7307.9,7473.9,7302.2,7456.6,133913,227924
08/16/2006,7474.6,7525.4,7434.7,7493.9,128712,239163
08/17/2006,7506.1,7538.9,7484.2,7522.8,100989,230975
08/18/2006,7520.9,7543.4,7482.9,7501.6,108200,231291
08/21/2006,7507.4,7509.3,7441.8,7467.5,95391,231233
08/22/2006,7511.2,7521.5,7421.2,7502.9,134960,232607
08/23/2006,7497.7,7503.5,7425.7,7446.3,107079,231492
08/24/2006,7441.8,7539.5,7400.6,7495.8,153420,240506
08/25/2006,7490.6,7517.7,7450.1,7491.9,92462,236833
08/28/2006,7471.3,7566.6,7431.5,7545.3,101047,237675
08/29/2006,7555.0,7578.8,7520.9,7538.3,120492,236678
08/30/2006,7576.2,7583.3,7539.5,7565.9,103193,241174
08/31/2006,7576.8,7591.0,7523.5,7540.8,112268,239490
09/01/2006,7560.1,7610.3,7544.0,7568.5,42929,238774
09/04/2006,7599.4,7621.2,7589.1,7613.5,42929,238774
09/05/2006,7610.3,7616.1,7543.4,7571.7,130119,232859
09/06/2006,7585.9,7589.1,7464.3,7491.9,145520,235017
09/07/2006,7454.6,7471.3,7406.4,7440.5,147258,232904
09/08/2006,7459.8,7483.6,7432.1,7472.6,114417,234558
09/11/2006,7438.8,7512.2,7386.5,7492.4,221213,249183
09/12/2006,7489.2,7602.2,7435.0,7599.6,289772,254302
09/13/2006,7600.9,7617.5,7564.5,7611.1,328725,297355
09/14/2006,7611.8,7639.2,7580.5,7606.0,255951,268327
09/15/2006,7616.9,7664.7,7602.2,7630.9,198631,181273
09/18/2006,7648.8,7657.7,7586.9,7627.7,113948,185175
09/19/2006,7615.0,7631.5,7521.8,7558.2,189379,184616
09/20/2006,7560.7,7672.4,7555.0,7664.1,146177,185098
09/21/2006,7666.0,7693.4,7600.3,7618.8,142932,189012
09/22/2006,7620.7,7629.0,7534.5,7581.1,135708,189055
09/25/2006,7592.0,7657.1,7542.2,7585.6,136412,192055
09/26/2006,7637.9,7689.0,7620.7,7669.2,142760,196338
09/27/2006,7694.1,7715.8,7657.1,7699.2,149343,199512
09/28/2006,7706.9,7717.1,7678.1,7697.9,97103,203190
09/29/2006,7716.4,7747.7,7701.7,7715.8,107833,210930
10/02/2006,7747.1,7749.6,7664.7,7702.4,104391,209264
10/03/2006,7684.5,7745.1,7639.2,7696.6,143004,214283
10/04/2006,7711.3,7826.8,7707.5,7774.5,149208,222446
10/05/2006,7836.4,7837.0,7796.2,7809.6,120997,229381
10/06/2006,7812.8,7828.1,7775.1,7817.3,115274,230293
10/09/2006,7809.0,7829.4,7775.8,7812.8,69792,219198
10/10/2006,7827.5,7872.8,7820.5,7862.6,124668,221852
10/11/2006,7842.1,7879.2,7808.3,7854.9,128909,226030
10/12/2006,7865.1,7928.9,7847.9,7926.4,120027,224450
10/13/2006,7935.3,7948.1,7898.9,7937.9,119821,228067
10/16/2006,7949.4,7956.4,7910.4,7948.1,86996,229628
10/17/2006,7935.3,7935.3,7838.3,7883.0,170322,229430
10/18/2006,7878.5,7974.3,7878.5,7923.8,166811,236052
10/19/2006,7904.7,7961.5,7890.0,7922.6,141994,237754
10/20/2006,7946.8,7980.0,7925.1,7967.2,133676,240744
10/23/2006,7985.1,8021.5,7935.3,8018.9,143033,241404
10/24/2006,8008.1,8022.1,7988.9,8010.0,109614,242111
10/25/2006,8008.7,8060.4,7996.6,8056.6,124089,248650
10/26/2006,8057.2,8098.7,8040.6,8085.9,118177,250115
10/27/2006,8075.7,8080.8,7988.9,8011.9,149651,249220
10/30/2006,7998.5,8041.3,7960.9,8025.9,140067,254666
10/31/2006,8028.5,8061.0,7997.2,8033.0,150973,256845
11/01/2006,8043.2,8093.6,8015.7,8017.0,140606,272297
11/02/2006,8025.9,8070.0,7946.8,7976.8,207857,262565
11/03/2006,7988.9,8046.4,7964.7,7991.5,155930,260965
11/06/2006,7999.1,8129.3,7998.5,8126.8,159982,266489
11/07/2006,8111.5,8153.6,8108.3,8131.3,122215,265918
11/08/2006,8124.9,8156.1,8094.2,8156.1,143750,268204
11/09/2006,8147.2,8158.7,8108.3,8112.1,123304,273023
11/10/2006,8128.7,8153.0,8079.6,8145.9,135137,275974
11/13/2006,8140.2,8201.5,8124.9,8178.5,134314,278375
11/14/2006,8192.5,8221.9,8147.8,8220.6,174629,294152
11/15/2006,8217.4,8255.1,8202.1,8234.6,138688,283529
11/16/2006,8230.2,8267.8,8212.3,8251.2,128453,281095
11/17/2006,8236.6,8257.0,8189.3,8232.7,174937,296323
11/20/2006,8200.8,8266.5,8145.9,8251.9,183704,296986
11/21/2006,8248.7,8289.5,8244.9,8271.0,107274,292991
11/22/2006,8292.7,8310.6,8255.1,8293.4,0,0
11/23/2006,8297.2,8308.0,8263.4,8282.5,0,0
11/24/2006,8271.0,8276.8,8142.7,8158.7,189799,294949
11/27/2006,8173.4,8211.0,8009.4,8009.4,252086,291042
11/28/2006,8037.4,8065.5,7988.9,8040.0,253740,285543
11/29/2006,8060.4,8142.1,8050.8,8138.3,181953,283849
11/30/2006,8147.8,8184.9,8039.4,8083.4,198954,290750
12/01/2006,8093.6,8130.6,7920.0,7986.4,215783,284978
12/04/2006,7977.4,8063.0,7962.1,8063.0,156628,287724
12/05/2006,8059.1,8156.1,8033.6,8147.8,206873,287390
12/06/2006,8143.4,8158.7,8101.9,8129.3,141191,286025
12/07/2006,8121.7,8227.4,8112.9,8187.5,193552,288918
12/08/2006,8164.1,8239.4,8114.8,8216.6,207519,284241
12/11/2006,8234.3,8272.3,8232.4,8259.6,205434,309014
12/12/2006,8257.1,8281.8,8236.2,8255.2,352792,334867
12/13/2006,8248.2,8348.8,8246.3,8333.0,324080,345682
12/14/2006,8350.7,8392.4,8329.2,8392.4,281862,370306
12/15/2006,8399.4,8431.6,8370.9,8395.6,199077,224497
12/18/2006,8405.1,8443.7,8386.1,8394.3,91757,227478
12/19/2006,8386.1,8397.5,8326.0,8393.7,162310,229700
12/20/2006,8413.3,8431.0,8369.7,8374.1,78858,229622
12/21/2006,8376.0,8413.3,8345.6,8360.2,89010,231295
12/22/2006,8379.1,8388.0,8276.1,8288.1,89010,231295
12/27/2006,8333.0,8446.8,8331.1,8446.8,71992,229488
12/28/2006,8444.9,8448.1,8413.3,8432.9,61626,229630
12/29/2006,8430.4,8444.3,8406.3,8414.6,24756,228812
01/02/2007,8442.4,8528.4,8436.7,8522.7,62215,227834
01/03/2007,8512.6,8543.0,8443.0,8482.2,121065,228802
01/04/2007,8478.4,8520.2,8450.0,8505.6,142901,231671
01/05/2007,8486.0,8489.2,8388.0,8401.9,149513,231590
01/08/2007,8395.0,8443.7,8364.0,8434.2,161943,234515
01/09/2007,8462.0,8491.7,8376.6,8420.3,169942,236770
01/10/2007,8380.4,8401.9,8315.3,8401.3,211787,238386
01/11/2007,8402.5,8529.7,8365.9,8499.3,219604,244072
01/12/2007,8494.3,8553.7,8480.3,8553.7,69423,239305
01/15/2007,8564.5,8586.6,8556.9,8562.6,69423,239305
01/16/2007,8570.8,8584.1,8531.6,8560.7,152947,239818
01/17/2007,8546.7,8568.2,8489.8,8535.4,176247,236442
01/18/2007,8544.2,8572.0,8471.5,8481.0,194013,234526
01/19/2007,8484.8,8590.4,8458.8,8574.6,206845,236213
01/22/2007,8597.3,8604.3,8481.0,8499.9,170693,231305
01/23/2007,8505.6,8533.5,8425.3,8507.5,207454,235138
01/24/2007,8524.0,8596.1,8493.6,8593.5,178960,251477
01/25/2007,8591.0,8609.4,8484.1,8484.1,188455,258353
01/26/2007,8482.9,8555.6,8464.5,8532.8,198458,261690
01/29/2007,8520.8,8566.4,8492.4,8537.9,125941,265430
01/30/2007,8549.3,8641.0,8525.2,8629.0,181090,269832
01/31/2007,8615.0,8677.0,8586.0,8668.2,172409,274726
02/01/2007,8672.0,8733.9,8669.4,8730.2,169878,277258
02/02/2007,8723.8,8768.7,8708.0,8755.4,136547,281603
02/05/2007,8733.9,8751.0,8715.6,8741.5,94443,280793
02/06/2007,8750.4,8770.0,8709.9,8743.4,140564,287496
02/07/2007,8739.0,8795.9,8737.1,8776.3,112374,288942
02/08/2007,8770.6,8780.7,8694.1,8756.7,170868,288748
02/09/2007,8776.3,8792.1,8703.0,8722.6,108614,293545
02/12/2007,8713.7,8740.3,8683.4,8708.6,147694,294016
02/13/2007,8727.6,8772.5,8709.9,8772.5,126564,296649
02/14/2007,8782.0,8841.5,8761.8,8840.8,149274,295460
02/15/2007,8833.9,8842.1,8813.6,8828.2,111419,296359
02/16/2007,8815.5,8852.8,8802.2,8841.5,65277,302359
02/19/2007,8843.4,8869.3,8841.5,8854.1,65277,302359
02/20/2007,8864.2,8878.8,8794.0,8876.9,136257,303750
02/21/2007,8874.3,8880.7,8775.7,8820.0,172957,304176
02/22/2007,8852.8,8887.6,8837.7,8866.8,156204,312197
02/23/2007,8868.0,8871.8,8825.6,8869.9,146973,316664
02/26/2007,8870.6,8920.5,8868.0,8900.3,130511,320940
02/27/2007,8881.3,8881.3,8387.4,8419.6,130511,320940
02/28/2007,8487.3,8586.0,8458.2,8512.6,420254,324854
03/01/2007,8458.8,8558.8,8288.7,8395.0,479136,320600
03/02/2007,8386.1,8487.9,8286.8,8288.7,315401,315870
03/05/2007,8174.9,8312.7,8122.4,8183.7,344258,319487
03/06/2007,8278.0,8415.8,8278.0,8405.7,257204,324372
03/07/2007,8374.7,8413.9,8335.5,8352.6,190921,325666
03/08/2007,8428.2,8491.4,8391.4,8458.9,214157,337482
03/09/2007,8463.3,8518.9,8421.4,8479.5,242900,333581
03/12/2007,8512.7,8528.9,8432.0,8487.6,350797,349955
03/13/2007,8478.9,8491.4,8258.8,8372.6,585098,389180
03/14/2007,8228.8,8278.8,8107.5,8153.1,572322,384988
03/15/2007,8280.7,8326.3,8212.5,8295.1,437054,397324
03/16/2007,8257.5,8348.2,8235.7,8305.1,301708,245102
03/19/2007,8386.4,8427.0,8364.5,8417.6,160547,251709
03/20/2007,8419.5,8460.1,8369.5,8451.4,179529,248897
03/21/2007,8442.6,8615.2,8435.1,8612.1,174293,260101
03/22/2007,8624.0,8666.5,8586.4,8634.0,224930,264355
03/23/2007,8630.8,8709.6,8612.1,8702.1,172758,269346
03/26/2007,8699.0,8705.2,8577.1,8682.1,192409,270040
03/27/2007,8666.5,8684.0,8622.7,8664.0,176703,269385
03/28/2007,8619.0,8652.7,8559.6,8600.2,201728,277160
03/29/2007,8644.6,8709.0,8630.8,8691.5,167705,287162
03/30/2007,8704.6,8778.4,8675.2,8728.4,206840,290821
04/02/2007,8709.0,8780.9,8683.4,8774.7,151124,301600
04/03/2007,8786.5,8903.5,8786.5,8903.5,172822,307388
04/04/2007,8914.1,8928.5,8867.2,8918.5,153496,325566
04/05/2007,8911.6,8976.6,8899.1,8976.6,153496,325566
04/10/2007,8956.6,9043.5,8953.5,9038.5,162213,323471
04/11/2007,9020.4,9066.0,8980.4,8992.9,168905,324510
04/12/2007,9001.6,9046.0,8920.3,9038.5,196260,328113
04/13/2007,9013.5,9089.2,9002.3,9089.2,163820,331123
04/16/2007,9110.4,9250.5,9101.7,9242.4,174641,329765
04/17/2007,9215.5,9271.1,9175.5,9241.7,207094,338318
04/18/2007,9224.2,9234.2,9114.2,9175.5,239431,340939
04/19/2007,9111.7,9152.3,8999.8,9117.3,242875,349473
04/20/2007,9142.9,9271.1,9137.9,9233.0,219304,361449
04/23/2007,9239.9,9254.3,9181.1,9229.9,169299,356445
04/24/2007,9212.4,9233.6,9082.3,9160.5,249105,361129
04/25/2007,9150.5,9276.8,9137.9,9231.1,196524,377260
04/26/2007,9298.0,9326.8,9253.6,9288.0,176158,386128
04/27/2007,9293.0,9323.7,9220.5,9298.0,178389,392844
04/30/2007,9281.1,9348.0,9249.2,9277.4,178389,392844
05/02/2007,9313.0,9394.3,9313.0,9391.8,155624,414980
05/03/2007,9378.1,9406.2,9326.2,9395.6,193254,430183
05/04/2007,9398.7,9453.7,9376.2,9446.8,158151,434974
05/07/2007,9471.9,9476.9,9427.5,9461.8,85628,433146
05/08/2007,9430.0,9443.7,9309.9,9389.9,212224,426245
05/09/2007,9401.2,9434.3,9326.8,9430.0,167771,429704
05/10/2007,9416.8,9417.5,9219.9,9226.1,213651,434154
05/11/2007,9244.9,9416.2,9170.5,9410.6,271762,433237
05/14/2007,9421.8,9450.6,9308.7,9348.0,161455,430368
05/15/2007,9316.8,9440.6,9306.8,9366.8,236358,441447
05/16/2007,9377.4,9438.7,9358.7,9436.8,171115,425442
05/17/2007,9439.3,9452.5,9385.6,9411.8,120275,426162
05/18/2007,9386.8,9556.9,9381.8,9556.9,208024,429847
05/21/2007,9557.5,9585.0,9527.5,9537.5,131696,430357
05/22/2007,9548.8,9625.7,9537.5,9593.2,153128,437183
05/23/2007,9595.0,9718.8,9595.0,9675.1,188863,444032
05/24/2007,9663.8,9748.2,9596.9,9615.7,242333,445965
05/25/2007,9621.9,9728.2,9598.8,9722.6,161550,436603
05/29/2007,9729.5,9759.5,9690.7,9738.2,144600,444646
05/30/2007,9698.2,9800.8,9615.7,9800.8,220864,450716
05/31/2007,9812.6,9890.2,9808.3,9858.9,198504,451604
06/01/2007,9886.4,10023.4,9878.3,9987.7,226103,475588
06/04/2007,9973.3,10030.9,9936.4,9995.2,187485,478100
06/05/2007,9982.7,10020.9,9833.3,9892.7,309812,485721
06/06/2007,9919.6,9927.1,9619.4,9634.4,341618,465401
06/07/2007,9671.5,9732.7,9442.8,9447.8,342568,472136
06/08/2007,9470.0,9588.1,9374.9,9588.1,364587,493230
06/11/2007,9581.9,9696.2,9538.6,9650.5,276205,487625
06/12/2007,9611.6,9677.7,9534.9,9538.0,550997,520056
06/13/2007,9560.3,9662.9,9492.9,9661.0,530970,541102
06/14/2007,9677.7,9827.2,9677.7,9802.5,479003,490091
06/15/2007,9814.3,10037.4,9811.2,10015.1,276293,331100
06/18/2007,10026.8,10110.3,10007.7,10032.4,166811,332105
06/19/2007,10041.1,10087.4,10007.1,10064.5,154532,330853
06/20/2007,10076.3,10156.0,9964.4,9972.5,202919,338804
06/21/2007,10029.3,10062.7,9869.3,10008.3,290856,340049
06/22/2007,9995.3,10005.2,9825.4,9858.1,176384,342394
06/25/2007,9879.1,9948.4,9772.2,9810.6,229097,343157
06/26/2007,9826.0,9864.3,9756.2,9777.2,241585,344201
06/27/2007,9739.5,9820.4,9672.1,9819.8,215797,353122
06/28/2007,9850.1,9942.2,9814.9,9892.7,166882,347382
06/29/2007,9921.2,9994.7,9831.6,9912.5,184206,343894
07/02/2007,9934.8,9955.8,9869.3,9949.6,152462,359666
07/03/2007,9963.8,10059.0,9963.8,10033.0,51712,354690
07/04/2007,10025.0,10086.8,10023.8,10065.2,51712,354690
07/05/2007,10080.6,10120.8,9904.5,9958.3,222900,355453
07/06/2007,9939.7,10036.1,9901.4,10036.1,155400,355618
07/09/2007,10073.2,10117.7,10040.4,10065.2,103097,357833
07/10/2007,10060.8,10106.0,9765.4,9798.8,253290,359037
07/11/2007,9793.9,9872.4,9718.5,9872.4,239405,362932
07/12/2007,9887.8,10115.2,9815.5,10112.1,201044,373778
07/13/2007,10119.5,10153.5,10040.4,10084.9,174803,372692
07/16/2007,10066.4,10124.5,10043.5,10062.1,122620,372909
07/17/2007,10068.3,10083.1,9952.7,9992.2,188976,385059
07/18/2007,9885.3,9909.4,9770.4,9865.6,224271,380266
07/19/2007,9908.8,9966.9,9879.1,9936.0,164423,391688
07/20/2007,9910.0,9961.3,9735.2,9771.6,216687,390643
07/23/2007,9817.4,9887.2,9746.3,9858.1,163113,393113
07/24/2007,9845.8,9870.5,9561.5,9600.4,242303,390725
07/25/2007,9630.7,9686.3,9529.4,9615.9,297374,386239
07/26/2007,9604.8,9636.9,9183.3,9269.8,410372,379770
07/27/2007,9267.3,9368.1,9166.6,9191.9,390366,394879
07/30/2007,9268.0,9384.8,9166.0,9367.5,265657,404706
07/31/2007,9351.4,9489.8,9318.6,9318.6,249488,413136
08/01/2007,9177.7,9485.5,9162.3,9421.2,320809,392911
08/02/2007,9363.1,9433.0,9310.6,9402.1,186922,388387
08/03/2007,9405.8,9405.8,9209.9,9242.6,220376,384304
08/06/2007,9208.0,9393.4,9149.9,9370.5,230195,376058
08/07/2007,9332.2,9449.0,9271.0,9393.4,195045,374772
08/08/2007,9416.3,9479.9,9338.4,9420.6,191589,367562
08/09/2007,9440.4,9440.4,9212.3,9232.7,325101,371674
08/10/2007,9128.9,9243.2,9060.3,9216.7,369264,350368
08/13/2007,9266.1,9287.7,9175.3,9213.0,192014,339258
08/14/2007,9195.7,9301.9,9163.5,9208.0,222390,349191
08/15/2007,9142.5,9290.2,9083.2,9083.2,261305,333758
08/16/2007,9041.2,9170.9,8924.4,9170.9,400800,307312
08/17/2007,9016.4,9304.4,8927.4,9214.2,379957,325100
08/20/2007,9211.7,9263.6,9159.8,9217.9,173405,315794
08/21/2007,9242.6,9269.8,9115.3,9180.8,225119,291972
08/22/2007,9200.0,9333.5,9195.7,9331.6,188570,301872
08/23/2007,9408.2,9426.8,9255.6,9307.5,157177,303410
08/24/2007,9289.0,9382.9,9249.4,9374.9,140170,306884
08/27/2007,9354.5,9358.8,9249.4,9275.4,93823,311460
08/28/2007,9245.1,9269.8,9117.8,9127.7,163375,304392
08/29/2007,9133.9,9311.2,9112.8,9305.0,187239,297324
08/30/2007,9285.3,9344.0,9190.1,9279.7,186080,298254
08/31/2007,9392.2,9527.5,9338.4,9492.3,49089,298618
09/03/2007,9491.7,9513.3,9452.1,9469.4,49089,298618
09/04/2007,9457.1,9605.4,9409.5,9572.6,158584,305041
09/05/2007,9513.9,9559.6,9385.4,9420.0,193187,301548
09/06/2007,9449.0,9476.2,9295.8,9429.3,216946,298148
09/07/2007,9400.8,9444.7,9184.5,9204.9,232084,298433
09/10/2007,9182.7,9243.2,9116.6,9172.8,213683,304790
09/11/2007,9220.4,9277.2,9175.9,9253.1,160630,311098
09/12/2007,9221.6,9255.6,9185.1,9235.2,146934,311776
09/13/2007,9231.5,9342.2,9204.6,9297.0,164114,314585
09/14/2007,9297.6,9312.9,9215.6,9300.6,167990,308948
09/17/2007,9282.9,9322.7,9202.2,9274.3,255507,319710
09/18/2007,9235.8,9525.1,9215.0,9492.1,409658,354522
09/19/2007,9538.6,9618.7,9528.2,9560.6,420646,358782
09/20/2007,9550.8,9588.7,9520.2,9553.2,275179,353110
09/21/2007,9535.5,9657.2,9531.8,9627.9,247920,215771
09/24/2007,9632.1,9641.3,9588.7,9595.4,107857,218935
09/25/2007,9583.8,9629.7,9542.2,9625.4,163234,218053
09/26/2007,9649.9,9671.9,9626.6,9657.2,133565,224448
09/27/2007,9700.0,9741.6,9683.5,9722.0,150270,230304
09/28/2007,9730.0,9741.6,9581.4,9704.3,157043,228510
10/01/2007,9697.0,9833.4,9678.0,9833.4,164361,234289
10/02/2007,9816.2,9845.6,9787.5,9833.4,146695,242216
10/03/2007,9837.0,9843.1,9789.9,9808.3,112029,233173
10/04/2007,9819.9,9834.6,9765.5,9807.1,126107,240122
10/05/2007,9793.0,9894.5,9793.0,9878.0,141439,247844
10/08/2007,9863.9,9884.7,9811.9,9854.1,83047,255026
10/09/2007,9863.9,9892.1,9813.8,9890.2,130904,263300
10/10/2007,9882.3,9886.6,9794.8,9837.6,130532,263307
10/11/2007,9883.5,9945.3,9827.2,9849.3,179416,275745
10/12/2007,9837.0,9932.4,9825.4,9896.3,148673,268782
10/15/2007,9897.0,9911.0,9798.5,9831.5,143447,268328
10/16/2007,9828.5,9834.6,9769.7,9778.9,164060,264972
10/17/2007,9794.2,9882.3,9788.1,9853.5,184872,269528
10/18/2007,9870.7,9879.2,9723.9,9787.5,172343,271111
10/19/2007,9733.1,9788.1,9614.4,9614.4,194490,272794
10/22/2007,9566.1,9650.5,9549.0,9639.5,182795,273911
10/23/2007,9668.2,9704.3,9633.4,9703.7,133291,274989
10/24/2007,9660.9,9734.3,9615.0,9716.5,194278,274532
10/25/2007,9706.1,9809.5,9614.4,9767.3,205056,289676
10/26/2007,9793.6,9816.2,9747.7,9816.2,153031,291956
10/29/2007,9867.6,9873.7,9826.0,9850.5,97467,299044
10/30/2007,9838.2,9846.2,9764.9,9785.6,88101,300644
10/31/2007,9808.9,9908.0,9783.8,9886.0,135483,302917
11/01/2007,9867.6,9881.7,9606.4,9610.7,201830,307485
11/02/2007,9624.8,9695.1,9578.9,9674.9,210783,317218
11/05/2007,9614.4,9655.4,9557.5,9626.6,154556,314688
11/06/2007,9649.9,9682.9,9615.6,9678.0,136285,320463
11/07/2007,9623.6,9654.2,9512.9,9519.0,230444,332491
11/08/2007,9482.3,9709.2,9470.1,9676.2,243506,320318
11/09/2007,9667.0,9733.7,9576.5,9577.7,241186,315760
11/12/2007,9564.2,9623.6,9473.1,9482.3,171278,317401
11/13/2007,9530.6,9650.5,9528.2,9641.3,158526,314841
11/14/2007,9656.0,9679.8,9520.8,9544.7,186958,313223
11/15/2007,9548.3,9586.9,9296.4,9331.8,242643,310483
11/16/2007,9354.5,9405.8,9288.4,9383.2,199177,311089
11/19/2007,9359.4,9383.2,9205.2,9213.8,203577,311313
11/20/2007,9279.2,9378.9,9243.2,9333.1,220798,300459
11/21/2007,9257.8,9298.8,9175.3,9212.0,103962,293296
11/22/2007,9236.4,9309.8,9190.6,9286.6,103962,293296
11/23/2007,9276.8,9364.9,9260.9,9333.1,108553,296197
11/26/2007,9410.7,9427.2,9134.9,9291.5,142543,303169
11/27/2007,9215.6,9294.5,9133.7,9245.0,205371,309723
11/28/2007,9265.8,9555.1,9248.0,9534.9,200807,297222
11/29/2007,9539.2,9563.6,9481.1,9530.6,158338,298087
11/30/2007,9558.1,9686.0,9542.8,9660.3,172629,301131
12/03/2007,9621.7,9678.0,9596.1,9607.7,109920,311571
12/04/2007,9595.4,9629.1,9548.3,9576.5,130150,299391
12/05/2007,9619.3,9750.2,9613.8,9736.7,131028,311140
12/06/2007,9772.8,9823.6,9694.5,9816.8,170700,317871
12/07/2007,9791.2,9817.5,9750.2,9785.6,113244,314134
12/10/2007,9767.9,9873.1,9738.6,9842.5,126196,319088
12/11/2007,9863.3,9889.0,9632.7,9669.4,166423,325829
12/12/2007,9725.1,9950.8,9709.2,9871.3,229231,343172
12/13/2007,9845.8,9854.9,9714.4,9795.6,213751,340945
12/14/2007,9769.5,9796.2,9659.3,9670.2,176981,348252
12/17/2007,9645.3,9652.6,9524.8,9529.7,207737,364184
12/18/2007,9553.9,9741.7,9536.9,9642.9,302844,386429
12/19/2007,9629.6,9656.2,9531.5,9602.9,315242,399233
12/20/2007,9602.9,9701.1,9599.9,9672.0,211253,378404
12/21/2007,9715.0,9830.7,9709.5,9816.2,211253,378404
12/27/2007,9884.6,9997.9,9760.4,9783.4,63090,193227
12/28/2007,9806.5,9873.1,9779.8,9866.4,63090,193227
01/02/2008,9819.2,9910.0,9658.1,9692.6,135508,202314
01/03/2008,9734.4,9745.9,9606.6,9664.7,136470,206389
01/04/2008,9672.0,9676.8,9493.3,9510.9,166683,212753
01/07/2008,9497.6,9610.2,9491.5,9564.2,162039,223873
01/08/2008,9561.1,9686.5,9474.5,9496.3,173304,224571
01/09/2008,9532.1,9578.1,9465.4,9559.3,204160,228242
01/10/2008,9527.8,9569.6,9405.5,9487.3,225404,244158
01/11/2008,9412.8,9464.2,9354.0,9394.0,175970,248205
01/14/2008,9410.3,9481.2,9383.7,9468.5,126972,242235
01/15/2008,9400.6,9432.1,9228.0,9254.1,236799,260724
01/16/2008,9168.6,9228.6,9099.0,9119.6,281702,271106
01/17/2008,9158.4,9216.5,8930.0,8960.9,260620,273757
01/18/2008,9043.3,9160.2,8894.9,8941.5,0,0
01/21/2008,8867.6,8885.2,8240.1,8271.0,0,0
01/22/2008,8141.4,8399.4,7811.9,8337.0,538320,240265
01/23/2008,8251.0,8400.0,7730.1,8134.7,445223,246983
01/24/2008,8178.9,8358.8,8132.9,8344.9,282968,225947
01/25/2008,8425.4,8537.5,8189.2,8209.8,228158,220188
01/28/2008,8013.6,8395.8,8005.1,8394.6,222819,230211
01/29/2008,8379.4,8446.6,8306.7,8410.9,175655,222083
01/30/2008,8360.0,8501.2,8312.2,8332.2,169910,224503
01/31/2008,8304.3,8470.9,8149.8,8389.1,237392,222466
02/01/2008,8430.3,8571.4,8408.5,8528.4,212549,223462
02/04/2008,8554.5,8596.3,8462.4,8500.5,124156,225598
02/05/2008,8507.2,8517.5,8152.9,8160.1,206276,230907
02/06/2008,8150.4,8355.2,8129.9,8241.3,183305,233017
02/07/2008,8242.5,8324.3,8099.6,8276.4,231172,233222
02/08/2008,8274.0,8344.3,8146.8,8226.8,173532,231761
02/11/2008,8187.4,8291.6,8138.3,8254.0,148343,233884
02/12/2008,8253.4,8495.1,8209.2,8413.3,200925,237283
02/13/2008,8393.3,8552.0,8356.4,8533.3,159135,236776
02/14/2008,8575.1,8589.0,8414.5,8428.5,162430,235562
02/15/2008,8448.5,8530.2,8263.7,8307.9,84130,234738
02/18/2008,8393.9,8510.8,8357.6,8455.7,84130,234738
02/19/2008,8453.3,8610.8,8376.4,8479.3,197284,242686
02/20/2008,8431.5,8507.2,8326.1,8478.7,200324,250534
02/21/2008,8501.2,8531.4,8312.8,8335.8,182708,241762
02/22/2008,8345.5,8364.3,8215.3,8334.6,177234,243586
02/25/2008,8366.1,8427.9,8292.8,8427.9,147346,244102
02/26/2008,8412.1,8538.7,8387.9,8499.3,179658,241137
02/27/2008,8495.7,8526.6,8356.4,8498.1,183672,240019
02/28/2008,8446.6,8497.5,8317.6,8334.6,168131,238373
02/29/2008,8317.6,8338.2,8105.0,8120.2,168131,238373
03/03/2008,8029.3,8164.4,8014.8,8109.3,170061,242134
03/04/2008,8107.4,8158.9,7910.6,7938.4,210188,256938
03/05/2008,8002.7,8132.9,7988.1,8075.3,177853,246025
03/06/2008,8116.5,8120.2,7926.3,7926.9,177853,246025
03/07/2008,7922.7,7966.3,7818.5,7861.5,179242,248652
03/10/2008,7819.1,7933.6,7761.0,7770.7,206525,248431
03/11/2008,7834.3,8054.1,7802.2,8041.4,254554,249995
03/12/2008,8006.3,8086.8,7923.9,7945.7,219487,254393
03/13/2008,7884.6,7970.3,7765.3,7924.1,252691,257660
03/14/2008,7888.2,8037.4,7707.7,7764.7,327821,265026
03/17/2008,7602.2,7656.2,7487.7,7601.6,421739,304732
03/18/2008,7611.2,7859.4,7582.4,7831.2,383326,324866
03/19/2008,7873.8,7873.8,7613.6,7613.6,439078,355129
03/20/2008,7649.6,7763.5,7603.4,7735.9,439078,355129
03/25/2008,7915.7,7956.5,7857.0,7921.1,144230,198867
03/26/2008,7907.9,7928.3,7830.6,7831.8,129561,200366
03/27/2008,7841.4,8012.9,7837.8,7916.9,159413,199842
03/28/2008,7979.9,8017.7,7878.6,7904.4,114457,198323
03/31/2008,7896.6,7963.7,7787.5,7927.7,160312,199190
04/01/2008,7913.3,8232.3,7860.0,8219.7,200769,203645
04/02/2008,8216.7,8246.1,8146.5,8196.9,158098,204164
04/03/2008,8226.9,8236.5,8107.6,8159.7,158396,208070
04/04/2008,8198.7,8246.7,8099.8,8186.7,439078,334964
04/07/2008,8216.7,8284.4,8213.7,8238.3,109007,214951
04/08/2008,8196.3,8213.1,8137.0,8193.9,119841,213643
04/09/2008,8163.3,8214.3,8067.4,8099.8,119841,213643
04/10/2008,8110.6,8138.8,7993.1,8138.8,181735,218823
04/11/2008,8174.7,8189.1,7921.7,7937.3,184639,219785
04/14/2008,7931.9,7970.9,7880.4,7943.9,130591,217703
04/15/2008,7974.5,8015.3,7888.8,8004.5,157059,216056
04/16/2008,8035.6,8155.5,7979.3,8150.7,165199,215184
04/17/2008,8145.4,8152.5,8056.0,8122.0,148744,219479
04/18/2008,8135.2,8294.0,8111.2,8249.1,152310,223967
04/21/2008,8262.3,8277.2,8155.5,8237.1,111698,222757
04/22/2008,8204.1,8238.9,8064.4,8104.6,159181,226703
04/23/2008,8117.2,8237.1,8041.0,8199.9,186827,226621
04/24/2008,8171.7,8298.2,8109.4,8261.7,197159,232178
04/25/2008,8283.8,8387.5,8265.8,8366.6,145322,233407
04/28/2008,8361.2,8410.9,8339.0,8347.4,106546,235433
04/29/2008,8370.2,8370.2,8276.0,8320.4,115915,238804
04/30/2008,8319.8,8409.7,8267.0,8336.6,115915,238804
05/02/2008,8448.1,8555.4,8443.9,8489.5,147354,238777
05/05/2008,8462.5,8529.6,8455.3,8493.7,75370,239877
05/06/2008,8510.4,8530.8,8401.9,8523.6,133355,241899
05/07/2008,8499.7,8570.4,8442.1,8450.5,132890,242359
05/08/2008,8466.7,8541.0,8448.7,8506.8,123812,242715
05/09/2008,8464.9,8474.5,8388.1,8443.9,130262,246007
05/12/2008,8464.9,8521.8,8443.3,8511.0,85490,244503
05/13/2008,8527.2,8533.8,8437.9,8511.0,146504,248600
05/14/2008,8521.2,8556.6,8431.9,8506.2,153330,247616
05/15/2008,8506.8,8593.2,8470.9,8574.0,131448,246358
05/16/2008,8560.8,8683.1,8558.4,8661.5,173002,252592
05/19/2008,8660.3,8716.7,8624.9,8672.9,102127,250887
05/20/2008,8666.3,8666.3,8544.0,8574.0,140126,249696
05/21/2008,8572.8,8607.6,8385.7,8395.9,179892,257701
05/22/2008,8431.3,8532.6,8396.5,8509.2,143313,259312
05/23/2008,8506.8,8514.0,8338.4,8353.4,36028,258738
05/26/2008,8355.8,8378.6,8317.4,8355.8,36028,258738
05/27/2008,8376.8,8427.1,8304.8,8415.1,156782,255737
05/28/2008,8386.9,8518.8,8360.6,8480.5,169973,263946
05/29/2008,8493.7,8538.6,8418.1,8505.6,144182,268558
05/30/2008,8509.2,8563.2,8497.3,8523.6,101247,268971
06/02/2008,8536.2,8544.0,8357.0,8412.1,143113,276423
06/03/2008,8371.4,8441.5,8346.2,8371.4,138823,278821
06/04/2008,8391.7,8400.1,8285.0,8376.2,197527,275161
06/05/2008,8369.0,8418.7,8289.2,8388.7,165650,272420
06/06/2008,8398.3,8409.7,8092.6,8102.8,242635,270266
06/09/2008,8126.2,8214.3,8120.2,8179.5,187379,271462
06/10/2008,8141.2,8174.1,8063.2,8132.8,190580,275786
06/11/2008,8152.5,8180.1,7957.7,7965.5,206580,285252
06/12/2008,7960.2,8082.4,7960.2,8021.9,173008,291495
06/13/2008,8031.3,8133.4,7980.3,8132.8,184574,299956
06/16/2008,8170.1,8174.9,8007.6,8097.8,213130,294135
06/17/2008,8085.3,8224.1,8085.3,8130.4,280879,322890
06/18/2008,8151.8,8156.5,8045.6,8066.9,304113,326875
06/19/2008,8034.9,8115.6,7989.2,8097.8,321029,334812
06/20/2008,8081.2,8113.2,7843.3,7870.0,254163,185070
06/23/2008,7889.0,7946.5,7878.3,7898.5,123997,183665
06/24/2008,7907.4,7932.9,7721.1,7848.1,204301,189377
06/25/2008,7832.0,7952.5,7829.7,7893.7,140432,191142
06/26/2008,7874.7,7884.2,7669.5,7678.4,198440,197995
06/27/2008,7719.3,7746.6,7602.5,7671.3,213008,200329
06/30/2008,7678.4,7721.7,7555.0,7661.8,184200,199079
07/01/2008,7658.2,7670.7,7456.0,7588.8,226749,204207
07/02/2008,7549.7,7661.2,7477.3,7495.7,173179,201044
07/03/2008,7515.3,7653.5,7422.8,7617.9,81403,203622
07/04/2008,7604.9,7641.0,7487.4,7539.0,81403,203622
07/07/2008,7530.7,7683.8,7516.5,7556.8,175000,204852
07/08/2008,7495.7,7639.3,7448.9,7630.4,215345,215871
07/09/2008,7626.8,7655.3,7510.6,7521.2,149742,214893
07/10/2008,7527.2,7642.8,7479.7,7565.7,208731,219375
07/11/2008,7590.0,7597.2,7329.6,7387.2,246048,222579
07/14/2008,7448.9,7480.9,7345.1,7371.8,169454,219341
07/15/2008,7322.5,7362.3,7181.9,7285.2,261206,220665
07/16/2008,7313.6,7453.0,7167.1,7438.2,234266,227203
07/17/2008,7424.5,7569.9,7412.7,7539.0,211251,233952
07/18/2008,7483.3,7638.7,7450.6,7638.1,190454,226559
07/21/2008,7633.9,7751.4,7578.8,7663.6,145302,230269
07/22/2008,7639.9,7769.8,7551.5,7759.7,154077,232436
07/23/2008,7747.2,7840.3,7744.8,7801.2,147708,234470
07/24/2008,7823.7,7849.2,7619.1,7628.0,163779,235866
07/25/2008,7651.7,7742.5,7563.3,7672.5,158777,231981
07/28/2008,7666.0,7679.0,7509.4,7512.9,134761,236111
07/29/2008,7530.7,7701.0,7477.3,7687.9,155469,235127
07/30/2008,7701.0,7766.2,7657.7,7728.2,147148,235988
07/31/2008,7737.7,7807.7,7668.3,7701.5,173648,243057
08/01/2008,7687.3,7744.8,7594.8,7630.4,155375,243164
08/04/2008,7616.1,7636.9,7540.8,7581.7,117188,241375
08/05/2008,7585.3,7829.1,7564.5,7824.3,183839,242907
08/06/2008,7842.1,7874.2,7748.4,7862.9,134318,245730
08/07/2008,7811.3,7896.1,7743.7,7765.0,160367,252198
08/08/2008,7789.9,7877.7,7677.8,7862.9,171425,253810
08/11/2008,7859.9,7906.8,7817.8,7871.8,112803,252291
08/12/2008,7850.4,7897.9,7786.4,7817.8,143332,252092
08/13/2008,7815.4,7817.8,7635.1,7681.4,179489,255784
08/14/2008,7684.3,7722.9,7586.5,7679.6,159777,256107
08/15/2008,7699.2,7762.6,7612.6,7667.7,140695,255652
08/18/2008,7668.3,7727.6,7577.6,7600.7,125402,254323
08/19/2008,7592.4,7598.3,7444.7,7483.9,168373,259744
08/20/2008,7497.5,7547.3,7454.8,7512.9,140802,257373
08/21/2008,7473.2,7493.9,7399.6,7460.7,151825,256392
08/22/2008,7432.3,7565.7,7412.1,7555.6,128122,257139
08/25/2008,7537.8,7571.1,7435.8,7457.2,91178,257412
08/26/2008,7476.7,7581.7,7421.0,7529.5,130109,254481
08/27/2008,7542.6,7559.8,7434.6,7530.7,136965,257182
08/28/2008,7509.4,7679.6,7445.9,7649.9,158902,260412
08/29/2008,7642.8,7676.0,7606.0,7610.2,76208,259582
09/01/2008,7588.8,7666.6,7531.3,7632.7,76208,259582
09/02/2008,7595.4,7789.3,7577.6,7673.1,178765,265869
09/03/2008,7672.5,7747.2,7649.3,7694.4,154400,267102
09/04/2008,7675.4,7697.4,7394.3,7400.2,236178,274338
09/05/2008,7380.1,7424.5,7234.1,7359.3,233874,277320
09/08/2008,7461.9,7548.5,7385.4,7469.0,221074,280595
09/09/2008,7421.0,7511.7,7305.3,7305.3,198377,272727
09/10/2008,7358.7,7430.5,7310.1,7372.9,218199,267025
09/11/2008,7334.8,7418.2,7222.0,7418.2,226321,283656
09/12/2008,7390.6,7422.9,7311.9,7381.7,177643,271301
09/15/2008,7138.1,7217.3,7054.1,7111.6,340661,230633
09/16/2008,7024.7,7161.5,6958.4,7142.8,463166,249577
09/17/2008,7095.8,7175.6,6863.8,6870.9,451854,255349
09/18/2008,6940.8,7152.1,6855.0,7119.3,499459,254575
09/19/2008,7215.0,7400.5,7183.9,7372.4,330134,174882
09/22/2008,7333.6,7376.5,7129.2,7154.5,207298,170890
09/23/2008,7189.7,7256.7,7111.0,7128.7,184432,172754
09/24/2008,7187.4,7234.4,7122.2,7172.1,162242,169731
09/25/2008,7173.3,7345.9,7159.2,7320.1,203757,170583
09/26/2008,7228.5,7252.0,7112.2,7242.0,181073,168365
09/29/2008,7134.5,7153.9,6544.4,6627.2,277056,178149
09/30/2008,6666.5,7005.3,6648.9,6993.0,227044,183567
10/01/2008,6966.6,6981.3,6818.0,6933.7,169026,184358
10/02/2008,6856.8,6970.7,6665.9,6707.6,195669,183755
10/03/2008,6747.0,6927.8,6650.1,6688.3,207740,188236
10/06/2008,6584.9,6601.9,6249.6,6447.5,307493,196009
10/07/2008,6472.2,6523.3,6115.7,6121.0,316559,196622
10/08/2008,6077.6,6324.2,5768.7,5896.1,490669,212178
10/09/2008,5939.0,6105.8,5490.4,5537.9,283714,218182
10/10/2008,5412.8,5594.9,5088.7,5444.0,461361,233572
10/13/2008,5663.6,6201.5,5606.6,6192.1,260874,234372
10/14/2008,6303.1,6364.7,5982.4,6098.1,292346,221353
10/15/2008,6138.0,6153.9,5490.4,5502.1,274126,225629
10/16/2008,5349.4,5789.8,5339.4,5772.2,347725,228178
10/17/2008,5778.1,5858.0,5414.0,5672.4,262471,227681
10/20/2008,5772.2,5847.4,5617.2,5827.4,172720,229820
10/21/2008,5815.7,5822.1,5519.1,5576.1,182565,225343
10/22/2008,5519.7,5560.8,5131.6,5266.0,191915,221755
10/23/2008,5359.4,5417.0,5070.5,5290.7,265299,226061
10/24/2008,5050.0,5177.4,4735.8,5073.4,302868,237514
10/27/2008,4929.6,5288.9,4791.6,4982.4,257401,236565
10/28/2008,5237.9,5879.7,5185.0,5832.1,330821,238290
10/29/2008,5701.8,5772.2,5462.8,5637.7,226338,226475
10/30/2008,5775.2,5929.0,5672.4,5808.6,186023,222617
10/31/2008,5739.3,6004.8,5623.7,5943.7,173932,222343
11/03/2008,5983.6,6011.8,5857.4,5925.5,129127,222893
11/04/2008,5934.3,6290.1,5887.9,6277.8,165845,226392
11/05/2008,6271.3,6276.0,5896.1,5906.1,169942,232376
11/06/2008,5915.5,5982.4,5518.5,5572.6,248346,231319
11/07/2008,5641.9,5915.5,5594.3,5890.8,154563,231476
11/10/2008,5976.6,6047.0,5735.8,5817.4,170628,230479
11/11/2008,5815.1,5840.3,5558.5,5672.4,170628,241652
11/12/2008,5731.1,5747.6,5357.7,5399.9,207124,239002
11/13/2008,5425.8,5789.2,5298.3,5766.3,182569,236964
11/14/2008,5685.3,5742.9,5471.0,5505.0,181840,237929
11/17/2008,5510.9,5574.9,5314.2,5395.8,181840,238925
11/18/2008,5348.3,5442.8,5233.2,5415.2,198187,232875
11/19/2008,5431.1,5446.9,5026.5,5042.9,198187,234085
11/20/2008,4979.5,5103.4,4748.1,4777.5,259466,223089
11/21/2008,4919.6,5058.8,4737.6,4980.7,253584,230873
11/24/2008,5005.3,5453.4,4890.8,5391.7,218443,225898
11/25/2008,5377.6,5529.1,5244.9,5343.6,215535,224262
11/26/2008,5324.8,5493.9,5199.7,5464.5,63120,228410
11/27/2008,5441.0,5511.5,5396.4,5498.0,63120,228410
11/28/2008,5484.5,5537.3,5370.0,5506.8,107620,229449
12/01/2008,5458.7,5492.1,5065.2,5090.5,167115,229899
12/02/2008,5106.3,5381.1,5059.4,5343.0,177755,233237
12/03/2008,5306.0,5439.3,5145.7,5424.0,204101,233630
12/04/2008,5357.1,5566.7,5202.6,5260.2,182345,234238
12/05/2008,5284.8,5355.3,5079.9,5313.6,167124,231841
12/08/2008,5438.7,5613.1,5414.6,5549.7,168452,227463
12/09/2008,5504.5,5702.3,5432.8,5555.0,140606,230483
12/10/2008,5627.2,5693.5,5573.2,5664.2,140606,235404
12/11/2008,5617.5,5663.6,5525.8,5542.1,135904,236582
12/12/2008,5365.8,5579.5,5312.1,5546.8,195851,243377
12/15/2008,5591.8,5616.9,5420.1,5483.8,211180,246213
12/16/2008,5484.3,5691.0,5452.8,5662.4,208519,237421
12/17/2008,5647.2,5647.2,5447.6,5541.0,259883,240884
12/18/2008,5557.9,5619.8,5468.0,5523.5,0,0
12/19/2008,5522.3,5619.8,5451.1,5456.9,81197,131748
12/22/2008,5500.1,5515.9,5353.0,5418.4,65762,134973
12/23/2008,5418.4,5538.1,5399.7,5431.2,65762,134973
12/29/2008,5453.4,5551.5,5440.5,5539.8,30041,131049
12/30/2008,5558.5,5645.5,5556.2,5645.5,30041,131049
01/02/2009,5704.5,5911.7,5678.8,5885.5,97107,134826
01/05/2009,5876.1,5905.3,5799.6,5836.4,123954,133327
01/06/2009,5864.4,6000.5,5813.6,5904.7,122134,133830
01/07/2009,5867.9,5879.0,5741.8,5780.9,131702,143728
01/08/2009,5739.5,5768.7,5649.0,5759.9,145565,146006
01/09/2009,5743.0,5784.5,5556.7,5596.4,145565,151454
01/12/2009,5564.3,5615.7,5457.5,5497.8,125507,144591
01/13/2009,5495.4,5511.8,5384.5,5446.4,198726,144491
01/14/2009,5477.9,5482.6,5129.3,5187.7,198726,152345
01/15/2009,5120.6,5216.3,5026.0,5161.5,178442,158354
01/16/2009,5169.6,5240.9,5034.2,5129.3,110161,159238
01/19/2009,5172.6,5215.2,4973.4,5077.4,110161,159238
01/20/2009,5056.4,5130.5,4878.3,4890.5,205697,168541
01/21/2009,4943.7,5109.5,4844.4,5091.4,205697,177556
01/22/2009,5079.7,5111.8,4898.1,4972.9,195005,166934
01/23/2009,4945.4,4957.1,4758.6,4913.9,200522,173068
01/26/2009,4839.7,5118.2,4836.2,5009.6,154542,170222
01/27/2009,5055.8,5106.6,4988.0,5050.5,167618,170220
01/28/2009,5117.7,5336.6,5114.7,5307.4,145654,169057
01/29/2009,5289.9,5297.5,5109.5,5133.4,186820,171629
01/30/2009,5167.9,5209.3,5037.1,5064.5,148370,178096
02/02/2009,5038.3,5038.8,4907.5,5002.1,148370,177636
02/03/2009,4993.3,5173.1,4935.5,5133.4,166220,169392
02/04/2009,5139.9,5317.9,5113.6,5183.1,151000,172559
02/05/2009,5167.3,5339.0,5128.2,5296.9,186497,165162
02/06/2009,5281.2,5476.7,5266.6,5444.1,168644,166178
02/09/2009,5394.4,5481.4,5372.8,5455.7,125543,173680
02/10/2009,5402.0,5434.1,5183.6,5209.9,197452,185727
02/11/2009,5243.2,5310.9,5218.7,5277.6,161514,191217
02/12/2009,5263.1,5285.2,5097.8,5219.8,154661,210296
02/13/2009,5228.0,5270.6,5127.0,5132.3,68759,180382
02/16/2009,5104.2,5169.6,5058.1,5089.1,68759,180382
02/17/2009,5067.5,5074.5,4902.8,4909.8,181963,189992
02/18/2009,4930.2,4969.4,4817.6,4897.5,160839,189489
02/19/2009,4904.6,4996.8,4857.8,4861.3,160839,191651
02/20/2009,4814.1,4838.0,4639.5,4694.9,191936,206308
02/23/2009,4734.1,4807.0,4504.0,4507.5,209939,210888
02/24/2009,4557.7,4659.3,4457.9,4622.0,195651,211477
02/25/2009,4588.1,4647.6,4426.4,4504.0,190488,215366
02/26/2009,4519.8,4662.2,4497.0,4519.2,190488,221515
02/27/2009,4523.3,4559.5,4392.5,4466.6,194926,217593
03/02/2009,4406.5,4421.7,4281.0,4319.5,181442,222071
03/03/2009,4360.4,4389.6,4284.5,4331.2,201404,225597
03/04/2009,4355.7,4595.1,4349.9,4530.9,223805,217262
03/05/2009,4476.0,4511.6,4269.3,4298.5,218678,225424
03/06/2009,4336.4,4404.8,4228.4,4309.6,197747,226503
03/09/2009,4290.3,4331.2,4190.5,4267.5,201930,229388
03/10/2009,4299.1,4563.6,4282.1,4516.9,198386,223417
03/11/2009,4513.9,4665.2,4470.1,4556.6,209852,221666
03/12/2009,4529.2,4684.2,4444.1,4663.2,210529,223459
03/13/2009,4684.2,4736.7,4601.4,4674.9,180523,222544
03/16/2009,4675.5,4758.2,4652.7,4688.3,274570,221681
03/17/2009,4711.6,4742.5,4612.5,4741.3,261876,226681
03/18/2009,4737.8,4775.7,4611.4,4733.2,313320,229949
03/19/2009,4720.4,4832.9,4676.6,4707.5,314134,225589
03/20/2009,4686.5,4776.9,4669.1,4688.9,189750,147224
03/23/2009,4803.1,4965.8,4790.9,4954.7,157006,160603
03/24/2009,4944.2,4969.8,4853.3,4871.3,179844,165085
03/25/2009,4888.2,4988.5,4832.9,4909.8,180236,158063
03/26/2009,4960.5,5025.2,4928.5,5000.2,167034,160696
03/27/2009,4976.8,4995.5,4858.5,4930.2,139274,159125
03/30/2009,4861.4,4861.4,4635.3,4672.6,149728,159221
03/31/2009,4665.0,4829.4,4665.0,4775.2,149728,161235
04/01/2009,4732.0,4883.6,4670.2,4871.9,202410,158716
04/02/2009,4939.5,5145.3,4925.5,5073.0,202410,161005
04/03/2009,5102.2,5211.2,5063.7,5182.0,164413,161917
04/06/2009,5197.8,5212.9,5029.3,5105.1,130292,158355
04/07/2009,5120.2,5127.2,4994.9,5020.6,130292,157497
04/08/2009,4966.3,5129.0,4933.7,5108.0,148715,155203
04/09/2009,5149.4,5269.5,5113.2,5269.5,148715,155203
04/14/2009,5229.8,5354.6,5212.3,5274.1,146747,153017
04/15/2009,5255.5,5373.2,5240.3,5368.0,146747,147481
04/16/2009,5340.6,5442.0,5291.0,5416.3,163325,148325
04/17/2009,5386.0,5478.1,5360.4,5461.8,177582,154484
04/20/2009,5440.8,5449.0,5207.7,5234.5,158895,153402
04/21/2009,5261.3,5313.8,5128.4,5259.0,204146,150710
04/22/2009,5277.6,5390.7,5204.2,5297.4,187798,151759
04/23/2009,5326.6,5382.0,5279.4,5359.2,159775,147379
04/24/2009,5325.4,5465.9,5311.4,5445.5,154344,148410
04/27/2009,5406.4,5506.7,5337.7,5456.0,156283,154564
04/28/2009,5411.7,5426.8,5310.8,5380.8,175073,161116
04/29/2009,5409.4,5530.6,5395.4,5478.1,193359,163209
04/30/2009,5505.5,5651.3,5495.0,5546.9,193359,163209
05/04/2009,5620.4,5737.5,5607.5,5735.8,152650,160789
05/05/2009,5719.5,5754.4,5654.2,5689.7,164643,163483
05/06/2009,5650.7,5774.2,5632.0,5754.4,202427,168983
05/07/2009,5745.7,5811.6,5586.6,5628.5,170115,174221
05/08/2009,5681.0,5795.8,5656.5,5777.7,170115,167575
05/11/2009,5739.3,5755.6,5636.7,5668.7,140555,166711
05/12/2009,5642.5,5750.9,5620.9,5692.1,172324,168669
05/13/2009,5723.5,5728.2,5486.3,5509.6,181350,165764
05/14/2009,5511.9,5562.7,5428.6,5527.7,181350,165259
05/15/2009,5538.8,5569.1,5461.8,5485.1,164785,167375
05/18/2009,5450.2,5702.6,5431.5,5695.6,164785,177494
05/19/2009,5703.7,5845.9,5697.3,5771.3,180275,179341
05/20/2009,5774.8,5903.1,5757.9,5809.8,139420,178573
05/21/2009,5799.9,5819.1,5669.9,5720.6,139420,174571
05/22/2009,5725.9,5790.6,5677.5,5707.8,63997,173426
05/25/2009,5729.4,5762.6,5629.7,5714.8,63997,173426
05/26/2009,5700.8,5845.4,5600.5,5825.5,190505,175594
05/27/2009,5814.5,5872.8,5744.5,5757.3,161419,175241
05/28/2009,5782.4,5818.5,5693.8,5794.7,161419,172853
05/29/2009,5799.9,5843.0,5733.4,5815.1,121108,173838
06/01/2009,5845.9,6013.2,5838.4,5970.1,141690,175221
06/02/2009,5957.3,6038.3,5946.8,5999.8,132379,175207
06/03/2009,6001.6,6028.4,5848.9,5905.4,130628,174181
06/04/2009,5893.2,5973.0,5881.5,5924.6,159461,177902
06/05/2009,5941.0,6021.4,5883.3,5908.3,132581,176969
06/08/2009,5890.8,5900.2,5790.0,5875.1,144999,176393
06/09/2009,5869.8,5907.7,5804.6,5838.4,162678,176229
06/10/2009,5877.4,5987.6,5839.5,5878.0,162678,176045
06/11/2009,5893.7,5972.8,5873.9,5919.9,118555,177120
06/12/2009,5926.3,5949.0,5876.3,5927.5,213885,175038
06/15/2009,5888.5,5890.8,5686.6,5722.7,210445,189896
06/16/2009,5694.2,5747.1,5643.5,5653.4,281569,190049
06/17/2009,5660.4,5693.6,5545.2,5601.6,210220,203099
06/18/2009,5608.6,5658.7,5555.1,5617.9,151914,215874
06/19/2009,5633.1,5683.1,5608.6,5629.6,137620,125819
06/22/2009,5643.5,5663.3,5449.8,5465.5,147885,133104
06/23/2009,5450.4,5535.3,5437.6,5485.9,147885,131886
06/24/2009,5496.9,5636.6,5469.0,5575.5,143931,131247
06/25/2009,5627.2,5639.5,5493.4,5628.4,111715,129526
06/26/2009,5609.8,5666.2,5531.2,5579.5,132342,137365
06/29/2009,5524.8,5708.1,5516.7,5673.2,131092,129829
06/30/2009,5683.7,5711.0,5574.3,5611.0,131092,132699
07/01/2009,5608.0,5738.4,5593.5,5677.3,136382,133563
07/02/2009,5657.5,5680.2,5474.8,5492.8,72736,146860
07/03/2009,5509.1,5528.9,5452.1,5481.2,72736,146860
07/06/2009,5432.3,5461.4,5363.7,5446.3,141302,145684
07/07/2009,5433.5,5475.4,5321.2,5334.0,159125,144955
07/08/2009,5323.5,5391.0,5298.5,5329.4,132489,145899
07/09/2009,5341.6,5435.8,5339.3,5375.9,119235,142625
07/10/2009,5355.0,5406.7,5315.4,5335.8,170525,151433
07/13/2009,5299.1,5530.1,5260.7,5512.0,152498,149575
07/14/2009,5512.6,5590.6,5474.2,5577.2,147690,150364
07/15/2009,5619.1,5758.2,5599.9,5747.7,164943,150442
07/16/2009,5726.2,5844.3,5705.8,5823.3,115292,154487
07/17/2009,5829.1,5845.4,5771.5,5828.0,109438,157830
07/20/2009,5861.1,5891.4,5826.2,5885.0,131215,158631
07/21/2009,5893.7,5984.5,5852.4,5946.1,118965,164254
07/22/2009,5954.2,5983.3,5876.8,5951.3,156889,164023
07/23/2009,5977.5,6133.4,5936.8,6110.1,123245,167585
07/24/2009,6084.5,6175.3,6053.1,6124.7,109623,165926
07/27/2009,6173.0,6196.8,6071.2,6141.6,133721,166480
07/28/2009,6150.3,6174.1,6010.7,6084.5,149941,164310
07/29/2009,6072.9,6182.3,5989.7,6151.5,150076,171051
07/30/2009,6176.5,6284.7,6115.4,6212.5,121383,173135
07/31/2009,6225.3,6271.3,6173.6,6210.8,136562,172317
08/03/2009,6239.3,6360.9,6176.5,6327.7,110125,171033
08/04/2009,6298.7,6326.0,6238.7,6317.9,123140,172004
08/05/2009,6316.1,6348.7,6206.7,6270.1,110378,170994
08/06/2009,6283.5,6314.9,6210.2,6242.8,145719,167186
08/07/2009,6241.6,6380.7,6185.2,6331.8,83461,174594
08/10/2009,6318.4,6337.1,6273.6,6304.5,128437,172483
08/11/2009,6324.3,6349.9,6135.2,6178.8,129712,169522
08/12/2009,6184.0,6266.7,6114.2,6234.1,145958,170941
08/13/2009,6238.1,6349.9,6227.7,6298.1,128132,173699
08/14/2009,6283.5,6338.8,6157.9,6227.7,157665,172894
08/17/2009,6177.6,6177.6,6024.0,6059.5,101531,170759
08/18/2009,6091.5,6122.9,6048.5,6104.3,137471,171126
08/19/2009,6074.1,6144.5,6004.3,6124.1,122993,169133
08/20/2009,6153.2,6209.1,6127.6,6198.6,150867,172425
08/21/2009,6154.4,6378.4,6146.2,6341.7,114672,173176
08/24/2009,6391.7,6439.5,6362.7,6382.4,132634,172221
08/25/2009,6363.8,6491.2,6353.9,6441.2,124962,180155
08/26/2009,6458.1,6486.0,6401.1,6442.9,138003,175586
08/27/2009,6416.2,6450.5,6320.8,6422.6,113201,175907
08/28/2009,6407.5,6488.3,6391.7,6422.0,95503,176431
08/31/2009,6376.6,6396.4,6327.2,6369.1,208851,168509
09/01/2009,6404.5,6416.2,6170.7,6188.1,163763,167434
09/02/2009,6200.9,6214.3,6124.7,6164.8,129222,170462
09/03/2009,6177.6,6245.1,6140.4,6200.9,151983,172024
09/04/2009,6193.9,6320.2,6191.6,6306.2,119147,172380
09/07/2009,6301.0,6374.3,6301.0,6358.0,66797,175113
09/08/2009,6368.5,6404.5,6346.9,6381.9,180019,181049
09/09/2009,6355.7,6500.0,6341.1,6467.4,178230,187413
09/10/2009,6507.5,6547.6,6452.3,6542.4,140350,197735
09/11/2009,6534.2,6573.2,6516.2,6548.8,186060,201417
09/14/2009,6476.7,6565.6,6437.1,6562.7,212250,209288
09/15/2009,6541.8,6572.6,6499.9,6556.9,246870,215010
09/16/2009,6566.8,6663.9,6563.3,6645.3,276670,216581
09/17/2009,6677.9,6687.2,6626.1,6661.0,198290,229799
09/18/2009,6650.5,6703.5,6632.5,6653.5,136600,163142
09/21/2009,6640.1,6644.2,6532.5,6611.6,118090,167061
09/22/2009,6633.7,6691.8,6619.7,6648.2,132089,164027
09/23/2009,6643.0,6694.7,6595.9,6608.1,219100,164540
09/24/2009,6604.6,6680.2,6495.9,6533.1,150050,162847
09/25/2009,6538.9,6548.2,6466.2,6489.5,178160,168004
09/28/2009,6473.2,6692.4,6459.2,6667.4,144439,173941
09/29/2009,6668.6,6697.6,6618.0,6650.0,180590,175718
09/30/2009,6651.7,6683.1,6534.8,6623.2,204610,177637
10/01/2009,6604.6,6662.8,6432.5,6441.8,190810,171822
10/02/2009,6422.0,6440.6,6330.7,6361.0,141840,174944
10/05/2009,6362.1,6453.4,6329.0,6437.7,163140,174980
10/06/2009,6419.7,6588.3,6418.5,6555.8,127170,176231
10/07/2009,6559.3,6623.2,6545.3,6576.7,150060,175963
10/08/2009,6653.5,6668.0,6591.8,6638.3,126471,173351
10/09/2009,6645.3,6688.3,6601.1,6663.9,113770,175686
10/12/2009,6667.4,6766.8,6667.4,6703.5,147800,177817
10/13/2009,6713.9,6736.0,6626.1,6686.6,157070,177438
10/14/2009,6727.9,6823.8,6725.6,6815.1,136400,181299
10/15/2009,6817.4,6830.2,6755.8,6826.2,180860,181282
10/16/2009,6820.9,6850.0,6666.8,6707.0,122860,183876
10/19/2009,6709.9,6816.3,6701.1,6791.9,160920,180225
10/20/2009,6812.2,6854.7,6728.5,6768.6,187340,184594
10/21/2009,6777.9,6818.0,6675.0,6705.8,186110,186687
10/22/2009,6713.3,6772.7,6645.3,6763.9,165920,186801
10/23/2009,6782.5,6805.8,6661.0,6683.1,165920,186801
10/26/2009,6716.3,6750.0,6542.4,6569.7,185750,192428
10/27/2009,6577.9,6602.3,6513.3,6553.4,220460,191761
10/28/2009,6537.2,6549.9,6351.7,6354.6,171830,202628
10/29/2009,6356.9,6531.3,6353.4,6512.7,216160,196146
10/30/2009,6512.2,6516.8,6259.8,6280.1,195160,198357
11/02/2009,6295.3,6368.5,6206.3,6280.1,182620,200303
11/03/2009,6265.6,6277.8,6182.4,6264.4,162440,201158
11/04/2009,6262.7,6366.8,6252.2,6278.4,168570,203415
11/05/2009,6260.4,6415.6,6231.3,6383.6,177840,203533
11/06/2009,6373.2,6434.8,6292.9,6406.9,130590,201096
11/09/2009,6429.6,6579.6,6429.6,6570.9,136710,202051
11/10/2009,6553.4,6575.5,6509.2,6551.7,148000,208894
11/11/2009,6579.0,6638.9,6566.2,6607.5,163040,208242
11/12/2009,6576.1,6664.5,6554.0,6577.9,132610,205449
11/13/2009,6595.9,6634.3,6531.9,6626.1,137640,202592
11/16/2009,6669.7,6764.5,6665.7,6736.0,120050,211689
11/17/2009,6730.2,6761.6,6702.3,6761.6,119660,210123
11/18/2009,6756.4,6800.6,6712.8,6760.5,151440,213835
11/19/2009,6745.3,6745.3,6617.4,6669.2,142850,209562
11/20/2009,6670.9,6683.1,6556.3,6605.8,130150,208992
11/23/2009,6641.8,6776.7,6641.8,6729.6,137190,216716
11/24/2009,6697.6,6767.4,6684.3,6739.5,131980,217878
11/25/2009,6780.2,6787.2,6692.4,6754.6,191710,217302
11/26/2009,6716.3,6720.3,6508.1,6546.5,191710,217302
11/27/2009,6467.4,6655.2,6407.5,6570.9,176430,222279
11/30/2009,6622.1,6656.4,6522.0,6577.3,143640,223659
12/01/2009,6600.0,6736.0,6597.6,6708.1,121090,225398
12/02/2009,6716.3,6763.9,6691.3,6733.7,149340,224581
12/03/2009,6780.2,6811.0,6656.9,6676.1,167350,228285
12/04/2009,6680.2,6817.4,6657.5,6754.6,125350,233119
12/07/2009,6740.7,6762.2,6680.2,6723.2,194630,223375
12/08/2009,6739.5,6759.3,6579.6,6606.9,196000,227260
12/09/2009,6594.1,6651.7,6518.0,6592.4,158240,226764
12/10/2009,6578.4,6680.8,6563.3,6630.2,142000,229806
12/11/2009,6658.1,6744.7,6656.4,6705.2,143980,229100
12/14/2009,6789.5,6797.1,6728.5,6762.8,213230,230077
12/15/2009,6781.4,6786.6,6697.6,6746.5,250370,252214
12/16/2009,6771.5,6905.2,6756.4,6855.2,243210,243658
12/17/2009,6826.1,6861.0,6780.2,6787.2,181750,269639
12/18/2009,6815.7,6871.5,6772.6,6823.8,126220,149352
12/21/2009,6821.5,6916.8,6805.8,6894.2,103630,145843
12/22/2009,6909.3,6965.7,6901.1,6954.1,58791,147405
12/23/2009,6971.5,6975.6,6909.9,6959.9,58791,147405
12/28/2009,7018.0,7019.2,6962.8,6999.4,40831,147631
12/29/2009,7020.3,7023.8,6985.5,7002.3,26607,145660
12/30/2009,6993.6,6997.7,6926.7,6930.2,26607,145660
01/04/2010,6980.8,7050.6,6954.6,7019.2,95072,151186
01/05/2010,7014.5,7052.3,6997.1,7028.5,99450,147920
01/06/2010,7018.0,7039.5,6982.0,7022.7,127950,149198
01/07/2010,7009.3,7030.8,6937.8,7030.8,135210,149430
01/08/2010,7047.1,7050.6,6948.8,7047.1,108280,147175
01/11/2010,7076.2,7094.2,7019.2,7052.3,179800,148751
01/12/2010,7042.4,7048.8,6887.2,6930.2,108580,150721
01/13/2010,6913.9,6988.9,6897.1,6980.2,126540,155965
01/14/2010,6990.7,6996.5,6925.0,6992.4,181450,149459
01/15/2010,6972.1,7015.7,6819.2,6845.9,181450,149459
01/18/2010,6872.7,6893.6,6840.7,6890.7,54742,152183
01/19/2010,6866.8,6982.5,6805.2,6969.2,188651,159797
01/20/2010,6937.8,6951.1,6784.9,6845.9,242551,159936
01/21/2010,6868.0,6877.3,6616.2,6643.0,243400,155743
01/22/2010,6658.7,6680.2,6471.5,6483.1,163900,160431
01/25/2010,6533.1,6625.0,6526.7,6552.3,171540,159446
01/26/2010,6462.2,6615.7,6453.4,6557.5,204920,161343
01/27/2010,6533.7,6616.8,6501.1,6609.3,239910,160820
01/28/2010,6637.8,6662.2,6437.7,6491.8,192350,157716
01/29/2010,6465.6,6581.9,6446.5,6466.8,132680,163978
02/01/2010,6471.5,6601.7,6471.5,6579.6,158510,165572
02/02/2010,6561.0,6672.1,6541.8,6656.9,163830,165486
02/03/2010,6674.4,6675.0,6577.9,6622.1,228580,163034
02/04/2010,6622.6,6626.1,6404.0,6413.3,291740,164872
02/05/2010,6437.7,6438.9,6259.8,6361.0,168990,165511
02/08/2010,6330.2,6405.2,6307.5,6317.4,215780,168689
02/09/2010,6355.2,6479.0,6351.7,6451.7,175290,165318
02/10/2010,6436.6,6506.3,6402.8,6440.6,212280,161675
02/11/2010,6474.9,6493.6,6344.1,6465.6,182750,166041
02/12/2010,6476.1,6477.3,6349.9,6429.0,176700,164558
02/15/2010,6424.9,6452.9,6398.2,6438.3,176700,164558
02/16/2010,6433.1,6531.9,6391.8,6519.7,142900,167927
02/17/2010,6543.0,6609.3,6527.3,6587.7,152830,169360
02/18/2010,6575.0,6642.4,6542.4,6634.3,156560,170804
02/19/2010,6558.7,6665.7,6543.6,6641.8,125620,171466
02/22/2010,6657.5,6695.3,6608.7,6625.0,192680,168815
02/23/2010,6634.3,6668.0,6493.6,6538.9,143690,171595
02/24/2010,6552.9,6561.0,6479.6,6545.9,208390,166184
02/25/2010,6508.1,6580.2,6417.4,6497.0,142050,164767
02/26/2010,6508.7,6534.3,6431.3,6515.6,169219,168304
03/01/2010,6561.0,6651.7,6555.8,6638.9,135721,163130
03/02/2010,6657.5,6725.5,6641.2,6702.3,134250,166207
03/03/2010,6702.3,6781.4,6687.2,6737.2,133200,169885
03/04/2010,6715.7,6773.8,6703.5,6758.1,125330,170850
03/05/2010,6762.2,6855.2,6754.6,6842.4,98540,174086
03/08/2010,6872.7,6877.9,6822.1,6843.6,157630,169779
03/09/2010,6832.5,6872.1,6789.5,6847.7,136250,169218
03/10/2010,6856.4,6926.1,6830.8,6888.9,147399,168708
03/11/2010,6884.3,6920.9,6866.3,6913.9,147900,184631
03/12/2010,6915.1,6961.5,6897.6,6913.3,152290,188229
03/15/2010,6905.2,6919.7,6857.0,6904.6,232130,191532
03/16/2010,6921.4,6964.4,6890.7,6947.6,262260,208303
03/17/2010,6962.1,7016.6,6962.1,7006.8,222420,211143
03/18/2010,6985.9,7021.3,6969.0,7016.0,185260,232043
03/19/2010,7018.4,7024.2,6920.9,6974.3,121896,144554
03/22/2010,6927.8,6980.6,6869.2,6974.3,126590,145968
03/23/2010,6960.3,7029.4,6951.6,7023.0,177069,146475
03/24/2010,7009.7,7028.8,6930.7,7013.7,149980,148616
03/25/2010,7026.5,7135.6,7017.2,7085.1,127010,150689
03/26/2010,7097.3,7131.5,7088.6,7118.8,105569,151650
03/29/2010,7133.9,7174.5,7121.1,7157.1,124761,148735
03/30/2010,7157.1,7213.4,7129.8,7162.3,125360,148952
03/31/2010,7148.4,7167.5,7098.5,7154.8,120000,162014
04/01/2010,7190.2,7254.0,7178.0,7227.3,120000,162014
04/06/2010,7266.8,7282.5,7220.9,7280.7,105940,158150
04/07/2010,7271.4,7272.0,7197.1,7221.5,143549,156950
04/08/2010,7208.7,7223.8,7131.0,7219.8,116140,154481
04/09/2010,7211.6,7271.4,7211.6,7265.6,112490,155471
04/12/2010,7302.8,7316.7,7230.8,7273.7,124750,154980
04/13/2010,7243.6,7270.3,7202.9,7265.6,128310,157586
04/14/2010,7280.7,7328.3,7262.7,7312.1,129790,166414
04/15/2010,7302.8,7332.4,7262.1,7317.9,233360,161179
04/16/2010,7272.6,7324.8,7160.0,7194.8,163620,162010
04/19/2010,7156.5,7198.3,7126.9,7190.2,157850,163756
04/20/2010,7190.2,7283.0,7171.6,7281.9,151590,168464
04/21/2010,7299.9,7305.7,7223.8,7254.6,229730,170454
04/22/2010,7236.6,7305.1,7133.9,7223.8,182230,174248
04/23/2010,7207.6,7306.3,7167.5,7301.6,140410,172204
04/26/2010,7299.9,7367.8,7299.3,7340.5,250260,173314
04/27/2010,7347.5,7358.5,7093.8,7121.7,310470,173254
04/28/2010,7137.9,7161.1,7002.7,7085.1,167260,177497
04/29/2010,7062.5,7164.1,7060.2,7156.5,186380,179989
04/30/2010,7133.3,7218.0,7068.3,7081.1,130570,180867
05/03/2010,7095.6,7205.8,7073.5,7179.7,280810,180749
05/04/2010,7176.2,7204.1,6962.1,7003.3,284211,188032
05/05/2010,6992.2,7010.2,6896.5,6923.8,288130,198378
05/06/2010,6922.0,6985.9,6450.7,6692.2,410450,211929
05/07/2010,6673.6,6858.8,6569.1,6623.7,281860,209780
05/10/2010,6793.2,6988.2,6790.8,6967.3,281864,209780
05/11/2010,6898.8,7076.4,6862.8,7019.5,245120,198061
05/12/2010,6994.0,7227.3,6972.5,7216.3,151600,203539
05/13/2010,7226.2,7290.0,7197.1,7213.4,249930,206788
05/14/2010,7241.2,7243.0,6984.1,7075.8,246790,204048
05/17/2010,6962.1,7146.1,6944.1,7107.8,212250,208740
05/18/2010,7098.5,7182.0,7076.4,7093.2,297020,205517
05/19/2010,7061.3,7113.6,6918.5,6992.8,288910,201055
05/20/2010,6963.8,7020.1,6711.9,6742.1,309210,202955
05/21/2010,6768.8,6817.5,6602.8,6786.2,147630,204528
05/24/2010,6754.3,6817.0,6655.6,6682.9,235400,200080
05/25/2010,6568.5,6673.6,6509.9,6673.6,191690,201103
05/26/2010,6642.3,6767.6,6611.5,6611.5,213110,199673
05/27/2010,6677.7,6934.8,6677.1,6930.1,146300,198196
05/28/2010,6905.8,6944.1,6837.9,6877.9,195160,197569
05/31/2010,6927.2,6960.3,6885.5,6927.8,195160,197569
06/01/2010,6888.4,6980.1,6769.9,6848.9,167700,201373
06/02/2010,6873.3,7011.4,6811.7,7006.8,127950,205085
06/03/2010,7046.2,7086.3,6998.1,7054.9,184730,203190
06/04/2010,7029.4,7099.0,6808.3,6846.6,166870,202415
06/07/2010,6804.2,6913.9,6768.8,6798.4,203340,204056
06/08/2010,6847.1,6886.0,6731.1,6853.5,201120,205131
06/09/2010,6836.1,6959.2,6771.1,6872.1,187830,209397
06/10/2010,6911.0,7071.1,6882.5,7052.5,197350,211052
06/11/2010,7055.5,7072.9,6952.2,7064.7,190320,215441
06/14/2010,7094.9,7127.4,7054.3,7064.7,265840,214487
06/15/2010,7094.9,7227.2,7058.9,7210.4,272970,221538
06/16/2010,7202.2,7222.0,7134.9,7212.1,295231,215177
06/17/2010,7184.3,7251.6,7161.6,7237.1,162921,244169
06/18/2010,7241.1,7268.4,7187.2,7220.2,105534,145036
06/21/2010,7315.4,7379.8,7231.8,7264.3,144571,143838
06/22/2010,7288.7,7313.6,7194.7,7219.1,156290,154988
06/23/2010,7231.8,7286.4,7176.1,7226.0,153781,168834
06/24/2010,7235.3,7255.0,7081.0,7112.3,152891,152382
06/25/2010,7127.4,7145.4,7016.0,7075.8,140941,157120
06/28/2010,7078.7,7168.0,7038.0,7119.9,177895,157459
06/29/2010,7065.9,7065.9,6884.3,6912.7,133831,159681
06/30/2010,6924.3,6973.1,6849.5,6857.0,195801,156246
07/01/2010,6826.8,6918.5,6768.8,6842.5,142481,161071
07/02/2010,6835.5,6901.1,6736.3,6766.5,160741,153330
07/05/2010,6770.0,6814.1,6746.2,6761.3,160741,153330
07/06/2010,6786.8,6965.5,6784.5,6864.0,143371,153971
07/07/2010,6849.5,7024.7,6792.0,7019.5,121261,159828
07/08/2010,7016.0,7054.3,6974.8,7043.8,97169,155789
07/09/2010,7055.5,7084.5,7013.7,7081.6,97374,161995
07/12/2010,7054.3,7109.4,7039.2,7071.7,140411,164730
07/13/2010,7067.1,7203.4,7047.3,7197.0,118591,168346
07/14/2010,7241.1,7248.1,7155.2,7206.3,151591,164942
07/15/2010,7215.6,7269.6,7115.8,7174.4,161761,164530
07/16/2010,7143.1,7208.6,6980.0,7004.4,107561,164927
07/19/2010,7021.2,7068.2,6961.5,7018.3,152071,168169
07/20/2010,7002.7,7026.4,6859.9,6995.1,146331,155923
07/21/2010,6973.6,7040.9,6898.2,6924.9,159381,153800
07/22/2010,6927.8,7141.9,6909.8,7129.7,130911,162728
07/23/2010,7125.1,7194.1,7097.2,7188.9,102471,169525
07/26/2010,7209.8,7217.9,7119.9,7204.0,124411,169090
07/27/2010,7196.4,7263.2,7180.2,7213.3,103501,171096
07/28/2010,7246.9,7257.4,7138.4,7173.2,131371,170145
07/29/2010,7183.1,7252.1,7069.4,7114.6,147181,170912
07/30/2010,7102.4,7183.1,7035.7,7156.4,111611,170755
08/02/2010,7177.9,7322.4,7177.9,7313.1,96214,178307
08/03/2010,7305.5,7331.6,7276.5,7317.7,120881,177301
08/04/2010,7298.0,7399.5,7273.0,7369.3,100981,180308
08/05/2010,7366.4,7412.3,7338.6,7376.9,148791,175216
08/06/2010,7381.5,7416.9,7249.8,7334.0,70739,176862
08/09/2010,7345.0,7396.6,7334.5,7386.2,115275,173706
08/10/2010,7357.2,7359.5,7253.3,7342.1,137531,174286
08/11/2010,7284.1,7284.1,7129.7,7143.1,137535,174286
08/12/2010,7118.7,7169.2,7079.2,7113.5,125091,170439
08/13/2010,7148.3,7169.8,7045.0,7093.7,111311,171514
08/16/2010,7110.0,7147.1,7036.3,7103.0,128891,174090
08/17/2010,7128.6,7217.3,7108.3,7193.0,126871,172149
08/18/2010,7166.3,7217.9,7144.8,7180.8,207631,171307
08/19/2010,7195.3,7233.6,7024.7,7043.8,135821,171504
08/20/2010,7047.3,7078.7,6951.0,6985.8,103101,174052
08/23/2010,6985.8,7028.8,6958.6,6968.4,178000,170211
08/24/2010,6952.8,6953.3,6812.3,6886.6,168171,170144
08/25/2010,6857.0,6913.3,6772.9,6885.4,125161,178636
08/26/2010,6873.3,6906.9,6814.1,6817.6,2071,171872
08/27/2010,6841.4,6939.4,6782.7,6939.4,100911,171045
08/30/2010,6935.9,6948.1,6823.4,6831.5,156321,169393
08/31/2010,6789.1,6888.3,6749.1,6858.2,183041,169229
09/01/2010,6883.7,7065.3,6818.7,7053.1,110581,169536
09/02/2010,7028.8,7089.1,7023.5,7083.3,132121,167111
09/03/2010,7075.2,7170.9,7064.2,7136.7,129360,159276
09/06/2010,7165.7,7166.9,7127.4,7146.0,129360,159276
09/07/2010,7139.6,7139.6,7057.8,7089.1,172500,160047
09/08/2010,7083.3,7173.8,7035.7,7133.2,139200,163185
09/09/2010,7143.6,7238.7,7123.3,7181.3,129949,164965
09/10/2010,7210.9,7224.8,7183.1,7215.0,177480,172590
09/13/2010,7275.8,7306.6,7236.4,7274.1,262160,174765
09/14/2010,7261.9,7302.5,7235.3,7281.1,331140,186363
09/15/2010,7291.5,7301.4,7232.4,7284.0,225641,200116
09/16/2010,7265.4,7295.6,7237.6,7276.4,215020,226677
09/17/2010,7332.7,7350.1,7182.5,7217.9,134906,228253
09/20/2010,7245.7,7337.9,7221.9,7324.5,148300,168089
09/21/2010,7310.1,7363.4,7277.0,7286.9,163190,167253
09/22/2010,7321.1,7322.2,7191.8,7234.7,180130,165679
09/23/2010,7263.7,7275.8,7116.4,7148.9,170140,165795
09/24/2010,7169.2,7332.7,7134.9,7332.7,100700,176929
09/27/2010,7343.7,7352.4,7283.4,7289.8,198510,172930
09/28/2010,7294.4,7331.5,7195.8,7299.0,174510,171081
09/29/2010,7289.8,7348.3,7224.8,7248.0,201250,169997
09/30/2010,7226.6,7361.7,7182.5,7231.8,198620,167749
10/01/2010,7248.0,7310.6,7184.2,7229.5,146000,168868
10/04/2010,7209.7,7229.5,7095.5,7132.0,159510,167951
10/05/2010,7148.3,7272.9,7103.0,7256.7,129781,172790
10/06/2010,7252.6,7304.8,7248.0,7276.4,142420,172424
10/07/2010,7260.2,7343.7,7239.3,7287.4,127599,173729
10/08/2010,7297.9,7322.2,7242.2,7317.0,72356,174759
10/11/2010,7311.8,7346.6,7300.2,7323.4,146024,172496
10/12/2010,7280.5,7354.1,7224.8,7325.1,171347,173882
10/13/2010,7340.2,7499.1,7340.2,7473.6,138085,180013
10/14/2010,7491.5,7531.6,7480.5,7500.8,161810,187834
10/15/2010,7521.7,7565.2,7476.5,7526.9,161819,187834
10/18/2010,7510.1,7589.5,7499.7,7568.7,153530,184356
10/19/2010,7557.1,7602.9,7495.0,7521.7,125860,184624
10/20/2010,7537.3,7591.9,7504.3,7583.7,125869,184624
10/21/2010,7566.9,7690.4,7554.2,7650.4,95825,193988
10/22/2010,7670.1,7692.2,7648.7,7688.7,106030,191466
10/25/2010,7732.2,7751.3,7694.5,7705.5,106035,191466
10/26/2010,7711.3,7718.8,7640.0,7702.6,147490,191166
10/27/2010,7669.0,7699.1,7610.4,7656.8,129580,191270
10/28/2010,7666.7,7720.6,7636.5,7667.2,120720,193039
10/29/2010,7634.8,7700.3,7628.4,7682.9,144150,196804
11/01/2010,7731.0,7746.7,7613.9,7658.5,144158,196804
11/02/2010,7664.9,7745.5,7657.4,7745.5,134820,194643
11/03/2010,7739.7,7762.3,7663.8,7730.4,134829,194643
11/04/2010,7735.7,7847.0,7729.3,7836.0,136079,197250
11/05/2010,7822.1,7869.6,7793.1,7847.6,103090,194740
11/08/2010,7831.9,7858.0,7811.0,7840.0,124020,193684
11/09/2010,7831.9,7907.3,7816.8,7852.2,124029,193684
11/10/2010,7857.4,7875.4,7758.3,7844.1,134730,200015
11/11/2010,7835.4,7849.3,7779.1,7831.3,205931,195117
11/12/2010,7747.8,7848.1,7683.5,7791.9,146490,195117
11/15/2010,7781.5,7909.6,7752.5,7868.4,146497,195117
11/16/2010,7840.6,7858.6,7717.1,7736.2,136490,195117
11/17/2010,7740.9,7786.1,7723.5,7779.1,152250,206968
11/18/2010,7840.0,7938.0,7838.9,7938.0,149500,212982
11/19/2010,7938.0,7970.5,7884.1,7970.5,159710,216073
11/22/2010,7987.3,8010.5,7882.4,7940.9,159711,216073
11/23/2010,7888.2,7924.1,7783.2,7797.7,161980,213242
11/24/2010,7825.0,7949.0,7773.9,7939.2,151760,221634
11/25/2010,7924.7,7989.6,7914.8,7975.1,151760,221634
11/26/2010,7943.8,7972.8,7864.4,7933.4,224970,223415
11/29/2010,7957.2,8014.0,7754.8,7825.0,234879,223415
11/30/2010,7802.3,7847.0,7724.1,7772.2,217683,228060
12/01/2010,7801.2,7989.6,7798.9,7986.7,222120,243052
12/02/2010,7974.0,8080.1,7935.7,8076.0,131070,243785
12/03/2010,8066.7,8094.6,8020.9,8063.3,105230,245428
12/06/2010,8081.8,8093.4,8033.7,8067.9,105233,245428
12/07/2010,8088.2,8168.2,8074.3,8102.7,147840,248625
12/08/2010,8096.3,8134.6,8067.9,8088.8,152940,248625
12/09/2010,8128.1,8147.8,8055.8,8114.2,125540,251585
12/10/2010,8127.5,8150.1,8089.4,8147.8,165160,265158
12/13/2010,8138.5,8169.8,8132.2,8143.7,301420,282878
12/14/2010,8136.2,8162.8,8133.3,8155.9,372800,270112
12/15/2010,8131.0,8155.9,8077.8,8128.7,372808,270112
12/16/2010,8140.3,8159.9,8108.4,8153.6,135230,270783
12/17/2010,8160.5,8169.2,8094.6,8109.0,97016,282498
12/20/2010,8103.8,8198.1,8101.5,8150.1,93616,197150
12/21/2010,8173.2,8220.1,8166.3,8213.7,66173,197162
12/22/2010,8206.8,8216.0,8195.2,8206.8,43754,197087
12/23/2010,8213.7,8214.3,8164.0,8213.7,60599,195870
12/27/2010,8191.2,8194.6,7999.7,8094.0,32297,203531
12/28/2010,8104.4,8109.6,8064.5,8104.4,32297,199078
12/29/2010,8105.6,8125.8,8094.0,8102.1,46095,205784
12/30/2010,8109.6,8124.6,7993.9,8013.6,46095,205784
01/03/2011,8099.8,8147.2,8071.4,8080.7,115350,203372
01/04/2011,8085.9,8142.0,8055.2,8086.5,115358,203372
01/05/2011,8052.3,8076.1,7927.4,8061.0,158750,201067
01/06/2011,8054.1,8166.3,8047.1,8088.2,159180,196134
01/07/2011,8087.6,8124.1,8021.7,8061.0,142200,198413
01/10/2011,8034.4,8042.5,7915.8,7952.8,131590,195530
01/11/2011,7971.4,8051.2,7944.2,8044.8,143000,194225
01/12/2011,8043.1,8210.2,8042.5,8207.9,122580,197626
01/13/2011,8207.4,8211.4,8150.7,8164.6,121700,197714
01/14/2011,8168.6,8225.9,8124.6,8219.5,113920,196517
01/17/2011,8199.3,8207.9,8171.5,8199.8,113920,196517
01/18/2011,8197.5,8288.9,8196.4,8280.8,133410,199039
01/19/2011,8307.4,8321.3,8182.5,8207.9,133417,199039
01/20/2011,8190.6,8207.9,8116.0,8169.2,147550,197665
01/21/2011,8157.0,8250.2,8136.2,8196.9,127740,198706
01/24/2011,8210.8,8218.9,8110.2,8218.9,139720,201706
01/25/2011,8216.0,8229.3,8159.9,8197.5,123670,202452
01/26/2011,8216.0,8294.1,8206.8,8266.4,137460,203973
01/27/2011,8271.6,8316.7,8239.7,8306.3,137464,203973
01/28/2011,8285.4,8311.5,8190.6,8213.7,140247,264337
01/31/2011,8213.7,8232.2,8145.5,8221.8,136029,267909
02/01/2011,8240.3,8335.2,8228.8,8328.8,119026,269631
02/02/2011,8328.8,8361.8,8290.7,8318.4,117845,257080
02/03/2011,8302.2,8355.4,8274.5,8352.0,107814,254033
02/04/2011,8343.9,8371.1,8320.2,8365.8,116534,259814
02/07/2011,8371.1,8439.3,8350.8,8426.6,122706,261558
02/08/2011,8431.2,8492.5,8419.1,8492.5,117225,263799
02/09/2011,8472.9,8512.2,8466.5,8497.2,149543,276857
02/10/2011,8486.7,8514.5,8416.2,8509.9,137495,280358
02/11/2011,8468.2,8564.8,8430.1,8559.0,96912,259036
02/14/2011,8570.6,8594.3,8542.8,8581.6,110994,261310
02/15/2011,8575.8,8592.0,8540.0,8561.9,120290,263263
02/16/2011,8595.5,8611.1,8567.7,8600.7,121289,263203
02/17/2011,8586.2,8605.9,8523.8,8574.7,103909,254260
02/18/2011,8582.8,8596.1,8541.7,8589.1,190762,299682
02/21/2011,8581.6,8616.3,8463.0,8483.8,190762,299682
02/22/2011,8457.2,8510.5,8389.6,8411.0,193522,221137
02/23/2011,8425.4,8463.6,8270.4,8298.7,191847,294757
02/24/2011,8305.1,8309.2,8194.6,8248.4,118720,266873
02/25/2011,8262.3,8333.5,8250.2,8312.6,145738,275507
02/28/2011,8305.7,8456.1,8273.3,8437.0,173093,293925
03/01/2011,8479.8,8515.1,8293.0,8293.0,163769,286217
03/02/2011,8277.9,8337.5,8243.2,8315.5,181710,298588
03/03/2011,8352.5,8442.2,8320.2,8416.2,196000,308440
03/04/2011,8406.3,8462.4,8248.4,8302.8,191881,311141
03/07/2011,8266.9,8415.0,8242.1,8284.9,222424,335590
03/08/2011,8322.5,8360.1,8181.3,8300.5,173085,311141
03/09/2011,8272.1,8352.5,8224.7,8248.4,196060,318438
03/10/2011,8183.4,8213.3,8112.6,8125.9,184451,329434
03/11/2011,8075.8,8104.6,8049.9,8095.4,380313,456531
03/14/2011,7998.1,8022.9,7908.9,7969.4,522423,533205
03/15/2011,7724.8,7758.2,7487.7,7655.8,550795,546435
03/16/2011,7647.1,7779.5,7406.6,7435.4,369385,429670
03/17/2011,7535.5,7728.8,7524.0,7682.2,219162,346019
03/18/2011,7761.1,7807.7,7646.0,7676.5,138412,233972
03/21/2011,7756.5,7881.9,7748.4,7874.4,131109,229944
03/22/2011,7872.7,7880.2,7808.8,7834.7,163057,250139
03/23/2011,7811.7,7871.5,7754.7,7864.6,161259,239679
03/24/2011,7850.8,8032.6,7831.8,8031.5,114699,214115
03/25/2011,8051.1,8062.6,7986.6,8029.8,115590,223353
03/28/2011,8013.1,8059.7,7980.9,7985.5,135212,234561
03/29/2011,8003.9,8032.6,7923.3,8032.6,115160,221079
03/30/2011,8075.2,8160.4,8072.9,8151.2,108304,221524
03/31/2011,8169.6,8171.3,8120.1,8159.2,122207,173054
04/01/2011,8170.7,8301.4,8159.8,8278.9,85453,210855
04/04/2011,8280.6,8308.8,8265.1,8292.7,107196,226821
04/05/2011,8301.4,8305.4,8226.0,8283.5,135066,240278
04/06/2011,8303.7,8357.8,8257.6,8330.1,134398,234714
04/07/2011,8313.4,8356.0,8277.2,8310.6,93593,219369
04/08/2011,8333.0,8346.8,8273.2,8301.9,109427,176900
04/11/2011,8313.4,8337.6,8255.3,8303.1,146664,178081
04/12/2011,8257.1,8286.4,8181.1,8203.0,134520,183099
04/13/2011,8230.6,8311.7,8220.8,8266.8,147440,187931
04/14/2011,8274.3,8291.6,8186.9,8266.8,128592,186184
04/15/2011,8253.6,8299.6,8240.4,8295.6,174971,184657
04/18/2011,8283.5,8287.6,8066.0,8138.5,106885,183373
04/19/2011,8114.4,8168.4,8105.7,8146.6,151094,179116
04/20/2011,8212.2,8379.6,8203.0,8377.9,93897,185696
04/21/2011,8406.7,8440.6,8392.9,8432.6,93897,185696
04/26/2011,8408.4,8507.9,8391.1,8501.0,109926,182971
04/27/2011,8499.3,8606.9,8485.5,8590.8,112998,181840
04/28/2011,8613.2,8649.5,8564.9,8646.0,68421,184435
04/29/2011,8625.9,8686.9,8612.7,8686.9,98908,183234
05/02/2011,8745.6,8773.8,8651.8,8662.7,120709,184425
05/03/2011,8659.8,8683.4,8596.0,8632.2,180668,188945
05/04/2011,8606.9,8701.8,8491.2,8524.6,171602,183127
05/05/2011,8548.8,8566.0,8411.3,8487.2,151211,181998
05/06/2011,8501.6,8652.9,8490.7,8544.2,134135,183977
05/09/2011,8576.4,8633.4,8505.1,8573.5,135160,183378
05/10/2011,8549.9,8685.2,8545.9,8674.8,135403,186685
05/11/2011,8671.3,8722.6,8573.5,8607.5,164124,186765
05/12/2011,8578.1,8636.2,8476.9,8628.8,158184,189267
05/13/2011,8630.5,8653.5,8465.9,8496.4,150332,185782
05/16/2011,8456.1,8529.2,8392.3,8454.4,184432,193740
05/17/2011,8449.2,8490.1,8345.1,8399.2,129573,191594
05/18/2011,8435.4,8458.4,8364.1,8456.1,157333,191274
05/19/2011,8452.7,8549.4,8425.1,8504.5,160452,192263
05/20/2011,8497.6,8536.1,8323.2,8349.7,144664,192996
05/23/2011,8285.8,8288.1,8178.8,8193.8,143170,194886
05/24/2011,8205.3,8296.2,8194.9,8215.1,148072,189002
05/25/2011,8145.4,8294.5,8133.3,8269.1,159101,190117
05/26/2011,8286.4,8310.6,8160.4,8253.0,124304,189477
05/27/2011,8274.3,8298.5,8190.9,8243.8,142302,189078
05/30/2011,8232.3,8296.2,8220.2,8257.1,142302,189078
05/31/2011,8322.1,8444.1,8311.1,8443.5,161228,194724
06/01/2011,8452.7,8455.6,8206.4,8214.5,156293,190729
06/02/2011,8222.5,8240.9,8135.6,8178.8,162156,194713
06/03/2011,8170.7,8226.6,8082.1,8189.2,146106,193991
06/06/2011,8170.7,8203.5,8104.0,8104.0,166394,192971
06/07/2011,8131.6,8230.6,8131.6,8133.9,176507,194427
06/08/2011,8124.7,8161.5,8047.0,8104.6,164029,195429
06/09/2011,8124.1,8278.9,8107.4,8264.0,168637,190046
06/10/2011,8235.3,8269.2,8116.0,8148.2,125645,189538
06/13/2011,8131.0,8202.1,8109.2,8140.7,317667,185877
06/14/2011,8208.4,8327.1,8207.2,8306.5,384942,191706
06/15/2011,8281.2,8293.3,8142.4,8168.8,308012,207964
06/16/2011,8131.5,8195.2,8078.8,8170.0,264953,202593
06/17/2011,8147.6,8320.2,8101.7,8239.9,135276,139354
06/20/2011,8188.3,8253.7,8128.7,8246.8,137924,139271
06/21/2011,8258.3,8418.9,8257.7,8398.8,133863,145484
06/22/2011,8383.9,8416.6,8346.6,8354.7,161333,149226
06/23/2011,8330.0,8346.0,8194.1,8293.9,191122,148241
06/24/2011,8327.1,8371.9,8168.8,8183.2,115760,147254
06/27/2011,8166.5,8226.7,8146.4,8209.0,154236,152412
06/28/2011,8201.5,8297.9,8142.4,8296.7,156404,148505
06/29/2011,8287.0,8425.8,8286.4,8402.3,117905,150695
06/30/2011,8424.6,8506.6,8384.5,8495.8,121262,153070
07/01/2011,8511.2,8577.2,8465.9,8568.0,113853,153567
07/04/2011,8545.1,8573.8,8533.0,8560.6,113853,153567
07/05/2011,8564.6,8602.4,8541.1,8557.7,129786,155317
07/06/2011,8592.7,8597.8,8510.7,8569.2,120035,155928
07/07/2011,8609.3,8649.5,8562.3,8619.1,150192,157438
07/08/2011,8631.7,8657.5,8501.5,8543.4,175012,159573
07/11/2011,8500.3,8507.8,8270.3,8288.1,225456,152774
07/12/2011,8217.0,8288.1,8046.6,8214.1,165600,156492
07/13/2011,8237.1,8375.9,8222.2,8309.3,152945,166012
07/14/2011,8282.4,8362.7,8231.9,8256.6,149125,162117
07/15/2011,8278.9,8344.3,8210.1,8321.4,154680,162369
07/18/2011,8268.0,8273.8,8152.2,8199.8,146363,167396
07/19/2011,8206.7,8324.3,8203.2,8314.5,148618,167858
07/20/2011,8322.5,8353.5,8239.4,8303.0,201752,168913
07/21/2011,8328.8,8425.2,8209.5,8410.3,123723,168319
07/22/2011,8441.8,8458.5,8352.9,8437.2,121929,160797
07/25/2011,8360.4,8471.1,8344.9,8446.4,127586,162847
07/26/2011,8455.6,8487.7,8394.2,8430.4,152206,162143
07/27/2011,8426.9,8445.3,8262.9,8262.9,165212,163592
07/28/2011,8260.6,8283.5,8174.0,8195.2,153401,165511
07/29/2011,8133.8,8266.9,8120.1,8196.3,217054,163421
08/01/2011,8328.3,8373.0,7869.4,8001.9,225653,164060
08/02/2011,7980.7,7998.5,7702.5,7704.2,253099,165876
08/03/2011,7699.6,7797.7,7515.5,7697.3,309929,170103
08/04/2011,7685.9,7743.8,7178.3,7192.6,366429,174126
08/05/2011,7182.8,7398.5,7026.3,7274.0,365238,184061
08/08/2011,6976.4,7208.1,6558.8,6559.9,396801,182861
08/09/2011,6593.8,6922.4,6306.4,6905.8,334755,182154
08/10/2011,6871.4,7021.7,6356.3,6460.7,289574,183261
08/11/2011,6620.2,6827.2,6299.5,6726.3,207494,187917
08/12/2011,6674.7,6960.3,6515.8,6903.5,125651,187672
08/15/2011,6971.2,7011.3,6894.9,6974.6,177434,187880
08/16/2011,6925.9,6940.2,6712.5,6834.1,156715,192048
08/17/2011,6841.6,6909.2,6739.5,6787.1,250145,187904
08/18/2011,6730.3,6765.9,6347.7,6427.4,256900,197779
08/19/2011,6352.9,6421.7,6132.6,6221.5,165177,200102
08/22/2011,6207.2,6418.3,6186.5,6246.8,171685,199463
08/23/2011,6335.1,6468.7,6255.4,6456.1,171365,202292
08/24/2011,6396.5,6592.6,6327.1,6547.9,243194,201568
08/25/2011,6526.7,6629.9,6216.4,6344.3,201730,193832
08/26/2011,6403.4,6414.8,6200.3,6395.3,99156,197126
08/29/2011,6467.0,6559.9,6410.2,6553.6,167908,195557
08/30/2011,6550.8,6574.9,6391.9,6488.8,196789,197909
08/31/2011,6495.1,6736.6,6479.6,6607.6,204209,195476
09/01/2011,6627.6,6650.6,6467.6,6499.7,167035,194991
09/02/2011,6468.2,6481.4,6301.3,6333.4,258172,210563
09/05/2011,6269.1,6269.1,5972.6,6005.9,258172,210563
09/06/2011,5967.4,6120.0,5910.1,6038.6,191530,210592
09/07/2011,6097.6,6256.5,6053.5,6251.9,230439,217989
09/08/2011,6245.0,6306.0,6122.0,6169.7,255264,223499
09/09/2011,6161.1,6219.7,5923.0,5947.8,329916,231484
09/12/2011,5844.3,5934.0,5716.6,5934.0,483382,241965
09/13/2011,5936.8,6017.9,5718.3,5989.2,553674,264969
09/14/2011,5868.4,6276.7,5842.0,6238.7,438180,263003
09/15/2011,6206.5,6427.3,6190.4,6427.3,274816,249767
09/16/2011,6415.2,6530.8,6361.2,6453.8,161737,176005
09/19/2011,6310.0,6333.0,6175.5,6290.5,175258,177037
09/20/2011,6205.9,6427.3,6175.5,6342.2,174327,176010
09/21/2011,6364.6,6426.2,6147.9,6147.9,232413,177379
09/22/2011,6081.2,6109.3,5873.6,5948.9,229613,183323
09/23/2011,5971.9,6028.3,5727.0,6001.2,243296,182931
09/26/2011,5931.7,6239.3,5847.7,6237.6,215652,178881
09/27/2011,6300.2,6536.0,6299.7,6426.2,194704,176248
09/28/2011,6394.5,6568.2,6320.4,6336.5,173107,173839
09/29/2011,6395.1,6572.8,6371.5,6502.6,203384,174825
09/30/2011,6474.5,6483.1,6241.0,6262.9,180151,179304
10/03/2011,6159.4,6265.7,6057.0,6057.6,229627,185864
10/04/2011,6085.2,6145.6,5901.8,6141.0,193676,186668
10/05/2011,6112.2,6353.1,6062.8,6336.5,242608,182429
10/06/2011,6316.9,6542.9,6283.6,6534.3,173411,185319
10/07/2011,6500.9,6622.8,6455.5,6509.0,148597,183646
10/10/2011,6605.0,6767.1,6509.5,6759.1,140558,199834
10/11/2011,6760.2,6778.1,6650.4,6749.3,183423,184713
10/12/2011,6722.3,6944.2,6678.0,6883.3,177787,183600
10/13/2011,6876.4,6952.9,6767.7,6863.2,163300,184609
10/14/2011,6852.8,6955.2,6779.2,6910.9,186125,185125
10/17/2011,6950.0,7004.6,6694.1,6709.6,198368,193219
10/18/2011,6683.8,6897.7,6619.4,6864.9,160082,196291
10/19/2011,6842.5,6886.7,6720.6,6739.5,221391,196801
10/20/2011,6698.7,6813.7,6617.1,6664.8,170771,196258
10/21/2011,6702.2,6894.2,6642.4,6885.6,143788,194070
10/24/2011,6943.7,6989.7,6835.6,6967.2,202579,169111
10/25/2011,6921.8,7094.3,6860.9,6920.7,180789,166699
10/26/2011,6946.0,7078.2,6851.7,6980.5,209048,166620
10/27/2011,7130.0,7408.3,7104.1,7389.3,161048,168864
10/28/2011,7362.3,7406.0,7260.5,7325.5,150562,167009
10/31/2011,7245.0,7261.6,7012.7,7020.1,256854,162756
11/01/2011,6951.7,6951.7,6632.6,6763.1,166466,172029
11/02/2011,6832.1,6898.8,6688.4,6836.7,253621,162131
11/03/2011,6681.5,7132.3,6663.6,7086.3,186756,165405
11/04/2011,7107.0,7123.1,6821.8,6905.7,159304,162525
11/07/2011,6904.0,6939.6,6713.1,6894.2,158775,163498
11/08/2011,6848.2,7007.5,6828.1,6986.2,234080,160317
11/09/2011,7008.1,7017.3,6592.9,6615.9,217602,166525
11/10/2011,6549.2,6830.4,6515.9,6770.0,150677,169469
11/11/2011,6809.7,6981.0,6734.9,6963.8,166166,170980
11/14/2011,7002.3,7055.2,6813.1,6847.1,203298,167800
11/15/2011,6817.2,6920.7,6690.1,6851.7,193770,167390
11/16/2011,6726.3,6941.4,6710.2,6721.7,212997,169786
11/17/2011,6750.5,6816.0,6624.0,6668.2,166027,173757
11/18/2011,6621.7,6789.6,6618.2,6660.8,177240,172814
11/21/2011,6612.5,6651.0,6428.5,6467.6,183358,177656
11/22/2011,6504.9,6537.7,6365.8,6388.2,191163,176963
11/23/2011,6306.0,6431.3,6270.9,6272.1,142411,183739
11/24/2011,6318.1,6402.0,6210.5,6265.2,142411,183739
11/25/2011,6250.2,6361.8,6170.9,6281.8,170074,190028
11/28/2011,6434.8,6621.1,6402.0,6584.9,180459,187797
11/29/2011,6620.5,6703.3,6545.8,6658.5,262559,188240
11/30/2011,6599.8,7054.6,6560.1,7035.1,171175,187655
12/01/2011,7036.2,7045.4,6920.1,6959.2,149522,182407
12/02/2011,7003.5,7101.2,6953.4,6960.3,143266,180375
12/05/2011,7032.8,7101.2,6961.5,7000.0,140549,178148
12/06/2011,6956.3,7012.7,6908.0,6969.0,175917,179076
12/07/2011,7012.7,7059.2,6807.4,6973.0,215383,178605
12/08/2011,6990.8,7001.7,6703.2,6715.3,201086,180720
12/09/2011,6684.8,6936.7,6652.6,6922.4,264038,186100
12/12/2011,6918.9,6918.9,6634.2,6682.5,315097,208794
12/13/2011,6691.1,6743.5,6566.3,6583.6,311661,208283
12/14/2011,6584.2,6648.6,6531.8,6560.6,353458,213396
12/15/2011,6513.4,6680.2,6508.8,6598.0,180439,208287
12/16/2011,6662.4,6669.9,6510.0,6528.4,125988,144231
12/19/2011,6478.9,6656.1,6458.8,6474.3,130161,146703
12/20/2011,6528.4,6773.4,6492.1,6769.9,152965,147473
12/21/2011,6776.8,6874.6,6641.1,6707.8,96181,146778
12/22/2011,6678.5,6781.4,6676.8,6771.7,50993,148257
12/23/2011,6818.8,6830.3,6731.4,6795.8,33311,149358
12/27/2011,6792.9,6824.0,6769.4,6788.9,77213,148919
12/28/2011,6747.5,6798.7,6642.2,6650.3,67560,152686
12/29/2011,6666.4,6771.7,6649.7,6765.3,36180,155911
12/30/2011,6764.2,6787.2,6697.5,6787.2,136963,158805
01/03/2012,7023.0,7116.2,6992.0,7071.9,115659,159954
01/04/2012,7055.8,7097.8,7008.6,7049.5,143918,162786
01/05/2012,7040.3,7073.6,6954.6,7051.8,139152,161558
01/06/2012,7023.0,7086.3,6921.2,6951.7,134788,160859
01/09/2012,6928.1,6998.3,6893.6,6958.0,151121,161071
01/10/2012,7011.5,7130.0,6988.5,7081.7,134760,158078
01/11/2012,7061.6,7117.4,7029.3,7109.3,158769,160430
01/12/2012,7101.2,7205.9,7077.1,7159.3,183116,162883
01/13/2012,7176.0,7206.5,6979.3,7070.8,152571,166235
01/16/2012,7027.6,7176.0,7014.4,7145.0,152571,166235
01/17/2012,7222.0,7303.7,7210.0,7247.3,164099,162178
01/18/2012,7270.4,7367.0,7230.7,7350.9,141060,165766
01/19/2012,7362.4,7393.4,7288.8,7375.0,142622,164861
01/20/2012,7393.4,7408.4,7334.8,7408.4,137362,163785
01/23/2012,7380.2,7454.4,7311.2,7400.3,142423,165302
01/24/2012,7376.2,7396.3,7291.1,7389.4,132800,164711
01/25/2012,7437.2,7455.0,7326.7,7438.3,147681,166780
01/26/2012,7430.8,7551.6,7400.9,7501.0,142326,166267
01/27/2012,7505.0,7568.3,7461.3,7507.3,126744,168031
01/30/2012,7468.2,7473.4,7380.8,7452.1,142270,167813
01/31/2012,7459.0,7521.1,7423.9,7462.5,168236,169195
02/01/2012,7448.7,7633.9,7437.7,7610.9,139474,173288
02/02/2012,7637.3,7681.0,7604.0,7673.0,146253,175359
02/03/2012,7664.9,7816.8,7637.9,7815.6,114341,172782
02/06/2012,7769.6,7807.0,7728.8,7786.9,142482,170407
02/07/2012,7770.2,7813.9,7690.8,7782.8,128248,169022
02/08/2012,7808.2,7862.8,7750.1,7817.4,165703,166582
02/09/2012,7799.5,7878.9,7763.3,7834.0,154452,166169
02/10/2012,7782.3,7788.0,7651.1,7710.9,117149,165606
02/13/2012,7755.8,7796.1,7720.1,7765.6,141442,165053
02/14/2012,7732.8,7817.9,7700.6,7748.9,158178,166353
02/15/2012,7822.5,7861.6,7724.7,7732.2,162797,167845
02/16/2012,7676.4,7831.7,7653.4,7817.9,135337,168983
02/17/2012,7815.1,7913.4,7815.1,7906.5,139874,171093
02/20/2012,7960.6,8006.6,7914.6,7996.8,139874,171093
02/21/2012,8004.9,8024.4,7905.4,7914.6,139955,170979
02/22/2012,7943.9,7963.5,7846.7,7863.9,164629,170701
02/23/2012,7880.1,7946.8,7744.3,7861.1,109826,169520
02/24/2012,7884.1,7930.1,7854.2,7879.5,141435,169542
02/27/2012,7853.0,7905.9,7758.1,7878.9,148414,168100
02/28/2012,7908.8,7942.7,7834.6,7927.8,170577,164045
02/29/2012,7945.0,8018.1,7871.4,7878.3,152745,166811
03/01/2012,7849.0,8008.9,7842.1,8000.8,116218,173597
03/02/2012,8008.9,8012.3,7935.8,7968.1,147538,170376
03/05/2012,7919.7,7944.5,7839.8,7921.5,219903,180624
03/06/2012,7895.0,7900.8,7594.8,7605.1,145767,192840
03/07/2012,7633.9,7687.9,7608.0,7685.6,179663,180870
03/08/2012,7712.6,7912.0,7712.6,7898.8,143274,189332
03/09/2012,7885.5,7957.4,7864.3,7935.5,211897,186251
03/12/2012,7898.8,7970.0,7883.2,7964.2,389216,225816
03/13/2012,8009.1,8114.8,7990.7,8111.3,350452,219230
03/14/2012,8077.4,8175.1,8077.4,8149.2,254707,224438
03/15/2012,8159.6,8248.0,8143.5,8234.2,176508,224608
03/16/2012,8229.6,8284.8,8222.8,8246.3,104411,162537
03/19/2012,8256.1,8258.4,8165.3,8248.6,124619,162168
03/20/2012,8227.3,8231.9,8094.1,8142.3,129069,162795
03/21/2012,8157.8,8190.6,8071.7,8131.4,154795,159980
03/22/2012,8118.8,8147.5,7986.1,7986.1,143112,160732
03/23/2012,8044.7,8090.6,7951.6,8082.0,127057,163400
03/26/2012,8101.0,8185.4,8020.5,8184.3,124608,165464
03/27/2012,8207.2,8234.2,8128.5,8128.5,153845,162823
03/28/2012,8117.1,8185.4,7999.3,8032.6,165924,163973
03/29/2012,8022.3,8051.0,7875.2,7953.3,121638,164558
03/30/2012,7968.8,8015.4,7940.1,8007.9,173771,163983
04/02/2012,8022.3,8161.3,7953.3,8130.8,140026,167499
04/03/2012,8144.6,8151.5,7970.6,8016.5,189852,164395
04/04/2012,7964.2,7994.1,7791.9,7811.4,169128,168693
04/05/2012,7828.7,7861.4,7692.0,7770.1,169128,168693
04/10/2012,7683.9,7753.4,7546.0,7547.2,165249,164769
04/11/2012,7587.4,7733.9,7584.0,7669.0,167476,162614
04/12/2012,7686.2,7782.1,7648.3,7776.4,174365,160649
04/13/2012,7771.2,7771.2,7534.6,7563.9,155054,160122
04/16/2012,7554.7,7678.7,7509.3,7638.0,161391,161734
04/17/2012,7619.6,7833.8,7610.4,7814.9,144543,167900
04/18/2012,7827.0,7837.3,7725.3,7749.4,192083,164543
04/19/2012,7760.3,7831.0,7626.5,7667.3,151315,170518
04/20/2012,7689.1,7778.1,7648.3,7737.9,182598,169025
04/23/2012,7709.8,7720.7,7473.7,7539.7,147060,172560
04/24/2012,7544.9,7596.0,7482.3,7565.6,157957,171789
04/25/2012,7598.9,7744.8,7585.1,7698.8,139912,178879
04/26/2012,7704.0,7800.5,7636.8,7787.9,152381,180035
04/27/2012,7717.8,7852.2,7644.9,7825.2,109247,184070
04/30/2012,7840.2,7876.9,7760.3,7799.4,109247,184070
05/02/2012,7847.1,7910.2,7661.5,7759.2,147441,182288
05/03/2012,7751.7,7811.4,7643.1,7666.7,161366,184464
05/04/2012,7659.8,7687.9,7511.6,7511.6,138184,183583
05/07/2012,7357.6,7581.7,7318.6,7568.4,172777,188321
05/08/2012,7552.4,7562.1,7372.0,7479.4,209363,185777
05/09/2012,7447.2,7481.1,7327.2,7446.1,164173,187991
05/10/2012,7471.9,7530.5,7401.3,7482.9,160572,189166
05/11/2012,7423.1,7574.8,7408.2,7500.7,154484,190534
05/14/2012,7479.4,7500.1,7359.9,7386.9,202144,190577
05/15/2012,7425.4,7482.9,7299.6,7323.2,201024,188127
05/16/2012,7269.2,7404.7,7236.4,7307.1,165569,192232
05/17/2012,7353.6,7380.0,7193.3,7193.3,178733,192181
05/18/2012,7152.0,7281.8,7147.9,7154.3,141455,192283
05/21/2012,7207.1,7317.4,7172.6,7312.8,160577,194960
05/22/2012,7323.7,7407.6,7296.2,7330.0,192853,190265
05/23/2012,7279.5,7324.9,7191.0,7312.2,192107,193322
05/24/2012,7295.6,7302.5,7172.6,7235.3,172001,197052
05/25/2012,7229.5,7363.4,7214.0,7261.1,186586,200433
05/28/2012,7353.0,7386.9,7251.3,7289.8,186586,200433
05/29/2012,7321.4,7403.0,7277.8,7374.9,223654,202350
05/30/2012,7328.9,7348.4,7190.5,7219.2,185057,205254
05/31/2012,7225.5,7265.1,7133.0,7203.1,264689,209108
06/01/2012,7174.9,7193.9,6903.2,6926.8,176076,215307
06/04/2012,6870.5,6930.2,6826.8,6885.4,182124,224497
06/05/2012,6906.7,6924.5,6793.5,6891.2,210092,233764
06/06/2012,6926.2,7049.7,6887.1,7048.0,204266,227169
06/07/2012,7061.8,7160.5,7009.0,7038.2,203914,223677
06/08/2012,7000.9,7088.8,6955.0,7079.6,280411,229369
06/11/2012,7239.2,7259.8,7007.8,7011.2,335989,227365
06/12/2012,7043.4,7137.6,6990.0,7111.7,335503,242355
06/13/2012,7097.4,7149.6,7001.5,7037.1,341443,246416
06/14/2012,7063.5,7088.2,6983.1,7056.0,224172,202998
06/15/2012,7083.0,7201.9,7069.8,7199.6,180234,155040
06/18/2012,7259.3,7279.4,7148.5,7178.3,151514,157382
06/19/2012,7173.2,7331.0,7160.5,7297.2,136522,158705
06/20/2012,7262.7,7376.4,7258.1,7339.1,154861,159239
06/21/2012,7306.3,7385.0,7196.1,7218.5,126843,160023
06/22/2012,7239.8,7259.8,7186.4,7219.7,129133,162834
06/25/2012,7192.1,7199.6,7027.9,7053.7,121709,163916
06/26/2012,7079.6,7100.8,7016.4,7078.4,117088,167431
06/27/2012,7078.4,7174.3,7044.0,7154.2,167747,167922
06/28/2012,7176.6,7176.6,7002.1,7104.3,170707,169346
06/29/2012,7222.5,7393.0,7192.7,7388.4,153006,176969
07/02/2012,7400.5,7517.6,7343.1,7483.8,112062,180744
07/03/2012,7488.9,7575.0,7472.3,7562.4,176414,177059
07/04/2012,7569.9,7569.9,7495.8,7545.2,176414,177059
07/05/2012,7529.7,7633.0,7438.4,7495.8,127777,176354
07/06/2012,7483.2,7506.1,7355.7,7384.4,109007,175921
07/09/2012,7355.7,7377.5,7323.6,7359.2,141465,174979
07/10/2012,7342.5,7457.3,7292.0,7360.3,118142,174964
07/11/2012,7370.7,7467.7,7350.6,7415.4,134007,177489
07/12/2012,7381.0,7421.2,7310.9,7404.0,115245,178273
07/13/2012,7422.3,7552.7,7391.9,7540.6,87179,181640
07/16/2012,7526.8,7553.8,7475.7,7530.3,117188,180983
07/17/2012,7563.0,7612.9,7511.9,7588.8,119340,181553
07/18/2012,7567.0,7691.6,7554.9,7681.8,121093,181771
07/19/2012,7708.2,7781.2,7692.2,7759.9,153395,182131
07/20/2012,7741.5,7786.9,7602.6,7617.5,177518,183149
07/23/2012,7516.5,7550.4,7315.5,7384.4,153087,161961
07/24/2012,7394.8,7414.9,7250.1,7306.3,149456,163920
07/25/2012,7285.7,7437.3,7281.7,7361.5,211750,162728
07/26/2012,7357.4,7575.6,7260.4,7543.5,183490,170920
07/27/2012,7592.8,7828.2,7479.2,7786.9,131127,168786
07/30/2012,7758.2,7805.8,7696.8,7773.7,138112,169622
07/31/2012,7820.2,7851.8,7756.5,7756.5,110371,173679
08/01/2012,7781.2,7812.2,7723.2,7747.3,217328,174770
08/02/2012,7769.7,7881.6,7523.4,7568.2,173655,174882
08/03/2012,7592.3,7912.1,7585.9,7888.5,113090,179701
08/06/2012,7887.4,7974.6,7862.1,7931.0,117355,180517
08/07/2012,7934.4,8026.3,7918.9,7996.5,107639,182122
08/08/2012,7990.1,8005.6,7931.6,7986.1,127461,180460
08/09/2012,8017.1,8042.4,7912.1,7985.0,99849,173198
08/10/2012,7952.2,8001.6,7912.6,8000.5,106818,173445
08/13/2012,7968.9,8013.7,7902.3,7963.7,88964,170035
08/14/2012,7994.7,8034.3,7967.7,7991.3,90011,171574
08/15/2012,7972.9,8009.1,7931.6,7974.6,88366,172909
08/16/2012,8019.4,8058.5,7955.7,8041.8,99540,172051
08/17/2012,8049.3,8100.9,8037.2,8100.9,98539,169894
08/20/2012,8091.8,8137.7,8049.3,8082.0,94627,168778
08/21/2012,8094.1,8161.8,8086.0,8107.8,114895,168046
08/22/2012,8092.3,8109.0,8043.5,8087.2,122454,167112
08/23/2012,8129.1,8133.1,7949.9,7966.0,116002,164124
08/24/2012,7991.9,8029.8,7906.3,8004.5,83288,166571
08/27/2012,8001.6,8096.9,7975.8,8052.7,112509,170452
08/28/2012,8049.3,8074.0,8009.1,8035.5,98268,166279
08/29/2012,8049.3,8075.1,7974.6,8041.8,105926,165984
08/30/2012,8003.3,8016.5,7889.1,7927.0,137648,163510
08/31/2012,7931.0,8053.9,7911.5,7988.4,121305,167969
09/03/2012,7988.4,8060.2,7968.9,8053.9,121305,167969
09/04/2012,8040.7,8059.6,7945.4,7984.4,151679,164467
09/05/2012,7972.9,8042.4,7914.4,7993.0,187727,168448
09/06/2012,8026.9,8238.2,8012.0,8226.7,139738,177209
09/07/2012,8228.4,8324.9,8227.3,8301.9,86039,174163
09/10/2012,8276.6,8307.6,8250.8,8259.4,158608,173676
09/11/2012,8246.8,8399.5,8237.0,8381.1,203082,191379
09/12/2012,8397.2,8510.3,8390.3,8431.6,138436,192271
09/13/2012,8427.6,8504.5,8361.6,8485.0,167014,192790
09/14/2012,8515.4,8553.9,8479.3,8494.8,130656,196894
09/17/2012,8478.1,8517.7,8464.4,8487.3,250495,193394
09/18/2012,8483.3,8487.9,8391.5,8456.3,284676,193902
09/19/2012,8493.1,8502.8,8415.0,8478.7,268467,204934
09/20/2012,8448.9,8501.7,8399.5,8497.7,182592,152375
09/21/2012,8526.4,8591.2,8489.0,8547.0,85455,152496
09/24/2012,8520.6,8547.6,8483.9,8529.2,105604,153671
09/25/2012,8535.0,8545.3,8439.7,8445.4,136577,154453
09/26/2012,8458.0,8467.8,8332.9,8367.4,112375,157867
09/27/2012,8416.1,8439.1,8347.8,8419.6,137243,159950
09/28/2012,8435.1,8443.1,8288.7,8316.3,135805,157652
10/01/2012,8278.4,8430.5,8276.7,8358.2,134989,160697
10/02/2012,8364.5,8470.1,8345.0,8397.8,115410,155753
10/03/2012,8389.7,8430.5,8351.9,8406.4,124082,152816
10/04/2012,8440.8,8470.1,8363.3,8423.0,112567,152269
10/05/2012,8424.2,8509.7,8397.8,8454.0,91160,157317
10/08/2012,8440.8,8448.3,8365.6,8394.3,126893,151520
10/09/2012,8412.7,8413.8,8289.9,8289.9,108730,155400
10/10/2012,8294.5,8322.0,8249.1,8262.3,126683,152481
10/11/2012,8258.3,8390.3,8246.2,8330.0,116323,155810
10/12/2012,8346.7,8374.2,8303.1,8312.8,114360,152019
10/15/2012,8305.9,8387.4,8291.0,8378.3,124903,152212
10/16/2012,8395.5,8488.5,8376.0,8485.6,111385,158928
10/17/2012,8483.9,8500.5,8460.3,8483.3,119865,160427
10/18/2012,8504.5,8552.2,8485.0,8520.6,134481,160455
10/19/2012,8513.7,8533.8,8415.6,8444.8,112375,161045
10/22/2012,8456.9,8487.3,8384.6,8431.6,158361,154944
10/23/2012,8424.8,8433.9,8212.9,8249.1,141804,159107
10/24/2012,8283.5,8286.4,8173.9,8225.6,116525,158418
10/25/2012,8277.2,8334.1,8246.2,8285.8,129543,161267
10/26/2012,8212.4,8333.5,8203.2,8316.3,59993,158468
10/29/2012,8296.7,8297.9,8234.2,8263.5,63084,154934
10/30/2012,8263.5,8374.8,8263.5,8355.9,117035,157219
10/31/2012,8366.2,8438.0,8328.3,8340.4,115500,157560
11/01/2012,8344.4,8448.9,8318.6,8433.9,111860,161126
11/02/2012,8436.8,8486.7,8396.1,8402.9,95270,159162
11/05/2012,8406.4,8443.7,8387.4,8435.1,101836,162049
11/06/2012,8445.4,8518.3,8403.5,8495.4,198143,164344
11/07/2012,8514.3,8541.3,8292.7,8337.5,142234,163201
11/08/2012,8335.2,8368.5,8247.4,8248.5,183998,163155
11/09/2012,8303.6,8309.4,8109.0,8215.8,81048,161145
11/12/2012,8228.4,8268.6,8194.0,8246.8,159706,160536
11/13/2012,8204.3,8251.4,8122.8,8180.8,136381,163891
11/14/2012,8211.8,8248.5,8072.3,8078.6,132400,167662
11/15/2012,8093.5,8128.0,8049.3,8078.6,163639,168499
11/16/2012,8075.2,8105.0,7976.4,8024.1,114209,170529
11/19/2012,8049.9,8186.5,8043.0,8175.1,121142,168690
11/20/2012,8155.0,8252.0,8142.3,8229.6,85093,167098
11/21/2012,8199.7,8261.2,8192.3,8256.6,86378,168377
11/22/2012,8278.4,8328.9,8273.2,8312.2,86378,168377
11/23/2012,8332.3,8421.9,8289.3,8392.0,90496,168601
11/26/2012,8371.4,8398.3,8350.7,8393.2,108903,165098
11/27/2012,8415.6,8455.2,8388.0,8407.0,136337,170446
11/28/2012,8397.8,8480.4,8340.4,8464.4,122854,175463
11/29/2012,8485.0,8516.6,8462.1,8487.9,105592,176011
11/30/2012,8490.8,8547.0,8484.4,8514.9,126821,180159
12/03/2012,8528.6,8597.5,8514.9,8520.0,125127,182160
12/04/2012,8516.6,8573.4,8510.9,8550.5,141440,195566
12/05/2012,8609.6,8618.2,8528.1,8579.7,144608,197846
12/06/2012,8573.4,8676.7,8565.4,8671.0,134642,196947
12/07/2012,8663.5,8673.3,8595.8,8644.6,109722,202506
12/10/2012,8636.0,8657.8,8561.4,8653.8,114722,203327
12/11/2012,8649.2,8723.2,8634.3,8708.9,110946,203013
12/12/2012,8720.9,8775.5,8710.0,8725.0,133681,203839
12/13/2012,8723.2,8746.7,8679.1,8702.0,136165,206422
12/14/2012,8713.5,8744.5,8688.8,8712.9,198228,226143
12/17/2012,8737.0,8755.3,8683.1,8743.3,250891,229796
12/18/2012,8767.4,8807.5,8751.3,8802.9,309331,227027
12/19/2012,8809.3,8819.0,8788.0,8789.8,209664,230423
12/20/2012,8778.9,8835.1,8768.0,8825.9,139344,155796
12/21/2012,8736.4,8793.8,8722.1,8782.3,139344,155796
12/27/2012,8751.9,8813.8,8750.2,8785.7,38260,158365
12/28/2012,8792.0,8802.4,8729.0,8737.0,38260,158365
01/02/2013,8881.5,8951.5,8861.4,8935.4,77587,157171
01/03/2013,8909.6,8923.4,8876.3,8887.8,84207,155007
01/04/2013,8884.9,8936.5,8864.9,8923.4,74542,156941
01/07/2013,8905.0,8919.9,8847.7,8871.8,95901,150655
01/08/2013,8848.8,8897.6,8814.4,8840.2,84237,152789
01/09/2013,8846.5,8875.2,8821.3,8847.1,111805,155683
01/10/2013,8880.9,8921.1,8816.1,8868.9,89161,155145
01/11/2013,8865.4,8870.6,8815.0,8863.7,103441,152775
01/14/2013,8882.1,8934.3,8836.2,8872.9,125428,148206
01/15/2013,8853.4,8875.2,8757.6,8828.2,105781,151611
01/16/2013,8801.2,8829.3,8768.5,8809.8,113850,152211
01/17/2013,8802.9,8909.6,8789.8,8864.3,107791,151956
01/18/2013,8880.4,8895.3,8837.9,8864.9,138615,148417
01/21/2013,8857.4,8901.6,8854.5,8889.0,138615,148417
01/22/2013,8878.1,8888.4,8753.6,8852.8,92337,148037
01/23/2013,8845.9,8870.6,8815.6,8851.1,115259,149350
01/24/2013,8836.2,8898.7,8786.3,8879.2,121275,151652
01/25/2013,8878.1,9034.6,8876.9,9034.6,82852,158446
01/28/2013,9040.3,9046.1,8983.0,8993.3,89388,152526
01/29/2013,9002.5,9013.4,8946.9,9006.5,100543,154614
01/30/2013,9011.7,9024.3,8915.9,8940.0,105369,155359
01/31/2013,8929.7,8960.6,8901.6,8918.8,118447,157312
02/01/2013,8941.1,9009.4,8927.9,8987.6,158486,159791
02/04/2013,8980.1,8989.3,8718.1,8753.6,117194,151985
02/05/2013,8745.0,8812.1,8740.4,8779.4,154909,156101
02/06/2013,8801.2,8824.7,8643.0,8711.2,140800,155344
02/07/2013,8692.3,8787.5,8675.6,8723.8,91596,156299
02/08/2013,8738.1,8778.9,8688.3,8777.7,85922,157622
02/11/2013,8777.7,8805.2,8711.8,8749.6,99765,155059
02/12/2013,8733.6,8794.9,8706.6,8786.9,98572,157487
02/13/2013,8786.9,8875.2,8771.4,8833.9,131493,157827
02/14/2013,8826.5,8863.2,8722.7,8769.1,111879,160976
02/15/2013,8751.3,8774.3,8681.4,8715.2,120108,161393
02/18/2013,8724.4,8753.6,8678.5,8752.5,120108,161393
02/19/2013,8738.7,8905.6,8726.1,8889.0,115753,164504
02/20/2013,8891.2,8927.4,8836.2,8836.2,162161,165322
02/21/2013,8822.4,8828.2,8669.3,8721.5,121584,163858
02/22/2013,8741.6,8830.5,8724.4,8830.5,212846,166264
02/25/2013,8825.3,9018.5,8753.6,8759.4,165689,165828
02/26/2013,8724.4,8807.5,8700.9,8760.5,153270,160851
02/27/2013,8748.5,8858.0,8674.5,8840.8,119252,161888
02/28/2013,8856.3,8927.4,8820.1,8874.6,163645,164937
03/01/2013,8860.9,8909.0,8747.3,8850.0,122159,167039
03/04/2013,8790.9,8869.5,8756.5,8866.0,202556,172330
03/05/2013,8886.1,9042.1,8873.5,8992.2,165114,189672
03/06/2013,9007.1,9148.7,9003.6,9098.2,171938,201560
03/07/2013,9093.7,9122.3,9070.2,9107.4,193218,214815
03/08/2013,9108.5,9204.1,9107.4,9160.0,208125,225072
03/11/2013,9154.3,9168.6,9120.0,9166.9,262867,229597
03/12/2013,9153.7,9173.2,9093.7,9136.0,317487,221347
03/13/2013,9141.7,9156.0,9100.0,9147.5,210226,199451
03/14/2013,9165.8,9238.4,9150.9,9225.3,126109,151384
03/15/2013,9245.9,9256.2,9162.3,9211.5,117100,157838
03/18/2013,9055.3,9192.7,8992.4,9159.5,129830,161717
03/19/2013,9150.3,9170.9,9076.5,9116.0,108780,161874
03/20/2013,9126.3,9208.7,9124.6,9162.9,131160,161935
03/21/2013,9155.5,9169.8,9037.6,9077.1,105740,161553
03/22/2013,9057.1,9116.6,9022.2,9097.7,151368,161878
03/25/2013,9170.9,9205.2,8994.1,9037.6,102370,162941
03/26/2013,9045.6,9071.4,9007.3,9050.8,142621,162401
03/27/2013,9057.1,9075.9,8876.8,8956.4,93514,165444
03/28/2013,8936.9,8991.3,8909.4,8971.8,93514,165444
04/02/2013,8926.0,9111.4,8918.0,9073.1,99142,169551
04/03/2013,9066.2,9116.6,8999.8,9010.7,135169,166681
04/04/2013,9042.2,9088.5,8944.9,8979.2,141539,169287
04/05/2013,8948.3,8969.5,8745.8,8796.7,88783,170995
04/08/2013,8780.7,8822.5,8761.8,8809.9,117027,165699
04/09/2013,8827.1,8851.7,8717.2,8780.7,124876,164093
04/10/2013,8768.7,8966.1,8767.5,8956.4,99876,162607
04/11/2013,8947.2,9037.0,8921.5,8985.5,129521,163281
04/12/2013,8971.2,8981.5,8851.1,8915.2,132066,158808
04/15/2013,8878.5,8907.2,8762.4,8770.4,133743,158189
04/16/2013,8803.0,8870.0,8750.4,8831.6,209902,162384
04/17/2013,8820.2,8857.9,8561.0,8616.5,156407,161781
04/18/2013,8613.1,8657.7,8519.2,8557.0,137261,161494
04/19/2013,8587.9,8627.4,8492.9,8545.6,120162,159467
04/22/2013,8598.2,8634.2,8517.5,8583.9,176756,157854
04/23/2013,8565.6,8799.6,8525.5,8790.4,140601,163070
04/24/2013,8786.4,8908.3,8765.8,8883.7,113321,166044
04/25/2013,8891.1,8999.8,8867.1,8950.1,104264,169760
04/26/2013,8948.3,8986.7,8896.3,8965.5,96817,168111
04/29/2013,8972.4,9077.6,8958.1,9062.2,113953,167494
04/30/2013,9062.8,9121.7,9035.3,9079.4,113953,167494
05/02/2013,9047.9,9168.6,9036.5,9121.7,124110,168074
05/03/2013,9133.7,9312.2,9109.7,9297.4,53205,170975
05/06/2013,9299.1,9299.1,9299.1,9299.1,86200,167661
05/07/2013,9367.7,9367.7,9367.7,9367.7,93171,170797
05/08/2013,9371.2,9455.8,9342.6,9450.1,75796,173137
05/09/2013,9437.0,9474.7,9411.8,9461.0,75796,173137
05/10/2013,9469.6,9566.3,9443.8,9471.3,133308,172937
05/13/2013,9475.3,9493.6,9403.2,9469.0,94977,177230
05/14/2013,9499.3,9559.4,9423.2,9559.4,108089,183058
05/15/2013,9551.4,9585.1,9496.5,9570.3,93028,184355
05/16/2013,9557.1,9616.6,9520.5,9553.7,110189,183272
05/17/2013,9560.0,9700.7,9528.5,9676.1,65913,188092
05/20/2013,9668.1,9684.1,9612.0,9654.4,92512,185303
05/21/2013,9651.5,9712.2,9606.9,9692.1,121099,186813
05/22/2013,9692.7,9796.3,9653.8,9685.8,147281,187006
05/23/2013,9594.9,9640.1,9475.9,9585.7,122631,189172
05/24/2013,9593.7,9613.2,9453.0,9537.1,112155,190091
05/27/2013,9545.7,9605.2,9533.6,9594.9,112155,190091
05/28/2013,9614.3,9760.8,9606.9,9675.0,124394,195298
05/29/2013,9660.1,9670.4,9517.1,9570.8,105845,193344
05/30/2013,9530.2,9638.4,9495.9,9607.5,126500,195577
05/31/2013,9608.6,9619.5,9495.3,9504.5,154542,197261
06/03/2013,9514.8,9610.9,9400.3,9539.9,96993,194803
06/04/2013,9551.4,9599.4,9428.9,9465.6,134154,194286
06/05/2013,9433.5,9493.6,9343.1,9348.3,136993,194741
06/06/2013,9367.7,9425.5,9213.8,9328.2,161120,198503
06/07/2013,9304.8,9479.3,9194.4,9457.6,109973,195607
06/10/2013,9434.7,9564.5,9427.8,9481.0,140863,196378
06/11/2013,9472.4,9477.6,9315.1,9348.8,130723,196159
06/12/2013,9382.0,9439.8,9269.3,9269.3,164920,200770
06/13/2013,9181.4,9336.7,9107.2,9334.4,117799,197865
06/14/2013,9306.4,9354.4,9235.6,9251.6,162421,197397
06/17/2013,9300.1,9446.9,9300.1,9362.9,121848,204950
06/18/2013,9374.4,9421.2,9341.8,9416.0,173223,203075
06/19/2013,9404.6,9466.3,9292.7,9292.7,223290,197319
06/20/2013,9220.8,9227.6,8994.7,9022.7,165876,189051
06/21/2013,9062.7,9122.6,8880.0,8949.1,163834,131507
06/24/2013,8854.3,8941.1,8745.8,8821.8,135895,139363
06/25/2013,8809.8,8963.3,8807.5,8952.5,114615,135170
06/26/2013,8929.6,9103.2,8911.9,9084.9,92272,134433
06/27/2013,9085.5,9168.3,9045.5,9106.6,113343,135570
06/28/2013,9138.0,9185.4,9027.8,9073.5,115877,133768
07/01/2013,9083.2,9166.6,9011.3,9084.9,112157,136442
07/02/2013,9114.0,9130.6,8960.5,9006.1,119613,133998
07/03/2013,8981.0,8994.7,8826.9,8965.0,134546,139167
07/04/2013,8983.9,9159.7,8978.2,9139.7,134546,139167
07/05/2013,9152.3,9177.4,8912.5,8974.2,100658,137719
07/08/2013,8985.0,9155.7,8958.8,9111.8,94374,138487
07/09/2013,9163.1,9238.5,9140.9,9224.8,84863,140207
07/10/2013,9200.2,9248.2,9124.3,9217.9,92503,139663
07/11/2013,9360.1,9375.5,9283.6,9348.7,80772,140554
07/12/2013,9341.2,9413.8,9335.5,9393.8,62410,144620
07/15/2013,9401.2,9447.4,9376.6,9410.3,72477,144898
07/16/2013,9408.0,9433.7,9338.4,9361.8,98279,144203
07/17/2013,9375.5,9444.6,9292.2,9421.2,88921,147121
07/18/2013,9406.3,9523.4,9381.8,9504.5,82571,150253
07/19/2013,9470.3,9523.9,9460.0,9522.2,71795,153363
07/22/2013,9547.3,9569.0,9489.1,9507.4,69905,154358
07/23/2013,9539.3,9555.9,9484.5,9502.8,104408,157061
07/24/2013,9495.4,9612.4,9495.4,9554.2,99213,158139
07/25/2013,9559.9,9561.6,9438.3,9520.5,88507,160959
07/26/2013,9519.9,9550.8,9382.4,9458.8,70946,164844
07/29/2013,9438.3,9509.7,9412.0,9424.6,80552,165514
07/30/2013,9466.3,9521.6,9414.9,9422.3,99138,165660
07/31/2013,9441.7,9484.0,9377.8,9445.1,94053,166224
08/01/2013,9501.7,9664.4,9488.5,9639.2,67489,171705
08/02/2013,9639.2,9643.8,9566.2,9615.3,51761,168857
08/05/2013,9622.7,9633.0,9554.2,9586.2,84340,167205
08/06/2013,9591.3,9639.2,9438.9,9452.6,75935,167607
08/07/2013,9417.7,9458.3,9397.8,9441.7,75028,167553
08/08/2013,9458.3,9538.2,9421.2,9513.7,78731,168911
08/09/2013,9521.1,9564.5,9459.4,9535.9,91505,170439
08/12/2013,9540.5,9560.5,9404.6,9549.6,83719,171994
08/13/2013,9577.0,9644.4,9570.7,9637.5,70882,175343
08/14/2013,9645.0,9661.5,9592.4,9631.8,96121,177027
08/15/2013,9610.7,9618.1,9485.7,9542.8,79704,178445
08/16/2013,9537.6,9595.3,9511.4,9563.3,76616,176377
08/19/2013,9567.9,9587.3,9505.7,9514.8,102773,176252
08/20/2013,9495.4,9502.2,9413.2,9481.1,78040,173343
08/21/2013,9476.5,9529.1,9431.4,9458.3,94779,173981
08/22/2013,9425.2,9629.0,9416.6,9617.0,74231,182230
08/23/2013,9611.3,9637.5,9543.9,9617.0,41173,181842
08/26/2013,9627.3,9647.8,9575.3,9596.4,138176,181768
08/27/2013,9577.0,9619.8,9351.0,9368.1,116235,178341
08/28/2013,9386.3,9406.9,9242.5,9305.3,88927,178741
08/29/2013,9305.9,9364.7,9283.6,9327.5,97784,179568
08/30/2013,9378.4,9385.2,9232.2,9234.5,105466,176132
09/02/2013,9345.2,9441.2,9331.5,9401.8,105466,176132
09/03/2013,9423.5,9450.3,9293.3,9341.8,104498,176132
09/04/2013,9355.5,9381.2,9241.9,9376.6,94166,157194
09/05/2013,9383.5,9429.7,9321.3,9402.3,125470,156239
09/06/2013,9373.2,9476.5,9330.4,9426.3,77263,159873
09/09/2013,9461.7,9499.4,9414.3,9485.1,113961,160904
09/10/2013,9505.1,9680.9,9503.9,9675.8,88068,157921
09/11/2013,9670.6,9720.9,9642.7,9716.3,76007,154484
09/12/2013,9726.0,9731.7,9684.9,9698.6,75958,157143
09/13/2013,9686.1,9736.9,9665.5,9728.3,120298,163366
09/16/2013,9841.4,9861.4,9803.7,9830.5,119664,175033
09/17/2013,9837.4,9859.1,9813.4,9848.8,118948,176332
09/18/2013,9860.2,10009.8,9823.1,9999.5,136311,179890
09/19/2013,9992.7,10025.8,9905.3,9920.2,89272,173423
09/20/2013,9940.2,9960.1,9889.9,9889.9,89309,143618
09/23/2013,9916.2,9941.3,9831.7,9876.2,73810,143998
09/24/2013,9880.8,9926.4,9862.5,9895.6,99433,145191
09/25/2013,9901.3,9921.9,9837.4,9887.0,70927,146648
09/26/2013,9917.3,9932.7,9855.1,9909.9,85020,147883
09/27/2013,9901.3,9931.6,9839.1,9906.5,103444,148660
09/30/2013,9812.2,9851.1,9763.7,9839.7,98902,149178
10/01/2013,9852.8,9943.6,9837.4,9943.6,102133,151289
10/02/2013,9915.6,9919.6,9802.5,9859.6,80310,148368
10/03/2013,9865.3,9889.3,9781.4,9804.3,71225,148066
10/04/2013,9800.8,9877.3,9790.5,9870.5,92623,148484
10/07/2013,9820.2,9831.7,9719.2,9802.5,92620,148672
10/08/2013,9811.1,9838.5,9732.9,9741.4,98074,147577
10/09/2013,9773.4,9814.5,9692.3,9747.7,117720,147955
10/10/2013,9787.1,9985.8,9764.3,9971.0,67306,152887
10/11/2013,9968.7,9992.7,9933.9,9981.8,66100,150932
10/14/2013,9924.2,10007.5,9910.5,9996.1,98570,150814
10/15/2013,9996.7,10079.5,9988.1,10061.8,92589,150374
10/16/2013,10051.5,10126.3,10032.1,10109.2,83245,151162
10/17/2013,10085.2,10101.2,10011.5,10079.5,78677,150289
10/18/2013,10106.9,10128.6,10057.2,10113.2,68458,154119
10/21/2013,10132.0,10149.7,10090.9,10125.7,114527,155208
10/22/2013,10126.3,10267.3,10105.7,10223.4,82608,158697
10/23/2013,10182.8,10204.5,10161.7,10187.4,71826,160954
10/24/2013,10234.2,10279.9,10223.4,10250.8,74817,160408
10/25/2013,10222.2,10292.5,10205.1,10263.3,69405,161629
10/28/2013,10305.0,10314.7,10223.9,10264.5,72034,162020
10/29/2013,10266.8,10326.7,10236.5,10317.0,94628,165332
10/30/2013,10325.0,10363.8,10251.4,10275.9,93936,164933
10/31/2013,10251.9,10340.4,10249.6,10310.7,82876,168236
11/01/2013,10319.3,10335.3,10270.8,10318.2,57683,166670
11/04/2013,10321.6,10346.1,10301.0,10345.6,92634,167774
11/05/2013,10342.1,10343.9,10238.2,10287.3,81312,169016
11/06/2013,10329.6,10355.3,10304.5,10323.3,167513,168957
11/07/2013,10314.7,10503.7,10281.6,10303.3,118689,170431
11/08/2013,10313.0,10392.4,10266.8,10390.1,66519,171696
11/11/2013,10377.5,10421.5,10353.6,10412.9,80000,172225
11/12/2013,10414.1,10422.7,10346.7,10365.0,113693,170488
11/13/2013,10338.1,10405.0,10258.8,10402.7,94589,174032
11/14/2013,10418.7,10458.1,10396.4,10448.4,79680,175041
11/15/2013,10454.1,10497.5,10433.5,10482.0,101030,173668
11/18/2013,10466.6,10571.7,10438.1,10510.6,86742,174418
11/19/2013,10508.3,10530.0,10463.8,10486.6,90926,175435
11/20/2013,10475.2,10551.1,10443.8,10467.8,86888,176388
11/21/2013,10449.5,10528.9,10412.4,10526.6,76152,177463
11/22/2013,10522.6,10542.6,10473.5,10534.6,82562,179426
11/25/2013,10553.4,10651.6,10548.8,10613.4,69132,180292
11/26/2013,10619.7,10643.1,10609.4,10631.1,73439,180292
11/27/2013,10636.2,10698.5,10619.1,10682.5,51522,181758
11/28/2013,10687.0,10739.6,10685.3,10723.6,51522,181758
11/29/2013,10717.3,10767.0,10714.4,10749.8,73631,184336
12/02/2013,10744.7,10768.7,10719.0,10719.6,145569,188468
12/03/2013,10717.9,10743.0,10511.2,10542.6,137617,186614
12/04/2013,10546.6,10579.7,10353.6,10438.6,100507,185442
12/05/2013,10415.2,10478.6,10365.6,10371.8,101168,193867
12/06/2013,10404.4,10525.4,10375.8,10510.0,69911,194613
12/09/2013,10528.3,10539.7,10475.2,10487.7,95052,190293
12/10/2013,10497.5,10537.4,10382.1,10412.9,92163,185971
12/11/2013,10406.7,10455.8,10319.3,10327.3,109266,185648
12/12/2013,10303.4,10349.0,10258.3,10286.3,90727,188237
12/13/2013,10312.5,10329.6,10265.2,10310.8,157571,188629
12/16/2013,10272.6,10492.0,10258.9,10461.8,108058,187786
12/17/2013,10446.4,10462.4,10371.8,10399.1,115369,192953
12/18/2013,10419.1,10598.1,10418.5,10598.1,130247,196239
12/19/2013,10559.3,10683.6,10559.3,10667.6,85975,201214
12/20/2013,10693.8,10750.3,10676.7,10725.7,43919,141768
12/23/2013,10773.6,10850.0,10756.5,10838.0,43919,141768
12/27/2013,10903.0,10952.6,10895.6,10937.8,36118,143944
12/30/2013,10943.5,10962.9,10905.9,10961.7,36118,143944
01/02/2014,10986.8,10993.1,10696.7,10731.4,67744,145449
01/03/2014,10701.8,10786.7,10689.8,10749.1,70566,141137
01/06/2014,10755.4,10806.1,10724.6,10765.7,75196,141667
01/07/2014,10770.2,10861.4,10744.0,10841.5,72637,139109
01/08/2014,10842.6,10871.7,10801.6,10827.2,102520,138469
01/09/2014,10821.5,10896.2,10728.0,10783.3,89181,137219
01/10/2014,10804.4,10875.1,10771.4,10845.5,72335,137628
01/13/2014,10826.6,10860.3,10753.7,10765.1,109140,138368
01/14/2014,10765.7,10923.6,10701.2,10918.4,115870,139604
01/15/2014,10925.3,11151.0,10914.4,11135.0,80234,141844
01/16/2014,11131.6,11136.7,11070.6,11098.6,102810,138015
01/17/2014,11103.1,11171.5,11062.1,11084.9,85272,140239
01/20/2014,11085.4,11106.5,11034.7,11088.3,85272,140239
01/21/2014,11118.5,11175.5,11081.5,11125.3,81175,138274
01/22/2014,11139.6,11144.7,11039.8,11103.1,112080,139872
01/23/2014,11071.2,11101.4,10948.1,11008.5,187710,140803
01/24/2014,11021.6,11030.7,10655.6,10660.2,154920,145002
01/27/2014,10652.8,10732.0,10592.4,10655.6,160725,148496
01/28/2014,10671.0,10795.3,10662.5,10785.6,185280,150156
01/29/2014,10828.4,10880.8,10518.3,10610.0,105710,146552
01/30/2014,10627.7,10757.7,10570.7,10728.0,109453,144690
01/31/2014,10693.8,10699.5,10451.0,10598.1,152638,148419
02/03/2014,10591.8,10674.4,10365.5,10384.3,152535,150200
02/04/2014,10397.4,10457.8,10345.5,10433.9,151324,148439
02/05/2014,10389.4,10441.3,10358.1,10408.8,120144,147636
02/06/2014,10404.8,10577.5,10272.0,10565.6,145574,146190
02/07/2014,10585.5,10663.0,10517.1,10656.8,115538,133417
02/10/2014,10658.5,10661.3,10582.7,10604.9,111060,132785
02/11/2014,10634.5,10854.6,10634.0,10795.3,117153,135791
02/12/2014,10844.3,10944.6,10825.5,10889.9,100500,140016
02/13/2014,10844.3,10994.2,10810.1,10984.5,87644,142784
02/14/2014,10960.6,11037.6,10939.5,11014.2,91189,140721
02/17/2014,11008.5,11043.8,10998.2,11017.6,91189,140721
02/18/2014,11031.9,11056.9,10962.3,10999.9,97272,140410
02/19/2014,10994.8,11059.8,10923.0,10935.5,113880,144855
02/20/2014,10910.4,10976.0,10835.8,10964.0,86773,144250
02/21/2014,10998.8,11026.2,10944.6,10974.3,86420,144599
02/24/2014,10978.3,11101.4,10949.8,11059.2,86251,145153
02/25/2014,11058.6,11076.9,10980.0,11034.1,80047,145461
02/26/2014,11076.9,11086.6,10959.5,10993.1,83247,146036
02/27/2014,11009.1,11031.9,10822.7,10959.5,96179,148906
02/28/2014,10966.9,11056.4,10905.9,11007.3,166010,165048
03/03/2014,10862.0,10887.6,10627.7,10660.2,126930,151848
03/04/2014,10742.9,10935.5,10733.7,10903.0,75962,155593
03/05/2014,10895.6,10948.1,10858.6,10872.8,81914,159585
03/06/2014,10908.2,10933.2,10833.5,10860.3,129230,157696
03/07/2014,10885.4,10895.0,10654.5,10708.6,112300,158474
03/10/2014,10663.0,10699.0,10505.7,10602.1,101430,158804
03/11/2014,10592.4,10691.0,10553.0,10578.1,137720,157679
03/12/2014,10568.4,10573.6,10421.9,10506.9,159380,157913
03/13/2014,10512.0,10523.4,10182.0,10220.1,168590,152834
03/14/2014,10199.6,10371.5,10166.1,10308.9,141460,154395
03/17/2014,10344.1,10488.7,10326.5,10481.3,176040,169855
03/18/2014,10479.5,10625.2,10382.8,10558.6,100530,170323
03/19/2014,10558.1,10636.6,10460.8,10517.7,133030,158715
03/20/2014,10483.5,10607.0,10437.4,10602.4,94302,120735
03/21/2014,10616.1,10693.5,10568.9,10592.2,124730,124640
03/24/2014,10623.5,10674.7,10465.3,10507.4,120340,124468
03/25/2014,10513.7,10699.7,10506.3,10687.8,103660,126625
03/26/2014,10708.3,10820.3,10671.3,10717.4,104410,126395
03/27/2014,10736.1,10799.9,10713.4,10769.7,94797,126493
03/28/2014,10793.6,10937.0,10778.8,10918.8,86573,130912
03/31/2014,10971.1,10985.9,10880.1,10914.2,68424,127694
04/01/2014,10933.0,10983.0,10916.5,10968.3,63661,127207
04/02/2014,10987.0,10999.5,10953.5,10997.3,90544,128524
04/03/2014,10987.6,11050.7,10935.3,10985.9,93871,130118
04/04/2014,10995.6,11084.3,10962.6,10974.5,126310,133974
04/07/2014,10956.3,10971.1,10776.0,10812.4,116550,133586
04/08/2014,10849.3,10864.7,10708.3,10810.1,73158,132372
04/09/2014,10812.4,10892.6,10807.2,10888.0,137070,133526
04/10/2014,10874.4,10924.4,10641.1,10653.6,135490,133004
04/11/2014,10663.3,10704.8,10555.2,10562.6,107020,130766
04/14/2014,10553.5,10654.2,10482.4,10648.5,161440,128784
04/15/2014,10649.1,10653.6,10357.2,10504.6,107730,130217
04/16/2014,10550.1,10662.7,10509.7,10645.1,91231,127686
04/17/2014,10614.4,10791.9,10572.9,10766.3,91231,127686
04/22/2014,10777.1,10958.0,10756.0,10953.5,72605,128272
04/23/2014,10952.9,10962.0,10872.7,10900.0,120160,127289
04/24/2014,10938.1,10997.3,10721.9,10855.0,111970,126704
04/25/2014,10849.3,10850.5,10675.3,10726.5,103960,128631
04/28/2014,10731.0,10825.5,10682.1,10787.3,82347,129405
04/29/2014,10820.3,10941.5,10803.8,10905.1,86615,133443
04/30/2014,10907.4,10967.1,10892.0,10962.0,86615,133443
05/02/2014,10973.4,10980.2,10857.9,10886.3,74553,130596
05/05/2014,10882.9,10882.9,10712.8,10875.5,96161,130348
05/06/2014,10904.5,10917.6,10744.7,10757.8,136920,128036
05/07/2014,10731.0,10882.3,10697.4,10875.5,114120,129917
05/08/2014,10876.7,10960.9,10802.1,10894.9,83152,130102
05/09/2014,10900.6,10952.9,10883.5,10933.5,91698,131244
05/12/2014,10959.7,11079.2,10915.3,11079.2,93135,132434
05/13/2014,11084.3,11144.6,11081.5,11113.9,77163,134594
05/14/2014,11127.6,11136.7,11069.0,11082.6,134000,135752
05/15/2014,11090.6,11176.5,10964.3,11016.6,111810,133999
05/16/2014,11012.6,11025.7,10902.8,10969.4,95699,131797
05/19/2014,10960.3,11019.5,10851.1,11000.7,98130,134597
05/20/2014,10999.0,11029.7,10916.5,10946.1,86203,132551
05/21/2014,10956.3,11054.7,10907.4,11042.8,69388,135244
05/22/2014,11088.3,11088.3,11028.0,11068.4,57949,135086
05/23/2014,11075.8,11131.5,11045.6,11127.0,73803,138856
05/26/2014,11145.2,11264.1,11134.4,11261.8,73803,138856
05/27/2014,11247.6,11327.2,11244.2,11320.4,72590,139172
05/28/2014,11336.9,11348.9,11265.2,11290.3,37961,138955
05/29/2014,11309.6,11336.9,11288.0,11328.9,64535,139693
05/30/2014,11313.6,11353.4,11293.1,11325.5,61483,139551
06/02/2014,11346.6,11370.5,11273.2,11335.2,64689,139857
06/03/2014,11326.1,11334.6,11249.9,11281.2,72052,138618
06/04/2014,11263.5,11313.0,11228.2,11310.2,135580,140752
06/05/2014,11303.3,11397.8,11260.1,11337.5,84596,140176
06/06/2014,11351.1,11389.8,11313.0,11389.8,38184,143928
06/09/2014,11387.5,11404.0,11361.4,11391.0,63437,144147
06/10/2014,11377.9,11421.7,11364.2,11407.5,92321,147717
06/11/2014,11401.2,11406.3,11287.4,11316.4,86756,145151
06/12/2014,11330.6,11346.0,11259.0,11314.2,119900,147980
06/13/2014,11314.2,11315.3,11183.4,11270.4,126340,153097
06/16/2014,11251.6,11294.3,11232.9,11268.7,229850,154152
06/17/2014,11286.9,11359.6,11219.2,11303.4,203760,164639
06/18/2014,11313.6,11384.1,11286.9,11368.2,131300,170441
06/19/2014,11383.5,11403.4,11368.7,11382.9,73847,127841
06/20/2014,11376.1,11432.4,11348.3,11369.3,75483,131610
06/23/2014,11382.9,11392.0,11233.4,11301.1,63723,129262
06/24/2014,11294.8,11322.1,11256.2,11261.3,88325,131116
06/25/2014,11253.9,11281.2,11189.1,11256.7,92783,130097
06/26/2014,11251.6,11271.0,11091.9,11189.7,58765,130081
06/27/2014,11172.0,11203.9,11137.4,11201.6,82551,130429
06/30/2014,11195.9,11252.8,11147.6,11185.7,67803,131103
07/01/2014,11209.6,11294.8,11187.4,11275.5,61219,134398
07/02/2014,11264.7,11305.1,11250.5,11277.8,87054,135020
07/03/2014,11289.1,11418.8,11269.3,11413.6,70980,141350
07/07/2014,11384.6,11392.0,11258.5,11279.5,111630,138831
07/08/2014,11288.0,11293.7,11085.6,11126.6,77042,142193
07/09/2014,11135.1,11180.6,11090.8,11170.3,137520,140953
07/10/2014,11170.3,11170.9,10937.3,11016.3,83171,144163
07/11/2014,11016.3,11041.3,10943.5,11001.5,65896,140347
07/14/2014,11037.9,11140.2,11020.8,11107.2,95964,138514
07/15/2014,11106.7,11133.4,11016.3,11073.7,85821,137214
07/16/2014,11069.7,11228.9,11067.5,11219.8,117630,139799
07/17/2014,11185.7,11201.6,11011.8,11028.2,97731,139094
07/18/2014,11029.9,11086.2,10974.2,11037.3,97034,137904
07/21/2014,11060.6,11066.3,10908.3,10962.9,83235,137894
07/22/2014,10986.7,11077.7,10969.1,11036.2,73788,137273
07/23/2014,11027.7,11148.2,11023.1,11100.4,89583,137178
07/24/2014,11090.2,11163.0,10999.8,11122.0,92247,140444
07/25/2014,11118.6,11139.1,10939.0,10975.4,94382,140476
07/28/2014,10971.4,11002.1,10833.3,10936.1,90522,142939
07/29/2014,10939.0,11024.3,10886.1,10940.7,96899,141635
07/30/2014,10965.1,11039.0,10885.0,10916.3,154960,139852
07/31/2014,10912.8,10922.5,10649.7,10651.4,164620,141603
08/01/2014,10682.1,10697.4,10405.2,10452.4,128770,143748
08/04/2014,10489.4,10530.9,10380.2,10474.6,117230,142927
08/05/2014,10430.8,10504.1,10323.4,10347.2,139620,140676
08/06/2014,10361.5,10423.4,10267.1,10360.3,156880,143665
08/07/2014,10386.5,10428.0,10203.4,10230.7,150220,144675
08/08/2014,10175.0,10347.2,10121.6,10342.1,96683,144003
08/11/2014,10347.8,10460.4,10330.8,10411.5,96727,143892
08/12/2014,10428.5,10438.8,10285.3,10325.1,89925,148494
08/13/2014,10344.4,10476.9,10344.4,10463.8,93821,146803
08/14/2014,10471.2,10534.3,10392.2,10508.7,129900,150486
08/15/2014,10509.8,10602.5,10280.2,10383.6,134633,150868
08/18/2014,10484.2,10538.8,10449.6,10536.5,68580,148825
08/19/2014,10540.5,10633.2,10536.5,10616.1,78156,148966
08/20/2014,10604.2,10620.7,10511.0,10611.6,83259,150608
08/21/2014,10622.4,10695.1,10546.2,10679.2,102370,147849
08/22/2014,10673.5,10704.2,10559.3,10626.4,66453,149887
08/25/2014,10690.0,10817.9,10689.4,10787.8,89023,151783
08/26/2014,10757.1,10906.0,10735.5,10883.9,64655,151019
08/27/2014,10899.2,10915.1,10851.5,10872.5,123600,151853
08/28/2014,10873.1,10877.6,10703.1,10761.6,93972,151527
08/29/2014,10788.9,10820.8,10650.2,10770.2,97226,148613
09/01/2014,10780.4,10811.7,10713.3,10773.0,97226,148613
09/02/2014,10795.7,10891.8,10762.8,10795.2,151090,150166
09/03/2014,10819.1,11011.2,10818.5,10936.7,182020,147950
09/04/2014,10929.3,11069.2,10842.9,11040.2,133750,155162
09/05/2014,11030.5,11130.0,11014.6,11128.8,79638,159599
09/08/2014,11123.7,11123.7,11043.0,11061.8,102760,152966
09/09/2014,11057.2,11108.4,10999.2,11011.2,105100,156613
09/10/2014,10999.8,11081.1,10954.9,11066.3,115720,152708
09/11/2014,11058.4,11063.5,10947.0,11024.3,94981,152456
09/12/2014,11039.6,11049.8,10934.5,10959.5,132960,153958
09/15/2014,10914.0,11011.2,10900.4,10986.8,225700,155622
09/16/2014,10974.8,11001.0,10899.8,11001.0,183860,155472
09/17/2014,11001.0,11047.6,10969.7,11002.7,185380,152555
09/18/2014,11022.0,11138.5,11007.8,11136.8,120900,122591
09/19/2014,11191.9,11247.0,11116.9,11125.4,78204,132029
09/22/2014,11095.3,11157.2,11051.0,11064.6,123010,130197
09/23/2014,11074.8,11081.1,10879.4,10889.6,106230,132145
09/24/2014,10899.8,11010.1,10838.4,11010.1,136799,131365
09/25/2014,10999.3,11052.7,10763.4,10781.1,110851,132053
09/26/2014,10799.2,10855.5,10747.0,10843.6,120240,131270
09/29/2014,10813.4,10814.0,10650.4,10717.4,128450,133292
09/30/2014,10723.1,10796.4,10689.6,10741.8,129650,138324
10/01/2014,10723.1,10823.7,10603.2,10632.2,171630,139020
10/02/2014,10645.8,10701.5,10417.4,10486.7,177858,143468
10/03/2014,10474.2,10474.2,10474.2,10474.2,116750,142836
10/06/2014,10611.7,10629.3,10395.2,10442.9,140020,139534
10/07/2014,10421.9,10435.5,10240.1,10241.8,151730,141462
10/08/2014,10249.7,10373.0,10183.2,10360.5,194470,144077
10/09/2014,10348.0,10391.8,10104.3,10145.7,207910,142423
10/10/2014,10140.1,10184.9,9962.2,9966.7,143460,143612
10/13/2014,9887.7,10086.1,9867.3,9916.2,159270,144902
10/14/2014,9966.7,10069.6,9888.3,10017.3,220870,142872
10/15/2014,10033.2,10065.6,9634.3,9792.3,258140,145130
10/16/2014,9803.6,9848.0,9490.0,9730.3,175020,142412
10/17/2014,9751.9,10066.7,9732.0,10012.8,129180,143550
10/20/2014,10081.0,10098.0,9866.2,9959.9,136660,145974
10/21/2014,9919.6,10166.2,9821.3,10161.6,110830,144861
10/22/2014,10169.6,10186.1,10046.9,10075.8,141837,144159
10/23/2014,10088.3,10312.8,10020.7,10265.1,97741,139679
10/24/2014,10223.6,10278.7,10175.9,10250.9,139970,139077
10/27/2014,10266.2,10337.8,10041.2,10149.7,101690,139262
10/28/2014,10175.3,10363.9,10171.9,10350.9,87565,138144
10/29/2014,10339.5,10410.5,10261.7,10324.7,151030,133819
10/30/2014,10347.5,10410.5,10112.8,10398.0,141710,136740
10/31/2014,10577.6,10619.7,10475.3,10590.7,104290,136740
11/03/2014,10579.9,10619.7,10494.6,10534.4,125460,136394
11/04/2014,10524.2,10591.8,10396.3,10465.1,113980,134597
11/05/2014,10523.6,10605.5,10481.6,10575.3,151050,136599
11/06/2014,10549.2,10761.7,10531.6,10689.0,128150,138655
11/07/2014,10728.2,10739.0,10498.6,10556.6,97321,136837
11/10/2014,10570.8,10629.3,10479.9,10627.1,77353,141293
11/11/2014,10637.9,10683.3,10594.7,10642.4,125250,143527
11/12/2014,10628.8,10636.7,10441.2,10505.4,128880,148189
11/13/2014,10543.5,10582.2,10417.9,10511.1,104990,153554
11/14/2014,10524.2,10558.3,10435.5,10494.6,106560,145862
11/17/2014,10425.3,10607.2,10370.8,10584.4,104060,148810
11/18/2014,10596.4,10785.0,10584.4,10782.2,114930,150739
11/19/2014,10757.8,10823.7,10724.2,10779.9,103660,157027
11/20/2014,10758.3,10786.2,10657.7,10775.9,164160,161782
11/21/2014,10807.8,11066.9,10804.9,11034.5,107542,159692
11/24/2014,11035.6,11176.0,11031.7,11152.1,109590,159065
11/25/2014,11160.7,11280.0,11120.9,11220.9,94517,161522
11/26/2014,11250.4,11305.6,11213.5,11279.4,81024,158784
11/27/2014,11310.1,11362.4,11276.6,11336.2,65579,159455
11/28/2014,11333.4,11365.2,11255.6,11331.1,103162,160705
12/01/2014,11282.3,11347.0,11248.7,11323.2,122960,167017
12/02/2014,11345.9,11414.1,11264.6,11325.4,80550,168175
12/03/2014,11323.2,11365.2,11288.5,11358.4,156926,167192
12/04/2014,11384.0,11509.6,11179.4,11261.2,111946,169126
12/05/2014,11257.3,11478.3,11257.3,11458.4,85955,174166
12/08/2014,11466.9,11470.9,11310.7,11343.6,150556,172641
12/09/2014,11316.4,11316.4,11123.7,11227.7,130647,169816
12/10/2014,11234.5,11267.5,11064.0,11069.7,150333,171494
12/11/2014,11095.8,11247.7,11087.3,11148.0,169420,185109
12/12/2014,11094.1,11123.6,10833.9,10853.7,232274,176096
12/15/2014,10866.8,10987.5,10556.1,10608.3,445040,182697
12/16/2014,10624.1,10868.5,10462.0,10689.9,269220,173480
12/17/2014,10700.7,10978.5,10700.7,10958.0,248250,168735
12/18/2014,10984.7,11208.1,10955.2,11208.1,151620,157455
12/19/2014,11255.7,11267.6,11003.4,11119.1,78382,125374
12/22/2014,11133.2,11278.4,11131.0,11253.4,60888,126279
12/23/2014,11257.4,11280.6,11185.4,11246.6,60888,126279
12/29/2014,11280.1,11291.4,11102.0,11261.9,49886,127734
12/30/2014,11259.6,11261.9,11082.8,11105.4,49886,127734
01/02/2015,11108.8,11214.9,10989.8,11068.0,143310,129080
01/05/2015,11028.3,11107.1,10715.4,10743.7,149830,130363
01/06/2015,10743.2,10920.6,10639.4,10726.2,117030,131403
01/07/2015,10782.9,10898.0,10729.6,10880.9,133150,131016
01/08/2015,10950.7,11183.1,10899.7,11143.4,141310,132676
01/09/2015,11129.3,11188.8,10887.7,10970.5,131590,126726
01/12/2015,10954.6,11137.8,10913.3,11078.8,145590,130704
01/13/2015,11097.5,11322.6,11062.4,11189.3,177080,137699
01/14/2015,11095.8,11303.9,11073.1,11194.5,213390,136866
01/15/2015,11286.3,11417.8,10865.1,11347.5,170140,146954
01/16/2015,11294.2,11696.7,11275.0,11666.7,107840,146054
01/19/2015,11627.6,11679.7,11560.1,11623.6,107840,146054
01/20/2015,11695.6,11695.6,11582.2,11654.8,149040,145780
01/21/2015,11651.4,11700.7,11511.9,11686.5,153170,143968
01/22/2015,11701.3,11960.4,11598.1,11907.6,159390,147313
01/23/2015,11905.4,12145.2,11890.1,12041.4,135330,150045
01/26/2015,11991.5,12310.7,11987.6,12276.7,138090,153315
01/27/2015,12274.4,12277.3,12014.2,12081.1,137890,151627
01/28/2015,12157.1,12196.2,11965.5,12006.3,120810,154718
01/29/2015,12024.4,12281.8,12017.6,12252.9,121300,158492
01/30/2015,12244.4,12269.9,12068.1,12075.4,119980,153467
02/02/2015,12131.0,12340.8,12110.6,12332.3,124990,157617
02/03/2015,12307.3,12460.4,12298.3,12387.3,115290,158253
02/04/2015,12396.3,12406.5,12251.2,12284.1,102560,158990
02/05/2015,12243.3,12395.8,12237.6,12348.7,98219,160142
02/06/2015,12341.9,12348.7,12196.8,12228.5,114910,160448
02/09/2015,12188.8,12222.3,12038.6,12071.5,121540,162846
02/10/2015,12108.9,12263.7,12010.3,12241.6,81889,166663
02/11/2015,12212.6,12245.5,12129.9,12209.8,113970,166156
02/12/2015,12231.4,12447.9,12168.4,12445.7,84794,169263
02/13/2015,12449.6,12491.0,12407.1,12444.5,103170,168957
02/16/2015,12428.6,12436.0,12294.8,12297.7,103170,168957
02/17/2015,12290.3,12414.5,12206.4,12369.1,72559,170406
02/18/2015,12365.1,12454.2,12356.6,12429.2,117080,169818
02/19/2015,12418.4,12500.6,12327.7,12455.3,135080,169311
02/20/2015,12445.1,12658.8,12413.3,12605.0,79467,166496
02/23/2015,12624.8,12655.4,12551.7,12608.9,88012,166742
02/24/2015,12624.8,12738.2,12574.3,12719.5,65785,169012
02/25/2015,12725.1,12736.5,12673.0,12696.2,89182,169315
02/26/2015,12732.5,12852.7,12686.6,12834.0,92318,173368
02/27/2015,12833.4,12928.7,12816.4,12903.2,83800,175646
03/02/2015,12929.8,12990.5,12886.1,12965.5,106720,176893
03/03/2015,12945.1,13011.4,12765.4,12827.8,129460,180591
03/04/2015,12832.3,12950.8,12692.3,12930.4,110080,181648
03/05/2015,12955.3,13078.9,12935.5,13043.8,94755,188684
03/06/2015,13063.6,13156.6,13034.1,13053.4,83307,186703
03/09/2015,13060.8,13163.4,12997.3,13132.8,125650,189766
03/10/2015,13124.3,13127.7,12929.2,13054.5,150210,193701
03/11/2015,13080.6,13441.2,13074.4,13406.6,181900,201757
03/12/2015,13428.7,13437.7,13329.6,13418.5,160780,202016
03/13/2015,13433.8,13581.5,13314.3,13547.5,231950,207826
03/16/2015,13553.7,13858.8,13531.7,13792.6,306350,223153
03/17/2015,13781.8,13829.9,13526.6,13622.2,347010,224698
03/18/2015,13636.4,13644.9,13402.6,13473.4,213810,223313
03/19/2015,13490.9,13619.4,13371.5,13508.5,139420,227174
03/20/2015,13544.1,13715.0,13530.5,13638.6,109740,176902
03/23/2015,13661.3,13661.8,13414.5,13461.5,113200,176969
03/24/2015,13476.2,13652.8,13382.8,13594.5,109920,180166
03/25/2015,13572.4,13640.3,13433.8,13459.2,156529,181904
03/26/2015,13373.2,13498.3,13187.5,13473.4,104760,183753
03/27/2015,13492.6,13565.6,13389.0,13472.2,89415,182365
03/30/2015,13504.5,13741.6,13489.8,13706.0,118540,183177
03/31/2015,13687.9,13758.1,13522.0,13537.9,118870,183905
04/01/2015,13472.8,13750.7,13436.6,13626.8,73304,185021
04/02/2015,13647.1,13649.4,13537.3,13596.2,73304,185021
04/07/2015,13675.4,13784.7,13653.4,13700.9,83267,185379
04/08/2015,13702.6,13762.6,13634.1,13683.9,84091,184965
04/09/2015,13704.3,13870.7,13667.5,13847.5,94882,189028
04/10/2015,13851.5,14069.9,13847.5,14061.4,83695,187899
04/13/2015,14046.2,14066.5,13930.1,13951.6,107480,183691
04/14/2015,13979.9,14009.9,13825.4,13917.1,81509,183711
04/15/2015,13916.5,13992.4,13843.5,13866.7,119390,186082
04/16/2015,13891.1,13903.0,13580.9,13615.4,154940,184700
04/17/2015,13612.6,13643.2,13204.5,13234.5,97332,183707
04/20/2015,13290.0,13514.1,13264.0,13469.4,122920,183545
04/21/2015,13521.5,13712.2,13516.4,13579.2,125820,184953
04/22/2015,13598.5,13669.2,13375.5,13523.7,138440,187265
04/23/2015,13523.7,13560.0,13247.5,13372.1,108600,192028
04/24/2015,13346.0,13488.7,13286.0,13406.6,125600,193940
04/27/2015,13428.7,13680.0,13310.4,13623.4,117030,192522
04/28/2015,13626.2,13680.0,13326.8,13432.1,177930,189788
04/29/2015,13398.7,13484.7,12886.4,13043.8,164160,190407
04/30/2015,12990.6,13121.9,12851.3,12927.2,164160,190407
05/01/2015,12990.6,13121.9,12851.3,12927.2,88701,190407
05/04/2015,13057.9,13222.1,12932.3,13164.9,153690,187535
05/05/2015,13138.3,13325.1,12804.9,12842.3,131860,185589
05/06/2015,12893.2,12990.0,12737.0,12852.5,125070,189094
05/07/2015,12867.2,12964.5,12653.3,12910.2,111200,187121
05/08/2015,12955.5,13295.1,12932.3,13272.4,79217,187004
05/11/2015,13274.7,13279.8,13144.5,13168.3,129770,185634
05/12/2015,13182.5,13198.3,12890.4,13016.6,119500,180114
05/13/2015,13052.3,13140.0,12795.9,12838.3,101690,180098
05/14/2015,12829.3,13123.6,12706.5,13105.5,104160,178219
05/15/2015,13097.0,13186.4,12891.0,12992.3,101660,178633
05/18/2015,12995.7,13182.5,12888.1,13170.6,120510,178281
05/19/2015,13209.1,13457.0,13193.2,13380.0,75875,180144
05/20/2015,13410.0,13462.6,13344.3,13428.7,71027,180569
05/21/2015,13415.6,13473.4,13318.9,13449.0,65068,180674
05/22/2015,13455.8,13457.0,13353.4,13397.0,115780,182395
05/26/2015,13355.1,13513.6,13121.9,13193.2,105150,183107
05/27/2015,13196.0,13361.3,13133.8,13335.8,80114,185813
05/28/2015,13295.6,13333.6,13140.0,13244.1,120280,185478
05/29/2015,13241.3,13269.0,12906.2,12943.6,100420,187730
06/01/2015,13016.6,13033.0,12843.4,12987.8,115070,185027
06/02/2015,12981.5,13003.6,12755.1,12823.0,111340,188063
06/03/2015,12841.2,13038.7,12789.1,12906.2,128050,187183
06/04/2015,12869.5,12965.1,12662.3,12760.8,108050,187860
06/05/2015,12740.4,12781.2,12609.7,12666.8,116080,188895
06/08/2015,12679.9,12705.3,12442.1,12477.2,134810,188973
06/09/2015,12474.4,12533.3,12294.4,12411.0,132400,188991
06/10/2015,12425.2,12798.7,12379.9,12748.9,140850,189581
06/11/2015,12743.8,12965.0,12721.2,12808.3,152780,191504
06/12/2015,12800.9,12859.8,12530.0,12674.8,193680,189519
06/15/2015,12560.0,12581.5,12399.9,12472.8,248930,199994
06/16/2015,12451.9,12539.6,12224.5,12524.3,231620,201832
06/17/2015,12547.5,12587.1,12307.7,12355.2,238250,193457
06/18/2015,12311.6,12781.7,12231.3,12609.2,132710,194042
06/19/2015,12550.3,12734.2,12445.1,12493.8,149320,166125
06/22/2015,12698.6,12998.9,12687.8,12955.9,114880,167954
06/23/2015,13039.1,13172.6,13035.7,13099.1,120490,167457
06/24/2015,13113.2,13118.3,12860.3,12914.1,116230,164187
06/25/2015,12940.1,13135.3,12841.7,12946.3,93963,167275
06/26/2015,12897.7,13085.5,12866.0,13056.1,159500,160567
06/29/2015,12394.2,12776.6,12265.2,12421.4,168930,159397
06/30/2015,12462.7,12603.5,12329.2,12451.9,135460,159192
07/01/2015,12534.5,12770.4,12420.8,12643.1,69658,160432
07/02/2015,12644.8,12706.5,12525.5,12580.3,120260,157767
07/03/2015,12595.6,12597.3,12452.5,12572.4,120260,157767
07/06/2015,12170.2,12441.7,12136.8,12296.9,140140,160624
07/07/2015,12338.2,12388.0,12059.9,12324.1,114830,159482
07/08/2015,12174.7,12225.6,12049.1,12121.6,110140,159178
07/09/2015,12225.6,12485.3,12196.8,12397.6,114870,157484
07/10/2015,12678.2,12901.1,12612.0,12897.1,102060,155102
07/13/2015,12814.0,13030.1,12732.5,12995.5,69963,156819
07/14/2015,13026.7,13065.7,12915.2,13045.9,64785,157610
07/15/2015,13050.4,13091.7,12985.9,13050.4,89931,158509
07/16/2015,13150.0,13340.6,13127.9,13276.7,70141,161644
07/17/2015,13279.5,13312.9,13181.1,13216.7,56716,159904
07/20/2015,13302.7,13358.2,13256.3,13293.7,72297,162469
07/21/2015,13331.0,13331.0,13090.0,13127.3,78574,163308
07/22/2015,13086.6,13118.9,12988.2,13068.5,83835,163975
07/23/2015,13111.5,13157.9,12939.0,12955.4,95208,163480
07/24/2015,12990.5,13066.8,12764.2,12783.4,133530,163041
07/27/2015,12801.5,12807.2,12478.5,12502.8,117020,165935
07/28/2015,12558.3,12726.3,12519.8,12689.5,105270,158495
07/29/2015,12664.6,12761.9,12580.3,12736.5,104150,157923
07/30/2015,12720.6,12800.4,12600.7,12750.6,88782,157691
07/31/2015,12764.2,12817.4,12636.9,12805.5,88782,159539
08/03/2015,12773.2,12970.7,12724.0,12924.8,105245,160317
08/04/2015,12927.1,12988.8,12876.7,12979.1,73353,160844
08/05/2015,12988.2,13190.7,12984.2,13124.0,91617,163561
08/06/2015,13132.4,13206.5,13047.6,13086.1,72648,167998
08/07/2015,13109.8,13110.4,12991.0,13024.4,74214,156952
08/10/2015,13060.6,13148.3,12931.6,13146.0,75910,156251
08/11/2015,13082.1,13094.0,12742.1,12787.4,131028,155620
08/12/2015,12671.4,12673.7,12323.5,12507.4,157183,156900
08/13/2015,12535.6,12622.2,12419.7,12454.2,112166,154434
08/14/2015,12425.9,12551.5,12342.2,12502.3,84147,154605
08/17/2015,12480.2,12574.1,12231.9,12421.4,104737,154737
08/18/2015,12415.1,12427.0,12309.4,12338.8,72606,154268
08/19/2015,12272.0,12282.2,12071.8,12076.9,103370,156395
08/20/2015,12058.2,12058.2,11653.2,11653.2,149949,155019
08/21/2015,11486.9,11808.2,11291.1,11353.4,206676,157485
08/24/2015,11094.8,11241.9,10541.6,10910.4,247635,163635
08/25/2015,10976.0,11525.9,10976.0,11116.3,194196,163448
08/26/2015,11305.8,11544.6,11142.9,11544.6,149406,155561
08/27/2015,11559.8,11747.1,11501.0,11714.8,123461,154440
08/28/2015,11667.9,11713.1,11520.8,11632.2,86910,151931
08/31/2015,11530.4,11663.3,11460.3,11567.7,78884,150862
09/01/2015,11329.6,11447.3,11183.6,11219.3,130606,152013
09/02/2015,11344.9,11469.9,11268.5,11469.9,106980,151131
09/03/2015,11455.7,11744.2,11439.3,11585.9,116872,151657
09/04/2015,11475.5,11559.3,11262.8,11336.4,53665,149341
09/07/2015,11426.9,11520.8,11373.2,11449.5,53665,149341
09/08/2015,11478.4,11735.2,11418.4,11692.8,100245,150099
09/09/2015,11820.0,11906.6,11489.7,11502.7,121414,149960
09/10/2015,11627.2,11689.5,11498.7,11596.1,141967,150375
09/11/2015,11608.0,11608.0,11408.7,11534.4,108301,157773
09/14/2015,11516.3,11576.9,11413.8,11502.7,158928,165698
09/15/2015,11525.3,11614.2,11399.7,11607.4,244844,168274
09/16/2015,11575.2,11704.2,11514.6,11623.8,184158,165807
09/17/2015,11634.6,11687.8,11464.8,11526.5,144787,158037
09/18/2015,11548.5,11569.5,11159.7,11240.0,169603,136863
09/21/2015,11191.4,11322.1,11074.7,11292.7,153300,135086
09/22/2015,11311.4,11343.1,10820.6,10901.0,111760,140924
09/23/2015,10766.8,10995.5,10736.2,10877.7,150320,140270
09/24/2015,10859.1,10991.0,10598.1,10792.3,126070,146020
09/25/2015,10866.4,11034.5,10825.1,10901.5,126730,143317
09/28/2015,10842.6,10957.6,10680.7,10701.1,147660,149245
09/29/2015,10664.9,10799.6,10530.2,10727.7,147669,146674
09/30/2015,10856.8,11021.0,10847.2,10943.4,128534,146253
10/01/2015,11036.8,11081.0,10697.7,10831.3,133665,150390
10/02/2015,10846.0,10960.4,10630.9,10958.1,137588,144373
10/05/2015,11026.1,11199.8,10922.5,11199.8,115259,142424
10/06/2015,11126.3,11271.7,11013.6,11174.9,118938,142484
10/07/2015,11206.6,11427.4,11195.9,11358.9,131387,140285
10/08/2015,11252.5,11440.4,11216.8,11439.3,92192,139305
10/09/2015,11456.3,11488.0,11371.9,11446.7,87759,140315
10/12/2015,11458.0,11534.4,11381.6,11442.1,67282,139784
10/13/2015,11439.9,11453.4,11248.5,11313.1,108959,139084
10/14/2015,11287.6,11365.7,11191.9,11229.3,107244,138823
10/15/2015,11298.9,11489.7,11271.7,11483.4,102589,142690
10/16/2015,11478.9,11509.5,11381.0,11453.4,93953,136969
10/19/2015,11461.9,11557.0,11396.3,11516.8,87111,137117
10/20/2015,11499.9,11540.1,11407.6,11480.6,79954,137823
10/21/2015,11537.8,11634.6,11437.6,11526.5,96267,138497
10/22/2015,11554.8,11986.1,11535.0,11971.4,136907,141529
10/23/2015,12046.1,12295.2,11982.2,12283.9,126409,140532
10/26/2015,12238.6,12303.7,12179.2,12221.6,90055,140032
10/27/2015,12211.4,12238.0,12097.6,12151.4,89222,140524
10/28/2015,12136.1,12371.1,12103.9,12351.8,95505,142480
10/29/2015,12314.4,12333.1,12160.5,12236.9,91244,145088
10/30/2015,12278.8,12317.8,12166.7,12253.3,76546,146779
11/02/2015,12183.1,12448.0,12145.2,12429.9,82486,153057
11/03/2015,12413.5,12452.6,12320.7,12396.0,77964,151355
11/04/2015,12422.0,12463.9,12240.9,12289.0,94723,151510
11/05/2015,12304.8,12415.2,12206.3,12325.2,94200,152572
11/06/2015,12342.8,12520.5,12274.3,12487.7,102734,157328
11/09/2015,12448.0,12469.0,12211.4,12266.9,88058,159604
11/10/2015,12288.4,12309.4,12144.6,12287.8,92489,160313
11/11/2015,12299.7,12449.7,12268.0,12300.3,87353,161149
11/12/2015,12329.2,12409.0,12126.5,12126.5,114259,160729
11/13/2015,12135.6,12246.5,12007.1,12088.6,114274,162077
11/16/2015,11887.6,12250.5,11867.2,12250.5,102101,163593
11/17/2015,12260.1,12429.4,12206.9,12334.8,110019,165182
11/18/2015,12338.8,12508.6,12313.3,12486.0,90992,163407
11/19/2015,12510.3,12627.5,12492.8,12510.9,97383,166200
11/20/2015,12526.2,12641.6,12509.2,12568.6,85026,165621
11/23/2015,12606.5,12615.6,12484.3,12523.9,70547,166291
11/24/2015,12534.1,12547.7,12303.1,12417.5,118010,166459
11/25/2015,12428.2,12667.7,12363.1,12633.2,62143,170781
11/27/2015,12738.4,12856.8,12728.8,12798.4,63697,171670
11/30/2015,12774.1,12944.5,12739.6,12853.9,81806,173040
12/01/2015,12923.5,12928.1,12718.6,12782.0,101850,171736
12/02/2015,12809.8,12831.8,12542.6,12585.6,108525,175708
12/03/2015,12623.5,12820.0,12047.3,12095.9,207881,176047
12/04/2015,12095.9,12317.3,12035.4,12303.7,123092,173042
12/07/2015,12314.4,12447.5,12232.9,12374.5,98823,172146
12/08/2015,12323.5,12340.5,12015.0,12087.5,113829,168248
12/09/2015,12101.6,12136.1,11828.2,11890.5,127589,172211
12/10/2015,11901.8,12054.9,11883.7,11970.1,99327,173560
12/11/2015,11984.8,11995.6,11619.7,11635.0,167249,180558
12/14/2015,11702.8,11811.9,11441.2,11631.0,225770,177064
12/15/2015,11603.9,11858.2,11558.1,11817.6,225589,180918
12/16/2015,11847.5,12040.2,11783.6,12026.7,220560,171173
12/17/2015,12012.0,12249.9,11900.1,12088.8,195836,170575
12/18/2015,12062.8,12136.9,11884.8,11928.9,109646,135978
12/21/2015,11926.1,12211.5,11840.7,11931.1,89050,138143
12/22/2015,11975.8,12026.1,11757.1,11945.8,71765,138614
12/23/2015,11944.7,12170.2,11941.9,12160.0,71765,138614
12/28/2015,12125.6,12178.7,12013.7,12096.7,50794,137338
12/29/2015,12130.7,12302.5,12129.5,12284.4,50794,138245
12/30/2015,12302.5,12304.7,12087.1,12127.3,50794,138245
01/04/2016,11890.5,11895.0,11585.8,11718.1,126477,140249
01/05/2016,11742.9,11759.3,11497.7,11690.4,105264,142703
01/06/2016,11574.5,11628.2,11408.9,11503.9,114139,144394
01/07/2016,11288.0,11349.6,11089.1,11111.1,152123,143297
01/08/2016,11273.3,11445.1,10990.2,11019.0,132200,145827
01/11/2016,10960.2,11281.2,10915.6,11199.8,126623,145464
01/12/2016,11090.2,11410.1,11050.1,11350.7,118227,148775
01/13/2016,11424.2,11490.3,11003.2,11052.3,131764,150196
01/14/2016,11122.4,11239.4,10864.7,11195.9,168149,148699
01/15/2016,11061.4,11115.6,10636.4,10739.8,167541,152552
01/18/2016,10812.7,10919.5,10686.1,10774.3,94006,151473
01/19/2016,10944.4,11032.0,10766.9,10862.4,118563,154030
01/20/2016,10614.3,10758.4,10457.2,10701.9,162843,158119
01/21/2016,10626.2,10927.4,10549.3,10822.3,152001,156072
01/22/2016,10986.8,11124.1,10969.2,11097.0,117041,154880
01/25/2016,11122.4,11131.4,10930.2,10931.4,93158,156037
01/26/2016,10841.5,11156.9,10809.3,11150.1,100781,155399
01/27/2016,11097.0,11216.8,10976.6,11030.3,103355,155861
01/28/2016,11064.8,11193.0,10835.3,10922.9,133419,153636
01/29/2016,11072.7,11117.9,10903.1,11116.7,102695,156458
02/01/2016,11124.7,11129.2,10885.6,11054.0,96980,155560
02/02/2016,11003.7,11003.7,10713.8,10727.4,119974,155795
02/03/2016,10709.8,10821.7,10562.9,10772.0,152831,158607
02/04/2016,10853.4,10873.7,10467.4,10595.7,149049,164497
02/05/2016,10579.8,10701.4,10422.7,10450.4,128964,162362
02/08/2016,10527.8,10551.0,10077.4,10167.8,165403,164479
02/09/2016,10088.7,10215.3,9910.1,10052.0,175228,160430
02/10/2016,10071.8,10314.2,10023.7,10097.8,131354,158584
02/11/2016,10042.9,10076.3,9823.1,9994.3,157723,160032
02/12/2016,9981.9,10162.8,9954.2,10162.8,83020,154343
02/15/2016,10295.0,10449.9,10292.2,10395.0,83020,154343
02/16/2016,10469.1,10475.9,10254.3,10396.7,102921,155667
02/17/2016,10354.9,10645.4,10319.9,10628.4,101362,156301
02/18/2016,10614.9,10792.9,10560.1,10673.7,109252,156503
02/19/2016,10690.6,10708.7,10530.1,10601.9,96589,155092
02/22/2016,10664.6,10835.3,10663.5,10806.5,76729,155137
02/23/2016,10732.4,10776.5,10618.3,10625.1,95057,153020
02/24/2016,10600.2,10653.3,10309.1,10518.8,134472,159163
02/25/2016,10475.9,10622.8,10395.6,10617.1,111361,155512
02/26/2016,10647.7,10823.4,10637.5,10713.8,111473,151561
02/29/2016,10664.1,10745.4,10541.4,10632.4,110108,153424
03/01/2016,10661.2,11050.6,10653.3,11047.2,122154,154990
03/02/2016,11089.6,11120.7,10955.1,11055.1,104076,152670
03/03/2016,11084.0,11097.5,10970.9,11060.2,83865,152135
03/04/2016,11054.6,11190.2,11007.1,11079.4,104947,153417
03/07/2016,11061.9,11087.9,10948.3,11008.8,86446,152987
03/08/2016,10978.8,11063.6,10865.8,10944.9,110468,151835
03/09/2016,10978.8,11122.4,10939.3,10978.8,104981,152541
03/10/2016,11011.0,11307.0,10642.2,10764.6,220941,155634
03/11/2016,10901.0,11190.3,10891.4,11190.3,142863,149762
03/14/2016,11169.4,11361.2,11167.8,11311.0,160490,155090
03/15/2016,11256.3,11286.2,11192.6,11274.9,222961,148491
03/16/2016,11260.2,11345.4,11231.5,11320.0,239953,148997
03/17/2016,11365.7,11400.6,11034.1,11181.8,261995,152432
03/18/2016,11170.6,11273.2,11114.2,11256.8,111877,106753
03/21/2016,11223.6,11427.7,11157.0,11267.6,116370,108411
03/22/2016,11264.2,11320.0,11042.0,11312.7,99476,107723
03/23/2016,11295.8,11450.3,11278.3,11311.5,92165,111867
03/24/2016,11276.6,11304.2,11138.4,11203.3,92165,111867
03/29/2016,11215.7,11270.9,11103.5,11249.5,87204,113491
03/30/2016,11264.2,11434.5,11237.1,11358.9,87204,114142
03/31/2016,11343.1,11357.2,11236.0,11246.7,89733,113886
04/01/2016,11181.8,11186.4,10953.5,11114.2,143588,116271
04/04/2016,11120.4,11216.8,11014.9,11052.7,116222,116974
04/05/2016,11007.0,11007.0,10777.0,10784.9,120084,122527
04/06/2016,10845.8,10939.9,10756.1,10939.9,113528,118400
04/07/2016,10915.7,10980.0,10682.8,10727.4,115520,118634
04/08/2016,10803.5,10947.8,10792.8,10877.9,96740,115145
04/11/2016,10882.4,11034.7,10771.9,10918.5,115172,115793
04/12/2016,10946.1,11085.4,10877.4,11078.7,116257,115588
04/13/2016,11145.8,11360.0,11145.8,11348.2,115650,116265
04/14/2016,11362.9,11432.2,11329.0,11415.9,98138,115994
04/15/2016,11395.0,11418.7,11326.2,11364.0,83687,117173
04/18/2016,11246.7,11484.7,11207.8,11477.3,103960,116936
04/19/2016,11520.2,11737.8,11482.4,11731.6,127420,121396
04/20/2016,11663.4,11836.0,11631.3,11803.3,105014,120684
04/21/2016,11836.5,11866.4,11696.1,11763.2,108490,121927
04/22/2016,11760.4,11798.7,11680.3,11772.8,91907,120336
04/25/2016,11726.6,11771.7,11572.6,11678.6,111604,121791
04/26/2016,11675.8,11753.1,11551.8,11644.2,107135,123768
04/27/2016,11596.9,11704.6,11561.9,11686.5,98715,126378
04/28/2016,11595.2,11688.2,11449.7,11574.3,120944,129321
04/29/2016,11536.0,11596.3,11339.2,11391.1,90109,128698
05/02/2016,11368.5,11468.3,11363.4,11448.0,90109,128483
05/03/2016,11430.0,11440.1,11198.8,11227.0,118238,129249
05/04/2016,11227.0,11249.0,11071.3,11098.4,104840,126792
05/05/2016,11153.7,11197.6,11058.4,11097.8,85854,128398
05/06/2016,11067.9,11200.5,10980.0,11195.4,107631,128398
05/09/2016,11232.6,11363.4,11141.2,11260.8,111821,138592
05/10/2016,11316.1,11406.8,11270.4,11384.3,96397,130245
05/11/2016,11345.9,11354.4,11196.5,11206.7,93026,127474
05/12/2016,11241.1,11376.4,11095.6,11154.8,125204,128938
05/13/2016,11072.5,11254.6,11008.2,11140.7,125204,128938
05/17/2016,11273.8,11367.4,11065.7,11080.3,116294,128071
05/18/2016,11092.2,11232.6,11042.0,11193.1,103759,127322
05/19/2016,11141.2,11172.8,11013.8,11091.6,121143,130011
05/20/2016,11161.0,11189.2,11104.0,11175.6,100368,127144
05/23/2016,11197.6,11246.1,11058.9,11096.1,101948,127559
05/24/2016,11064.6,11416.4,11014.9,11394.4,122962,132101
05/25/2016,11435.6,11541.6,11422.6,11503.3,92260,131140
05/26/2016,11475.6,11601.9,11472.8,11576.0,77423,133056
05/27/2016,11593.5,11624.5,11550.1,11616.0,33386,131168
05/30/2016,11644.2,11670.7,11599.1,11647.6,33386,131168
05/31/2016,11686.0,11700.1,11536.0,11577.7,81125,130319
06/01/2016,11562.5,11602.5,11458.7,11518.5,95754,131696
06/02/2016,11479.0,11568.7,11449.7,11565.3,79518,131530
06/03/2016,11560.2,11599.7,11319.4,11400.1,113282,131359
06/06/2016,11421.5,11450.3,11381.5,11428.3,82372,130458
06/07/2016,11459.3,11637.5,11453.6,11561.9,88857,133179
06/08/2016,11563.0,11583.3,11475.6,11537.1,83608,130521
06/09/2016,11510.0,11511.7,11330.4,11386.9,106551,131004
06/10/2016,11350.8,11371.1,11026.1,11060.0,142209,131751
06/13/2016,10953.2,11001.8,10828.5,10852.2,169668,130326
06/14/2016,10834.7,10864.0,10720.6,10795.7,245879,133868
06/15/2016,10773.7,10903.6,10773.7,10810.4,202091,130799
06/16/2016,10705.9,10906.9,10639.3,10906.9,231778,129524
06/17/2016,10908.6,10968.5,10801.9,10947.6,129099,105818
06/20/2016,11140.7,11276.2,11110.2,11192.1,97400,105596
06/21/2016,11257.0,11419.1,11200.0,11355.8,94205,103581
06/22/2016,11403.3,11453.0,11329.9,11332.7,107440,104582
06/23/2016,11440.0,11677.1,11394.8,11647.8,201520,104120
06/24/2016,10559.1,10964.0,10336.1,10703.7,150800,128967
06/27/2016,10618.4,10819.4,10391.4,10536.5,108670,137384
06/28/2016,10636.5,10778.8,10612.2,10730.8,96991,126527
06/29/2016,10771.4,10877.0,10720.6,10860.6,110210,115150
06/30/2016,10860.1,11049.8,10729.6,10992.2,110212,110689
07/01/2016,10975.3,11061.7,10892.8,10990.5,42375,106439
07/04/2016,11022.1,11068.4,10939.7,10962.8,42375,106439
07/05/2016,10945.9,10945.9,10676.0,10709.3,93652,109550
07/06/2016,10658.5,10753.4,10491.3,10631.4,122686,113332
07/07/2016,10643.8,10725.1,10560.8,10608.2,84758,113846
07/08/2016,10595.8,10891.7,10566.4,10866.3,88052,112591
07/11/2016,10967.9,11105.7,10926.7,11033.4,93765,113969
07/12/2016,11065.6,11298.8,11051.5,11228.2,86647,113514
07/13/2016,11213.5,11284.7,11166.1,11197.2,66471,112306
07/14/2016,11225.4,11407.8,11224.3,11344.0,90109,112543
07/15/2016,11321.4,11397.1,11252.5,11363.2,70159,112738
07/18/2016,11389.2,11467.6,11293.7,11342.9,73268,113286
07/19/2016,11315.8,11342.3,11192.1,11267.2,80149,114161
07/20/2016,11284.1,11450.1,11268.9,11427.6,74166,117502
07/21/2016,11440.0,11506.6,11381.8,11424.2,81760,116834
07/22/2016,11414.0,11489.7,11360.4,11471.0,71537,116366
07/25/2016,11425.9,11583.4,11414.0,11498.7,75191,116762
07/26/2016,11530.9,11599.2,11449.6,11578.9,74337,118027
07/27/2016,11611.6,11683.9,11603.2,11612.2,74266,119906
07/28/2016,11638.2,11723.4,11585.7,11685.0,88265,121778
07/29/2016,11677.1,11692.9,11608.2,11666.4,72930,123763
08/01/2016,11783.3,11826.2,11599.2,11617.3,79082,124238
08/02/2016,11632.0,11672.6,11418.5,11455.2,90109,122815
08/03/2016,11438.8,11537.7,11392.5,11525.8,82599,125511
08/04/2016,11556.9,11608.8,11491.4,11557.4,82081,126734
08/05/2016,11575.5,11716.1,11529.2,11716.1,74118,128501
08/08/2016,11775.9,11834.1,11740.9,11773.1,62048,131580
08/09/2016,11751.7,12084.3,11751.7,12053.2,96930,136130
08/10/2016,12079.7,12099.5,12005.2,12025.0,72260,135599
08/11/2016,12056.6,12133.4,12003.5,12112.5,86029,133995
08/12/2016,12109.7,12122.6,12061.1,12083.1,59373,133027
08/15/2016,12107.4,12201.1,12095.5,12113.0,52916,133628
08/16/2016,12095.0,12127.2,12005.2,12036.8,80010,136068
08/17/2016,12038.5,12087.1,11871.4,11986.6,90889,132519
08/18/2016,11986.6,12000.7,11910.3,11959.5,58920,132444
08/19/2016,12005.8,12007.5,11843.7,11935.7,81968,132510
08/22/2016,11889.4,12035.1,11729.1,11869.1,92792,128898
08/23/2016,11879.8,11999.0,11868.6,11951.6,68141,129657
08/24/2016,11919.9,12031.2,11873.1,11956.1,76848,131307
08/25/2016,11992.2,11992.2,11819.4,11869.1,85057,129160
08/26/2016,11865.7,11988.8,11804.2,11880.4,89005,130405
08/29/2016,11879.3,11939.7,11785.5,11939.7,64602,127611
08/30/2016,11936.3,12072.4,11935.2,12034.6,76066,129900
08/31/2016,12021.6,12044.7,11915.4,11955.5,80214,129576
09/01/2016,11984.9,12058.8,11844.8,11928.4,100015,130619
09/02/2016,11927.3,12114.2,11871.9,12101.8,50071,130464
09/05/2016,12140.2,12145.2,12049.8,12066.2,50071,130464
09/06/2016,12074.7,12130.6,12031.2,12091.6,82021,132564
09/07/2016,12103.4,12171.2,12035.1,12131.7,87002,133001
09/08/2016,12145.8,12175.8,11936.7,12054.8,124435,133665
09/09/2016,12038.4,12048.6,11831.0,11831.0,123531,136033
09/12/2016,11729.8,11910.7,11654.6,11910.7,215731,137110
09/13/2016,11883.5,11883.5,11695.9,11766.0,227663,140164
09/14/2016,11785.2,11803.8,11687.9,11706.6,219624,149923
09/15/2016,11693.6,11831.0,11674.9,11804.4,189493,141375
09/16/2016,11759.7,11779.0,11572.1,11625.2,140968,123369
09/19/2016,11685.1,11731.5,11660.3,11687.9,82769,123121
09/20/2016,11690.8,11824.2,11690.8,11742.2,103360,125453
09/21/2016,11798.7,11901.6,11750.7,11873.9,118569,126511
09/22/2016,11870.5,12094.4,11850.2,12066.1,74595,131890
09/23/2016,12065.0,12065.0,11977.9,11988.1,99792,128849
09/26/2016,11927.1,11949.7,11722.4,11733.7,108080,127914
09/27/2016,11802.1,11820.8,11590.7,11747.9,109801,127291
09/28/2016,11720.2,11886.4,11714.0,11870.5,125210,125735
09/29/2016,11903.3,11947.4,11583.9,11630.9,135830,126516
09/30/2016,11576.6,11919.7,11501.4,11901.1,135830,126516
10/04/2016,11870.5,12026.0,11845.7,11923.7,123992,126909
10/05/2016,11972.3,12000.0,11838.3,11972.8,80872,127053
10/06/2016,11972.3,12025.4,11898.2,11978.5,87244,127589
10/07/2016,11938.9,11953.1,11805.0,11835.5,127020,125495
10/10/2016,11866.0,12035.6,11805.5,11990.9,127020,125495
10/11/2016,11968.9,12079.1,11911.8,11939.5,99562,127966
10/12/2016,11955.3,11977.9,11862.1,11910.1,90065,127143
10/13/2016,11817.4,11832.1,11686.3,11810.6,117792,127365
10/14/2016,11825.3,11994.9,11794.2,11961.0,102324,132496
10/17/2016,11894.8,11957.0,11846.8,11873.9,85708,128771
10/18/2016,11927.6,12042.4,11906.1,12007.3,80552,135013
10/19/2016,12001.1,12061.0,11962.1,12036.7,65685,133724
10/20/2016,12070.1,12146.9,11966.6,12106.8,88348,135003
10/21/2016,12091.0,12133.4,12056.5,12116.4,88348,135003
10/24/2016,12095.5,12230.0,12094.9,12164.5,70494,138125
10/25/2016,12197.3,12239.1,12136.8,12173.5,72572,138661
10/26/2016,12175.8,12175.8,12011.8,12089.9,94197,138295
10/27/2016,12031.1,12176.9,12029.9,12092.1,101313,139551
10/28/2016,12074.0,12110.8,11951.4,12044.6,118764,138624
10/31/2016,12074.0,12084.2,12014.7,12075.2,74460,138880
11/01/2016,12119.2,12140.7,11815.1,11859.2,121738,139212
11/02/2016,11801.6,11831.5,11670.4,11727.0,113030,138991
11/03/2016,11734.3,11762.0,11633.7,11637.6,97358,138125
11/04/2016,11661.4,11667.0,11527.4,11551.2,111969,138907
11/07/2016,11801.6,11836.0,11729.8,11836.0,94877,133038
11/08/2016,11802.7,11927.1,11766.0,11917.4,84094,133803
11/09/2016,11333.5,12072.3,11320.0,12050.8,202590,140684
11/10/2016,12080.8,12203.5,11949.7,12061.6,166042,137763
11/11/2016,12065.0,12107.4,11962.7,12085.9,111280,141594
11/14/2016,12170.1,12207.4,12056.5,12096.1,112818,138607
11/15/2016,12101.2,12161.1,12052.0,12161.1,81912,139951
11/16/2016,12184.8,12189.3,11990.4,12049.7,100898,139291
11/17/2016,12070.6,12133.9,11980.8,12133.9,85317,140834
11/18/2016,12132.8,12150.3,12033.9,12055.4,88223,139219
11/21/2016,12083.1,12127.2,11969.5,12105.7,83964,140510
11/22/2016,12174.1,12188.8,12094.4,12145.8,76727,141247
11/23/2016,12145.8,12148.1,11983.0,12074.0,48034,138169
11/24/2016,12070.6,12115.9,12038.4,12092.1,48034,138169
11/25/2016,12102.3,12113.0,12035.6,12093.2,48980,136538
11/28/2016,12072.9,12084.8,11927.6,11928.2,104717,138787
11/29/2016,11947.4,12034.5,11911.2,12011.8,89421,136296
11/30/2016,12011.8,12088.7,11985.8,11994.9,88615,136158
12/01/2016,11994.9,12013.0,11845.1,11850.2,128297,137609
12/02/2016,11837.7,11921.4,11757.5,11902.7,106888,136849
12/05/2016,11807.2,12143.6,11780.1,12109.6,136103,136221
12/06/2016,12103.4,12254.9,12055.9,12244.7,103400,137079
12/07/2016,12282.0,12533.0,12260.0,12490.1,111245,137658
12/08/2016,12472.0,12668.8,12417.1,12631.5,126279,142001
12/09/2016,12634.3,12705.0,12604.3,12701.0,89439,145347
12/12/2016,12719.1,12721.4,12599.8,12625.2,140329,145682
12/13/2016,12646.2,12788.1,12638.2,12755.3,236979,149870
12/14/2016,12761.0,12805.6,12692.5,12705.5,186189,162107
12/15/2016,12746.8,12891.6,12732.7,12858.2,176191,157446
12/16/2016,12857.1,12953.3,12839.6,12892.7,105803,134638
12/19/2016,12916.5,12930.6,12869.0,12895.0,58172,134514
12/20/2016,12912.5,12981.5,12904.6,12957.8,45060,135011
12/21/2016,12948.2,12988.9,12944.8,12966.3,44665,135693
12/22/2016,12949.3,12983.8,12926.7,12955.5,34924,135603
12/23/2016,12965.1,12993.4,12901.8,12958.4,23675,135603
12/27/2016,12924.4,12989.5,12923.9,12964.0,32100,137165
12/28/2016,12977.6,12986.6,12932.3,12947.0,39741,136470
12/29/2016,12953.3,12968.5,12909.1,12941.4,45747,137870
12/30/2016,12958.4,12992.3,12898.4,12945.9,31614,139641
01/02/2017,12923.3,13146.7,12897.8,13109.4,31614,139641
01/03/2017,13132.5,13177.2,13065.8,13112.2,80115,136970
01/04/2017,13117.8,13141.0,13040.4,13108.2,64786,137298
01/05/2017,13062.4,13123.5,13041.5,13090.1,67756,136963
01/06/2017,13081.1,13141.6,13055.1,13125.2,57764,137783
01/09/2017,13155.2,13156.9,13029.6,13065.2,64783,137684
01/10/2017,13057.9,13124.6,13054.5,13093.5,60433,137694
01/11/2017,13093.0,13225.9,13030.7,13187.4,107976,139503
01/12/2017,13141.6,13150.1,12994.5,13070.9,86326,137240
01/13/2017,13091.8,13160.8,13068.1,13136.5,41995,138068
01/16/2017,13080.5,13096.4,13039.2,13074.9,41995,138068
01/17/2017,13052.2,13106.5,12921.0,13061.9,112711,145089
01/18/2017,13106.0,13150.1,13040.9,13150.1,62622,145704
01/19/2017,13155.2,13171.6,13074.3,13093.5,72039,144133
01/20/2017,13112.8,13159.7,13059.0,13138.8,75206,146298
01/23/2017,13080.5,13129.2,13015.5,13081.6,90859,146277
01/24/2017,13091.3,13172.1,13052.2,13156.3,62634,149346
01/25/2017,13172.1,13383.1,13164.2,13373.5,90548,154823
01/26/2017,13398.4,13454.9,13371.2,13385.4,69231,152607
01/27/2017,13392.7,13409.1,13348.0,13357.6,55373,153239
01/30/2017,13322.6,13343.5,13191.9,13245.1,78465,152832
01/31/2017,13208.3,13273.9,13047.7,13112.8,100916,154438
02/01/2017,13166.5,13262.6,13134.2,13194.8,83406,155468
02/02/2017,13140.5,13203.8,13114.4,13174.4,75065,155778
02/03/2017,13144.4,13235.5,13144.4,13186.3,68937,155086
02/06/2017,13174.4,13210.0,12981.0,13014.9,110582,157398
02/07/2017,12981.5,13125.8,12962.9,13076.0,81493,159121
02/08/2017,13086.2,13107.7,12979.8,13070.9,88138,160182
02/09/2017,13087.3,13186.8,13055.1,13167.0,85709,161228
02/10/2017,13206.1,13254.1,13165.9,13189.7,73933,161043
02/13/2017,13195.3,13357.6,13193.6,13316.4,69741,163616
02/14/2017,13311.3,13348.6,13288.1,13340.1,63232,162928
02/15/2017,13358.8,13399.5,13254.7,13346.3,73257,163390
02/16/2017,13326.0,13360.5,13260.9,13319.8,67483,162917
02/17/2017,13289.2,13342.9,13220.8,13336.7,46487,165718
02/20/2017,13370.1,13413.1,13348.6,13369.0,46487,165718
02/21/2017,13376.3,13569.2,13341.8,13559.6,81113,170681
02/22/2017,13565.2,13607.6,13533.5,13567.5,73864,172963
02/23/2017,13576.5,13590.1,13487.7,13527.3,64205,173628
02/24/2017,13497.3,13500.2,13255.8,13379.7,106089,171527
02/27/2017,13387.1,13419.9,13336.7,13402.3,62714,171932
02/28/2017,13401.8,13406.8,13320.9,13374.6,64739,172949
03/01/2017,13420.4,13686.2,13411.9,13660.2,97889,179192
03/02/2017,13655.7,13674.4,13616.7,13628.0,57800,178772
03/03/2017,13583.3,13637.0,13559.6,13592.9,72117,176990
03/06/2017,13566.3,13574.8,13479.8,13551.1,68844,174426
03/07/2017,13561.2,13561.2,13495.6,13520.5,56018,176475
03/08/2017,13493.9,13595.2,13474.2,13504.1,87020,176139
03/09/2017,13497.9,13583.6,13468.6,13540.8,97132,173596
03/10/2017,13566.1,13630.4,13484.4,13519.3,116688,178225
03/13/2017,13514.3,13576.8,13499.1,13567.8,134401,177198
03/14/2017,13580.2,13580.2,13478.8,13548.6,213803,172979
03/15/2017,13511.5,13630.9,13511.5,13628.7,198723,178712
03/16/2017,13665.9,13761.1,13608.9,13645.6,176035,169645
03/17/2017,13618.5,13693.5,13579.6,13655.2,84604,149891
03/20/2017,13608.9,13650.6,13590.3,13607.3,112840,150840
03/21/2017,13634.3,13685.0,13438.8,13448.3,88819,151709
03/22/2017,13417.3,13499.6,13388.0,13485.5,91363,151933
03/23/2017,13494.5,13609.5,13437.6,13577.4,74404,153952
03/24/2017,13598.8,13672.1,13566.1,13643.9,88390,158755
03/27/2017,13556.0,13594.9,13460.2,13593.7,82400,159363
03/28/2017,13626.4,13767.3,13604.4,13752.6,67152,161895
03/29/2017,13744.8,13824.2,13740.8,13784.8,67152,162673
03/30/2017,13788.7,13847.3,13776.9,13843.4,58051,164388
03/31/2017,13806.7,13938.6,13797.2,13913.8,68434,166121
04/03/2017,13934.1,13988.8,13788.7,13872.1,86543,166459
04/04/2017,13842.8,13893.0,13810.1,13890.7,63000,167152
04/05/2017,13893.0,13893.0,13742.5,13742.5,80663,164014
04/06/2017,13713.2,13829.3,13685.0,13801.1,84847,163269
04/07/2017,13763.4,13840.0,13714.3,13815.2,74724,162435
04/10/2017,13820.8,13860.3,13751.0,13762.2,62505,160579
04/11/2017,13751.0,13804.5,13603.9,13760.0,110183,162614
04/12/2017,13750.4,13827.0,13687.3,13698.5,91192,160777
04/13/2017,13717.7,13727.3,13627.0,13651.2,91192,160777
04/18/2017,13733.5,13761.7,13503.0,13541.3,108166,160423
04/19/2017,13572.9,13597.7,13511.5,13522.2,67296,159527
04/20/2017,13547.5,13621.3,13482.7,13591.5,82076,158287
04/21/2017,13605.0,13654.0,13559.9,13639.9,93887,157747
04/24/2017,13868.7,14091.9,13831.0,14077.8,125106,162227
04/25/2017,14032.2,14109.4,14032.2,14080.1,75319,159012
04/26/2017,14096.4,14100.9,14033.9,14036.7,60372,157995
04/27/2017,14042.3,14085.1,14027.1,14043.4,63369,158201
04/28/2017,14036.7,14064.9,14005.1,14043.4,63369,158201
05/02/2017,14055.8,14135.3,14023.7,14128.5,66647,159177
05/03/2017,14108.2,14143.2,14074.4,14142.6,60095,157320
05/04/2017,14155.6,14272.2,14138.1,14254.8,80446,157663
05/05/2017,14215.9,14471.7,14202.9,14465.5,78283,155981
05/08/2017,14439.6,14449.7,14276.2,14330.8,73917,154848
05/09/2017,14331.4,14418.2,14326.3,14369.7,62926,153552
05/10/2017,14359.6,14413.7,14333.7,14400.2,56552,153133
05/11/2017,14391.7,14404.7,14276.7,14365.2,81712,153910
05/12/2017,14336.5,14415.9,14330.3,14408.0,63422,154980
05/15/2017,14444.1,14475.7,14343.2,14431.7,68551,154323
05/16/2017,14427.8,14472.9,14395.1,14428.9,63598,154219
05/17/2017,14370.3,14412.6,14138.7,14155.0,113062,152615
05/18/2017,14161.8,14248.0,14078.9,14208.0,117809,153414
05/19/2017,14229.4,14263.8,14194.5,14239.5,75543,152177
05/22/2017,14274.5,14298.7,14161.2,14235.0,68324,151621
05/23/2017,14192.2,14316.2,14180.9,14276.7,80791,153609
05/24/2017,14249.7,14270.0,14213.6,14242.4,60737,150507
05/25/2017,14274.5,14324.1,14130.8,14218.7,83877,152123
05/26/2017,14193.9,14212.5,14117.8,14191.6,30770,153858
05/29/2017,14217.0,14251.9,14172.5,14227.1,30770,153858
05/30/2017,14212.5,14254.8,14159.0,14179.8,73390,154647
05/31/2017,14173.6,14323.5,14173.6,14240.7,108887,158072
06/01/2017,14249.1,14310.0,14219.8,14307.7,71709,162703
06/02/2017,14353.4,14516.2,14344.9,14468.9,71709,162703
06/06/2017,14398.5,14417.1,14259.3,14293.1,90493,150391
06/07/2017,14289.7,14365.2,14239.0,14284.1,81722,150216
06/08/2017,14299.9,14360.8,14292.0,14344.4,86480,151898
06/09/2017,14345.5,14451.0,14315.1,14381.1,94845,154071
06/12/2017,14379.9,14407.0,14272.8,14317.9,165463,156842
06/13/2017,14332.0,14439.7,14311.1,14433.0,247326,163035
06/14/2017,14399.7,14567.2,14399.7,14453.8,212144,172287
06/15/2017,14442.0,14443.1,14223.2,14307.8,174509,164653
06/16/2017,14345.0,14389.0,14324.7,14381.1,83209,138527
06/19/2017,14403.6,14559.8,14403.6,14544.6,69091,141050
06/20/2017,14580.1,14605.0,14406.4,14442.5,79834,140545
06/21/2017,14423.9,14439.2,14326.4,14395.2,61903,138876
06/22/2017,14407.6,14437.5,14333.7,14396.9,69057,140054
06/23/2017,14420.5,14424.5,14285.8,14350.6,58752,139786
06/26/2017,14382.8,14476.9,14372.0,14409.3,93623,139180
06/27/2017,14378.8,14382.8,14187.6,14220.9,91124,140958
06/28/2017,14183.7,14288.6,14129.0,14270.0,131850,140701
06/29/2017,14336.5,14358.5,13920.3,13975.6,102300,141881
06/30/2017,13975.0,14045.5,13876.9,13954.7,104437,141188
07/03/2017,13991.9,14077.1,13960.4,14044.9,46928,137622
07/04/2017,14021.8,14073.1,13994.2,14029.2,46928,137622
07/05/2017,14017.9,14090.1,13982.3,14076.5,80890,137456
07/06/2017,14068.6,14081.0,13880.8,13932.7,98651,138069
07/07/2017,13915.8,14006.0,13905.1,13992.5,64194,136615
07/10/2017,14043.8,14075.4,13980.1,14042.1,60794,138387
07/11/2017,14062.4,14136.9,13993.1,14056.8,76925,136550
07/12/2017,14053.4,14267.1,14037.1,14241.2,82947,138312
07/13/2017,14270.5,14293.1,14217.5,14268.3,57734,135319
07/14/2017,14259.8,14275.6,14174.7,14259.3,58659,134736
07/17/2017,14264.3,14288.6,14134.1,14182.0,65713,133453
07/18/2017,14160.0,14176.9,13956.4,14020.7,96280,134566
07/19/2017,14038.7,14075.4,13995.3,14068.6,92711,131763
07/20/2017,14091.2,14174.7,13964.9,14032.0,116950,130764
07/21/2017,14028.0,14051.2,13738.7,13809.2,116951,130470
07/24/2017,13794.5,13816.0,13685.1,13811.5,85012,129407
07/25/2017,13806.4,13866.7,13763.5,13823.3,82424,128019
07/26/2017,13815.4,13918.1,13799.1,13822.7,69734,126516
07/27/2017,13845.9,13860.5,13690.8,13735.9,90896,129729
07/28/2017,13697.5,13734.8,13634.4,13714.5,74979,126767
07/31/2017,13691.9,13764.7,13621.4,13634.9,73955,125367
08/01/2017,13679.5,13869.6,13626.5,13822.2,93907,123429
08/02/2017,13825.6,13845.9,13697.0,13737.0,76686,122419
08/03/2017,13722.4,13736.5,13631.0,13704.3,81822,122158
08/04/2017,13689.1,13894.4,13667.1,13852.1,78566,123629
08/07/2017,13869.0,13908.5,13777.1,13801.9,52372,125129
08/08/2017,13795.1,13902.3,13731.4,13800.2,69458,124527
08/09/2017,13758.5,13785.5,13637.2,13688.5,99284,125403
08/10/2017,13683.4,13712.8,13469.7,13478.2,105416,125403
08/11/2017,13456.2,13583.6,13451.7,13539.6,105157,127304
08/14/2017,13596.0,13750.6,13594.9,13712.8,73274,126900
08/15/2017,13766.3,13795.1,13702.1,13751.7,73713,127838
08/16/2017,13747.2,13867.9,13747.2,13797.4,69761,126056
08/17/2017,13789.5,13858.8,13660.3,13660.3,88721,127491
08/18/2017,13687.4,13756.8,13619.7,13724.6,98287,127134
08/21/2017,13704.3,13713.3,13549.8,13577.4,87820,127134
08/22/2017,13668.2,13807.5,13653.0,13800.2,74314,128102
08/23/2017,13800.2,13836.3,13703.2,13735.9,71145,130167
08/24/2017,13731.9,13821.6,13720.1,13738.7,74654,130096
08/25/2017,13761.8,13816.0,13677.2,13725.7,78016,129399
08/28/2017,13691.9,13728.6,13601.1,13675.6,66923,128539
08/29/2017,13585.9,13618.6,13380.6,13514.3,133679,128363
08/30/2017,13546.4,13577.4,13517.1,13566.1,82985,131358
08/31/2017,13583.6,13663.1,13567.3,13611.3,82920,129631
09/01/2017,13604.5,13748.9,13602.8,13708.3,48104,127051
09/04/2017,13625.4,13689.6,13569.0,13663.7,48104,127051
09/05/2017,13659.8,13770.9,13578.5,13617.5,110210,127391
09/06/2017,13603.9,13874.6,13591.5,13862.2,113083,127755
09/07/2017,13832.9,13946.3,13831.7,13897.2,116001,131924
09/08/2017,13827.2,13898.9,13814.2,13874.6,116001,131924
09/12/2017,14084.7,14165.4,14084.7,14120.8,179907,139146
09/13/2017,14144.5,14176.7,14072.2,14152.4,193523,143778
09/14/2017,14147.3,14164.3,14098.2,14149.0,128114,133423
09/15/2017,14143.9,14172.2,14107.2,14128.7,74698,113657
09/18/2017,14189.1,14231.4,14138.8,14167.1,54557,113657
09/19/2017,14180.1,14186.8,14129.2,14162.0,54350,112904
09/20/2017,14168.2,14208.3,14118.0,14204.3,62016,112506
09/21/2017,14223.5,14242.2,14190.8,14217.9,54472,113337
09/22/2017,14170.5,14268.1,14162.6,14221.3,56826,114324
09/25/2017,14172.2,14254.0,14156.9,14168.8,63745,113569
09/26/2017,14169.9,14250.1,14159.2,14215.6,64867,116474
09/27/2017,14258.5,14313.9,14241.0,14305.9,67710,116474
09/28/2017,14318.9,14356.2,14287.3,14350.0,57430,118254
09/29/2017,14356.2,14497.3,14351.1,14478.1,65527,120193
10/02/2017,14523.9,14562.2,14495.6,14558.9,65527,120193
10/04/2017,14626.0,14649.2,14546.4,14602.9,73449,120674
10/05/2017,14615.9,14654.3,14591.6,14652.0,52832,122396
10/06/2017,14646.4,14661.0,14600.1,14624.3,57871,122136
10/09/2017,14654.3,14665.0,14603.5,14614.8,45989,122136
10/10/2017,14630.0,14649.2,14563.9,14627.2,67337,121465
10/11/2017,14644.1,14653.1,14582.6,14630.6,53277,123221
10/12/2017,14635.6,14672.9,14603.5,14650.9,63637,123574
10/13/2017,14671.2,14713.5,14627.2,14664.4,41245,122674
10/16/2017,14697.7,14700.6,14644.7,14664.4,56623,122674
10/17/2017,14669.5,14707.3,14631.1,14679.1,64666,121358
10/18/2017,14689.3,14778.5,14672.3,14723.7,101560,122967
10/19/2017,14722.0,14727.1,14568.5,14665.0,66668,122703
10/20/2017,14702.8,14744.0,14618.7,14663.3,67957,124875
10/23/2017,14667.8,14752.5,14639.6,14668.4,67418,124875
10/24/2017,14658.2,14736.1,14649.8,14692.7,89047,124907
10/25/2017,14672.9,14725.4,14572.4,14624.3,106721,126850
10/26/2017,14652.0,14862.6,14602.9,14853.0,80102,126850
10/27/2017,14864.3,14954.6,14864.3,14919.6,49119,132454
10/30/2017,14904.4,14959.7,14903.8,14933.7,49119,132454
11/01/2017,15044.9,15226.7,15029.1,15200.7,63640,133893
11/02/2017,15169.1,15205.8,15129.6,15205.8,62956,133466
11/03/2017,15215.4,15245.9,15157.3,15208.6,50871,133561
11/06/2017,15214.3,15220.5,15172.0,15197.9,90087,131966
11/07/2017,15250.4,15279.8,15056.2,15100.3,74324,133426
11/08/2017,15087.3,15149.9,15063.6,15129.6,133955,136134
11/09/2017,15116.6,15131.3,14793.1,14842.8,88218,139369
11/10/2017,14894.8,14921.3,14798.2,14819.1,101400,140379
11/13/2017,14816.9,14859.8,14630.0,14781.3,95412,140201
11/14/2017,14763.2,14831.5,14674.0,14718.6,116648,141252
11/15/2017,14654.3,14673.5,14500.2,14646.4,81462,139829
11/16/2017,14693.8,14784.1,14680.8,14773.4,83733,136716
11/17/2017,14740.6,14776.2,14636.8,14652.0,93312,135737
11/20/2017,14528.9,14772.8,14512.0,14736.1,92284,136540
11/21/2017,14737.8,14914.0,14701.1,14873.3,94446,138258
11/22/2017,14875.6,14891.9,14634.5,14650.9,90599,138069
11/23/2017,14644.1,14733.3,14565.6,14681.4,90599,138069
11/24/2017,14676.3,14858.6,14649.8,14751.4,97977,138048
11/27/2017,14715.2,14809.0,14658.8,14687.6,89673,139785
11/28/2017,14675.7,14823.6,14633.4,14807.8,118016,141359
11/29/2017,14818.5,14900.4,14710.2,14744.6,101906,145111
11/30/2017,14734.4,14878.4,14699.4,14717.5,161528,148503
12/01/2017,14740.6,14760.4,14458.9,14615.3,103478,149676
12/04/2017,14692.1,14811.8,14645.8,14719.8,94962,147550
12/05/2017,14750.8,14786.4,14630.0,14684.8,121205,149404
12/06/2017,14635.6,14717.5,14520.5,14687.6,91598,153559
12/07/2017,14727.7,14804.0,14674.6,14790.4,107518,152969
12/08/2017,14841.3,14959.9,14841.3,14868.4,129057,156919
12/11/2017,14956.5,14956.5,14811.9,14859.3,219595,160218
12/12/2017,14879.7,14894.4,14775.7,14878.0,161042,155410
12/13/2017,14892.7,14902.3,14762.7,14779.7,160616,153021
12/14/2017,14765.6,14868.4,14693.8,14719.2,84720,153959
12/15/2017,14731.7,14843.5,14691.0,14832.2,70960,123355
12/18/2017,14915.3,15065.6,14898.3,15044.7,56531,125841
12/19/2017,15041.3,15071.2,14914.2,14957.7,91875,122544
12/20/2017,14966.7,14977.4,14711.3,14763.3,70425,124011
12/21/2017,14743.5,14845.2,14700.0,14768.4,36075,123600
12/22/2017,14759.3,14809.6,14742.4,14767.8,36075,123600
12/27/2017,14747.5,14836.7,14705.1,14760.5,44991,123765
12/28/2017,14743.5,14766.7,14643.5,14672.3,52273,123253
12/29/2017,14688.1,14688.1,14490.9,14524.3,83107,123253
01/02/2018,14602.8,14623.2,14387.0,14559.3,65749,127123
01/03/2018,14575.7,14711.9,14557.1,14690.4,88641,122773
01/04/2018,14713.6,14920.4,14708.5,14880.8,71395,123937
01/05/2018,14881.4,15078.6,14878.0,15071.2,67788,125805
01/08/2018,15105.7,15152.6,15061.6,15114.7,64573,125682
01/09/2018,15101.2,15167.3,15091.0,15127.2,85445,125649
01/10/2018,15106.8,15114.7,14938.5,14957.7,82426,125717
01/11/2018,15012.5,15027.2,14852.0,14963.3,75882,125851
01/12/2018,14966.1,14983.7,14869.0,14958.2,100804,125675
01/15/2018,14980.8,14988.2,14876.3,14906.2,100804,125675
01/16/2018,14935.1,15082.0,14840.7,14843.5,85881,123815
01/17/2018,14889.3,14969.5,14835.1,14937.3,80914,124036
01/18/2018,14950.9,15031.7,14907.9,15013.0,82763,124276
01/19/2018,14983.7,15211.4,14975.2,15198.9,65917,127385
01/22/2018,15202.3,15253.7,15147.5,15239.1,75869,126655
01/23/2018,15310.2,15364.5,15269.6,15323.2,85846,127399
01/24/2018,15331.2,15337.4,15106.8,15170.1,107984,127106
01/25/2018,15136.8,15191.6,14932.8,15070.1,61790,127053
01/26/2018,15048.1,15095.0,14983.7,15091.0,67972,127101
01/29/2018,15104.0,15109.7,14992.7,15046.4,88778,126842
01/30/2018,14954.3,15038.5,14879.1,14906.8,74531,126926
01/31/2018,14917.0,14990.4,14866.1,14906.8,133804,125614
02/01/2018,14965.6,15023.2,14627.7,14652.0,121227,128558
02/02/2018,14667.8,14672.3,14337.8,14338.4,140092,127636
02/05/2018,14251.4,14405.1,13716.8,13832.1,181461,128444
02/06/2018,13643.4,14176.2,13640.6,14114.1,116878,125515
02/07/2018,14156.4,14288.7,14018.0,14158.1,131654,123442
02/08/2018,14125.9,14174.5,13732.7,13799.3,154952,126409
02/09/2018,13737.7,13889.2,13447.9,13812.3,99645,126097
02/12/2018,13921.4,13982.4,13799.3,13959.2,92382,124993
02/13/2018,13875.1,13896.5,13758.7,13833.2,117018,124340
02/14/2018,13836.6,14036.7,13631.0,14029.9,93300,127630
02/15/2018,14059.3,14099.4,13862.1,13981.3,99831,126324
02/16/2018,13988.1,14159.3,13963.2,14102.2,79775,126476
02/19/2018,14130.5,14158.7,13960.4,14001.6,79775,126476
02/20/2018,14011.8,14125.9,13928.2,14086.9,70476,125626
02/21/2018,14053.6,14136.1,13971.7,14086.4,91621,126276
02/22/2018,13967.7,14119.7,13870.5,14047.4,69243,125894
02/23/2018,14128.8,14166.0,14041.2,14122.5,73380,124641
02/26/2018,14202.8,14236.7,14099.4,14197.7,94922,126187
02/27/2018,14197.1,14208.4,14040.0,14063.8,82149,127797
02/28/2018,14042.9,14143.4,13999.4,14035.5,149190,128545
03/01/2018,13957.0,14009.5,13567.7,13603.3,134892,131877
03/02/2018,13658.1,13672.8,13410.6,13532.6,131505,132970
03/05/2018,13477.3,13763.2,13250.1,13744.5,93149,132200
03/06/2018,13766.6,13866.6,13674.5,13731.0,111616,130158
03/07/2018,13559.8,13871.1,13521.9,13848.5,98845,130215
03/08/2018,13843.4,13987.9,13759.9,13944.4,97605,130928
03/09/2018,13965.3,14017.2,13879.0,13983.3,155411,129565
03/12/2018,14042.0,14091.1,13964.2,14003.7,275935,134750
03/13/2018,14023.4,14072.5,13702.9,13735.1,213252,142821
03/14/2018,13762.7,13917.9,13742.4,13841.7,153701,140571
03/15/2018,13837.8,13979.4,13818.6,13917.3,101854,138519
03/16/2018,13963.6,14062.9,13928.6,14000.3,100544,107661
03/19/2018,13929.7,13967.6,13722.1,13732.8,95595,110131
03/20/2018,13862.0,13924.7,13759.3,13921.3,94628,109185
03/21/2018,13929.7,13965.3,13825.9,13857.0,147898,110248
03/22/2018,13820.3,13853.0,13513.9,13533.7,147058,111527
03/23/2018,13455.8,13550.6,13338.4,13392.6,101321,110984
03/26/2018,13406.1,13527.4,13210.4,13395.4,105674,111383
03/27/2018,13531.4,13594.6,13321.5,13378.5,131672,110526
03/28/2018,13366.1,13561.3,13283.7,13499.2,108080,114635
03/29/2018,13480.6,13720.4,13462.6,13710.3,108080,114635
04/03/2018,13519.0,13625.6,13443.4,13597.4,114650,113044
04/04/2018,13584.4,13591.8,13308.0,13582.7,109320,112287
04/05/2018,13670.2,13916.8,13655.5,13866.0,105205,112289
04/06/2018,13763.3,13877.8,13735.7,13750.9,102028,113202
04/09/2018,13832.7,13970.4,13777.4,13814.1,95650,113056
04/10/2018,13987.3,14031.3,13923.0,13972.1,100044,112195
04/11/2018,13947.8,13990.7,13835.0,13877.3,81775,110911
04/12/2018,13871.1,14042.0,13843.4,14015.5,88702,112742
04/13/2018,14021.2,14144.2,13995.8,14063.5,92336,112378
04/16/2018,14104.7,14115.4,13974.3,14015.5,98536,110973
04/17/2018,14067.4,14250.8,14020.0,14209.6,82064,111525
04/18/2018,14248.0,14275.1,14167.9,14211.3,84566,110567
04/19/2018,14226.0,14253.1,14144.7,14165.0,83023,110273
04/20/2018,14199.4,14215.8,14104.7,14153.2,93502,110608
04/23/2018,14206.8,14220.9,14075.3,14172.4,116882,111919
04/24/2018,14236.7,14286.3,13978.8,14030.2,117376,114207
04/25/2018,14048.2,14101.3,13904.9,14035.3,113567,117838
04/26/2018,14055.6,14201.7,13981.1,14200.0,92994,117691
04/27/2018,14196.1,14263.8,14136.3,14214.1,68029,116653
04/30/2018,14241.8,14257.0,14177.4,14186.5,68029,116653
05/02/2018,14240.1,14493.4,14220.9,14430.2,109594,118936
05/03/2018,14437.6,14461.3,14306.7,14408.8,85930,116619
05/04/2018,14412.2,14514.3,14351.8,14512.0,74164,116002
05/07/2018,14535.7,14638.4,14464.6,14604.6,79230,117332
05/08/2018,14602.3,14620.9,14512.6,14601.7,73377,115097
05/09/2018,14613.6,14673.4,14552.1,14650.8,72333,115942
05/10/2018,14662.7,14715.2,14589.3,14688.1,72873,116249
05/11/2018,14732.1,14732.1,14628.8,14667.8,70468,116722
05/14/2018,14707.8,14709.0,14586.5,14640.1,76979,115881
05/15/2018,14616.4,14688.1,14577.5,14668.3,94908,115813
05/16/2018,14675.7,14711.2,14626.0,14695.4,72417,115525
05/17/2018,14679.6,14813.3,14644.1,14778.4,78186,114839
05/18/2018,14811.6,14825.7,14723.1,14749.6,78186,114839
05/22/2018,14828.0,14902.5,14734.9,14881.0,121766,115000
05/23/2018,14806.0,14839.9,14586.5,14662.7,117380,114081
05/24/2018,14632.2,14678.5,14440.9,14547.0,117373,115999
05/25/2018,14585.4,14670.0,14500.2,14567.9,142915,113640
05/28/2018,14641.8,14712.3,14468.0,14513.7,142915,113640
05/29/2018,14500.2,14509.2,14187.0,14265.5,112508,113549
05/30/2018,14276.2,14478.2,14259.8,14460.7,115289,116877
05/31/2018,14419.5,14451.1,14150.9,14229.9,100025,119312
06/01/2018,14245.2,14440.9,14245.2,14373.8,84976,122316
06/04/2018,14385.6,14493.4,14339.9,14406.0,119107,123923
06/05/2018,14404.8,14585.4,14384.0,14403.7,108741,127270
06/06/2018,14461.3,14556.0,14358.6,14552.7,111244,127476
06/07/2018,14557.7,14570.2,14288.2,14350.9,125003,130714
06/08/2018,14322.7,14449.8,14229.4,14449.8,192660,135883
06/11/2018,14392.2,14549.3,14385.4,14538.0,243329,137172
06/12/2018,14557.7,14620.5,14460.5,14486.5,168799,138361
06/13/2018,14527.2,14570.2,14424.9,14552.1,210988,120228
06/14/2018,14489.9,14885.5,14445.8,14850.5,113704,122310
06/15/2018,14843.7,14869.1,14677.6,14751.6,88383,93867
06/18/2018,14690.0,14692.2,14426.6,14480.9,109055,92725
06/19/2018,14328.3,14361.6,14210.2,14361.1,77219,92859
06/20/2018,14400.6,14409.7,14297.2,14338.5,109411,92751
06/21/2018,14355.4,14359.9,14076.8,14113.6,80705,94870
06/22/2018,14129.9,14228.8,14090.9,14208.5,121607,94627
06/25/2018,14122.6,14154.2,13827.6,13859.8,98411,97458
06/26/2018,13902.2,13949.1,13755.3,13878.5,135545,97098
06/27/2018,13852.5,14046.3,13682.4,13863.8,120646,94088
06/28/2018,13875.6,13971.7,13660.9,13797.1,96484,93707
06/29/2018,13833.2,13980.7,13833.2,13869.4,86222,93246
07/02/2018,13784.6,13896.5,13693.1,13877.9,82671,93107
07/03/2018,13904.5,14032.7,13859.2,13894.8,101742,94306
07/04/2018,13906.7,13944.0,13866.0,13922.0,101742,94306
07/05/2018,13916.9,14133.9,13896.0,14089.8,71067,94408
07/06/2018,14138.4,14178.5,14029.3,14120.9,61919,93021
07/09/2018,14184.8,14191.5,14100.0,14176.3,73947,92670
07/10/2018,14202.3,14275.2,14146.9,14234.5,95659,92125
07/11/2018,14124.9,14138.4,13988.7,14022.6,80575,93438
07/12/2018,14071.7,14131.6,14007.3,14127.1,68874,94374
07/13/2018,14156.5,14210.2,14110.2,14153.7,68363,93903
07/16/2018,14157.1,14233.9,14118.6,14187.0,90302,94955
07/17/2018,14196.1,14380.9,14137.9,14346.4,76005,96523
07/18/2018,14364.5,14432.9,14342.4,14404.0,71863,96949
07/19/2018,14408.5,14413.1,14295.5,14317.6,108868,95563
07/20/2018,14298.9,14352.0,14076.8,14173.5,63687,95196
07/23/2018,14149.2,14205.7,14102.2,14200.0,93792,94200
07/24/2018,14248.1,14406.9,14209.1,14309.1,89255,95594
07/25/2018,14309.1,14396.1,14155.9,14359.9,103692,95134
07/26/2018,14326.6,14496.7,14320.4,14473.0,75769,98827
07/27/2018,14492.8,14558.3,14448.7,14485.4,56190,94956
07/30/2018,14449.8,14514.2,14427.2,14445.3,81702,93503
07/31/2018,14469.6,14528.4,14385.4,14484.3,86009,94530
08/01/2018,14487.7,14503.5,14341.9,14378.6,109900,94651
08/02/2018,14331.7,14345.3,14110.7,14209.6,66485,97331
08/03/2018,14218.7,14287.6,14187.0,14276.9,88396,95147
08/06/2018,14287.6,14367.9,14159.9,14237.3,71666,94213
08/07/2018,14252.0,14392.7,14250.9,14304.6,77754,94606
08/08/2018,14296.7,14354.9,14216.4,14243.5,81207,94393
08/09/2018,14264.4,14347.5,14204.0,14326.0,112762,94623
08/10/2018,14240.1,14266.1,13989.8,14031.6,75732,97009
08/13/2018,13939.5,14009.0,13919.7,13953.1,76736,96710
08/14/2018,13994.3,14079.6,13886.4,14032.7,106908,96166
08/15/2018,13990.4,14045.7,13681.8,13742.8,68146,95897
08/16/2018,13820.2,13864.9,13745.7,13817.4,70151,97291
08/17/2018,13835.5,13842.3,13707.2,13830.4,62720,94854
08/20/2018,13842.3,13979.6,13820.8,13919.1,66838,93082
08/21/2018,13925.9,14045.7,13905.6,14000.0,67716,92739
08/22/2018,13954.8,14057.6,13932.7,13982.4,55410,94499
08/23/2018,13962.7,14024.8,13954.2,13967.2,62856,92343
08/24/2018,13993.2,14065.0,13943.4,14008.4,62903,93220
08/27/2018,14042.9,14197.2,14041.8,14180.2,56133,93474
08/28/2018,14184.2,14233.9,14141.2,14165.0,57548,92407
08/29/2018,14180.2,14209.1,14119.8,14206.8,91252,91467
08/30/2018,14176.3,14177.4,14007.3,14077.9,88702,90818
08/31/2018,14077.9,14090.4,13909.0,13950.8,116192,90744
09/03/2018,13931.0,13965.5,13896.0,13933.8,116192,90744
09/04/2018,13942.3,14016.3,13740.0,13800.5,117785,93512
09/05/2018,13764.3,13766.6,13598.7,13626.4,108531,95723
09/06/2018,13585.2,13665.4,13488.0,13524.7,93915,97330
09/07/2018,13495.3,13549.0,13429.7,13485.1,86175,98655
09/10/2018,13495.3,13607.2,13478.3,13558.6,98203,98108
09/11/2018,13569.9,13588.0,13403.7,13557.5,98704,100634
09/12/2018,13560.9,13615.1,13503.8,13569.3,100116,103756
09/13/2018,13566.5,13702.2,13563.7,13647.4,95970,106189
09/14/2018,13651.9,13708.5,13642.3,13697.7,129636,106999
09/17/2018,13641.2,13697.2,13601.6,13653.6,194593,101645
09/18/2018,13616.3,13764.5,13616.3,13749.2,164055,110566
09/19/2018,13752.0,13828.9,13731.1,13806.3,157220,106197
09/20/2018,13797.3,13970.3,13784.3,13967.5,99901,107717
09/21/2018,14004.3,14077.8,13974.9,14019.0,73177,108040
09/24/2018,13981.7,14021.8,13942.1,13959.0,71155,88474
09/25/2018,13953.4,14031.4,13919.4,13980.0,61783,89179
09/26/2018,14023.5,14034.3,13930.2,13987.3,86142,90278
09/27/2018,13927.9,14080.1,13865.7,14054.1,111374,92331
09/28/2018,14042.2,14051.8,13771.8,13822.2,70894,91690
10/01/2018,13868.5,13982.8,13834.6,13918.9,81861,90272
10/02/2018,13879.8,13911.5,13786.0,13886.1,81861,90272
10/04/2018,13879.3,13956.2,13752.6,13812.0,100841,93399
10/05/2018,13823.9,13847.0,13620.8,13662.7,99693,92975
10/08/2018,13687.0,13701.1,13444.9,13525.2,117410,96209
10/09/2018,13499.8,13568.2,13333.5,13538.8,140950,97587
10/10/2018,13507.7,13555.8,13176.8,13181.3,198792,102206
10/11/2018,13008.8,13220.4,12930.8,12934.7,136060,101914
10/12/2018,13151.9,13231.1,12909.8,12965.3,100299,101320
10/15/2018,12952.8,13159.3,12927.9,13147.4,99896,101869
10/16/2018,13159.3,13356.1,13112.9,13348.7,116400,100179
10/17/2018,13342.0,13391.2,13185.9,13276.9,134371,98912
10/18/2018,13222.6,13329.0,12982.8,13042.2,134908,99458
10/19/2018,13109.5,13136.6,12995.8,13071.0,111906,100321
10/22/2018,13093.7,13200.6,12989.6,13030.9,172743,98303
10/23/2018,12849.9,12892.3,12687.6,12882.1,141044,101541
10/24/2018,12851.0,12877.6,12619.1,12658.1,144922,103881
10/25/2018,12558.6,12847.1,12520.7,12844.2,171951,101868
10/26/2018,12635.5,12760.5,12482.8,12664.9,129661,106834
10/29/2018,12660.4,12939.3,12652.5,12792.2,150784,102782
10/30/2018,12823.3,12926.2,12670.6,12872.5,113843,102125
10/31/2018,12937.0,13000.9,12878.2,12963.0,119073,102175
11/01/2018,12914.9,13083.5,12894.6,12955.1,125139,102803
11/02/2018,13116.3,13215.3,12980.5,13043.9,78729,101610
11/05/2018,13030.3,13065.4,12968.7,13019.0,85424,102513
11/06/2018,13030.3,13055.2,12925.1,13045.0,89223,100445
11/07/2018,13050.7,13181.9,13011.1,13177.4,88338,101017
11/08/2018,13138.9,13168.3,12991.3,13023.5,107686,102102
11/09/2018,12980.5,13063.7,12904.2,13037.1,110196,101975
11/12/2018,13086.3,13117.4,12769.6,12786.5,114784,105177
11/13/2018,12823.3,12999.8,12804.6,12909.3,135696,104312
11/14/2018,12929.1,13078.4,12789.4,12898.5,135571,106056
11/15/2018,12925.7,13003.7,12720.9,12943.2,126676,107572
11/16/2018,12901.4,12944.3,12696.0,12856.1,97603,108981
11/19/2018,12835.7,12912.7,12654.2,12670.6,145486,110562
11/20/2018,12657.0,12664.9,12445.5,12494.1,112757,109833
11/21/2018,12590.3,12737.9,12562.6,12704.5,77344,107819
11/22/2018,12720.9,12740.7,12568.8,12611.8,77344,107819
11/23/2018,12611.8,12674.0,12541.6,12645.1,99337,106771
11/26/2018,12724.9,12882.1,12722.6,12877.6,101905,108271
11/27/2018,12829.0,12940.9,12737.9,12813.1,100943,105400
11/28/2018,12876.5,12915.5,12752.6,12901.4,106206,105787
11/29/2018,12885.5,12896.8,12749.2,12805.2,93589,105106
11/30/2018,12817.6,12817.6,12673.4,12805.2,106631,103288
12/03/2018,13050.1,13084.0,12926.8,12978.8,120892,101863
12/04/2018,12923.4,12942.1,12607.2,12634.4,67147,105422
12/05/2018,12701.1,12740.7,12637.2,12661.0,182264,103934
12/06/2018,12487.3,12543.3,12166.1,12372.0,127712,107338
12/07/2018,12361.8,12368.6,12077.3,12111.8,132204,107284
12/10/2018,12048.4,12168.9,11969.8,12129.9,125468,107385
12/11/2018,12104.4,12312.6,12079.5,12218.7,111257,104678
12/12/2018,12230.6,12409.3,12230.6,12349.9,119626,104131
12/13/2018,12347.1,12397.9,12287.8,12322.8,138502,106574
12/14/2018,12279.3,12308.7,12116.1,12220.0,193101,107300
12/17/2018,12265.2,12321.7,12048.3,12093.5,212866,113274
12/18/2018,12117.2,12239.8,12064.1,12142.6,178371,111548
12/19/2018,12117.2,12226.8,11967.0,12028.0,224756,119291
12/20/2018,12036.4,12074.3,11831.4,11899.2,144130,123364
12/21/2018,11975.4,12030.8,11845.5,11877.7,144130,123364
12/27/2018,12003.1,12087.8,11599.3,11666.5,83216,97579
12/28/2018,11829.2,11986.2,11756.3,11943.2,83216,97579
01/02/2019,12050.6,12094.6,11723.5,12016.7,107514,101385
01/03/2019,11916.7,11922.9,11737.7,11778.9,118886,99767
01/04/2019,11759.7,12231.9,11739.9,12202.5,97029,100933
01/07/2019,12253.3,12301.3,12056.2,12135.3,103233,99920
01/08/2019,12143.2,12317.1,12125.1,12242.6,98530,98707
01/09/2019,12268.0,12375.3,12235.2,12304.1,90756,99264
01/10/2019,12289.5,12388.3,12175.4,12383.8,82999,98578
01/11/2019,12357.8,12378.7,12224.5,12301.3,83272,97996
01/14/2019,12261.8,12292.3,12175.9,12266.3,110871,97685
01/15/2019,12279.3,12414.8,12207.6,12310.4,86307,99044
01/16/2019,12299.1,12358.9,12261.8,12342.6,99983,100253
01/17/2019,12327.9,12400.2,12216.0,12382.7,132627,102276
01/18/2019,12410.3,12712.5,12380.4,12693.3,91009,100762
01/21/2019,12674.1,12683.7,12561.7,12576.4,91009,100762
01/22/2019,12577.5,12584.3,12431.2,12432.4,99718,101400
01/23/2019,12483.8,12575.8,12428.4,12479.8,110365,101676
01/24/2019,12471.9,12604.1,12454.9,12591.1,114031,102336
01/25/2019,12602.4,12786.5,12597.3,12721.5,86822,101842
01/28/2019,12711.4,12734.5,12622.7,12692.2,93698,103085
01/29/2019,12661.7,12736.2,12601.8,12653.8,94934,103481
01/30/2019,12693.3,12693.3,12569.0,12654.9,130523,105586
01/31/2019,12688.8,12771.2,12471.3,12638.5,97914,106710
02/01/2019,12642.5,12667.3,12545.9,12637.4,86563,106460
02/04/2019,12640.2,12659.4,12528.9,12651.5,103711,107078
02/05/2019,12657.1,12860.5,12615.9,12837.9,77102,106713
02/06/2019,12828.8,12846.4,12754.3,12770.1,139440,106166
02/07/2019,12750.3,12761.6,12419.4,12456.1,109523,110166
02/08/2019,12444.2,12471.9,12263.5,12363.5,89543,112341
02/11/2019,12363.5,12468.5,12336.9,12430.1,88048,106259
02/12/2019,12439.7,12609.1,12436.9,12583.7,96208,104305
02/13/2019,12595.0,12671.8,12558.9,12621.6,112115,104940
02/14/2019,12631.2,12728.3,12506.3,12527.2,140980,106568
02/15/2019,12510.3,12789.3,12438.6,12785.4,99836,105777
02/18/2019,12785.4,12813.6,12708.5,12762.8,99836,105777
02/19/2019,12764.5,12841.8,12691.0,12779.7,105141,106334
02/20/2019,12781.4,12927.1,12755.4,12891.5,102064,107804
02/21/2019,12881.4,12969.5,12861.0,12887.6,92948,106408
02/22/2019,12888.1,12992.1,12872.3,12942.4,88930,105814
02/25/2019,12966.7,13039.0,12949.7,12952.0,102029,106296
02/26/2019,12954.2,13053.1,12901.7,13031.0,93115,107179
02/27/2019,13010.7,13041.8,12919.2,12977.4,102393,104986
02/28/2019,12986.4,13033.3,12874.0,13024.3,122574,106011
03/01/2019,13015.8,13188.6,13015.8,13136.7,110688,107281
03/04/2019,13180.2,13192.0,13015.8,13053.6,103293,106525
03/05/2019,13042.3,13141.7,13039.5,13128.2,99985,106238
03/06/2019,13103.3,13163.8,13058.7,13072.3,158765,105852
03/07/2019,13058.7,13119.7,12940.8,13002.3,139542,110214
03/08/2019,12969.6,12975.2,12885.0,12975.2,150168,108361
03/11/2019,12971.3,13101.6,12947.6,13101.0,252967,114077
03/12/2019,13116.3,13144.5,12991.0,13013.6,161401,116791
03/13/2019,13006.8,13120.8,12965.1,13116.8,167869,116254
03/14/2019,13118.5,13151.3,13037.3,13093.7,130890,111587
03/15/2019,13097.7,13241.5,13075.7,13221.8,88098,97651
03/18/2019,13189.6,13233.1,13143.4,13177.2,117144,98920
03/19/2019,13160.8,13358.9,13155.8,13273.7,131565,99656
03/20/2019,13251.7,13257.9,13073.4,13080.7,123511,99512
03/21/2019,13088.1,13146.7,12954.9,13083.6,154129,97342
03/22/2019,13093.1,13133.2,12777.2,12777.2,113387,99247
03/25/2019,12790.2,12873.1,12732.7,12845.5,109290,96366
03/26/2019,12848.3,12935.2,12768.2,12924.5,128611,95937
03/27/2019,12908.7,12999.5,12842.7,12930.1,102382,96105
03/28/2019,12900.2,12989.9,12866.4,12955.5,109973,97413
03/29/2019,12971.9,13054.2,12926.2,13050.3,110274,98185
04/01/2019,13089.8,13238.7,13089.8,13233.1,98327,102365
04/02/2019,13222.9,13347.0,13172.7,13331.8,116744,103182
04/03/2019,13295.7,13536.6,13295.7,13508.9,100521,105072
04/04/2019,13506.1,13599.2,13461.5,13557.4,81944,104861
04/05/2019,13573.2,13592.4,13527.5,13565.3,79602,104490
04/08/2019,13571.5,13571.5,13496.5,13509.5,115906,104686
04/09/2019,13505.5,13555.7,13388.8,13392.7,83331,102203
04/10/2019,13397.2,13507.8,13388.8,13476.2,100426,102252
04/11/2019,13484.1,13530.4,13393.8,13489.2,98983,103390
04/12/2019,13481.3,13606.0,13444.6,13584.5,73003,103318
04/15/2019,13575.5,13608.8,13546.2,13589.0,93504,102302
04/16/2019,13595.8,13700.7,13590.7,13670.3,100343,100999
04/17/2019,13692.8,13788.7,13664.6,13762.8,115793,103436
04/18/2019,13780.8,13858.7,13679.3,13854.7,115793,103436
04/23/2019,13825.4,13854.2,13771.8,13842.9,104345,102357
04/24/2019,13832.7,13967.0,13783.7,13926.4,96000,104010
04/25/2019,13911.2,13943.3,13833.9,13911.7,84160,105314
04/26/2019,13867.7,13934.3,13849.7,13934.3,82905,104293
04/29/2019,13917.4,13986.7,13859.3,13944.4,95621,106485
04/30/2019,13910.0,13985.1,13872.2,13970.4,95621,106485
05/02/2019,13893.7,14013.8,13851.4,13926.4,89114,107717
05/03/2019,13907.2,14069.7,13906.1,14062.3,125932,107264
05/06/2019,13918.5,13934.8,13701.9,13920.7,152078,109322
05/07/2019,13857.0,13914.0,13582.8,13621.7,144086,109001
05/08/2019,13626.3,13798.3,13618.4,13771.2,154826,108020
05/09/2019,13762.8,13769.6,13494.8,13636.4,138835,107730
05/10/2019,13674.8,13780.8,13505.0,13753.8,141288,108291
05/13/2019,13651.1,13660.1,13360.6,13393.8,106752,108027
05/14/2019,13360.6,13565.3,13356.0,13524.7,136197,107045
05/15/2019,13519.6,13691.1,13382.6,13656.2,145823,106112
05/16/2019,13631.9,13898.7,13530.9,13860.9,132059,106283
05/17/2019,13844.0,13881.3,13704.7,13772.4,124388,104179
05/20/2019,13786.5,13840.1,13524.2,13580.0,103797,102722
05/21/2019,13602.6,13739.1,13591.8,13727.2,108527,101548
05/22/2019,13710.9,13776.9,13594.7,13704.1,142977,101689
05/23/2019,13672.5,13678.7,13448.0,13468.3,100278,103101
05/24/2019,13498.8,13628.0,13494.8,13572.7,124430,102067
05/27/2019,13562.5,13675.3,13554.1,13618.9,124430,102067
05/28/2019,13613.8,13671.4,13499.9,13499.9,140911,102386
05/29/2019,13475.1,13492.0,13320.5,13374.1,91519,102333
05/30/2019,13381.4,13451.9,13369.0,13449.1,141437,99704
05/31/2019,13371.8,13371.8,13153.5,13207.7,133543,101499
06/03/2019,13123.0,13305.3,13082.4,13253.9,145565,102392
06/04/2019,13264.1,13534.3,13211.1,13534.3,118879,103963
06/05/2019,13532.6,13604.3,13454.2,13530.4,127423,102881
06/06/2019,13519.6,13626.3,13420.9,13528.1,105651,101664
06/07/2019,13505.5,13648.8,13496.5,13601.4,49661,101360
06/10/2019,13652.8,13684.9,13595.8,13648.3,106387,101738
06/11/2019,13621.7,13792.1,13621.7,13713.1,98290,103531
06/12/2019,13690.0,13714.3,13611.6,13663.5,105790,106001
06/13/2019,13685.0,13765.2,13616.6,13724.0,119314,107142
06/14/2019,13737.0,13744.3,13604.1,13677.6,142099,106546
06/17/2019,13671.4,13691.2,13613.2,13657.3,282803,100579
06/18/2019,13647.7,13955.1,13530.1,13928.0,177881,111770
06/19/2019,13948.9,13951.7,13870.9,13901.4,167701,112906
06/20/2019,13941.0,14045.6,13909.9,13973.2,131392,114006
06/21/2019,13956.8,14028.6,13851.1,13869.8,86949,94161
06/24/2019,13881.1,13935.4,13820.6,13841.0,103110,93036
06/25/2019,13854.5,13874.3,13740.4,13760.7,104305,92213
06/26/2019,13756.8,13907.1,13756.8,13825.7,97063,92676
06/27/2019,13828.0,13925.2,13780.5,13876.6,83630,92663
06/28/2019,13892.4,14016.2,13849.4,14013.9,109909,95029
07/01/2019,14103.2,14250.7,14078.9,14164.8,83671,93900
07/02/2019,14146.2,14184.6,14095.9,14172.2,86640,93259
07/03/2019,14164.3,14299.3,14136.6,14299.3,93534,92916
07/04/2019,14284.6,14291.4,14246.8,14277.9,93534,92916
07/05/2019,14258.1,14278.4,14138.8,14207.2,91679,92840
07/08/2019,14167.6,14217.4,14095.9,14111.1,114517,93103
07/09/2019,14107.2,14120.7,13963.6,14074.4,105434,94405
07/10/2019,14069.9,14089.1,13952.9,13986.8,109884,93695
07/11/2019,13989.0,14046.7,13897.5,13947.8,94153,94049
07/12/2019,13939.9,13990.7,13894.1,13925.7,105894,91179
07/15/2019,13922.9,14045.0,13882.8,14016.7,98537,92656
07/16/2019,14016.7,14078.3,13963.6,14034.8,96446,91159
07/17/2019,14023.0,14065.3,13898.0,13900.9,120948,89065
07/18/2019,13868.1,13894.1,13769.7,13828.0,118279,88886
07/19/2019,13849.4,13937.0,13790.1,13834.7,85941,91052
07/22/2019,13808.2,13947.8,13808.2,13894.7,135041,90340
07/23/2019,13900.9,14177.8,13900.9,14171.6,92776,95528
07/24/2019,14141.1,14210.6,14091.3,14197.6,156589,93095
07/25/2019,14197.0,14240.6,13887.9,13945.0,77795,90427
07/26/2019,13969.3,14060.3,13952.3,14037.1,70341,90772
07/29/2019,14020.1,14091.3,13984.0,14041.0,150076,89200
07/30/2019,14044.4,14075.0,13657.3,13694.0,114274,93863
07/31/2019,13709.8,13808.7,13605.3,13704.8,130501,91107
08/01/2019,13672.0,13858.5,13590.0,13643.7,182464,92232
08/02/2019,13619.4,13643.7,13367.9,13439.1,178126,93726
08/05/2019,13451.5,13451.5,13045.2,13115.8,145408,95434
08/06/2019,12976.8,13271.8,12925.9,13154.8,149924,92807
08/07/2019,13122.0,13266.7,13053.1,13239.6,112506,92723
08/08/2019,13191.0,13389.4,13162.7,13372.4,108184,90982
08/09/2019,13354.9,13398.4,13182.5,13256.0,95391,91187
08/12/2019,13243.0,13372.4,13120.9,13141.8,146091,92139
08/13/2019,13158.2,13376.4,13032.2,13318.7,144167,91287
08/14/2019,13323.8,13324.4,12916.3,12919.7,166955,94659
08/15/2019,12946.3,13044.0,12724.7,12897.7,110516,94809
08/16/2019,12916.9,13084.7,12904.4,13072.3,96149,92544
08/19/2019,13112.4,13287.1,13071.7,13219.3,96603,91114
08/20/2019,13197.2,13293.3,13125.4,13126.0,89355,91849
08/21/2019,13122.6,13360.0,13122.6,13323.8,103655,91521
08/22/2019,13342.5,13392.2,13230.6,13283.1,139190,90198
08/23/2019,13289.3,13360.6,13028.8,13048.0,104120,92283
08/26/2019,12979.0,13218.7,12970.0,13210.8,108681,93349
08/27/2019,13172.3,13310.8,13122.0,13225.5,110430,93248
08/28/2019,13247.5,13261.6,13073.4,13220.4,115675,93374
08/29/2019,13199.5,13416.5,13141.8,13405.2,101416,95615
08/30/2019,13410.3,13547.6,13380.9,13499.0,110145,93460
09/02/2019,13456.6,13555.5,13447.0,13508.1,110145,93460
09/03/2019,13491.7,13549.9,13408.6,13478.7,94437,93247
09/04/2019,13464.5,13651.6,13454.4,13612.1,93367,93945
09/05/2019,13625.1,13749.4,13618.8,13704.8,78432,92994
09/06/2019,13708.1,13794.6,13688.4,13768.1,68488,93963
09/09/2019,13773.1,13843.2,13772.0,13818.4,100114,92932
09/10/2019,13828.0,13916.7,13765.8,13901.4,95764,93880
09/11/2019,13865.3,14011.1,13865.3,13998.1,143593,93009
09/12/2019,14058.7,14111.4,13932.3,14050.8,99386,97419
09/13/2019,14043.4,14144.3,14042.3,14099.0,128713,100861
09/16/2019,14109.2,14109.2,13950.5,14027.0,189846,103026
09/17/2019,14026.4,14047.4,13926.1,14019.6,170027,107544
09/18/2019,14026.4,14066.1,13978.3,14062.7,154260,105570
09/19/2019,14057.0,14121.1,13979.4,14072.3,109965,104495
09/20/2019,14083.1,14139.2,14041.2,14054.8,105980,86185
09/23/2019,14088.2,14100.1,13883.0,13999.8,92831,86314
09/24/2019,14037.8,14050.2,13845.6,13872.8,116582,85096
09/25/2019,13892.7,13922.1,13745.3,13884.7,100925,86156
09/26/2019,13876.8,13974.9,13834.3,13961.8,99907,88722
09/27/2019,13959.5,14045.1,13904.6,13959.5,87970,88910
09/30/2019,13999.8,14090.5,13977.1,14071.2,122294,89251
10/01/2019,14071.2,14152.2,13844.5,13853.0,152294,87179
10/02/2019,13883.6,13884.2,13477.8,13486.9,107607,88712
10/03/2019,13511.3,13566.8,13383.2,13564.0,110291,86700
10/04/2019,13570.8,13664.9,13447.8,13656.4,99086,83656
10/07/2019,13623.5,13747.6,13549.2,13677.3,121139,82154
10/08/2019,13684.1,13761.2,13492.6,13547.0,100370,83973
10/09/2019,13558.9,13791.8,13533.4,13706.8,107786,84176
10/10/2019,13651.3,13816.7,13601.4,13782.7,139620,83899
10/11/2019,13773.7,14229.3,13773.7,14131.3,79615,89304
10/14/2019,14134.7,14166.4,14027.0,14139.8,111412,87213
10/15/2019,14144.3,14366.5,14136.9,14317.7,102921,87797
10/16/2019,14312.1,14386.3,14268.4,14339.3,121040,90432
10/17/2019,14347.2,14517.8,14296.8,14328.5,102372,90143
10/18/2019,14351.2,14386.3,14270.1,14340.4,85900,92256
10/21/2019,14353.4,14484.3,14323.4,14448.1,82198,92715
10/22/2019,14457.7,14495.1,14377.2,14382.3,89293,91740
10/23/2019,14355.1,14522.9,14327.4,14507.0,95672,94231
10/24/2019,14530.8,14631.1,14505.3,14585.8,68265,94047
10/25/2019,14575.6,14613.0,14534.8,14605.6,79554,94265
10/28/2019,14637.4,14711.0,14598.2,14679.3,74959,95688
10/29/2019,14699.7,14699.7,14609.0,14655.5,86234,96694
10/30/2019,14656.6,14672.5,14531.9,14661.2,109433,97897
10/31/2019,14671.4,14675.3,14492.8,14615.2,75917,99111
11/01/2019,14623.8,14719.5,14608.4,14699.1,94792,99490
11/04/2019,14717.8,14923.5,14701.4,14865.2,79288,100938
11/05/2019,14892.4,14925.2,14856.1,14892.9,96326,97880
11/06/2019,14892.4,14970.6,14852.1,14923.5,101103,98232
11/07/2019,14930.3,15072.6,14913.3,15043.7,78115,100928
11/08/2019,15057.9,15059.0,14950.8,14983.1,74720,100841
11/11/2019,15008.0,15008.0,14886.1,14964.9,84601,101645
11/12/2019,14953.6,15082.2,14942.2,15064.1,96736,100068
11/13/2019,15016.5,15038.0,14883.9,14989.9,89107,100236
11/14/2019,15008.6,15044.8,14908.2,14943.4,87407,101842
11/15/2019,14971.2,15050.5,14925.8,14996.7,91261,102525
11/18/2019,14980.2,15056.7,14884.4,14949.0,110867,102682
11/19/2019,14961.0,15158.7,14929.2,14981.4,115438,103045
11/20/2019,14959.8,14965.5,14809.6,14925.8,108789,102640
11/21/2019,14859.5,14940.0,14778.5,14914.5,92822,103688
11/22/2019,14926.9,15012.5,14866.3,14917.3,66753,102376
11/25/2019,14978.0,15040.3,14968.3,15013.7,71583,101315
11/26/2019,15032.9,15091.9,14948.5,15008.0,79367,99616
11/27/2019,15035.8,15092.4,14977.4,15051.1,84095,97405
11/28/2019,15039.2,15042.0,14972.3,15005.2,84095,97405
11/29/2019,15021.6,15065.2,14916.7,15014.2,155186,97981
12/02/2019,15027.8,15118.5,14675.9,14709.3,152037,96320
12/03/2019,14696.3,14832.3,14648.7,14722.9,112846,96411
12/04/2019,14782.4,14930.9,14726.3,14887.8,98833,96683
12/05/2019,14896.9,14950.8,14784.7,14826.1,84901,93753
12/06/2019,14835.1,14938.3,14785.8,14925.8,65233,96347
12/09/2019,14923.5,14938.3,14817.6,14851.6,135631,94115
12/10/2019,14819.8,14842.5,14601.1,14807.9,97372,95179
12/11/2019,14809.6,14929.8,14780.2,14908.8,137923,97487
12/12/2019,14911.1,15056.8,14861.2,15003.5,180140,98622
12/13/2019,15105.5,15238.2,15028.4,15046.0,120534,100423
12/16/2019,15123.1,15223.5,15108.9,15202.5,185685,99940
12/17/2019,15170.2,15203.1,15044.3,15072.7,154360,102917
12/18/2019,15056.8,15069.3,14977.4,15005.2,140200,104504
12/19/2019,14988.2,15032.4,14908.2,14980.8,117136,103001
12/20/2019,15013.7,15110.1,14961.0,15091.9,56131,84853
12/23/2019,15096.5,15120.8,15060.2,15079.5,56131,84853
12/27/2019,15133.9,15190.6,15078.3,15086.3,84709,84992
12/30/2019,15078.3,15092.5,14854.4,15019.9,84709,84992
01/02/2020,14937.7,15242.7,14934.9,15175.8,139111,88566
01/03/2020,15245.0,15250.1,14866.9,14959.8,129179,85801
01/06/2020,14869.7,14920.2,14671.3,14869.7,120533,86813
01/07/2020,14891.8,15056.2,14890.7,14994.4,141443,84297
01/08/2020,14742.7,15193.4,14700.2,15097.6,101651,86881
01/09/2020,15183.8,15332.3,15175.8,15289.2,94732,86328
01/10/2020,15323.8,15360.7,15224.6,15297.2,84205,86956
01/13/2020,15277.3,15338.0,15192.3,15233.7,110931,84212
01/14/2020,15300.0,15311.9,15145.2,15246.7,83844,83680
01/15/2020,15241.6,15259.7,15173.6,15212.1,95759,81968
01/16/2020,15225.7,15298.9,15167.9,15220.1,90903,81677
01/17/2020,15283.6,15372.6,15268.8,15317.6,102173,84507
01/20/2020,15351.6,15393.5,15288.1,15357.3,102173,84507
01/21/2020,15381.6,15387.3,15232.0,15360.1,98759,86540
01/22/2020,15348.2,15465.0,15280.2,15310.2,106339,85122
01/23/2020,15264.3,15302.3,15167.3,15174.1,111185,86216
01/24/2020,15293.8,15424.2,15276.8,15380.5,141757,85586
01/27/2020,15205.9,15233.1,14952.5,15012.0,127135,85155
01/28/2020,14971.7,15119.1,14919.0,15093.6,86539,85957
01/29/2020,15091.4,15163.9,15056.2,15136.7,146109,85379
01/30/2020,15104.4,15105.0,14870.8,14909.4,151765,84590
01/31/2020,15007.5,15052.2,14604.9,14733.6,109090,86008
02/03/2020,14692.8,14829.4,14692.8,14786.9,94592,84953
02/04/2020,14789.2,15070.4,14755.7,15065.3,126127,86087
02/05/2020,15051.1,15324.9,14988.8,15281.3,88380,86542
02/06/2020,15309.6,15425.3,15294.3,15381.1,91280,86766
02/07/2020,15409.4,15414.0,15254.6,15322.7,76269,86721
02/10/2020,15226.3,15332.9,15217.8,15287.0,95053,85814
02/11/2020,15342.0,15493.9,15336.3,15468.4,83553,90605
02/12/2020,15464.4,15623.7,15426.4,15577.8,133562,90960
02/13/2020,15582.9,15602.7,15389.0,15562.5,78886,91939
02/14/2020,15565.9,15634.5,15539.8,15575.5,111986,89990
02/17/2020,15611.3,15652.6,15586.9,15620.9,111986,89990
02/18/2020,15576.1,15591.4,15478.6,15488.8,84990,91562
02/19/2020,15563.6,15630.0,15540.9,15625.4,116913,93207
02/20/2020,15649.2,15674.7,15464.4,15548.9,149056,90404
02/21/2020,15523.4,15540.9,15298.9,15374.3,218682,89813
02/24/2020,15217.8,15217.8,14696.2,14704.7,230368,90223
02/25/2020,14783.0,14920.2,14293.7,14311.8,241777,89085
02/26/2020,14398.0,14568.6,14017.6,14284.0,250554,91667
02/27/2020,14220.0,14283.5,13761.3,13768.7,246580,93373
02/28/2020,13708.6,13783.4,13286.8,13589.5,209824,90379
03/02/2020,13316.8,13848.1,13172.3,13662.1,216031,88960
03/03/2020,13662.7,13911.6,13301.5,13421.7,149766,87315
03/04/2020,13426.8,13918.9,13426.8,13877.0,182009,86433
03/05/2020,13786.8,13855.4,13318.5,13337.8,213594,88350
03/06/2020,13420.6,13450.1,12946.1,13088.4,174510,89819
03/09/2020,12524.8,12577.0,11735.7,11735.7,177143,95398
03/10/2020,11939.7,12507.8,11808.8,12324.1,151410,94866
03/11/2020,12135.3,12197.7,11571.8,11680.1,216772,97939
03/12/2020,11561.3,11626.9,10190.9,10190.9,207999,110322
03/13/2020,10265.1,11301.0,9996.3,10851.8,208851,107013
03/16/2020,10297.3,10297.3,9290.2,9702.1,194730,110549
03/17/2020,9865.0,10333.5,9523.3,9987.8,198911,117046
03/18/2020,9788.1,10043.3,9234.8,9525.0,162251,121724
03/19/2020,9732.1,9957.8,8988.1,9657.4,138729,123382
03/20/2020,9603.1,10382.7,9596.3,9702.1,129205,90180
03/23/2020,9370.6,10283.2,9203.1,9913.7,143520,89714
03/24/2020,10042.7,10997.8,10026.3,10939.5,157976,88247
03/25/2020,10863.1,11448.1,10649.8,11032.8,112626,86952
03/26/2020,11111.5,11375.7,10740.9,11358.2,91207,89681
03/27/2020,11367.2,11367.2,10755.0,10769.7,101732,90844
03/30/2020,10693.9,11155.0,10661.7,11140.3,106800,89267
03/31/2020,11165.2,11398.3,10947.4,11079.2,111615,90690
04/01/2020,10953.6,11021.5,10523.6,10563.2,107449,91399
04/02/2020,10636.2,10900.4,10534.4,10868.2,88402,93903
04/03/2020,10812.7,10868.8,10655.5,10753.3,97360,95529
04/06/2020,10924.8,11598.6,10924.8,11507.0,117095,94842
04/07/2020,11585.6,11963.0,11406.8,11519.4,71468,92983
04/08/2020,11504.1,11778.5,11475.3,11762.1,105202,92024
04/09/2020,11793.8,12105.6,11649.0,12017.3,105202,92024
04/14/2020,11940.9,12234.0,11940.9,12124.8,101749,92623
04/15/2020,12098.8,12145.2,11575.4,11618.4,87722,94480
04/16/2020,11576.0,11812.5,11502.4,11658.0,104888,93361
04/17/2020,11879.2,12167.2,11879.2,12104.4,85488,93305
04/20/2020,12046.2,12184.2,11806.3,11931.3,104209,95177
04/21/2020,11943.2,12019.6,11568.6,11629.2,71544,93644
04/22/2020,11604.8,11845.3,11569.2,11797.2,87598,94644
04/23/2020,11748.6,12000.9,11672.2,11748.0,80639,93934
04/24/2020,11694.8,11862.3,11604.8,11839.6,77930,93254
04/27/2020,11780.8,12128.2,11780.8,12095.9,95202,92115
04/28/2020,12090.9,12331.3,12028.6,12130.5,98895,92145
04/29/2020,12185.9,12622.7,12175.2,12589.9,115451,92172
04/30/2020,12608.5,12828.6,12171.2,12243.6,115451,92172
05/04/2020,11819.3,12008.2,11731.6,11978.8,86178,93308
05/05/2020,12000.3,12167.8,11903.6,12039.9,65147,92664
05/06/2020,12038.2,12193.8,11921.1,11921.1,65178,92381
05/07/2020,11951.7,12219.9,11942.0,12146.3,53578,92788
05/08/2020,12211.9,12363.6,12211.9,12363.6,65584,92720
05/11/2020,12398.6,12481.8,12146.3,12297.4,65584,92720
05/13/2020,11963.5,12111.8,11803.4,11898.5,117304,93731
05/14/2020,11864.5,11899.0,11495.6,11829.5,84545,93259
05/15/2020,11872.5,11931.9,11735.0,11891.7,95187,93644
05/18/2020,11943.2,12611.4,11943.2,12545.2,94101,94528
05/19/2020,12570.1,12708.1,12368.7,12398.6,71855,92624
05/20/2020,12445.0,12726.2,12416.7,12687.2,64086,92342
05/21/2020,12663.4,12674.7,12481.2,12531.0,66403,92319
05/22/2020,12544.0,12601.2,12284.9,12591.6,79516,92667
05/25/2020,12632.9,12902.8,12572.9,12893.7,79516,92667
05/26/2020,12856.9,13061.7,12844.5,12965.0,106275,93291
05/27/2020,12944.1,13291.4,12933.3,13259.8,85756,94591
05/28/2020,13299.4,13392.2,13186.2,13230.9,96155,93700
05/29/2020,13210.5,13273.3,13025.0,13223.6,49932,92387
06/01/2020,13157.4,13513.2,13153.4,13499.7,85014,94396
06/02/2020,13477.0,13671.7,13406.9,13666.6,110245,93914
06/03/2020,13692.0,14215.9,13692.0,14162.8,110226,94592
06/04/2020,14197.8,14217.6,13947.2,14047.3,124891,90633
06/05/2020,14054.1,14559.9,14031.5,14448.5,87376,90562
06/08/2020,14528.8,14635.8,14344.4,14625.6,110467,89031
06/09/2020,14638.0,14638.6,14147.5,14293.5,101977,86051
06/10/2020,14331.4,14450.7,14105.6,14141.8,138144,84697
06/11/2020,14066.6,14108.4,13290.8,13337.7,137492,86298
06/12/2020,13388.1,13749.7,13371.1,13430.0,150149,86791
06/15/2020,13432.2,13671.0,13099.5,13643.3,182114,90419
06/16/2020,13765.0,14053.0,13712.9,13896.8,133784,90529
06/17/2020,13882.7,14048.5,13816.5,13942.1,157518,91435
06/18/2020,13894.0,14105.0,13735.5,13858.9,107018,102049
06/19/2020,13898.5,14053.6,13757.0,13770.1,89775,70767
06/22/2020,13682.4,14002.6,13637.1,13937.0,97070,72898
06/23/2020,13980.0,14249.3,13727.6,14062.6,118810,71627
06/24/2020,14071.7,14137.3,13583.3,13735.0,109554,72093
06/25/2020,13701.6,13931.3,13495.6,13931.3,97103,72600
06/26/2020,13890.0,13964.1,13595.8,13650.1,111660,72220
06/29/2020,13617.8,13903.6,13507.5,13891.7,85435,71098
06/30/2020,13908.1,14024.7,13774.6,13955.1,87721,71120
07/01/2020,13948.9,14019.6,13653.5,13912.1,97299,71182
07/02/2020,13879.3,14309.9,13826.6,14214.8,85048,70612
07/03/2020,14206.9,14314.4,14097.1,14222.7,85048,70612
07/06/2020,14257.8,14523.2,14256.1,14404.4,75499,69534
07/07/2020,14444.0,14492.1,14151.4,14173.5,82008,68737
07/08/2020,14210.3,14326.3,14084.1,14234.6,97321,68022
07/09/2020,14265.2,14367.0,14067.1,14202.4,82250,67852
07/10/2020,14230.1,14379.5,14015.6,14372.7,84832,68477
07/13/2020,14395.3,14559.4,14169.0,14198.4,89504,69617
07/14/2020,14250.5,14465.5,14163.3,14432.1,102071,70550
07/15/2020,14532.3,14699.8,14438.3,14594.5,78294,69130
07/16/2020,14570.2,14609.2,14475.7,14569.6,69920,68733
07/17/2020,14616.6,14670.3,14547.5,14661.8,87851,68942
07/20/2020,14670.9,14814.6,14477.4,14796.0,94004,69396
07/21/2020,14822.0,15056.8,14785.8,14816.9,71707,67041
07/22/2020,14833.3,14928.9,14772.2,14849.7,80824,66534
07/23/2020,14853.1,14947.6,14645.4,14684.5,90150,65992
07/24/2020,14704.9,14739.9,14446.8,14510.2,68524,66298
07/27/2020,14513.0,14602.4,14484.2,14571.3,77694,66653
07/28/2020,14612.6,14681.7,14412.3,14459.8,59903,63789
07/29/2020,14477.4,14567.9,14419.1,14543.0,127092,64909
07/30/2020,14552.1,14562.3,13852.1,14076.8,98172,65207
07/31/2020,14136.7,14165.6,13806.3,13939.3,80402,63701
08/03/2020,13916.6,14364.8,13882.7,14317.8,73480,64393
08/04/2020,14339.9,14444.0,14166.2,14281.0,67065,63875
08/05/2020,14262.4,14436.6,14226.7,14281.6,79853,62945
08/06/2020,14278.8,14481.3,14157.1,14319.5,63948,62909
08/07/2020,14301.4,14373.8,14156.0,14368.7,66784,61286
08/10/2020,14355.7,14457.0,14252.2,14424.2,90868,62193
08/11/2020,14419.1,14761.4,14395.3,14513.0,66469,60650
08/12/2020,14577.0,14823.1,14508.5,14792.6,61309,61786
08/13/2020,14788.0,14810.7,14616.6,14657.9,58508,60162
08/14/2020,14712.2,14725.8,14469.5,14553.2,45777,59482
08/17/2020,14568.5,14664.7,14529.4,14621.7,70711,59076
08/18/2020,14640.9,14768.8,14480.2,14546.4,50804,60163
08/19/2020,14560.0,14701.5,14514.7,14631.3,73509,60577
08/20/2020,14595.6,14605.8,14408.9,14560.6,76943,59976
08/21/2020,14593.4,14639.2,14288.4,14472.3,71110,62380
08/24/2020,14481.3,14830.5,14463.2,14797.7,64819,62602
08/25/2020,14818.6,14963.4,14720.1,14807.3,60001,61864
08/26/2020,14840.1,14990.0,14717.9,14975.9,81704,62434
08/27/2020,14957.2,14973.6,14732.6,14790.3,74324,62501
08/28/2020,14824.2,14927.2,14647.1,14783.5,74997,62352
08/31/2020,14828.2,14885.4,14597.3,14677.7,85904,63123
09/01/2020,14647.1,14854.8,14536.2,14704.3,107407,62886
09/02/2020,14738.8,15111.1,14718.4,15097.0,119004,65434
09/03/2020,15130.9,15233.9,14633.6,14723.5,105224,65006
09/04/2020,14648.3,14855.9,14422.5,14665.8,104541,64964
09/07/2020,14570.7,14866.7,14558.3,14854.8,104541,64964
09/08/2020,14852.0,14892.7,14544.7,14620.0,84787,65197
09/09/2020,14607.0,15061.9,14567.3,15045.5,88791,68117
09/10/2020,15024.0,15065.9,14831.2,14841.4,76610,68307
09/11/2020,14907.7,15003.5,14849.3,14931.5,98769,67247
09/14/2020,15022.8,15102.2,14880.0,14908.9,138107,67009
09/15/2020,14906.6,15014.3,14870.9,14994.5,103646,73607
09/16/2020,14936.7,15035.3,14912.3,15016.0,111971,70700
09/17/2020,14952.5,14999.6,14755.2,14992.2,87384,74091
09/18/2020,15009.8,15016.6,14780.2,14855.0,127926,56763
09/21/2020,14891.9,14894.1,14148.1,14313.1,82126,62007
09/22/2020,14333.5,14376.0,14214.4,14353.9,81916,60582
09/23/2020,14353.3,14523.4,14179.8,14205.4,94039,60706
09/24/2020,14169.1,14370.9,14099.3,14297.2,98889,59167
09/25/2020,14332.3,14390.7,13963.9,14217.8,74431,60816
09/28/2020,14228.6,14588.0,14221.2,14575.0,63974,61724
09/29/2020,14606.7,14660.6,14417.4,14535.9,74845,59463
09/30/2020,14552.3,14606.7,14361.8,14413.4,70653,59767
10/01/2020,14486.5,14560.8,14342.5,14393.0,74455,59383
10/02/2020,14372.6,14427.0,14196.3,14405.5,50865,59886
10/05/2020,14462.7,14595.4,14410.0,14588.0,77523,59795
10/06/2020,14572.1,14682.7,14465.6,14503.0,62372,60101
10/07/2020,14511.5,14679.3,14492.2,14657.7,65998,61035
10/08/2020,14663.4,14838.6,14649.8,14799.5,56890,61569
10/09/2020,14838.6,14845.9,14731.4,14798.9,60168,61955
10/12/2020,14781.9,14924.2,14759.8,14903.8,75321,60793
10/13/2020,14893.6,14912.3,14672.5,14724.1,63540,60066
10/14/2020,14736.5,14798.9,14666.2,14678.1,115972,59938
10/15/2020,14720.7,14720.7,14264.9,14444.6,88478,62333
10/16/2020,14450.8,14675.9,14387.3,14607.3,71398,61503
10/19/2020,14635.6,14759.8,14408.9,14434.4,74499,60587
10/20/2020,14495.0,14554.6,14402.1,14416.2,95286,58996
10/21/2020,14465.0,14520.0,14196.3,14209.3,93878,59749
10/22/2020,14148.1,14276.2,13978.0,14255.2,72361,58984
10/23/2020,14232.6,14408.9,14165.1,14338.0,111916,58777
10/26/2020,14246.2,14277.3,13693.4,13832.9,106036,63070
10/27/2020,13823.3,13910.6,13523.4,13540.9,159664,63589
10/28/2020,13526.8,13552.3,12975.2,13056.8,126372,67104
10/29/2020,13099.9,13260.9,12972.9,13114.1,116190,65015
10/30/2020,13133.9,13188.9,12827.2,13173.6,84663,66162
11/02/2020,13081.8,13412.8,13035.3,13370.3,85914,63739
11/03/2020,13381.1,13807.4,13381.1,13728.6,108266,62539
11/04/2020,13860.1,14009.2,13347.6,13895.8,73888,64526
11/05/2020,13893.6,14265.4,13883.9,14197.4,72248,62269
11/06/2020,14174.7,14270.0,14012.0,14156.6,142242,63128
11/09/2020,14283.0,15068.7,14283.0,14738.8,101182,64076
11/10/2020,14728.6,15003.0,14586.9,14933.2,70284,64343
11/11/2020,14875.4,15010.9,14843.7,14995.0,71445,63742
11/12/2020,14988.8,14993.9,14661.1,14715.6,64270,62987
11/13/2020,14741.6,14891.9,14649.8,14888.5,74177,62917
11/16/2020,14928.1,15051.2,14814.2,14909.4,56851,60967
11/17/2020,14898.7,14923.0,14786.4,14898.1,59107,62065
11/18/2020,14864.1,14974.1,14813.6,14865.2,57566,63661
11/19/2020,14840.3,14899.8,14767.1,14889.0,61600,63758
11/20/2020,14844.8,14925.3,14775.7,14875.4,69760,64691
11/23/2020,14889.0,15089.1,14870.9,14941.8,61906,64321
11/24/2020,14991.1,15112.4,14946.9,15106.2,57928,64591
11/25/2020,15130.0,15159.4,14995.6,15075.0,53437,63333
11/26/2020,15057.4,15110.7,15014.9,15037.0,53437,63333
11/27/2020,15037.6,15163.4,15006.9,15163.4,100633,64030
11/30/2020,15148.1,15241.6,14988.8,15080.6,76041,67217
12/01/2020,15114.7,15230.3,15113.5,15169.1,63646,64627
12/02/2020,15132.2,15161.1,15038.7,15075.5,58655,64591
12/03/2020,15063.6,15113.5,14940.1,14957.6,61124,64440
12/04/2020,14967.8,15095.9,14965.0,15068.2,64845,64111
12/07/2020,15065.9,15078.4,14914.0,15036.4,59087,65584
12/08/2020,15001.8,15097.6,14960.5,15090.8,76133,66691
12/09/2020,15107.9,15257.5,15056.8,15101.6,71435,66657
12/10/2020,15093.1,15116.9,14944.8,15012.7,91319,65802
12/11/2020,15056.9,15056.9,14714.4,14869.5,86831,67764
12/14/2020,14908.0,15038.8,14874.6,14930.7,119359,67919
12/15/2020,14957.3,15199.6,14916.5,15186.0,129860,72186
12/16/2020,15182.0,15385.2,15141.8,15362.6,100524,74483
12/17/2020,15354.7,15540.3,15334.3,15491.7,66509,76114
12/18/2020,15469.6,15581.7,15384.1,15438.4,73663,52727
12/21/2020,15386.4,15397.7,14753.5,15128.2,38615,54756
12/22/2020,15171.2,15202.9,14965.2,15169.0,30678,53762
12/23/2020,15184.8,15407.9,15080.7,15373.9,30678,53762
12/28/2020,15427.1,15641.1,15399.9,15583.4,37125,53356
12/29/2020,15618.5,15732.8,15487.1,15516.6,25804,53398
12/30/2020,15492.8,15610.5,15452.0,15463.4,25804,53398
01/04/2021,15524.5,15750.9,15375.0,15498.4,48814,54183
01/05/2021,15497.3,15576.6,15343.3,15501.8,56870,54011
01/06/2021,15497.3,15767.9,15399.9,15739.6,42279,55637
01/07/2021,15711.3,15854.0,15711.3,15809.8,48803,55374
01/08/2021,15829.0,15989.8,15820.0,15946.8,45671,55536
01/11/2021,15902.6,15902.6,15616.2,15780.4,41287,55426
01/12/2021,15788.3,15841.5,15658.1,15753.2,41414,55920
01/13/2021,15760.0,15813.2,15686.4,15782.6,44681,56425
01/14/2021,15801.9,15874.3,15765.6,15795.1,69041,56248
01/15/2021,15805.3,15823.4,15464.5,15566.4,43220,57787
01/18/2021,15539.2,15677.3,15489.4,15671.7,43220,57787
01/19/2021,15723.8,15796.2,15612.8,15677.3,40877,57427
01/20/2021,15697.7,15804.1,15607.1,15782.6,44049,59322
01/21/2021,15797.3,15869.8,15690.9,15769.0,58768,60132
01/22/2021,15763.4,15775.8,15546.0,15689.8,79749,59059
01/25/2021,15715.8,15789.4,15384.1,15532.4,64687,60434
01/26/2021,15515.4,15762.2,15373.9,15726.0,93318,61051
01/27/2021,15707.9,15719.2,15243.7,15307.1,82082,60580
01/28/2021,15279.9,15522.2,15055.8,15515.4,83324,58960
01/29/2021,15414.7,15414.7,15123.7,15216.5,49107,59582
02/01/2021,15121.4,15487.1,15121.4,15458.8,51852,58920
02/02/2021,15448.6,15710.2,15427.1,15701.1,49553,59166
02/03/2021,15715.8,15831.3,15684.1,15801.9,45393,60236
02/04/2021,15805.3,15919.6,15735.1,15900.4,44451,61713
02/05/2021,15906.0,15969.4,15851.7,15911.7,41709,61480
02/08/2021,15943.4,16060.0,15886.8,15932.1,41097,59933
02/09/2021,15927.5,15938.9,15791.7,15876.6,59773,59894
02/10/2021,15889.1,15952.5,15642.2,15762.2,42433,60947
02/11/2021,15758.9,15900.4,15728.3,15875.5,41354,61711
02/12/2021,15897.0,15928.7,15743.0,15923.0,46959,61831
02/15/2021,15933.2,16022.6,15925.3,15978.5,46959,61831
02/16/2021,15984.2,16023.8,15882.3,15902.6,75109,62221
02/17/2021,15873.2,15923.0,15709.0,15789.4,63089,64071
02/18/2021,15812.1,15822.3,15675.1,15758.9,63563,64528
02/19/2021,15733.9,15873.2,15673.9,15800.7,64054,66784
02/22/2021,15816.6,15886.8,15613.9,15767.9,93855,67132
02/23/2021,15747.5,15857.4,15460.0,15715.8,63559,66274
02/24/2021,15688.7,15872.1,15603.7,15865.3,75988,67249
02/25/2021,15878.9,15928.7,15552.8,15604.9,87701,66397
02/26/2021,15558.5,15709.0,15439.6,15617.3,61076,66721
03/01/2021,15709.0,15887.9,15676.2,15870.9,67579,67802
03/02/2021,15880.0,15961.5,15760.0,15893.6,77178,71044
03/03/2021,15919.6,16071.3,15818.9,15869.8,81206,68899
03/04/2021,15834.7,15955.8,15729.4,15820.0,93176,68921
03/05/2021,15760.0,15924.1,15692.1,15904.9,103093,67149
03/08/2021,15895.8,16312.5,15801.9,16252.5,66225,71974
03/09/2021,16298.9,16389.5,16194.7,16354.4,67678,72304
03/10/2021,16348.7,16486.8,16287.6,16486.8,63420,74371
03/11/2021,16510.6,16527.6,16435.9,16469.9,63972,76165
03/12/2021,16484.6,16498.2,16362.4,16498.2,97485,74937
03/15/2021,16517.4,16517.4,16319.4,16402.0,112086,75566
03/16/2021,16405.4,16537.8,16395.2,16465.3,101680,78982
03/17/2021,16477.8,16638.5,16456.3,16612.5,110058,77213
03/18/2021,16644.2,16767.5,16603.4,16624.9,80870,77769
03/19/2021,16647.5,16705.3,16493.6,16568.3,44715,63952
03/22/2021,16550.2,16628.3,16467.6,16607.9,54419,63556
03/23/2021,16620.4,16658.9,16439.3,16586.4,60003,63607
03/24/2021,16532.1,16558.1,16443.8,16482.3,76543,63699
03/25/2021,16512.9,16647.5,16330.7,16634.0,54823,63405
03/26/2021,16646.4,16827.5,16621.5,16811.6,50357,63131
03/29/2021,16767.5,16869.4,16673.6,16843.3,52692,64245
03/30/2021,16846.7,17024.4,16823.0,16975.7,54913,65614
03/31/2021,16982.5,17044.8,16940.7,17024.4,46794,66766
04/01/2021,17026.7,17213.4,17007.4,17173.8,46794,66766
04/06/2021,17264.3,17358.3,17181.7,17216.8,40195,64865
04/07/2021,17234.9,17266.6,17169.3,17231.5,41248,64758
04/08/2021,17231.5,17284.7,17156.8,17222.5,41894,65078
04/09/2021,17254.1,17290.4,17168.1,17283.6,36221,66219
04/12/2021,17220.2,17305.1,17205.5,17233.8,46770,66553
04/13/2021,17273.4,17313.0,17197.6,17273.4,48735,67001
04/14/2021,17274.5,17334.5,17180.6,17190.8,42698,66554
04/15/2021,17211.1,17315.3,17196.4,17315.3,66053,67988
04/16/2021,17305.1,17574.4,17287.0,17554.1,51144,68963
04/19/2021,17519.0,17559.7,17373.0,17429.6,63435,68534
04/20/2021,17446.5,17448.8,17112.7,17170.4,58334,66123
04/21/2021,17158.0,17296.0,17076.5,17275.7,48279,66357
04/22/2021,17264.3,17377.5,17233.8,17260.9,47261,66179
04/23/2021,17283.6,17345.8,17161.3,17303.9,37740,66075
04/26/2021,17301.7,17365.1,17258.7,17311.9,41389,66202
04/27/2021,17323.2,17346.9,17202.1,17294.9,43442,65396
04/28/2021,17290.4,17393.3,17257.5,17315.3,61939,66679
04/29/2021,17351.5,17369.6,17082.1,17164.7,61516,66772
04/30/2021,17179.5,17263.2,17094.6,17161.3,51224,66227
05/03/2021,17188.5,17292.6,17107.0,17268.9,96913,66656
05/04/2021,17258.7,17283.6,16786.7,16880.7,64575,68425
05/05/2021,16889.7,17198.7,16889.7,17169.3,71460,67233
05/06/2021,17168.1,17298.3,17082.1,17268.9,63487,66905
05/07/2021,17250.8,17447.7,17239.4,17439.7,47298,67484
05/10/2021,17472.6,17509.9,17324.3,17326.6,95431,67625
05/11/2021,17332.2,17332.2,16979.1,17105.9,74060,67004
05/12/2021,17118.3,17231.5,16970.1,17077.6,89129,68173
05/13/2021,17079.9,17273.4,16756.2,17244.0,57570,68957
05/14/2021,17274.5,17498.6,17211.1,17498.6,49640,69720
05/17/2021,17464.6,17517.8,17367.3,17460.1,51265,69281
05/18/2021,17472.6,17584.6,17336.8,17346.9,90860,68866
05/19/2021,17314.1,17346.9,16923.7,17141.0,56442,66039
05/20/2021,17127.4,17420.5,17083.3,17377.5,49828,67268
05/21/2021,17428.4,17498.6,17368.5,17481.6,23384,68291
05/24/2021,17496.3,17637.8,17459.0,17615.2,48611,69190
05/25/2021,17602.7,17654.8,17486.1,17513.3,39722,68945
05/26/2021,17542.7,17586.9,17427.3,17470.3,47894,68024
05/27/2021,17483.9,17526.9,17366.2,17457.9,42654,67128
05/28/2021,17521.2,17592.5,17459.0,17538.2,69270,67001
05/31/2021,17565.4,17568.8,17437.5,17456.7,69270,67001
06/01/2021,17490.7,17748.7,17464.6,17627.6,39155,69355
06/02/2021,17611.8,17686.5,17593.7,17628.7,50559,68915
06/03/2021,17660.4,17718.2,17506.5,17688.7,41977,69367
06/04/2021,17662.7,17772.5,17632.1,17767.9,45931,69829
06/07/2021,17756.6,17801.9,17663.8,17760.0,49486,67352
06/08/2021,17780.4,17798.5,17692.1,17729.5,56866,67042
06/09/2021,17722.7,17743.0,17541.6,17626.5,61047,66100
06/10/2021,17626.5,17699.0,17565.3,17636.7,56297,67009
06/11/2021,17656.0,17794.3,17603.8,17792.0,89119,68882
06/14/2021,17801.1,17891.8,17742.1,17798.8,117997,70156
06/15/2021,17812.4,17881.6,17790.9,17818.1,109771,73912
06/16/2021,17812.4,17846.4,17742.1,17797.7,92390,73564
06/17/2021,17733.1,17845.3,17682.0,17832.8,94991,76257
06/18/2021,17828.3,17828.3,17464.3,17481.4,63751,61098
06/21/2021,17472.3,17717.2,17298.8,17704.7,49043,63631
06/22/2021,17708.1,17733.1,17566.4,17702.4,57455,62886
06/23/2021,17724.0,17751.2,17498.4,17553.9,48102,64181
06/24/2021,17550.5,17675.2,17524.4,17660.5,39676,62295
06/25/2021,17680.9,17710.4,17590.2,17668.4,52133,63153
06/28/2021,17686.6,17746.7,17599.3,17641.2,59393,64046
06/29/2021,17616.3,17844.2,17591.3,17768.2,80839,65064
06/30/2021,17801.1,17807.9,17506.3,17644.6,80860,63377
07/01/2021,17642.4,17793.2,17543.7,17694.5,54531,62657
07/02/2021,17704.7,17794.3,17668.4,17729.7,73237,64446
07/05/2021,17716.1,17752.3,17591.3,17736.5,73237,64446
07/06/2021,17737.6,17776.1,17514.2,17583.4,71815,65093
07/07/2021,17558.5,17801.1,17531.2,17762.5,117792,66958
07/08/2021,17795.4,17795.4,17332.8,17480.2,80778,67765
07/09/2021,17475.7,17781.8,17396.3,17756.9,72854,65453
07/12/2021,17761.4,17905.4,17705.9,17888.4,53379,68360
07/13/2021,17899.7,17916.7,17837.4,17883.9,58246,68665
07/14/2021,17872.5,17911.1,17798.8,17860.1,86887,68252
07/15/2021,17855.5,17877.1,17658.2,17659.4,83700,65724
07/16/2021,17693.4,17786.4,17530.1,17542.6,132482,64304
07/19/2021,17542.6,17548.2,17043.7,17141.2,95977,68466
07/20/2021,17162.7,17332.8,17094.7,17270.5,83665,66201
07/21/2021,17316.9,17518.8,17213.8,17506.3,61988,65113
07/22/2021,17516.5,17649.2,17489.3,17603.8,54159,63946
07/23/2021,17621.9,17777.3,17607.2,17775.0,55713,65281
07/26/2021,17745.5,17745.5,17609.5,17688.8,73769,65676
07/27/2021,17703.6,17714.9,17468.9,17547.1,57355,64564
07/28/2021,17620.8,17661.6,17544.8,17591.3,53266,63914
07/29/2021,17612.9,17744.4,17569.8,17710.4,53266,63914
08/02/2021,17678.6,17795.4,17573.2,17617.4,61419,64617
08/03/2021,17616.3,17683.2,17552.8,17657.1,72888,64715
08/04/2021,17626.5,17803.4,17621.9,17771.6,54181,67396
08/05/2021,17781.8,17853.2,17742.1,17840.8,50869,68406
08/06/2021,17846.4,17908.8,17814.7,17863.5,47074,69043
08/09/2021,17821.5,17900.9,17784.1,17835.1,43507,68357
08/10/2021,17851.0,17904.3,17811.3,17873.7,61539,68758
08/11/2021,17886.1,18005.2,17815.8,17945.1,59670,68786
08/12/2021,17971.2,18103.8,17919.0,18069.8,50420,70566
08/13/2021,18075.5,18168.5,18050.5,18110.6,59919,70405
08/16/2021,18059.6,18092.5,17961.0,18059.6,63714,69644
08/17/2021,18068.7,18068.7,17914.5,17985.9,55511,69138
08/18/2021,18006.3,18107.2,17985.9,18100.4,105911,69048
08/19/2021,18005.2,18019.9,17704.7,17885.0,67785,67235
08/20/2021,17900.9,17941.7,17739.9,17926.9,60330,67488
08/23/2021,17948.5,18067.5,17903.1,17972.3,47119,67864
08/24/2021,17985.9,18052.8,17967.8,18017.7,43626,67759
08/25/2021,18031.3,18060.7,17951.9,17966.6,63495,66080
08/26/2021,17956.4,17956.4,17789.8,17862.3,47644,65847
08/27/2021,17845.3,17993.8,17826.0,17974.6,36842,65918
08/30/2021,17976.8,18021.1,17928.1,18013.1,90032,66172
08/31/2021,17991.6,18146.9,17863.5,17939.4,85280,66262
09/01/2021,17958.7,18115.2,17877.1,17948.5,53874,67280
09/02/2021,17930.3,17997.2,17871.4,17932.6,72380,67343
09/03/2021,17936.0,17991.6,17780.7,17875.9,69361,67551
09/06/2021,17848.7,18093.6,17828.3,18061.9,69361,67551
09/07/2021,18039.2,18058.5,17930.3,17954.2,122662,66503
09/08/2021,17931.5,17967.8,17671.8,17697.9,87265,68287
09/09/2021,17649.1,17781.9,17512.9,17651.4,72410,67942
09/10/2021,17675.2,17795.5,17627.5,17627.5,103128,66664
09/13/2021,17709.3,17894.3,17636.6,17787.6,119719,66805
09/14/2021,17818.2,17868.2,17750.1,17814.8,117237,65011
09/15/2021,17817.1,17896.6,17699.0,17785.3,97437,63887
09/16/2021,17783.0,17848.9,17725.2,17810.3,116909,65885
09/17/2021,17816.0,17903.4,17490.2,17552.6,116909,65885
09/21/2021,17197.3,17452.7,17148.5,17372.1,73510,56212
09/22/2021,17308.6,17628.7,17289.3,17560.6,70711,54626
09/23/2021,17626.4,17795.5,17618.5,17762.6,63622,55420
09/24/2021,17789.9,17877.3,17564.0,17634.3,57947,53843
09/27/2021,17635.5,17820.5,17629.8,17687.7,103829,53885
09/28/2021,17674.1,17717.2,17262.0,17285.9,70865,55722
09/29/2021,17359.6,17487.9,17276.8,17397.1,80691,54584
09/30/2021,17445.9,17544.7,17237.0,17294.9,97476,56333
10/01/2021,17309.7,17315.4,16983.9,17294.9,84237,55163
10/04/2021,17310.8,17310.8,17021.4,17094.0,65084,55467
10/05/2021,17100.8,17242.7,16998.7,17214.3,118634,55148
10/06/2021,17191.6,17228.0,16794.3,17074.7,63788,56707
10/07/2021,17106.5,17306.3,17106.5,17266.6,51708,55374
10/08/2021,17270.0,17314.2,17215.5,17231.4,54691,55486
10/11/2021,17184.8,17281.3,17113.3,17154.2,68419,55772
10/12/2021,17123.5,17213.2,17018.0,17170.1,68323,55940
10/13/2021,17170.1,17352.8,17131.5,17327.9,65404,55528
10/14/2021,17351.7,17577.6,17344.9,17574.2,61423,55916
10/15/2021,17575.3,17705.9,17534.5,17675.2,65357,56625
10/18/2021,17661.6,17685.4,17482.2,17566.2,51267,55631
10/19/2021,17582.1,17608.2,17524.2,17584.4,54553,57198
10/20/2021,17598.0,17658.2,17532.2,17594.6,53873,57279
10/21/2021,17571.9,17613.9,17458.4,17584.4,64158,58045
10/22/2021,17567.4,17705.9,17558.3,17646.8,52478,57572
10/25/2021,17635.5,17735.4,17609.4,17730.8,70503,58389
10/26/2021,17747.9,17898.8,17729.7,17845.5,66411,62728
10/27/2021,17867.0,17867.0,17769.4,17779.6,63030,62899
10/28/2021,17814.8,17826.2,17724.0,17788.7,89070,62383
10/29/2021,17759.2,17838.7,17575.3,17828.5,57063,62700
11/01/2021,17861.4,17978.3,17839.8,17945.4,61077,63332
11/02/2021,17939.7,18105.4,17889.8,18094.1,53556,65434
11/03/2021,18091.8,18186.0,18058.9,18089.5,56934,67652
11/04/2021,18189.4,18224.6,18145.2,18191.7,57010,68682
11/05/2021,18182.6,18250.7,18141.8,18190.6,42313,70306
11/08/2021,18192.8,18231.4,18162.2,18188.3,58712,70299
11/09/2021,18179.2,18273.4,18146.3,18192.8,62932,70858
11/10/2021,18180.3,18241.6,18136.1,18162.2,50153,71364
11/11/2021,18186.0,18287.0,18154.2,18250.7,42501,72499
11/12/2021,18274.6,18298.4,18229.2,18259.8,45790,72523
11/15/2021,18275.7,18327.9,18233.7,18314.3,61181,74652
11/16/2021,18309.8,18458.5,18289.3,18447.1,42006,78033
11/17/2021,18433.5,18478.9,18394.9,18449.4,57438,78920
11/18/2021,18453.9,18485.7,18374.5,18423.3,96384,80587
11/19/2021,18440.3,18497.0,18260.9,18323.4,62729,77380
11/22/2021,18354.0,18388.1,18223.5,18233.7,94015,77770
11/23/2021,18245.0,18266.6,18003.3,18104.3,93088,78482
11/24/2021,18156.5,18189.4,17861.4,18055.5,161650,77784
11/25/2021,18062.3,18121.3,18002.1,18057.8,161650,77784
11/26/2021,17989.6,17989.6,17050.9,17223.4,102711,79472
11/29/2021,17423.2,17548.1,17289.3,17411.9,126766,77757
11/30/2021,17424.3,17508.3,16923.8,17175.8,98780,78125
12/01/2021,17218.9,17601.4,17147.4,17397.1,98780,76470
12/02/2021,17301.8,17473.2,17215.5,17405.0,97132,75026
12/03/2021,17340.3,17518.6,17117.9,17151.9,92946,76730
12/06/2021,17252.9,17500.4,17190.5,17491.3,75599,75554
12/07/2021,17482.2,17982.8,17445.9,17955.6,75304,75159
12/08/2021,17915.9,17980.6,17794.4,17843.2,67120,73899
12/09/2021,17822.8,17873.9,17713.7,17735.3,54729,71862
12/10/2021,17688.7,17796.6,17631.9,17755.7,58207,72794
12/13/2021,17794.4,17920.5,17694.4,17741.0,87085,72444
12/14/2021,17773.9,17814.8,17506.9,17535.3,138490,73706
12/15/2021,17631.9,17751.2,17535.3,17723.9,93579,72463
12/16/2021,17763.7,17911.4,17625.1,17717.1,115858,69186
12/17/2021,17700.1,17726.2,17502.4,17663.7,89752,55242
12/20/2021,17443.3,17510.3,17093.4,17368.3,80535,56693
12/21/2021,17451.3,17610.3,17368.3,17602.4,57077,56693
12/22/2021,17608.0,17752.3,17505.8,17710.3,46337,56087
12/23/2021,17741.0,17909.1,17711.4,17871.6,43210,57056
12/27/2021,17889.8,18046.6,17781.9,18007.9,37952,57254
12/28/2021,18022.7,18137.5,17970.5,18110.2,41568,58039
12/29/2021,18131.8,18131.8,17935.2,18004.5,42008,57463
12/30/2021,17986.4,18082.9,17952.3,18044.3,36711,57463
01/03/2022,18036.3,18244.2,18000.0,18219.3,61245,59160
01/04/2022,18211.3,18393.1,18171.5,18331.7,62809,59042
01/05/2022,18312.4,18488.5,18248.8,18262.4,72254,63057
01/06/2022,18272.6,18340.8,18125.0,18182.9,87130,63254
01/07/2022,18231.7,18256.7,18004.5,18125.0,73120,61641
01/10/2022,18056.8,18180.6,17848.9,18020.4,85370,61183
01/11/2022,18014.8,18171.5,17965.9,18164.7,69337,61988
01/12/2022,18162.4,18251.1,18106.8,18195.4,67738,61572
01/13/2022,18156.8,18265.8,18036.3,18069.3,70975,60713
01/14/2022,18088.6,18132.9,17973.9,18043.2,81063,60855
01/17/2022,18098.8,18130.6,18038.6,18089.7,39560,60855
01/18/2022,18096.6,18126.1,17786.4,17888.7,96577,63057
01/19/2022,17889.8,18052.2,17738.7,17970.5,89879,64272
01/20/2022,17909.1,18077.2,17856.8,17905.7,73809,63367
01/21/2022,17872.7,17876.2,17537.6,17554.6,126316,66619
01/24/2022,17625.1,17700.1,16846.9,17341.1,158729,68220
01/25/2022,17316.1,17332.0,17009.3,17235.4,113463,65551
01/26/2022,17244.5,17662.6,17183.2,17441.0,93805,64701
01/27/2022,17504.7,17696.7,17083.2,17508.1,106760,65026
01/28/2022,17563.7,17611.5,17169.5,17420.6,103880,67050
01/31/2022,17495.6,17691.0,17414.9,17645.5,75461,65414
02/01/2022,17653.5,17813.7,17579.6,17792.1,69701,64602
02/02/2022,17803.4,17871.6,17702.3,17756.9,52956,64884
02/03/2022,17669.4,17718.2,17363.8,17416.0,76210,67011
02/04/2022,17493.3,17604.6,17099.1,17221.8,90879,69079
02/07/2022,17174.1,17330.8,17119.5,17255.9,63730,69231
02/08/2022,17286.5,17421.7,17212.7,17367.2,60788,67504
02/09/2022,17382.0,17646.7,17368.3,17595.5,62901,67074
02/10/2022,17630.8,17735.3,17441.0,17472.9,78806,66174
02/11/2022,17439.9,17611.5,17166.1,17242.2,87111,67729
02/14/2022,17319.5,17319.5,16849.1,17013.9,116564,70385
02/15/2022,17136.6,17527.4,17044.5,17521.7,91140,69718
02/16/2022,17493.3,17648.9,17397.9,17517.2,65903,68269
02/17/2022,17485.3,17528.5,17182.0,17229.7,77429,68345
02/18/2022,17225.2,17437.6,17013.9,17111.6,82284,73915
02/21/2022,16983.2,17297.9,16339.0,16501.5,93403,73915
02/22/2022,16378.8,16785.5,16241.3,16703.7,117038,75637
02/23/2022,16753.7,16919.6,16435.6,16486.7,79775,76858
02/24/2022,16457.2,16472.0,15657.4,15974.4,141349,83079
02/25/2022,16175.5,16658.3,15921.0,16637.8,99716,80252
02/28/2022,16117.5,16484.5,15830.1,16243.6,96096,81314
03/01/2022,16282.2,16439.0,15624.5,15702.8,109650,83759
03/02/2022,15735.8,16031.2,15565.4,15902.8,91455,82212
03/03/2022,15880.1,15974.4,15446.1,15548.3,88362,83816
03/04/2022,15445.0,15456.3,14709.9,14886.0,102235,85943
03/07/2022,14565.6,14930.3,14115.7,14365.7,118456,87799
03/08/2022,14314.6,15150.7,14166.9,14757.6,115055,88635
03/09/2022,14800.8,15892.6,14720.1,15739.2,116812,85905
03/10/2022,15714.1,15780.2,15213.0,15370.2,90320,83713
03/11/2022,15397.5,16072.9,15162.9,15582.0,86409,84725
03/14/2022,15711.9,16045.6,15628.7,15767.7,124384,83362
03/15/2022,15816.6,15979.5,15479.5,15844.0,162333,90111
03/16/2022,15922.6,16599.1,15900.9,16529.6,145320,84815
03/17/2022,16498.9,16569.5,16239.2,16399.8,90574,84290
03/18/2022,16390.7,16525.1,16078.6,16479.5,70734,64899
03/21/2022,16446.5,16486.4,16216.4,16317.8,43325,65438
03/22/2022,16242.6,16563.8,16225.5,16534.2,45644,65712
03/23/2022,16535.3,16631.0,16184.5,16187.9,55003,65276
03/24/2022,16241.5,16394.1,16174.3,16349.7,52902,66156
03/25/2022,16312.1,16453.3,16241.5,16405.5,48312,65828
03/28/2022,16342.8,16682.3,16304.1,16574.1,54206,66666
03/29/2022,16576.3,17021.7,16569.5,16857.7,79194,65827
03/30/2022,16886.1,16902.1,16563.8,16646.9,51949,65861
03/31/2022,16666.3,16798.4,16332.6,16412.3,58724,65671
04/01/2022,16400.9,16545.6,16377.0,16453.3,42716,65239
04/04/2022,16469.3,16612.8,16341.7,16583.2,45009,65551
04/05/2022,16572.9,16654.9,16348.5,16395.2,52697,66544
04/06/2022,16386.1,16462.4,15993.2,16136.7,70374,68227
04/07/2022,16084.3,16328.0,16001.2,16180.0,61590,68463
04/08/2022,16195.9,16336.0,16123.0,16243.8,49884,67791
04/11/2022,16218.7,16311.0,16030.8,16041.0,50535,68391
04/12/2022,16036.5,16170.9,15828.0,16011.4,61251,69120
04/13/2022,16019.4,16135.6,15918.0,16017.1,50145,69323
04/14/2022,16080.9,16197.1,16006.9,16125.3,52077,69323
04/19/2022,16176.6,16241.5,15952.2,16175.4,47992,71593
04/20/2022,16208.4,16398.7,16119.6,16355.4,50778,71738
04/21/2022,16374.7,16648.1,16309.8,16416.9,54334,71973
04/22/2022,16314.4,16391.8,16012.5,16068.4,62710,72774
04/25/2022,15996.6,16085.4,15797.3,16078.6,71122,74557
04/26/2022,16058.1,16152.6,15545.6,15662.9,67618,77359
04/27/2022,15533.0,15796.1,15463.6,15676.6,71210,78777
04/28/2022,15757.4,16105.9,15693.6,16049.0,64505,79166
04/29/2022,16027.4,16181.1,15825.8,16001.2,59851,79006
05/02/2022,15873.6,15996.6,15727.8,15809.8,63667,78885
05/03/2022,15897.5,16042.2,15857.6,15962.4,56621,78056
05/04/2022,15977.2,16254.0,15906.6,16018.2,56306,78969
05/05/2022,16201.6,16312.1,15706.2,15803.0,75887,79377
05/06/2022,15746.0,15831.5,15475.0,15570.6,79413,81385
05/09/2022,15467.0,15598.0,15195.9,15321.2,71685,82830
05/10/2022,15208.4,15628.7,15116.2,15543.3,76233,81099
05/11/2022,15472.7,15806.4,15383.8,15555.8,94591,80915
05/12/2022,15533.0,15724.4,15345.1,15552.4,87815,82160
05/13/2022,15667.4,16013.7,15667.4,15944.2,65095,81606
05/16/2022,16021.7,16051.3,15780.2,15961.3,57498,80003
05/17/2022,15945.3,16226.7,15930.5,16167.4,60580,80327
05/18/2022,16226.7,16239.2,15780.2,15844.0,59045,80564
05/19/2022,15756.3,15913.5,15570.6,15856.5,73554,81273
05/20/2022,15871.3,16116.2,15765.4,15848.5,73124,80835
05/23/2022,16059.2,16193.6,15960.2,16125.3,59193,79426
05/24/2022,16054.7,16092.3,15828.0,15965.9,61633,79419
05/25/2022,15981.8,16053.5,15783.6,15995.5,56951,79265
05/26/2022,16030.8,16271.1,15918.0,16236.9,57211,78857
05/27/2022,16219.8,16508.0,16191.4,16475.0,62715,78726
05/30/2022,16514.8,16631.0,16493.2,16591.1,43402,78726
05/31/2022,16583.2,16603.7,16344.0,16470.4,73792,79367
06/01/2022,16478.4,16509.1,16292.7,16359.9,67697,79379
06/02/2022,16342.8,16631.0,16313.2,16602.5,59909,80734
06/03/2022,16632.1,16670.9,16440.8,16486.4,56386,79228
06/06/2022,16496.6,16752.9,16492.0,16643.5,59737,79228
06/07/2022,16620.7,16633.3,16460.2,16620.7,71982,79036
06/08/2022,16612.8,16660.6,16344.0,16370.2,74002,79643
06/09/2022,16313.2,16390.7,16012.5,16017.1,83666,81409
06/10/2022,16017.1,16058.1,15627.5,15678.8,98015,84228
06/13/2022,15477.2,15534.1,15207.2,15375.8,137522,92789
06/14/2022,15293.8,15464.6,15029.5,15144.6,159596,91054
06/15/2022,15170.8,15484.0,15133.2,15410.0,131941,87229
06/16/2022,15470.3,15543.2,14712.9,14786.9,126482,88721
06/17/2022,14799.5,15051.2,14782.4,14969.2,86927,76123
06/20/2022,14979.4,15115.0,14847.3,15097.9,33544,74156
06/21/2022,15076.2,15285.8,15044.3,15054.6,56328,74815
06/22/2022,15030.7,15039.8,14743.6,14964.6,61762,75757
06/23/2022,14882.6,14963.5,14594.4,14648.0,72137,77081
06/24/2022,14724.3,15053.5,14674.2,15053.5,62001,76682
06/27/2022,14979.4,15223.2,14922.5,14949.8,57627,78149
06/28/2022,14991.9,15199.3,14907.7,14955.5,59106,75546
06/29/2022,14944.1,14984.0,14719.7,14814.3,70030,78014
06/30/2022,14757.3,14792.6,14348.4,14593.3,90484,80723
07/01/2022,14607.0,14704.9,14356.4,14644.5,64054,79687
07/04/2022,14641.1,14748.2,14489.6,14531.8,39095,79687
07/05/2022,14636.6,14683.3,14086.4,14208.3,94835,82720
07/06/2022,14293.7,14432.7,14163.9,14345.0,70127,81335
07/07/2022,14363.2,14649.1,14348.4,14642.3,61255,79742
07/08/2022,14605.8,14813.1,14520.4,14753.9,70160,79934
07/11/2022,14730.0,14757.3,14528.4,14674.2,51016,80551
07/12/2022,14605.8,14724.3,14391.7,14698.1,61192,83225
07/13/2022,14589.9,14638.8,14357.5,14532.9,70098,82007
07/14/2022,14477.1,14576.2,14144.5,14337.0,79089,84198
07/15/2022,14364.3,14657.1,14257.3,14602.4,66070,82494
07/18/2022,14641.1,14868.9,14604.7,14663.9,54902,80830
07/19/2022,14652.5,15208.4,14591.0,15171.9,70501,79838
07/20/2022,15194.7,15306.3,14935.0,15011.3,73073,79085
07/21/2022,15035.2,15216.3,14902.0,15085.3,70211,79152
07/22/2022,15033.0,15216.3,14969.2,15002.2,55228,79625
07/25/2022,15003.3,15183.3,14947.5,15027.3,50501,79698
07/26/2022,15011.3,15031.8,14830.2,14904.2,60313,80572
07/27/2022,14984.0,15094.5,14899.7,15063.7,51644,80899
07/28/2022,15042.1,15206.1,14903.1,15177.6,56970,80738
07/29/2022,15248.2,15428.2,15185.6,15428.2,54434,80696
08/01/2022,15351.9,15452.1,15279.0,15317.7,46935,81917
08/02/2022,15318.9,15378.1,15176.5,15279.0,52163,81803
08/03/2022,15272.2,15536.4,15236.8,15511.3,45983,82258
08/04/2022,15518.2,15707.3,15496.5,15544.4,51666,82254
08/05/2022,15543.2,15591.1,15433.9,15492.0,44292,81792
08/08/2022,15496.5,15652.6,15486.3,15533.0,45353,82836
08/09/2022,15579.7,15582.0,15382.6,15413.4,42453,82487
08/10/2022,15400.9,15629.8,15316.6,15615.0,50780,82709
08/11/2022,15638.9,15715.2,15520.5,15586.5,47887,83147
08/12/2022,15553.5,15812.1,15547.8,15771.0,45919,83414
08/15/2022,15789.3,15798.4,15637.8,15771.0,43368,83919
08/16/2022,15748.3,15912.3,15732.3,15890.6,51297,84122
08/17/2022,15881.5,15902.0,15490.8,15583.1,66204,84972
08/18/2022,15527.3,15693.6,15496.5,15591.1,52205,85265
08/19/2022,15560.3,15589.9,15382.6,15425.9,66181,85522
08/22/2022,15367.8,15410.0,15009.0,15028.4,72641,87965
08/23/2022,15058.0,15144.6,14940.7,15002.2,57546,87876
08/24/2022,14963.5,15080.8,14895.1,15021.6,47527,87430
08/25/2022,15040.9,15226.6,15021.6,15190.1,50922,85632
08/26/2022,15169.6,15233.4,14632.0,14726.6,81216,90025
08/29/2022,14571.6,14743.6,14466.9,14725.4,66015,89721
08/30/2022,14707.2,14984.0,14667.3,14710.6,80564,90452
08/31/2022,14737.9,14864.4,14572.8,14608.1,76078,92085
09/01/2022,14538.6,14562.5,14349.5,14461.2,78007,94314
09/02/2022,14546.6,14870.1,14388.3,14457.7,103857,94502
09/05/2022,14486.2,14573.9,14343.8,14518.1,65552,94502
09/06/2022,14522.7,14726.6,14489.6,14593.3,83166,95466
09/07/2022,14568.2,14799.5,14465.7,14710.6,69565,95466
09/08/2022,14797.1,14849.5,14460.3,14635.5,97732,93534
09/09/2022,14707.2,14969.0,14682.2,14966.7,103891,96650
09/12/2022,14991.7,15325.1,14981.5,15284.1,126939,98605
09/13/2022,15287.6,15463.9,14898.4,15042.9,176449,97774
09/14/2022,14897.3,15040.6,14760.7,14850.6,151060,94267
09/15/2022,14907.5,14946.2,14709.5,14789.2,116055,92943
09/16/2022,14693.6,14697.0,14463.7,14542.2,84319,80481
09/19/2022,14547.9,14683.3,14364.7,14621.9,55143,80960
09/20/2022,14699.3,14749.3,14286.2,14295.3,75271,82670
09/21/2022,14418.2,14658.3,14264.6,14532.0,70685,82819
09/22/2022,14291.9,14569.6,14183.8,14331.7,78122,84051
09/23/2022,14365.9,14384.1,13880.0,14031.3,95417,86458
09/26/2022,14005.2,14098.5,13864.1,13888.0,74340,86776
09/27/2022,13957.4,14149.7,13658.1,13715.0,96124,88172
09/28/2022,13836.7,14042.7,13515.9,14004.0,110258,89648
09/29/2022,14001.7,14014.3,13520.4,13595.5,97314,91656
09/30/2022,13693.4,13833.3,13585.3,13653.5,84595,93451
10/03/2022,13540.9,13987.0,13460.1,13946.0,68156,92822
10/04/2022,13969.9,14444.4,13969.9,14379.5,89375,93918
10/05/2022,14388.6,14431.9,14190.6,14338.6,68916,92585
10/06/2022,14421.6,14475.1,14149.7,14224.8,64340,92588
10/07/2022,14155.4,14241.8,13897.1,13933.5,64727,93471
10/10/2022,13881.1,14144.0,13810.6,14039.3,76021,93857
10/11/2022,14009.7,14033.6,13783.3,13969.9,75631,93886
10/12/2022,13851.5,14016.5,13787.8,13867.5,70548,93855
10/13/2022,13892.5,14238.4,13667.2,14216.8,113185,94377
10/14/2022,14175.8,14450.1,14078.0,14161.0,95417,92482
10/17/2022,14132.6,14493.3,14098.5,14412.5,69110,93864
10/18/2022,14483.1,14738.0,14418.2,14604.8,78025,93726
10/19/2022,14662.9,14751.6,14435.3,14467.1,60439,92004
10/20/2022,14494.5,14608.2,14387.5,14443.2,65620,92084
10/21/2022,14385.2,14645.8,14291.9,14599.1,86511,93694
10/24/2022,14678.8,14840.4,14520.6,14749.3,80497,93278
10/25/2022,14756.2,14925.7,14569.6,14904.1,71189,93421
10/26/2022,14831.3,15063.4,14829.0,15006.5,67635,93532
10/27/2022,15023.6,15111.2,14860.9,15036.1,65377,92954
10/28/2022,14965.5,15220.4,14870.0,15164.7,64730,92232
10/31/2022,15179.5,15187.4,15058.8,15113.5,45009,92496
11/01/2022,15153.3,15320.6,15131.7,15238.6,61035,91874
11/02/2022,15219.3,15291.0,14965.5,15166.9,63406,91078
11/03/2022,14962.1,15038.4,14833.5,14953.0,65718,92074
11/04/2022,14942.8,15434.3,14924.6,15305.8,99923,93184
11/07/2022,15289.8,15511.7,15253.4,15420.7,59029,91119
11/08/2022,15434.3,15613.0,15368.4,15512.9,59622,90652
11/09/2022,15549.3,15602.8,15446.9,15517.4,61115,90406
11/10/2022,15476.4,16163.7,15463.9,16100.0,93601,88032
11/11/2022,16163.7,16329.9,16120.5,16302.6,72064,87855
11/14/2022,16277.5,16445.9,16227.5,16339.0,67744,85466
11/15/2022,16249.1,16455.0,16092.0,16179.7,95118,85309
11/16/2022,16216.1,16390.2,16158.0,16233.1,62636,85209
11/17/2022,16250.2,16386.8,16115.9,16313.9,59639,85076
11/18/2022,16304.8,16469.8,16287.8,16407.2,66473,84800
11/21/2022,16420.9,16447.1,16311.7,16408.4,45024,85107
11/22/2022,16415.2,16509.7,16335.6,16465.3,52554,87733
11/23/2022,16498.3,16502.8,16356.0,16436.8,45117,86526
11/24/2022,16450.5,16600.7,16447.1,16568.8,36221,86526
11/25/2022,16554.0,16609.8,16509.7,16559.7,34936,86768
11/28/2022,16505.1,16530.1,16328.7,16361.7,49922,86918
11/29/2022,16352.6,16478.9,16313.9,16336.7,54635,86617
11/30/2022,16402.7,16584.8,16345.8,16475.5,66339,87054
12/01/2022,16596.1,16633.7,16415.2,16505.1,61550,87036
12/02/2022,16474.4,16606.4,16353.8,16541.5,58673,86501
12/05/2022,16549.5,16560.9,16381.1,16412.9,44999,86446
12/06/2022,16465.3,16478.9,16213.8,16279.8,66002,85347
12/07/2022,16299.1,16364.0,16181.9,16258.2,70682,86638
12/08/2022,16197.2,16250.3,16129.4,16250.3,57540,87092
12/09/2022,16248.0,16340.6,16154.3,16311.3,67698,87212
12/12/2022,16225.4,16327.1,16200.6,16258.2,94671,91516
12/13/2022,16295.5,16671.6,16241.2,16425.3,196279,92247
12/14/2022,16459.2,16467.1,16311.3,16405.0,126537,95065
12/15/2022,16365.5,16410.7,15858.4,15897.9,147627,94165
12/16/2022,15901.3,15944.2,15686.7,15754.5,86965,70822
12/19/2022,15816.6,15893.4,15751.1,15791.7,40597,70272
12/20/2022,15800.8,15835.8,15546.6,15812.1,51091,69041
12/21/2022,15833.5,16005.2,15783.8,15981.5,42522,68575
12/22/2022,15979.2,16069.6,15703.6,15730.7,50623,68540
12/23/2022,15810.9,15890.0,15738.6,15806.4,39756,67487
12/27/2022,15896.8,15957.8,15842.5,15867.4,31615,67775
12/28/2022,15859.5,15909.2,15738.6,15786.1,32737,68309
12/29/2022,15751.1,15977.0,15728.5,15961.1,35889,68393
12/30/2022,15922.7,15935.2,15676.5,15696.9,36392,68652
01/03/2023,15852.7,16216.4,15769.1,16087.6,79241,67984
01/04/2023,16111.4,16455.8,16106.8,16427.6,71552,68677
01/05/2023,16426.5,16460.3,16335.0,16408.4,51517,67991
01/06/2023,16400.5,16652.4,16315.8,16635.4,59304,70800
01/09/2023,16641.1,16821.8,16585.7,16757.4,54375,69143
01/10/2023,16695.3,16838.7,16646.7,16838.7,46822,68634
01/11/2023,16846.6,17017.2,16778.8,16974.2,52442,70095
01/12/2023,17007.0,17155.0,16947.1,17147.0,67018,70027
01/13/2023,17131.2,17182.1,17052.2,17177.5,52126,71379
01/16/2023,17158.3,17232.9,17103.0,17147.0,30074,71379
01/17/2023,17155.0,17316.5,17099.6,17219.3,51409,72031
01/18/2023,17187.7,17314.2,17142.5,17203.5,51194,73361
01/19/2023,17134.6,17161.7,16897.4,17011.5,74017,74276
01/20/2023,17000.2,17118.8,16935.8,17070.2,51454,73964
01/23/2023,17100.7,17177.5,17021.7,17148.2,43936,73909
01/24/2023,17141.4,17184.3,17023.9,17136.9,45047,74020
01/25/2023,17103.0,17167.4,16961.8,17141.4,57902,74191
01/26/2023,17175.3,17251.0,17075.9,17157.2,60656,74268
01/27/2023,17169.6,17211.4,17081.5,17182.1,53552,74612
01/30/2023,17171.9,17180.9,16978.8,17130.1,67525,75501
01/31/2023,17126.7,17215.9,16984.4,17213.7,62474,78368
02/01/2023,17175.3,17354.9,17112.0,17176.4,68912,76492
02/02/2023,17288.2,17614.6,17282.6,17614.6,96411,76574
02/03/2023,17563.8,17569.5,17384.2,17466.7,70752,75676
02/06/2023,17423.8,17450.9,17302.9,17395.5,68515,75653
02/07/2023,17427.1,17487.0,17299.5,17464.4,74900,76292
02/08/2023,17448.6,17548.0,17405.7,17479.1,74535,76313
02/09/2023,17490.4,17737.7,17489.3,17537.8,88279,76313
02/10/2023,17488.1,17532.2,17248.7,17334.5,84842,78961
02/13/2023,17310.8,17470.1,17256.6,17461.0,52730,78108
02/14/2023,17457.6,17577.4,17387.6,17484.7,74939,77597
02/15/2023,17476.8,17618.0,17377.4,17594.3,60165,78617
02/16/2023,17622.5,17693.7,17439.6,17606.7,65159,78339
02/17/2023,17493.8,17581.9,17307.4,17536.7,83647,75541
02/20/2023,17534.4,17599.9,17462.2,17507.3,32894,75541
02/21/2023,17497.2,17522.0,17289.4,17403.4,73624,76488
02/22/2023,17400.0,17476.8,17243.0,17462.2,74208,77174
02/23/2023,17444.1,17595.4,17444.1,17511.9,72363,77467
02/24/2023,17554.8,17583.0,17171.9,17228.4,95693,74967
02/27/2023,17232.9,17510.7,17227.2,17437.3,77415,74892
02/28/2023,17448.6,17466.7,17286.0,17391.0,68072,73958
03/01/2023,17330.0,17506.2,17245.3,17306.3,75377,73700
03/02/2023,17343.6,17401.2,17122.2,17387.6,75630,74767
03/03/2023,17372.9,17675.6,17352.6,17650.8,74193,75636
03/06/2023,17639.5,17721.9,17613.5,17672.2,60265,76045
03/07/2023,17682.4,17754.7,17535.6,17555.9,61832,75503
03/08/2023,17541.2,17712.9,17507.3,17647.4,66084,77614
03/09/2023,17661.9,17702.1,17494.3,17579.2,77486,80756
03/10/2023,17485.4,17511.1,17255.2,17265.3,123273,80705
03/13/2023,17393.8,17496.6,16816.2,16952.5,190482,83928
03/14/2023,16920.1,17249.7,16844.1,17136.8,195947,88417
03/15/2023,17183.7,17232.9,16593.9,16797.2,207914,86325
03/16/2023,16799.4,17003.9,16548.1,16949.1,166886,81811
03/17/2023,16968.1,17108.9,16589.4,16705.6,100632,64270
03/20/2023,16765.9,16932.4,16330.2,16901.1,70480,62555
03/21/2023,16921.2,17235.1,16919.0,17143.5,55348,64154
03/22/2023,17212.8,17277.6,17012.8,17200.5,66164,63824
03/23/2023,17060.9,17208.3,16943.5,17073.1,97934,61992
03/24/2023,17068.7,17137.9,16710.0,16916.7,59826,62967
03/27/2023,16981.5,17141.3,16946.9,17125.6,50905,63067
03/28/2023,17132.4,17225.1,17018.4,17039.6,60661,60813
03/29/2023,17101.1,17348.0,17092.1,17310.0,56232,61051
03/30/2023,17299.9,17534.5,17299.9,17505.5,63652,62580
03/31/2023,17540.1,17670.8,17489.9,17648.5,49667,63143
04/03/2023,17622.8,17667.5,17546.8,17602.7,59489,63524
04/04/2023,17611.6,17753.5,17581.5,17613.9,51981,64528
04/05/2023,17618.3,17637.3,17459.7,17482.0,43958,63407
04/06/2023,17499.9,17663.0,17468.6,17587.1,43958,63407
04/11/2023,17703.2,17747.9,17616.1,17655.2,58120,64085
04/12/2023,17670.8,17849.6,17650.7,17703.2,44418,64851
04/13/2023,17665.3,17790.4,17651.9,17726.7,50259,65849
04/14/2023,17773.6,17859.7,17760.2,17802.7,46481,65449
04/17/2023,17851.8,17925.6,17765.8,17797.1,45586,67118
04/18/2023,17820.6,17939.0,17806.0,17882.0,44290,68130
04/19/2023,17901.0,17946.8,17837.3,17917.7,64182,67736
04/20/2023,17895.4,17922.2,17728.9,17796.0,62584,66240
04/21/2023,17789.3,17927.8,17696.5,17884.2,41300,67526
04/24/2023,17888.7,17935.6,17834.0,17866.4,54089,66982
04/25/2023,17871.9,17901.0,17778.1,17882.0,66527,67626
04/26/2023,17800.4,17826.1,17670.8,17783.7,55958,67404
04/27/2023,17743.5,17879.8,17682.0,17787.0,71495,66743
04/28/2023,17844.0,17964.7,17651.9,17899.9,71495,66743
05/02/2023,17941.2,18016.1,17664.1,17672.0,65195,66404
05/03/2023,17727.8,17873.1,17708.8,17790.4,84787,66741
05/04/2023,17705.5,17801.6,17599.3,17688.7,75408,65449
05/05/2023,17734.5,17972.5,17689.8,17920.0,43077,67792
05/08/2023,17933.4,17961.3,17884.2,17907.7,47772,68162
05/09/2023,17913.3,17939.0,17821.7,17902.1,71634,68006
05/10/2023,17912.2,17944.6,17753.5,17844.0,68037,68884
05/11/2023,17866.4,17918.9,17674.2,17764.7,57400,66472
05/12/2023,17788.2,17867.5,17772.5,17836.2,43912,66342
05/15/2023,17813.8,17914.4,17791.5,17878.6,57172,66755
05/16/2023,17855.2,17903.2,17772.5,17797.1,60442,65682
05/17/2023,17807.1,17959.1,17766.9,17959.1,70910,68277
05/18/2023,17950.1,18180.3,17925.6,18143.4,66879,69434
05/19/2023,18166.9,18294.2,18144.5,18257.4,41419,70665
05/22/2023,18238.4,18258.5,18133.4,18169.1,49222,68955
05/23/2023,18200.4,18208.2,17981.4,18000.4,75372,67732
05/24/2023,18012.7,18019.4,17692.1,17747.9,63843,67442
05/25/2023,17788.2,17810.5,17602.7,17737.9,63588,66421
05/26/2023,17714.4,17927.8,17599.3,17895.4,54857,65465
05/29/2023,17942.3,18000.4,17819.4,17850.7,54857,65465
05/30/2023,17842.9,17974.7,17774.7,17813.8,78839,64722
05/31/2023,17812.7,17812.7,17483.2,17574.8,64039,66885
06/01/2023,17585.9,17789.3,17561.4,17756.9,65634,65817
06/02/2023,17770.3,17980.3,17763.6,17961.3,58025,66322
06/05/2023,17942.3,18026.1,17806.0,17834.0,48763,64150
06/06/2023,17813.8,17935.6,17789.3,17935.6,61902,64318
06/07/2023,17943.4,17943.4,17787.0,17829.5,53864,64651
06/08/2023,17810.7,17909.3,17786.3,17908.1,55549,63599
06/09/2023,17892.6,17897.1,17801.8,17840.6,118585,64625
06/12/2023,17869.4,18048.8,17869.4,18043.3,131821,69143
06/13/2023,18056.6,18155.2,17986.8,18126.4,110584,71375
06/14/2023,18129.7,18263.8,18113.1,18201.7,98907,74690
06/15/2023,18200.6,18250.5,18062.1,18215.0,76760,75064
06/16/2023,18215.0,18359.0,18118.6,18258.2,38773,62112
06/19/2023,18238.3,18238.3,18087.6,18118.6,50173,61742
06/20/2023,18102.0,18117.5,17952.5,18018.9,52958,60915
06/21/2023,18038.9,18052.2,17877.1,17889.3,69991,61207
06/22/2023,17886.0,17887.1,17656.7,17857.2,71176,63567
06/23/2023,17839.5,17848.3,17564.7,17687.7,57322,62964
06/26/2023,17703.2,17733.1,17540.3,17654.5,52029,63405
06/27/2023,17673.3,17781.9,17591.3,17750.8,52035,61853
06/28/2023,17744.2,17859.4,17719.8,17840.6,47487,61549
06/29/2023,17847.2,17858.3,17767.4,17811.8,66290,61341
06/30/2023,17794.0,18066.6,17785.2,18056.6,43636,63174
07/03/2023,18053.3,18093.2,17934.7,17977.9,54026,61591
07/04/2023,17976.8,17976.8,17878.2,17896.0,54026,61591
07/05/2023,17886.0,17892.6,17742.0,17764.1,87128,60449
07/06/2023,17743.1,17758.6,17282.2,17344.3,71022,64204
07/07/2023,17307.7,17509.3,17236.8,17434.0,51905,60917
07/10/2023,17428.5,17535.9,17335.4,17496.0,57817,59847
07/11/2023,17497.1,17661.1,17460.6,17650.0,69022,58581
07/12/2023,17653.3,17891.5,17624.5,17870.5,60370,59465
07/13/2023,17867.2,18048.8,17833.9,18014.5,46339,60381
07/14/2023,18011.2,18011.2,17910.4,17919.2,42897,60068
07/17/2023,17899.3,17959.1,17827.3,17938.1,41638,59508
07/18/2023,17925.9,18006.7,17864.9,17991.2,49848,58640
07/19/2023,17987.9,18103.1,17911.5,17965.8,53455,58477
07/20/2023,17945.8,18090.9,17882.7,17980.2,44905,58577
07/21/2023,17970.2,18037.8,17940.3,18023.4,44313,57463
07/24/2023,18012.3,18062.1,17950.2,18033.3,48676,57878
07/25/2023,18011.2,18084.3,17970.2,18079.9,72988,57439
07/26/2023,18063.2,18096.5,17819.5,17974.6,75801,56176
07/27/2023,17966.9,18315.8,17962.4,18210.6,53592,59496
07/28/2023,18201.7,18363.5,18167.4,18322.5,41874,58568
07/31/2023,18343.5,18406.7,18284.8,18322.5,54930,57866
08/01/2023,18336.9,18346.8,18063.2,18087.6,74254,56002
08/02/2023,18028.9,18063.2,17757.5,17802.9,58871,54650
08/03/2023,17816.2,17861.6,17589.1,17742.0,62131,54198
08/04/2023,17717.6,17783.0,17559.2,17641.2,45668,53406
08/07/2023,17658.9,17788.5,17601.3,17780.7,65301,52486
08/08/2023,17775.2,17785.2,17469.4,17613.5,56375,53676
08/09/2023,17617.9,17778.5,17604.6,17667.7,66325,51751
08/10/2023,17677.7,17861.6,17651.1,17726.5,55164,51656
08/11/2023,17754.2,17761.9,17565.8,17620.1,46836,53001
08/14/2023,17641.2,17720.9,17511.5,17702.1,62632,52777
08/15/2023,17711.0,17744.2,17451.7,17496.0,48217,53293
08/16/2023,17494.9,17579.1,17416.3,17483.8,55568,52240
08/17/2023,17459.5,17551.4,17334.3,17348.7,64970,55046
08/18/2023,17352.0,17401.9,17183.6,17326.5,48660,55288
08/21/2023,17326.5,17455.0,17287.8,17383.0,48913,53960
08/22/2023,17378.6,17548.1,17362.0,17420.7,48601,53585
08/23/2023,17435.1,17576.9,17405.2,17486.1,57206,53794
08/24/2023,17534.8,17653.3,17267.8,17267.8,54711,54833
08/25/2023,17308.8,17476.1,17273.4,17426.2,43627,53854
08/28/2023,17424.0,17568.0,17397.4,17563.6,48574,53338
08/29/2023,17557.0,17727.6,17524.8,17727.6,45694,53102
08/30/2023,17723.1,17765.2,17560.3,17658.9,56902,51457
08/31/2023,17654.5,17802.9,17641.2,17707.6,55627,51900
09/01/2023,17708.7,17760.8,17555.9,17599.1,54366,49729
09/04/2023,17591.3,17705.4,17521.5,17553.6,54366,49729
09/05/2023,17543.7,17571.4,17400.8,17479.4,56968,49936
09/06/2023,17489.4,17507.1,17383.0,17456.1,64772,51566
09/07/2023,17402.3,17519.8,17372.7,17458.3,90830,52435
09/08/2023,17439.7,17513.2,17280.5,17454.0,98892,53166
09/11/2023,17457.2,17606.6,17445.2,17569.2,112111,56549
09/12/2023,17556.1,17564.8,17398.0,17425.4,114183,59985
09/13/2023,17430.9,17457.2,17264.0,17347.5,126147,59643
09/14/2023,17342.0,17598.9,17283.8,17582.4,83708,57762
09/15/2023,17595.6,17735.0,17579.1,17602.2,60458,47810
09/18/2023,17623.0,17636.2,17399.1,17441.9,51072,46730
09/19/2023,17443.0,17459.4,17328.8,17385.9,52206,47358
09/20/2023,17377.1,17526.4,17354.0,17400.2,74392,47315
09/21/2023,17378.2,17399.1,17160.8,17161.9,64661,48441
09/22/2023,17156.4,17276.1,17123.5,17176.2,65402,48273
09/25/2023,17175.1,17254.1,16981.8,17097.1,67454,49143
09/26/2023,17060.9,17069.7,16833.6,16845.7,67207,50323
09/27/2023,16861.1,16945.6,16760.1,16888.5,74732,52365
09/28/2023,16897.3,17015.9,16759.0,16975.3,74449,50921
09/29/2023,16969.8,17179.5,16932.4,17002.7,68407,49982
10/02/2023,17060.9,17133.4,16790.8,16840.2,63312,50990
10/03/2023,16807.3,16890.7,16668.9,16693.1,70030,51198
10/04/2023,16697.5,16794.1,16541.6,16760.1,55418,52519
10/05/2023,16737.0,16790.8,16645.9,16723.8,78806,52991
10/06/2023,16707.4,16918.2,16631.6,16908.3,61325,52031
10/09/2023,16745.8,16822.6,16676.6,16810.6,74362,50849
10/10/2023,16818.2,17081.8,16815.0,17023.6,67045,52161
10/11/2023,17048.8,17126.8,16987.3,17125.7,65728,53199
10/12/2023,17138.8,17220.1,16962.1,16997.2,75640,51730
10/13/2023,17021.4,17058.7,16722.7,16733.7,64054,51756
10/16/2023,16784.2,16880.8,16690.9,16853.4,63395,51637
10/17/2023,16863.3,16913.8,16706.3,16857.8,66205,51461
10/18/2023,16806.2,16897.3,16611.8,16637.1,69175,55511
10/19/2023,16645.9,16685.4,16508.6,16509.7,75456,57224
10/20/2023,16491.1,16549.2,16323.1,16378.0,74161,57734
10/23/2023,16364.8,16404.3,16155.1,16298.9,67809,58948
10/24/2023,16313.2,16473.5,16252.8,16473.5,68111,59887
10/25/2023,16440.6,16491.1,16326.4,16383.5,85925,59931
10/26/2023,16326.4,16333.0,16175.9,16208.9,75742,59358
10/27/2023,16263.8,16362.6,16102.4,16154.0,62663,59889
10/30/2023,16178.1,16334.1,16175.9,16284.6,65046,58308
10/31/2023,16266.0,16385.7,16213.3,16378.0,69295,59709
11/01/2023,16384.6,16538.3,16312.1,16533.9,73297,58144
11/02/2023,16543.8,16793.0,16537.2,16790.8,65493,57258
11/03/2023,16780.9,16840.2,16708.5,16764.4,44098,58207
11/06/2023,16762.2,16798.5,16653.6,16707.4,49158,57711
11/07/2023,16682.1,16756.8,16615.1,16713.9,56228,54799
11/08/2023,16704.1,16857.8,16623.9,16778.7,59620,56117
11/09/2023,16771.0,16936.8,16756.8,16841.3,56800,56873
11/10/2023,16819.3,16898.4,16719.4,16888.5,43383,58172
11/13/2023,16856.7,16933.5,16778.7,16919.3,73731,58146
11/14/2023,16928.0,17226.7,16894.0,17224.5,59851,57857
11/15/2023,17224.5,17369.4,17199.2,17346.4,56961,54446
11/16/2023,17348.5,17485.8,17303.5,17422.1,56092,52749
11/17/2023,17430.9,17564.8,17415.5,17561.6,54492,53803
11/20/2023,17562.6,17570.3,17460.5,17536.3,43863,51149
11/21/2023,17549.5,17560.5,17495.7,17518.7,45714,51150
11/22/2023,17530.8,17615.3,17516.5,17571.4,37322,51739
11/23/2023,17560.5,17616.4,17549.5,17615.3,37322,51739
11/24/2023,17604.4,17661.5,17580.2,17639.5,41959,51576
11/27/2023,17634.0,17651.6,17559.4,17559.4,43380,50425
11/28/2023,17565.9,17607.7,17509.9,17595.6,64302,50750
11/29/2023,17592.3,17836.0,17592.3,17794.3,58748,51754
11/30/2023,17796.5,17890.9,17783.3,17880.0,62943,52666
12/01/2023,17876.7,18080.9,17861.3,18067.7,57181,54373
12/04/2023,18046.8,18097.3,18012.8,18072.1,70114,56054
12/05/2023,18055.6,18199.5,18021.6,18177.5,77171,58568
12/06/2023,18186.3,18392.7,18176.4,18281.8,55324,61893
12/07/2023,18275.3,18313.3,18232.9,18304.6,82167,63255
12/08/2023,18299.2,18461.0,18274.2,18456.6,98269,68211
12/11/2023,18479.4,18492.5,18391.5,18486.0,116134,76003
12/12/2023,18487.0,18520.7,18407.8,18454.5,107434,76363
12/13/2023,18482.7,18571.7,18393.7,18564.1,139164,79792
12/14/2023,18576.1,18678.2,18307.9,18386.0,74063,78025
12/15/2023,18396.9,18545.7,18350.2,18361.1,42119,57716
12/18/2023,18380.6,18391.5,18256.8,18307.9,39046,57841
12/19/2023,18301.3,18425.1,18282.9,18419.7,49810,58535
12/20/2023,18421.9,18459.9,18238.4,18388.2,43099,57029
12/21/2023,18292.7,18367.6,18247.0,18364.3,32322,57077
12/22/2023,18351.3,18369.8,18276.4,18354.6,32322,57077
12/27/2023,18413.2,18434.9,18320.9,18389.3,33194,57822
12/28/2023,18395.8,18442.5,18295.9,18313.3,29887,56730
12/29/2023,18316.5,18409.9,18310.0,18387.1,69743,57587
01/02/2024,18395.8,18594.5,18241.6,18336.1,64633,58117
01/03/2024,18336.1,18393.7,18050.5,18096.1,47192,57335
01/04/2024,18085.2,18212.3,18064.6,18146.1,57521,57965
01/05/2024,18158.0,18230.8,18009.2,18167.8,49977,58491
01/08/2024,18159.1,18378.4,18084.2,18369.8,46738,58233
01/09/2024,18368.7,18368.7,18183.0,18266.6,43172,57219
01/10/2024,18266.6,18343.7,18196.0,18298.1,66637,57100
01/11/2024,18302.4,18433.8,18095.0,18200.4,54974,58073
01/12/2024,18188.4,18330.7,18171.0,18289.4,53794,58025
01/15/2024,18262.3,18371.9,18169.9,18203.6,53794,58025
01/16/2024,18180.8,18180.8,18020.1,18085.2,60414,57687
01/17/2024,18088.5,18089.6,17878.9,17968.0,54052,57465
01/18/2024,17966.9,18158.0,17943.0,18148.2,50701,58330
01/19/2024,18151.5,18211.2,18054.8,18184.1,47647,57443
01/22/2024,18197.1,18265.5,18154.7,18222.1,45694,57981
01/23/2024,18231.8,18320.9,18171.0,18212.3,71605,56764
01/24/2024,18239.4,18501.2,18227.5,18442.5,57202,58899
01/25/2024,18420.8,18486.0,18340.4,18486.0,52154,58094
01/26/2024,18455.5,18540.3,18404.5,18502.2,39997,57669
01/29/2024,18484.9,18576.1,18417.5,18562.0,40521,58496
01/30/2024,18553.3,18588.0,18510.9,18537.0,58709,58196
01/31/2024,18513.1,18560.9,18341.5,18358.9,60651,58216
02/01/2024,18376.3,18502.2,18328.5,18497.9,56792,59790
02/02/2024,18517.4,18563.1,18437.1,18488.1,47612,59202
02/05/2024,18489.2,18526.1,18398.0,18463.2,56505,59499
02/06/2024,18458.8,18611.9,18413.2,18597.8,46694,63142
02/07/2024,18594.5,18626.0,18455.5,18487.0,48960,60890
02/08/2024,18489.2,18578.3,18426.2,18517.4,48425,62328
02/09/2024,18517.4,18529.4,18396.9,18491.4,38913,61839
02/12/2024,18487.0,18580.4,18474.0,18544.6,60138,61767
02/13/2024,18527.2,18541.3,18294.8,18338.3,43740,61334
02/14/2024,18343.7,18519.6,18338.3,18518.5,47695,62426
02/15/2024,18518.5,18643.4,18487.0,18643.4,52918,63594
02/16/2024,18635.8,18737.9,18584.8,18606.5,37035,63238
02/19/2024,18623.9,18638.0,18570.7,18603.2,37035,63238
02/20/2024,18584.8,18608.7,18535.9,18602.2,43172,62679
02/21/2024,18595.6,18687.9,18575.0,18686.9,71672,63022
02/22/2024,18698.8,18980.1,18692.3,18967.0,45455,65238
02/23/2024,18965.9,18989.8,18894.3,18957.3,32111,62815
02/26/2024,18958.3,19006.1,18908.4,18970.3,45343,62951
02/27/2024,18945.3,19141.9,18917.1,19141.9,38106,64160
02/28/2024,19134.3,19177.7,19102.8,19154.9,57149,64703
02/29/2024,19118.0,19308.0,19118.0,19308.0,53503,66192
03/01/2024,19297.2,19380.8,19240.7,19300.4,35843,64886
03/04/2024,19301.5,19323.2,19233.1,19248.3,44201,63921
03/05/2024,19243.9,19300.4,19165.8,19222.2,44774,64371
03/06/2024,19214.6,19296.1,19214.6,19264.6,66610,63448
03/07/2024,19246.4,19442.1,19158.7,19432.5,58932,66040
03/08/2024,19417.5,19469.9,19298.8,19314.8,90279,65874
03/11/2024,19366.2,19366.2,19207.9,19351.2,125296,68802
03/12/2024,19371.5,19567.3,19297.7,19567.3,99579,70728
03/13/2024,19566.2,19587.6,19503.1,19543.7,87076,74046
03/14/2024,19536.2,19604.7,19414.3,19471.0,61411,70879
03/15/2024,19465.6,19602.5,19444.3,19545.9,39685,58454
03/18/2024,19543.7,19567.3,19446.4,19466.7,44071,58230
03/19/2024,19455.0,19567.3,19419.7,19560.8,45831,59261
03/20/2024,19544.8,19715.9,19499.9,19707.4,50335,59683
03/21/2024,19722.3,19769.4,19602.5,19725.5,47927,58714
03/22/2024,19727.7,19823.9,19687.0,19790.8,36690,60822
03/25/2024,19795.1,19853.9,19734.1,19827.2,46071,61823
03/26/2024,19840.0,19987.6,19816.5,19948.0,43626,62747
03/27/2024,19954.4,20120.2,19948.0,20102.0,38947,64378
03/28/2024,20107.4,20120.2,20042.1,20077.4,38947,64378
04/02/2024,20053.9,20149.1,19804.7,19855.0,45030,62634
04/03/2024,19843.2,19934.1,19782.2,19904.2,43316,61733
04/04/2024,19914.9,19978.0,19704.2,19748.0,65671,60522
04/05/2024,19743.7,19754.4,19605.8,19708.4,42634,59221
04/08/2024,19714.9,19865.7,19689.2,19832.5,55104,59262
04/09/2024,19826.1,19834.6,19571.5,19647.5,67192,58456
04/10/2024,19657.1,19763.0,19479.6,19592.9,66123,59109
04/11/2024,19577.9,19618.6,19353.3,19552.3,67184,57671
04/12/2024,19548.0,19674.2,19318.1,19348.0,69515,57316
04/15/2024,19369.4,19705.2,19358.7,19376.9,75123,58155
04/16/2024,19384.4,19384.4,19180.1,19219.7,61991,58503
04/17/2024,19262.4,19387.6,19192.9,19242.1,58093,59171
04/18/2024,19240.0,19333.0,19171.5,19216.4,65942,57559
04/19/2024,19181.2,19229.3,18832.5,19175.8,53059,57543
04/22/2024,19238.9,19450.7,19214.3,19394.0,47306,56633
04/23/2024,19426.1,19658.2,19404.7,19641.1,40114,56672
04/24/2024,19663.5,19721.3,19521.3,19548.0,58028,56627
04/25/2024,19507.4,19549.1,19233.6,19401.5,41088,59049
04/26/2024,19430.4,19661.4,19412.2,19629.3,35283,58528
04/29/2024,19655.0,19700.9,19526.6,19582.2,47143,59076
04/30/2024,19574.7,19597.2,19321.3,19324.5,47143,59076
05/02/2024,19310.6,19407.9,19287.0,19355.5,46067,57880
05/03/2024,19382.2,19536.2,19319.1,19453.9,37015,57216
05/06/2024,19465.6,19647.5,19426.1,19647.5,42897,57081
05/07/2024,19650.7,19891.3,19622.9,19880.6,39708,58597
05/08/2024,19892.4,19990.8,19850.7,19956.6,41727,58164
05/09/2024,19954.4,20153.4,19906.3,20145.9,38643,59699
05/10/2024,20148.0,20284.9,20138.4,20201.5,25853,60251
05/13/2024,20205.8,20233.6,20127.7,20160.8,27916,58920
05/14/2024,20165.1,20203.6,20038.9,20199.4,34997,58146
05/15/2024,20213.3,20324.5,20166.2,20303.1,37535,57576
05/16/2024,20324.5,20340.5,20078.5,20090.3,31115,57633
05/17/2024,20091.3,20122.3,20009.0,20115.9,22469,56737
05/20/2024,20126.6,20200.4,20111.7,20139.5,26878,56203
05/21/2024,20132.0,20139.5,20011.1,20130.9,32462,55715
05/22/2024,20140.5,20146.9,19963.0,20033.6,41123,56443
05/23/2024,20040.0,20142.7,19911.6,19956.6,35732,56707
05/24/2024,19958.7,20079.6,19868.9,20069.9,34954,57923
05/27/2024,20051.8,20173.7,20033.6,20169.4,34954,57923
05/28/2024,20155.5,20231.4,19979.0,20044.3,43018,58030
05/29/2024,20021.8,20038.9,19778.0,19840.0,32818,57614
05/30/2024,19809.0,19880.6,19717.0,19822.9,42091,57882
05/31/2024,19798.3,19939.5,19753.4,19938.4,43240,58153
06/03/2024,19954.4,20049.6,19838.9,19914.9,49177,58509
06/04/2024,19928.8,19933.0,19681.7,19786.5,35908,58836
06/05/2024,19805.8,19979.0,19797.2,19979.0,39869,58016
06/06/2024,19987.6,20126.6,19926.6,19961.9,46157,57640
06/07/2024,19953.4,19983.3,19733.0,19866.7,44294,56788
06/10/2024,19830.4,19846.4,19661.4,19836.8,53147,57456
06/11/2024,19837.8,19866.7,19571.5,19692.4,48967,55813
06/12/2024,19695.6,19970.5,19693.5,19930.9,62488,58970
06/13/2024,19918.2,19922.4,19512.0,19572.3,88819,59229
06/14/2024,19564.9,19618.9,19210.6,19261.4,91713,61083
06/17/2024,19275.1,19419.0,19216.9,19414.7,100935,62174
06/18/2024,19428.5,19474.0,19321.6,19392.5,62633,65482
06/19/2024,19422.1,19425.3,19299.4,19341.7,69509,68396
06/20/2024,19315.3,19513.1,19315.3,19497.2,45004,67708
06/21/2024,19495.1,19506.7,19320.6,19422.1,40987,49787
06/24/2024,19430.6,19608.3,19360.8,19503.6,36810,50409
06/25/2024,19461.3,19499.3,19305.8,19425.3,40019,50657
06/26/2024,19440.1,19613.6,19273.0,19388.3,31754,51523
06/27/2024,19356.5,19500.4,19313.2,19474.0,44241,51417
06/28/2024,19484.5,19594.5,19420.0,19494.1,44006,52575
07/01/2024,19573.4,19707.7,19490.9,19544.8,46045,49930
07/02/2024,19553.3,19556.5,19241.3,19406.3,38823,51173
07/03/2024,19404.1,19649.5,19403.1,19649.5,40886,50393
07/04/2024,19648.5,19704.5,19615.7,19694.0,40886,50393
07/05/2024,19694.0,19909.7,19645.3,19739.4,32810,50703
07/08/2024,19639.0,19869.5,19639.0,19692.9,44373,49924
07/09/2024,19724.6,19733.1,19422.1,19453.9,31042,49436
07/10/2024,19488.8,19685.5,19431.6,19679.2,36451,48590
07/11/2024,19698.2,19802.9,19629.4,19726.8,39708,48753
07/12/2024,19737.3,20020.8,19737.3,19952.1,34146,49560
07/15/2024,19952.1,19980.6,19758.5,19783.9,31249,49242
07/16/2024,19799.7,19810.3,19661.2,19802.9,40228,49017
07/17/2024,19792.3,19797.6,19546.9,19642.1,41715,48569
07/18/2024,19684.4,19746.9,19484.5,19516.3,43873,48572
07/19/2024,19541.7,19556.5,19329.0,19347.0,40499,48094
07/22/2024,19397.8,19677.0,19348.1,19677.0,39120,47598
07/23/2024,19699.3,19857.9,19639.0,19745.8,45769,48235
07/24/2024,19708.8,19720.4,19505.7,19521.6,60208,47952
07/25/2024,19568.1,19576.6,19258.2,19426.4,38922,47097
07/26/2024,19469.7,19662.2,19384.0,19652.7,33366,46434
07/29/2024,19687.6,19733.1,19480.3,19525.8,32191,46702
07/30/2024,19520.5,19651.7,19433.8,19595.6,42021,46146
07/31/2024,19625.2,19762.7,19587.1,19661.2,62786,46628
08/01/2024,19711.9,19724.6,19122.8,19164.0,74742,48636
08/02/2024,19156.6,19191.5,18736.7,18821.3,80650,49211
08/05/2024,18669.0,18765.3,18097.8,18457.5,51587,48057
08/06/2024,18554.8,18675.4,18310.4,18456.4,50534,47540
08/07/2024,18394.0,18776.9,18371.8,18512.5,43820,46942
08/08/2024,18483.9,18830.9,18462.8,18827.7,33402,47257
08/09/2024,18801.2,18894.3,18708.2,18874.2,29672,46618
08/12/2024,18875.3,18935.6,18770.6,18812.9,30562,48941
08/13/2024,18801.2,18972.6,18760.0,18965.2,30984,48966
08/14/2024,18966.2,19031.8,18927.1,19009.6,40890,48996
08/15/2024,19014.9,19334.3,19002.2,19323.8,37878,49027
08/16/2024,19337.5,19486.6,19315.3,19457.0,28360,48154
08/19/2024,19457.0,19590.3,19406.3,19574.4,29818,47960
08/20/2024,19550.1,19632.6,19440.1,19479.2,27370,47873
08/21/2024,19483.5,19609.3,19467.6,19607.2,29283,47601
08/22/2024,19619.9,19684.4,19556.5,19571.3,39662,49115
08/23/2024,19611.5,19811.4,19575.5,19753.2,25088,48210
08/26/2024,19733.1,19777.5,19677.0,19761.7,31322,48823
08/27/2024,19756.4,19865.3,19750.0,19832.5,38830,49372
08/28/2024,19830.4,20002.8,19806.1,19932.0,44417,50723
08/29/2024,19859.0,20116.0,19859.0,19980.6,34235,52124
08/30/2024,19979.6,20111.8,19979.6,20095.9,44654,52419
09/02/2024,20070.5,20087.4,19898.1,20073.7,44654,52419
09/03/2024,20063.1,20134.0,19740.5,19772.2,45194,53038
09/04/2024,19760.6,19774.4,19577.6,19669.6,41037,52834
09/05/2024,19668.6,19789.2,19604.1,19710.9,57378,51546
09/06/2024,19705.6,19714.1,19337.5,19337.5,34863,49603
09/09/2024,19367.1,19590.3,19367.1,19586.1,45526,51328
09/10/2024,19566.0,19585.0,19261.4,19415.8,47361,51642
09/11/2024,19378.8,19574.4,19277.2,19572.3,42703,51557
09/12/2024,19585.9,19677.1,19452.9,19643.6,46245,52832
09/13/2024,19681.3,19810.1,19615.3,19772.4,67053,53244
09/16/2024,19801.8,19808.0,19675.0,19802.8,90807,57331
09/17/2024,19777.7,19895.0,19699.1,19789.2,66852,55597
09/18/2024,19789.2,20012.3,19775.6,19834.2,83027,59232
09/19/2024,19903.4,20147.5,19855.2,20060.5,56877,59008
09/20/2024,20038.5,20045.9,19776.6,19801.8,32653,43028
09/23/2024,19816.4,19967.3,19749.4,19952.6,39157,43793
09/24/2024,19941.1,20115.0,19921.2,20081.5,34195,43661
09/25/2024,20070.0,20070.0,19913.9,19991.4,55587,44172
09/26/2024,20022.8,20390.5,20022.8,20365.4,48211,45802
09/27/2024,20369.6,20600.1,20321.4,20486.9,42282,46191
09/30/2024,20537.2,20582.3,20398.9,20485.9,54453,45812
10/01/2024,20466.0,20545.6,20204.1,20301.5,39457,46308
10/02/2024,20295.2,20354.9,20127.6,20224.0,42753,44492
10/03/2024,20214.5,20220.8,20019.7,20054.2,37575,44637
10/04/2024,20052.2,20271.1,20005.0,20266.9,36909,44922
10/07/2024,20260.6,20300.4,20038.5,20084.6,35375,44283
10/08/2024,20098.2,20177.9,19956.8,20156.9,32186,43567
10/09/2024,20149.6,20349.7,20055.3,20336.1,35180,44727
10/10/2024,20335.0,20369.6,20193.6,20274.3,29771,44561
10/11/2024,20287.9,20461.8,20226.1,20459.7,30537,45440
10/14/2024,20407.3,20617.9,20400.0,20609.5,46826,46879
10/15/2024,20628.4,20709.0,20516.3,20539.3,33710,47111
10/16/2024,20528.8,20576.0,20460.7,20536.2,38714,46760
10/17/2024,20518.4,20745.7,20492.2,20628.4,30558,48008
10/18/2024,20612.6,20734.2,20532.0,20706.9,37260,48911
10/21/2024,20725.8,20725.8,20501.6,20552.9,40187,48695
10/22/2024,20617.9,20645.1,20412.5,20504.7,36241,49411
10/23/2024,20511.0,20524.6,20337.1,20366.5,33495,49224
10/24/2024,20381.1,20603.2,20365.4,20478.5,35793,48584
10/25/2024,20478.5,20557.1,20386.4,20444.0,41371,48585
10/28/2024,20524.6,20623.1,20425.1,20571.8,36904,48325
10/29/2024,20556.1,20688.1,20494.3,20513.1,47774,48985
10/30/2024,20525.7,20539.3,20216.6,20256.4,48893,49523
10/31/2024,20239.7,20243.9,20007.1,20090.9,36022,49086
11/01/2024,20084.6,20313.0,20049.0,20239.7,29023,48568
11/04/2024,20195.7,20306.7,20096.2,20131.8,28210,47711
11/05/2024,20125.5,20317.2,20102.4,20308.8,63737,46348
11/06/2024,20310.9,20586.5,19995.6,20125.5,45391,47678
11/07/2024,20119.2,20460.7,20021.8,20432.5,37496,48208
11/08/2024,20453.4,20460.7,20134.9,20243.9,37447,47747
11/11/2024,20250.2,20556.1,20242.8,20418.8,53331,48917
11/12/2024,20410.5,20419.9,19939.0,20052.2,55719,48287
11/13/2024,20030.2,20110.8,19803.9,19963.1,50571,46640
11/14/2024,19962.1,20294.2,19902.3,20200.9,50571,46517
11/15/2024,20176.8,20276.4,20096.2,20141.2,33463,47011
11/18/2024,20238.6,20280.5,20063.7,20118.2,63479,46535
11/19/2024,20123.4,20232.4,19768.2,20041.7,63479,47104
11/20/2024,20059.5,20178.9,19924.3,20062.6,41655,46641
11/21/2024,20042.7,20169.5,19855.2,20146.4,47811,47871
11/22/2024,20130.7,20346.5,19990.3,20345.5,51363,48465
11/25/2024,20409.4,20450.3,20298.4,20361.2,36044,48839
11/26/2024,20273.2,20359.1,20187.3,20294.2,37602,49050
11/27/2024,20297.3,20309.9,20104.5,20247.0,30520,50254
11/28/2024,20261.7,20407.3,20255.4,20388.5,30520,50254
11/29/2024,20387.4,20661.9,20309.9,20640.9,41692,51919
12/02/2024,20622.1,20943.7,20534.1,20912.3,57170,54668
12/03/2024,20907.0,21035.9,20881.9,21010.8,40951,54863
12/04/2024,21017.0,21269.5,20995.0,21236.0,39467,56758
12/05/2024,21217.1,21382.7,21189.9,21340.8,33773,57514
12/06/2024,21328.2,21434.0,21303.1,21379.5,33773,58101
12/09/2024,21383.7,21482.2,21314.6,21314.6,36495,58298
12/10/2024,21313.5,21397.3,21253.8,21294.7,34533,59577
12/11/2024,21304.1,21427.7,21273.7,21427.7,35710,60466
12/12/2024,21405.9,21457.9,21378.9,21396.6,37217,61276
12/13/2024,21395.5,21540.0,21374.7,21425.6,54331,65034
12/16/2024,21426.7,21490.1,21306.1,21371.6,76369,65263
12/17/2024,21329.0,21364.3,21226.1,21241.7,98754,63490
12/18/2024,21241.7,21339.4,20996.5,20996.5,95433,69982
12/19/2024,21003.8,21099.4,20919.6,20932.1,82909,67812
12/20/2024,20908.2,20925.8,20606.8,20895.7,56047,51571
12/23/2024,20850.0,20899.9,20763.7,20843.7,56047,51571
12/27/2024,20952.8,20954.9,20745.0,20908.2,25659,49537
12/30/2024,20882.2,20944.5,20688.9,20759.6,25659,49537
01/02/2025,20762.7,20969.5,20700.3,20874.9,47530,49153
01/03/2025,20901.9,20961.2,20785.5,20826.1,31310,49164
01/06/2025,20831.3,21184.6,20830.2,21064.0,48836,49065
01/07/2025,21057.8,21336.3,21036.0,21232.4,40301,48547
01/08/2025,21230.3,21428.8,21175.2,21296.8,47070,48826
01/09/2025,21249.0,21298.9,21179.4,21275.0,23439,48645
01/10/2025,21208.5,21338.4,21113.9,21187.7,43096,48306
01/13/2025,21184.6,21189.8,20939.3,21134.7,38709,48613
01/14/2025,21171.1,21292.6,21128.5,21191.8,36313,48541
01/15/2025,21210.5,21571.1,21187.7,21561.8,46068,49475
01/16/2025,21586.7,21644.9,21510.9,21581.5,38616,48588
01/17/2025,21574.2,21873.5,21567.0,21823.6,30181,48870
01/20/2025,21826.7,22005.5,21803.9,21973.3,30181,48870
01/21/2025,21981.6,22085.5,21808.0,22084.5,26658,49724
01/22/2025,22081.3,22293.3,22072.0,22191.5,34347,50209
01/23/2025,22179.0,22458.5,22173.8,22446.1,32588,50960
01/24/2025,22427.4,22491.8,22302.7,22317.2,29962,50290
01/27/2025,22272.5,22341.1,22021.1,22341.1,44264,49909
01/28/2025,22316.2,22472.0,22245.5,22438.8,36270,49944
01/29/2025,22430.5,22636.2,22426.3,22580.1,31137,50790
01/30/2025,22620.6,22755.7,22586.3,22691.3,38734,51118
01/31/2025,22697.5,22765.1,22554.1,22669.5,64290,51244
02/03/2025,22285.0,22411.8,22023.1,22337.0,34781,52244
02/04/2025,22417.0,22460.6,22233.0,22454.4,29254,51640
02/05/2025,22412.8,22580.1,22320.3,22491.8,41927,51210
02/06/2025,22598.8,22877.3,22578.0,22872.1,46446,51926
02/07/2025,22850.3,22900.2,22671.6,22706.9,28864,52392
02/10/2025,22718.3,22901.2,22704.8,22887.7,35973,52361
02/11/2025,22857.6,23070.6,22827.4,22984.3,48221,52952
02/12/2025,23036.3,23278.4,22910.6,23098.6,62654,52752
02/13/2025,23286.7,23597.4,23262.8,23583.9,38290,53317
02/14/2025,23440.5,23565.2,23412.4,23429.1,36958,52345
02/18/2025,23805.2,23845.8,23666.0,23826.0,56372,53094
02/19/2025,23829.1,23900.8,23308.5,23369.8,47002,52461
02/20/2025,23350.1,23519.5,23202.5,23269.0,42186,52038
02/21/2025,23258.7,23327.2,23038.4,23191.1,53639,51885
02/24/2025,23176.6,23527.8,23153.7,23352.2,46259,49212
02/25/2025,23227.5,23525.7,23177.6,23324.1,49303,49895
02/26/2025,23487.3,23776.1,23437.4,23737.7,41977,49057
02/27/2025,23593.3,23636.9,23286.7,23442.6,46805,48408
02/28/2025,23353.2,23498.7,23126.7,23413.5,79854,49676
03/03/2025,23522.6,24265.6,23443.6,24090.0,83175,51389
03/04/2025,23954.9,23997.5,23222.3,23229.6,65745,50945
03/05/2025,23742.9,24174.1,23598.5,24055.7,61974,50270
03/06/2025,24144.0,24425.6,23987.1,24392.3,55620,48847
03/07/2025,24177.2,24227.1,23776.1,23920.6,57000,46984
03/10/2025,24021.4,24147.1,23353.2,23511.2,48186,44913
03/11/2025,23432.2,23754.3,23131.9,23208.8,39884,44289
03/12/2025,23371.9,23737.7,23329.3,23570.4,43964,44571
03/13/2025,23530.3,23627.9,23342.3,23425.5,56329,44939
03/14/2025,23490.2,23987.6,23350.5,23841.7,61547,48723
03/17/2025,23934.2,24167.4,23828.3,24030.7,95986,50402
03/18/2025,24141.7,24391.4,24094.5,24302.0,70284,54267
03/19/2025,24314.4,24345.2,24029.7,24200.3,74322,53243
03/20/2025,24246.5,24249.6,23692.7,23886.9,39202,37696
03/21/2025,23861.2,23894.1,23588.9,23763.6,31379,39110
03/24/2025,23864.3,24019.4,23677.3,23734.8,30750,40064
03/25/2025,23744.1,24068.8,23666.0,23984.5,41220,40259
03/26/2025,24028.7,24107.8,23526.2,23714.3,36367,40901
03/27/2025,23500.5,23603.3,23319.7,23518.0,42540,41433
03/28/2025,23494.4,23537.5,23222.0,23304.3,44855,41475
03/31/2025,23223.1,23235.4,22804.9,22992.9,37565,41684
04/01/2025,23066.9,23425.5,23056.6,23387.5,39910,41349
04/02/2025,23351.5,23363.9,22970.3,23208.7,55702,40374
04/03/2025,22835.7,22977.5,22443.2,22515.1,76630,40835
04/04/2025,22462.7,22517.1,21112.4,21475.2,66533,40552
04/07/2025,20584.3,21605.7,19527.9,20492.8,54802,43129
04/08/2025,20902.8,21223.4,20107.5,21005.6,60573,40976
04/09/2025,20134.2,22298.3,20015.0,20403.4,51003,40980
04/10/2025,22208.9,22246.9,20882.3,21356.0,37520,39763
04/11/2025,21268.6,21664.3,20838.1,21101.1,32616,39999
04/14/2025,21579.0,21812.2,21450.5,21663.2,37188,40731
04/15/2025,21669.4,22091.7,21613.9,21996.2,31850,40611
04/16/2025,21925.3,22078.4,21700.2,22068.1,30201,39954
04/17/2025,21907.8,22199.6,21879.0,21948.9,30201,39954
04/22/2025,21693.0,22237.6,21693.0,22035.2,40612,39937
04/23/2025,22486.3,22840.8,22439.0,22703.1,31683,41076
04/24/2025,22708.3,22914.8,22490.4,22839.8,30309,41338
04/25/2025,22906.6,23139.8,22842.9,23013.5,25625,42020
04/28/2025,23110.0,23221.0,23004.2,23031.9,27360,42637
04/29/2025,23115.2,23308.4,23063.8,23224.1,36353,42867
04/30/2025,23281.6,23402.9,22991.9,23228.2,36353,42867
05/02/2025,23427.6,23935.2,23419.3,23832.4,26212,23199
05/05/2025,23823.2,24182.8,23770.8,24105.8,44338,47007
05/06/2025,24101.6,24201.3,23610.5,24002.0,25722,46810
05/07/2025,24033.8,24127.3,23791.3,23881.7,30755,23330
05/08/2025,23950.6,24233.2,23909.5,24116.0,27688,23456
05/09/2025,24101.6,24287.6,24072.9,24231.1,43265,47712
05/12/2025,24364.7,24679.1,24090.3,24292.8,23501,47564
05/13/2025,24357.5,24404.8,24230.1,24368.8,29018,23705
05/14/2025,24326.7,24441.8,24168.4,24237.3,30166,47179
05/15/2025,24200.3,24461.3,24056.4,24413.0,30075,23849
05/16/2025,24476.7,24615.4,24382.2,24472.6,25348,47679
05/19/2025,24456.2,24765.5,24382.2,24627.8,25121,48335
05/20/2025,24778.8,24810.7,24617.5,24737.7,28085,48234
05/21/2025,24755.2,24882.6,24583.6,24842.5,27558,48073
05/22/2025,24635.0,24803.5,24547.6,24723.3,45881,24169
05/23/2025,24766.5,24856.9,23949.6,24298.9,25622,24185
05/27/2025,24681.2,25014.1,24656.5,24973.0,26257,48679
05/28/2025,24965.8,25036.7,24722.3,24769.6,23702,48790
05/29/2025,25006.9,25097.4,24532.2,24666.8,29775,48043
05/30/2025,24607.2,24882.6,24573.3,24707.9,30418,43844
06/02/2025,24682.2,24785.0,24420.2,24637.0,23710,44431
06/03/2025,24743.9,24837.4,24501.4,24778.8,26707,44120
06/04/2025,24843.6,25042.9,24815.8,24958.6,30341,44266
06/05/2025,24966.9,25187.8,24868.2,25019.3,19697,44567
06/06/2025,24945.3,25046.0,24900.1,24982.3,17143,44609
06/09/2025,25001.8,25006.9,24776.8,24857.9,23748,44234
06/10/2025,24829.2,24939.1,24631.9,24723.3,29571,45445
06/11/2025,24673.0,24853.8,24503.4,24651.4,31300,46778
06/12/2025,24455.2,24549.2,24283.5,24440.9,46703,47621
06/13/2025,24322.3,24322.3,23972.8,24148.6,66327,48720
06/16/2025,24105.7,24371.4,24064.8,24346.8,88815,53878
06/17/2025,24145.5,24207.9,23942.1,24106.7,59303,54518
06/18/2025,23996.3,24158.8,23904.3,23990.2,35383,38791
06/20/2025,23773.5,24128.1,23757.2,23965.6,29369,39440
06/23/2025,23853.2,24078.1,23705.0,23909.4,34236,38880
06/24/2025,24190.5,24463.4,24137.3,24297.8,24754,37967
06/25/2025,24392.8,24403.1,24101.6,24153.7,23659,38772
06/26/2025,24152.7,24377.5,24128.1,24270.2,27616,38152
06/27/2025,24379.5,24749.5,24376.5,24653.4,26575,38445
06/30/2025,24754.6,24821.0,24489.9,24577.8,23932,38760
07/01/2025,24529.8,24638.1,24267.1,24347.9,20653,38805
07/02/2025,24350.9,24492.0,24245.7,24421.5,20986,37906
07/03/2025,24463.4,24588.0,24390.8,24536.9,25097,37804
07/07/2025,24519.6,24763.8,24421.5,24681.0,27002,38745
07/08/2025,24637.1,24920.2,24614.6,24835.4,31780,38421
07/09/2025,24866.0,25285.0,24835.4,25173.6,23304,39253
07/10/2025,25232.9,25292.2,25070.4,25117.4,28224,38811
07/11/2025,25074.5,25089.8,24794.5,24867.0,23989,38457
07/14/2025,24757.7,24867.0,24593.1,24793.5,22792,38904
07/15/2025,24829.2,24927.3,24661.6,24710.7,27038,38861
07/16/2025,24624.8,24837.4,24544.1,24704.5,24166,38297
07/17/2025,24796.5,25052.0,24780.2,24995.8,24739,38638
07/18/2025,25049.0,25128.7,24796.5,24919.2,19854,39147
07/21/2025,24847.6,24960.0,24803.7,24927.3,26760,39314
07/22/2025,24892.6,24893.6,24524.7,24642.2,26760,39314
07/24/2025,25164.4,25194.1,24849.7,24931.4,26783,39899
07/25/2025,24898.7,24938.6,24675.9,24854.8,35701,39569
07/28/2025,25084.7,25186.9,24533.9,24558.4,31456,40540
07/29/2025,24592.1,24929.4,24570.7,24811.9,22783,40145
07/30/2025,24836.4,24931.4,24744.4,24887.5,31800,39745
07/31/2025,24912.0,25049.0,24569.6,24692.3,45424,40104
08/01/2025,24581.9,24633.0,23961.6,24055.6,28753,40088
08/04/2025,24066.8,24407.1,24061.7,24347.9,23338,39092
08/05/2025,24393.9,24578.8,24375.5,24447.0,22184,39439
08/06/2025,24465.4,24636.1,24394.9,24499.1,37867,39159
08/07/2025,24559.4,24992.7,24493.0,24788.3,20444,39502
08/08/2025,24836.4,24904.9,24682.1,24787.3,20552,39016
08/11/2025,24848.6,24880.3,24616.7,24664.7,23586,38493
08/12/2025,24641.2,24788.3,24528.8,24642.2,21349,38525
08/13/2025,24721.9,24844.6,24663.7,24780.2,24711,38289
08/14/2025,24830.2,25031.6,24703.5,24963.1,25739,39676
08/15/2025,25032.6,25135.8,24916.1,24964.1,22444,39234
08/18/2025,25032.6,25049.0,24825.1,24885.4,23178,39169
08/19/2025,24939.6,25032.6,24862.9,25022.4,24752,39562
08/20/2025,24926.3,24957.0,24789.4,24859.9,22097,39621
08/21/2025,24876.2,24908.9,24751.6,24870.1,24556,39307
08/22/2025,24852.7,25031.6,24776.1,24953.9,21538,40084
08/25/2025,24944.7,24956.0,24789.4,24838.4,27522,40247
08/26/2025,24817.0,24845.6,24604.4,24758.7,24471,40283
08/27/2025,24789.4,24828.2,24542.0,24620.7,24410,39525
08/28/2025,24556.4,24775.1,24528.8,24608.5,30345,39210
08/29/2025,24619.7,24628.9,24435.8,24484.8,45231,39607
09/02/2025,24570.7,24656.5,24022.9,24055.6,28251,39892
09/03/2025,24185.4,24259.0,24049.4,24154.7,26811,40195
09/04/2025,24175.2,24384.7,24108.7,24333.6,30342,40247
09/05/2025,24378.5,24441.9,24083.2,24130.2,26683,41039
09/08/2025,24223.2,24376.5,24193.5,24369.3,24067,41187
09/09/2025,24337.6,24405.1,24170.0,24271.2,29977,41031
09/10/2025,24360.1,24426.6,24117.9,24161.9,31393,0
09/11/2025,24129.3,24317.3,24093.8,24218.8,39735,49363
09/12/2025,24244.2,24319.4,24130.4,24212.7,64249,43542
09/15/2025,24219.8,24384.4,24178.1,24265.5,83184,45547
09/16/2025,24263.5,24314.3,23835.7,23838.7,72284,48082
09/17/2025,23912.9,23992.2,23798.1,23861.1,56081,46902
09/18/2025,23953.5,24246.2,23911.9,24196.4,32948,39251
09/19/2025,24235.0,24313.3,24117.2,24168.0,26468,39803
09/22/2025,24181.2,24210.6,23934.2,24051.1,27663,40564
09/23/2025,24086.7,24247.2,24019.6,24152.7,29484,40851
09/24/2025,24067.4,24258.4,24012.5,24203.5,37392,41514
09/25/2025,24233.0,24248.2,23887.5,24030.8,29890,40814
09/26/2025,24090.7,24280.8,24042.0,24250.3,25881,40772
09/29/2025,24290.9,24396.6,24179.1,24293.0,24650,40055
09/30/2025,24278.7,24472.8,24186.3,24399.7,34540,40859
10/01/2025,24407.8,24789.9,24255.4,24679.1,31768,41094
10/02/2025,24735.0,25028.7,24734.0,24965.7,21038,41910
10/03/2025,25011.4,25066.3,24856.9,24906.7,24359,40917
10/06/2025,24955.5,25004.3,24781.7,24908.8,22894,40676
10/07/2025,24934.2,24976.8,24821.4,24901.6,27407,40897
10/08/2025,24881.3,25154.7,24877.3,25146.6,24402,41173
10/09/2025,25146.6,25293.9,25068.3,25169.9,32138,41073
10/10/2025,25188.2,25210.6,24674.0,24772.6,27481,40510
10/13/2025,24893.5,24960.6,24761.4,24884.4,35856,40798
10/14/2025,24927.1,24991.1,24480.9,24736.0,30367,41064
10/15/2025,24792.9,24868.1,24504.3,24717.7,35800,41376
10/16/2025,24658.8,24786.8,24512.5,24768.5,49122,41891
10/17/2025,24517.5,24539.9,24162.9,24332.6,28564,41336
10/20/2025,24422.0,24836.6,24399.7,24791.9,22590,41388
10/21/2025,24843.7,24883.4,24693.3,24846.8,26045,41574
10/22/2025,24815.3,24856.9,24431.2,24643.5,28194,41559
10/23/2025,24611.0,24717.7,24517.5,24703.5,23314,40426
10/24/2025,24685.2,24789.9,24621.2,24727.9,21500,40048
10/27/2025,24815.3,24894.5,24667.9,24791.9,21249,40367
10/28/2025,24794.9,24830.5,24662.8,24774.6,25169,40641
10/29/2025,24727.9,24803.1,24479.9,24598.8,26717,40648
10/30/2025,24622.2,24735.0,24500.3,24611.0,27783,40987
10/31/2025,24615.1,24617.1,24375.3,24423.0,25821,41182
11/03/2025,24503.3,24725.8,24429.1,24579.5,35669,41067
11/04/2025,24557.2,24567.3,24128.3,24405.8,27906,40372
11/05/2025,24291.9,24585.6,24038.9,24513.5,29239,40342
11/06/2025,24547.0,24565.3,24136.5,24192.4,32764,40437
11/07/2025,24211.7,24289.9,23894.6,23992.2,33041,40915
11/10/2025,24253.3,24549.0,24253.3,24445.4,26930,39921
11/11/2025,24550.0,24652.7,24401.7,24555.1,30350,39854
11/12/2025,24647.6,24909.8,24645.6,24847.8,36285,40717
11/13/2025,24877.3,24966.7,24386.4,24501.3,41740,40451
11/14/2025,24533.8,24571.4,24049.1,24326.5,30035,39096
11/17/2025,24278.7,24377.3,23787.9,24014.5,40251,39253
11/18/2025,23896.6,23905.8,23509.5,23598.9,29662,40863
11/19/2025,23606.0,23805.2,23495.2,23627.4,39001,40788
11/20/2025,23880.4,23939.3,23334.7,23735.1,44340,40593
11/21/2025,23397.7,23722.9,23348.9,23512.5,33849,39765
11/24/2025,23687.3,23817.4,23566.4,23676.1,34551,39756
11/25/2025,23671.0,24005.4,23551.1,23885.5,30173,39380
11/26/2025,24122.2,24210.6,23863.1,24127.3,19531,38640
11/28/2025,24225.9,24309.2,24132.4,24254.3,31419,39092
12/01/2025,24252.3,24252.3,23840.8,24011.5,23495,39094
12/02/2025,23972.9,24213.7,23968.8,24129.3,23049,38424
12/03/2025,24154.8,24259.4,24055.2,24091.7,25790,38448
12/04/2025,24203.5,24343.8,24174.1,24308.2,25183,37962
12/05/2025,24278.7,24545.0,24278.7,24451.5,19498,38096
12/08/2025,24447.4,24529.7,24397.6,24465.7,22075,37740
12/09/2025,24460.6,24598.8,24442.3,24583.6,26313,37640
12/10/2025,24546.0,24638.5,24403.7,24514.5,32475,37776
12/11/2025,24476.1,24792.1,24421.6,24683.0,35106,38247
12/12/2025,24746.6,24884.9,24574.0,24614.4,59118,37843
12/15/2025,24682.0,24739.6,24563.9,24666.9,70597,41514
12/16/2025,24591.2,24600.3,24406.5,24488.2,57246,44777
12/17/2025,24485.2,24591.2,24275.3,24358.0,41504,47103
12/18/2025,24294.4,24619.5,24261.1,24595.2,26785,33822
12/19/2025,24535.7,24737.6,24493.3,24693.1,15656,35557
12/22/2025,24695.2,24753.7,24595.2,24696.2,14875,35527
12/23/2025,24686.1,24756.7,24643.7,24725.4,14875,35527
12/29/2025,24748.7,24820.3,24636.6,24759.8,18727,36086
12/30/2025,24740.6,25034.3,24700.2,24921.3,18727,36086
01/02/2026,24872.8,25061.6,24822.3,24904.1,30222,36598
01/05/2026,24960.6,25258.4,24959.6,25235.2,21965,38153
01/06/2026,25239.2,25359.3,25208.9,25273.5,26447,38917
01/07/2026,25351.2,25525.9,25313.9,25471.4,27431,40505
01/08/2026,25476.4,25594.5,25375.5,25497.6,26300,41091
01/09/2026,25560.2,25651.0,25474.4,25624.8,23221,40688
01/12/2026,25616.7,25804.5,25568.3,25771.1,24576,40779
01/13/2026,25798.4,25881.2,25704.5,25785.3,26899,41103
01/14/2026,25760.0,25831.7,25584.4,25684.3,24279,41252
01/15/2026,25676.3,25756.0,25597.5,25740.9,24089,41588
01/16/2026,25634.9,25714.6,25559.2,25635.9,39683,41735
01/19/2026,25467.3,25467.3,25260.4,25306.8,29839,41588
01/20/2026,25268.5,25286.6,24851.6,25035.3,49719,41260
01/21/2026,24944.5,25244.3,24684.1,24920.2,35340,40552
01/22/2026,25239.2,25290.7,25109.0,25218.0,27142,41001
01/23/2026,25165.5,25270.5,25131.2,25189.7,23842,40238
01/26/2026,25133.2,25327.0,25071.7,25287.7,22557,39676
01/27/2026,25279.6,25357.3,25179.7,25243.2,28002,39625
01/28/2026,25212.0,25280.6,25036.3,25167.5,41884,39588
01/29/2026,25166.5,25251.3,24584.1,24622.5,30277,39819
01/30/2026,24795.1,24908.1,24625.5,24846.6,32682,39136
02/02/2026,24817.3,25180.7,24521.5,25113.0,33640,38422
02/03/2026,25193.8,25425.9,24939.4,25093.9,30240,38373
02/04/2026,25076.7,25197.8,24836.5,24975.8,29759,37306
02/05/2026,24942.5,25041.4,24586.1,24757.7,24212,37611
02/06/2026,24622.5,25093.9,24505.4,25029.3,24682,37430
02/09/2026,25136.3,25352.3,25020.2,25315.9,20144,37554
02/10/2026,25310.9,25393.6,25245.3,25295.7,26731,37887
02/11/2026,25330.0,25359.3,25136.3,25186.7,35478,37902
02/12/2026,25210.9,25547.1,25114.0,25121.1,30238,38352
02/13/2026,25215.0,25274.5,25038.3,25192.8,27797,38109
02/16/2026,25240.2,25308.9,25075.7,25102.9,27797,38109
02/17/2026,25135.2,25341.2,24962.6,25292.7,33739,38625
02/18/2026,25311.9,25608.6,25287.7,25576.3,29560,38858
02/19/2026,25498.6,25559.2,25250.3,25293.7,29979,40082
02/20/2026,25306.8,25622.8,25278.6,25531.9,26090,40015
02/23/2026,25436.0,25475.4,25209.9,25261.4,22537,40347
02/24/2026,25263.4,25369.4,25152.4,25296.7,20467,40651
02/25/2026,25316.9,25500.6,25265.5,25448.1,28571,40482
02/26/2026,25471.4,25627.8,25359.3,25550.1,31301,40504
02/27/2026,25558.2,25681.3,25422.9,25584.4,47801,40858
03/02/2026,25217.0,25286.6,24832.4,24926.3,65369,42568
03/03/2026,24830.4,24920.2,23834.2,23986.6,46367,43563
03/04/2026,24236.9,24545.8,23952.3,24466.0,44850,43313
03/05/2026,24549.8,24616.4,23914.9,24004.8,44220,44226
03/06/2026,24131.9,24272.2,23571.7,23767.6,51887,45116
03/09/2026,23294.2,24186.4,22882.3,23632.3,41617,44294
03/10/2026,23907.9,24348.9,23753.4,24177.4,37030,43581
03/11/2026,24100.6,24233.9,23759.5,23816.0,40188,43945
03/12/2026,23627.0,23906.0,23603.0,23796.0,43190,44525
03/13/2026,23836.0,23984.0,23524.0,23657.0,71193,46272
03/16/2026,23750.0,23923.0,23550.0,23787.0,80797,48661
03/17/2026,23824.0,24039.0,23634.0,23942.0,80805,53553
03/18/2026,23939.0,24172.0,23315.0,23744.0,81697,53808
03/19/2026,23376.0,23484.0,22934.0,23060.0,52548,40044
03/20/2026,23224.0,23382.0,22290.0,22591.0,56094,40858
03/23/2026,22298.0,23710.0,22057.0,22814.0,38082,40189
03/24/2026,22954.0,23130.0,22545.0,22833.0,36190,40607
03/25/2026,23135.0,23284.0,23005.0,23138.0,35329,39488
03/26/2026,23062.0,23112.0,22699.0,22771.0,34332,39928
03/27/2026,22857.0,22972.0,22315.0,22502.0,34332,39928
