01/02/1976,96.79,96.84,96.79,96.84,10,527
01/05/1976,97.59,97.84,97.59,97.79,183,496
01/06/1976,97.94,97.94,97.74,97.89,48,494
01/07/1976,97.99,98.14,97.89,98.09,40,510
01/08/1976,98.09,98.09,97.89,97.89,21,503
01/09/1976,97.64,97.64,97.64,97.64,0,503
01/12/1976,97.64,97.64,97.49,97.49,5,506
01/13/1976,96.99,96.99,96.99,96.99,10,511
01/14/1976,97.09,97.39,97.09,97.39,37,526
01/15/1976,97.49,97.49,97.49,97.49,0,526
01/16/1976,97.49,97.49,97.49,97.49,26,552
01/19/1976,97.79,97.89,97.74,97.84,25,532
01/20/1976,97.79,97.79,97.79,97.79,66,530
01/21/1976,97.09,97.19,96.79,97.14,17,517
01/22/1976,96.99,96.99,96.99,96.99,51,514
01/23/1976,97.39,97.39,97.39,97.39,11,519
01/26/1976,97.49,97.49,97.39,97.49,9,515
01/27/1976,97.59,97.59,97.49,97.49,8,517
01/28/1976,97.89,97.89,97.89,97.89,3,515
01/29/1976,97.89,98.19,97.89,98.19,10,516
01/30/1976,98.09,98.09,97.79,98.09,19,509
02/02/1976,98.09,98.09,98.09,98.09,9,511
02/03/1976,98.09,98.09,98.09,98.09,4,513
02/04/1976,98.49,98.49,98.19,98.29,7,507
02/05/1976,98.29,98.34,98.29,98.34,18,509
02/06/1976,98.34,98.34,98.34,98.34,2,510
02/09/1976,98.24,98.39,98.24,98.39,73,489
02/10/1976,98.09,98.09,98.09,98.09,8,488
02/11/1976,98.09,98.29,98.09,98.29,28,489
02/12/1976,98.24,98.24,98.19,98.19,26,486
02/13/1976,97.99,97.99,97.89,97.89,50,485
02/17/1976,98.04,98.04,97.94,97.94,6,483
02/18/1976,98.09,98.19,98.09,98.09,26,457
02/19/1976,98.29,98.29,98.14,98.14,22,440
02/20/1976,98.29,98.29,98.24,98.24,23,447
02/23/1976,98.44,98.44,98.29,98.34,20,432
02/24/1976,98.39,98.44,98.39,98.44,20,438
02/25/1976,98.39,98.39,98.39,98.39,42,435
02/26/1976,98.69,98.69,98.69,98.69,17,431
02/27/1976,98.69,98.69,98.59,98.59,33,406
03/01/1976,98.84,98.84,98.49,98.49,22,410
03/02/1976,98.49,98.49,98.44,98.44,43,402
03/03/1976,98.49,98.49,98.39,98.49,12,401
03/04/1976,97.79,97.89,97.09,97.19,149,426
03/05/1976,94.49,94.49,92.89,92.89,390,678
03/08/1976,90.84,90.84,89.89,90.69,163,639
03/09/1976,90.74,90.94,90.24,90.44,137,689
03/10/1976,89.04,89.04,87.39,88.44,147,651
03/11/1976,90.04,90.14,89.14,89.74,94,644
03/12/1976,88.64,89.24,87.84,87.89,132,625
03/15/1976,87.84,88.59,87.84,88.54,165,558
03/16/1976,87.84,87.84,87.34,87.34,105,581
03/17/1976,86.54,90.14,86.54,87.99,214,631
03/18/1976,88.54,88.54,87.64,87.94,67,627
03/19/1976,88.14,88.14,87.44,87.54,75,631
03/22/1976,87.84,88.29,87.84,88.29,45,659
03/23/1976,88.84,89.04,88.74,88.94,27,663
03/24/1976,89.44,89.49,89.14,89.14,28,652
03/25/1976,89.04,89.14,88.64,89.14,19,663
03/26/1976,88.64,88.64,88.54,88.64,22,664
03/29/1976,88.24,88.24,88.09,88.19,20,676
03/30/1976,88.14,88.24,88.14,88.24,26,673
03/31/1976,88.34,88.54,88.34,88.54,41,666
04/01/1976,85.04,85.44,84.84,85.04,101,650
04/02/1976,83.64,84.04,83.54,83.99,110,637
04/05/1976,84.14,84.24,82.79,82.89,173,665
04/06/1976,82.74,83.24,82.14,83.19,102,630
04/07/1976,83.64,83.74,83.34,83.44,44,640
04/08/1976,81.64,81.64,80.24,81.04,249,629
04/09/1976,80.39,80.49,80.09,80.24,98,599
04/12/1976,80.44,81.84,80.44,81.74,176,522
04/13/1976,81.74,82.74,81.74,82.29,110,522
04/14/1976,82.74,82.99,82.69,82.74,52,514
04/15/1976,82.74,82.79,82.24,82.24,76,534
04/19/1976,82.59,82.94,82.59,82.74,50,533
04/20/1976,82.14,82.24,81.64,81.69,132,604
04/21/1976,81.74,81.84,81.04,81.24,104,648
04/22/1976,79.34,80.24,79.04,79.49,145,601
04/23/1976,79.44,79.44,77.14,77.49,215,636
04/26/1976,78.64,79.14,78.14,79.04,171,595
04/27/1976,79.94,79.94,79.49,79.64,77,555
04/28/1976,80.29,80.69,80.29,80.69,122,570
04/29/1976,81.64,81.94,81.14,81.34,229,572
04/30/1976,81.69,81.74,81.14,81.44,143,643
05/03/1976,81.04,81.14,79.89,79.99,115,703
05/04/1976,79.64,80.74,79.54,80.54,113,701
05/05/1976,80.84,80.94,79.04,79.59,135,740
05/06/1976,79.74,79.94,79.04,79.74,185,771
05/07/1976,79.99,80.04,79.64,79.84,52,778
05/10/1976,80.74,80.84,80.44,80.74,39,770
05/11/1976,80.94,81.54,80.94,81.44,75,769
05/12/1976,81.64,81.89,81.39,81.54,69,744
05/13/1976,80.84,80.84,80.54,80.54,33,722
05/14/1976,80.14,80.14,79.09,79.64,115,721
05/17/1976,77.94,78.39,77.69,78.34,231,732
05/18/1976,78.64,79.34,78.64,79.14,107,694
05/19/1976,78.84,79.19,78.59,79.19,20,698
05/20/1976,78.44,78.64,77.84,78.04,133,743
05/21/1976,76.04,76.44,74.79,74.94,155,747
05/24/1976,76.34,77.59,76.24,77.34,140,717
05/25/1976,77.04,77.14,76.34,76.34,159,782
05/26/1976,75.24,75.64,74.74,75.64,137,785
05/27/1976,75.24,75.54,75.24,75.44,38,786
05/28/1976,74.44,74.74,73.94,74.24,95,782
06/01/1976,73.64,73.94,73.19,73.89,238,697
06/02/1976,69.74,70.99,69.64,70.89,198,701
06/03/1976,69.74,69.94,68.64,69.54,238,781
06/04/1976,70.04,70.24,69.94,70.14,79,765
06/07/1976,70.64,75.14,70.64,75.14,303,734
06/08/1976,76.14,76.14,75.34,75.44,289,707
06/09/1976,76.04,76.09,75.54,75.59,173,688
06/10/1976,75.69,75.69,75.34,75.64,60,727
06/11/1976,75.79,75.79,75.29,75.44,301,717
06/14/1976,75.89,76.34,75.09,75.34,166,707
06/15/1976,75.64,75.74,75.14,75.24,53,628
06/16/1976,75.94,76.04,75.49,75.74,58,639
06/17/1976,75.39,75.69,75.39,75.69,13,644
06/18/1976,75.94,75.94,75.64,75.84,23,642
06/21/1976,75.69,75.89,75.34,75.44,33,644
06/22/1976,75.54,75.74,75.29,75.39,33,645
06/23/1976,75.39,75.64,75.34,75.54,24,657
06/24/1976,74.64,75.14,74.64,75.09,93,681
06/25/1976,75.04,75.29,75.04,75.14,25,689
06/28/1976,75.14,75.34,75.14,75.34,38,682
06/29/1976,75.49,76.34,75.44,76.34,39,682
06/30/1976,76.24,77.04,76.14,76.84,136,656
07/01/1976,77.74,77.89,77.54,77.64,264,577
07/02/1976,78.14,78.34,77.19,77.29,97,549
07/06/1976,79.24,79.24,78.94,79.09,130,561
07/07/1976,79.24,79.24,78.89,78.94,71,535
07/08/1976,78.14,78.14,77.04,77.39,104,522
07/09/1976,76.74,77.14,76.39,77.14,86,506
07/12/1976,77.14,77.79,77.14,77.79,30,507
07/13/1976,77.64,77.64,77.54,77.54,25,512
07/14/1976,77.14,77.14,76.64,76.94,41,524
07/15/1976,76.94,76.99,76.54,76.54,24,535
07/16/1976,76.34,76.44,76.14,76.39,51,530
07/19/1976,76.14,76.44,76.14,76.29,36,530
07/20/1976,77.34,77.49,77.14,77.44,47,514
07/21/1976,77.59,77.79,77.44,77.79,45,498
07/22/1976,78.24,78.24,77.44,77.59,57,494
07/23/1976,77.29,77.29,77.29,77.29,3,493
07/26/1976,76.84,77.44,76.84,77.34,22,486
07/27/1976,77.74,77.74,77.74,77.74,1,484
07/28/1976,78.09,78.54,78.09,78.34,63,482
07/29/1976,77.94,78.14,77.94,77.94,14,473
07/30/1976,78.14,78.34,77.84,77.84,13,474
08/02/1976,78.14,78.14,78.14,78.14,12,474
08/03/1976,78.24,78.29,78.14,78.29,20,463
08/04/1976,78.64,79.19,78.64,79.04,34,459
08/05/1976,78.44,78.54,78.44,78.54,42,458
08/06/1976,78.54,78.54,78.54,78.54,2,457
08/09/1976,78.64,78.64,78.64,78.64,9,456
08/10/1976,79.14,79.14,78.74,78.74,23,450
08/11/1976,78.74,78.74,78.74,78.74,0,450
08/12/1976,78.64,78.64,78.59,78.59,29,443
08/13/1976,77.99,78.04,77.64,77.74,43,442
08/16/1976,77.84,77.84,77.79,77.84,12,442
08/17/1976,78.14,78.74,78.04,78.64,28,440
08/18/1976,78.49,78.54,78.44,78.44,12,444
08/19/1976,78.24,78.24,78.24,78.24,2,442
08/20/1976,78.54,78.64,78.44,78.44,2,440
08/23/1976,78.74,78.79,78.74,78.79,8,439
08/24/1976,78.14,78.14,77.74,77.84,87,485
08/25/1976,77.44,77.54,77.14,77.14,216,576
08/26/1976,77.44,77.79,77.44,77.64,164,641
08/27/1976,77.59,77.59,77.54,77.54,92,705
08/30/1976,78.04,78.19,78.04,78.14,58,675
08/31/1976,78.49,78.64,78.39,78.39,51,646
09/01/1976,77.94,77.94,77.94,77.94,10,644
09/02/1976,77.94,77.94,77.94,77.94,4,644
09/03/1976,77.94,77.94,77.94,77.94,22,642
09/07/1976,77.74,77.89,77.74,77.79,99,662
09/08/1976,77.24,77.34,76.94,77.09,87,713
09/09/1976,75.04,75.74,74.64,75.64,508,914
09/10/1976,76.09,76.34,75.79,76.19,180,962
09/13/1976,75.59,75.84,75.59,75.74,144,940
09/14/1976,74.64,74.94,73.84,73.99,133,805
09/15/1976,74.74,75.04,74.29,74.94,195,742
09/16/1976,75.84,75.84,74.74,74.99,214,786
09/17/1976,74.54,74.84,74.54,74.64,67,792
09/20/1976,73.14,73.74,72.99,73.39,154,781
09/21/1976,73.69,73.69,72.84,72.84,108,811
09/22/1976,73.09,73.39,72.94,72.99,187,772
09/23/1976,72.79,72.79,72.39,72.54,121,833
09/24/1976,72.04,72.24,71.64,71.84,142,929
09/27/1976,70.14,70.29,69.54,69.84,592,986
09/28/1976,65.84,66.24,65.04,66.14,986,980
09/29/1976,67.84,68.24,67.14,67.59,665,963
09/30/1976,68.94,69.24,66.94,67.59,360,1024
10/01/1976,67.44,68.54,67.04,68.54,350,930
10/04/1976,68.84,69.44,68.64,69.14,80,925
10/05/1976,68.29,68.34,66.69,66.69,173,960
10/06/1976,65.54,67.44,65.24,66.44,382,896
10/07/1976,67.74,68.44,67.04,67.29,280,936
10/08/1976,67.84,68.09,67.44,67.54,132,966
10/11/1976,67.54,67.54,67.29,67.29,5,962
10/12/1976,66.64,66.69,66.29,66.39,285,1030
10/13/1976,66.64,67.09,66.64,66.99,73,991
10/14/1976,65.54,65.64,64.74,64.89,430,1179
10/15/1976,65.84,66.24,65.64,66.04,221,1177
10/18/1976,66.64,67.24,66.64,66.64,80,1147
10/19/1976,66.39,66.39,65.39,65.54,217,1290
10/20/1976,65.64,66.34,65.54,66.19,126,1330
10/21/1976,65.84,66.44,65.84,66.44,65,1336
10/22/1976,66.44,66.74,66.44,66.64,23,1335
10/25/1976,61.64,61.64,61.64,61.64,173,1340
10/26/1976,61.84,62.14,59.84,59.94,1051,1360
10/27/1976,60.94,61.14,58.04,59.44,835,1720
10/28/1976,58.04,59.09,57.94,59.09,528,1711
10/29/1976,62.24,62.74,60.44,61.19,484,1772
11/01/1976,61.09,61.64,60.74,61.54,449,1709
11/03/1976,62.84,64.44,62.74,64.39,654,1604
11/04/1976,65.64,67.74,65.19,65.94,893,1441
11/05/1976,67.04,67.24,65.69,65.79,424,1331
11/08/1976,65.64,65.74,64.54,65.04,242,1260
11/09/1976,66.14,66.84,65.94,66.64,183,1260
11/10/1976,67.04,67.04,66.44,66.64,112,1282
11/11/1976,66.14,66.24,65.74,65.84,31,1281
11/12/1976,65.64,67.04,65.64,66.74,201,1247
11/15/1976,67.89,68.14,67.59,67.74,298,1168
11/16/1976,68.24,68.94,68.09,68.89,189,1109
11/17/1976,69.14,70.74,69.14,70.34,359,1046
11/18/1976,70.54,72.74,69.54,72.59,238,1022
11/19/1976,72.54,72.84,71.64,71.84,169,968
11/22/1976,70.54,70.64,67.74,67.84,224,966
11/23/1976,68.54,69.94,68.29,68.64,302,944
11/24/1976,69.84,69.84,68.19,68.54,87,945
11/26/1976,69.24,69.44,68.74,69.34,105,911
11/29/1976,68.84,69.84,68.84,69.74,123,868
11/30/1976,70.04,70.04,69.94,69.94,39,857
12/01/1976,71.09,71.14,70.74,71.04,34,851
12/02/1976,71.04,71.04,70.84,70.94,51,851
12/03/1976,70.94,70.94,70.94,70.94,58,884
12/06/1976,70.04,70.99,70.04,70.99,313,983
12/07/1976,70.64,72.34,70.64,72.04,379,915
12/08/1976,72.04,72.34,71.24,71.54,184,840
12/09/1976,72.54,72.54,72.04,72.04,28,837
12/10/1976,72.09,72.24,71.74,71.84,249,836
12/13/1976,73.04,74.04,73.04,73.84,194,854
12/14/1976,73.54,73.64,72.74,72.79,200,777
12/15/1976,73.74,74.19,70.74,70.99,500,916
12/16/1976,71.44,72.14,71.24,71.89,219,909
12/17/1976,72.34,73.64,72.34,73.54,246,913
12/20/1976,73.54,74.24,73.49,74.04,172,847
12/21/1976,74.04,74.14,73.59,73.64,55,840
12/22/1976,74.14,74.69,74.14,74.64,88,840
12/23/1976,74.64,74.64,74.04,74.04,47,837
12/27/1976,74.59,75.54,74.59,75.49,168,912
12/28/1976,75.94,76.29,75.54,76.09,344,967
12/29/1976,76.34,76.49,76.24,76.34,215,1030
12/30/1976,75.74,76.04,75.74,75.94,122,1007
01/03/1977,76.34,76.54,76.24,76.49,138,1075
01/04/1977,77.14,77.19,76.94,77.19,93,1090
01/05/1977,77.54,77.54,77.04,77.09,68,1113
01/06/1977,76.84,76.99,76.24,76.64,60,1115
01/07/1977,76.94,77.34,76.74,77.14,40,1114
01/10/1977,77.19,81.54,77.14,79.24,164,1096
01/11/1977,77.94,78.09,77.04,77.64,108,1074
01/12/1977,77.14,77.79,77.04,77.29,612,910
01/13/1977,77.69,77.74,77.59,77.74,47,898
01/14/1977,77.94,77.94,77.64,77.84,45,910
01/17/1977,78.19,78.54,78.19,78.44,80,893
01/18/1977,78.39,78.74,78.39,78.69,30,898
01/19/1977,78.89,78.99,78.79,78.94,47,886
01/20/1977,78.84,79.09,78.84,79.09,113,903
01/21/1977,79.04,79.44,79.04,79.39,90,896
01/24/1977,79.39,79.64,79.29,79.44,87,918
01/25/1977,79.54,79.89,79.54,79.64,57,919
01/26/1977,79.49,79.49,79.49,79.49,78,930
01/27/1977,79.54,79.69,79.24,79.24,62,932
01/28/1977,79.14,79.34,78.79,78.79,143,1007
01/31/1977,79.09,79.34,79.09,79.24,72,993
02/01/1977,79.24,79.49,79.24,79.44,49,964
02/02/1977,79.44,79.84,79.44,79.64,53,958
02/03/1977,79.64,79.69,79.44,79.44,140,946
02/04/1977,79.54,79.69,79.54,79.54,35,949
02/07/1977,79.74,79.89,79.64,79.84,122,920
02/08/1977,79.84,79.84,79.54,79.84,54,929
02/09/1977,79.89,79.99,79.64,79.94,21,929
02/10/1977,80.14,80.14,79.89,79.89,41,937
02/11/1977,79.49,79.54,79.19,79.24,165,890
02/14/1977,78.44,78.59,77.19,77.34,374,981
02/15/1977,77.54,78.54,77.54,78.24,311,1108
02/16/1977,78.59,78.99,78.59,78.99,130,1149
02/17/1977,79.09,79.19,79.09,79.14,71,1165
02/18/1977,79.54,79.54,79.14,79.14,55,1200
02/22/1977,79.59,79.59,79.04,79.29,122,1193
02/23/1977,79.49,79.89,79.49,79.89,120,1138
02/24/1977,79.79,79.84,79.69,79.69,63,1127
02/25/1977,79.84,79.89,79.84,79.89,34,1120
02/28/1977,80.39,80.74,80.24,80.64,177,1076
03/01/1977,80.59,80.59,80.44,80.44,79,1049
03/02/1977,80.69,80.69,80.69,80.69,92,1030
03/03/1977,80.69,80.79,80.69,80.79,34,1015
03/04/1977,80.79,80.79,80.64,80.64,47,1005
03/07/1977,80.94,81.04,80.89,81.04,65,965
03/08/1977,81.24,81.34,81.14,81.14,131,938
03/09/1977,81.44,81.54,81.29,81.49,87,944
03/10/1977,81.39,81.64,81.39,81.54,129,900
03/11/1977,81.44,81.99,81.29,81.89,135,884
03/14/1977,82.09,82.24,81.99,81.99,135,860
03/15/1977,81.94,82.24,81.84,81.94,113,762
03/16/1977,82.24,82.29,82.14,82.29,77,768
03/17/1977,82.24,82.54,82.24,82.54,29,770
03/18/1977,81.89,82.04,81.84,81.94,66,763
03/21/1977,81.59,81.74,81.54,81.74,52,760
03/22/1977,81.64,81.79,81.64,81.79,54,747
03/23/1977,82.14,82.69,82.14,82.59,155,751
03/24/1977,82.59,82.64,82.59,82.64,51,795
03/25/1977,82.64,82.64,82.44,82.54,18,795
03/28/1977,82.54,82.84,82.54,82.84,135,791
03/29/1977,83.14,83.14,83.04,83.14,144,874
03/30/1977,83.44,83.64,83.34,83.59,613,1288
03/31/1977,83.49,83.49,83.34,83.44,117,1277
04/01/1977,83.24,83.74,83.24,83.69,210,1154
04/04/1977,83.24,83.39,83.19,83.39,269,978
04/05/1977,83.39,83.64,83.39,83.64,191,1078
04/06/1977,83.59,83.59,83.39,83.39,112,1041
04/07/1977,83.49,83.54,83.24,83.24,65,1007
04/11/1977,83.24,83.24,83.24,83.24,1,1007
04/12/1977,83.44,83.59,83.44,83.54,40,976
04/13/1977,83.54,83.54,83.49,83.49,32,980
04/14/1977,83.44,83.44,83.24,83.34,16,973
04/15/1977,83.09,83.19,83.04,83.18,200,890
04/18/1977,83.44,83.49,83.39,83.44,74,898
04/19/1977,83.49,83.74,83.49,83.74,64,889
04/20/1977,83.84,83.89,83.79,83.89,132,950
04/21/1977,83.89,83.89,83.84,83.84,91,1003
04/22/1977,83.84,83.84,83.59,83.64,14,998
04/25/1977,83.64,83.79,83.59,83.79,49,967
04/26/1977,83.69,83.84,83.69,83.74,16,956
04/27/1977,83.84,83.99,83.79,83.79,28,959
04/28/1977,83.94,84.09,83.94,84.09,28,970
04/29/1977,84.09,84.19,84.09,84.19,26,974
05/02/1977,84.29,84.34,84.29,84.34,47,991
05/03/1977,84.24,84.34,84.24,84.29,28,993
05/04/1977,84.19,84.24,84.19,84.24,31,997
05/05/1977,84.19,84.29,84.19,84.19,22,1007
05/06/1977,84.14,84.19,84.04,84.19,23,1003
05/09/1977,84.04,84.19,84.04,84.09,6,998
05/10/1977,84.14,84.19,84.14,84.19,27,1017
05/11/1977,84.29,84.44,84.29,84.34,114,1079
05/12/1977,84.49,84.49,84.29,84.34,82,1095
05/13/1977,84.64,84.64,84.54,84.59,51,1077
05/16/1977,84.44,84.44,84.34,84.34,76,1092
05/17/1977,84.34,84.49,84.34,84.44,53,1076
05/18/1977,84.44,84.49,84.34,84.39,72,1061
05/19/1977,84.34,84.34,84.19,84.24,19,1049
05/20/1977,84.19,84.19,84.09,84.09,117,1022
05/23/1977,84.14,84.19,83.99,83.99,99,965
05/24/1977,83.94,83.99,83.74,83.74,139,889
05/25/1977,83.89,84.09,83.89,84.04,149,831
05/26/1977,84.04,84.09,83.94,83.99,75,802
05/27/1977,83.89,83.89,83.89,83.89,4,797
05/31/1977,83.94,84.14,83.94,84.04,49,799
06/01/1977,84.14,84.44,84.14,84.44,173,834
06/02/1977,84.49,84.49,84.24,84.24,86,860
06/03/1977,84.34,84.34,84.24,84.34,34,865
06/06/1977,84.34,84.34,84.24,84.29,13,858
06/07/1977,84.44,84.54,84.34,84.34,32,858
06/08/1977,84.49,84.49,84.44,84.44,15,841
06/09/1977,84.44,84.44,84.39,84.39,30,843
06/10/1977,84.24,84.29,84.19,84.29,37,834
06/13/1977,84.49,84.49,84.39,84.49,19,834
06/14/1977,84.64,84.79,84.64,84.64,49,729
06/15/1977,84.54,84.69,84.54,84.69,63,723
06/16/1977,84.69,84.69,84.59,84.59,16,721
06/17/1977,84.69,84.74,84.69,84.74,17,717
06/20/1977,84.79,84.79,84.79,84.79,1,717
06/21/1977,84.79,85.04,84.79,84.94,27,710
06/22/1977,84.94,84.94,84.94,84.94,10,707
06/23/1977,84.89,84.99,84.89,84.99,54,712
06/24/1977,85.04,85.09,85.04,85.04,143,768
06/27/1977,85.39,85.49,85.29,85.49,551,1192
06/28/1977,85.49,85.64,85.49,85.54,307,1365
06/29/1977,85.54,85.69,85.54,85.64,152,1493
06/30/1977,85.64,85.64,85.44,85.59,23,1499
07/01/1977,85.44,85.54,85.44,85.54,61,1457
07/05/1977,85.64,85.64,85.44,85.54,33,1470
07/06/1977,85.44,85.64,85.39,85.64,89,1502
07/07/1977,85.44,85.44,85.39,85.44,181,1422
07/08/1977,85.44,85.44,85.44,85.44,36,1399
07/11/1977,85.44,85.44,85.19,85.24,51,1400
07/12/1977,85.14,85.24,85.14,85.19,137,1345
07/13/1977,85.24,85.39,85.24,85.39,41,1324
07/15/1977,85.04,85.29,85.04,85.29,28,1330
07/18/1977,85.24,85.34,85.14,85.14,53,1338
07/19/1977,85.24,85.44,85.24,85.44,13,1341
07/20/1977,85.44,85.44,85.39,85.44,27,1342
07/21/1977,85.54,85.59,85.54,85.59,54,1335
07/22/1977,85.64,85.74,85.64,85.74,39,1324
07/25/1977,85.89,85.89,85.89,85.89,35,1317
07/26/1977,85.89,85.94,85.74,85.74,27,1325
07/27/1977,87.74,88.39,87.74,88.24,1865,2647
07/28/1977,88.24,88.34,87.64,87.94,635,2774
07/29/1977,88.04,88.14,87.74,87.94,195,2797
08/01/1977,88.19,88.19,87.94,87.99,434,2756
08/02/1977,88.14,88.14,87.94,87.99,161,2871
08/03/1977,88.14,88.24,87.94,87.94,149,2835
08/04/1977,88.14,88.44,88.14,88.34,305,3055
08/05/1977,88.44,88.49,88.09,88.09,246,3113
08/08/1977,87.84,88.04,87.84,88.04,274,3037
08/09/1977,87.99,88.19,87.94,88.09,109,2988
08/10/1977,88.14,88.14,88.04,88.09,198,3065
08/11/1977,88.14,88.19,87.89,88.09,551,2989
08/12/1977,88.29,88.29,88.14,88.14,152,2931
08/15/1977,88.04,88.24,88.04,88.24,145,2916
08/16/1977,88.34,88.54,88.34,88.54,233,3022
08/17/1977,88.54,88.59,88.44,88.54,490,3277
08/18/1977,88.39,88.39,88.24,88.34,224,3277
08/19/1977,88.54,88.64,88.54,88.64,60,3304
08/22/1977,88.54,88.54,88.54,88.54,34,3284
08/23/1977,88.59,88.59,88.44,88.54,145,3380
08/24/1977,88.64,88.74,88.54,88.74,548,3613
08/25/1977,88.59,88.64,88.49,88.59,304,3590
08/26/1977,88.64,88.84,88.64,88.84,213,3635
08/29/1977,88.79,88.79,88.79,88.79,151,3735
08/30/1977,88.64,88.79,88.64,88.74,60,3738
08/31/1977,88.74,88.74,88.64,88.74,873,4318
09/01/1977,88.64,88.74,88.64,88.74,266,4538
09/02/1977,88.69,88.69,88.64,88.64,113,4494
09/06/1977,88.59,88.64,88.54,88.64,472,4357
09/07/1977,88.74,88.89,88.74,88.84,533,4497
09/08/1977,88.89,88.99,88.89,88.99,215,4476
09/09/1977,88.94,89.24,88.89,89.24,422,4634
09/12/1977,89.34,89.34,89.19,89.29,159,4698
09/13/1977,89.54,89.64,89.49,89.64,420,4835
09/14/1977,89.64,89.89,89.54,89.54,596,5168
09/15/1977,89.39,89.44,89.29,89.44,242,5157
09/16/1977,89.39,89.44,89.24,89.34,342,5123
09/19/1977,89.34,89.34,88.89,88.94,1647,4337
09/20/1977,88.94,88.99,88.74,88.84,376,4085
09/21/1977,88.94,89.44,88.94,89.44,328,4062
09/22/1977,89.44,89.49,89.19,89.29,96,4099
09/23/1977,89.24,89.24,89.14,89.19,153,4124
09/26/1977,89.34,89.59,89.34,89.59,204,4177
09/27/1977,89.59,89.59,89.39,89.39,126,4152
09/28/1977,89.59,89.64,89.49,89.59,532,4366
09/29/1977,89.64,89.69,89.49,89.54,335,4345
09/30/1977,89.74,90.14,89.74,90.09,480,4616
10/03/1977,91.04,91.19,90.99,91.09,656,4996
10/04/1977,91.14,91.34,90.94,91.04,742,5074
10/05/1977,91.19,91.34,91.14,91.34,348,5311
10/06/1977,91.64,91.69,91.39,91.54,307,5407
10/07/1977,91.54,91.74,91.24,91.44,331,5506
10/10/1977,91.49,91.84,91.49,91.84,795,6163
10/11/1977,91.69,91.69,91.34,91.54,577,6097
10/12/1977,91.89,91.99,91.69,91.94,1171,6477
10/13/1977,92.34,92.34,91.79,91.94,717,6275
10/14/1977,92.39,92.84,92.34,92.79,834,6670
10/17/1977,92.99,93.09,92.84,93.04,542,6773
10/18/1977,93.04,93.29,92.84,93.24,586,7155
10/19/1977,93.24,93.29,91.49,92.09,1826,6785
10/20/1977,92.29,92.74,92.24,92.59,942,6701
10/21/1977,92.44,92.49,92.14,92.49,1607,6364
10/24/1977,92.69,92.94,92.69,92.89,889,6308
10/25/1977,93.29,93.49,93.09,93.44,2213,7578
10/26/1977,93.19,93.34,92.74,93.19,1488,7170
10/27/1977,93.29,93.29,92.04,93.14,801,6684
10/28/1977,93.09,93.34,92.89,93.34,230,6720
10/31/1977,98.34,98.34,98.34,98.34,110,6673
11/01/1977,100.04,100.04,98.74,99.54,1499,6508
11/02/1977,99.09,99.39,98.54,99.04,1285,6670
11/03/1977,94.84,96.39,94.69,94.79,2470,6565
11/04/1977,95.34,96.04,95.34,95.79,538,6443
11/07/1977,95.94,95.94,95.44,95.79,708,6146
11/08/1977,95.89,98.34,95.79,97.19,1503,6292
11/09/1977,97.24,97.34,95.34,95.79,1101,6270
11/10/1977,96.84,97.24,96.54,97.04,553,6112
11/11/1977,96.99,96.99,96.64,96.74,133,6067
11/14/1977,97.14,97.34,96.44,96.54,477,6007
11/15/1977,96.74,96.99,96.69,96.94,575,5719
11/16/1977,96.94,97.14,96.79,97.09,247,5691
11/17/1977,97.09,97.44,97.09,97.34,495,5826
11/18/1977,97.34,98.04,97.29,98.04,976,6163
11/21/1977,97.99,97.99,96.34,96.79,622,6154
11/22/1977,96.34,97.34,95.99,97.24,1294,6033
11/23/1977,96.69,97.14,96.64,97.09,385,5961
11/25/1977,96.69,96.74,95.94,96.74,613,5987
11/28/1977,96.59,96.84,96.39,96.49,1305,6069
11/29/1977,96.24,96.34,95.99,96.19,678,5602
11/30/1977,96.44,96.59,96.34,96.54,351,5489
12/01/1977,96.59,96.69,96.54,96.69,148,5500
12/02/1977,96.89,97.54,96.89,97.39,685,5502
12/05/1977,97.94,98.09,97.44,97.94,734,5565
12/06/1977,97.04,97.94,96.94,97.59,475,5483
12/07/1977,97.24,97.74,97.19,97.69,178,5440
12/08/1977,98.09,98.29,97.29,97.69,480,5320
12/09/1977,98.04,98.49,97.99,98.04,470,5158
12/12/1977,98.39,98.74,98.29,98.64,590,5313
12/13/1977,99.14,99.64,99.14,99.59,721,5251
12/14/1977,99.79,100.34,99.19,99.89,990,5159
12/15/1977,99.89,100.14,99.59,100.09,464,5048
12/16/1977,100.29,100.94,100.29,100.89,996,5413
12/19/1977,102.09,103.34,102.09,103.19,1251,6044
12/20/1977,103.99,104.19,102.79,103.24,1692,5456
12/21/1977,103.79,103.89,102.19,102.44,499,5479
12/22/1977,101.29,102.39,100.39,102.29,796,5571
12/23/1977,102.09,102.49,101.54,102.49,142,5539
12/27/1977,102.84,103.49,102.84,103.44,285,5536
12/28/1977,105.59,105.59,104.09,105.19,561,5560
12/29/1977,106.39,106.89,105.69,106.79,1128,5771
12/30/1977,106.34,107.59,106.24,107.04,495,5834
01/03/1978,110.09,112.04,109.79,111.99,1023,5654
01/04/1978,112.59,112.79,106.99,106.99,1253,5259
01/05/1978,103.24,106.49,103.04,106.39,1677,5398
01/06/1978,106.59,108.54,104.09,106.99,1190,5543
01/09/1978,106.94,107.99,106.94,107.44,907,5366
01/10/1978,107.64,107.64,107.04,107.24,422,5296
01/11/1978,108.44,109.89,108.19,109.79,858,5407
01/12/1978,109.24,109.84,106.09,108.04,1062,5302
01/13/1978,107.99,109.29,107.84,108.84,719,5297
01/16/1978,108.74,108.74,107.79,108.49,255,5255
01/17/1978,107.69,108.34,107.09,108.04,515,5130
01/18/1978,107.19,107.89,107.09,107.79,321,5083
01/19/1978,108.29,108.79,108.09,108.69,400,5006
01/20/1978,108.84,109.19,108.29,109.19,409,4918
01/23/1978,109.19,109.79,109.19,109.74,974,5215
01/24/1978,109.99,110.09,109.54,110.04,549,5239
01/25/1978,110.29,110.84,110.19,110.69,752,5351
01/26/1978,110.29,110.69,109.94,109.99,270,5342
01/27/1978,110.39,110.59,109.49,109.99,872,5222
01/30/1978,109.99,110.84,109.19,109.39,787,5147
01/31/1978,110.39,110.59,109.94,110.39,561,5262
02/01/1978,110.04,110.29,109.94,110.29,419,5217
02/02/1978,110.29,110.39,110.09,110.29,341,5230
02/03/1978,109.19,109.49,108.69,109.44,996,4815
02/06/1978,108.54,108.94,108.19,108.69,698,4609
02/07/1978,108.74,108.74,108.19,108.24,274,4454
02/08/1978,107.39,108.84,107.09,107.99,1721,4172
02/09/1978,108.24,108.64,108.19,108.24,326,4120
02/10/1978,108.69,108.89,108.49,108.89,218,4065
02/13/1978,109.19,109.39,108.99,109.09,314,4126
02/14/1978,109.14,109.24,108.39,108.54,529,4110
02/15/1978,108.54,108.74,108.09,108.49,322,4124
02/16/1978,108.74,109.74,108.74,109.64,677,4244
02/17/1978,109.49,109.74,109.44,109.74,327,4234
02/21/1978,109.49,110.34,109.29,110.34,523,4361
02/22/1978,109.59,109.99,109.59,109.79,556,4594
02/23/1978,110.14,110.74,110.14,110.69,1088,4695
02/24/1978,110.24,110.24,106.59,108.89,1188,4289
02/27/1978,108.09,108.69,107.59,108.64,600,4212
02/28/1978,108.69,109.14,108.44,109.04,243,4159
03/01/1978,108.89,109.09,108.69,108.94,379,4146
03/02/1978,108.89,109.09,108.89,109.09,391,4127
03/03/1978,108.89,108.94,108.89,108.89,419,4073
03/06/1978,108.79,109.19,108.79,109.19,325,4029
03/07/1978,108.69,108.74,108.64,108.74,311,3957
03/08/1978,108.79,108.99,108.29,108.34,236,3921
03/09/1978,107.64,107.84,107.14,107.29,961,3927
03/10/1978,106.49,106.49,104.14,104.49,3065,5050
03/13/1978,104.54,106.39,104.54,105.74,1600,5194
03/14/1978,105.59,106.79,105.24,105.69,878,4948
03/15/1978,105.79,105.99,105.24,105.49,290,5044
03/16/1978,106.19,107.04,106.14,106.84,636,4735
03/17/1978,106.64,106.79,105.64,105.89,245,4747
03/20/1978,105.64,105.74,105.24,105.69,305,4824
03/21/1978,104.99,105.34,104.74,105.24,493,4986
03/22/1978,105.04,105.34,104.74,104.79,388,5030
03/23/1978,103.24,103.29,101.79,102.14,834,5181
03/27/1978,102.84,103.74,102.44,102.69,944,5332
03/28/1978,103.34,103.94,102.89,103.44,789,5645
03/29/1978,103.49,103.54,102.59,102.99,1249,6123
03/30/1978,101.84,101.84,101.04,101.64,1337,6299
03/31/1978,101.34,102.94,101.14,101.24,1285,6264
04/03/1978,102.34,102.34,101.24,101.39,1211,6858
04/04/1978,101.24,102.24,101.14,102.14,1091,6772
04/05/1978,102.29,103.24,101.94,102.79,1518,6356
04/06/1978,102.59,102.89,102.24,102.79,481,6163
04/07/1978,102.79,102.89,102.59,102.79,349,6091
04/10/1978,102.74,102.99,102.64,102.79,401,6006
04/11/1978,102.54,103.59,102.54,103.49,1196,5928
04/12/1978,103.14,103.14,102.44,102.64,587,5996
04/13/1978,102.09,102.14,100.99,101.59,1156,6710
04/14/1978,101.04,101.04,100.39,100.64,1626,7564
04/17/1978,99.49,99.79,98.94,99.09,1640,7819
04/18/1978,99.44,99.54,98.59,99.14,1716,7703
04/19/1978,99.24,99.34,97.89,98.34,1484,7772
04/20/1978,96.84,98.14,96.44,97.79,1758,7395
04/21/1978,96.79,97.49,96.34,96.89,1500,6907
04/24/1978,96.79,97.19,96.44,96.49,867,6886
04/25/1978,96.04,96.39,95.54,95.64,693,6765
04/26/1978,95.94,96.94,95.24,96.89,1382,6306
04/27/1978,96.64,98.54,96.64,97.49,1309,5740
04/28/1978,97.09,97.34,96.44,96.69,672,5875
05/01/1978,96.99,97.24,96.84,96.84,301,5975
05/02/1978,97.54,97.64,96.79,97.24,807,5964
05/03/1978,97.54,97.54,96.84,97.39,738,5493
05/04/1978,97.69,98.14,97.49,97.74,1241,4880
05/05/1978,97.74,97.74,97.04,97.29,508,4878
05/08/1978,96.34,96.59,96.09,96.34,905,5346
05/09/1978,95.74,95.89,95.24,95.59,701,5548
05/10/1978,96.14,97.24,96.04,96.84,760,5548
05/11/1978,96.64,97.09,95.94,96.04,501,5530
05/12/1978,96.64,96.94,96.54,96.74,385,5701
05/15/1978,96.89,97.34,96.54,96.94,555,5571
05/16/1978,96.24,96.29,95.44,95.64,1050,5805
05/17/1978,95.14,96.84,94.94,95.99,2258,6131
05/18/1978,96.34,96.84,96.19,96.64,1150,5987
05/19/1978,96.04,96.34,94.84,95.29,915,6162
05/22/1978,95.39,96.34,95.39,96.29,828,6142
05/23/1978,95.84,96.09,95.49,95.64,640,5982
05/24/1978,95.99,96.24,95.99,96.04,276,5874
05/25/1978,96.24,96.59,95.84,95.99,1175,5801
05/26/1978,96.19,96.64,96.19,96.59,938,5681
05/30/1978,96.79,97.74,96.79,97.59,2626,5511
05/31/1978,97.89,99.24,97.69,99.09,3733,5601
06/01/1978,98.24,98.24,97.29,97.29,1963,5445
06/02/1978,97.19,98.04,97.19,97.24,971,5387
06/05/1978,96.99,97.04,96.64,96.69,1070,5139
06/06/1978,96.79,97.84,96.79,97.69,666,5085
06/07/1978,97.54,97.54,97.24,97.34,539,4782
06/08/1978,97.79,97.79,97.19,97.24,436,4639
06/09/1978,97.64,98.14,97.54,98.09,652,4422
06/12/1978,98.84,99.29,98.84,99.09,820,4445
06/13/1978,99.09,99.09,98.39,98.69,545,4430
06/14/1978,98.39,98.64,97.94,98.09,715,4348
06/15/1978,98.19,98.49,98.14,98.34,290,4183
06/16/1978,98.24,98.74,98.24,98.69,244,4012
06/19/1978,98.54,99.14,98.54,99.04,346,3961
06/20/1978,99.19,100.29,98.99,100.24,1849,4307
06/21/1978,100.24,100.84,100.09,100.74,1004,4610
06/22/1978,100.59,100.64,99.29,100.04,1121,4491
06/23/1978,99.99,100.89,99.94,100.69,1353,4852
06/26/1978,100.69,100.69,100.29,100.39,671,4560
06/27/1978,100.39,100.99,100.14,100.69,333,4412
06/28/1978,101.19,101.84,101.14,101.59,1783,5688
06/29/1978,101.49,102.84,101.49,102.54,1639,6413
06/30/1978,102.04,102.44,99.44,100.94,2946,5936
07/03/1978,102.34,102.74,102.19,102.64,930,5456
07/05/1978,103.19,103.34,102.14,102.44,2149,4774
07/06/1978,102.64,102.94,102.39,102.64,943,4483
07/07/1978,103.14,104.29,103.09,103.84,1779,5244
07/10/1978,105.54,105.69,104.84,105.19,2873,4045
07/11/1978,104.54,104.89,104.44,104.49,584,3806
07/12/1978,104.19,104.44,104.09,104.34,744,3585
07/13/1978,105.29,105.54,104.29,104.64,507,3629
07/14/1978,104.54,104.74,103.99,104.44,563,3418
07/17/1978,104.64,104.74,103.59,104.44,998,3303
07/18/1978,104.39,105.24,104.29,105.04,1277,3914
07/19/1978,105.09,106.04,104.84,105.99,1567,4216
07/20/1978,105.59,107.19,105.59,106.94,2108,5416
07/21/1978,107.44,108.54,106.69,108.19,1299,5587
07/24/1978,109.54,109.99,108.49,109.09,2582,4434
07/25/1978,108.84,108.99,108.34,108.64,1374,3938
07/26/1978,107.84,107.89,106.89,107.39,1743,3784
07/27/1978,106.94,107.39,106.59,107.19,674,3673
07/28/1978,108.44,109.69,107.94,108.89,1678,3889
07/31/1978,109.74,109.94,108.74,109.64,1863,3748
08/01/1978,109.44,109.79,108.44,108.79,1632,3954
08/02/1978,108.74,109.59,108.64,109.29,858,3890
08/03/1978,109.34,109.64,108.59,108.94,1178,3598
08/04/1978,109.24,109.44,108.34,109.29,758,3694
08/07/1978,109.34,109.69,108.89,109.59,681,3652
08/08/1978,109.64,110.44,109.24,110.34,1962,4287
08/09/1978,111.14,111.24,110.24,110.69,1636,4117
08/10/1978,110.74,112.34,110.74,112.19,1592,4710
08/11/1978,112.29,113.14,111.94,112.89,978,4722
08/14/1978,113.84,115.24,113.64,115.09,1883,5170
08/15/1978,115.04,115.34,112.74,114.39,3147,4083
08/16/1978,113.94,115.24,112.34,112.74,1552,3687
08/17/1978,111.44,111.54,109.44,110.29,2253,3663
08/18/1978,111.69,111.94,108.69,110.34,1253,3767
08/21/1978,108.94,110.64,108.84,110.09,1013,3557
08/22/1978,109.64,109.99,109.04,109.49,611,3480
08/23/1978,108.54,109.39,108.44,109.39,632,3317
08/24/1978,109.54,109.94,109.54,109.64,347,3246
08/25/1978,108.99,109.19,108.84,109.04,474,3198
08/28/1978,109.04,109.24,108.54,108.59,652,3339
08/29/1978,108.64,111.49,108.49,111.04,1209,3160
08/30/1978,110.54,110.94,110.24,110.54,643,3000
08/31/1978,110.74,111.09,110.64,110.74,744,2882
09/01/1978,110.89,112.29,110.89,112.14,1621,3053
09/05/1978,111.24,111.34,110.74,111.14,689,3208
09/06/1978,110.74,110.94,110.54,110.64,750,3065
09/07/1978,110.34,111.04,109.79,110.39,875,3165
09/08/1978,110.34,110.59,109.99,110.09,579,3268
09/11/1978,109.99,111.59,109.79,111.24,1417,2972
09/12/1978,111.19,111.74,111.14,111.29,426,2879
09/13/1978,112.29,113.69,112.29,113.64,1449,2632
09/14/1978,112.59,113.64,112.34,113.59,997,2879
09/15/1978,113.09,113.49,112.94,113.09,691,2909
09/18/1978,112.69,113.59,112.64,113.29,412,2845
09/19/1978,113.34,113.79,112.64,112.89,595,2419
09/20/1978,115.19,115.59,115.04,115.54,801,2550
09/21/1978,115.54,115.69,114.69,114.99,432,2501
09/22/1978,113.49,114.84,113.49,114.49,386,2631
09/25/1978,113.59,114.99,113.59,114.74,523,2513
09/26/1978,115.09,115.29,112.89,113.64,696,2517
09/27/1978,113.59,114.39,113.49,114.29,568,2391
09/28/1978,114.09,114.74,113.74,114.64,459,2201
09/29/1978,114.14,114.54,114.09,114.24,271,2237
10/02/1978,113.74,114.09,113.29,113.39,573,2345
10/03/1978,113.69,114.69,113.59,114.24,328,2305
10/04/1978,115.79,116.24,115.09,115.29,909,2454
10/05/1978,115.54,115.94,115.39,115.89,901,2538
10/06/1978,115.39,115.74,114.94,115.19,337,2552
10/09/1978,115.54,115.99,115.24,115.84,184,2502
10/10/1978,115.69,116.14,115.49,115.79,237,2504
10/11/1978,116.99,117.24,116.74,116.94,656,2731
10/12/1978,116.79,116.79,115.54,116.14,482,2887
10/13/1978,115.84,115.99,115.04,115.89,834,2839
10/16/1978,115.39,117.19,115.39,116.84,594,2890
10/17/1978,116.99,117.79,116.79,117.14,619,2921
10/18/1978,117.09,117.09,116.59,116.74,358,2853
10/19/1978,115.99,117.39,115.99,117.29,402,2772
10/20/1978,117.84,118.29,117.64,117.94,745,2913
10/23/1978,118.44,119.09,118.34,118.79,1762,3887
10/24/1978,118.79,119.14,118.39,118.84,2137,4867
10/25/1978,120.79,122.99,120.64,122.94,2633,6159
10/26/1978,124.39,126.14,123.74,125.74,3763,5043
10/27/1978,125.09,126.99,124.39,126.59,2663,5184
10/30/1978,127.99,128.34,127.34,128.24,2772,3925
10/31/1978,127.19,127.19,123.24,124.94,2726,3161
11/01/1978,119.94,119.94,119.94,119.94,337,3043
11/02/1978,115.79,119.04,115.79,118.49,1708,2899
11/03/1978,115.49,117.09,113.49,114.49,1596,2592
11/06/1978,115.79,115.99,115.39,115.64,587,2519
11/08/1978,114.89,115.79,114.89,115.34,521,2386
11/09/1978,115.19,115.29,114.49,114.84,537,2335
11/10/1978,114.54,114.84,114.19,114.34,528,2368
11/13/1978,114.39,114.89,114.29,114.89,371,2313
11/14/1978,115.29,115.29,114.74,114.99,598,2399
11/15/1978,114.69,114.89,114.09,114.14,848,2548
11/16/1978,113.89,113.94,112.84,113.64,1612,3268
11/17/1978,111.74,112.19,109.89,110.94,2119,3834
11/20/1978,110.49,112.49,110.49,112.24,2306,3326
11/21/1978,112.74,113.09,112.09,112.24,1254,3247
11/22/1978,112.59,113.49,112.44,113.29,609,3251
11/27/1978,111.79,112.59,111.54,112.54,1138,3751
11/28/1978,112.59,113.44,112.59,112.99,877,3752
11/29/1978,112.89,115.29,112.69,113.14,1581,3437
11/30/1978,112.79,112.89,112.44,112.54,540,3429
12/01/1978,111.79,112.19,111.44,111.99,923,3589
12/04/1978,112.09,113.19,112.09,113.14,662,3349
12/05/1978,112.94,113.79,112.94,113.14,959,2933
12/06/1978,113.69,113.69,113.14,113.19,492,2869
12/07/1978,113.49,113.84,113.34,113.69,426,2693
12/08/1978,113.69,114.99,113.69,114.94,734,2697
12/11/1978,115.99,116.64,115.79,116.64,987,2427
12/12/1978,115.19,116.14,115.09,115.99,774,2454
12/13/1978,115.59,116.39,115.39,116.34,270,2422
12/14/1978,116.04,116.89,115.69,116.74,729,2619
12/15/1978,116.74,116.99,116.24,116.24,566,2442
12/18/1978,119.34,119.79,118.99,119.09,804,2627
12/19/1978,121.19,121.19,119.54,120.69,949,2215
12/20/1978,120.49,120.74,119.64,120.04,228,2171
12/21/1978,118.59,119.59,118.59,119.54,220,2154
12/22/1978,119.99,120.29,119.09,119.49,86,2192
12/26/1978,119.89,120.79,119.89,120.64,91,2234
12/27/1978,122.29,123.29,121.89,123.24,504,2330
12/28/1978,123.24,123.24,121.59,122.54,449,2421
12/29/1978,122.99,123.74,122.84,123.69,300,2396
01/02/1979,123.99,124.04,122.29,122.69,440,2412
01/03/1979,120.29,122.24,119.69,121.64,731,2288
01/04/1979,120.49,121.49,120.34,120.99,232,2276
01/05/1979,120.94,121.39,120.89,121.34,130,2235
01/08/1979,121.79,121.89,121.49,121.74,119,2237
01/09/1979,121.39,121.59,120.29,120.34,475,2317
01/10/1979,119.44,119.94,119.09,119.64,1218,2218
01/11/1979,119.19,119.34,117.89,118.14,1309,2635
01/12/1979,117.69,118.49,117.39,118.39,1237,2893
01/15/1979,118.04,118.29,117.69,117.74,612,3043
01/16/1979,118.29,119.69,118.29,119.34,1279,2494
01/17/1979,119.79,119.84,118.64,119.04,575,2435
01/18/1979,119.49,120.09,119.44,119.79,421,2411
01/19/1979,119.59,119.64,119.14,119.49,368,2495
01/22/1979,118.79,119.19,118.49,119.04,584,2576
01/23/1979,118.54,118.84,118.24,118.64,570,2655
01/24/1979,118.39,118.99,118.39,118.69,533,2502
01/25/1979,117.94,118.59,117.64,118.24,558,2607
01/26/1979,118.39,118.49,118.14,118.39,310,2539
01/29/1979,118.39,118.69,118.29,118.59,291,2472
01/30/1979,118.64,118.64,118.29,118.59,255,2440
01/31/1979,118.54,118.59,117.24,117.34,1800,3171
02/01/1979,117.04,117.49,116.59,117.14,1916,3834
02/02/1979,116.64,116.99,116.44,116.79,960,3525
02/05/1979,117.79,118.29,117.59,118.09,1070,3124
02/06/1979,118.19,119.09,118.04,118.89,801,2911
02/07/1979,119.89,120.79,119.89,120.44,1312,2860
02/08/1979,120.19,120.19,118.79,119.04,1207,2769
02/09/1979,119.49,119.54,119.09,119.29,234,2736
02/12/1979,119.79,119.79,119.14,119.69,415,2733
02/13/1979,118.19,119.84,117.94,119.29,494,2664
02/14/1979,119.09,119.79,118.99,119.74,367,2648
02/15/1979,119.34,119.84,119.24,119.44,222,2597
02/16/1979,119.59,119.64,119.34,119.49,193,2545
02/20/1979,119.84,119.89,119.54,119.54,332,2536
02/21/1979,119.79,120.04,119.79,119.84,314,2538
02/22/1979,120.34,120.34,120.09,120.19,488,2608
02/23/1979,120.39,120.99,120.24,120.69,1254,3008
02/26/1979,121.34,121.74,121.24,121.69,1949,3453
02/27/1979,121.69,121.69,121.39,121.59,826,3649
02/28/1979,121.59,122.09,121.44,121.99,421,3643
03/01/1979,121.59,121.89,121.54,121.79,626,3850
03/02/1979,121.69,121.69,121.19,121.24,824,3523
03/05/1979,121.69,121.74,121.49,121.69,466,3476
03/06/1979,121.84,122.09,121.74,121.74,383,3648
03/07/1979,122.34,122.94,122.34,122.89,1051,3997
03/08/1979,123.39,124.14,122.74,122.79,1052,3765
03/09/1979,123.39,123.59,123.04,123.34,968,3958
03/12/1979,123.84,123.99,123.29,123.54,455,4015
03/13/1979,124.19,124.44,123.14,123.39,1128,4172
03/14/1979,123.34,123.49,122.94,123.29,1267,3510
03/15/1979,123.14,123.44,122.89,123.24,545,3488
03/16/1979,122.99,123.09,122.14,122.24,1290,2857
03/19/1979,121.44,121.84,121.39,121.64,1013,2672
03/20/1979,122.94,122.94,122.14,122.24,842,2347
03/21/1979,122.64,123.54,122.24,123.54,1331,2572
03/22/1979,122.84,122.94,122.54,122.94,522,2451
03/23/1979,123.14,123.74,122.94,123.64,1157,3200
03/26/1979,124.49,125.24,124.39,125.19,1203,3909
03/27/1979,125.04,125.04,124.24,124.69,1550,4062
03/28/1979,124.59,124.99,124.04,124.89,1698,4423
03/29/1979,124.89,125.94,124.64,125.79,1949,5077
03/30/1979,126.74,126.74,125.54,126.59,2561,4876
04/02/1979,126.59,127.04,126.14,126.59,2903,5023
04/03/1979,125.94,126.54,125.74,126.44,2259,4242
04/04/1979,126.14,126.64,125.99,126.59,1515,5016
04/05/1979,126.74,128.04,126.69,127.89,2813,6550
04/06/1979,128.44,128.99,128.44,128.59,2338,6491
04/09/1979,128.99,130.29,128.99,130.19,1604,7136
04/10/1979,130.34,130.49,129.69,130.19,3905,5911
04/11/1979,129.59,129.59,128.24,128.94,4225,5173
04/12/1979,128.44,128.64,126.94,127.34,2691,4274
04/16/1979,127.89,128.99,127.89,128.84,869,4309
04/17/1979,128.54,128.74,127.94,128.14,860,4231
04/18/1979,127.24,127.24,126.44,126.59,1205,3837
04/19/1979,127.74,127.94,126.24,126.69,1206,3575
04/20/1979,126.49,127.29,125.99,126.79,1800,3898
04/23/1979,126.54,127.04,126.09,126.79,1877,4159
04/24/1979,126.49,126.59,125.49,125.69,2484,3814
04/25/1979,124.44,124.44,122.84,123.24,4032,3925
04/26/1979,124.19,125.14,123.54,124.49,2455,3763
04/27/1979,124.99,125.54,124.79,125.34,1087,3708
04/30/1979,126.34,126.94,126.14,126.79,861,3570
05/01/1979,125.94,125.94,125.14,125.59,979,3310
05/02/1979,126.59,126.89,126.04,126.59,1006,3305
05/03/1979,127.54,127.69,127.34,127.54,771,3256
05/04/1979,127.29,127.79,126.94,127.69,936,3396
05/07/1979,128.04,128.44,127.99,128.19,882,3546
05/08/1979,126.44,127.14,126.19,126.79,1651,3662
05/09/1979,126.44,126.59,125.94,126.39,1294,3788
05/10/1979,124.84,125.29,124.49,124.99,1947,3822
05/11/1979,124.99,125.29,123.44,123.49,3231,4702
05/14/1979,124.54,124.54,123.89,124.34,1970,4839
05/15/1979,125.24,126.54,125.19,126.44,2619,3675
05/16/1979,125.94,126.04,125.49,125.79,1006,3610
05/17/1979,125.89,126.09,124.99,125.69,1071,3666
05/18/1979,124.69,125.39,124.39,125.34,1025,3479
05/21/1979,124.14,124.59,123.94,124.24,990,3759
05/22/1979,123.99,124.84,123.99,124.69,903,3437
05/23/1979,125.49,125.84,125.34,125.54,991,3614
05/24/1979,125.39,125.44,124.94,125.39,512,3600
05/25/1979,125.04,125.14,124.79,124.84,502,3521
05/29/1979,125.24,125.74,125.14,125.69,785,3421
05/30/1979,125.74,126.14,125.69,126.09,837,3532
05/31/1979,127.34,127.64,126.34,126.99,3174,4382
06/01/1979,127.29,127.89,127.19,127.89,2088,5232
06/04/1979,127.89,127.99,127.64,127.74,1396,5641
06/05/1979,128.14,128.24,127.94,128.14,1815,5910
06/06/1979,127.24,127.54,127.04,127.44,2203,5240
06/07/1979,126.64,126.94,126.49,126.69,1368,4631
06/08/1979,126.84,127.49,125.94,126.14,2183,4696
06/11/1979,126.49,127.24,126.44,127.09,996,4869
06/12/1979,127.54,129.34,127.34,129.24,4484,6465
06/13/1979,129.19,130.34,129.14,129.54,4259,7386
06/14/1979,128.89,129.14,128.44,128.84,2334,7596
06/15/1979,129.69,130.49,129.24,130.29,2518,8053
06/18/1979,129.74,130.29,128.74,129.14,2974,8419
06/19/1979,129.49,132.34,129.34,131.59,4450,9534
06/20/1979,131.94,132.59,131.74,132.29,3063,9097
06/21/1979,133.74,134.19,133.24,133.79,2249,8968
06/22/1979,133.64,133.99,132.84,133.64,2032,8436
06/25/1979,135.09,135.69,134.94,134.99,2755,7458
06/26/1979,133.24,134.64,133.24,133.59,2781,6995
06/27/1979,134.74,135.59,134.34,134.94,1941,7260
06/28/1979,135.54,136.79,135.04,136.54,2893,7576
06/29/1979,135.84,137.69,135.64,136.84,2414,7679
07/02/1979,138.54,138.54,137.69,137.79,2629,6802
07/03/1979,138.54,140.79,138.54,140.19,2104,6857
07/05/1979,142.49,143.44,141.64,142.69,2262,6595
07/06/1979,141.74,142.09,138.94,139.94,2647,5906
07/09/1979,139.24,139.94,139.14,139.89,1356,6000
07/10/1979,141.04,141.84,140.89,141.14,1197,6065
07/11/1979,142.74,143.24,142.34,142.49,1267,6398
07/12/1979,142.44,142.54,141.64,141.74,1677,5961
07/13/1979,140.89,142.19,140.64,141.94,1470,5703
07/16/1979,143.24,144.94,143.04,144.69,3216,6918
07/17/1979,145.84,147.04,145.74,146.64,2764,6992
07/18/1979,147.74,148.24,146.99,147.84,2382,6643
07/19/1979,148.64,150.04,147.39,147.89,2556,6134
07/20/1979,148.19,148.44,146.54,148.44,1645,6238
07/23/1979,149.04,150.34,149.04,149.99,1908,6433
07/24/1979,152.24,152.59,151.34,152.49,2585,6707
07/25/1979,151.89,151.89,151.04,151.39,2127,6430
07/26/1979,152.99,153.19,151.89,152.09,2015,6197
07/27/1979,151.69,151.74,150.49,151.49,1610,6126
07/30/1979,151.64,151.89,147.99,148.69,4450,6477
07/31/1979,145.74,146.14,143.69,144.24,5422,6451
08/01/1979,145.84,147.04,145.24,145.44,3428,7117
08/02/1979,146.24,147.74,144.74,147.39,3132,6777
08/03/1979,147.14,147.19,146.44,146.79,1824,6624
08/06/1979,146.74,146.74,143.29,144.09,3963,7129
08/07/1979,142.69,142.94,140.59,141.74,4476,6957
08/08/1979,141.34,143.19,140.04,142.14,5066,6725
08/09/1979,142.94,143.94,142.49,143.59,2870,6072
08/10/1979,144.74,145.89,144.44,144.89,2534,5690
08/13/1979,144.59,144.59,143.04,143.49,3201,5314
08/14/1979,142.34,143.99,141.89,143.84,2906,5009
08/15/1979,144.44,144.54,142.94,144.09,2380,5233
08/16/1979,143.49,144.04,141.94,142.44,2402,5561
08/17/1979,142.09,142.89,141.04,141.64,2459,5800
08/20/1979,141.34,142.84,141.14,141.59,2187,5764
08/21/1979,141.54,141.94,141.34,141.84,2601,6276
08/22/1979,142.04,143.84,141.79,143.64,3733,6963
08/23/1979,143.44,143.54,142.69,143.49,2831,7572
08/24/1979,142.94,144.29,142.94,144.04,2443,8089
08/27/1979,144.74,145.29,144.64,144.69,2875,9565
08/28/1979,145.39,145.69,144.99,145.44,2808,9472
08/29/1979,146.09,146.14,145.29,145.74,3122,8773
08/30/1979,144.84,145.84,144.69,145.84,1279,8562
08/31/1979,145.84,146.94,145.59,146.74,2271,9088
09/04/1979,144.24,144.74,144.04,144.34,3122,8479
09/05/1979,145.04,145.04,144.39,144.94,1170,8288
09/06/1979,145.04,145.84,144.99,145.59,1440,8254
09/07/1979,145.64,145.79,145.29,145.29,555,8141
09/10/1979,145.14,145.24,144.69,144.94,1812,7814
09/11/1979,144.69,144.79,143.24,143.54,3550,7718
09/12/1979,142.34,142.79,141.89,142.24,2840,7257
09/13/1979,141.24,141.64,139.74,140.34,3299,7450
09/14/1979,138.34,138.84,136.14,136.74,6257,6914
09/17/1979,133.84,136.39,133.54,135.74,3690,6592
09/18/1979,135.69,136.94,134.34,135.24,1516,5780
09/19/1979,134.84,135.14,134.14,134.59,1421,6054
09/20/1979,136.39,137.54,136.24,136.54,2038,5957
09/21/1979,136.54,137.34,136.24,136.89,1000,5789
09/24/1979,136.24,136.89,135.64,136.89,1361,5815
09/25/1979,136.04,136.74,135.89,136.44,1037,5691
09/26/1979,138.09,140.24,137.89,140.04,3112,5759
09/27/1979,140.44,141.74,140.19,141.24,3289,6578
09/28/1979,140.34,141.49,139.69,140.54,2167,6312
10/01/1979,139.84,140.89,139.44,140.74,1374,6075
10/02/1979,140.24,140.44,138.84,139.39,1769,6012
10/03/1979,140.14,140.39,138.49,139.29,2079,6003
10/04/1979,139.29,140.19,139.09,139.39,1781,5894
10/05/1979,139.49,139.59,137.89,138.14,3297,6699
10/08/1979,136.64,136.64,133.84,134.04,2371,7419
10/09/1979,135.24,137.44,134.94,137.19,3294,6250
10/10/1979,138.34,139.04,137.54,138.89,2359,6048
10/11/1979,137.94,138.54,137.29,138.49,2227,5944
10/12/1979,137.44,138.14,136.89,137.04,1339,5999
10/15/1979,137.59,137.64,136.99,137.34,776,5984
10/16/1979,136.59,136.99,135.34,135.84,2840,7039
10/17/1979,136.34,136.39,135.44,136.29,2673,6850
10/18/1979,135.89,136.84,135.89,136.69,2083,6472
10/19/1979,136.74,137.14,136.54,136.69,2115,6375
10/22/1979,136.74,136.84,135.59,135.89,2348,7127
10/23/1979,134.34,134.64,132.14,132.99,7560,9983
10/24/1979,132.34,133.24,131.84,132.94,4691,8436
10/25/1979,132.89,133.09,132.44,132.59,2302,8074
10/26/1979,132.34,132.99,131.39,132.54,4205,8433
10/29/1979,132.14,132.14,130.44,130.64,3770,9711
10/30/1979,127.84,128.74,127.74,128.39,4331,8448
10/31/1979,129.19,129.79,128.49,129.04,3532,8251
11/01/1979,129.34,129.69,128.14,128.64,3901,9219
11/02/1979,127.44,128.54,127.19,127.99,2856,8858
11/05/1979,127.59,128.74,127.49,128.44,3344,8083
11/06/1979,128.99,129.74,128.74,129.64,2354,7976
11/07/1979,130.94,132.24,130.64,131.19,3191,7958
11/08/1979,130.94,131.39,129.19,129.54,2963,8071
11/09/1979,130.24,131.09,130.24,131.04,1805,7906
11/12/1979,131.54,133.44,131.39,133.34,2321,8199
11/13/1979,132.24,132.44,131.19,131.79,3802,8437
11/14/1979,131.64,132.59,131.14,132.34,2853,8233
11/15/1979,134.94,135.84,134.59,135.79,3948,8583
11/16/1979,136.34,137.84,136.34,137.39,2880,8928
11/19/1979,139.54,139.79,138.39,138.74,2553,8824
11/20/1979,137.29,138.64,137.19,138.04,2394,9335
11/21/1979,138.89,138.89,137.99,138.59,1507,9442
11/23/1979,136.84,137.54,136.79,137.14,1076,9249
11/26/1979,136.69,137.39,136.49,137.04,1580,8990
11/27/1979,137.29,137.44,136.84,136.89,2218,9132
11/28/1979,137.44,138.84,137.44,138.79,4152,10549
11/29/1979,139.34,139.84,139.04,139.39,2986,11284
11/30/1979,140.34,141.34,140.34,140.54,3742,11833
12/03/1979,142.34,142.79,141.44,141.54,4090,10617
12/04/1979,140.84,141.19,139.59,139.74,2471,10484
12/05/1979,138.74,139.84,138.24,139.59,4646,10665
12/06/1979,139.54,140.64,139.34,139.39,4654,9793
12/07/1979,138.34,138.89,137.74,137.84,2479,9058
12/10/1979,137.89,138.39,137.89,138.34,1140,9277
12/11/1979,139.99,141.49,139.99,141.44,2403,9796
12/12/1979,141.29,141.94,140.64,141.24,3386,9663
12/13/1979,141.99,143.04,141.39,141.74,4134,10181
12/14/1979,141.19,144.09,140.79,143.19,4627,10645
12/17/1979,142.29,142.59,141.74,142.19,3297,10410
12/18/1979,142.09,142.14,141.39,141.59,1942,9304
12/19/1979,142.09,142.44,141.34,141.44,1341,8835
12/20/1979,141.89,142.09,141.09,141.29,1240,8848
12/21/1979,141.34,144.04,141.34,143.89,1476,8807
12/26/1979,142.49,143.84,142.49,143.79,1044,9048
12/27/1979,146.19,147.04,145.89,146.74,2565,10142
12/28/1979,144.89,145.69,144.64,144.99,1769,10339
12/31/1979,144.09,144.69,142.79,142.94,2041,10000
01/02/1980,144.19,146.64,144.19,146.54,2552,10655
01/03/1980,146.09,146.64,144.94,145.39,3496,10044
01/04/1980,145.44,146.09,145.29,145.79,1195,9904
01/07/1980,146.74,148.69,146.74,148.39,3345,10446
01/08/1980,147.59,148.44,147.24,147.49,3023,10686
01/09/1980,148.79,149.09,147.89,148.29,4381,11415
01/10/1980,147.89,148.24,147.19,147.34,3165,10318
01/11/1980,147.79,148.54,147.24,148.39,3050,11431
01/14/1980,148.49,150.54,148.39,150.34,5976,13968
01/15/1980,151.24,151.39,149.19,150.44,6399,13418
01/16/1980,148.99,149.64,148.09,148.34,5901,13212
01/17/1980,148.24,150.29,148.19,149.49,3771,13435
01/18/1980,149.64,150.69,149.59,149.99,2498,13452
01/21/1980,150.49,150.84,148.39,148.49,4922,12726
01/22/1980,149.49,149.64,148.29,149.19,4110,11494
01/23/1980,148.84,150.29,148.64,149.19,3220,11632
01/24/1980,149.69,150.04,149.09,149.64,2067,11710
01/25/1980,149.29,149.49,147.29,147.54,8938,12365
01/28/1980,147.99,148.29,146.14,146.94,6314,12261
01/29/1980,146.99,148.19,146.39,147.74,5935,10955
01/30/1980,147.74,148.29,147.29,147.99,3391,10904
01/31/1980,148.49,148.79,148.09,148.44,2250,10613
02/01/1980,148.94,149.59,148.54,149.34,3619,9744
02/04/1980,149.29,151.59,149.24,151.39,7459,12340
02/05/1980,150.99,151.54,150.49,150.59,5194,12606
02/06/1980,152.14,153.54,151.94,153.39,9746,16376
02/07/1980,152.69,152.99,151.59,152.44,6017,16360
02/08/1980,151.64,152.19,151.29,151.89,5338,16345
02/11/1980,152.74,152.84,152.04,152.39,4567,17210
02/12/1980,152.29,153.99,151.04,152.84,8775,18497
02/13/1980,152.29,153.04,152.14,152.59,6159,18212
02/14/1980,152.69,153.79,152.69,152.89,4757,18146
02/15/1980,153.29,153.49,150.49,152.09,8544,17428
02/19/1980,150.19,150.19,148.79,149.54,7635,16084
02/20/1980,150.54,150.54,149.74,150.09,4093,15060
02/21/1980,151.44,151.59,150.94,151.39,3243,14579
02/22/1980,150.39,150.59,148.79,148.94,4330,14440
02/25/1980,150.19,150.49,149.54,149.74,3722,13999
02/26/1980,150.44,150.44,149.64,150.19,1757,13859
02/27/1980,151.09,151.39,150.49,150.69,4861,13863
02/28/1980,151.39,151.39,150.79,150.79,1530,13533
02/29/1980,149.49,150.04,147.59,148.24,8052,13505
03/03/1980,149.24,149.24,145.44,145.74,11789,15736
03/04/1980,146.24,146.49,144.34,146.24,7490,14577
03/05/1980,146.39,147.04,146.34,146.59,4550,15060
03/06/1980,144.59,146.04,143.89,145.69,5229,15407
03/07/1980,144.79,145.44,144.29,144.74,5338,15591
03/10/1980,144.14,144.94,144.04,144.79,4594,14329
03/11/1980,145.49,146.09,145.14,145.44,4188,13369
03/12/1980,146.34,146.64,145.54,145.69,3122,12496
03/13/1980,145.24,145.94,144.59,145.54,3323,12998
03/14/1980,143.59,144.84,143.39,143.84,4979,13924
03/17/1980,141.64,142.79,141.19,142.54,3815,13563
03/18/1980,142.74,143.64,141.24,141.59,3910,12550
03/19/1980,142.54,142.69,141.84,142.49,4143,12308
03/20/1980,142.74,142.99,142.04,142.09,3066,13814
03/21/1980,141.44,142.09,140.74,141.64,4959,15075
03/24/1980,141.29,142.79,140.74,142.14,5245,14322
03/25/1980,142.64,142.79,141.79,142.34,3422,13878
03/26/1980,142.79,143.44,139.94,140.04,7939,15455
03/27/1980,140.79,141.24,138.74,140.14,8390,16528
03/28/1980,140.14,141.64,139.54,141.19,6518,14451
03/31/1980,139.99,140.04,138.39,138.79,3917,14777
04/01/1980,137.29,139.94,137.09,139.74,5973,13599
04/02/1980,138.54,139.19,137.44,137.64,3825,13857
04/03/1980,136.94,137.29,136.09,136.19,2780,14424
04/07/1980,135.89,137.94,135.44,136.49,3753,14434
04/08/1980,137.89,141.49,137.79,140.64,6436,12944
04/09/1980,141.64,142.09,140.04,141.04,6248,11887
04/10/1980,140.84,143.14,140.84,143.09,4467,10988
04/11/1980,142.74,144.14,142.44,143.99,4406,10317
04/14/1980,144.54,144.64,142.79,143.14,4322,10778
04/15/1980,142.64,143.49,141.49,142.79,4720,10588
04/16/1980,142.84,145.89,142.84,145.54,6855,10849
04/17/1980,146.44,146.44,144.44,145.69,4263,9983
04/18/1980,145.74,146.34,144.19,144.69,1964,9726
04/21/1980,145.79,147.64,145.69,146.69,4406,9897
04/22/1980,146.54,146.99,145.74,145.94,4535,9887
04/23/1980,148.74,150.04,148.24,149.74,6791,10488
04/24/1980,148.44,149.34,148.19,148.74,3996,10389
04/25/1980,150.49,151.44,149.49,149.89,4025,10147
04/28/1980,151.54,151.74,149.74,150.19,4294,9604
04/29/1980,149.84,149.99,148.14,148.29,5349,8875
04/30/1980,147.44,148.89,146.84,148.09,5107,8837
05/01/1980,147.84,148.34,147.24,147.79,2457,9182
05/02/1980,147.94,148.19,146.64,146.84,3442,8953
05/05/1980,147.84,150.04,147.59,149.54,5252,8946
05/06/1980,150.34,150.34,148.74,149.24,4689,8918
05/07/1980,149.74,150.44,148.64,150.29,5314,9082
05/08/1980,149.59,150.14,149.29,149.44,2910,8954
05/09/1980,148.69,148.89,147.54,148.59,4188,8968
05/12/1980,149.14,150.09,148.94,149.89,4175,9161
05/13/1980,149.54,150.24,148.84,150.09,4202,9038
05/14/1980,149.84,151.84,149.69,151.49,6948,10809
05/15/1980,150.94,151.74,149.94,149.99,6620,10753
05/16/1980,149.34,150.34,148.94,149.79,5532,9929
05/19/1980,149.79,150.24,149.74,150.09,1468,9863
05/20/1980,150.69,151.24,150.19,150.99,2880,10256
05/21/1980,152.89,154.84,152.89,154.54,7919,13061
05/22/1980,153.64,154.74,153.39,154.69,6328,14769
05/23/1980,154.99,156.99,154.99,156.89,6710,17683
05/27/1980,159.34,159.39,158.29,159.14,6786,17516
05/28/1980,156.99,158.24,155.74,157.79,7933,17657
05/29/1980,156.34,156.89,155.14,155.49,8272,17344
05/30/1980,154.39,157.69,154.29,156.94,7363,16678
06/02/1980,157.04,157.19,155.04,155.09,7278,14738
06/03/1980,155.89,155.99,150.44,151.24,12949,13762
06/04/1980,154.04,154.69,153.44,153.99,7941,12027
06/05/1980,155.09,155.69,154.84,155.19,3451,11685
06/06/1980,155.39,155.94,154.99,155.64,2576,11716
06/09/1980,157.14,157.54,156.09,156.14,10863,12555
06/10/1980,154.64,155.74,154.09,154.64,5981,12859
06/11/1980,155.24,156.64,154.64,156.54,7101,12472
06/12/1980,155.49,156.19,154.79,154.84,5097,12066
06/13/1980,155.89,156.84,155.44,156.64,6340,12195
06/16/1980,155.74,156.59,154.69,154.74,7353,12567
06/17/1980,155.34,155.84,154.29,155.64,5903,11232
06/18/1980,154.79,155.49,154.64,155.04,4481,11094
06/19/1980,154.64,155.99,154.44,155.64,5309,10982
06/20/1980,155.74,156.49,155.04,155.24,5009,11048
06/23/1980,156.19,156.64,155.89,156.44,3105,10326
06/24/1980,155.94,156.14,155.49,155.84,1846,10672
06/25/1980,155.69,156.09,155.39,155.79,2487,11121
06/26/1980,156.39,157.89,156.34,157.84,8572,12369
06/27/1980,157.84,158.19,157.29,157.84,4729,12704
06/30/1980,158.64,158.94,158.14,158.49,4332,13671
07/01/1980,158.79,159.34,158.39,159.19,5109,14716
07/02/1980,158.89,159.19,158.39,158.74,4863,15592
07/03/1980,157.29,159.14,156.74,158.69,8320,16017
07/07/1980,159.54,161.69,159.54,161.19,5373,16313
07/08/1980,160.69,161.19,159.49,160.19,5856,14554
07/09/1980,160.99,161.04,160.24,160.59,3592,14264
07/10/1980,160.64,161.34,160.44,161.09,3983,15533
07/11/1980,161.24,161.49,160.64,161.19,3902,15015
07/14/1980,160.84,161.74,160.74,161.19,5063,16199
07/15/1980,160.54,161.19,160.34,160.84,5759,14447
07/16/1980,160.74,161.89,160.69,161.34,4122,15304
07/17/1980,161.34,162.04,161.19,161.29,3673,15236
07/18/1980,161.14,161.84,160.84,161.69,3415,15251
07/21/1980,161.64,161.99,161.44,161.79,1891,15227
07/22/1980,161.99,162.84,161.84,162.69,5001,16771
07/23/1980,162.34,162.44,161.94,162.24,3397,16101
07/24/1980,163.14,164.04,163.14,163.49,5951,16766
07/25/1980,163.09,163.79,162.64,163.74,5333,17310
07/28/1980,163.09,163.09,161.74,161.89,7013,16061
07/29/1980,161.24,161.59,159.94,160.39,9400,15445
07/30/1980,160.69,160.89,157.69,158.49,11831,14105
07/31/1980,159.04,159.39,156.54,156.64,11481,13008
08/01/1980,157.74,158.24,157.09,158.04,4778,13615
08/04/1980,159.74,159.74,158.24,159.59,5312,14327
08/05/1980,159.74,160.19,159.49,159.84,3405,13918
08/06/1980,161.84,162.34,160.84,161.89,6339,13041
08/07/1980,161.39,162.39,160.94,162.24,5491,13066
08/08/1980,161.54,162.04,161.24,161.69,3806,12609
08/11/1980,161.74,161.99,161.54,161.64,2166,12514
08/12/1980,161.74,162.59,161.59,162.44,3808,11803
08/13/1980,162.74,162.74,162.04,162.39,3100,11653
08/14/1980,162.34,162.79,161.89,162.74,3389,11654
08/15/1980,162.44,163.19,162.09,162.39,3660,12388
08/18/1980,161.79,162.14,160.69,160.84,4752,12468
08/19/1980,161.24,161.44,160.64,160.84,4004,12365
08/20/1980,161.94,161.94,161.54,161.84,2848,11940
08/21/1980,161.89,162.39,161.44,161.84,2956,12007
08/22/1980,161.84,162.64,161.64,162.59,2346,11677
08/25/1980,162.54,162.79,161.94,162.14,2225,11687
08/26/1980,162.64,164.19,162.54,163.64,8297,12519
08/27/1980,163.94,165.09,163.84,164.64,7086,13227
08/28/1980,164.74,165.14,164.14,164.49,4403,13496
08/29/1980,164.84,166.59,164.54,166.34,3983,13964
09/02/1980,167.49,168.04,167.19,167.44,4129,14476
09/03/1980,166.99,167.34,166.04,166.54,5599,15115
09/04/1980,167.94,168.24,167.49,167.74,5062,14364
09/05/1980,167.34,167.64,166.94,167.44,3210,14106
09/08/1980,167.94,167.94,167.34,167.69,2725,14271
09/09/1980,167.84,167.99,165.39,166.29,9505,13502
09/10/1980,166.24,166.54,165.64,166.39,4899,13457
09/11/1980,167.54,168.54,167.09,168.39,4842,14130
09/12/1980,167.54,167.94,166.94,167.19,3686,13892
09/15/1980,166.04,166.24,165.14,165.44,6111,13045
09/16/1980,164.84,165.44,164.64,165.09,3728,11569
09/17/1980,165.79,166.24,165.34,165.74,3266,11434
09/18/1980,165.69,165.69,164.74,164.99,6989,12659
09/19/1980,164.99,165.39,164.89,165.04,2672,12944
09/22/1980,166.14,167.94,165.99,167.29,5689,13050
09/23/1980,166.99,167.69,166.49,166.89,4726,13338
09/24/1980,167.14,167.44,165.89,166.39,3955,13434
09/25/1980,167.14,167.29,166.49,167.04,2437,13172
09/26/1980,166.79,166.89,165.34,165.99,4713,13891
09/29/1980,166.19,166.64,166.09,166.29,1937,13695
09/30/1980,166.49,166.59,165.74,165.79,2779,13460
10/01/1980,166.79,167.04,166.14,166.89,4779,14746
10/02/1980,166.34,166.49,165.79,166.49,3822,14370
10/03/1980,166.44,167.99,166.24,167.89,5053,15555
10/06/1980,167.29,167.39,166.74,167.24,3483,15785
10/07/1980,166.39,167.19,165.94,166.79,4154,15736
10/08/1980,166.34,166.79,166.34,166.64,1470,15444
10/09/1980,166.79,167.99,166.64,167.54,4201,15851
10/10/1980,167.54,168.29,167.04,167.19,6423,15993
10/13/1980,168.19,169.34,167.89,168.94,5931,17209
10/14/1980,168.64,168.74,167.74,168.19,5378,16445
10/15/1980,167.69,168.49,167.49,168.24,2739,16333
10/16/1980,168.59,169.69,168.24,169.29,5567,17282
10/17/1980,169.24,169.74,167.94,168.09,5243,16975
10/20/1980,169.44,170.89,169.09,170.29,4862,17081
10/21/1980,172.39,172.49,170.79,171.29,6576,16677
10/22/1980,170.54,171.04,169.94,170.19,4097,16648
10/23/1980,171.94,173.19,171.69,173.09,7631,17213
10/24/1980,173.04,173.09,171.19,172.44,4891,16451
10/27/1980,171.89,172.04,170.84,171.24,5537,15774
10/28/1980,170.49,171.74,170.34,171.29,4480,16104
10/29/1980,172.04,172.14,170.79,171.59,3874,15983
10/30/1980,171.94,172.24,171.34,172.24,5142,16893
10/31/1980,171.74,171.84,170.69,170.84,5459,16988
11/03/1980,172.54,173.39,171.94,172.89,6340,16851
11/05/1980,172.64,173.29,172.54,172.69,4115,17137
11/06/1980,173.04,173.14,171.74,171.79,4703,17543
11/07/1980,171.09,171.09,168.84,170.79,13220,18881
11/10/1980,168.24,168.79,166.84,168.04,14018,17074
11/11/1980,168.04,168.14,166.74,166.79,7321,16905
11/12/1980,168.14,169.84,167.59,169.74,8445,15569
11/13/1980,170.04,170.74,169.14,169.24,5395,15802
11/14/1980,168.94,169.34,168.29,169.14,3148,15912
11/17/1980,167.34,168.84,167.09,168.54,5655,15836
11/18/1980,167.69,168.34,167.24,167.39,5817,16115
11/19/1980,167.24,167.24,165.69,166.39,8150,16917
11/20/1980,167.34,167.99,166.74,167.04,5714,16801
11/21/1980,164.74,165.14,164.04,164.59,9077,16287
11/24/1980,164.54,164.89,162.14,162.74,10447,16924
11/25/1980,164.34,165.19,163.69,164.74,5950,17045
11/26/1980,166.04,166.14,164.94,165.49,3736,17256
11/28/1980,164.64,164.94,164.04,164.54,1396,17309
12/01/1980,163.44,164.19,163.39,164.14,2571,16554
12/02/1980,163.79,163.79,162.34,162.49,5418,16744
12/03/1980,163.34,163.49,162.89,163.34,3389,15140
12/04/1980,163.64,163.64,162.74,162.94,3750,15425
12/05/1980,162.69,163.79,162.29,163.69,6642,13520
12/08/1980,163.14,163.54,162.69,163.34,4126,13643
12/09/1980,162.84,163.59,162.49,163.09,4994,13691
12/10/1980,163.19,163.99,163.09,163.59,5532,13108
12/11/1980,161.39,162.39,160.29,161.79,8241,12804
12/12/1980,162.84,163.14,161.69,161.99,4550,12541
12/15/1980,163.29,163.39,161.49,161.94,3823,13107
12/16/1980,161.64,161.99,160.74,161.14,5026,11735
12/17/1980,161.69,163.09,161.49,162.64,4279,10863
12/18/1980,162.29,162.49,161.99,162.04,1947,10702
12/19/1980,161.59,165.19,161.49,164.64,6406,9750
12/22/1980,163.84,164.54,163.69,164.19,4387,9565
12/23/1980,164.84,165.89,164.69,165.09,2300,9675
12/24/1980,165.19,166.94,165.19,166.64,2049,9722
12/29/1980,164.49,165.19,164.49,164.94,2322,10041
12/30/1980,166.04,167.44,165.74,166.59,3765,10280
12/31/1980,166.39,168.49,166.19,167.84,1477,10031
01/02/1981,166.19,167.24,165.79,167.19,2011,10418
01/05/1981,167.94,170.24,167.74,169.89,4693,11677
01/06/1981,170.09,170.44,169.04,169.24,5111,12032
01/07/1981,168.79,169.14,167.54,168.19,4041,11243
01/08/1981,167.79,168.69,167.49,167.79,2768,11377
01/09/1981,168.19,168.39,167.39,167.99,2858,11799
01/12/1981,167.84,168.09,167.49,167.79,2558,11780
01/13/1981,166.99,167.29,166.49,167.04,3420,11551
01/14/1981,167.24,168.49,167.09,168.19,3469,12179
01/15/1981,168.44,168.44,166.19,166.44,4274,11287
01/16/1981,167.99,168.64,167.09,167.29,4610,11142
01/19/1981,169.24,169.59,168.29,168.84,4325,11087
01/20/1981,169.19,170.64,169.09,170.39,3362,11608
01/21/1981,170.14,170.74,168.99,169.49,5931,11224
01/22/1981,169.19,169.59,167.34,168.84,5645,10719
01/23/1981,168.44,169.49,168.14,169.34,3748,11489
01/26/1981,168.14,169.74,168.09,169.44,3224,11610
01/27/1981,169.29,169.29,167.14,167.89,5990,11371
01/28/1981,167.39,168.34,167.14,167.89,5694,12105
01/29/1981,167.29,167.39,166.49,166.74,7365,11385
01/30/1981,164.99,165.04,162.29,162.59,11677,11858
02/02/1981,162.49,162.59,160.99,161.19,10452,13862
02/03/1981,160.99,163.34,159.99,162.34,10252,14260
02/04/1981,161.99,162.89,161.29,161.34,5442,14030
02/05/1981,161.19,161.54,160.14,160.24,5959,16279
02/06/1981,160.09,161.84,159.14,161.39,8469,17028
02/09/1981,160.29,161.09,159.94,160.24,4120,17304
02/10/1981,160.19,160.59,159.69,160.49,4634,17197
02/11/1981,159.99,160.44,159.59,159.89,3789,17668
02/12/1981,158.79,158.79,156.89,156.99,5788,19002
02/13/1981,156.39,156.74,154.74,155.49,5424,19157
02/17/1981,153.84,154.14,152.44,153.39,7399,17260
02/18/1981,154.09,154.54,152.39,152.89,6795,16713
02/19/1981,154.14,156.34,153.54,155.84,7102,15908
02/20/1981,158.99,159.49,156.39,157.69,6158,16166
02/23/1981,153.34,153.34,149.34,149.84,6565,15959
02/24/1981,150.19,150.79,148.69,149.54,6056,15861
02/25/1981,149.04,149.29,148.44,148.99,4136,16342
02/26/1981,148.34,149.54,148.19,148.94,4984,16539
02/27/1981,145.59,146.59,145.24,145.99,4231,16934
03/02/1981,143.74,144.29,143.44,143.54,6193,16694
03/03/1981,144.74,147.64,144.74,147.14,6900,15296
03/04/1981,147.44,147.59,145.29,147.14,6729,15673
03/05/1981,145.64,146.99,145.59,146.24,5177,15420
03/06/1981,144.69,145.74,144.24,144.49,5814,15446
03/09/1981,144.99,148.14,144.99,146.49,6855,14416
03/10/1981,146.39,151.49,146.24,146.89,6579,14187
03/11/1981,147.34,148.09,145.54,146.24,5105,14470
03/12/1981,147.39,147.79,146.99,147.34,5052,14199
03/13/1981,147.19,147.59,146.99,147.19,2019,13675
03/16/1981,148.89,149.64,148.74,149.34,3132,13469
03/17/1981,150.84,150.89,149.79,150.69,2893,9677
03/18/1981,151.89,154.29,151.39,153.84,6490,9665
03/19/1981,151.99,153.24,151.79,151.99,4887,9330
03/20/1981,151.89,152.34,149.39,150.64,5119,9437
03/23/1981,149.29,151.54,149.29,151.34,3893,8462
03/24/1981,151.04,151.99,150.69,151.19,2443,8041
03/25/1981,151.29,151.89,150.54,151.64,3175,8660
03/26/1981,150.99,151.29,147.54,148.24,4318,8700
03/27/1981,148.39,148.59,146.99,147.79,3699,9090
03/30/1981,148.69,149.44,148.14,149.04,3215,8734
03/31/1981,148.79,149.64,147.84,148.79,2485,8541
04/01/1981,149.19,149.59,148.39,149.19,1858,8593
04/02/1981,148.49,148.69,144.99,145.09,6799,10812
04/03/1981,145.99,145.99,143.59,144.79,6716,12211
04/06/1981,142.69,143.99,141.89,143.09,6042,13433
04/07/1981,143.49,146.19,143.49,145.34,6546,13737
04/08/1981,146.19,146.69,144.19,144.39,4437,14416
04/09/1981,144.24,145.04,143.74,144.49,6119,13764
04/10/1981,144.04,144.14,142.69,142.94,4854,14105
04/13/1981,141.19,142.79,140.99,142.39,4183,14820
04/14/1981,142.99,143.49,142.44,142.64,3257,14722
04/15/1981,141.79,141.84,140.24,140.74,5400,16074
04/16/1981,140.99,141.29,140.04,141.04,3125,15140
04/20/1981,139.89,143.29,139.74,142.74,3961,14006
04/21/1981,141.49,143.59,140.84,143.29,5290,12412
04/22/1981,142.94,144.44,142.74,143.64,6190,11893
04/23/1981,142.94,143.79,142.39,143.09,4025,11864
04/24/1981,141.69,142.49,140.54,140.69,4125,12014
04/27/1981,142.04,142.04,140.39,140.39,4335,12514
04/28/1981,140.34,140.94,140.04,140.59,5089,12017
04/29/1981,139.34,139.94,138.79,139.69,5833,13211
04/30/1981,139.69,139.94,138.59,138.89,5456,13293
05/01/1981,139.14,140.39,138.84,140.09,2806,13410
05/04/1981,137.09,138.29,136.79,137.09,2654,13395
05/05/1981,136.84,137.69,136.49,137.29,4986,13540
05/06/1981,138.04,138.29,136.84,137.29,5128,13738
05/07/1981,136.19,136.74,135.64,136.59,5191,13940
05/08/1981,137.34,137.69,136.64,137.54,3886,13784
05/11/1981,136.29,136.49,134.89,135.24,4759,14259
05/12/1981,134.74,134.99,133.94,134.54,3845,14118
05/13/1981,134.29,134.29,132.59,133.19,4168,14581
05/14/1981,131.99,133.24,131.54,132.89,5803,13096
05/15/1981,133.04,133.49,132.29,132.39,3400,12813
05/18/1981,134.84,135.24,133.69,134.34,7149,12594
05/19/1981,133.99,134.04,132.59,132.74,4969,12874
05/20/1981,133.74,133.89,132.74,133.84,3746,12262
05/21/1981,132.14,132.54,131.29,132.04,4427,12985
05/22/1981,131.19,132.69,131.19,131.94,3792,12527
05/26/1981,131.04,131.84,131.04,131.04,3187,12346
05/27/1981,130.79,131.79,130.09,131.59,5320,12127
05/28/1981,130.89,132.04,130.79,131.44,5814,11427
05/29/1981,131.49,131.89,131.29,131.74,3070,11481
06/01/1981,131.29,131.54,129.69,129.94,4990,12707
06/02/1981,127.99,128.94,127.89,128.39,6601,13047
06/03/1981,125.99,126.19,122.99,123.59,6799,13547
06/04/1981,119.99,120.44,118.14,120.19,6522,13791
06/05/1981,117.79,118.59,115.54,116.19,7786,13079
06/08/1981,118.64,119.39,117.29,117.59,4313,12861
06/09/1981,119.04,119.09,117.69,118.04,6344,13250
06/10/1981,119.94,121.54,119.74,120.59,4421,12635
06/11/1981,119.24,119.94,118.84,119.89,3647,12228
06/12/1981,119.34,120.39,118.99,119.54,3411,12230
06/15/1981,122.64,124.54,122.34,122.69,5999,12023
06/16/1981,124.99,125.39,123.14,123.49,4044,9195
06/17/1981,124.24,124.29,123.24,123.89,2734,9464
06/18/1981,121.74,122.39,121.29,121.94,4152,10012
06/19/1981,120.94,122.74,120.59,122.44,2930,9634
06/22/1981,123.14,124.24,122.29,124.04,2744,9669
06/23/1981,124.34,124.79,123.14,123.24,2736,9624
06/24/1981,122.34,122.79,120.74,120.89,4728,10342
06/25/1981,120.44,120.69,118.39,118.54,6404,12144
06/26/1981,117.94,119.59,117.74,119.24,4433,11785
06/29/1981,118.74,119.24,117.99,118.79,4325,12095
06/30/1981,117.79,118.49,116.09,116.29,8835,14564
07/01/1981,114.94,115.09,112.79,113.29,8458,16133
07/02/1981,111.54,114.19,111.34,113.44,9889,14719
07/06/1981,112.14,114.09,111.84,113.49,6686,13770
07/07/1981,115.24,115.39,113.19,113.69,6591,14714
07/08/1981,112.24,112.99,110.34,112.24,9050,15075
07/09/1981,112.24,115.34,110.84,114.49,9124,15145
07/10/1981,112.64,114.04,112.29,113.39,8945,13735
07/13/1981,113.19,113.64,110.04,110.44,9460,16863
07/14/1981,109.34,111.94,108.94,110.99,11656,16318
07/15/1981,110.84,112.74,110.84,111.79,8492,15593
07/16/1981,110.99,112.34,110.64,111.69,7197,15311
07/17/1981,110.59,111.99,110.34,111.54,4123,15357
07/20/1981,110.44,110.84,108.94,108.99,5734,16775
07/21/1981,107.29,108.29,106.84,107.74,9429,15734
07/22/1981,108.64,109.39,107.94,108.84,5512,15317
07/23/1981,108.79,109.39,108.24,108.44,3948,15439
07/24/1981,108.49,109.79,108.44,109.44,4854,14647
07/27/1981,110.69,110.84,108.69,109.09,5685,14858
07/28/1981,108.69,109.29,108.24,109.09,4429,14783
07/29/1981,109.14,109.79,107.64,107.79,5103,15154
07/30/1981,107.44,108.94,107.24,108.59,4828,15253
07/31/1981,108.04,108.29,106.14,106.19,4907,15402
08/03/1981,104.99,105.09,102.54,103.19,5483,15350
08/04/1981,103.64,103.79,101.99,102.94,6546,15672
08/05/1981,103.29,103.64,102.74,103.29,4291,15044
08/06/1981,102.94,103.44,101.94,103.19,5616,14824
08/07/1981,100.94,102.54,100.69,101.54,4536,15154
08/10/1981,99.14,100.14,98.79,100.09,4788,14784
08/11/1981,99.79,101.04,99.54,100.84,5918,13900
08/12/1981,101.44,105.84,101.29,103.44,8717,14190
08/13/1981,103.49,103.49,102.34,103.29,3969,13924
08/14/1981,103.04,103.54,102.59,102.89,2830,14112
08/17/1981,104.09,105.69,104.04,104.94,7703,13841
08/18/1981,106.94,106.94,104.99,105.49,5327,13560
08/19/1981,104.94,107.44,104.79,107.29,7069,14056
08/20/1981,107.74,109.39,107.44,107.79,10792,13762
08/21/1981,109.84,112.69,108.94,112.14,7579,15103
08/24/1981,109.74,109.89,105.64,106.34,11391,15107
08/25/1981,104.54,105.59,104.09,104.84,6508,14796
08/26/1981,105.59,107.14,105.54,106.19,7884,15128
08/27/1981,105.99,106.69,105.49,105.79,4400,14965
08/28/1981,106.14,107.54,106.14,107.04,3200,14672
08/31/1981,107.74,107.84,105.39,105.69,6477,13936
09/01/1981,105.74,105.94,104.74,105.64,5891,13980
09/02/1981,105.99,107.34,105.74,106.99,4943,14003
09/03/1981,106.84,107.19,106.19,106.99,3044,13779
09/04/1981,106.24,106.84,104.74,104.94,3949,13573
09/08/1981,101.79,102.04,100.19,100.39,10376,14523
09/09/1981,99.69,101.09,99.24,100.19,9920,14948
09/10/1981,100.64,102.44,100.04,101.04,8742,15147
09/11/1981,101.34,101.74,98.69,100.39,10104,16796
09/14/1981,98.29,101.59,97.79,101.19,8603,16251
09/15/1981,102.34,105.54,102.24,104.49,9074,11059
09/16/1981,104.84,107.29,103.99,106.39,7611,10497
09/17/1981,105.64,106.54,102.44,104.04,9704,10355
09/18/1981,104.09,104.84,103.14,104.54,5434,10097
09/21/1981,103.99,106.04,103.64,103.74,7247,9788
09/22/1981,103.79,104.69,102.79,103.39,5792,10138
09/23/1981,102.54,103.24,100.14,100.54,7852,11913
09/24/1981,98.99,100.14,97.64,99.04,8391,13647
09/25/1981,98.94,99.84,96.74,96.89,8332,16685
09/28/1981,96.94,99.39,96.69,99.04,9779,16790
09/29/1981,99.74,100.29,98.59,98.94,3703,17266
09/30/1981,101.14,102.24,99.74,100.44,5262,16200
10/01/1981,103.04,103.74,102.39,103.49,8758,15118
10/02/1981,102.99,103.29,101.69,102.39,6298,13606
10/05/1981,103.54,105.39,103.49,104.89,7434,13182
10/06/1981,105.04,105.14,103.24,104.89,6427,12916
10/07/1981,106.09,108.04,105.39,107.29,11360,12732
10/08/1981,108.64,110.44,107.74,110.39,9985,12783
10/09/1981,110.64,111.24,108.64,109.34,10822,13883
10/12/1981,107.54,108.14,105.59,106.09,5905,13699
10/13/1981,106.74,107.24,105.09,105.69,7086,13404
10/14/1981,104.74,106.24,104.24,105.79,6840,13074
10/15/1981,105.99,106.14,102.09,102.14,8821,12882
10/16/1981,102.04,103.44,101.74,102.94,7046,12855
10/19/1981,103.54,103.94,102.79,102.94,4141,11555
10/20/1981,102.74,103.09,100.84,101.49,7280,12094
10/21/1981,102.09,102.19,100.09,100.84,8457,12493
10/22/1981,101.14,102.09,100.34,101.79,7154,12250
10/23/1981,101.29,102.19,100.94,101.49,4186,11760
10/26/1981,99.49,100.84,99.44,100.59,4230,11975
10/27/1981,100.94,101.14,100.04,100.34,2821,11367
10/28/1981,101.04,102.54,100.84,102.39,4782,11072
10/29/1981,103.34,104.79,102.44,104.49,7246,10158
10/30/1981,104.49,107.39,103.64,107.29,8385,10159
11/02/1981,107.04,107.49,105.59,106.24,11484,13004
11/03/1981,106.69,109.14,106.09,108.84,4245,12361
11/04/1981,107.34,107.44,106.04,106.44,6239,12121
11/05/1981,106.84,107.84,105.74,106.64,7274,12017
11/06/1981,106.84,107.54,106.69,107.14,3141,12141
11/09/1981,108.34,108.94,108.09,108.19,4549,12258
11/10/1981,107.04,107.14,105.34,105.84,6434,12098
11/11/1981,107.24,107.94,106.54,107.49,3606,12001
11/12/1981,107.89,109.54,107.74,109.49,9172,13778
11/13/1981,110.44,111.04,110.09,110.99,11563,15627
11/16/1981,111.79,112.04,108.14,108.69,12546,15699
11/17/1981,108.54,109.29,107.69,108.64,7680,14980
11/18/1981,108.39,112.19,108.34,112.09,9835,16991
11/19/1981,111.09,111.29,109.24,109.29,9664,16451
11/20/1981,109.99,110.04,108.44,109.44,7592,15695
11/23/1981,109.04,111.04,108.84,109.74,5953,15812
11/24/1981,110.44,111.64,109.99,111.59,6661,16222
11/25/1981,112.79,113.14,111.84,112.74,8048,17961
11/27/1981,114.14,115.79,113.89,115.69,7930,19965
11/30/1981,116.29,116.59,114.34,115.39,10864,20086
12/01/1981,114.24,114.59,112.89,113.89,10679,20441
12/02/1981,113.74,115.04,113.59,114.64,11200,22375
12/03/1981,113.09,113.44,112.34,113.09,10524,20903
12/04/1981,114.39,114.84,112.64,112.99,11132,22032
12/07/1981,114.54,114.74,112.54,113.64,8804,22076
12/08/1981,112.29,112.94,111.09,112.39,10604,19748
12/09/1981,112.24,112.39,110.69,110.99,8738,18074
12/10/1981,108.99,109.59,108.14,109.49,7310,16428
12/11/1981,107.49,108.14,106.49,106.59,9332,14883
12/14/1981,105.19,106.89,104.99,106.14,8612,15076
12/15/1981,107.69,108.89,107.39,108.79,5820,11240
12/16/1981,108.54,109.19,107.79,108.44,3256,11191
12/17/1981,108.79,108.99,107.29,107.94,2433,11427
12/18/1981,106.99,108.29,106.34,108.09,2962,11815
12/21/1981,107.34,108.09,106.64,107.19,1415,11637
12/22/1981,108.19,108.99,107.74,108.94,2229,11481
12/23/1981,108.79,109.24,108.09,108.79,2452,11039
12/24/1981,108.89,108.99,107.89,108.09,552,10870
12/28/1981,108.89,109.14,108.39,108.79,669,10896
12/29/1981,109.04,109.89,108.54,109.84,1826,11050
12/30/1981,110.04,111.34,109.89,111.09,2706,10992
12/31/1981,110.69,111.64,110.39,110.79,2433,10865
01/04/1982,113.19,113.79,112.14,113.59,7342,10601
01/05/1982,111.59,112.04,110.74,111.94,5436,10232
01/06/1982,112.39,112.74,111.79,112.09,3862,10371
01/07/1982,111.29,112.59,111.14,112.09,4973,10508
01/08/1982,111.44,112.39,110.49,110.64,5502,9991
01/11/1982,109.34,109.49,108.24,108.59,6910,10794
01/12/1982,108.14,108.54,106.89,107.34,7688,10624
01/13/1982,107.49,107.84,105.84,105.89,10041,11128
01/14/1982,105.74,106.89,105.24,106.64,7151,11680
01/15/1982,107.64,107.79,106.54,107.19,6022,12391
01/18/1982,106.89,108.84,106.64,108.64,8227,11808
01/19/1982,109.24,110.04,108.94,109.19,5910,12065
01/20/1982,108.69,109.39,108.44,109.19,3936,12166
01/21/1982,109.29,109.59,107.54,107.79,5710,11804
01/22/1982,107.44,107.89,106.89,106.99,2825,12162
01/25/1982,106.19,106.49,105.44,105.99,5031,13079
01/26/1982,106.19,108.09,106.19,107.89,4468,12345
01/27/1982,108.39,108.49,106.89,107.34,3913,12291
01/28/1982,107.69,108.39,107.39,107.89,5142,11877
01/29/1982,108.94,109.14,107.99,108.29,4235,11622
02/01/1982,107.04,107.49,106.44,106.59,3993,11927
02/02/1982,106.59,107.64,106.44,107.39,5220,12457
02/03/1982,107.94,107.99,106.19,106.94,7174,14361
02/04/1982,107.04,108.14,106.59,107.84,4484,14298
02/05/1982,107.19,107.39,105.89,107.29,6383,14499
02/08/1982,106.74,106.99,106.24,106.34,5582,14955
02/09/1982,105.29,105.34,104.29,105.04,10449,17672
02/10/1982,105.79,106.19,105.14,105.94,8086,18508
02/11/1982,105.64,105.89,104.84,104.99,3874,19049
02/12/1982,104.04,104.84,103.89,104.09,3277,18898
02/16/1982,103.44,104.69,103.29,104.59,6075,18891
02/17/1982,104.69,104.84,103.69,104.34,5512,19085
02/18/1982,105.14,106.39,104.49,105.84,7761,18470
02/19/1982,105.84,106.44,105.04,105.54,4579,17961
02/22/1982,105.39,105.94,105.09,105.64,5644,17594
02/23/1982,104.34,104.59,102.99,103.69,8395,18897
02/24/1982,103.04,104.09,102.59,103.89,4673,18751
02/25/1982,103.49,104.04,103.24,103.74,4689,18757
02/26/1982,102.34,102.79,101.89,101.99,4814,18839
03/01/1982,102.34,102.84,102.09,102.59,5725,19541
03/02/1982,102.64,102.64,101.54,101.94,6586,19843
03/03/1982,102.24,102.89,102.19,102.89,5020,19875
03/04/1982,103.04,103.74,102.84,103.59,7565,19466
03/05/1982,104.49,104.69,102.64,102.84,7546,19600
03/08/1982,102.79,103.14,100.94,101.04,8970,22757
03/09/1982,101.64,101.79,100.14,101.29,7831,23321
03/10/1982,101.44,102.69,101.24,102.14,6062,22654
03/11/1982,101.69,102.09,100.49,100.74,7083,23927
03/12/1982,100.74,100.84,99.94,100.29,5304,24923
03/15/1982,101.29,102.24,100.84,102.09,6987,24579
03/16/1982,101.49,101.74,100.69,101.14,5202,20619
03/17/1982,101.64,101.99,101.34,101.64,5010,20047
03/18/1982,101.69,101.79,101.09,101.54,2816,20292
03/19/1982,100.54,101.09,100.34,101.04,3349,20941
03/22/1982,101.04,101.24,100.24,100.44,3536,20808
03/23/1982,100.84,102.14,100.64,102.04,5765,19481
03/24/1982,101.49,101.64,100.54,100.84,4759,19088
03/25/1982,100.79,101.04,99.14,99.49,8583,21559
03/26/1982,99.19,99.84,98.94,99.34,4908,22628
03/29/1982,98.74,99.24,98.29,99.14,4833,21955
03/30/1982,98.84,99.34,98.69,98.79,4309,21472
03/31/1982,98.84,99.29,98.69,99.14,3634,20372
04/01/1982,99.09,99.84,98.79,98.94,4299,20629
04/02/1982,99.64,99.74,99.14,99.59,2382,20086
04/05/1982,97.59,97.99,97.19,97.24,5459,21093
04/06/1982,95.54,95.74,94.94,95.34,5538,20871
04/07/1982,96.39,97.04,96.39,96.69,5006,20071
04/08/1982,96.19,96.69,95.59,96.19,3950,21174
04/12/1982,96.69,97.89,96.54,97.69,4060,20446
04/13/1982,96.89,98.39,96.59,97.79,4630,20008
04/14/1982,96.94,97.44,95.89,96.94,5355,20610
04/15/1982,95.94,96.89,95.74,96.54,3613,20644
04/16/1982,96.19,97.09,96.19,96.64,3676,20270
04/19/1982,96.54,98.04,96.49,97.79,5269,19196
04/20/1982,97.39,97.74,96.74,97.39,4865,19643
04/21/1982,97.59,98.69,97.39,98.29,5751,19145
04/22/1982,97.84,98.39,97.69,97.99,3181,19490
04/23/1982,97.39,97.74,97.09,97.44,2807,19699
04/26/1982,97.19,98.29,97.19,98.24,5221,17958
04/27/1982,97.94,99.34,97.39,98.94,8442,16642
04/28/1982,98.69,99.29,98.44,98.89,5295,15815
04/29/1982,98.69,100.64,98.49,99.89,5486,15465
04/30/1982,99.74,103.09,99.44,102.44,11590,17620
05/03/1982,101.24,102.24,101.24,102.14,7433,18292
05/04/1982,101.09,101.14,99.74,100.74,4053,18131
05/05/1982,100.69,101.34,100.39,100.74,3782,18166
05/06/1982,102.74,102.89,102.14,102.74,3549,17463
05/07/1982,103.09,104.69,102.79,104.24,6524,16539
05/10/1982,103.89,104.19,103.09,103.59,3224,16181
05/11/1982,103.74,103.79,103.39,103.74,3337,15726
05/12/1982,104.59,104.59,103.89,104.09,3081,15092
05/13/1982,103.54,103.59,101.69,102.19,4542,14463
05/14/1982,101.84,102.99,101.74,101.89,3391,14044
05/17/1982,102.79,102.89,100.34,100.69,4055,13584
05/18/1982,100.54,101.74,100.14,100.99,3991,13690
05/19/1982,99.99,100.29,98.69,98.74,7593,13679
05/20/1982,98.24,98.59,97.29,98.14,7555,11602
05/21/1982,100.34,100.84,99.24,100.24,5693,11910
05/24/1982,100.84,101.34,99.94,100.74,3345,11513
05/25/1982,100.34,101.59,100.19,101.39,4405,11459
05/26/1982,100.14,100.49,99.54,99.79,3257,11227
05/27/1982,99.74,99.94,98.94,99.54,3106,11216
05/28/1982,99.09,99.34,97.94,98.04,3346,11478
06/01/1982,98.59,99.34,98.29,98.84,3659,11047
06/02/1982,98.59,99.54,98.39,99.49,4409,11371
06/03/1982,99.54,99.94,99.04,99.09,4810,11507
06/04/1982,99.84,99.89,99.14,99.44,1999,11605
06/07/1982,98.79,99.74,98.69,99.69,5157,11134
06/08/1982,99.19,99.39,97.84,98.24,7722,12552
06/09/1982,97.29,97.84,97.04,97.19,6182,14222
06/10/1982,97.39,97.39,95.79,95.94,9813,17006
06/11/1982,97.39,98.79,96.84,98.49,10661,18946
06/14/1982,96.69,96.89,95.54,96.24,6627,19017
06/15/1982,95.94,96.84,95.34,96.59,6296,17934
06/16/1982,95.19,95.94,94.59,95.69,6139,19175
06/17/1982,94.94,95.04,93.69,93.99,6964,21241
06/18/1982,94.14,95.19,93.69,93.99,6499,21157
06/21/1982,92.29,94.79,92.09,94.39,5288,20193
06/22/1982,93.99,94.89,93.19,93.44,6410,20633
06/23/1982,92.59,94.79,92.44,94.49,5930,19420
06/24/1982,94.39,94.54,92.84,92.94,4700,20671
06/25/1982,92.39,93.29,91.94,91.99,4666,21134
06/28/1982,91.79,93.09,91.64,92.89,4880,20955
06/29/1982,92.99,94.29,92.39,93.84,4384,20089
06/30/1982,93.99,94.69,93.09,93.59,5766,19464
07/01/1982,93.44,94.49,93.14,94.29,2981,19056
07/02/1982,93.59,93.59,92.59,92.69,2116,19162
07/06/1982,92.99,93.04,91.09,91.44,5312,20986
07/07/1982,91.14,91.49,90.44,91.39,4281,21492
07/08/1982,91.04,91.99,90.54,91.74,4267,21115
07/09/1982,92.04,92.89,91.99,92.14,4123,20435
07/12/1982,93.29,93.69,92.69,93.29,6355,17631
07/13/1982,92.84,93.09,91.79,92.89,3584,17120
07/14/1982,92.04,92.54,91.89,91.94,2700,16855
07/15/1982,91.94,92.09,91.19,91.34,3098,17308
07/16/1982,91.04,94.49,90.99,94.24,10357,15204
07/19/1982,93.74,93.84,92.79,93.49,4969,14588
07/20/1982,93.04,93.99,92.54,93.84,5092,15363
07/21/1982,93.59,95.09,93.49,93.74,8406,15363
07/22/1982,93.94,94.14,93.54,93.94,2682,15448
07/23/1982,95.59,96.99,95.09,96.89,9384,15504
07/26/1982,95.09,96.09,95.04,95.49,8372,16171
07/27/1982,94.64,95.14,94.24,94.74,3277,15807
07/28/1982,93.69,94.24,92.24,92.39,7234,14296
07/29/1982,92.89,93.54,91.89,92.44,6147,13060
07/30/1982,92.99,93.59,92.74,93.09,2457,12580
08/02/1982,94.39,94.64,93.79,94.59,2530,12685
08/03/1982,94.49,94.54,93.64,93.74,2298,12637
08/04/1982,92.24,92.54,91.49,91.99,4576,12104
08/05/1982,91.39,91.39,90.14,90.69,8516,13103
08/06/1982,90.04,90.69,89.29,89.39,7570,15214
08/09/1982,88.54,89.99,88.29,89.29,6050,15008
08/10/1982,90.39,90.39,88.74,89.49,4105,15779
08/11/1982,88.64,89.09,88.44,88.89,3769,15795
08/12/1982,88.79,89.89,88.59,89.54,2577,15739
08/13/1982,90.04,90.54,88.49,88.74,2844,15793
08/16/1982,88.89,90.14,88.79,89.39,3834,16175
08/17/1982,88.89,90.49,88.84,90.19,4813,15618
08/18/1982,92.04,92.44,90.79,91.04,9649,14273
08/19/1982,91.04,93.29,90.89,93.09,6004,14307
08/20/1982,93.39,93.59,92.74,93.04,3715,14437
08/23/1982,92.94,94.34,92.79,93.94,5369,14314
08/24/1982,94.49,96.99,94.39,96.24,10415,15953
08/25/1982,95.49,96.14,94.79,94.89,8295,16564
08/26/1982,94.69,95.84,93.54,93.84,7963,16976
08/27/1982,92.89,93.29,91.69,91.79,4764,16285
08/30/1982,91.44,91.74,89.59,89.69,8374,15550
08/31/1982,90.69,91.84,90.24,91.14,6095,15022
09/01/1982,91.09,91.44,90.69,91.14,5575,13430
09/02/1982,92.94,93.04,92.34,92.74,2654,13402
09/03/1982,92.64,92.84,91.69,92.24,2676,13312
09/07/1982,92.34,92.44,91.39,91.54,3270,12741
09/08/1982,91.09,91.64,90.39,91.24,3867,12135
09/09/1982,91.09,91.89,90.89,91.44,5282,11656
09/10/1982,90.19,90.74,89.14,89.49,6519,13080
09/13/1982,89.54,90.14,89.34,89.99,4867,13205
09/14/1982,90.04,90.19,89.49,89.69,3175,10821
09/15/1982,90.54,90.64,89.29,89.59,4348,11289
09/16/1982,89.64,90.64,89.29,90.19,4466,10343
09/17/1982,89.99,90.54,89.74,89.89,1898,10477
09/20/1982,90.34,90.54,89.59,89.84,1948,10037
09/21/1982,90.04,90.24,89.64,90.09,1639,9974
09/22/1982,90.54,91.39,90.24,90.69,6341,11056
09/23/1982,89.99,90.24,89.29,89.44,4513,11253
09/24/1982,89.54,90.04,89.09,89.89,4134,10727
09/27/1982,88.89,89.19,87.69,87.79,6030,13500
09/28/1982,88.19,88.79,87.74,88.69,6318,14653
09/29/1982,88.54,88.84,87.99,88.59,2430,14774
09/30/1982,88.09,88.39,87.84,88.29,2661,15459
10/01/1982,88.34,88.84,87.99,88.49,1669,15569
10/04/1982,87.14,87.64,87.04,87.29,3349,15871
10/05/1982,87.29,88.09,87.24,87.89,2593,15981
10/06/1982,87.94,88.39,87.69,87.74,2907,15655
10/07/1982,88.34,89.99,88.29,89.84,11041,14275
10/08/1982,89.39,90.29,88.74,88.99,6466,13874
10/11/1982,90.44,91.04,89.79,90.94,9244,15943
10/12/1982,90.79,91.54,89.94,90.29,11170,16078
10/13/1982,89.84,90.44,89.54,90.24,4467,15554
10/14/1982,89.44,89.84,89.04,89.24,4026,14785
10/15/1982,89.04,89.64,88.54,89.14,4580,13813
10/18/1982,89.59,89.74,89.04,89.14,2622,13054
10/19/1982,89.39,89.54,87.64,87.84,8930,13996
10/20/1982,88.34,88.39,87.59,87.99,6511,13841
10/21/1982,88.14,88.49,87.99,88.49,2885,13483
10/22/1982,88.54,88.59,87.99,88.19,1717,13411
10/25/1982,86.94,87.04,86.34,86.69,5428,14359
10/26/1982,87.14,87.34,86.64,87.29,3231,14593
10/27/1982,87.19,87.24,86.69,86.84,2225,14809
10/28/1982,86.39,86.74,85.94,86.54,2380,15199
10/29/1982,85.89,86.54,85.84,86.19,2317,15155
11/01/1982,86.29,87.29,86.29,87.09,2753,15125
11/02/1982,86.94,87.29,86.34,86.64,2839,15513
11/03/1982,86.49,86.64,85.79,85.89,3937,16421
11/04/1982,85.34,85.54,84.64,85.19,3478,16717
11/05/1982,85.29,85.34,84.59,84.74,2315,16730
11/08/1982,84.14,84.19,83.44,83.89,2275,17408
11/09/1982,84.34,84.89,84.19,84.64,3587,16885
11/10/1982,85.44,85.44,84.39,84.64,2830,16906
11/11/1982,84.14,84.34,83.69,83.79,2163,16881
11/12/1982,83.54,84.29,83.34,84.19,2566,16447
11/15/1982,81.64,82.09,80.99,81.39,4670,17724
11/16/1982,81.04,81.24,79.94,80.14,5365,18812
11/17/1982,78.09,79.29,78.09,79.19,7883,18018
11/18/1982,78.69,79.49,78.64,79.24,3899,18393
11/19/1982,80.44,81.24,80.04,80.29,8422,18324
11/22/1982,77.74,78.09,77.64,77.84,6823,19558
11/23/1982,77.84,78.89,77.69,78.14,7809,19400
11/24/1982,78.14,78.69,76.79,77.14,7865,20720
11/26/1982,77.79,78.69,77.29,77.64,7622,21130
11/29/1982,79.09,79.54,78.84,79.44,8986,20487
11/30/1982,79.99,81.94,79.79,81.64,10030,20083
12/01/1982,81.84,81.89,80.89,81.34,7322,20603
12/02/1982,81.34,83.14,81.09,83.09,10223,19165
12/03/1982,82.44,82.99,82.09,82.84,9799,19368
12/06/1982,81.39,81.69,79.89,80.34,10846,18857
12/07/1982,81.49,81.84,80.79,81.59,8684,18857
12/08/1982,81.14,81.29,78.84,79.19,7701,20078
12/09/1982,79.94,80.94,79.39,80.69,6893,18865
12/10/1982,80.19,80.39,79.34,79.99,5267,17876
12/13/1982,79.14,79.49,78.74,79.24,4199,17834
12/14/1982,80.24,80.74,79.84,80.14,3739,13970
12/15/1982,79.79,80.04,79.34,80.04,2382,13398
12/16/1982,80.69,81.04,80.14,80.84,3999,14404
12/17/1982,80.54,80.59,78.34,79.09,3596,14760
12/20/1982,79.74,80.24,79.19,79.24,2582,15072
12/21/1982,79.54,79.79,78.39,79.49,2685,15204
12/22/1982,79.34,79.59,78.84,78.99,1407,15356
12/23/1982,78.94,79.14,77.04,77.79,4228,16672
12/27/1982,78.84,79.29,78.29,79.19,3255,17207
12/28/1982,79.74,81.84,79.09,81.54,8103,16379
12/29/1982,80.54,81.49,80.54,81.29,4745,15194
12/30/1982,80.74,80.99,80.09,80.79,2038,15075
12/31/1982,79.89,81.84,79.84,81.79,1443,14854
01/03/1983,80.64,81.94,80.59,81.64,3628,15381
01/04/1983,81.09,81.19,80.34,81.04,3989,15773
01/05/1983,80.74,81.29,80.44,81.04,4073,16161
01/06/1983,79.44,79.69,78.89,78.94,6648,16521
01/07/1983,78.59,79.59,78.54,78.69,5481,17828
01/10/1983,78.49,78.49,76.34,76.39,10520,21001
01/11/1983,75.14,76.74,74.39,76.04,13636,23001
01/12/1983,75.94,76.54,75.39,75.99,6590,22760
01/13/1983,75.44,76.54,75.34,76.29,5694,22455
01/14/1983,76.09,76.74,75.94,76.29,3964,22798
01/17/1983,77.14,77.64,76.74,76.79,6563,22018
01/18/1983,75.74,76.04,75.14,75.59,6060,21996
01/19/1983,75.14,75.89,73.99,74.34,7304,22175
01/20/1983,75.39,77.04,74.84,76.34,9107,20210
01/21/1983,76.04,76.19,74.89,75.39,5137,20473
01/24/1983,72.49,72.99,71.79,72.59,6985,21151
01/25/1983,71.84,72.74,71.64,72.24,6963,20881
01/26/1983,73.24,73.54,72.79,73.19,6648,19789
01/27/1983,72.14,72.59,71.89,71.94,5180,19912
01/28/1983,72.14,72.64,71.94,72.14,4372,19287
01/31/1983,71.54,71.54,70.24,70.64,5677,20803
02/01/1983,70.74,71.39,70.44,70.64,6165,21245
02/02/1983,70.44,70.54,69.49,70.04,6198,22446
02/03/1983,70.84,71.69,70.54,71.04,5852,22054
02/04/1983,70.04,71.09,69.94,70.54,3639,22045
02/07/1983,70.79,72.24,70.74,71.84,5291,21356
02/08/1983,72.59,73.04,72.09,72.24,4675,21416
02/09/1983,72.84,73.34,72.49,72.89,4646,21614
02/10/1983,72.69,73.54,72.54,72.99,3258,21184
02/11/1983,73.29,73.39,71.54,72.04,4206,22133
02/14/1983,72.04,73.14,72.04,72.94,6314,22029
02/15/1983,73.24,73.44,72.54,72.99,4684,21702
02/16/1983,72.44,73.89,72.34,73.24,6993,21611
02/17/1983,73.29,73.39,72.64,73.09,4054,22002
02/18/1983,73.04,73.64,72.79,73.09,3862,21805
02/22/1983,71.09,71.19,70.04,70.14,13542,23701
02/23/1983,69.99,72.09,69.94,70.79,7976,24098
02/24/1983,70.79,71.84,70.59,71.29,7395,23934
02/25/1983,71.24,71.94,71.04,71.24,4942,24081
02/28/1983,70.84,70.89,69.29,69.49,7980,24311
03/01/1983,69.49,69.69,68.79,68.94,7755,24661
03/02/1983,69.44,69.99,69.09,69.64,7079,24549
03/03/1983,69.79,70.74,69.74,70.39,6144,22976
03/04/1983,70.24,70.49,69.24,69.59,6542,24073
03/07/1983,70.14,70.99,69.74,70.09,14808,26342
03/08/1983,69.44,69.54,68.09,68.44,11232,27852
03/09/1983,69.34,69.84,68.84,69.44,10085,27571
03/10/1983,69.79,70.49,69.74,70.14,7657,25922
03/11/1983,68.84,69.39,68.74,69.14,9784,28057
03/14/1983,69.79,71.84,69.59,71.49,10622,25399
03/15/1983,70.59,71.14,70.04,70.39,6594,20836
03/16/1983,69.79,70.54,69.69,70.04,4067,21004
03/17/1983,69.79,70.04,69.19,69.59,4411,21096
03/18/1983,68.19,68.59,67.79,68.04,9198,22802
03/21/1983,67.24,67.29,66.09,66.69,8422,24296
03/22/1983,66.74,66.94,66.24,66.64,3637,23578
03/23/1983,65.19,65.69,65.09,65.59,4297,22711
03/24/1983,65.59,66.09,65.24,65.44,6124,21196
03/25/1983,65.24,65.69,65.04,65.14,2533,21624
03/28/1983,64.54,65.14,64.49,64.89,2348,21395
03/29/1983,64.89,64.94,64.64,64.84,2008,21152
03/30/1983,65.44,66.69,65.39,66.54,5812,20682
03/31/1983,67.54,68.24,67.29,67.94,9905,19495
04/04/1983,68.04,68.64,67.89,68.54,3579,19696
04/05/1983,69.59,70.69,69.29,70.49,12009,18813
04/06/1983,70.94,71.49,70.89,71.24,8573,17869
04/07/1983,70.49,70.59,69.74,70.29,5606,17733
04/08/1983,69.94,70.84,69.64,70.59,4714,18478
04/11/1983,71.89,72.64,71.74,72.49,8871,19979
04/12/1983,72.79,74.09,72.79,73.94,11129,20890
04/13/1983,73.99,74.04,72.89,73.54,7170,21131
04/14/1983,72.99,73.84,72.79,73.64,4766,21780
04/15/1983,73.74,74.59,73.69,74.19,6685,22814
04/18/1983,75.24,75.99,74.94,75.74,7000,23018
04/19/1983,74.89,75.14,74.09,74.59,6852,22315
04/20/1983,74.79,75.04,73.54,74.39,6593,22722
04/21/1983,73.84,74.34,73.69,74.09,4297,23432
04/22/1983,74.14,74.34,73.59,74.04,3956,22859
04/25/1983,75.84,76.39,75.69,76.19,5715,23476
04/26/1983,76.64,76.89,76.09,76.24,7648,24016
04/27/1983,76.29,76.39,75.74,76.19,4086,24187
04/28/1983,75.04,75.59,74.99,75.54,3636,23981
04/29/1983,75.59,75.89,75.14,75.84,2396,24032
05/02/1983,76.19,77.09,76.14,76.59,4677,24274
05/03/1983,77.49,77.94,77.14,77.84,6147,25976
05/04/1983,77.79,77.94,77.04,77.19,5825,26391
05/05/1983,76.84,77.79,76.84,77.14,4492,26583
05/06/1983,76.99,78.09,76.94,77.89,5202,26685
05/09/1983,77.69,77.74,76.04,76.34,11738,25249
05/10/1983,75.69,76.34,75.64,76.19,7081,24805
05/11/1983,76.34,76.84,76.14,76.19,5633,25007
05/12/1983,76.39,76.59,76.04,76.19,4794,25155
05/13/1983,75.84,76.44,75.79,76.34,6119,24652
05/16/1983,75.69,75.74,75.19,75.64,7781,23983
05/17/1983,74.84,75.44,74.64,75.34,6528,22856
05/18/1983,75.69,75.79,75.14,75.19,6429,23020
05/19/1983,75.04,75.24,74.69,74.94,3419,22426
05/20/1983,75.44,75.69,74.99,75.09,4009,22001
05/23/1983,75.04,76.59,74.79,76.54,14108,24415
05/24/1983,76.59,77.04,76.24,76.54,16590,25856
05/25/1983,78.04,78.59,77.79,78.29,14368,29200
05/26/1983,79.09,80.09,78.84,79.89,15001,31217
05/27/1983,79.94,80.29,79.29,80.09,9654,32876
05/31/1983,80.49,80.59,79.54,79.89,12179,32900
06/01/1983,78.84,79.09,78.29,78.54,11498,31519
06/02/1983,78.34,78.34,77.59,77.94,9988,31241
06/03/1983,75.69,76.34,74.89,75.34,17678,27702
06/06/1983,78.09,78.19,77.04,77.24,10624,26296
06/07/1983,76.59,77.29,76.49,77.09,9691,26357
06/08/1983,76.99,77.14,76.34,76.84,8636,26252
06/09/1983,77.69,78.69,77.39,78.59,11689,28670
06/10/1983,77.64,77.69,76.09,76.29,13206,28982
06/13/1983,75.44,75.54,74.29,74.49,14489,27450
06/14/1983,72.94,73.19,71.79,71.89,14174,21589
06/15/1983,71.34,72.29,70.99,71.49,11538,20698
06/16/1983,72.69,72.99,71.94,72.24,7345,20750
06/17/1983,72.54,72.79,71.79,72.54,4456,20674
06/20/1983,73.14,73.24,72.44,72.79,4460,20732
06/21/1983,72.69,73.04,72.09,72.84,3716,20552
06/22/1983,72.69,73.04,72.54,72.64,4215,20163
06/23/1983,73.29,74.29,73.29,73.54,7499,20172
06/24/1983,74.49,74.99,73.79,74.29,6671,20989
06/27/1983,74.39,74.39,72.64,72.89,6878,20856
06/28/1983,72.34,73.14,71.79,71.94,8497,20386
06/29/1983,72.64,72.94,72.09,72.59,5546,19981
06/30/1983,72.64,73.39,72.24,72.49,5443,21098
07/01/1983,73.09,73.29,72.69,73.24,1774,21202
07/05/1983,72.74,73.09,72.39,72.84,5109,21198
07/06/1983,73.54,73.84,73.49,73.79,5454,21448
07/07/1983,74.24,74.54,73.34,74.44,8461,22175
07/08/1983,73.69,74.49,73.34,74.24,5514,22569
07/11/1983,73.49,73.79,72.99,73.39,5154,22117
07/12/1983,72.59,73.24,72.44,73.14,5914,21938
07/13/1983,72.69,73.09,72.59,72.64,5655,21595
07/14/1983,72.69,72.94,71.64,71.94,8259,22282
07/15/1983,71.34,71.59,71.09,71.34,7663,24250
07/18/1983,72.14,72.14,71.59,71.94,3369,24436
07/19/1983,71.99,71.99,71.34,71.64,4265,25133
07/20/1983,72.19,72.69,72.09,72.39,5952,24878
07/21/1983,72.64,72.84,71.99,72.09,5427,24899
07/22/1983,72.14,72.39,71.59,72.34,2933,24757
07/25/1983,71.34,72.14,71.24,72.09,4733,23629
07/26/1983,72.69,72.79,72.19,72.64,5801,23140
07/27/1983,72.49,73.09,72.24,72.49,6487,22927
07/28/1983,72.49,72.69,72.19,72.49,4489,22169
07/29/1983,71.74,72.09,70.79,71.14,7473,22643
08/01/1983,71.19,71.39,69.94,70.59,7413,22083
08/02/1983,70.84,71.09,70.39,71.04,4340,22469
08/03/1983,70.04,70.79,69.89,70.59,4424,22683
08/04/1983,68.84,68.89,68.29,68.64,4803,22717
08/05/1983,67.69,69.49,67.59,68.84,6013,23030
08/08/1983,68.59,69.59,68.14,69.44,5675,23733
08/09/1983,69.29,69.39,68.64,68.84,3966,23997
08/10/1983,68.29,68.34,67.54,67.99,9067,22632
08/11/1983,67.69,67.89,67.39,67.59,6189,22154
08/12/1983,67.69,68.29,67.69,68.14,5886,21597
08/15/1983,68.89,69.64,68.39,69.44,7954,22557
08/16/1983,69.99,70.84,69.79,70.39,7303,23167
08/17/1983,70.69,71.74,70.59,71.64,10521,24124
08/18/1983,71.74,72.59,71.44,72.24,9959,24214
08/19/1983,71.59,72.29,70.99,71.24,7657,24835
08/22/1983,72.34,72.94,72.24,72.84,7739,25428
08/23/1983,73.14,73.49,72.09,72.39,10019,25435
08/24/1983,71.89,72.24,71.44,71.49,5769,25658
08/25/1983,70.74,70.89,69.64,69.94,8714,24898
08/26/1983,69.94,70.39,69.19,69.94,8769,24305
08/29/1983,69.29,70.14,69.09,69.89,4294,23784
08/30/1983,69.24,69.89,69.09,69.29,5439,23500
08/31/1983,68.89,69.89,68.79,69.34,5677,23505
09/01/1983,69.84,69.99,69.39,69.44,4692,23122
09/02/1983,69.14,69.39,69.09,69.29,2680,23180
09/06/1983,69.94,69.94,69.29,69.29,3892,22698
09/07/1983,69.04,69.14,68.29,68.44,9162,22486
09/08/1983,68.99,69.09,68.69,68.79,2956,22794
09/09/1983,69.19,69.49,68.89,68.99,4064,22413
09/12/1983,70.29,70.29,69.09,69.34,7385,21751
09/13/1983,69.04,69.24,68.79,69.04,4688,21575
09/14/1983,68.84,69.24,68.44,69.04,7252,21110
09/15/1983,68.89,69.59,68.84,69.49,4419,21268
09/16/1983,69.59,70.04,69.29,69.79,5687,20754
09/19/1983,69.69,71.19,69.64,71.14,5449,21214
09/20/1983,70.69,70.89,69.89,69.99,4611,16909
09/21/1983,70.24,70.39,69.59,69.64,4962,17412
09/22/1983,69.89,69.89,69.14,69.74,6078,18219
09/23/1983,69.54,69.99,69.49,69.64,3431,18098
09/26/1983,69.89,70.09,69.69,69.89,3515,18167
09/27/1983,69.04,69.49,69.04,69.24,5778,18177
09/28/1983,69.34,69.79,69.29,69.74,5163,18055
09/29/1983,69.29,69.79,68.69,68.99,8161,19268
09/30/1983,68.99,69.59,68.74,68.94,4651,19180
10/03/1983,68.39,68.54,67.09,67.19,16071,23888
10/04/1983,67.14,67.54,66.79,67.19,8681,24669
10/05/1983,68.14,68.99,67.89,68.64,8674,24292
10/06/1983,68.69,70.39,68.54,69.84,15812,20152
10/07/1983,69.69,71.39,69.64,71.29,13808,20094
10/10/1983,71.34,71.54,70.54,71.49,12135,22001
10/11/1983,70.89,70.99,69.64,70.09,8157,21861
10/12/1983,69.49,70.14,69.44,69.69,4340,21464
10/13/1983,69.94,69.99,69.04,69.24,5955,21421
10/14/1983,68.99,70.29,68.94,69.84,3902,21503
10/17/1983,69.89,70.09,69.39,69.89,2750,21284
10/18/1983,69.74,69.89,69.39,69.69,3630,21428
10/19/1983,69.29,69.84,69.24,69.44,3562,21251
10/20/1983,69.39,69.59,69.04,69.44,3410,20554
10/21/1983,69.69,69.94,69.64,69.79,2152,20424
10/24/1983,69.34,69.69,69.14,69.64,2930,20515
10/25/1983,69.54,69.59,69.04,69.24,2060,19907
10/26/1983,69.34,69.54,69.09,69.34,1348,20005
10/27/1983,68.69,69.09,68.54,69.04,5652,18982
10/28/1983,68.94,69.34,68.89,69.19,1843,18645
10/31/1983,69.04,69.24,68.74,68.79,2990,18633
11/01/1983,68.89,69.04,67.69,68.04,7311,18990
11/02/1983,67.89,68.69,67.84,68.44,5840,18700
11/03/1983,68.39,68.64,68.19,68.44,1982,18294
11/04/1983,68.19,68.64,67.99,68.44,3102,18324
11/07/1983,68.04,68.29,67.89,68.09,2945,18572
11/08/1983,67.89,68.19,67.64,68.04,3149,18081
11/09/1983,67.94,68.39,67.89,68.24,2351,18017
11/10/1983,68.19,68.79,68.14,68.54,4635,18411
11/11/1983,68.39,68.49,67.94,68.14,2767,18701
11/14/1983,68.49,68.59,67.79,67.99,4185,18272
11/15/1983,67.94,68.24,67.84,68.04,1835,18282
11/16/1983,68.14,68.24,67.59,67.84,3204,18135
11/17/1983,67.59,67.69,67.24,67.54,5569,19304
11/18/1983,67.29,67.29,66.19,66.29,14715,21752
11/21/1983,66.29,66.49,65.79,66.29,6281,21719
11/22/1983,66.64,67.19,66.34,66.89,4997,21864
11/23/1983,66.64,66.69,66.14,66.24,3538,21744
11/28/1983,65.44,65.79,65.19,65.29,6827,22836
11/29/1983,65.14,65.74,64.99,65.64,4216,22352
11/30/1983,65.94,66.39,65.54,65.89,9288,23105
12/01/1983,65.74,65.79,65.04,65.24,5952,23380
12/02/1983,65.24,65.84,64.84,65.64,6060,23478
12/05/1983,64.84,64.94,63.89,64.34,10234,23298
12/06/1983,64.14,65.19,64.09,64.69,7760,24259
12/07/1983,64.29,64.44,63.14,63.49,8934,25829
12/08/1983,63.64,63.94,63.44,63.54,4747,25746
12/09/1983,63.09,63.34,62.99,63.14,4700,25701
12/12/1983,62.99,63.09,62.09,62.14,7274,25483
12/13/1983,62.19,62.24,60.99,61.24,6910,25684
12/14/1983,60.69,62.09,60.59,61.79,9699,25802
12/15/1983,62.09,62.29,61.29,61.64,7548,25416
12/16/1983,61.14,61.54,60.94,61.34,4144,25002
12/19/1983,61.49,61.84,61.29,61.74,2696,23684
12/20/1983,61.64,61.74,61.39,61.59,1599,17457
12/21/1983,61.59,62.44,61.59,61.99,3102,17130
12/22/1983,62.39,62.89,62.14,62.79,2950,17509
12/23/1983,62.44,63.44,62.44,63.29,1172,17561
12/27/1983,62.69,63.39,62.69,63.09,1955,17953
12/28/1983,63.14,63.34,62.99,63.09,2017,17285
12/29/1983,64.59,65.04,64.09,64.89,6212,16517
12/30/1983,64.64,65.79,64.19,65.54,2519,16967
01/03/1984,62.74,63.09,62.04,62.19,10978,17204
01/04/1984,60.84,61.64,60.79,61.19,5893,17308
01/05/1984,60.74,60.94,60.34,60.54,4898,17769
01/06/1984,60.24,60.69,59.94,59.99,5478,18462
01/09/1984,59.04,59.89,58.49,58.64,6559,18982
01/10/1984,59.94,60.19,59.29,59.34,4422,18977
01/11/1984,59.34,59.54,58.69,58.89,4781,20367
01/12/1984,58.94,59.99,58.89,59.64,4378,20626
01/13/1984,59.49,60.99,59.49,60.54,5676,20583
01/16/1984,60.49,61.99,60.49,61.74,8798,20161
01/17/1984,61.99,62.04,59.94,60.19,7794,20265
01/18/1984,60.44,61.04,59.89,60.59,6299,20314
01/19/1984,61.09,61.69,60.79,61.24,4000,19922
01/20/1984,60.79,60.79,59.29,59.64,5971,20122
01/23/1984,59.84,60.39,59.54,59.64,4891,20517
01/24/1984,59.34,59.69,58.79,59.39,6857,20539
01/25/1984,59.69,60.04,59.39,59.99,3465,20663
01/26/1984,59.99,60.44,59.59,59.84,4236,20383
01/27/1984,59.84,60.09,59.39,59.89,2975,20617
01/30/1984,60.09,60.29,59.79,60.04,3880,20978
01/31/1984,59.59,59.89,59.29,59.69,4681,20972
02/01/1984,60.24,60.54,59.99,60.29,5343,21269
02/02/1984,61.34,61.94,60.99,61.89,9381,21057
02/03/1984,61.94,62.99,61.59,62.79,10683,21492
02/06/1984,61.59,62.24,61.19,61.24,7746,22127
02/07/1984,60.69,60.99,59.99,60.04,5588,21399
02/08/1984,61.04,61.39,60.49,61.04,4333,21036
02/09/1984,61.79,61.84,60.59,60.94,5450,21234
02/10/1984,60.79,61.64,60.54,60.99,4119,21164
02/13/1984,61.19,61.64,61.09,61.29,1987,21242
02/14/1984,60.79,63.29,60.79,62.99,10759,23491
02/15/1984,63.09,64.09,62.89,63.34,10928,24205
02/16/1984,63.94,64.19,63.44,63.99,6902,24157
02/17/1984,63.79,64.69,63.74,64.49,7127,24673
02/21/1984,63.94,64.24,63.19,63.84,5177,25120
02/22/1984,64.44,64.99,64.39,64.49,6210,25604
02/23/1984,65.69,65.99,64.44,65.34,9528,25447
02/24/1984,65.94,66.99,65.69,66.89,11684,26925
02/27/1984,66.14,67.24,65.84,67.14,9169,28432
02/28/1984,68.64,69.04,67.74,68.14,11164,27951
02/29/1984,68.54,68.89,67.79,68.14,8566,27563
03/01/1984,67.84,67.99,66.79,67.59,10777,27962
03/02/1984,67.59,68.04,67.29,67.64,7934,29689
03/05/1984,68.14,68.19,67.19,68.04,8850,29791
03/06/1984,67.74,67.99,67.29,67.89,7234,30257
03/07/1984,67.74,67.79,66.44,66.84,10066,28879
03/08/1984,65.94,66.49,64.94,66.19,13043,29651
03/09/1984,65.69,66.24,64.94,65.69,7084,29675
03/12/1984,64.39,65.59,64.29,65.09,9775,29363
03/13/1984,65.59,66.74,65.39,66.49,6525,29602
03/14/1984,66.84,67.24,65.14,65.64,7863,29955
03/15/1984,65.14,65.94,64.84,65.19,5135,29234
03/16/1984,63.84,64.24,63.69,63.89,4828,28412
03/19/1984,63.44,63.94,63.14,63.19,6061,27253
03/20/1984,63.04,63.74,62.99,63.34,5593,19461
03/21/1984,62.24,62.89,62.09,62.44,6605,20067
03/22/1984,62.29,62.64,62.09,62.24,5295,19538
03/23/1984,62.74,63.34,62.54,62.89,4294,19030
03/26/1984,63.74,64.54,63.49,64.04,3309,19309
03/27/1984,64.29,64.99,63.69,63.94,4044,19049
03/28/1984,63.74,64.29,63.59,64.14,4396,18664
03/29/1984,64.54,64.64,63.79,64.04,3503,18163
03/30/1984,63.34,63.74,62.94,63.39,4604,17939
04/02/1984,63.29,63.44,62.09,62.14,6743,19545
04/03/1984,62.19,62.74,61.94,62.54,5220,19480
04/04/1984,62.29,63.14,62.14,63.04,4308,19493
04/05/1984,63.04,63.04,61.44,61.49,5637,19495
04/06/1984,61.59,62.49,61.59,62.09,4398,19708
04/09/1984,62.54,62.94,61.54,61.94,4594,19816
04/10/1984,62.24,63.34,62.19,63.14,5408,20095
04/11/1984,63.14,63.74,62.59,62.69,6433,19859
04/12/1984,63.19,63.24,61.89,62.34,4001,19669
04/13/1984,62.19,62.39,61.84,62.04,2516,19992
04/16/1984,61.64,61.69,60.94,61.24,6864,20947
04/17/1984,61.54,61.69,61.14,61.54,2754,21361
04/18/1984,61.14,61.34,60.89,61.24,3412,20965
04/19/1984,61.24,61.54,60.84,61.09,2930,20335
04/23/1984,60.74,61.04,60.44,60.79,2458,20286
04/24/1984,60.64,60.79,59.79,59.89,4619,20330
04/25/1984,60.39,60.59,60.19,60.39,4799,20302
04/26/1984,59.99,59.99,59.34,59.59,4106,20484
04/27/1984,59.49,59.94,58.99,59.24,3377,20089
04/30/1984,58.94,59.14,58.64,59.14,4661,20035
05/01/1984,58.74,59.49,58.54,59.24,3516,19651
05/02/1984,58.84,59.49,58.79,59.19,4341,19625
05/03/1984,59.44,61.34,59.34,60.89,7863,18971
05/04/1984,60.29,60.54,59.14,59.29,5532,19417
05/07/1984,58.44,58.59,57.39,57.54,7181,20088
05/08/1984,57.89,58.04,56.89,57.54,8397,20608
05/09/1984,56.99,58.24,56.89,57.14,7172,20386
05/10/1984,57.19,57.84,56.79,57.39,5242,20244
05/11/1984,57.39,57.89,56.79,57.14,5093,20496
05/14/1984,57.64,58.29,57.59,57.94,5679,19496
05/15/1984,57.64,58.39,57.34,58.19,4608,19389
05/16/1984,58.59,59.09,58.19,58.94,5313,19231
05/17/1984,58.54,58.89,58.14,58.44,4835,18831
05/18/1984,57.59,57.94,57.59,57.79,2199,18460
05/21/1984,58.29,58.54,57.89,57.99,3927,18383
05/22/1984,57.99,58.19,57.29,57.69,4651,18431
05/23/1984,57.64,57.94,56.49,56.69,5861,18503
05/24/1984,56.49,57.44,56.04,56.99,8436,17775
05/25/1984,57.29,57.69,57.14,57.19,3729,17583
05/29/1984,56.94,58.09,56.94,57.64,3536,18133
05/30/1984,57.39,57.94,57.04,57.39,5600,17796
05/31/1984,57.44,57.84,57.29,57.49,2488,17876
06/01/1984,58.54,59.54,58.24,59.19,9787,17853
06/04/1984,59.39,59.49,58.49,59.04,6785,18067
06/05/1984,58.84,58.89,57.89,58.14,4636,17795
06/06/1984,58.54,59.04,58.39,58.49,4614,17342
06/07/1984,58.79,58.84,57.94,58.24,4463,17135
06/08/1984,58.09,58.49,57.89,58.34,3699,16853
06/11/1984,58.34,58.39,57.29,57.44,4152,16796
06/12/1984,57.19,57.54,56.64,56.89,5881,17017
06/13/1984,57.29,57.54,56.89,57.04,6495,17022
06/14/1984,57.29,57.44,56.94,56.99,3393,16724
06/15/1984,56.54,56.69,56.14,56.49,4640,16927
06/18/1984,56.34,56.44,56.04,56.39,3291,16626
06/19/1984,56.09,56.59,56.04,56.39,2140,11482
06/20/1984,56.09,56.19,54.69,55.09,5076,11815
06/21/1984,54.64,55.74,54.59,55.14,3799,12057
06/22/1984,55.04,55.44,54.94,55.19,1943,12217
06/25/1984,53.94,54.04,53.39,53.49,3287,12935
06/26/1984,54.14,54.54,53.89,54.39,2653,12717
06/27/1984,54.09,54.09,53.04,53.59,4780,13332
06/28/1984,53.04,54.19,52.99,53.74,3295,13170
06/29/1984,54.04,54.54,53.94,54.39,2508,13072
07/02/1984,53.44,53.89,53.29,53.89,1721,13138
07/03/1984,52.54,52.74,51.94,51.99,3305,13381
07/05/1984,50.89,51.34,49.64,49.79,5823,12496
07/06/1984,50.89,50.89,49.74,49.99,4321,13371
07/09/1984,49.19,49.74,48.54,49.64,5240,14009
07/10/1984,49.14,49.49,48.19,48.34,6858,14682
07/11/1984,48.69,49.84,48.54,48.89,7125,14237
07/12/1984,48.34,49.04,48.14,48.29,4960,14424
07/13/1984,49.54,50.54,49.49,50.09,5279,13154
07/16/1984,50.29,50.79,49.99,50.54,4154,13303
07/17/1984,50.19,50.29,49.34,49.54,3867,13363
07/18/1984,49.19,49.59,48.84,49.54,4062,12967
07/19/1984,49.59,50.89,49.54,50.39,5364,13044
07/20/1984,50.04,50.44,49.99,50.29,3523,12863
07/23/1984,49.74,49.94,49.39,49.84,3562,13105
07/24/1984,49.94,50.49,49.74,50.04,4353,13640
07/25/1984,50.24,51.44,50.24,50.99,5997,14268
07/26/1984,51.19,51.24,48.54,48.69,6722,14485
07/27/1984,49.34,49.44,48.49,49.19,6039,14939
07/30/1984,48.44,48.84,48.14,48.19,5332,15379
07/31/1984,48.39,48.99,47.94,48.09,4730,15710
08/01/1984,47.84,48.54,47.49,48.44,6052,15727
08/02/1984,48.44,50.24,48.39,49.04,6330,14886
08/03/1984,50.39,51.44,49.94,51.19,7554,14765
08/06/1984,50.59,50.59,49.14,49.29,5586,14817
08/07/1984,48.34,48.94,48.19,48.44,6541,14361
08/08/1984,48.44,49.59,48.44,49.19,4288,14042
08/09/1984,48.99,49.99,48.79,49.84,3172,13675
08/10/1984,49.89,49.99,48.49,48.59,3662,13792
08/13/1984,48.59,50.34,48.29,49.99,5568,13751
08/14/1984,49.74,50.74,49.69,50.14,6549,14150
08/15/1984,50.24,51.39,49.84,51.29,5361,14460
08/16/1984,50.49,51.04,50.09,50.39,4716,14465
08/17/1984,49.94,50.49,49.79,50.29,3315,14421
08/20/1984,49.84,50.14,49.54,49.64,3863,14119
08/21/1984,49.24,49.44,48.69,48.94,4075,14535
08/22/1984,49.04,49.84,48.59,49.64,6015,14750
08/23/1984,48.84,49.44,48.69,48.84,4339,14879
08/24/1984,48.59,48.94,48.24,48.69,4446,15063
08/27/1984,48.44,49.19,48.14,48.89,5040,14840
08/28/1984,48.79,49.24,48.79,48.89,3195,14519
08/29/1984,49.04,49.79,48.99,49.39,8148,14978
08/30/1984,49.04,49.24,48.74,48.99,2245,15213
08/31/1984,48.99,48.99,48.59,48.69,1608,15105
09/04/1984,47.24,47.39,46.54,46.54,12257,16671
09/05/1984,46.39,46.49,45.89,46.19,6740,17262
09/06/1984,46.19,46.84,46.14,46.74,5532,18040
09/07/1984,45.59,45.84,44.94,45.09,5230,18896
09/10/1984,45.29,45.99,45.19,45.24,6409,19065
09/11/1984,45.34,45.84,45.29,45.59,6113,19969
09/12/1984,45.84,46.09,45.24,45.39,6075,19714
09/13/1984,44.94,45.19,44.49,44.79,4136,19408
09/14/1984,45.09,45.24,44.19,44.19,6270,19516
09/17/1984,43.04,43.19,40.74,40.99,5654,19434
09/18/1984,39.59,41.39,39.49,41.19,7181,13949
09/19/1984,41.49,41.89,40.84,41.39,4012,14890
09/20/1984,41.49,41.49,39.39,39.59,4878,15372
09/21/1984,38.99,43.84,38.99,42.69,12216,16216
09/24/1984,43.54,43.79,41.74,42.14,7005,17114
09/25/1984,40.99,41.59,40.84,41.29,4796,15512
09/26/1984,40.69,43.09,40.29,42.49,6267,15604
09/27/1984,42.19,42.74,41.74,42.44,3649,15472
09/28/1984,42.59,42.59,40.99,41.34,3129,15473
10/01/1984,41.99,42.24,41.39,41.69,4328,14845
10/02/1984,41.84,42.79,41.54,42.69,3116,14653
10/03/1984,42.79,43.19,41.54,41.84,4709,15307
10/04/1984,41.84,42.64,41.74,42.49,3272,15567
10/05/1984,42.04,42.19,41.04,41.59,4617,15545
10/08/1984,41.59,41.99,41.14,41.39,1954,15332
10/09/1984,40.74,41.24,40.09,40.14,5027,16410
10/10/1984,40.09,41.04,39.89,40.44,4653,15960
10/11/1984,40.04,40.69,39.89,39.89,3247,16020
10/12/1984,40.29,40.74,39.84,40.14,4207,16029
10/15/1984,38.54,38.89,38.24,38.54,4228,16354
10/16/1984,37.99,38.09,37.39,37.64,5460,17159
10/17/1984,38.54,38.64,36.44,36.74,8986,18402
10/18/1984,36.09,37.14,35.94,36.29,10824,19750
10/19/1984,37.39,37.79,36.39,36.89,9259,20143
10/22/1984,37.04,37.84,36.89,37.29,4956,19609
10/23/1984,38.09,39.34,37.74,39.24,7261,19544
10/24/1984,39.44,40.14,39.24,39.89,7259,18493
10/25/1984,39.84,40.39,39.29,40.29,4541,18661
10/26/1984,39.44,39.79,39.19,39.59,3717,18539
10/29/1984,38.44,38.59,37.84,37.94,4670,18963
10/30/1984,38.39,39.14,38.29,38.74,4277,18875
10/31/1984,39.14,40.09,38.94,40.04,4529,18921
11/01/1984,39.54,41.19,39.54,41.14,5662,18555
11/02/1984,42.89,43.34,42.14,43.24,9357,18741
11/05/1984,43.99,44.74,43.34,44.39,16313,19615
11/06/1984,43.49,44.09,43.49,43.84,6463,20290
11/07/1984,45.14,45.69,44.54,45.54,7206,20208
11/08/1984,44.14,44.64,43.94,44.49,6616,20619
11/09/1984,43.09,44.14,43.09,43.49,5040,20614
11/12/1984,43.99,44.44,43.59,44.14,3172,20494
11/13/1984,45.14,45.34,44.04,44.34,7748,20337
11/14/1984,44.24,44.24,43.29,43.79,7123,20008
11/15/1984,43.59,43.94,43.39,43.54,6776,19768
11/16/1984,43.54,43.84,42.79,42.84,5837,19805
11/19/1984,42.84,43.04,42.19,42.54,5756,19755
11/20/1984,42.54,42.54,41.24,41.39,7312,19527
11/21/1984,40.59,41.04,39.49,40.59,8000,20266
11/23/1984,39.84,39.94,38.64,38.79,7335,21034
11/26/1984,37.94,38.04,37.09,37.59,15240,22296
11/27/1984,38.14,38.59,37.24,37.69,11971,22796
11/28/1984,37.24,38.14,36.89,37.64,10788,21824
11/29/1984,37.74,38.04,37.04,37.59,7186,21478
11/30/1984,37.54,38.04,36.74,36.84,9278,21701
12/03/1984,36.54,37.84,36.49,37.74,9816,21116
12/04/1984,37.74,39.04,37.64,38.59,9648,21122
12/05/1984,38.74,38.89,37.34,37.54,8440,20305
12/06/1984,37.99,38.69,37.74,38.39,6810,21179
12/07/1984,37.99,37.99,37.94,37.94,6119,20575
12/10/1984,37.84,38.29,37.54,37.74,3548,20140
12/11/1984,37.84,38.04,37.24,37.49,8580,20649
12/12/1984,37.14,37.64,36.94,37.24,5556,20705
12/13/1984,37.14,37.24,36.24,36.39,8447,22593
12/14/1984,36.34,37.54,36.19,36.94,8433,22145
12/17/1984,36.54,36.69,35.89,36.14,5840,23171
12/18/1984,35.54,36.24,35.54,36.14,4970,14477
12/19/1984,34.84,35.09,33.94,34.04,5862,15310
12/20/1984,34.04,35.04,33.54,34.14,6120,15066
12/21/1984,34.14,35.04,34.09,34.39,3306,14571
12/24/1984,34.64,34.69,33.54,33.64,1174,14676
12/26/1984,34.09,34.64,33.89,34.04,878,14860
12/27/1984,34.14,34.14,33.29,33.49,3098,15716
12/28/1984,33.94,34.04,33.44,33.99,2297,15576
12/31/1984,33.14,33.44,32.89,33.04,2145,15594
01/02/1985,31.69,32.24,31.49,31.79,6691,16386
01/03/1985,32.24,32.64,31.74,32.34,6721,16377
01/04/1985,32.59,33.14,32.14,32.34,7927,18355
01/07/1985,31.64,32.74,31.29,32.49,9719,17569
01/08/1985,32.79,32.94,31.19,31.24,9181,18723
01/09/1985,31.24,31.84,31.14,31.64,8023,18115
01/10/1985,30.84,31.14,30.34,30.44,10378,18803
01/11/1985,29.84,30.34,29.14,29.24,9104,19562
01/14/1985,29.74,29.99,27.74,28.09,13771,20009
01/15/1985,28.54,29.19,28.24,28.84,11570,19366
01/16/1985,29.04,29.44,28.49,28.59,8768,19606
01/17/1985,28.94,29.24,28.64,29.14,6679,19721
01/18/1985,29.19,29.84,28.79,29.74,8483,19113
01/21/1985,29.44,29.79,29.24,29.59,3240,19354
01/22/1985,29.44,29.74,29.09,29.39,6781,20529
01/23/1985,28.69,28.74,27.74,28.19,8217,19884
01/24/1985,28.49,29.29,28.24,28.74,7613,19978
01/25/1985,28.84,28.99,27.49,27.79,8653,20918
01/28/1985,28.04,28.64,27.74,28.44,9705,22412
01/29/1985,28.59,28.74,28.14,28.44,9579,21519
01/30/1985,29.29,30.44,29.04,30.24,13939,21914
01/31/1985,30.04,30.39,29.34,29.59,7113,22230
02/01/1985,29.84,30.14,28.89,29.09,8502,21823
02/04/1985,28.84,28.89,28.24,28.69,6713,22069
02/05/1985,28.24,28.64,27.89,28.49,5702,22139
02/06/1985,28.19,28.54,28.09,28.19,5030,21975
02/07/1985,28.64,28.84,28.09,28.29,5337,21604
02/08/1985,28.74,28.94,26.94,27.19,12207,22792
02/11/1985,27.64,27.69,26.14,26.84,13843,22778
02/12/1985,26.39,26.64,25.49,25.94,9389,23338
02/13/1985,25.84,26.24,25.49,26.04,7486,23294
02/14/1985,26.54,27.04,26.14,26.74,7016,22864
02/15/1985,27.49,28.09,27.24,27.94,7464,23335
02/19/1985,26.29,26.89,26.14,26.54,5625,23674
02/20/1985,26.49,26.49,25.74,26.14,8207,23358
02/21/1985,25.94,26.19,25.29,25.89,8201,23887
02/22/1985,24.84,25.34,24.54,24.69,6977,23802
02/25/1985,23.64,23.99,22.44,22.64,11548,25264
02/26/1985,21.14,24.44,21.09,23.94,14363,24307
02/27/1985,26.89,27.24,25.79,26.84,15488,24131
02/28/1985,26.34,26.79,24.59,24.94,11083,23911
03/01/1985,24.44,24.94,24.24,24.59,8362,23965
03/04/1985,24.49,24.84,24.04,24.74,9377,24240
03/05/1985,23.29,23.79,22.64,23.09,10994,25771
03/06/1985,23.19,24.94,22.74,24.59,11826,24768
03/07/1985,23.99,24.64,23.69,23.99,9526,25902
03/08/1985,23.84,24.84,23.84,24.14,7359,26169
03/11/1985,25.74,26.94,25.54,26.69,15121,26532
03/12/1985,25.69,26.64,25.29,26.19,10309,26405
03/13/1985,26.24,26.99,25.29,26.04,13393,27213
03/14/1985,25.49,25.94,25.19,25.34,6874,27124
03/15/1985,25.09,26.64,25.04,25.64,9805,26849
03/18/1985,27.04,29.34,26.94,29.14,14814,28314
03/19/1985,31.64,33.49,30.69,33.29,23122,20801
03/20/1985,31.89,33.09,31.34,31.99,11913,21374
03/21/1985,33.29,36.89,33.29,36.04,12586,22253
03/22/1985,35.19,35.29,34.19,34.99,7894,22536
03/25/1985,34.39,34.89,34.24,34.79,7595,24579
03/26/1985,34.99,36.09,34.94,35.59,7448,25983
03/27/1985,39.49,41.69,38.99,41.04,13729,26845
03/28/1985,40.39,41.09,38.24,40.39,13252,27982
03/29/1985,41.89,42.19,40.39,41.79,12013,29487
04/01/1985,39.54,40.34,39.44,40.04,7944,29250
04/02/1985,38.59,40.04,37.94,39.94,9130,29485
04/03/1985,39.49,40.24,38.09,38.24,10314,29327
04/04/1985,38.14,38.29,36.64,37.94,10292,29242
04/08/1985,36.59,38.99,36.59,38.89,6672,29979
04/09/1985,38.29,39.34,37.29,38.49,11099,29254
04/10/1985,38.64,40.04,38.64,39.64,9950,30351
04/11/1985,41.59,43.59,41.59,43.49,15573,31134
04/12/1985,43.09,43.59,42.34,43.04,10730,31288
04/15/1985,45.49,45.99,44.99,45.29,11177,31356
04/16/1985,46.09,46.24,44.69,45.64,11213,30901
04/17/1985,45.39,46.04,44.64,45.04,8988,31323
04/18/1985,44.59,47.84,44.59,47.44,10840,31929
04/19/1985,47.09,47.39,46.79,47.09,5624,31837
04/22/1985,46.39,46.69,44.79,45.04,10367,31925
04/23/1985,45.34,46.04,41.39,42.29,16677,31690
04/24/1985,40.44,41.34,39.79,40.74,13103,31838
04/25/1985,39.04,39.69,37.84,39.04,12300,31436
04/26/1985,38.49,40.04,38.34,39.39,7007,31516
04/29/1985,41.29,42.59,40.29,42.54,13540,31701
04/30/1985,42.34,43.14,40.99,41.04,13074,31486
05/01/1985,40.49,40.99,39.59,40.84,11515,32210
05/02/1985,39.09,40.29,38.74,39.74,12959,32862
05/03/1985,38.64,39.54,37.09,37.39,16805,34473
05/06/1985,36.49,37.09,35.49,36.04,16796,34326
05/07/1985,38.49,40.64,38.34,40.59,18908,34033
05/08/1985,38.99,39.74,38.49,38.79,9913,34779
05/09/1985,41.59,42.19,41.14,41.44,10475,34394
05/10/1985,41.39,42.09,40.94,42.04,7046,35054
05/13/1985,43.09,44.09,42.69,43.94,11532,36405
05/14/1985,44.29,45.69,43.34,44.64,15042,36578
05/15/1985,43.94,45.19,43.79,44.74,10212,37374
05/16/1985,42.94,44.59,42.94,44.49,9284,39336
05/17/1985,44.44,45.19,44.09,45.09,10007,41315
05/20/1985,46.89,46.99,45.14,45.54,12292,42137
05/21/1985,45.79,46.09,43.89,45.74,12472,41527
05/22/1985,45.04,45.29,43.54,44.39,10857,43625
05/23/1985,43.89,44.89,43.69,44.69,10571,42825
05/24/1985,44.39,44.49,42.99,43.29,7231,42373
05/28/1985,43.59,43.84,43.09,43.54,10408,43189
05/29/1985,43.99,46.39,43.74,45.94,15138,46001
05/30/1985,46.09,46.29,44.89,46.14,12834,47722
05/31/1985,45.34,47.89,45.04,47.59,17533,50437
06/03/1985,47.94,48.59,46.09,47.04,21917,51080
06/04/1985,46.79,46.89,45.09,45.49,19046,48777
06/05/1985,44.79,45.39,43.74,44.54,20694,47590
06/06/1985,45.34,46.09,45.19,45.79,12623,48527
06/07/1985,45.99,46.09,45.04,45.54,10163,47598
06/10/1985,44.64,45.09,43.99,44.99,15170,45574
06/11/1985,44.69,45.14,44.24,44.69,10274,44580
06/12/1985,44.99,45.49,44.79,45.14,12369,44761
06/13/1985,44.59,45.49,44.59,45.14,11155,45606
06/14/1985,46.24,46.89,46.09,46.79,20051,43247
06/17/1985,45.99,46.69,45.89,46.29,8138,42220
06/18/1985,47.49,49.79,47.49,49.49,15736,35077
06/19/1985,49.64,49.84,47.44,47.84,17993,35642
06/20/1985,48.04,48.29,45.39,46.44,18452,33559
06/21/1985,45.99,47.59,45.94,47.29,8034,33333
06/24/1985,47.39,47.69,46.89,47.44,7251,33662
06/25/1985,47.29,47.54,46.49,47.29,8577,34024
06/26/1985,47.79,48.79,47.69,48.39,11321,36366
06/27/1985,48.24,48.39,47.64,48.14,8714,36047
06/28/1985,48.14,50.19,48.09,49.59,13968,38496
07/01/1985,49.99,50.24,48.84,48.99,13755,40478
07/02/1985,48.89,49.59,48.74,49.49,10887,41560
07/03/1985,49.34,50.49,49.29,50.29,7309,42301
07/05/1985,50.49,52.44,50.49,52.34,11982,45922
07/08/1985,51.84,53.99,51.24,53.64,17415,46793
07/09/1985,54.89,55.94,54.64,55.59,18293,47462
07/10/1985,57.29,57.74,56.59,57.49,17015,47539
07/11/1985,56.19,57.69,55.19,56.44,18656,45909
07/12/1985,57.59,58.24,57.19,57.94,13331,45338
07/15/1985,58.39,58.49,57.04,58.19,12617,44000
07/16/1985,57.79,58.09,57.44,57.74,9471,44566
07/17/1985,60.29,60.99,59.54,60.54,15849,46207
07/18/1985,60.54,61.49,58.64,59.09,15211,43437
07/19/1985,58.94,60.19,57.74,58.59,9142,43018
07/22/1985,58.54,58.94,57.69,58.84,13819,41953
07/23/1985,60.49,60.99,59.49,59.84,12785,42521
07/24/1985,59.64,60.09,58.74,59.94,10498,42633
07/25/1985,60.19,60.69,59.29,60.19,10385,42913
07/26/1985,59.74,61.39,59.44,61.24,12394,46843
07/29/1985,61.89,62.74,61.54,61.79,16227,47774
07/30/1985,61.59,62.19,60.74,61.24,17260,47035
07/31/1985,61.99,62.44,59.79,60.74,17924,46123
08/01/1985,58.99,59.04,56.49,56.94,24539,45338
08/02/1985,55.44,57.04,55.39,55.94,16315,45084
08/05/1985,57.04,57.09,55.59,56.59,13519,42691
08/06/1985,54.04,54.69,53.29,53.54,18997,44125
08/07/1985,53.64,54.39,52.84,53.09,18455,42743
08/08/1985,54.99,55.39,54.04,54.39,14427,42791
08/09/1985,55.04,56.84,54.34,56.64,13305,41639
08/12/1985,57.59,58.09,56.99,57.99,10385,41592
08/13/1985,59.09,59.74,58.19,58.44,15469,42056
08/14/1985,58.09,58.99,57.54,58.29,13747,41932
08/15/1985,59.29,59.94,58.59,59.84,13101,42321
08/16/1985,59.49,60.04,59.34,59.59,8576,42527
08/19/1985,59.59,60.09,59.19,59.64,9092,42440
08/20/1985,59.14,59.14,57.69,58.74,12133,41197
08/21/1985,58.49,60.24,58.29,60.19,11348,41971
08/22/1985,60.24,60.89,59.29,59.39,12696,41460
08/23/1985,59.79,60.34,59.39,60.14,7241,42012
08/26/1985,59.94,60.04,58.84,59.34,7258,41360
08/27/1985,59.34,59.44,58.59,59.39,11053,41272
08/28/1985,60.04,60.49,59.69,60.14,10924,41880
08/29/1985,60.04,60.09,59.44,59.84,4792,41369
08/30/1985,59.84,59.94,58.59,58.74,12029,41685
09/03/1985,57.14,57.29,56.14,56.24,14823,40055
09/04/1985,57.39,57.84,56.69,56.94,11561,39638
09/05/1985,57.19,57.54,55.54,55.54,12622,40456
09/06/1985,53.44,53.54,51.99,52.79,18753,39380
09/09/1985,49.64,51.09,49.44,49.84,21633,41792
09/10/1985,51.34,51.84,50.69,51.04,14039,40019
09/11/1985,51.39,51.44,49.94,50.74,16610,38032
09/12/1985,50.04,52.84,50.04,52.29,14781,37349
09/13/1985,53.79,54.99,52.59,53.24,16894,37171
09/16/1985,53.09,55.19,52.99,54.89,9465,37436
09/17/1985,54.74,54.99,53.19,53.44,7536,25610
09/18/1985,53.34,54.39,53.09,53.39,7467,24575
09/19/1985,53.59,54.59,53.44,54.34,8511,24240
09/20/1985,55.59,57.69,55.59,57.64,14157,25251
09/23/1985,63.89,64.24,62.54,63.89,19641,24371
09/24/1985,63.69,63.84,62.19,63.24,12533,24507
09/25/1985,62.64,65.04,62.49,64.54,9057,25447
09/26/1985,64.14,64.44,61.59,62.39,16503,24606
09/27/1985,60.24,61.04,59.74,60.19,9393,25536
09/30/1985,60.59,61.09,59.44,59.59,11804,24982
10/01/1985,60.49,62.09,60.09,61.54,14292,26385
10/02/1985,61.54,62.79,60.69,61.89,12054,26691
10/03/1985,61.54,63.14,61.54,62.74,7587,26987
10/04/1985,63.14,63.49,61.34,61.84,10151,27073
10/07/1985,62.14,62.34,61.24,62.04,8276,26621
10/08/1985,61.54,61.94,61.29,61.69,5400,26432
10/09/1985,61.89,61.99,61.44,61.59,6052,26702
10/10/1985,61.34,61.69,60.94,61.29,7943,26456
10/11/1985,61.09,61.59,60.74,61.29,6186,26866
10/14/1985,61.49,61.84,61.39,61.49,2125,26533
10/15/1985,61.44,61.89,61.39,61.59,4747,26998
10/16/1985,61.29,61.49,60.99,61.34,6489,26646
10/17/1985,61.49,62.14,61.49,62.04,8469,27252
10/18/1985,62.84,63.39,62.84,63.09,6749,27687
10/21/1985,63.99,64.19,63.39,63.74,6996,27538
10/22/1985,63.79,63.84,62.94,63.59,6796,28347
10/23/1985,63.74,64.24,63.39,63.64,5301,27280
10/24/1985,63.14,63.29,62.39,62.49,8048,27274
10/25/1985,62.84,63.04,62.39,62.54,5464,27201
10/28/1985,62.79,63.29,62.79,63.09,4080,27164
10/29/1985,63.74,64.64,63.74,64.54,8945,28982
10/30/1985,64.79,65.24,64.09,64.14,9593,29636
10/31/1985,64.79,65.34,64.29,64.74,9171,28699
11/01/1985,63.99,64.94,63.84,64.84,7724,29856
11/04/1985,64.89,64.89,64.04,64.59,7123,29298
11/05/1985,64.04,64.24,63.49,63.79,6328,29484
11/06/1985,64.24,64.49,63.89,64.39,6862,30293
11/07/1985,63.94,63.99,61.44,61.79,19205,30586
11/08/1985,62.34,63.34,61.94,62.64,11517,30159
11/11/1985,62.54,63.09,62.39,62.74,3158,30134
11/12/1985,62.09,62.69,61.79,62.34,6538,31270
11/13/1985,62.84,63.34,62.74,62.89,9825,33089
11/14/1985,63.34,63.64,63.09,63.54,6453,30918
11/15/1985,63.39,63.44,62.64,62.69,10713,33564
11/18/1985,62.94,63.44,62.89,63.34,4126,33261
11/19/1985,63.64,64.39,63.59,63.94,9605,32892
11/20/1985,64.54,64.64,63.49,64.14,8566,32112
11/21/1985,65.09,65.49,64.64,65.34,18263,31089
11/22/1985,65.44,67.24,65.24,67.19,13159,34270
11/25/1985,67.04,67.44,66.49,67.34,12031,36210
11/26/1985,66.59,68.54,66.39,68.09,12268,35524
11/27/1985,67.74,68.44,67.19,67.74,12513,35232
11/29/1985,69.14,70.19,69.09,69.94,10437,35562
12/02/1985,70.79,70.84,69.29,69.84,11857,35330
12/03/1985,68.49,69.39,68.19,68.94,21800,35011
12/04/1985,69.59,69.69,69.24,69.34,8313,34837
12/05/1985,68.64,69.09,68.29,68.89,8171,35380
12/06/1985,68.64,69.49,68.19,69.09,8171,35380
12/09/1985,67.14,67.34,66.44,66.89,11643,36470
12/10/1985,64.64,64.79,63.84,64.24,18938,35020
12/11/1985,62.44,63.49,61.44,62.89,24616,35024
12/12/1985,64.19,65.19,63.94,64.24,18359,34194
12/13/1985,65.29,65.34,64.34,64.49,13887,32224
12/16/1985,64.64,65.39,64.44,65.29,5683,32256
12/17/1985,64.64,65.09,64.24,64.39,6631,23125
12/18/1985,63.44,63.74,62.09,62.34,10951,23397
12/19/1985,62.99,63.69,62.54,63.44,7285,23480
12/20/1985,63.34,64.49,63.19,63.89,4522,23264
12/23/1985,63.79,64.39,63.34,63.49,2825,22884
12/24/1985,63.64,64.09,63.54,63.89,1275,22665
12/26/1985,64.09,64.29,63.94,64.14,1512,22792
12/27/1985,64.29,65.74,63.89,65.69,9928,24283
12/30/1985,65.09,65.54,64.74,65.24,4524,24564
12/31/1985,65.59,66.19,65.54,66.14,5652,25082
01/02/1986,66.19,67.39,65.29,67.29,13085,26481
01/03/1986,65.69,65.99,64.74,65.09,8262,26237
01/06/1986,64.54,65.74,64.34,64.79,10980,26926
01/07/1986,65.59,65.69,65.04,65.39,9261,27670
01/08/1986,65.79,65.84,65.09,65.39,10024,28416
01/09/1986,65.39,68.44,65.09,67.79,20464,29475
01/10/1986,66.59,67.24,65.64,66.04,11422,28658
01/13/1986,64.79,66.09,64.34,65.59,19822,29885
01/14/1986,64.99,65.34,64.64,64.89,7980,28519
01/15/1986,64.94,65.74,64.84,65.34,7913,28642
01/16/1986,65.49,65.49,64.59,64.84,7298,28584
01/17/1986,64.94,65.39,64.54,64.84,5563,28629
01/20/1986,63.79,63.79,61.94,62.34,20686,31315
01/21/1986,62.74,62.99,61.44,61.94,19738,32780
01/22/1986,61.29,61.84,60.09,60.14,23162,37054
01/23/1986,59.39,60.49,58.64,59.74,24405,38073
01/24/1986,60.74,61.14,59.94,60.59,15599,37644
01/27/1986,59.99,60.94,59.44,60.74,12782,37680
01/28/1986,62.44,62.64,61.64,62.19,13902,38758
01/29/1986,61.54,61.94,61.14,61.64,13230,38793
01/30/1986,61.79,63.34,61.79,63.29,12455,38305
01/31/1986,62.84,62.94,62.29,62.79,8124,38235
02/03/1986,60.34,60.54,59.74,60.04,12704,40422
02/04/1986,58.24,59.49,58.24,58.89,16729,41673
02/05/1986,60.14,60.99,59.89,60.89,15483,40289
02/06/1986,60.69,62.14,60.64,61.19,12658,40144
02/07/1986,62.14,62.44,60.94,61.19,10563,41372
02/10/1986,62.09,63.04,61.99,62.49,12863,41747
02/11/1986,62.69,63.14,62.24,62.59,11885,42549
02/12/1986,63.44,63.49,62.44,62.74,17834,42502
02/13/1986,62.69,63.79,62.59,63.64,17269,43160
02/14/1986,63.54,64.19,63.19,63.89,10823,43243
02/18/1986,64.69,65.54,64.24,65.39,17753,42398
02/19/1986,66.09,68.64,65.94,66.89,33269,40739
02/20/1986,67.44,68.19,66.64,66.94,12488,41075
02/21/1986,66.04,67.24,65.94,67.14,9640,41313
02/24/1986,68.04,70.04,67.84,69.84,15842,42186
02/25/1986,71.09,71.54,69.89,70.24,22449,42973
02/26/1986,70.34,71.29,69.34,70.09,10827,42046
02/27/1986,70.84,71.29,68.34,69.19,15395,41903
02/28/1986,68.69,68.94,65.59,66.04,16757,40880
03/03/1986,65.44,67.04,65.29,66.79,19601,39050
03/04/1986,67.09,69.24,66.99,68.94,17212,39432
03/05/1986,68.69,68.74,66.34,67.54,24188,39760
03/06/1986,67.34,68.49,65.79,66.19,19646,41367
03/07/1986,66.89,68.64,66.89,67.34,17964,40516
03/10/1986,66.94,67.39,65.99,67.04,12646,40919
03/11/1986,67.79,68.49,67.59,68.29,13264,39546
03/12/1986,70.04,70.04,68.39,68.89,18004,40267
03/13/1986,68.04,68.89,67.64,67.99,7137,39686
03/14/1986,68.79,69.39,68.29,69.14,11822,39392
03/17/1986,68.49,69.39,68.34,68.74,11015,39739
03/18/1986,68.84,70.29,68.84,70.14,11695,24679
03/19/1986,70.09,71.39,69.79,71.19,17156,24421
03/20/1986,72.04,72.54,70.89,72.29,17617,29940
03/21/1986,72.44,74.49,72.39,74.39,18762,35892
03/24/1986,71.99,71.99,70.49,70.54,22124,32884
03/25/1986,69.04,70.04,67.79,68.99,18226,29262
03/26/1986,68.94,70.34,68.84,69.49,10561,28377
03/27/1986,70.79,70.99,69.99,70.34,7747,28444
03/31/1986,69.04,70.34,68.69,69.54,7046,28187
04/01/1986,68.89,69.94,68.79,69.59,9745,28830
04/02/1986,69.64,70.09,68.09,68.19,15181,27952
04/03/1986,69.14,69.24,67.99,68.49,12727,25714
04/04/1986,67.89,68.44,66.84,67.69,13622,23279
04/07/1986,67.89,69.39,67.69,69.29,11212,25456
04/08/1986,70.54,70.89,68.54,69.04,15011,25017
04/09/1986,68.89,69.74,68.29,69.64,6826,24621
04/10/1986,69.24,71.44,69.04,71.34,12076,28868
04/11/1986,71.04,71.24,70.19,71.14,8518,30393
04/14/1986,70.94,71.34,70.64,70.94,8046,31638
04/15/1986,70.84,71.34,70.49,71.09,7908,31882
04/16/1986,73.39,74.04,72.89,73.59,12974,33474
04/17/1986,74.39,76.14,73.19,75.29,19219,35766
04/18/1986,75.04,75.64,74.09,75.39,10729,38067
04/21/1986,73.54,74.69,73.54,74.34,13484,39349
04/22/1986,74.99,75.29,73.69,74.54,12704,38372
04/23/1986,75.49,76.59,75.09,76.19,13473,40114
04/24/1986,76.49,77.19,76.19,76.69,9660,41143
04/25/1986,75.89,78.39,75.54,78.24,9170,40833
04/28/1986,77.59,79.04,77.44,78.69,7320,40939
04/29/1986,77.89,78.69,77.54,77.64,7263,39850
04/30/1986,77.64,78.49,77.14,77.29,5905,39520
05/01/1986,76.79,76.79,73.49,74.04,21940,35385
05/02/1986,75.29,76.04,74.59,75.69,9242,34047
05/05/1986,77.54,78.49,76.99,77.34,6685,33151
05/06/1986,75.79,77.59,75.34,77.14,9764,33692
05/07/1986,76.84,77.89,76.69,77.74,6634,35065
05/08/1986,78.24,78.54,76.79,77.19,7164,35028
05/09/1986,77.29,77.69,76.84,76.99,5433,34843
05/12/1986,77.99,78.49,77.59,78.44,5393,35696
05/13/1986,77.89,78.24,76.39,77.34,6234,34492
05/14/1986,76.79,77.59,76.59,77.09,7710,34495
05/15/1986,77.39,77.49,76.69,77.09,5729,34135
05/16/1986,75.79,75.99,75.14,75.19,10117,34098
05/19/1986,75.19,77.04,74.94,76.94,8423,34338
05/20/1986,76.19,76.29,74.79,75.14,10631,33830
05/21/1986,74.89,75.29,74.19,74.49,7022,33727
05/22/1986,74.04,74.34,72.44,72.74,16765,32883
05/23/1986,72.64,73.49,71.79,72.69,8845,32368
05/27/1986,72.79,74.79,72.69,73.99,7485,32309
05/28/1986,73.94,74.49,73.04,73.49,6338,32090
05/29/1986,73.54,73.54,72.39,72.49,10370,32229
05/30/1986,71.64,71.74,70.59,70.99,11371,30584
06/02/1986,70.59,71.94,70.49,71.24,8969,31639
06/03/1986,73.29,73.54,72.19,72.79,10924,32424
06/04/1986,72.34,72.69,71.79,72.29,6489,32679
06/05/1986,72.39,74.19,72.24,73.64,8510,33997
06/06/1986,73.94,74.89,73.89,74.49,9890,34039
06/09/1986,73.14,73.89,73.04,73.69,12296,34102
06/10/1986,74.24,75.89,74.24,75.49,13568,35611
06/11/1986,76.09,77.19,75.79,76.44,14742,37263
06/12/1986,76.29,76.64,75.79,76.24,6556,36920
06/13/1986,75.24,76.34,74.99,76.09,12203,35696
06/16/1986,76.09,76.34,74.54,74.64,7016,33268
06/17/1986,74.59,75.09,73.79,74.24,6383,18745
06/18/1986,74.39,74.99,73.24,74.54,7772,17808
06/19/1986,74.34,74.99,73.74,74.54,3169,18161
06/20/1986,73.99,74.09,72.94,72.99,5028,17521
06/23/1986,72.44,75.49,72.29,75.44,9046,17897
06/24/1986,74.84,75.79,74.79,75.19,8923,19343
06/25/1986,75.39,76.19,75.19,75.59,5768,19863
06/26/1986,75.44,75.84,75.19,75.64,4520,19491
06/27/1986,75.64,77.19,75.64,77.14,8841,22482
06/30/1986,77.19,77.94,76.89,77.84,9621,24702
07/01/1986,77.64,79.04,77.64,78.24,12433,28285
07/02/1986,78.09,78.24,77.19,78.09,6634,28955
07/03/1986,78.59,78.79,78.09,78.24,4767,30131
07/07/1986,78.14,78.19,76.49,76.59,11752,30170
07/08/1986,77.59,78.39,76.49,76.84,12986,29819
07/09/1986,76.24,77.19,75.94,76.89,12295,29720
07/10/1986,75.84,75.89,74.89,75.34,14066,28695
07/11/1986,75.19,75.24,73.49,73.59,16430,29024
07/14/1986,72.04,72.89,71.44,72.34,17065,27329
07/15/1986,73.39,74.39,72.79,74.19,13054,28328
07/16/1986,74.94,75.59,74.54,74.94,14887,29822
07/17/1986,75.09,75.59,74.69,75.34,7166,30664
07/18/1986,73.29,75.14,73.04,75.04,13844,31086
07/21/1986,73.69,74.29,73.54,73.64,8384,31454
07/22/1986,73.24,73.89,72.24,72.99,27143,26412
07/23/1986,73.09,73.44,72.44,73.19,11494,25272
07/24/1986,73.24,73.49,72.59,73.29,9664,25296
07/25/1986,72.64,72.84,71.74,71.94,12928,30279
07/28/1986,71.49,72.64,70.89,71.99,17030,33127
07/29/1986,72.49,73.44,72.14,73.39,20146,27033
07/30/1986,73.39,73.69,72.74,73.24,5476,26119
07/31/1986,73.24,73.59,72.89,73.34,6502,26211
08/01/1986,73.34,73.44,71.09,71.49,10213,29141
08/04/1986,71.19,71.49,70.59,70.89,15281,31315
08/05/1986,72.69,73.14,72.19,72.54,12067,31639
08/06/1986,72.39,72.49,71.74,72.34,6639,31492
08/07/1986,71.59,72.14,71.29,71.39,5800,31548
08/08/1986,71.69,72.09,71.19,71.69,5846,31179
08/11/1986,71.94,73.19,71.79,73.14,14422,30310
08/12/1986,72.59,73.24,72.44,72.99,9443,30700
08/13/1986,72.89,73.04,72.69,72.99,2861,30436
08/14/1986,73.09,73.94,73.09,73.84,13411,30794
08/15/1986,73.89,74.19,73.59,74.09,6706,30575
08/18/1986,73.79,73.84,73.04,73.09,4701,29480
08/19/1986,73.64,74.74,73.59,74.44,12356,29083
08/20/1986,74.54,74.94,74.09,74.64,7113,28769
08/21/1986,74.09,74.29,73.64,73.99,6580,27489
08/22/1986,74.34,74.44,71.99,72.24,13023,29944
08/25/1986,72.54,72.79,71.89,72.24,11152,30997
08/26/1986,72.54,73.14,72.49,72.54,8091,29212
08/27/1986,72.49,72.99,72.39,72.64,4642,28894
08/28/1986,72.69,72.84,72.19,72.34,6758,28567
08/29/1986,72.24,73.94,72.24,73.74,9772,27788
09/02/1986,73.69,73.74,73.29,73.69,6457,28519
09/03/1986,74.14,74.84,73.94,74.39,15244,28720
09/04/1986,74.94,75.34,74.24,74.34,18190,28893
09/05/1986,74.74,74.74,73.64,73.84,12730,28938
09/08/1986,73.24,73.94,72.79,73.24,11629,27489
09/09/1986,73.29,73.49,71.84,72.14,20806,31161
09/10/1986,72.39,73.14,72.34,72.79,16968,32164
09/11/1986,72.74,72.74,70.64,71.24,21112,38911
09/12/1986,71.94,73.29,71.59,72.49,19356,41298
09/15/1986,73.24,73.44,72.44,73.14,9766,39753
09/16/1986,72.84,72.94,71.64,72.04,6103,29902
09/17/1986,72.24,72.49,71.89,72.29,5364,29929
09/18/1986,71.99,72.24,71.09,72.09,15120,33340
09/19/1986,72.59,72.64,71.94,72.14,7386,34976
09/22/1986,70.29,70.84,69.69,69.74,20192,34155
09/23/1986,69.19,70.24,69.04,69.34,12040,33823
09/24/1986,69.69,69.94,69.14,69.44,6192,34498
09/25/1986,69.29,69.39,67.94,68.14,8107,35254
09/26/1986,68.54,68.94,68.14,68.34,7834,37083
09/29/1986,68.24,68.39,67.84,68.24,8023,37946
09/30/1986,70.04,70.19,68.69,69.09,11894,37506
10/01/1986,69.29,69.54,69.04,69.44,4532,37341
10/02/1986,68.29,68.64,67.84,68.59,12691,37700
10/03/1986,68.74,69.29,68.54,68.89,7259,39306
10/06/1986,68.79,68.89,68.34,68.69,7415,38363
10/07/1986,68.59,68.59,68.04,68.34,11198,39357
10/08/1986,67.24,67.44,66.59,67.19,11417,40079
10/09/1986,67.29,67.54,66.74,67.24,7764,39753
10/10/1986,67.64,68.54,67.64,68.44,7690,41191
10/13/1986,68.24,68.74,68.09,68.29,5811,41114
10/14/1986,69.09,69.14,68.39,68.64,7340,39627
10/15/1986,68.49,69.04,68.29,68.74,9016,39883
10/16/1986,68.94,69.14,68.49,68.79,6134,38294
10/17/1986,67.84,68.34,67.74,68.04,9546,37684
10/20/1986,67.99,68.19,67.89,68.09,7518,35885
10/21/1986,68.59,68.79,68.19,68.19,6102,35052
10/22/1986,68.49,68.64,67.99,68.24,4039,35631
10/23/1986,67.39,67.59,66.84,67.44,6188,36802
10/24/1986,66.14,66.79,66.04,66.64,11951,36056
10/27/1986,65.89,66.09,65.64,65.94,5977,36284
10/28/1986,66.94,67.09,66.44,66.84,4190,35637
10/29/1986,66.69,66.79,66.19,66.49,4117,36434
10/30/1986,66.19,66.24,64.79,65.64,9328,37484
10/31/1986,65.44,66.24,65.19,65.94,9973,36992
11/03/1986,66.74,66.74,66.39,66.59,5203,35909
11/04/1986,66.64,67.14,66.64,67.04,4936,35879
11/05/1986,67.24,68.14,67.04,68.04,13549,34865
11/06/1986,67.94,68.94,67.94,68.29,12039,34053
11/07/1986,68.04,68.64,67.54,68.34,6692,33716
11/10/1986,69.54,69.69,68.99,69.34,9190,33437
11/11/1986,69.39,69.64,69.04,69.54,7751,31753
11/12/1986,68.04,68.44,67.59,67.74,8695,32354
11/13/1986,67.39,68.34,67.29,68.19,5987,32169
11/14/1986,68.29,68.89,68.04,68.64,4952,32076
11/17/1986,68.39,68.59,68.04,68.14,3944,32063
11/18/1986,67.79,68.19,67.69,67.89,4842,32397
11/19/1986,67.39,68.04,67.14,67.59,5928,32584
11/20/1986,67.04,67.24,66.59,67.14,7398,33598
11/21/1986,67.29,68.14,67.04,67.69,7131,32712
11/24/1986,67.49,67.89,66.99,67.04,4197,33137
11/25/1986,67.24,68.74,67.24,68.39,12620,33521
11/26/1986,68.69,69.29,68.49,68.89,10216,32975
11/28/1986,69.24,69.84,69.04,69.29,13931,34127
12/01/1986,69.34,69.84,69.24,69.54,6533,34102
12/02/1986,68.89,69.39,68.74,69.19,5530,32992
12/03/1986,69.09,69.19,68.99,69.19,4595,32202
12/04/1986,69.04,69.44,68.64,68.94,6939,31323
12/05/1986,68.89,68.94,68.09,68.14,12206,30558
12/08/1986,68.04,68.44,67.54,68.39,14154,29643
12/09/1986,68.34,68.49,68.09,68.39,7538,28531
12/10/1986,68.59,68.79,68.54,68.69,8670,29199
12/11/1986,68.59,68.99,68.39,68.94,9514,28642
12/12/1986,68.84,69.34,68.79,69.09,7678,28598
12/15/1986,69.64,69.74,69.44,69.64,6478,28762
12/16/1986,69.64,69.79,69.24,69.59,2580,16311
12/17/1986,69.29,69.59,69.24,69.29,3139,16873
12/18/1986,69.29,69.79,69.19,69.74,3606,17439
12/19/1986,69.79,69.99,69.54,69.59,4574,18769
12/22/1986,70.79,71.14,70.74,70.89,7688,19939
12/23/1986,71.19,72.79,70.99,72.54,12585,22822
12/24/1986,72.59,73.09,72.39,72.74,5932,23227
12/26/1986,72.89,72.89,72.09,72.54,2160,22792
12/29/1986,72.94,73.79,72.89,73.59,4940,23407
12/30/1986,73.39,73.69,73.09,73.44,2843,23499
12/31/1986,74.04,75.49,74.04,75.19,6114,23145
01/02/1987,76.24,76.29,75.24,75.29,4817,23656
01/05/1987,74.29,74.54,73.69,73.94,7109,24218
01/06/1987,74.34,74.79,74.09,74.54,5448,25338
01/07/1987,73.54,73.99,73.29,73.74,5525,25443
01/08/1987,73.84,74.79,73.79,74.69,6195,25906
01/09/1987,74.39,74.59,73.89,74.39,4167,25987
01/12/1987,75.14,76.09,74.99,75.49,6874,26275
01/13/1987,76.04,76.14,75.34,75.99,8712,26764
01/14/1987,76.24,77.74,75.84,77.14,11334,27031
01/15/1987,77.19,77.64,76.49,77.24,8111,27397
01/16/1987,77.54,79.04,77.39,78.79,8845,29432
01/19/1987,80.84,81.09,79.89,80.24,7915,30070
01/20/1987,78.79,79.54,78.49,78.64,7466,29001
01/21/1987,78.69,79.14,78.44,79.04,4861,28851
01/22/1987,79.99,80.79,79.74,79.79,7436,28596
01/23/1987,79.79,79.99,79.09,79.54,5163,29045
01/26/1987,79.69,79.94,79.34,79.39,4472,29641
01/27/1987,79.84,80.99,79.69,80.79,6243,30777
01/28/1987,81.64,81.89,80.49,80.99,9286,31111
01/29/1987,81.14,81.19,80.74,80.89,5599,30488
01/30/1987,79.89,80.09,77.34,78.49,11462,27615
02/02/1987,78.89,79.74,78.74,79.14,7713,26764
02/03/1987,79.84,80.59,79.49,80.09,7905,26934
02/04/1987,79.49,79.79,79.04,79.49,5173,27048
02/05/1987,78.79,79.54,78.69,79.24,6594,26486
02/06/1987,78.29,78.39,77.54,77.94,6840,26736
02/09/1987,78.64,80.59,78.44,79.89,7079,27104
02/10/1987,80.14,80.99,79.49,79.69,8186,27127
02/11/1987,79.54,79.99,79.09,79.29,6966,26594
02/12/1987,79.44,80.04,78.99,79.24,4746,26326
02/13/1987,78.99,80.39,78.89,80.24,4292,26684
02/17/1987,80.49,80.99,80.24,80.29,7698,27978
02/18/1987,80.59,80.94,80.29,80.79,6522,28406
02/19/1987,79.69,80.74,79.44,80.64,9509,29430
02/20/1987,80.34,80.79,80.29,80.64,6425,29869
02/23/1987,81.09,82.09,81.09,81.64,18747,36727
02/24/1987,81.74,81.89,81.29,81.54,13678,40464
02/25/1987,81.54,81.74,81.14,81.54,7997,39205
02/26/1987,81.49,82.09,81.49,81.74,9039,38983
02/27/1987,81.99,82.79,81.69,82.34,12879,41391
03/02/1987,83.29,84.39,83.14,84.14,18398,44181
03/03/1987,83.94,84.19,83.59,83.84,10433,45966
03/04/1987,84.29,84.59,83.99,84.24,15347,45958
03/05/1987,84.89,86.69,84.79,86.44,14721,45802
03/06/1987,86.24,86.89,86.14,86.34,13324,46258
03/09/1987,87.19,87.34,86.14,86.64,35960,53855
03/10/1987,86.24,86.79,86.19,86.69,19878,57753
03/11/1987,87.84,87.94,86.54,86.79,20308,58907
03/12/1987,86.69,87.04,86.29,86.84,12102,59552
03/13/1987,85.34,85.84,85.14,85.44,13555,58211
03/16/1987,85.94,87.34,85.79,86.89,13184,54899
03/17/1987,87.39,88.34,87.29,88.14,10774,36998
03/18/1987,88.64,89.14,88.49,88.84,9853,36777
03/19/1987,88.19,88.74,87.99,88.39,7641,36886
03/20/1987,87.99,88.74,87.94,88.59,6750,38804
03/23/1987,89.64,90.04,89.59,89.99,10237,38277
03/24/1987,90.19,90.39,89.04,89.29,12851,37843
03/25/1987,89.44,89.49,88.24,88.39,9621,37267
03/26/1987,88.79,88.94,88.04,88.29,8420,38177
03/27/1987,88.79,88.94,88.34,88.69,7782,37465
03/30/1987,89.39,89.44,88.89,88.89,7004,37677
03/31/1987,88.64,89.34,88.34,88.89,8826,37799
04/01/1987,88.69,88.84,87.29,87.49,11790,36107
04/02/1987,87.44,89.34,87.44,89.09,14256,34316
04/03/1987,89.34,90.04,88.99,89.54,12056,34870
04/06/1987,90.19,90.44,89.69,90.34,13053,41126
04/07/1987,90.29,90.39,89.94,90.14,4984,41042
04/08/1987,89.74,90.04,89.39,89.89,5974,40876
04/09/1987,90.24,90.49,89.79,90.34,8354,39857
04/10/1987,91.24,91.29,90.34,90.74,11578,38793
04/13/1987,90.99,91.09,90.74,90.84,7543,38208
04/14/1987,91.59,92.19,91.39,92.04,9330,38831
04/15/1987,91.29,92.04,91.14,91.74,6845,39147
04/16/1987,91.29,91.84,91.09,91.74,5425,40307
04/20/1987,91.74,92.04,91.34,91.99,5172,41921
04/21/1987,92.39,92.39,91.89,92.09,6161,41326
04/22/1987,91.44,91.74,91.04,91.54,6115,40501
04/23/1987,91.84,92.99,91.64,92.84,7715,40807
04/24/1987,93.69,94.84,93.54,94.74,13054,40691
04/27/1987,95.59,95.64,94.29,94.59,11276,39996
04/28/1987,94.39,94.69,93.64,94.44,12764,39399
04/29/1987,94.24,94.89,93.89,94.64,7640,40145
04/30/1987,95.34,95.74,94.34,95.49,11142,40247
05/01/1987,95.54,96.34,95.44,96.24,8456,41627
05/04/1987,96.54,97.49,96.39,97.39,7015,42248
05/05/1987,97.49,97.94,97.09,97.39,10771,41392
05/06/1987,97.29,97.84,97.19,97.54,8525,42564
05/07/1987,97.09,97.14,96.59,96.74,10135,42336
05/08/1987,97.09,97.14,95.89,96.49,7607,43127
05/11/1987,95.69,95.89,94.64,94.89,12365,43992
05/12/1987,95.64,96.14,95.54,95.84,7132,43576
05/13/1987,95.74,96.44,95.64,96.04,6997,43583
05/14/1987,96.34,97.09,96.19,96.89,9028,44861
05/15/1987,96.94,97.49,96.84,97.19,10041,45116
05/18/1987,97.64,97.84,97.14,97.34,6211,45502
05/19/1987,97.09,97.89,97.09,97.74,7698,46867
05/20/1987,98.29,98.29,97.24,97.49,8316,47786
05/21/1987,97.24,97.49,96.89,97.29,9210,47337
05/22/1987,97.34,97.44,95.89,96.19,10573,47175
05/26/1987,94.09,94.19,91.84,91.89,20230,45893
05/27/1987,90.59,91.09,90.24,90.44,19380,43798
05/28/1987,92.04,92.34,91.64,92.14,11899,43189
05/29/1987,91.79,92.34,91.49,92.19,7380,42731
06/01/1987,91.54,92.04,91.39,91.79,8453,42328
06/02/1987,93.09,94.14,92.74,93.74,12555,43148
06/03/1987,93.54,93.74,93.19,93.49,7328,43337
06/04/1987,91.84,92.24,91.44,92.14,15193,44959
06/05/1987,92.64,92.84,92.04,92.09,7835,45295
06/08/1987,93.09,93.64,92.44,92.89,11501,46056
06/09/1987,94.24,95.94,94.24,95.84,22179,46914
06/10/1987,95.89,95.94,94.49,94.99,19391,46023
06/11/1987,95.59,95.94,95.09,95.54,11878,45240
06/12/1987,95.54,95.59,94.14,94.49,35219,50861
06/15/1987,92.74,92.99,92.04,92.69,19254,51477
06/16/1987,93.09,93.39,92.09,92.34,6623,34169
06/17/1987,92.39,92.94,91.74,92.09,7182,33699
06/18/1987,92.74,92.74,91.84,92.09,5941,33037
06/19/1987,91.34,91.39,90.09,90.24,13517,31727
06/22/1987,89.99,89.99,87.69,87.94,19913,30521
06/23/1987,88.59,89.59,87.99,89.19,13412,31660
06/24/1987,91.34,91.94,90.74,91.59,13865,28925
06/25/1987,90.44,90.84,90.04,90.69,8728,26970
06/26/1987,90.59,90.84,90.09,90.44,9043,28345
06/29/1987,89.39,89.64,89.04,89.24,5054,29129
06/30/1987,90.04,91.04,89.99,90.84,18302,33006
07/01/1987,91.34,91.49,90.54,90.89,6835,33039
07/02/1987,91.14,91.24,90.44,90.79,5045,33229
07/06/1987,90.24,91.74,90.19,91.49,10905,31252
07/07/1987,91.39,91.54,90.94,91.14,9095,31659
07/08/1987,90.64,91.39,90.59,90.94,6423,32703
07/09/1987,91.04,91.34,90.79,91.09,5002,35888
07/10/1987,89.94,90.84,89.89,90.64,6773,37186
07/13/1987,90.54,91.24,90.54,90.89,4149,36731
07/14/1987,90.74,90.94,90.14,90.39,4970,36809
07/15/1987,90.49,93.14,90.39,92.99,19314,38435
07/16/1987,92.24,92.69,92.04,92.34,10149,37979
07/17/1987,90.74,91.19,89.19,89.29,18300,38050
07/20/1987,89.69,89.94,88.44,88.64,12957,37101
07/21/1987,89.44,89.84,88.64,88.89,7698,37921
07/22/1987,88.84,89.09,88.44,88.99,6551,38076
07/23/1987,89.44,90.29,89.29,89.64,9320,38849
07/24/1987,89.84,90.29,89.54,89.79,8486,37971
07/27/1987,89.54,89.59,88.89,89.19,7654,38822
07/28/1987,89.14,89.74,88.94,89.54,5241,37633
07/29/1987,89.39,89.69,89.29,89.44,3946,38207
07/30/1987,89.19,89.19,88.24,88.84,8394,38818
07/31/1987,88.69,88.99,88.44,88.49,7704,39754
08/03/1987,88.94,89.04,87.39,87.54,18626,40525
08/04/1987,87.19,87.34,86.14,86.89,16536,41204
08/05/1987,87.24,87.59,86.94,87.39,8454,41058
08/06/1987,87.14,87.34,86.64,87.04,6439,41590
08/07/1987,86.69,86.69,85.64,85.69,9462,42803
08/10/1987,85.94,86.69,85.69,86.34,8730,44631
08/11/1987,86.14,86.84,86.04,86.54,8240,43688
08/12/1987,86.54,87.64,86.49,87.24,7401,43547
08/13/1987,87.29,87.74,87.14,87.54,5072,42763
08/14/1987,87.04,89.24,86.94,88.29,11334,43096
08/17/1987,88.24,88.99,88.24,88.89,5457,42906
08/18/1987,90.19,91.44,90.14,90.94,16225,42633
08/19/1987,90.39,91.84,90.34,91.79,11672,41981
08/20/1987,91.29,91.89,90.94,91.19,11558,42071
08/21/1987,92.04,92.89,91.94,92.79,10501,42301
08/24/1987,92.39,93.09,92.39,92.64,5876,41601
08/25/1987,92.09,92.24,91.09,91.29,8894,41568
08/26/1987,90.39,91.54,90.34,91.19,11309,41955
08/27/1987,91.99,92.99,91.74,92.74,11076,41967
08/28/1987,92.09,93.24,92.09,92.94,7144,42550
08/31/1987,92.74,93.19,92.69,92.79,5452,43281
09/01/1987,93.59,93.94,93.39,93.74,11250,44317
09/02/1987,94.34,95.24,94.14,94.94,14343,45974
09/03/1987,94.79,95.94,94.69,95.34,17844,47250
09/04/1987,95.24,95.54,94.54,94.99,10668,48590
09/08/1987,95.69,96.24,95.44,96.19,16461,51852
09/09/1987,95.84,95.89,94.04,94.29,26539,51173
09/10/1987,94.34,94.89,94.14,94.59,16193,49670
09/11/1987,94.54,95.99,93.99,94.09,18333,48832
09/14/1987,93.84,93.84,93.14,93.59,16811,43606
09/15/1987,94.04,94.44,93.89,94.39,5926,23232
09/16/1987,94.49,94.79,94.04,94.39,5689,24009
09/17/1987,94.44,94.99,94.34,94.74,5922,24971
09/18/1987,95.64,95.84,95.34,95.74,7213,25698
09/21/1987,95.39,95.44,94.79,95.14,6304,26772
09/22/1987,94.54,94.79,94.04,94.54,9625,27314
09/23/1987,93.69,94.49,93.64,94.39,6797,27624
09/24/1987,93.49,94.19,93.49,94.09,5433,28261
09/25/1987,93.59,94.39,93.59,94.19,3108,28060
09/28/1987,93.89,94.49,93.79,93.99,6567,28240
09/29/1987,92.69,93.39,92.59,92.99,16676,26954
09/30/1987,93.04,93.09,92.19,92.64,10334,26290
10/01/1987,92.44,92.59,91.44,92.44,10394,25725
10/02/1987,92.49,92.64,91.89,92.09,4492,25507
10/05/1987,92.59,93.14,92.34,93.09,6967,24792
10/06/1987,93.59,93.79,93.34,93.59,8265,26685
10/07/1987,94.44,94.59,94.09,94.44,9847,29179
10/08/1987,94.54,95.44,94.39,95.29,11302,30534
10/09/1987,95.54,95.89,95.14,95.84,7032,31936
10/12/1987,95.69,96.04,95.44,95.64,10095,35308
10/13/1987,94.84,95.29,94.79,95.04,7278,35231
10/14/1987,94.94,96.39,94.94,96.24,20348,43365
10/15/1987,96.74,97.29,96.14,96.24,19082,45911
10/16/1987,96.79,97.19,96.64,97.09,8534,47566
10/19/1987,98.79,99.44,98.39,98.99,17659,51041
10/20/1987,97.24,97.24,94.44,95.54,35872,41942
10/21/1987,96.04,96.24,94.99,95.14,14052,39404
10/22/1987,95.29,96.49,95.19,95.24,8401,38022
10/23/1987,95.39,99.09,95.39,98.64,13773,38164
10/26/1987,99.54,99.89,99.04,99.14,10772,38530
10/27/1987,99.19,101.04,99.19,100.54,13174,40871
10/28/1987,101.49,103.44,101.24,102.89,13991,42032
10/29/1987,102.89,103.64,101.94,102.14,10487,41403
10/30/1987,101.69,103.19,101.39,102.79,9121,41563
11/02/1987,103.49,104.69,103.29,104.39,10031,42683
11/03/1987,105.19,105.89,103.89,104.79,14471,43100
11/04/1987,105.49,105.84,104.49,105.49,8796,43443
11/05/1987,106.59,109.14,106.39,108.49,11179,43723
11/06/1987,108.49,109.74,108.09,108.94,11188,44736
11/09/1987,108.89,110.34,108.89,109.79,8304,45078
11/10/1987,110.44,110.64,108.19,108.94,13395,44055
11/11/1987,109.14,109.29,108.29,108.49,4545,43766
11/12/1987,107.79,108.09,105.99,106.99,14156,43578
11/13/1987,106.94,107.74,106.34,107.64,5828,42553
11/16/1987,104.74,105.79,104.49,104.79,11310,41805
11/17/1987,106.44,107.19,106.44,107.14,7866,40328
11/18/1987,106.44,108.39,106.29,108.09,9129,41449
11/19/1987,108.79,108.94,107.89,108.64,7253,41536
11/20/1987,109.49,110.79,106.99,108.64,15387,42065
11/23/1987,109.84,110.04,109.24,109.44,8603,42236
11/24/1987,108.29,109.54,107.79,109.49,11640,42308
11/25/1987,109.79,110.54,109.59,109.99,6656,42074
11/27/1987,111.49,112.09,111.24,112.04,10251,44831
11/30/1987,113.64,114.19,113.09,113.84,15247,46132
12/01/1987,111.94,113.04,111.79,111.84,12782,45457
12/02/1987,112.09,112.59,111.44,111.74,13725,45252
12/03/1987,112.49,112.69,110.59,110.99,17884,45780
12/04/1987,112.19,112.19,109.19,110.09,15939,45631
12/07/1987,110.44,110.64,109.59,109.74,9323,46596
12/08/1987,110.64,110.84,110.39,110.74,8370,46283
12/09/1987,111.49,111.54,111.04,111.34,22646,46574
12/10/1987,111.09,115.34,110.74,114.39,21383,48832
12/11/1987,114.74,115.09,114.34,114.74,10385,47886
12/14/1987,115.39,115.59,114.64,114.89,8557,46226
12/15/1987,114.44,114.54,113.54,113.79,8201,25688
12/16/1987,113.49,114.24,113.34,114.14,5035,24937
12/17/1987,114.34,114.84,113.54,114.74,6852,25329
12/18/1987,114.29,114.29,112.79,113.29,9500,26135
12/21/1987,114.04,114.09,113.29,113.94,3363,26349
12/22/1987,113.74,114.49,113.54,114.09,3521,25445
12/23/1987,113.14,113.54,112.44,113.34,3957,25173
12/24/1987,114.04,115.89,113.94,115.59,4943,27140
12/28/1987,116.29,117.64,116.14,116.94,8918,29390
12/29/1987,117.34,117.34,115.94,116.69,9204,29422
12/30/1987,116.19,116.74,115.99,116.34,3199,28917
12/31/1987,118.44,119.59,118.14,119.39,4263,28593
01/04/1988,118.29,118.59,117.69,118.09,8041,29392
01/05/1988,115.44,115.69,112.74,112.99,17277,28123
01/06/1988,110.24,111.69,110.09,111.49,16557,26761
01/07/1988,112.14,112.34,111.29,111.34,6756,26751
01/08/1988,110.84,112.04,110.44,111.74,8210,26622
01/11/1988,112.84,113.04,112.34,112.44,5308,27080
01/12/1988,112.69,113.29,112.39,112.89,6845,26632
01/13/1988,114.04,114.14,112.69,113.09,10247,26947
01/14/1988,112.74,113.24,112.29,113.14,4756,27141
01/15/1988,113.34,113.64,106.94,107.94,17860,27821
01/18/1988,107.84,108.54,107.49,108.04,8235,26780
01/19/1988,107.79,109.14,107.49,108.39,8425,26954
01/20/1988,109.89,110.49,109.34,110.39,13029,30417
01/21/1988,110.09,110.64,109.79,110.19,7384,30391
01/22/1988,109.14,109.69,108.74,109.34,5618,30863
01/25/1988,108.59,108.59,107.44,107.74,6441,31119
01/26/1988,107.84,108.54,107.14,108.09,16627,33956
01/27/1988,108.14,109.09,107.64,108.84,9684,33585
01/28/1988,108.69,109.24,108.54,109.04,8075,35244
01/29/1988,107.64,107.94,107.09,107.24,10700,36094
02/01/1988,106.44,106.94,106.14,106.54,12276,36868
02/02/1988,106.64,108.09,106.54,107.99,12879,36291
02/03/1988,107.39,107.84,106.84,107.04,9706,35508
02/04/1988,106.54,107.64,106.39,107.44,8277,35600
02/05/1988,106.94,107.34,105.74,106.24,14075,37423
02/08/1988,105.79,106.34,105.44,105.59,12370,39873
02/09/1988,105.24,105.84,104.79,105.59,20284,39784
02/10/1988,106.74,107.29,106.49,106.74,11335,39469
02/11/1988,106.84,107.09,106.39,106.69,5864,38634
02/12/1988,105.94,106.44,103.94,104.94,10066,40329
02/16/1988,105.04,106.24,104.89,105.79,10169,41144
02/17/1988,105.39,106.24,105.29,106.19,7909,41654
02/18/1988,105.94,106.24,105.14,105.34,8690,41668
02/19/1988,105.79,106.19,105.64,105.74,10402,42252
02/22/1988,106.44,107.54,106.44,107.14,16715,43090
02/23/1988,107.59,107.94,107.14,107.39,13669,43728
02/24/1988,107.44,107.79,107.04,107.34,5865,42615
02/25/1988,106.94,107.74,106.84,107.69,6675,42475
02/26/1988,108.04,108.49,107.99,108.19,10288,43871
02/29/1988,108.19,108.44,107.84,108.29,7928,43301
03/01/1988,108.29,108.84,108.24,108.59,8364,44359
03/02/1988,107.69,108.24,107.49,107.79,10595,43604
03/03/1988,107.84,107.99,107.79,107.89,5528,43771
03/04/1988,107.89,108.64,107.59,108.44,10340,45146
03/07/1988,111.39,113.34,111.29,113.19,24257,47728
03/08/1988,114.24,115.74,113.64,115.24,27479,49566
03/09/1988,115.29,116.09,115.09,115.84,19893,50881
03/10/1988,115.59,115.69,114.94,115.49,14329,50788
03/11/1988,116.49,116.74,116.19,116.69,23023,52816
03/14/1988,116.94,117.09,115.84,116.64,16190,53310
03/15/1988,116.34,117.24,115.59,116.09,18723,31480
03/16/1988,116.09,116.39,115.79,116.04,10694,32017
03/17/1988,116.24,116.59,113.94,114.49,29196,29503
03/18/1988,113.84,114.14,113.24,113.49,17562,30128
03/21/1988,114.34,114.59,113.94,114.24,14453,30755
03/22/1988,114.19,114.74,113.89,114.39,9560,32282
03/23/1988,114.89,115.29,114.74,115.14,7692,32497
03/24/1988,115.69,115.99,115.29,115.64,13569,31121
03/25/1988,114.34,115.39,113.94,115.24,26609,33888
03/28/1988,116.64,118.54,116.49,118.49,25917,39747
03/29/1988,117.94,118.59,117.59,118.09,14290,39569
03/30/1988,117.84,119.54,117.54,119.34,14566,43715
03/31/1988,120.04,120.44,119.69,120.14,13001,45691
04/04/1988,120.54,121.19,119.99,120.39,9848,46356
04/05/1988,119.79,120.24,119.19,119.64,10566,46050
04/06/1988,119.39,119.49,117.99,118.54,13221,45274
04/07/1988,118.04,119.19,117.69,118.84,14235,46940
04/08/1988,118.69,119.44,118.34,119.34,6606,47004
04/11/1988,117.14,117.44,116.79,117.39,15632,47271
04/12/1988,117.04,117.14,116.54,116.59,12936,46521
04/13/1988,116.24,116.59,115.14,115.44,21871,41918
04/14/1988,115.84,119.59,115.64,119.54,15375,42057
04/15/1988,120.44,120.94,120.24,120.79,10926,42173
04/18/1988,121.59,122.49,121.24,121.69,14274,43374
04/19/1988,121.14,121.49,120.74,120.94,9156,40852
04/20/1988,121.44,121.59,120.99,121.09,8207,40291
04/21/1988,121.39,121.84,121.24,121.29,8338,41572
04/22/1988,120.64,120.84,120.39,120.54,8222,42437
04/25/1988,119.99,120.04,118.99,119.19,9411,40718
04/26/1988,119.74,120.09,119.09,119.19,8379,41030
04/27/1988,118.84,119.79,118.59,119.34,10779,40721
04/28/1988,119.39,119.59,119.04,119.14,11074,40902
04/29/1988,120.24,120.64,119.19,119.24,12685,42376
05/02/1988,118.74,119.24,118.14,118.99,14873,45401
05/03/1988,118.99,119.24,118.74,118.94,5419,45347
05/04/1988,118.14,118.59,117.84,118.44,8835,43276
05/05/1988,118.44,118.74,117.94,118.14,7111,42974
05/06/1988,118.44,118.74,117.79,118.14,9409,44262
05/09/1988,119.99,120.24,119.74,120.09,16468,46735
05/10/1988,120.19,120.39,119.99,120.29,7483,46085
05/11/1988,120.49,120.69,119.84,120.14,12767,44252
05/12/1988,119.94,120.59,119.94,120.29,9825,44569
05/13/1988,121.04,121.24,120.84,121.09,22776,49413
05/16/1988,120.94,121.44,120.64,120.89,9912,48483
05/17/1988,119.79,119.84,117.04,117.99,24354,46116
05/18/1988,117.79,118.79,117.74,118.69,19398,46100
05/19/1988,118.74,118.89,118.44,118.54,6777,44985
05/20/1988,118.39,118.49,118.14,118.49,4534,45358
05/23/1988,118.79,119.09,118.64,118.94,8718,45008
05/24/1988,119.09,119.29,118.64,118.94,7058,45369
05/25/1988,118.44,118.54,118.24,118.44,9156,47618
05/26/1988,118.24,118.49,117.99,118.24,7452,47279
05/27/1988,117.69,117.94,117.44,117.64,12892,46860
05/31/1988,116.69,116.74,115.54,115.59,22130,45172
06/01/1988,114.84,115.09,113.74,113.79,22271,44747
06/02/1988,112.69,112.84,111.54,112.34,26962,46433
06/03/1988,111.94,112.54,111.29,111.94,20582,49508
06/06/1988,112.44,112.49,111.79,111.84,19449,45187
06/07/1988,113.39,113.49,112.94,113.39,12261,46410
06/08/1988,114.25,114.33,112.85,113.09,15636,45089
06/09/1988,113.45,114.45,113.21,114.31,13517,45130
06/10/1988,114.11,114.21,113.67,113.85,10321,44139
06/13/1988,114.35,114.53,113.63,113.91,7628,42487
06/14/1988,113.65,113.71,110.37,110.63,10124,16882
06/15/1988,110.51,110.91,110.39,110.69,4802,16980
06/16/1988,111.29,111.43,110.57,111.01,3946,16562
06/17/1988,110.05,110.43,109.89,110.29,4449,17102
06/20/1988,110.49,110.73,110.09,110.15,3746,16844
06/21/1988,110.43,111.15,110.37,110.87,4366,15849
06/22/1988,109.41,109.47,108.59,108.63,6905,16871
06/23/1988,107.45,108.05,107.31,107.81,7886,16494
06/24/1988,106.41,106.49,103.85,104.37,9037,18642
06/27/1988,101.49,102.35,101.49,101.97,12609,19145
06/28/1988,104.21,104.65,103.19,103.31,9287,17363
06/29/1988,102.81,103.53,102.31,103.11,9728,16824
06/30/1988,102.69,103.43,101.97,102.99,7258,16530
07/01/1988,101.87,102.25,101.17,101.57,5103,17419
07/05/1988,101.47,103.19,101.45,102.87,9590,18456
07/06/1988,103.27,103.61,102.91,103.17,6696,18131
07/07/1988,103.75,103.89,102.81,103.27,8075,18051
07/08/1988,102.95,102.97,101.43,101.71,6251,18123
07/11/1988,101.63,101.71,100.55,100.65,8997,20546
07/12/1988,100.89,101.87,100.55,101.61,8874,19161
07/13/1988,101.39,101.45,100.75,101.41,5601,19004
07/14/1988,101.05,101.27,100.67,100.85,4669,17929
07/15/1988,100.25,100.25,97.75,98.13,7313,17980
07/18/1988,97.65,99.35,97.61,99.15,9687,18991
07/19/1988,100.69,102.25,100.65,102.19,10108,18167
07/20/1988,102.27,102.95,102.01,102.73,8578,17786
07/21/1988,104.43,104.81,103.83,104.67,10904,18069
07/22/1988,105.43,106.37,104.99,106.29,7447,16599
07/25/1988,105.07,105.53,103.61,103.75,7558,16738
07/26/1988,103.83,103.83,102.85,103.09,9443,17942
07/27/1988,102.31,105.55,102.29,104.75,10631,17912
07/28/1988,105.45,105.55,104.03,104.59,9662,17837
07/29/1988,103.55,103.85,102.75,102.79,7207,16199
08/01/1988,103.65,103.69,103.01,103.65,6797,17116
08/02/1988,103.51,103.97,102.67,102.91,10410,18317
08/03/1988,102.65,103.43,102.55,103.25,8655,17597
08/04/1988,102.65,103.31,102.63,103.05,6352,17987
08/05/1988,102.69,102.71,100.87,101.01,12333,20570
08/08/1988,101.67,102.79,101.53,101.85,12041,20623
08/09/1988,102.55,102.89,100.15,100.51,11174,18614
08/10/1988,101.15,101.93,100.61,101.85,9881,18551
08/11/1988,102.15,103.57,101.85,103.51,9182,19252
08/12/1988,103.03,103.95,102.99,103.61,6898,20047
08/15/1988,102.93,103.99,102.87,103.79,8195,19804
08/16/1988,103.07,106.55,102.39,102.53,13107,19773
08/17/1988,102.51,102.65,100.55,101.33,11178,19208
08/18/1988,102.49,102.55,101.27,101.71,7143,18310
08/19/1988,102.33,102.59,101.95,102.35,4050,18196
08/22/1988,100.09,101.25,99.59,100.73,8280,18340
08/23/1988,100.31,101.03,99.69,99.73,8601,18191
08/24/1988,100.45,100.71,99.75,100.67,8648,18023
08/25/1988,101.49,102.61,101.07,102.17,8480,18517
08/26/1988,100.99,101.43,100.45,101.17,8306,20052
08/29/1988,100.81,100.97,100.15,100.19,5220,19584
08/30/1988,101.31,101.71,100.95,101.01,6812,18865
08/31/1988,100.35,100.89,99.95,100.77,10680,19574
09/01/1988,100.15,100.41,98.83,98.97,13163,21556
09/02/1988,99.25,101.37,98.81,101.27,14637,21944
09/06/1988,102.51,103.07,102.19,102.85,15043,20779
09/07/1988,102.99,103.37,102.49,103.23,13924,20834
09/08/1988,102.13,102.33,101.73,102.13,8575,19868
09/09/1988,102.53,102.61,101.93,102.05,6941,19615
09/12/1988,102.03,102.43,101.75,102.09,6332,19100
09/13/1988,102.23,102.35,101.97,102.19,7911,19368
09/14/1988,101.57,101.63,99.81,100.29,12707,19624
09/15/1988,100.21,100.53,100.11,100.25,7092,19741
09/16/1988,99.83,100.45,99.71,100.21,8125,19857
09/19/1988,100.15,100.43,100.09,100.35,5395,19993
09/20/1988,100.71,101.39,100.57,100.77,8693,11241
09/21/1988,100.23,100.45,99.89,100.17,6010,13782
09/22/1988,99.73,99.93,99.11,99.41,9266,16871
09/23/1988,99.25,99.93,99.13,99.73,5442,16130
09/26/1988,98.75,100.03,98.59,99.77,11705,16511
09/27/1988,100.23,100.97,100.19,100.61,8545,16555
09/28/1988,101.17,101.97,101.05,101.89,11143,13398
09/29/1988,101.55,101.59,100.85,101.09,6705,12840
09/30/1988,101.41,102.23,101.23,102.17,8347,12790
10/03/1988,102.37,102.87,102.29,102.75,7463,12797
10/04/1988,102.53,102.77,102.13,102.43,9497,14219
10/05/1988,102.19,102.61,101.99,102.35,6357,13597
10/06/1988,102.25,102.47,102.17,102.23,4056,13538
10/07/1988,102.31,103.45,102.27,102.67,7916,14983
10/10/1988,103.93,104.49,103.83,104.43,7975,16214
10/11/1988,104.83,105.03,104.59,104.67,12409,16853
10/12/1988,105.85,106.71,105.71,106.55,9465,16572
10/13/1988,106.73,108.53,106.55,108.17,12054,18997
10/14/1988,107.41,109.23,107.37,108.87,12260,22023
10/17/1988,108.13,108.63,107.35,107.87,8924,21498
10/18/1988,107.63,108.55,107.55,108.09,5815,20459
10/19/1988,108.07,108.59,107.91,108.05,5507,20109
10/20/1988,109.35,109.71,109.13,109.31,6457,19666
10/21/1988,109.13,109.49,108.71,109.13,8272,20412
10/24/1988,107.89,108.47,107.89,108.35,6537,19854
10/25/1988,108.01,108.95,107.97,108.11,5777,19785
10/26/1988,108.25,109.37,108.25,109.19,11959,19686
10/27/1988,110.83,110.93,109.83,109.99,8174,17911
10/28/1988,109.71,110.45,109.33,110.41,5649,18239
10/31/1988,111.11,111.39,109.37,109.67,10178,19073
11/01/1988,110.07,110.25,109.33,110.09,6581,18924
11/02/1988,110.59,112.07,110.25,111.47,12270,19574
11/03/1988,111.31,111.61,110.95,110.99,4652,19234
11/04/1988,111.35,111.53,109.63,110.07,7635,19170
11/07/1988,110.85,111.49,110.47,111.37,6290,18826
11/08/1988,111.21,111.21,110.19,110.69,8905,21031
11/09/1988,111.83,113.37,111.59,113.07,18320,23924
11/10/1988,112.75,113.63,112.61,113.15,8731,24012
11/11/1988,114.03,115.13,114.03,114.55,7447,22547
11/14/1988,113.91,114.63,113.75,114.15,5912,19766
11/15/1988,114.33,114.49,113.83,114.21,7153,19333
11/16/1988,114.83,116.47,114.33,116.41,10557,20646
11/17/1988,116.83,116.91,115.03,116.35,7654,20866
11/18/1988,115.17,115.47,114.35,115.19,6168,21197
11/21/1988,115.23,116.19,115.09,115.91,5991,20952
11/22/1988,116.29,117.17,115.79,116.97,11390,25045
11/23/1988,116.63,117.53,116.53,117.09,10024,21936
11/25/1988,117.07,118.35,117.07,117.77,5835,22405
11/28/1988,117.65,118.11,117.03,117.59,8815,23054
11/29/1988,117.79,118.95,117.75,117.93,12646,27899
11/30/1988,118.13,118.99,118.03,118.83,11060,28514
12/01/1988,119.11,119.41,118.87,118.95,13985,28395
12/02/1988,118.83,120.31,117.53,120.19,9731,27245
12/05/1988,120.63,120.93,120.45,120.65,11445,27969
12/06/1988,120.75,120.85,119.87,119.91,11763,28783
12/07/1988,118.97,119.01,116.33,117.95,16977,27322
12/08/1988,119.19,119.89,118.79,119.47,14132,29136
12/09/1988,118.39,119.09,118.17,118.79,14132,29136
12/12/1988,118.09,118.49,117.83,118.35,8262,27344
12/13/1988,116.75,117.19,115.75,115.91,16455,28078
12/14/1988,116.15,117.67,115.95,117.09,15266,28178
12/15/1988,117.23,117.59,115.59,116.05,12479,28928
12/16/1988,115.97,116.63,115.17,116.03,9726,28989
12/19/1988,116.45,116.87,116.13,116.41,9726,28989
12/20/1988,114.85,115.19,113.59,113.69,9281,17494
12/21/1988,114.69,115.09,114.49,114.69,6450,16187
12/22/1988,114.49,114.51,113.91,114.27,2229,16112
12/23/1988,114.29,114.67,113.97,114.53,724,16137
12/27/1988,114.65,114.77,114.19,114.29,1012,16248
12/28/1988,113.13,113.57,112.49,113.19,6465,17146
12/29/1988,113.39,113.73,113.19,113.45,2513,16976
12/30/1988,115.35,115.59,114.89,115.51,3181,16277
01/03/1989,116.99,117.39,116.39,116.57,6587,16166
01/04/1989,115.75,115.85,114.79,115.35,13920,16712
01/05/1989,114.85,114.89,113.73,113.83,9061,16844
01/06/1989,112.89,113.09,111.89,112.11,14212,19431
01/09/1989,110.89,111.93,110.39,111.81,12110,18188
01/10/1989,111.33,111.51,110.53,110.99,9096,19041
01/11/1989,111.83,113.39,111.75,112.99,14276,22701
01/12/1989,113.41,113.69,112.59,112.91,6513,23361
01/13/1989,111.55,113.09,111.15,111.27,14155,24359
01/16/1989,110.77,111.01,110.25,110.65,8982,25204
01/17/1989,111.71,111.85,111.19,111.75,8075,25459
01/18/1989,110.71,112.59,109.79,109.83,8944,25616
01/19/1989,109.79,111.09,109.35,111.05,11762,26414
01/20/1989,110.75,112.63,110.75,112.35,9977,24619
01/23/1989,111.51,112.79,111.29,112.15,8838,26023
01/24/1989,112.65,112.87,111.33,111.67,9521,25731
01/25/1989,111.67,112.11,111.23,112.05,8095,25091
01/26/1989,112.23,112.35,111.49,111.69,7821,24632
01/27/1989,111.33,111.75,110.55,110.81,17169,24281
01/30/1989,110.41,111.29,110.41,111.17,12675,25679
01/31/1989,111.03,111.11,109.83,110.11,10014,24733
02/01/1989,109.75,110.59,109.65,109.95,17352,26631
02/02/1989,109.79,110.25,109.25,109.49,14126,24213
02/03/1989,109.53,110.19,108.69,109.11,14740,26022
02/06/1989,108.09,108.85,107.89,108.71,11933,27548
02/07/1989,108.77,109.59,108.59,108.71,8821,28030
02/08/1989,109.15,109.59,109.05,109.35,5502,28284
02/09/1989,110.71,111.35,110.41,111.15,9282,27154
02/10/1989,112.31,112.39,109.59,109.79,18975,23778
02/13/1989,110.03,110.51,109.73,110.49,8061,23834
02/14/1989,111.03,112.71,110.59,112.39,12633,22960
02/15/1989,112.15,113.43,111.57,112.55,13272,23653
02/16/1989,111.83,112.71,111.69,112.35,11567,22547
02/17/1989,113.01,113.43,112.09,112.99,9601,23396
02/21/1989,110.67,111.01,109.87,110.07,14342,23718
02/22/1989,109.89,110.57,109.69,109.97,10112,23395
02/23/1989,110.75,111.99,110.43,111.65,12788,22411
02/24/1989,110.89,111.33,110.29,110.89,9139,22146
02/27/1989,110.59,110.93,109.11,109.41,14236,24284
02/28/1989,109.39,110.13,109.21,109.73,11543,25427
03/01/1989,108.29,108.33,107.31,107.71,23269,28138
03/02/1989,107.71,108.49,106.71,106.77,17502,30542
03/03/1989,107.85,108.13,107.23,107.57,12513,31925
03/06/1989,108.21,108.25,107.55,107.91,12030,32901
03/07/1989,107.95,107.97,107.17,107.51,12432,33681
03/08/1989,107.61,107.87,106.99,107.13,16631,35002
03/09/1989,107.31,107.89,107.27,107.83,15190,37922
03/10/1989,107.89,107.93,107.07,107.59,12066,39822
03/13/1989,107.49,107.51,106.79,107.07,6550,39478
03/14/1989,107.05,108.59,107.03,108.57,11796,21807
03/15/1989,108.13,108.51,107.45,107.85,15107,20601
03/16/1989,107.89,108.13,107.35,107.83,5692,21052
03/17/1989,107.45,107.55,106.95,107.19,4792,21199
03/20/1989,107.21,107.87,106.63,107.79,8364,22104
03/21/1989,107.49,108.57,107.43,108.47,14836,21832
03/22/1989,107.99,108.59,107.91,108.43,6749,22182
03/23/1989,108.53,108.81,107.69,108.17,5620,21980
03/27/1989,107.03,107.03,106.59,106.75,5627,22172
03/28/1989,105.79,106.23,104.29,104.35,14608,20873
03/29/1989,104.49,105.19,104.35,104.59,7706,20951
03/30/1989,104.73,104.83,103.43,104.41,6602,21434
03/31/1989,104.93,105.01,104.39,104.73,5215,21413
04/03/1989,103.95,104.85,103.85,104.81,7027,21797
04/04/1989,106.15,107.07,106.05,106.79,7406,21210
04/05/1989,105.67,106.39,105.67,106.19,4592,20920
04/06/1989,106.05,106.67,106.03,106.31,4459,21576
04/07/1989,106.23,106.89,105.39,105.45,8954,22077
04/10/1989,105.43,106.09,105.35,105.57,5627,22619
04/11/1989,105.87,106.05,104.79,105.01,6830,22731
04/12/1989,105.11,105.49,104.87,105.17,5647,22795
04/13/1989,105.89,106.39,105.47,105.91,7872,22433
04/14/1989,105.49,106.77,105.37,106.69,8039,22808
04/17/1989,106.89,107.81,106.85,107.49,10958,22745
04/18/1989,107.01,108.27,107.01,107.83,9567,22706
04/19/1989,107.33,107.61,107.11,107.39,9131,21118
04/20/1989,107.03,108.19,106.87,107.89,7086,20581
04/21/1989,107.57,107.87,107.29,107.37,5081,20623
04/24/1989,107.07,107.15,106.43,106.75,5675,20218
04/25/1989,106.27,106.65,105.93,106.03,5550,19667
04/26/1989,106.01,106.19,104.91,105.13,10472,18166
04/27/1989,105.43,105.59,105.03,105.33,6189,18533
04/28/1989,105.01,105.25,104.51,104.85,6795,18096
05/01/1989,104.37,104.73,104.11,104.19,6130,18056
05/02/1989,104.47,104.91,104.41,104.45,7506,19646
05/03/1989,104.77,105.03,104.21,104.39,6008,19785
05/04/1989,104.81,105.25,104.35,104.45,6292,19720
05/05/1989,103.99,105.89,103.55,103.95,11360,22001
05/08/1989,103.91,104.09,102.49,102.75,11779,25071
05/09/1989,102.71,103.25,102.13,103.07,9360,27851
05/10/1989,103.37,104.23,103.09,103.81,5984,27764
05/11/1989,102.89,103.33,102.49,103.05,5173,28042
05/12/1989,102.73,104.79,102.33,102.53,11496,27928
05/15/1989,100.25,101.01,100.05,100.43,8272,27737
05/16/1989,100.99,101.19,100.27,100.75,5788,27444
05/17/1989,100.01,100.49,97.39,97.75,12131,27360
05/18/1989,97.43,98.63,96.99,97.91,6684,27147
05/19/1989,98.53,98.81,97.79,97.95,5322,27041
05/22/1989,94.17,94.95,94.13,94.17,10578,26697
05/23/1989,94.71,94.95,92.59,92.97,8834,27346
05/24/1989,93.79,93.89,92.95,93.13,9882,28172
05/25/1989,93.89,95.33,93.49,95.23,8650,28258
05/26/1989,97.29,97.47,95.11,95.61,8654,29283
05/30/1989,93.29,93.67,92.09,93.41,15021,29191
05/31/1989,92.87,94.31,92.79,93.79,10268,27640
06/01/1989,94.01,94.39,93.57,94.27,13263,26476
06/02/1989,94.97,97.23,94.19,97.13,9915,24974
06/05/1989,95.37,95.39,93.25,93.35,13716,28014
06/06/1989,93.05,94.19,93.01,94.09,14994,28047
06/07/1989,94.75,95.17,94.15,94.27,13664,29540
06/08/1989,94.11,94.67,93.81,94.35,10480,29385
06/09/1989,93.11,93.25,91.21,91.51,13357,29784
06/12/1989,89.57,90.05,88.85,89.35,14594,29103
06/13/1989,88.61,89.37,88.17,89.17,14314,28015
06/14/1989,88.41,88.61,87.87,87.97,14261,29695
06/15/1989,87.15,92.51,86.21,91.19,18523,29312
06/16/1989,89.81,91.61,89.61,91.03,16568,32809
06/19/1989,90.61,92.29,90.51,91.27,12161,24575
06/20/1989,93.11,93.11,90.51,90.67,10995,22314
06/21/1989,90.53,92.71,90.37,92.55,7291,20465
06/22/1989,92.71,93.89,90.91,93.15,9837,21452
06/23/1989,93.81,94.91,92.73,93.97,9262,21331
06/26/1989,92.35,92.49,90.91,91.89,9498,21846
06/27/1989,93.13,94.35,93.11,93.67,9780,21618
06/28/1989,93.35,93.91,92.61,93.29,11065,20610
06/29/1989,93.45,93.91,91.41,91.51,8460,22919
06/30/1989,92.11,93.01,91.87,92.93,9937,23390
07/03/1989,94.31,95.31,94.21,94.99,6806,19785
07/05/1989,97.17,100.33,97.13,100.25,17843,19910
07/06/1989,99.51,100.33,98.95,100.15,15481,19253
07/07/1989,99.65,101.01,99.07,100.43,11028,19144
07/10/1989,101.81,101.91,100.91,101.23,8410,18874
07/11/1989,99.51,100.19,99.31,99.71,7806,19052
07/12/1989,99.33,100.21,99.27,100.09,4482,19411
07/13/1989,99.95,100.31,99.15,99.57,5475,19252
07/14/1989,99.47,100.51,97.91,97.95,11718,23729
07/17/1989,98.59,99.01,98.13,98.85,4738,23802
07/18/1989,97.65,100.31,97.43,100.05,13621,25834
07/19/1989,99.61,100.11,98.61,98.77,7342,20728
07/20/1989,98.93,100.71,98.61,99.81,10474,25179
07/21/1989,100.49,100.91,99.19,99.51,11912,26290
07/24/1989,99.73,100.33,99.05,100.13,4986,24082
07/25/1989,100.29,101.53,99.73,101.33,7057,25995
07/26/1989,102.03,103.47,101.95,103.39,13410,27464
07/27/1989,103.93,104.21,102.99,103.07,7294,26353
07/28/1989,103.29,103.29,101.71,102.95,9213,27504
07/31/1989,104.03,104.41,103.53,104.11,7226,26345
08/01/1989,103.43,104.11,102.53,104.09,11033,26611
08/02/1989,103.85,104.25,103.11,103.25,9042,26697
08/03/1989,102.25,102.59,100.79,101.47,10890,23372
08/04/1989,101.41,101.65,98.21,98.31,14549,21302
08/07/1989,98.21,98.77,97.07,97.51,12141,20091
08/08/1989,100.47,100.49,99.75,100.21,9932,19115
08/09/1989,99.67,100.91,99.27,100.39,8759,18012
08/10/1989,101.21,101.41,99.61,99.73,7977,17903
08/11/1989,97.35,98.31,95.81,95.99,13950,20516
08/14/1989,96.63,97.09,95.39,95.49,14905,22833
08/15/1989,95.53,96.17,95.07,95.89,7756,23192
08/16/1989,95.55,96.61,95.15,96.11,8146,23353
08/17/1989,94.87,95.27,93.51,94.15,9478,24664
08/18/1989,94.31,94.97,94.17,94.65,9366,24702
08/21/1989,95.21,96.01,95.15,95.45,5843,23205
08/22/1989,95.59,97.19,95.55,96.99,7740,23171
08/23/1989,95.47,95.91,94.91,95.43,12126,23684
08/24/1989,94.91,95.75,94.65,95.67,8258,25011
08/25/1989,95.25,95.67,94.87,94.97,3719,22286
08/28/1989,94.67,95.11,94.45,94.75,3604,22623
08/29/1989,96.21,97.35,95.31,96.85,9807,22063
08/30/1989,97.11,97.61,95.87,95.95,6136,22512
08/31/1989,95.25,95.91,94.77,95.25,8449,21958
09/01/1989,95.03,95.41,93.77,93.95,8448,22768
09/05/1989,92.61,92.91,91.91,92.17,25904,27284
09/06/1989,93.25,93.89,93.07,93.45,15604,29006
09/07/1989,92.71,93.41,92.63,93.35,11719,30835
09/08/1989,93.21,93.69,92.39,92.51,8424,30898
09/11/1989,92.65,93.29,92.59,92.91,9971,31609
09/12/1989,93.59,93.89,93.11,93.39,11667,33076
09/13/1989,93.99,94.69,93.65,94.45,11853,32949
09/14/1989,94.83,95.39,93.71,93.93,12471,35023
09/15/1989,94.37,96.59,92.29,96.29,23300,34445
09/18/1989,94.39,96.39,94.39,96.03,12816,22716
09/19/1989,95.49,96.25,95.33,95.93,8127,20686
09/20/1989,96.59,97.29,96.57,97.11,8991,19969
09/21/1989,96.73,97.09,96.47,96.87,4961,19914
09/22/1989,96.71,97.07,95.95,96.11,5419,19846
09/25/1989,99.65,100.59,99.59,100.53,12433,20294
09/26/1989,99.43,101.49,99.43,100.93,18484,24998
09/27/1989,100.63,101.05,99.79,100.41,10197,25965
09/28/1989,99.41,100.19,99.29,100.07,9106,27388
09/29/1989,101.09,101.61,100.25,100.71,7681,24441
10/02/1989,100.55,101.03,100.09,100.31,4641,23944
10/03/1989,100.09,100.43,98.79,99.25,6159,23984
10/04/1989,99.55,99.67,98.93,99.15,10814,23558
10/05/1989,99.29,101.59,99.25,99.93,11497,24471
10/06/1989,98.63,100.29,98.63,99.25,10525,24047
10/09/1989,96.17,96.83,95.19,95.75,9919,21714
10/10/1989,95.59,95.79,93.61,94.09,21209,20312
10/11/1989,94.05,94.05,92.61,93.55,14080,20786
10/12/1989,93.71,94.49,93.29,94.01,8783,20112
10/13/1989,94.51,95.79,93.39,95.73,11315,20998
10/16/1989,97.69,97.79,95.79,96.75,11076,20773
10/17/1989,96.59,97.99,96.35,96.45,7875,20320
10/18/1989,97.99,98.37,97.49,98.05,7537,20158
10/19/1989,99.19,99.59,98.21,98.61,7108,20463
10/20/1989,98.07,98.23,97.55,97.93,8748,20115
10/23/1989,98.23,99.49,98.09,99.31,8051,21057
10/24/1989,98.75,100.29,98.73,99.93,10728,20834
10/25/1989,99.77,100.69,99.69,100.63,8048,22184
10/26/1989,100.19,100.63,96.89,96.99,13470,23277
10/27/1989,96.49,97.41,96.19,97.09,12576,23699
10/30/1989,96.63,97.69,96.51,97.39,7080,23657
10/31/1989,97.37,97.79,96.95,97.45,4934,22915
11/01/1989,97.29,97.65,96.71,96.83,7131,22419
11/02/1989,96.15,96.59,95.55,96.35,8592,23237
11/03/1989,96.49,96.85,95.71,96.49,8442,23761
11/06/1989,96.79,97.55,96.75,97.17,5638,23848
11/07/1989,97.73,98.09,97.33,97.93,8171,24028
11/08/1989,98.19,98.43,97.99,98.33,5976,23660
11/09/1989,98.31,98.59,97.63,97.77,6038,23387
11/10/1989,98.05,98.09,97.09,97.31,6214,23466
11/13/1989,97.01,98.07,96.89,97.95,7468,25033
11/14/1989,97.89,99.49,97.49,99.09,12298,26727
11/15/1989,98.05,98.29,97.35,97.83,12168,26200
11/16/1989,97.41,97.99,96.59,97.31,8179,28298
11/17/1989,97.13,97.35,96.39,96.57,12908,25373
11/20/1989,95.67,96.03,95.19,95.57,15882,23385
11/21/1989,96.65,97.07,96.05,96.93,12778,23589
11/22/1989,96.39,96.81,95.97,96.29,8037,22842
11/24/1989,96.11,96.71,95.99,96.05,6237,25391
11/27/1989,95.69,96.29,95.61,95.93,9908,27955
11/28/1989,96.07,97.17,95.97,96.75,9296,28133
11/29/1989,96.47,96.91,96.29,96.67,7632,27709
11/30/1989,96.81,97.39,96.79,97.31,10879,23429
12/01/1989,96.65,96.83,96.41,96.53,4188,23377
12/04/1989,96.77,96.81,96.35,96.45,6143,23064
12/05/1989,96.79,97.55,96.75,97.13,9458,23704
12/06/1989,97.75,98.23,97.55,97.95,14475,26181
12/07/1989,97.89,98.43,97.79,98.19,11297,26865
12/08/1989,98.53,98.93,98.03,98.47,12037,27514
12/11/1989,98.73,100.01,98.67,99.91,15942,29007
12/12/1989,100.69,101.53,100.39,101.29,16645,29753
12/13/1989,101.17,101.39,99.69,100.45,18365,30268
12/14/1989,100.43,100.69,100.13,100.45,7290,30317
12/15/1989,100.63,101.53,100.53,100.93,7090,29696
12/18/1989,100.65,101.33,100.45,101.27,4316,18322
12/19/1989,100.95,101.05,100.41,100.61,3654,18702
12/20/1989,100.47,101.91,100.39,101.31,6853,19979
12/21/1989,101.73,102.27,101.63,102.19,9322,24566
12/22/1989,102.53,103.33,102.53,102.99,5821,25832
12/26/1989,103.47,103.59,103.21,103.37,3968,26346
12/27/1989,103.41,103.83,103.03,103.57,6141,24254
12/28/1989,102.91,102.91,100.49,100.63,9850,22433
12/29/1989,101.83,102.37,101.53,101.91,6238,19835
01/02/1990,103.03,103.13,101.23,101.37,7096,19685
01/03/1990,102.09,102.27,101.61,101.91,7495,19760
01/04/1990,103.09,104.83,102.87,104.59,11911,21555
01/05/1990,103.69,105.03,103.63,104.75,9776,23095
01/08/1990,105.83,106.59,105.67,106.43,8756,23360
01/09/1990,106.47,106.77,105.89,106.65,7283,23799
01/10/1990,107.09,107.67,106.63,107.41,8444,23812
01/11/1990,106.95,107.19,106.51,107.03,5674,23773
01/12/1990,107.47,108.41,107.31,107.59,7813,23968
01/15/1990,108.29,108.33,107.11,107.35,6241,23586
01/16/1990,106.45,107.17,106.35,106.93,8153,23065
01/17/1990,106.33,107.13,105.81,106.33,13510,22303
01/18/1990,105.69,106.37,105.53,105.73,8007,22604
01/19/1990,105.33,106.29,105.03,105.99,6682,22826
01/22/1990,105.47,105.57,104.71,105.07,7842,22006
01/23/1990,105.69,106.97,105.21,106.43,9814,23503
01/24/1990,107.33,107.63,106.43,106.55,7684,23438
01/25/1990,107.03,107.51,106.77,107.35,6021,23647
01/26/1990,107.87,108.13,107.01,107.93,6862,23911
01/29/1990,109.35,109.71,109.05,109.67,9999,25167
01/30/1990,109.77,110.25,106.93,108.79,14089,26394
01/31/1990,109.83,110.05,109.23,109.63,7491,26743
02/01/1990,110.03,110.37,109.71,110.07,8022,27255
02/02/1990,109.93,110.15,109.45,110.09,5457,27518
02/05/1990,110.91,111.81,110.79,111.73,9215,28752
02/06/1990,112.17,112.31,111.61,111.99,8058,29057
02/07/1990,112.27,112.27,111.07,111.31,9289,28238
02/08/1990,110.97,111.25,110.49,111.13,8428,28902
02/09/1990,110.99,111.63,110.63,111.43,8778,29263
02/12/1990,111.33,111.73,111.17,111.27,10059,32418
02/13/1990,110.43,111.27,110.23,110.89,16622,33272
02/14/1990,111.49,111.75,111.39,111.59,7136,33135
02/15/1990,111.61,111.75,110.63,110.79,12452,30949
02/16/1990,110.69,111.87,110.03,111.71,10368,31328
02/20/1990,112.89,113.39,112.41,113.35,22235,32353
02/21/1990,113.69,113.89,113.33,113.59,9262,33022
02/22/1990,113.53,114.01,113.29,113.43,11489,33847
02/23/1990,113.31,113.81,112.93,113.37,7576,33387
02/26/1990,112.31,112.39,111.09,111.13,17867,30218
02/27/1990,111.09,111.77,111.05,111.47,7242,30304
02/28/1990,111.17,111.67,110.43,110.55,13865,30640
03/01/1990,109.53,109.61,108.55,108.79,24412,28971
03/02/1990,108.97,108.99,106.93,107.45,14543,28847
03/05/1990,107.39,107.49,106.13,107.07,17262,27958
03/06/1990,107.91,107.91,107.09,107.37,8262,27291
03/07/1990,106.63,107.11,106.33,107.03,9306,27825
03/08/1990,107.27,107.35,106.69,107.01,8960,28109
03/09/1990,105.17,105.37,104.17,104.29,26085,29647
03/12/1990,103.99,104.19,103.53,103.87,33761,32044
03/13/1990,102.87,104.57,102.69,104.05,21479,30905
03/14/1990,103.51,104.21,103.43,103.97,6859,30971
03/15/1990,103.93,105.47,103.79,105.33,11833,30738
03/16/1990,105.35,105.87,104.71,105.03,9636,30282
03/19/1990,104.83,104.91,103.97,104.47,9432,31194
03/20/1990,105.15,105.27,102.89,103.15,15603,19278
03/21/1990,102.23,102.97,102.07,102.55,10313,19531
03/22/1990,102.61,103.89,102.57,103.63,9886,19383
03/23/1990,103.41,103.93,103.23,103.63,6576,20005
03/26/1990,104.79,105.83,104.39,105.45,11990,20548
03/27/1990,105.29,106.13,105.01,105.77,12082,21909
03/28/1990,105.87,106.55,105.79,106.11,11400,20150
03/29/1990,106.57,107.07,106.45,106.97,8704,20503
03/30/1990,107.53,108.47,107.39,108.29,16480,20876
04/02/1990,105.87,107.17,105.83,107.15,11465,20344
04/03/1990,106.75,107.39,106.59,107.15,7571,20703
04/04/1990,107.85,107.97,107.51,107.63,7432,21240
04/05/1990,108.17,108.21,107.65,107.77,10518,26850
04/06/1990,107.59,108.07,107.23,107.79,7609,26374
04/09/1990,107.67,107.83,106.93,107.09,6860,26947
04/10/1990,107.05,108.09,106.97,108.05,15604,24563
04/11/1990,107.87,108.43,107.83,108.09,8367,24425
04/12/1990,108.11,108.25,107.99,108.13,2609,24758
04/16/1990,106.87,107.27,106.75,107.05,6501,24502
04/17/1990,106.57,107.75,106.27,107.65,13076,25238
04/18/1990,107.41,108.17,107.07,107.97,10367,22279
04/19/1990,108.89,109.01,108.03,108.63,13059,24472
04/20/1990,108.29,108.33,107.47,108.09,7339,24103
04/23/1990,107.67,107.79,107.47,107.59,5669,23810
04/24/1990,107.55,107.97,107.31,107.59,6849,23953
04/25/1990,106.89,108.07,106.79,107.85,13158,24104
04/26/1990,107.85,107.85,107.37,107.53,8756,22229
04/27/1990,107.61,108.17,107.29,107.71,10663,22263
04/30/1990,107.81,108.51,107.59,108.47,12647,25039
05/01/1990,108.07,108.91,107.89,108.79,17800,26191
05/02/1990,108.37,108.75,108.27,108.61,7834,25720
05/03/1990,108.61,108.91,108.55,108.69,8591,25295
05/04/1990,109.29,111.15,109.07,111.03,19666,27690
05/07/1990,110.97,111.61,110.93,111.31,9225,28152
05/08/1990,111.63,111.67,111.23,111.51,10133,28567
05/09/1990,112.33,112.65,111.99,112.29,12396,29328
05/10/1990,111.97,112.35,111.63,112.29,8564,29151
05/11/1990,112.41,113.19,112.17,112.35,12119,31555
05/14/1990,112.77,112.93,112.57,112.79,7601,30858
05/15/1990,113.35,113.51,111.81,111.97,13648,31004
05/16/1990,112.39,113.03,112.27,112.75,11713,30368
05/17/1990,113.89,114.37,113.55,113.95,24757,37479
05/18/1990,114.03,114.21,113.63,113.83,10495,38599
05/21/1990,114.11,114.23,113.27,113.51,10261,39431
05/22/1990,113.55,114.27,113.53,114.09,9414,39800
05/23/1990,114.71,114.83,113.67,114.25,19038,40725
05/24/1990,113.97,114.43,113.55,113.81,12373,39172
05/25/1990,114.07,114.19,113.81,113.91,5524,39152
05/29/1990,114.31,114.67,114.27,114.45,8236,39243
05/30/1990,115.59,115.63,114.17,114.69,17555,38687
05/31/1990,113.17,113.43,112.69,112.91,18592,37655
06/01/1990,113.27,114.49,113.05,113.29,26697,38236
06/04/1990,112.47,112.97,111.97,112.77,15315,36434
06/05/1990,112.99,114.07,112.75,113.89,18054,33610
06/06/1990,113.97,114.37,113.85,114.15,10104,33363
06/07/1990,114.07,114.39,113.89,114.35,9931,33988
06/08/1990,114.05,114.05,113.35,113.85,12791,32372
06/11/1990,114.07,114.31,113.97,114.15,17547,31706
06/12/1990,116.05,116.15,115.59,115.91,26105,35453
06/13/1990,116.21,116.89,116.17,116.79,23847,38803
06/14/1990,116.95,117.09,116.07,116.51,14132,39367
06/15/1990,116.23,117.05,115.65,116.65,14718,41745
06/18/1990,116.43,117.21,116.37,117.05,8403,39696
06/19/1990,116.95,118.17,116.85,118.07,7865,31926
06/20/1990,117.69,118.15,117.57,117.87,8145,32616
06/21/1990,118.01,118.45,117.79,118.07,6303,32760
06/22/1990,118.63,119.35,118.37,119.03,8966,33517
06/25/1990,119.09,119.17,118.65,118.77,5954,33516
06/26/1990,119.13,119.99,118.93,119.89,9643,34467
06/27/1990,120.25,120.59,120.05,120.21,8227,33926
06/28/1990,119.65,120.19,119.55,119.89,8075,34473
06/29/1990,120.33,120.95,120.29,120.91,7948,35653
07/02/1990,121.81,123.17,121.79,123.11,12194,35803
07/03/1990,123.13,124.23,122.87,123.71,14856,37087
07/05/1990,124.77,124.93,123.73,124.21,12531,37404
07/06/1990,124.75,124.99,124.11,124.73,9745,37228
07/09/1990,127.03,127.21,126.49,126.97,13567,39451
07/10/1990,128.11,128.49,126.75,128.41,21178,38080
07/11/1990,126.75,126.87,125.65,126.27,15619,37160
07/12/1990,124.71,128.15,124.47,127.33,22739,36931
07/13/1990,126.97,127.31,126.15,126.59,9831,36784
07/16/1990,126.41,127.09,126.31,126.51,12406,37941
07/17/1990,127.29,128.05,127.01,128.01,11702,37195
07/18/1990,128.75,128.97,127.03,127.85,20338,37863
07/19/1990,127.63,128.31,127.55,128.05,11835,38293
07/20/1990,127.83,128.25,127.71,128.09,7010,37503
07/23/1990,128.37,129.35,128.05,129.13,14714,38261
07/24/1990,128.95,129.23,127.73,128.09,17316,40013
07/25/1990,127.55,127.97,127.05,127.43,15908,39751
07/26/1990,127.79,128.21,127.61,128.05,10407,39050
07/27/1990,129.25,130.73,129.15,130.59,16763,38228
07/30/1990,131.09,131.53,130.89,131.43,8026,37831
07/31/1990,132.11,133.25,131.97,133.17,15258,38002
08/01/1990,132.23,132.55,131.65,132.39,12195,37397
08/02/1990,130.45,132.75,130.45,132.33,18009,40060
08/03/1990,132.67,133.55,132.05,132.27,9812,40449
08/06/1990,134.63,134.85,133.81,133.99,12210,38611
08/07/1990,134.85,134.99,134.03,134.37,14323,39646
08/08/1990,133.69,134.23,132.93,133.99,10160,39953
08/09/1990,133.95,134.35,133.71,133.85,5772,40222
08/10/1990,133.81,134.51,133.61,134.33,6342,40658
08/13/1990,135.69,135.97,135.19,135.29,8252,40995
08/14/1990,135.79,137.15,135.61,137.01,13340,41412
08/15/1990,137.85,138.15,137.01,137.15,17698,42643
08/16/1990,136.93,138.55,136.65,138.47,16487,42510
08/17/1990,138.35,140.01,137.85,139.75,10968,42992
08/20/1990,139.47,139.57,138.55,138.63,11594,44259
08/21/1990,138.47,139.93,138.39,138.51,15833,43766
08/22/1990,139.71,140.53,139.67,140.09,13904,43161
08/23/1990,142.93,143.53,142.51,143.47,24317,43732
08/24/1990,142.05,143.15,141.27,141.47,19721,44502
08/27/1990,142.67,142.71,141.35,141.95,13508,44650
08/28/1990,142.63,142.81,142.07,142.11,12809,43876
08/29/1990,142.55,142.77,141.87,142.11,12232,42910
08/30/1990,139.85,140.75,138.89,139.53,19851,43620
08/31/1990,136.45,137.55,136.45,136.93,23355,39839
09/04/1990,136.07,136.11,135.25,135.87,27669,41385
09/05/1990,137.53,138.75,137.17,138.53,27439,38905
09/06/1990,138.85,139.25,138.15,139.19,18660,38704
09/07/1990,137.71,138.21,136.69,137.37,19582,39682
09/10/1990,135.05,135.05,132.95,133.27,34842,41646
09/11/1990,132.03,134.01,131.97,133.71,20770,41369
09/12/1990,135.01,135.13,134.07,134.13,25152,36676
09/13/1990,134.01,136.61,133.89,136.55,18922,37805
09/14/1990,137.03,138.81,136.61,138.05,23231,38312
09/17/1990,139.05,139.91,138.59,139.81,19621,40590
09/18/1990,139.79,140.91,139.61,139.77,17878,24163
09/19/1990,138.61,138.71,136.31,136.87,15537,24350
09/20/1990,136.11,136.41,135.01,136.11,13595,23428
09/21/1990,133.25,134.25,132.91,133.01,16929,23998
09/24/1990,136.99,137.27,136.11,137.11,16246,24706
09/25/1990,137.73,138.01,135.25,135.69,15242,24191
09/26/1990,135.25,136.21,134.61,135.71,15033,25974
09/27/1990,136.09,136.91,135.21,136.85,16194,27754
09/28/1990,136.11,136.51,135.53,136.27,7675,28248
10/01/1990,138.15,138.21,136.79,136.99,15442,26379
10/02/1990,137.13,137.95,136.89,137.83,9246,25620
10/03/1990,138.33,139.21,138.11,139.09,18071,28200
10/04/1990,139.77,140.31,139.61,140.17,12633,27962
10/05/1990,140.81,145.91,140.65,145.65,29721,31606
10/08/1990,146.91,147.31,145.97,147.17,18188,32685
10/09/1990,146.51,147.11,145.89,146.09,16731,33194
10/10/1990,145.97,146.95,145.67,146.29,14703,33219
10/11/1990,146.01,147.79,145.41,147.51,14800,34140
10/12/1990,147.01,147.35,146.19,146.35,11453,33591
10/15/1990,144.71,145.27,144.15,144.47,13558,32439
10/16/1990,143.15,146.17,143.15,146.07,21009,30843
10/17/1990,146.83,146.89,145.21,145.55,15717,31019
10/18/1990,145.49,147.01,144.71,146.83,19832,30344
10/19/1990,145.39,146.13,144.61,145.43,12572,29790
10/22/1990,145.29,145.35,143.97,144.05,16048,32758
10/23/1990,144.69,145.21,143.91,144.03,15029,35650
10/24/1990,144.41,146.07,144.21,145.83,15054,37150
10/25/1990,145.77,145.85,144.93,145.17,12959,37972
10/26/1990,145.75,145.99,145.17,145.59,10269,35454
10/29/1990,145.65,145.65,144.49,144.75,14770,34314
10/30/1990,144.75,145.71,143.89,145.43,18136,32504
10/31/1990,144.53,144.99,144.21,144.61,15536,34086
11/01/1990,143.53,145.61,143.49,144.67,26416,35035
11/02/1990,145.99,145.99,144.81,145.91,11244,33933
11/05/1990,146.55,147.91,146.25,147.73,15639,37252
11/06/1990,147.03,147.81,146.63,146.71,17555,37001
11/07/1990,147.39,148.07,146.71,146.95,12223,38145
11/08/1990,146.29,147.57,146.21,147.11,13198,39144
11/09/1990,146.71,147.15,146.61,146.85,9305,37633
11/12/1990,147.01,147.05,146.41,146.61,6230,40037
11/13/1990,146.65,147.11,146.43,146.67,16222,40626
11/14/1990,146.71,146.87,145.65,146.41,19735,40209
11/15/1990,146.43,146.63,146.07,146.17,10880,40331
11/16/1990,146.27,147.41,146.17,147.29,15911,42259
11/19/1990,148.13,148.35,147.43,147.87,11480,41081
11/20/1990,147.65,148.03,146.71,147.05,12273,41203
11/21/1990,147.15,147.81,146.95,147.59,9946,40654
11/23/1990,147.51,147.61,147.23,147.35,5335,41518
11/26/1990,147.39,147.65,147.01,147.61,8678,41786
11/27/1990,147.81,148.81,147.69,148.71,17647,43390
11/28/1990,148.51,148.73,147.73,147.77,20599,44421
11/29/1990,147.63,147.75,144.41,144.55,31263,39830
11/30/1990,144.71,145.61,144.21,145.17,20688,36595
12/03/1990,143.83,143.85,142.31,142.53,37421,37798
12/04/1990,143.93,144.39,143.21,143.71,23108,37039
12/05/1990,144.35,144.41,143.01,143.53,18609,38228
12/06/1990,144.73,145.37,144.41,145.11,18070,38535
12/07/1990,145.41,146.75,145.37,146.55,28955,36504
12/10/1990,146.73,146.73,145.13,145.47,25917,37657
12/11/1990,145.69,146.05,144.53,144.71,19569,36465
12/12/1990,145.71,146.03,145.09,145.95,17283,35862
12/13/1990,146.23,146.23,145.17,145.69,16417,36706
12/14/1990,145.19,145.39,144.15,144.45,15662,36298
12/17/1990,144.19,144.43,143.83,144.19,10813,33998
12/18/1990,144.23,145.13,144.21,144.59,4786,21776
12/19/1990,144.55,144.63,144.07,144.35,9873,22433
12/20/1990,143.15,143.37,140.23,140.83,22067,27065
12/21/1990,141.43,141.59,139.45,140.13,15915,28748
12/24/1990,138.79,139.11,137.75,138.09,5770,29286
12/26/1990,138.83,140.45,138.79,139.99,5883,28593
12/27/1990,140.13,140.83,140.07,140.47,5972,28271
12/28/1990,142.53,145.23,142.13,144.49,16440,26593
12/31/1990,144.27,144.93,144.13,144.87,4722,25426
01/02/1991,145.43,146.03,145.21,145.87,11072,25253
01/03/1991,145.81,146.61,145.81,146.49,14249,24593
01/04/1991,146.57,146.73,144.59,145.09,12439,23736
01/07/1991,141.43,142.57,141.33,142.01,14711,23101
01/08/1991,142.21,142.61,141.09,141.39,13393,23160
01/09/1991,143.63,144.73,141.33,141.47,12397,22360
01/10/1991,142.79,142.83,142.05,142.71,7360,21786
01/11/1991,142.17,142.73,141.83,142.47,6771,21241
01/14/1991,141.23,142.93,141.19,141.99,9957,21364
01/15/1991,142.95,142.95,142.11,142.83,8080,20985
01/16/1991,142.39,142.99,142.03,142.47,7344,20787
01/17/1991,144.41,145.63,143.65,145.57,14229,21488
01/18/1991,144.83,147.83,144.67,147.57,15221,21248
01/21/1991,146.47,148.33,146.45,148.23,13613,21863
01/22/1991,147.69,147.89,146.23,146.41,14275,22338
01/23/1991,146.47,148.03,146.43,147.81,11552,23866
01/24/1991,147.89,148.83,147.47,147.71,10567,24761
01/25/1991,148.63,148.71,147.13,147.47,10024,24571
01/28/1991,148.43,148.87,148.25,148.69,9946,25542
01/29/1991,149.41,149.53,147.73,147.95,14917,28475
01/30/1991,147.95,148.49,146.97,148.31,18185,29797
01/31/1991,148.75,149.29,147.99,149.09,18053,28788
02/01/1991,148.73,150.43,148.73,149.89,19511,33461
02/04/1991,150.75,150.79,149.33,150.45,13806,33447
02/05/1991,150.69,151.69,150.27,151.61,14595,35073
02/06/1991,151.69,152.91,151.27,152.83,16051,36717
02/07/1991,152.07,152.55,151.57,151.67,13821,37188
02/08/1991,151.21,151.39,150.73,151.19,9535,36458
02/11/1991,151.63,152.67,151.41,152.43,12460,38919
02/12/1991,151.59,152.05,151.43,151.85,14587,39598
02/13/1991,151.91,152.35,150.69,150.81,19602,39648
02/14/1991,151.07,151.37,150.37,150.77,13354,38415
02/15/1991,150.03,150.37,149.13,149.77,14877,37151
02/19/1991,148.33,148.81,147.69,147.85,20602,33503
02/20/1991,148.15,148.45,147.39,147.85,13460,32239
02/21/1991,148.85,149.41,148.29,148.89,11737,32193
02/22/1991,148.97,149.07,147.13,147.37,14255,31148
02/25/1991,146.59,146.63,145.31,145.59,20905,30871
02/26/1991,145.15,145.45,144.47,145.11,20913,30321
02/27/1991,144.75,145.57,144.55,145.05,14969,31102
02/28/1991,145.29,145.37,144.03,144.45,14980,31471
03/01/1991,143.31,144.03,142.91,142.99,14918,32208
03/04/1991,143.11,143.57,142.69,143.37,12875,31790
03/05/1991,144.21,144.63,142.73,142.77,19207,32710
03/06/1991,142.37,143.19,141.47,142.89,22644,31505
03/07/1991,142.59,142.97,142.13,142.51,16032,30018
03/08/1991,141.25,141.61,139.97,140.13,24663,32589
03/11/1991,139.75,139.93,138.11,138.55,27047,36796
03/12/1991,140.19,140.29,139.23,139.49,18763,37624
03/13/1991,139.39,139.95,138.89,139.89,18005,39840
03/14/1991,139.75,139.89,138.61,139.15,21085,42145
03/15/1991,138.57,138.75,135.25,136.15,20411,40947
03/18/1991,134.75,134.95,132.43,133.13,22530,40989
03/19/1991,133.07,133.13,128.75,132.01,24475,27507
03/20/1991,130.51,132.85,130.25,132.67,14583,26839
03/21/1991,133.65,134.21,132.95,134.09,12422,26301
03/22/1991,132.67,133.55,132.17,132.95,10505,26760
03/25/1991,130.01,131.01,128.59,128.79,20932,28104
03/26/1991,128.71,129.95,128.21,129.75,18236,30957
03/27/1991,127.95,128.71,127.45,128.01,11352,31022
03/28/1991,127.77,128.59,127.39,128.35,7216,30696
04/01/1991,129.79,130.89,129.15,130.83,10445,32500
04/02/1991,129.91,132.55,129.63,132.37,19756,29706
04/03/1991,131.87,132.51,131.39,131.67,11095,29407
04/04/1991,131.37,133.73,131.33,132.99,15611,26510
04/05/1991,132.91,134.43,131.15,131.35,15161,26927
04/08/1991,131.41,131.83,130.95,131.09,9910,26808
04/09/1991,132.45,133.91,132.17,133.79,18019,29605
04/10/1991,133.43,133.61,131.35,131.83,15679,30492
04/11/1991,132.41,134.31,131.81,133.25,18825,32655
04/12/1991,133.79,134.31,131.47,131.87,23346,34365
04/15/1991,133.13,134.55,133.07,134.13,22455,30173
04/16/1991,134.25,134.41,132.95,133.93,12657,29973
04/17/1991,133.75,133.87,132.97,133.57,10435,29932
04/18/1991,131.95,133.11,129.93,130.23,22972,29849
04/19/1991,128.93,129.63,126.45,126.73,19786,32232
04/22/1991,125.31,125.79,123.85,124.67,21722,30196
04/23/1991,125.17,126.65,124.81,126.33,15230,30317
04/24/1991,126.09,126.09,123.65,124.69,15229,29862
04/25/1991,123.79,124.79,123.15,124.21,15995,28574
04/26/1991,124.15,124.63,123.41,124.13,9123,29537
04/29/1991,122.85,125.75,121.95,124.79,15879,29785
04/30/1991,125.93,128.31,125.85,128.27,22196,28408
05/01/1991,129.25,129.45,126.83,127.39,20369,28897
05/02/1991,126.43,127.51,126.31,127.11,14190,29061
05/03/1991,127.85,128.05,124.05,124.37,18833,31348
05/06/1991,125.29,126.89,124.71,126.25,13318,31989
05/07/1991,126.93,128.05,126.35,127.91,14314,33297
05/08/1991,127.21,127.75,126.91,127.37,13026,35024
05/09/1991,126.35,127.61,125.47,127.35,15540,35491
05/10/1991,126.95,128.05,126.55,127.79,14306,34341
05/13/1991,127.87,129.75,127.57,128.97,16263,33047
05/14/1991,128.45,130.31,127.65,129.89,18330,31251
05/15/1991,129.81,131.23,129.79,130.97,15552,31279
05/16/1991,130.77,131.01,130.11,130.67,11057,30987
05/17/1991,129.75,130.39,126.41,126.73,22322,30363
05/20/1991,126.77,127.91,126.27,127.43,18397,30075
05/21/1991,128.91,129.77,128.41,129.35,12236,28131
05/22/1991,128.99,129.15,128.05,128.59,11165,29421
05/23/1991,127.79,129.71,127.47,129.39,19566,30320
05/24/1991,129.65,129.73,128.71,129.01,10201,27995
05/28/1991,128.87,130.87,128.85,130.79,14236,27996
05/29/1991,130.41,130.79,128.41,128.69,17811,27552
05/30/1991,128.45,128.97,127.15,127.23,18604,27742
05/31/1991,127.19,127.43,125.65,125.75,19622,29737
06/03/1991,124.89,125.95,124.65,125.83,16629,28929
06/04/1991,125.39,126.75,125.25,126.11,18016,29125
06/05/1991,125.23,125.85,124.65,125.49,14971,29925
06/06/1991,125.27,125.65,124.37,124.85,12126,29921
06/07/1991,124.35,124.45,122.85,123.35,20589,32569
06/10/1991,123.17,123.51,122.83,123.39,24139,36440
06/11/1991,122.57,122.99,121.97,122.05,17755,37579
06/12/1991,121.63,121.85,120.61,120.87,26972,42375
06/13/1991,119.59,120.73,119.13,120.29,23618,43105
06/14/1991,119.31,120.63,119.27,119.71,14942,42887
06/17/1991,118.93,119.17,118.39,118.87,13353,43899
06/18/1991,117.53,118.23,117.39,117.49,13361,29830
06/19/1991,117.93,120.25,117.85,120.07,16100,29211
06/20/1991,119.91,120.69,119.55,120.07,14108,29300
06/21/1991,119.69,119.87,119.13,119.41,6847,28724
06/24/1991,119.75,121.53,119.75,121.25,15633,28688
06/25/1991,119.57,120.03,119.03,119.69,11693,28785
06/26/1991,119.59,120.73,119.53,120.41,11036,28972
06/27/1991,119.53,120.37,119.33,119.89,10994,30441
06/28/1991,118.83,119.41,118.39,118.85,13875,30644
07/01/1991,119.07,119.45,117.71,117.77,16854,31159
07/02/1991,117.65,117.99,116.67,117.01,12937,31841
07/03/1991,117.21,118.53,117.11,117.55,10846,30697
07/05/1991,117.43,118.89,117.43,118.67,11244,31105
07/08/1991,119.79,120.59,119.37,120.55,14930,31429
07/09/1991,119.37,119.63,119.03,119.23,10738,29206
07/10/1991,118.53,119.53,118.29,119.17,11542,29345
07/11/1991,119.39,119.39,117.33,117.49,16535,31108
07/12/1991,119.19,122.45,119.03,122.31,33548,28726
07/15/1991,121.37,122.67,121.37,122.59,15087,27547
07/16/1991,122.23,122.33,121.25,121.53,12116,28035
07/17/1991,121.39,122.63,121.39,122.11,14253,28021
07/18/1991,124.13,124.73,123.33,123.75,16470,26623
07/19/1991,125.17,126.67,124.83,126.61,24522,24562
07/22/1991,125.65,125.91,124.73,125.21,14347,22822
07/23/1991,124.63,125.73,124.51,125.37,14167,22744
07/24/1991,125.61,127.13,125.43,126.39,14342,23022
07/25/1991,125.61,125.99,124.01,124.33,17118,21832
07/26/1991,125.63,126.77,125.59,125.61,13244,20854
07/29/1991,125.41,125.63,124.63,125.43,12659,20364
07/30/1991,125.67,126.31,125.03,125.07,12900,20119
07/31/1991,125.73,126.27,125.35,126.05,11020,20593
08/01/1991,125.81,125.87,124.51,124.83,12372,21683
08/02/1991,123.91,127.15,123.83,126.43,24998,21105
08/05/1991,126.77,128.77,126.61,128.63,15932,21961
08/06/1991,128.83,129.23,128.13,129.07,15840,21964
08/07/1991,128.37,128.99,127.77,128.83,10513,22225
08/08/1991,128.33,128.39,127.39,128.09,12886,21317
08/09/1991,127.83,128.83,126.69,127.03,13157,21246
08/12/1991,127.09,127.67,126.43,127.41,8055,20506
08/13/1991,127.27,127.43,126.63,126.85,9173,20207
08/14/1991,126.17,126.69,126.03,126.19,8625,19870
08/15/1991,126.71,127.93,124.45,124.81,19096,20125
08/16/1991,124.75,125.29,123.31,123.37,16769,20343
08/19/1991,120.35,121.39,119.97,120.29,23906,22007
08/20/1991,121.69,122.33,120.93,121.83,25701,29812
08/21/1991,123.99,127.05,123.83,127.01,25584,28345
08/22/1991,126.35,127.83,126.23,127.15,16552,19607
08/23/1991,127.07,127.43,125.03,125.59,13784,20506
08/26/1991,125.53,126.17,125.25,126.07,6944,19943
08/27/1991,125.73,126.33,125.69,125.93,6266,19730
08/28/1991,125.51,127.29,125.39,126.79,12046,20657
08/29/1991,127.33,127.83,126.03,126.41,12919,20719
08/30/1991,126.63,127.21,125.43,126.13,13178,20845
09/03/1991,127.25,127.71,126.83,127.55,15905,23568
09/04/1991,127.77,128.11,127.33,127.75,17641,24351
09/05/1991,127.71,127.83,127.23,127.65,8694,24244
09/06/1991,127.85,130.31,127.23,130.21,27941,29396
09/09/1991,130.89,132.09,130.53,131.69,27872,33267
09/10/1991,131.69,131.93,130.89,131.21,21310,36796
09/11/1991,131.01,131.29,130.37,131.09,13032,36605
09/12/1991,131.47,132.37,131.25,132.07,20155,38324
09/13/1991,131.27,132.03,130.43,131.57,18775,36235
09/16/1991,131.43,132.53,131.37,132.01,17240,35446
09/17/1991,132.61,133.07,132.03,132.53,14966,24589
09/18/1991,131.31,131.63,130.23,131.13,14696,22751
09/19/1991,131.37,131.73,130.87,131.31,8740,22576
09/20/1991,130.83,131.63,130.59,131.41,11189,23734
09/23/1991,132.77,133.03,132.35,132.73,10814,23230
09/24/1991,132.35,133.31,131.39,131.55,17429,23683
09/25/1991,132.15,132.21,131.53,131.89,7760,23136
09/26/1991,131.91,132.41,131.05,131.27,15252,22537
09/27/1991,131.53,132.91,131.21,132.77,15352,24426
09/30/1991,133.59,133.89,133.33,133.61,10281,24941
10/01/1991,133.19,133.45,132.89,133.17,7308,24565
10/02/1991,133.81,133.97,133.13,133.41,7568,25187
10/03/1991,133.83,134.07,133.21,133.71,6767,24936
10/04/1991,133.67,134.23,131.63,132.09,16484,24355
10/07/1991,132.27,132.35,131.65,131.97,13043,23927
10/08/1991,130.97,131.29,129.25,129.35,27303,21131
10/09/1991,129.21,130.97,129.03,130.63,20415,20957
10/10/1991,131.23,131.39,129.49,130.19,14201,20944
10/11/1991,130.33,131.29,129.53,130.89,15088,20836
10/14/1991,130.71,130.71,130.01,130.07,4589,20826
10/15/1991,129.31,129.43,128.63,128.79,18462,21621
10/16/1991,129.65,130.11,129.39,129.41,10072,21498
10/17/1991,129.93,130.13,129.23,130.09,9964,21807
10/18/1991,130.63,131.73,130.63,131.67,16097,21956
10/21/1991,131.33,131.39,130.33,130.65,12853,22058
10/22/1991,130.19,130.59,129.89,129.95,11870,22412
10/23/1991,129.51,129.67,128.77,128.81,11504,22246
10/24/1991,129.83,130.63,129.73,129.85,16092,22985
10/25/1991,130.03,130.63,129.79,130.27,7334,23063
10/28/1991,129.31,129.71,127.93,128.41,21501,25358
10/29/1991,129.27,132.81,128.67,131.91,31317,24881
10/30/1991,132.39,134.13,131.95,133.37,24429,24114
10/31/1991,133.13,133.63,132.73,133.09,9828,24630
11/01/1991,133.39,136.01,133.39,135.93,19713,28291
11/04/1991,136.49,137.83,136.49,136.81,20113,30396
11/05/1991,135.75,136.93,135.73,136.33,13234,31069
11/06/1991,136.73,137.43,135.85,136.43,11143,31664
11/07/1991,136.89,137.91,136.27,136.31,11303,30998
11/08/1991,135.33,136.53,135.33,136.15,9745,31101
11/11/1991,135.63,136.63,135.51,136.59,6332,31679
11/12/1991,136.77,137.13,136.25,136.49,7681,30780
11/13/1991,136.63,137.19,135.83,136.73,12858,31256
11/14/1991,136.91,137.43,136.73,137.09,11279,31728
11/15/1991,136.83,137.31,136.13,137.11,10353,31054
11/18/1991,139.77,139.79,138.43,138.47,17597,31797
11/19/1991,138.69,140.17,138.39,139.83,14021,32917
11/20/1991,138.81,139.41,138.57,139.15,13428,33435
11/21/1991,138.93,139.73,138.63,138.73,13788,33434
11/22/1991,139.25,139.63,138.99,139.33,11978,33697
11/25/1991,140.13,140.17,138.77,139.05,11601,33138
11/26/1991,138.73,139.71,135.63,136.45,23200,32131
11/27/1991,137.13,137.33,135.97,136.11,16080,31063
11/29/1991,135.83,136.71,135.63,136.61,9140,30272
12/02/1991,137.57,138.01,137.25,137.29,12697,30820
12/03/1991,137.09,137.33,136.83,137.19,12529,31315
12/04/1991,137.69,138.27,136.91,138.05,10769,31643
12/05/1991,138.73,139.87,138.23,139.67,16611,31913
12/06/1991,139.75,141.73,139.75,141.69,21996,31574
12/09/1991,140.59,141.43,140.49,141.07,23418,32394
12/10/1991,140.63,141.39,139.93,141.07,15291,32632
12/11/1991,140.03,141.07,139.79,140.57,15009,30853
12/12/1991,141.37,142.09,140.53,140.81,13521,31445
12/13/1991,141.61,142.27,141.41,141.69,15332,31164
12/16/1991,142.15,142.63,142.05,142.47,10402,30596
12/17/1991,142.49,142.87,142.03,142.55,6146,21389
12/18/1991,142.93,143.29,142.39,143.25,6127,22206
12/19/1991,143.69,143.99,142.99,143.79,6846,22257
12/20/1991,143.75,146.59,143.59,145.77,13554,22316
12/23/1991,147.65,148.75,147.43,148.17,8955,22199
12/24/1991,147.73,147.81,147.19,147.61,3588,21484
12/26/1991,149.05,149.25,148.45,148.87,2935,21867
12/27/1991,148.07,148.27,147.29,147.59,4325,21254
12/30/1991,147.35,147.49,146.75,146.93,5070,20646
12/31/1991,147.35,147.37,146.83,147.27,3105,20576
01/02/1992,148.07,148.53,146.39,147.13,9207,20684
01/03/1992,146.05,146.37,144.59,145.35,12205,20028
01/06/1992,147.49,148.59,147.23,148.45,11125,21409
01/07/1992,148.15,148.57,147.59,148.53,10299,20929
01/08/1992,148.45,148.77,147.25,148.51,13349,22381
01/09/1992,146.73,146.93,139.79,142.59,26144,20695
01/10/1992,142.81,142.85,139.09,139.59,19287,21163
01/13/1992,140.81,141.15,140.19,140.57,11293,21078
01/14/1992,141.55,142.09,138.79,138.99,13916,22290
01/15/1992,136.93,137.11,134.99,135.79,19384,23359
01/16/1992,137.39,138.01,136.33,137.05,12533,23404
01/17/1992,136.75,140.87,135.61,140.81,17294,23708
01/20/1992,140.95,141.03,139.75,140.73,8438,24323
01/21/1992,141.19,142.17,140.63,141.35,9688,24692
01/22/1992,141.95,142.29,140.89,141.45,9664,24949
01/23/1992,141.33,141.63,138.43,139.53,13094,25924
01/24/1992,139.11,144.09,139.09,140.55,12132,24813
01/27/1992,139.93,140.23,138.73,139.45,10506,24580
01/28/1992,139.87,141.17,139.87,140.29,9153,25033
01/29/1992,141.71,142.53,140.61,141.01,16710,25528
01/30/1992,140.81,141.59,138.39,139.61,15363,24869
01/31/1992,139.69,141.21,138.99,139.87,9757,24765
02/03/1992,140.71,141.59,140.47,140.95,8624,25269
02/04/1992,141.25,142.33,141.17,141.79,13534,23667
02/05/1992,142.59,143.39,141.89,143.05,14236,24419
02/06/1992,143.55,144.05,142.89,143.73,11748,24453
02/07/1992,143.25,145.79,143.25,145.71,16764,24625
02/10/1992,144.63,144.79,143.27,143.47,12968,25500
02/11/1992,142.25,142.93,141.39,141.57,14891,25358
02/12/1992,141.13,141.29,140.05,140.47,12288,24948
02/13/1992,141.01,141.01,138.61,139.05,13815,25203
02/14/1992,138.99,139.99,137.29,139.33,10639,24632
02/18/1992,137.09,137.79,136.69,137.17,12717,25152
02/19/1992,137.23,137.79,136.51,137.53,9912,25013
02/20/1992,136.45,137.73,136.29,137.25,9797,26264
02/21/1992,136.49,137.29,136.25,136.45,7978,26596
02/24/1992,136.17,137.39,136.17,136.77,7801,26156
02/25/1992,136.97,138.79,135.67,135.87,18497,28177
02/26/1992,136.29,137.77,135.81,137.73,12323,27311
02/27/1992,138.59,138.81,137.39,138.61,13815,27213
02/28/1992,138.39,138.67,137.63,137.97,8140,27278
03/02/1992,138.25,138.65,137.11,137.73,8778,28017
03/03/1992,136.37,136.59,135.79,136.09,13302,29612
03/04/1992,135.59,135.99,134.41,134.83,20465,31692
03/05/1992,133.63,134.47,133.25,134.21,18588,33753
03/06/1992,134.41,135.69,133.39,134.41,17414,35788
03/09/1992,134.77,135.21,134.53,135.03,9688,33883
03/10/1992,135.43,135.55,134.01,134.29,18860,36425
03/11/1992,133.87,135.51,133.87,135.43,17419,36779
03/12/1992,134.47,134.47,132.93,134.05,19709,37336
03/13/1992,134.01,134.39,133.41,133.53,11276,37993
03/16/1992,134.07,135.17,133.87,134.93,14374,38322
03/17/1992,135.21,136.81,134.71,136.11,16954,26254
03/18/1992,135.71,136.21,135.27,135.51,9746,25280
03/19/1992,134.41,134.61,133.51,133.79,9956,26864
03/20/1992,133.43,134.41,132.63,133.97,13341,28377
03/23/1992,134.53,135.01,134.23,134.69,10272,26867
03/24/1992,135.11,135.23,134.51,134.79,8804,27149
03/25/1992,135.53,136.35,135.45,136.03,12667,26149
03/26/1992,135.67,136.05,135.01,135.29,9121,26008
03/27/1992,135.47,137.37,135.45,137.33,15287,24562
03/30/1992,136.41,136.95,135.73,136.79,11307,24585
03/31/1992,136.91,137.21,136.27,136.69,8659,24563
04/01/1992,135.45,135.77,135.09,135.51,12100,24353
04/02/1992,135.81,136.31,135.81,136.07,10058,24934
04/03/1992,136.85,137.91,136.61,137.69,15690,26700
04/06/1992,138.09,138.37,137.81,137.99,9929,26670
04/07/1992,137.69,138.39,137.65,138.23,9127,26280
04/08/1992,138.37,138.43,137.75,138.17,9607,26533
04/09/1992,137.65,140.37,137.61,140.09,20947,28729
04/10/1992,140.45,140.85,139.63,139.77,15485,29110
04/13/1992,139.41,140.01,139.41,139.81,4378,29429
04/14/1992,140.25,140.71,139.81,139.95,10656,29918
04/15/1992,139.99,140.29,138.91,139.09,10970,29770
04/16/1992,139.19,139.31,137.87,138.17,11587,29021
04/20/1992,138.17,138.81,137.61,138.73,7530,28465
04/21/1992,138.79,138.95,138.33,138.59,8028,28391
04/22/1992,139.49,140.31,139.37,139.87,12824,29942
04/23/1992,139.73,140.51,139.31,140.23,11750,30646
04/24/1992,141.21,141.55,140.71,141.13,10468,32056
04/27/1992,141.37,141.89,141.29,141.65,9252,32615
04/28/1992,140.91,141.55,140.61,141.49,7352,31808
04/29/1992,141.27,141.33,140.75,141.05,6860,31714
04/30/1992,140.61,142.01,140.53,141.55,10986,33175
05/01/1992,141.77,142.81,141.55,142.75,11010,33623
05/04/1992,141.95,142.51,141.59,141.89,7700,33492
05/05/1992,141.73,142.81,141.69,142.71,10653,34483
05/06/1992,142.81,144.07,142.73,143.93,14231,36551
05/07/1992,144.11,144.61,143.39,143.57,14333,36727
05/08/1992,144.69,144.81,142.55,143.41,13565,36238
05/11/1992,143.47,143.73,143.09,143.71,7631,35970
05/12/1992,144.53,145.71,144.49,145.59,16708,37090
05/13/1992,146.21,147.03,145.17,146.81,17257,37989
05/14/1992,146.43,146.99,146.15,146.73,10115,37487
05/15/1992,146.11,147.11,145.87,146.61,10370,37497
05/18/1992,148.01,148.31,147.77,148.07,10565,38578
05/19/1992,148.31,148.81,148.21,148.31,9682,38710
05/20/1992,148.17,148.45,147.17,147.53,9896,38072
05/21/1992,146.61,146.81,146.15,146.33,12859,37082
05/22/1992,145.85,146.51,145.75,146.31,7222,37628
05/26/1992,147.51,147.77,146.97,147.25,10411,38009
05/27/1992,145.13,145.31,144.01,144.15,21249,34910
05/28/1992,144.89,145.57,144.63,145.35,12136,33999
05/29/1992,147.17,148.11,146.91,147.69,16492,35107
06/01/1992,148.15,148.15,146.75,147.87,14613,34696
06/02/1992,146.67,147.67,146.39,146.99,17554,34484
06/03/1992,146.83,147.21,146.27,146.87,17491,35893
06/04/1992,146.67,147.81,146.59,147.49,16020,36370
06/05/1992,147.97,149.01,147.71,148.41,20027,38305
06/08/1992,148.33,148.75,148.15,148.53,23468,40762
06/09/1992,148.71,149.11,148.19,148.45,14734,41670
06/10/1992,148.13,148.83,147.99,148.45,24469,46026
06/11/1992,148.63,150.35,148.59,150.09,21360,47698
06/12/1992,150.39,150.95,150.09,150.33,21320,44988
06/15/1992,150.91,151.23,150.07,150.95,12571,43869
06/16/1992,150.67,151.79,150.29,151.73,8734,29903
06/17/1992,151.29,151.51,150.45,151.09,10329,29280
06/18/1992,151.35,152.05,151.11,151.91,10901,29200
06/19/1992,151.55,151.71,151.05,151.27,10858,29463
06/22/1992,151.27,151.83,151.27,151.47,6425,28004
06/23/1992,151.93,152.29,151.39,151.79,10456,29498
06/24/1992,152.17,153.61,152.09,153.35,11955,29267
06/25/1992,154.35,154.95,153.99,154.79,15363,29935
06/26/1992,154.47,155.35,154.09,154.97,10973,29673
06/29/1992,156.31,156.61,155.79,156.25,8908,29295
06/30/1992,155.65,156.03,155.13,155.97,8489,28993
07/01/1992,156.59,157.27,155.85,156.17,10490,28615
07/02/1992,156.55,158.85,156.51,157.75,9994,28845
07/06/1992,156.63,157.15,156.53,156.77,9751,28317
07/07/1992,158.67,159.05,157.81,158.99,11538,28142
07/08/1992,157.85,158.73,157.27,158.69,16006,28402
07/09/1992,156.83,156.87,154.95,155.87,17415,27913
07/10/1992,156.95,158.17,156.45,157.89,12581,27815
07/13/1992,158.29,159.19,158.17,158.67,9453,27627
07/14/1992,158.13,158.23,156.95,157.89,11035,26997
07/15/1992,157.35,158.59,157.35,158.15,11074,26685
07/16/1992,157.89,160.31,157.65,160.23,18003,27836
07/17/1992,159.75,161.23,159.45,161.11,12466,27775
07/20/1992,161.13,161.85,156.19,156.57,18616,26938
07/21/1992,156.95,157.35,155.41,156.85,11880,25572
07/22/1992,156.97,157.53,155.85,156.67,9505,25590
07/23/1992,156.85,157.95,155.85,157.49,8107,25992
07/24/1992,157.59,157.59,155.35,155.65,11693,25558
07/27/1992,155.87,158.75,155.87,158.15,11428,25601
07/28/1992,158.45,159.55,158.05,159.27,10863,26374
07/29/1992,159.35,159.35,157.79,158.39,10569,27051
07/30/1992,158.29,158.51,157.39,158.47,7996,26975
07/31/1992,158.85,159.25,157.97,159.19,11652,26918
08/03/1992,159.19,159.19,158.49,158.83,7285,26611
08/04/1992,158.97,158.97,158.27,158.43,8687,26343
08/05/1992,158.19,158.65,156.75,156.95,11327,26775
08/06/1992,157.33,158.29,156.93,158.15,8250,26658
08/07/1992,157.85,159.85,157.75,159.83,15364,26606
08/10/1992,159.35,159.99,158.97,159.87,7142,26612
08/11/1992,159.95,160.05,158.25,159.57,9245,26656
08/12/1992,159.45,160.01,159.01,159.91,5775,26304
08/13/1992,159.85,160.45,159.15,160.37,7779,26584
08/14/1992,160.09,160.15,158.45,159.01,11502,26266
08/17/1992,158.47,159.91,157.27,159.45,7545,25854
08/18/1992,159.65,160.25,159.65,160.09,5880,26412
08/19/1992,159.95,160.81,159.57,160.69,8288,26647
08/20/1992,160.53,161.37,160.33,161.17,7730,27353
08/21/1992,160.95,163.45,159.93,163.19,16386,29060
08/24/1992,164.09,167.15,163.65,166.45,16768,30626
08/25/1992,166.45,167.09,165.61,166.29,9712,30140
08/26/1992,166.05,166.43,165.65,165.95,9126,31927
08/27/1992,165.95,165.95,164.49,165.39,8252,31287
08/28/1992,165.55,166.15,165.39,165.59,7072,31890
08/31/1992,165.49,166.65,165.39,166.27,5931,32261
09/01/1992,166.45,167.79,166.39,167.73,9444,31700
09/02/1992,167.55,168.37,167.13,167.91,16772,32078
09/03/1992,167.37,167.85,165.17,166.01,15832,32157
09/04/1992,165.71,168.15,163.97,167.37,14700,32161
09/08/1992,167.65,168.81,167.61,168.23,21339,35507
09/09/1992,167.65,167.83,164.77,164.89,31172,34735
09/10/1992,164.79,166.11,163.85,164.27,24811,34700
09/11/1992,163.37,163.37,159.75,160.01,24978,33173
09/14/1992,156.35,158.29,155.55,156.93,23057,31942
09/15/1992,157.89,159.05,154.01,154.11,19784,22284
09/16/1992,154.61,155.25,142.85,146.11,28224,23644
09/17/1992,143.55,147.07,142.11,146.01,16064,24654
09/18/1992,146.95,147.09,141.85,142.25,11701,25081
09/21/1992,142.35,142.75,139.15,139.75,12695,27513
09/22/1992,140.25,142.15,138.99,139.07,8716,28104
09/23/1992,138.61,140.71,137.77,140.55,8741,28295
09/24/1992,140.55,140.71,138.75,139.93,6014,28569
09/25/1992,139.83,141.15,139.25,140.51,5663,28484
09/28/1992,139.73,142.55,139.73,142.23,6355,28884
09/29/1992,142.15,147.65,142.15,147.43,10807,29384
09/30/1992,148.05,149.55,146.23,146.91,10368,29099
10/01/1992,145.73,145.95,142.33,142.71,11229,28426
10/02/1992,143.45,144.45,139.87,142.49,11054,29123
10/05/1992,141.51,141.55,138.55,139.65,9869,29582
10/06/1992,140.83,141.85,139.87,140.39,8485,29628
10/07/1992,140.75,142.85,140.35,140.71,7810,30036
10/08/1992,140.75,140.91,137.25,137.65,14207,30305
10/09/1992,137.55,140.19,137.55,139.21,12079,30891
10/12/1992,139.31,141.45,139.17,140.75,5056,29570
10/13/1992,140.15,141.69,139.75,141.41,7706,29465
10/14/1992,141.69,141.69,139.93,140.43,6394,28772
10/15/1992,140.61,141.01,138.57,139.31,10675,29060
10/16/1992,139.31,139.43,134.59,135.21,13230,29994
10/19/1992,133.49,134.21,131.47,132.85,10840,29462
10/20/1992,133.45,133.45,131.73,132.85,11631,29460
10/21/1992,132.45,132.61,130.75,130.87,10040,30770
10/22/1992,131.15,133.23,131.15,132.85,9032,32200
10/23/1992,132.95,134.83,130.65,132.51,11121,32109
10/26/1992,131.45,131.85,127.91,128.43,11080,30868
10/27/1992,128.83,128.95,126.61,128.59,11288,31365
10/28/1992,128.39,129.45,127.11,127.57,10703,31790
10/29/1992,127.83,128.31,127.05,127.65,6189,31712
10/30/1992,127.37,127.83,125.91,126.21,9247,32683
11/02/1992,125.85,125.85,123.17,123.75,12147,33252
11/03/1992,124.01,126.35,123.41,125.57,11855,32817
11/04/1992,126.35,126.81,123.81,124.55,12028,33590
11/05/1992,126.03,126.57,123.99,124.21,9830,33433
11/06/1992,124.59,125.33,123.59,123.69,9478,32914
11/09/1992,124.05,124.45,121.71,121.97,11679,33111
11/10/1992,121.93,122.79,121.63,122.17,10903,33135
11/11/1992,122.79,123.61,122.33,123.25,6349,33427
11/12/1992,123.21,123.85,122.61,123.55,9292,34048
11/13/1992,123.63,126.35,123.55,126.13,13471,33397
11/16/1992,125.55,125.57,122.55,123.31,12443,32817
11/17/1992,123.15,123.15,122.15,123.05,8695,32888
11/18/1992,123.05,123.69,122.85,123.45,7567,33016
11/19/1992,123.63,124.99,123.63,124.67,12113,32350
11/20/1992,124.63,124.67,121.55,121.91,11249,33082
11/23/1992,121.75,123.37,121.75,123.15,8966,33517
11/24/1992,123.35,123.35,122.29,123.31,9098,33205
11/25/1992,123.43,124.05,123.11,123.99,6403,32901
11/27/1992,122.73,123.27,121.71,121.95,7135,33121
11/30/1992,122.35,122.97,121.47,122.69,10225,32408
12/01/1992,122.39,126.73,122.39,126.01,24585,31916
12/02/1992,125.79,126.41,124.75,126.23,14740,31889
12/03/1992,126.05,128.25,125.53,127.59,16378,31414
12/04/1992,127.59,129.71,126.81,127.27,17470,31933
12/07/1992,127.37,131.65,127.33,131.25,22348,30922
12/08/1992,130.69,132.05,130.35,131.29,17400,30834
12/09/1992,130.77,130.79,127.29,128.03,19381,30618
12/10/1992,127.99,128.17,125.73,126.63,17916,31277
12/11/1992,126.79,127.47,125.81,127.09,8157,30972
12/14/1992,127.45,128.13,127.19,127.95,6130,30519
12/15/1992,127.49,128.39,127.49,128.05,3649,17500
12/16/1992,128.19,129.49,128.19,128.63,8104,17488
12/17/1992,128.81,130.29,128.35,129.13,6725,17719
12/18/1992,129.19,129.19,127.69,127.93,5525,17410
12/21/1992,127.83,127.99,127.35,127.39,3350,17670
12/22/1992,127.35,127.35,124.29,124.39,13829,22660
12/23/1992,125.03,125.63,123.49,123.89,5262,23517
12/24/1992,124.23,124.99,123.65,123.99,2082,23804
12/28/1992,123.49,123.59,120.49,120.65,10637,28552
12/29/1992,121.19,122.97,121.19,121.81,13777,33982
12/30/1992,122.21,123.09,122.21,122.81,5142,34378
12/31/1992,121.99,123.39,121.99,122.55,2717,34745
01/04/1993,122.63,122.63,121.11,121.45,9255,35783
01/05/1993,121.89,127.01,121.85,126.71,23359,32160
01/06/1993,126.39,128.19,124.85,125.97,14391,30648
01/07/1993,125.81,126.39,124.69,124.93,14228,27047
01/08/1993,124.67,126.19,123.93,124.99,13538,27312
01/11/1993,125.79,127.49,125.69,127.21,15981,24707
01/12/1993,126.79,127.91,125.13,126.05,12983,24625
01/13/1993,125.81,126.69,125.35,126.59,10539,23696
01/14/1993,126.77,126.97,125.03,125.41,10865,24069
01/15/1993,125.55,126.07,124.39,124.91,9182,24271
01/18/1993,125.27,127.19,125.09,126.89,9485,23224
01/19/1993,126.93,127.09,125.93,126.53,9123,22434
01/20/1993,126.59,127.59,125.53,126.27,7518,22793
01/21/1993,126.33,126.39,123.23,124.23,18435,26795
01/22/1993,124.23,125.69,123.09,124.93,15169,25872
01/25/1993,125.35,127.99,125.35,127.45,19389,25667
01/26/1993,127.29,128.67,125.39,125.89,15845,24608
01/27/1993,125.97,125.97,122.89,123.23,16094,24836
01/28/1993,123.43,124.45,122.65,123.71,14901,27725
01/29/1993,123.91,124.49,120.29,120.69,22566,34026
02/01/1993,119.67,119.69,117.29,117.99,15885,35882
02/02/1993,117.87,118.69,116.11,116.55,15298,36652
02/03/1993,116.89,117.35,114.85,115.47,15829,38072
02/04/1993,115.85,117.49,115.09,116.45,13275,38696
02/05/1993,116.29,117.89,115.99,116.73,11039,38741
02/08/1993,117.13,117.79,115.73,115.95,8968,39448
02/09/1993,115.39,115.69,113.93,115.45,15505,43350
02/10/1993,115.65,116.15,114.49,114.93,12784,44602
02/11/1993,114.91,115.01,113.91,114.21,9976,44078
02/12/1993,114.49,115.49,113.19,113.87,14391,44703
02/16/1993,114.09,117.35,114.09,116.85,15640,43814
02/17/1993,117.09,117.69,116.35,117.05,9257,43479
02/18/1993,116.91,117.71,114.53,117.03,15249,43957
02/19/1993,117.53,118.89,116.91,117.79,13239,42940
02/22/1993,117.97,118.77,117.39,118.31,10062,42622
02/23/1993,118.31,118.69,117.45,118.07,8554,42549
02/24/1993,117.89,117.95,115.33,115.37,13823,43077
02/25/1993,115.41,116.05,114.73,115.57,9555,43142
02/26/1993,115.29,115.49,114.33,115.23,9233,43493
03/01/1993,114.99,116.79,114.67,116.25,16324,43672
03/02/1993,116.59,117.69,116.59,117.25,13341,42002
03/03/1993,117.53,118.59,117.21,117.57,16173,40783
03/04/1993,117.49,118.17,117.09,118.05,11775,40039
03/05/1993,118.19,118.49,116.99,117.39,22518,39253
03/08/1993,117.19,117.45,116.39,116.77,30596,42658
03/09/1993,117.15,117.35,115.83,116.65,21898,46274
03/10/1993,116.63,116.63,115.49,115.93,31582,55885
03/11/1993,116.03,116.49,115.59,116.07,12327,56231
03/12/1993,115.79,116.33,115.49,116.05,11336,55758
03/15/1993,115.89,116.49,115.85,116.29,6859,55381
03/16/1993,116.29,118.05,116.29,117.69,16685,37442
03/17/1993,117.79,117.95,117.29,117.91,7384,36658
03/18/1993,117.99,121.49,117.29,121.43,25221,35384
03/19/1993,121.19,122.47,120.69,122.03,24146,35066
03/22/1993,121.39,121.89,120.93,121.55,7251,34098
03/23/1993,121.49,121.49,120.35,121.11,14191,31060
03/24/1993,121.07,121.37,120.29,120.35,8963,30031
03/25/1993,120.49,120.69,119.75,120.15,8884,29599
03/26/1993,120.19,122.09,120.19,121.53,9858,29885
03/29/1993,121.79,122.59,121.59,121.93,6671,30076
03/30/1993,122.09,122.63,121.79,122.07,8489,30465
03/31/1993,122.15,124.37,122.15,124.13,16246,31416
04/01/1993,124.09,126.19,123.69,125.97,16257,31886
04/02/1993,125.99,126.89,123.55,124.73,16828,32167
04/05/1993,124.69,125.27,124.57,125.15,6476,32309
04/06/1993,125.09,125.09,123.71,124.33,7204,31878
04/07/1993,124.67,125.31,124.01,124.35,6500,31786
04/08/1993,124.35,126.09,124.35,125.51,8096,32776
04/12/1993,125.83,128.07,125.83,127.77,12844,37282
04/13/1993,127.65,129.09,127.41,128.75,16109,38474
04/14/1993,128.51,128.91,127.97,128.07,13595,41214
04/15/1993,128.19,128.39,126.61,126.93,13965,40864
04/16/1993,127.01,127.19,125.19,125.47,12307,38678
04/19/1993,125.69,127.27,124.89,127.23,10603,38674
04/20/1993,126.97,128.57,126.89,128.03,9555,39068
04/21/1993,127.89,128.15,126.57,127.11,11108,37668
04/22/1993,127.05,128.41,126.69,128.39,10269,39181
04/23/1993,128.69,131.15,128.69,130.65,15115,41832
04/26/1993,130.79,132.73,130.79,131.71,15845,43907
04/27/1993,131.59,132.61,130.09,130.91,15009,45310
04/28/1993,130.99,130.99,129.69,130.59,9834,45569
04/29/1993,130.49,131.19,129.87,130.51,8100,44638
04/30/1993,130.57,130.79,129.79,130.43,6608,44283
05/03/1993,130.07,130.31,128.19,129.57,10672,43676
05/04/1993,129.69,130.89,129.55,129.75,11351,43693
05/05/1993,129.71,130.39,129.47,129.81,6598,43413
05/06/1993,129.79,131.49,129.75,131.45,11720,46405
05/07/1993,131.39,132.29,130.05,130.35,16249,46094
05/10/1993,129.89,130.03,126.09,126.41,31642,40253
05/11/1993,126.73,127.83,126.59,127.47,11720,40195
05/12/1993,127.21,127.61,126.23,126.61,11730,39956
05/13/1993,126.69,126.79,125.19,125.45,19357,39184
05/14/1993,125.57,127.43,125.53,127.29,11934,38182
05/17/1993,127.67,127.89,126.47,126.77,8628,37375
05/18/1993,126.85,127.19,125.81,126.75,12304,35802
05/19/1993,126.85,128.09,126.85,127.59,16038,36208
05/20/1993,127.79,129.43,127.59,129.27,13703,37002
05/21/1993,129.13,129.25,127.19,127.91,14267,37684
05/24/1993,127.49,127.81,126.41,127.13,9970,36450
05/25/1993,126.99,128.17,126.99,127.81,9407,35712
05/26/1993,127.75,128.41,127.69,128.31,9344,35751
05/27/1993,128.19,130.03,127.79,129.45,23444,40397
05/28/1993,129.69,130.13,129.17,129.67,18239,39655
06/01/1993,129.87,129.97,127.99,128.43,15163,38130
06/02/1993,128.47,128.95,127.19,127.69,17973,36953
06/03/1993,127.81,128.03,127.39,127.89,8899,36921
06/04/1993,127.97,128.47,124.17,124.25,37761,38515
06/07/1993,124.57,125.99,124.57,125.65,25330,39243
06/08/1993,125.87,126.07,124.97,125.55,14349,39932
06/09/1993,125.53,126.09,124.33,125.25,20403,39827
06/10/1993,125.29,126.83,124.59,126.37,15387,38783
06/11/1993,126.19,127.67,125.51,125.89,17454,38574
06/14/1993,125.93,126.73,125.93,126.31,9458,36226
06/15/1993,126.31,127.15,125.07,125.33,11269,25264
06/16/1993,125.37,125.57,123.39,123.99,15503,28050
06/17/1993,124.31,125.57,123.73,125.17,12362,28404
06/18/1993,125.29,125.37,122.89,123.31,15517,30763
06/21/1993,123.17,123.37,121.77,122.55,12185,31561
06/22/1993,122.77,122.79,121.23,121.51,13189,35143
06/23/1993,121.63,121.65,120.57,121.07,11806,35441
06/24/1993,121.25,121.25,120.29,120.73,8365,35646
06/25/1993,120.87,122.13,120.71,121.67,10987,34905
06/28/1993,121.87,123.45,121.37,123.33,14125,32507
06/29/1993,123.47,125.37,122.93,125.23,20024,27652
06/30/1993,125.03,125.17,122.67,122.97,15570,26651
07/01/1993,123.07,125.79,122.79,125.55,16816,25769
07/02/1993,125.37,126.47,124.47,124.67,11629,23890
07/06/1993,124.87,125.21,124.27,124.33,8250,22666
07/07/1993,124.17,124.55,122.95,123.13,14025,24096
07/08/1993,123.27,123.73,122.89,123.51,10670,24406
07/09/1993,123.67,123.67,121.59,122.03,12297,27204
07/12/1993,122.25,122.49,121.19,121.69,9461,28381
07/13/1993,121.61,123.75,121.41,123.61,17353,27070
07/14/1993,123.61,124.41,122.97,124.11,13326,26123
07/15/1993,124.19,124.19,122.47,122.89,11774,27520
07/16/1993,123.07,123.17,121.47,122.63,13892,27938
07/19/1993,122.61,124.07,122.43,123.85,10533,26873
07/20/1993,123.93,125.37,123.67,125.27,20850,24537
07/21/1993,125.43,126.11,124.97,125.55,15555,24509
07/22/1993,125.77,126.31,124.27,125.27,9824,24170
07/23/1993,124.25,124.71,123.37,124.65,15425,25116
07/26/1993,124.47,124.67,123.67,124.21,7563,24592
07/27/1993,124.27,124.31,122.85,122.91,17811,26754
07/28/1993,122.87,123.77,122.79,123.65,10377,25705
07/29/1993,123.57,124.03,122.17,122.27,14977,27949
07/30/1993,122.37,123.09,121.69,122.43,15518,29808
08/02/1993,122.37,125.13,121.79,124.67,22580,27428
08/03/1993,124.47,125.13,123.79,124.37,13559,25966
08/04/1993,124.41,124.63,124.07,124.17,6918,25291
08/05/1993,124.39,124.57,123.27,123.81,12637,25379
08/06/1993,123.81,124.23,122.69,123.95,14246,25059
08/09/1993,123.79,124.11,123.07,123.41,8630,27471
08/10/1993,123.31,123.31,120.67,120.77,29499,37767
08/11/1993,121.27,122.23,120.97,121.45,16451,39068
08/12/1993,121.31,121.91,119.91,121.03,17706,42720
08/13/1993,120.71,121.47,119.87,120.57,14957,46890
08/16/1993,120.43,123.77,120.43,123.47,27570,41016
08/17/1993,123.43,124.03,122.87,123.19,14019,38830
08/18/1993,123.17,126.17,123.07,126.11,31862,33292
08/19/1993,126.13,126.63,124.41,124.81,23688,30081
08/20/1993,125.37,126.23,124.47,125.93,10569,30211
08/23/1993,126.05,126.35,124.45,124.83,11089,30268
08/24/1993,124.87,124.97,123.77,124.29,15860,28887
08/25/1993,124.41,124.41,122.17,122.63,23553,28172
08/26/1993,122.61,126.07,122.59,125.75,32578,30328
08/27/1993,125.57,125.91,124.07,124.89,27483,33391
08/30/1993,124.77,124.77,123.13,124.07,11578,32232
08/31/1993,123.69,124.49,123.01,123.55,13183,34075
09/01/1993,123.57,125.33,123.33,124.89,19037,34959
09/02/1993,124.77,125.21,123.81,124.79,17593,34924
09/03/1993,124.81,127.75,124.57,127.41,36300,40731
09/07/1993,127.49,129.37,126.97,128.87,55775,47635
09/08/1993,128.45,129.25,127.93,128.87,20578,46886
09/09/1993,128.83,130.19,128.59,129.61,22825,46914
09/10/1993,129.43,130.35,129.07,129.91,19793,45990
09/13/1993,129.57,130.43,128.73,129.11,16823,38669
09/14/1993,129.17,129.61,128.49,129.23,11133,30818
09/15/1993,129.19,130.29,128.59,129.55,13054,32624
09/16/1993,129.65,129.71,127.19,127.81,14533,30131
09/17/1993,127.87,128.53,127.31,127.93,11152,30308
09/20/1993,127.67,128.27,127.35,127.93,4926,30632
09/21/1993,127.89,128.95,124.69,125.77,29241,26968
09/22/1993,126.43,127.09,125.91,126.45,10816,25988
09/23/1993,126.81,126.81,124.97,125.41,13274,24994
09/24/1993,125.35,125.89,124.01,125.77,13854,25597
09/27/1993,126.25,126.59,125.79,126.25,7222,25609
09/28/1993,126.29,126.75,125.15,126.09,11935,25234
09/29/1993,126.19,126.43,125.73,126.01,6851,24004
09/30/1993,125.77,126.01,124.29,124.51,13930,24029
10/01/1993,124.51,125.85,123.79,125.33,18320,25454
10/04/1993,124.65,126.99,124.25,126.31,15248,26281
10/05/1993,126.39,127.51,126.13,126.41,10732,24961
10/06/1993,126.53,127.99,126.41,127.37,12691,26033
10/07/1993,127.49,127.77,126.93,127.39,7457,25332
10/08/1993,127.39,128.83,127.13,128.71,15920,27426
10/11/1993,128.49,128.81,127.79,128.37,6454,26774
10/12/1993,128.19,128.67,127.63,128.27,8254,27291
10/13/1993,128.09,128.25,126.89,127.17,13673,26178
10/14/1993,127.21,128.59,126.19,126.59,19549,26786
10/15/1993,126.65,126.75,125.91,126.23,9181,25410
10/18/1993,125.17,125.27,123.39,123.75,24562,30317
10/19/1993,123.77,124.53,123.35,124.01,15699,31889
10/20/1993,124.09,124.69,123.75,124.45,9930,32090
10/21/1993,124.49,124.89,123.35,123.59,13196,32115
10/22/1993,123.59,123.89,122.19,122.33,19817,36557
10/25/1993,123.03,124.33,122.61,123.05,19873,35478
10/26/1993,123.07,123.77,122.59,122.99,12976,35240
10/27/1993,123.25,123.45,122.85,123.25,7396,34828
10/28/1993,123.25,125.17,122.49,123.97,19192,33933
10/29/1993,124.09,124.41,123.29,123.35,8988,34023
11/01/1993,123.63,123.87,122.99,123.47,6431,34172
11/02/1993,123.45,123.89,122.29,122.57,16374,36284
11/03/1993,122.57,123.65,122.45,123.51,10930,36218
11/04/1993,123.65,123.83,123.01,123.35,5552,36292
11/05/1993,123.39,124.19,122.49,123.73,16089,36565
11/08/1993,123.81,123.95,123.23,123.47,8213,35749
11/09/1993,123.29,123.61,121.71,122.19,25615,43133
11/10/1993,122.17,123.29,121.95,123.21,16051,42701
11/11/1993,123.29,123.63,122.85,122.89,6310,42041
11/12/1993,122.99,125.29,122.69,124.73,29718,38905
11/15/1993,124.75,124.91,123.95,124.29,12478,36702
11/16/1993,124.21,124.39,122.99,123.57,12309,36927
11/17/1993,123.65,123.85,122.89,123.47,11869,35401
11/18/1993,123.21,123.59,122.69,123.07,12705,35968
11/19/1993,123.13,123.49,122.39,122.61,12846,36178
11/22/1993,122.71,123.25,122.59,122.93,10548,36849
11/23/1993,123.01,124.49,122.93,124.07,20444,36341
11/24/1993,123.97,124.99,123.97,124.35,14202,35793
11/26/1993,124.17,124.17,122.95,123.53,10947,36688
11/29/1993,123.67,124.69,123.35,124.47,16826,35732
11/30/1993,124.43,124.57,123.29,124.23,21650,37537
12/01/1993,124.11,124.21,123.19,123.37,14932,37546
12/02/1993,123.43,124.19,123.35,123.97,12845,37388
12/03/1993,123.99,125.49,123.71,124.71,27260,38027
12/06/1993,124.95,126.25,124.93,126.07,30306,42023
12/07/1993,125.99,126.25,124.75,124.89,19933,41274
12/08/1993,124.87,125.63,124.37,125.29,26201,44773
12/09/1993,125.03,125.33,124.83,124.95,16888,45195
12/10/1993,124.93,125.73,124.73,125.05,12543,45224
12/13/1993,124.97,125.03,124.45,124.59,10140,41339
12/14/1993,124.59,124.85,124.05,124.39,8506,27136
12/15/1993,124.43,124.45,123.13,123.35,25655,24148
12/16/1993,123.37,124.53,123.37,124.19,13565,24000
12/17/1993,124.23,124.81,124.17,124.25,9821,23511
12/20/1993,124.45,124.45,123.95,124.25,5350,23335
12/21/1993,124.29,124.67,124.23,124.43,5592,22959
12/22/1993,124.43,125.53,124.39,125.43,13114,24797
12/23/1993,125.33,126.69,125.17,126.49,19317,30381
12/27/1993,126.13,126.33,125.75,126.13,5593,31172
12/28/1993,125.93,126.83,125.93,126.55,6815,34070
12/29/1993,126.43,126.55,122.89,123.19,25422,30286
12/30/1993,123.47,124.17,123.13,123.39,17831,28414
12/31/1993,123.49,123.93,123.03,123.17,4921,28383
01/03/1994,123.55,124.11,123.21,123.29,9525,29022
01/04/1994,123.33,124.43,123.27,124.29,11744,28834
01/05/1994,124.41,124.79,123.85,124.49,11318,28961
01/06/1994,124.45,124.73,123.73,123.87,12025,30557
01/07/1994,123.83,125.33,123.83,125.09,20574,30693
01/10/1994,125.07,125.55,124.87,125.07,15919,31953
01/11/1994,125.01,125.07,124.45,124.73,9796,30991
01/12/1994,124.79,126.23,124.79,126.13,22462,33750
01/13/1994,126.03,126.37,124.95,125.57,25340,42236
01/14/1994,125.49,125.57,124.57,125.11,9686,42386
01/17/1994,124.69,125.29,124.67,125.23,3339,42406
01/18/1994,125.27,125.71,125.27,125.45,8394,43513
01/19/1994,125.39,125.93,124.89,125.07,8901,44114
01/20/1994,124.99,126.03,124.77,125.61,13705,44206
01/21/1994,125.55,126.09,124.97,125.05,12868,42569
01/24/1994,125.09,125.51,124.95,125.31,6042,41809
01/25/1994,125.25,125.45,125.07,125.31,5551,42142
01/26/1994,125.49,125.57,125.05,125.43,4612,42119
01/27/1994,125.43,127.23,125.11,126.97,23700,47069
01/28/1994,126.77,126.89,125.33,125.43,26216,50113
01/31/1994,125.31,126.77,125.23,126.59,18382,54248
02/01/1994,126.53,126.89,125.71,125.93,15808,54526
02/02/1994,126.13,126.13,125.23,125.61,13073,52905
02/03/1994,125.53,125.99,124.23,124.73,36817,44331
02/04/1994,124.71,126.13,123.23,123.55,48838,42565
02/07/1994,123.61,124.41,123.55,124.31,13996,39390
02/08/1994,124.33,124.75,122.55,122.79,24300,40431
02/09/1994,122.79,123.09,121.77,122.11,19715,41894
02/10/1994,122.21,122.61,121.55,122.39,16610,43739
02/11/1994,122.37,122.97,121.97,122.37,13700,43679
02/14/1994,122.63,125.53,122.59,124.79,24866,43523
02/15/1994,124.59,124.63,123.25,123.67,18710,41666
02/16/1994,123.47,124.43,123.25,123.75,15878,43083
02/17/1994,123.79,124.29,123.53,123.97,8900,42296
02/18/1994,124.03,124.73,123.83,124.51,12540,42730
02/22/1994,123.93,124.29,123.65,124.11,8599,43197
02/23/1994,124.11,124.25,123.71,124.03,10722,44038
02/24/1994,123.97,125.11,123.43,124.77,21150,42248
02/25/1994,124.61,125.61,124.21,125.09,16711,41091
02/28/1994,125.15,125.21,124.57,124.89,21472,46358
03/01/1994,124.81,125.49,124.57,125.21,19282,48502
03/02/1994,125.21,126.25,124.83,125.91,22311,48157
03/03/1994,125.97,126.19,125.39,125.99,15854,45084
03/04/1994,125.81,125.81,124.97,125.27,22156,40635
03/07/1994,125.11,125.59,124.91,125.25,21297,41755
03/08/1994,125.31,125.31,124.77,125.01,12975,41508
03/09/1994,125.07,125.65,125.07,125.53,11856,41511
03/10/1994,125.53,126.85,125.53,126.65,28559,46625
03/11/1994,126.63,126.77,125.85,126.29,16917,46084
03/14/1994,126.15,126.21,125.57,125.99,9022,44595
03/15/1994,125.79,125.85,125.23,125.37,10322,25403
03/16/1994,125.35,125.89,124.87,125.77,13105,25797
03/17/1994,125.85,126.21,125.45,125.57,11041,25715
03/18/1994,125.63,125.79,124.93,125.45,13305,25155
03/21/1994,125.15,125.23,124.41,125.19,19363,25073
03/22/1994,125.19,125.59,124.75,125.09,13490,25174
03/23/1994,125.13,126.11,124.95,126.03,16344,26964
03/24/1994,125.91,126.31,125.41,125.97,14530,26588
03/25/1994,126.07,126.65,125.69,126.09,13407,28126
03/28/1994,126.01,126.15,125.71,125.93,4700,28429
03/29/1994,125.93,126.23,124.37,124.51,23987,31281
03/30/1994,124.71,125.05,123.77,124.33,19343,30694
03/31/1994,124.33,125.65,124.33,125.01,17005,29019
04/01/1994,124.71,125.07,123.45,123.77,13307,30787
04/04/1994,123.45,123.97,122.71,123.09,20707,37148
04/05/1994,123.09,123.29,122.49,122.71,23153,43406
04/06/1994,122.85,123.55,122.57,123.23,14328,47357
04/07/1994,123.23,123.79,122.99,123.73,12507,48493
04/08/1994,123.65,124.25,123.65,124.01,10082,47281
04/11/1994,123.97,124.29,123.21,123.51,9385,48409
04/12/1994,123.45,124.05,123.19,124.01,8520,47239
04/13/1994,124.03,124.45,123.77,124.01,11950,48436
04/14/1994,124.05,124.33,123.69,124.21,7372,48368
04/15/1994,124.03,124.03,123.51,123.59,6487,49009
04/18/1994,123.55,124.25,123.33,124.13,23078,46624
04/19/1994,124.11,124.93,124.07,124.57,13964,46240
04/20/1994,125.55,125.83,124.49,125.77,22873,42976
04/21/1994,125.73,126.35,125.45,125.67,19125,41585
04/22/1994,125.61,125.75,124.99,125.39,9397,41089
04/25/1994,125.51,125.99,125.47,125.55,6451,41204
04/26/1994,125.65,127.31,125.39,127.09,44220,45341
04/28/1994,127.09,128.13,126.81,128.03,28731,46224
04/29/1994,127.95,129.01,127.39,128.55,22210,47286
05/02/1994,128.29,128.65,128.05,128.13,8731,49284
05/03/1994,128.11,128.23,127.15,127.99,11877,49464
05/04/1994,127.87,127.99,126.27,126.85,18355,49347
05/05/1994,126.85,126.85,125.95,126.49,9545,48912
05/06/1994,126.39,126.39,125.65,126.07,14714,48038
05/09/1994,125.67,126.53,125.55,126.43,12053,46583
05/10/1994,126.39,126.49,125.17,125.43,23227,42890
05/11/1994,125.39,126.25,125.25,126.01,12725,42895
05/12/1994,125.99,126.91,125.99,126.69,14430,44687
05/13/1994,126.69,126.75,126.31,126.49,5865,44960
05/16/1994,126.51,127.17,126.35,126.93,8974,46457
05/17/1994,126.97,127.49,126.79,126.89,9080,46628
05/18/1994,126.79,127.79,126.53,127.63,13863,47995
05/19/1994,127.55,127.63,127.31,127.55,8573,47436
05/20/1994,127.43,128.13,127.01,127.31,16183,46652
05/23/1994,127.19,127.75,126.99,127.41,11502,46964
05/24/1994,127.35,127.63,127.09,127.23,6787,46306
05/25/1994,127.29,127.95,127.23,127.59,10793,47126
05/26/1994,127.69,127.91,127.47,127.61,8554,45618
05/27/1994,127.59,127.81,127.19,127.73,9907,45414
05/31/1994,127.65,127.97,127.49,127.73,8363,44476
06/01/1994,127.87,128.73,127.75,128.41,22371,47052
06/02/1994,128.53,128.53,127.45,127.77,19114,46742
06/03/1994,127.81,127.81,126.91,127.33,21043,45709
06/06/1994,127.17,127.71,127.09,127.45,30639,45239
06/07/1994,127.29,128.05,127.15,127.59,15661,45412
06/08/1994,127.75,127.95,127.25,127.65,18599,44524
06/09/1994,127.87,127.89,127.37,127.75,17419,43834
06/10/1994,127.75,127.75,127.23,127.67,17000,43694
06/13/1994,127.73,129.09,127.69,128.81,22927,50221
06/14/1994,128.91,129.19,128.43,128.73,9141,35043
06/15/1994,128.73,129.09,128.47,128.99,7554,33774
06/16/1994,128.89,129.19,128.69,128.83,6101,33633
06/17/1994,128.65,130.59,128.37,130.51,19335,39011
06/20/1994,130.13,130.83,129.87,130.51,10051,38812
06/21/1994,130.31,131.55,130.25,131.29,10680,40151
06/22/1994,131.01,131.25,129.59,130.03,13827,38557
06/23/1994,129.83,131.05,129.71,130.79,9953,39124
06/24/1994,130.63,132.47,130.09,132.11,19436,39218
06/27/1994,132.33,132.59,131.11,131.19,11760,37986
06/28/1994,131.43,132.31,130.99,132.05,9540,39103
06/29/1994,131.99,132.43,131.27,131.41,9608,38635
06/30/1994,131.49,131.99,130.43,131.23,11937,38301
07/01/1994,131.33,131.33,130.01,130.85,6776,38623
07/05/1994,130.97,131.31,130.69,131.23,6153,39036
07/06/1994,131.15,132.19,130.95,131.53,13003,40901
07/07/1994,131.23,131.39,130.29,130.71,12963,39193
07/08/1994,130.89,132.09,130.59,131.81,13882,40533
07/11/1994,132.23,134.63,132.23,134.13,21932,41906
07/12/1994,134.19,134.53,133.55,133.75,12147,41030
07/13/1994,133.83,134.29,133.39,133.59,9381,40708
07/14/1994,133.59,133.83,132.65,132.85,13149,41041
07/15/1994,132.99,133.07,132.59,132.95,8777,40698
07/18/1994,133.19,133.45,132.89,133.01,5179,40372
07/19/1994,132.99,133.25,131.43,131.81,17162,41394
07/20/1994,131.81,132.05,130.89,131.27,14925,40863
07/21/1994,131.35,131.85,128.81,129.01,33856,33206
07/22/1994,129.23,130.33,129.09,129.57,15015,31034
07/25/1994,129.91,130.57,129.79,129.97,8661,31543
07/26/1994,129.99,129.99,128.89,129.31,10809,32221
07/27/1994,129.41,130.29,129.35,130.01,8819,32174
07/28/1994,130.03,130.63,129.29,129.55,10722,32811
07/29/1994,129.55,131.29,129.27,130.87,17545,33383
08/01/1994,132.01,132.01,130.39,130.49,9728,32972
08/02/1994,130.47,131.03,130.35,130.45,7377,31928
08/03/1994,130.39,131.19,130.39,131.09,6605,32273
08/04/1994,130.79,131.15,130.15,130.41,8860,31964
08/05/1994,130.59,131.39,130.29,131.09,11704,32307
08/08/1994,131.19,131.55,130.65,130.81,10135,32090
08/09/1994,130.89,130.99,130.37,130.75,6359,32123
08/10/1994,130.91,131.07,130.41,130.57,8219,32581
08/11/1994,130.65,132.33,129.89,131.77,24860,34065
08/12/1994,131.65,131.97,131.23,131.55,8115,34632
08/15/1994,131.39,131.55,130.99,131.13,4485,33741
08/16/1994,130.99,131.65,130.19,130.93,18453,34992
08/17/1994,130.69,131.15,130.49,131.13,6640,34969
08/18/1994,131.17,132.11,131.01,132.07,11312,35615
08/19/1994,132.03,132.31,131.51,132.01,10005,35732
08/22/1994,131.79,132.79,131.59,132.59,15876,39059
08/23/1994,132.59,132.77,132.09,132.57,9695,40352
08/24/1994,132.43,132.73,132.13,132.31,6679,40678
08/25/1994,132.35,132.69,131.73,132.59,14607,40196
08/26/1994,132.63,132.99,129.55,130.09,36176,35629
08/29/1994,129.97,130.79,129.59,130.61,14273,34904
08/30/1994,130.59,130.61,130.05,130.41,6721,35612
08/31/1994,130.55,130.75,130.31,130.45,4968,36321
09/01/1994,130.55,131.95,130.43,131.47,18334,37190
09/02/1994,131.51,131.99,130.61,131.57,15070,37823
09/06/1994,131.63,132.67,131.49,132.53,13573,39923
09/07/1994,132.19,132.19,131.29,131.61,13359,39717
09/08/1994,131.71,131.85,131.21,131.59,15076,41464
09/09/1994,131.41,132.41,131.11,132.29,30073,43231
09/12/1994,132.31,134.25,132.23,134.05,41296,50798
09/13/1994,133.77,134.11,132.93,133.35,16455,50574
09/14/1994,133.49,133.95,133.35,133.49,15597,50413
09/15/1994,133.51,133.65,133.07,133.33,6609,49287
09/16/1994,133.39,135.69,133.39,135.09,20730,52041
09/19/1994,134.91,135.17,133.29,133.93,13311,51727
09/20/1994,133.83,134.81,133.51,134.25,10588,32025
09/21/1994,134.77,134.97,134.03,134.89,7478,32153
09/22/1994,134.75,134.99,134.31,134.59,5011,31812
09/23/1994,134.81,135.39,134.43,134.79,7527,32536
09/26/1994,134.71,134.71,133.95,134.11,9535,31839
09/27/1994,134.31,135.39,134.29,135.01,12798,33279
09/28/1994,134.99,135.11,134.31,134.51,7704,32617
09/29/1994,134.63,135.29,134.61,134.95,6272,32953
09/30/1994,134.91,135.11,134.27,134.67,5917,32377
10/03/1994,135.09,135.09,134.45,134.89,8812,34176
10/04/1994,134.91,135.25,134.79,135.17,6865,33580
10/05/1994,135.17,135.97,135.01,135.69,14459,38027
10/06/1994,135.65,136.39,135.47,136.05,11193,40530
10/07/1994,136.11,137.01,135.59,135.79,22644,42162
10/10/1994,135.67,135.71,135.43,135.71,4755,42587
10/11/1994,135.57,135.69,134.75,135.07,10708,41796
10/12/1994,134.87,135.51,134.87,135.31,6780,42059
10/13/1994,135.45,135.97,134.91,135.69,10852,42719
10/14/1994,136.01,136.77,135.87,136.51,10180,43909
10/17/1994,136.43,138.47,136.23,138.11,16792,44342
10/18/1994,138.01,138.73,137.75,138.29,8013,44329
10/19/1994,138.41,139.45,138.33,139.33,15571,43245
10/20/1994,139.21,140.35,138.83,140.27,15837,45357
10/21/1994,140.19,140.45,139.39,139.75,13923,45174
10/24/1994,139.75,140.43,139.67,140.31,12223,43338
10/25/1994,140.35,141.13,140.21,140.95,13361,43616
10/26/1994,140.75,141.01,140.21,140.85,12196,45442
10/27/1994,140.91,140.99,140.59,140.81,9267,46924
10/28/1994,140.73,141.01,138.95,139.39,24249,45980
10/31/1994,139.11,140.97,138.97,140.67,26306,46326
11/01/1994,140.75,141.01,139.95,140.27,11266,45599
11/02/1994,140.51,141.57,138.61,139.27,26089,46074
11/03/1994,139.21,139.63,138.23,138.87,13840,45530
11/04/1994,139.07,139.19,137.61,138.65,13909,44009
11/07/1994,138.77,138.95,138.29,138.43,14433,48764
11/08/1994,138.49,139.59,138.45,139.05,11924,50144
11/09/1994,139.13,139.35,137.31,137.43,18532,50734
11/10/1994,137.75,138.01,136.53,137.13,18875,49441
11/11/1994,137.31,137.37,136.67,136.75,5892,49504
11/14/1994,136.57,136.63,135.61,135.87,12420,48565
11/15/1994,135.71,136.15,134.61,134.67,15280,46959
11/16/1994,134.49,134.75,133.69,134.31,24080,46952
11/17/1994,134.37,135.01,134.27,134.43,11620,48326
11/18/1994,134.37,134.49,133.71,133.87,10952,49163
11/21/1994,133.79,134.27,133.67,133.81,9455,49910
11/22/1994,134.03,134.47,133.83,133.95,12159,51287
11/23/1994,133.99,134.83,133.99,134.13,12341,50694
11/25/1994,133.81,133.81,133.31,133.45,9233,51824
11/28/1994,133.29,133.71,133.21,133.33,14489,55227
11/29/1994,133.49,134.21,133.37,133.43,16623,57360
11/30/1994,133.43,134.07,133.35,133.77,11487,57307
12/01/1994,133.77,134.41,133.61,133.87,11090,57755
12/02/1994,133.77,133.89,132.91,133.29,17055,60292
12/05/1994,133.15,133.33,132.67,132.93,15777,60555
12/06/1994,133.09,133.71,132.91,133.41,28882,72635
12/07/1994,133.31,134.09,132.93,133.73,23136,74723
12/08/1994,133.63,133.83,133.29,133.49,8977,73927
12/09/1994,133.25,133.47,132.89,133.35,17559,74233
12/12/1994,133.03,133.91,133.03,133.67,28638,73473
12/13/1994,133.67,133.67,133.07,133.23,11393,72973
12/14/1994,133.17,133.53,133.05,133.37,10617,73318
12/15/1994,133.43,133.63,133.09,133.49,9823,73448
12/16/1994,133.41,133.65,133.25,133.29,15162,74483
12/19/1994,133.15,133.53,133.09,133.29,5062,73994
12/20/1994,133.45,133.45,133.13,133.21,3952,48855
12/21/1994,133.11,133.33,131.23,131.39,20403,50494
12/22/1994,131.23,132.25,131.19,131.71,23183,59664
12/23/1994,131.89,131.99,131.59,131.73,3874,60242
12/27/1994,131.55,131.89,131.43,131.75,1521,58849
12/28/1994,131.99,135.03,131.47,134.73,19381,58695
12/29/1994,134.55,134.55,132.43,133.19,21964,51901
12/30/1994,132.91,134.11,132.91,133.93,8341,53507
01/03/1995,133.55,133.89,133.13,133.65,9707,54250
01/04/1995,133.41,133.65,133.09,133.29,6080,54333
01/05/1995,133.31,133.79,133.27,133.47,5904,54199
01/06/1995,133.33,133.73,131.97,132.11,21980,55870
01/09/1995,132.41,133.73,132.27,133.57,17108,55626
01/10/1995,133.57,133.59,132.69,133.33,11154,56015
01/11/1995,133.53,133.59,132.81,133.25,6480,55962
01/12/1995,133.23,134.83,133.03,134.63,18821,55006
01/13/1995,134.57,134.57,133.73,134.01,30670,39045
01/16/1995,134.13,134.31,133.85,134.17,3395,38635
01/17/1995,133.81,134.13,133.39,133.85,6281,37986
01/18/1995,133.93,134.73,133.77,134.19,9602,38728
01/19/1995,134.23,136.29,134.05,136.01,25165,42673
01/20/1995,135.95,136.41,135.63,136.15,14972,41651
01/23/1995,135.87,136.91,135.77,136.77,21010,46853
01/24/1995,136.61,137.35,136.53,136.87,13891,47147
01/25/1995,136.83,137.37,136.09,136.37,14891,51158
01/26/1995,136.29,136.69,135.91,136.29,11148,48474
01/27/1995,136.11,136.63,135.53,136.09,9018,46664
01/30/1995,135.97,137.01,135.83,136.37,17543,39515
01/31/1995,136.61,136.87,134.93,135.19,20717,42756
02/01/1995,135.15,135.59,135.05,135.29,11870,39245
02/02/1995,135.41,135.73,135.25,135.35,4871,39394
02/03/1995,135.31,135.37,133.11,133.49,25218,39269
02/06/1995,133.19,133.49,132.61,133.09,16200,41009
02/07/1995,132.99,133.37,132.67,132.75,10380,40512
02/08/1995,133.01,133.01,132.19,132.43,13298,41877
02/09/1995,132.55,133.29,132.43,132.87,9558,41963
02/10/1995,132.93,133.69,132.57,133.21,18256,44746
02/13/1995,133.39,133.73,133.37,133.45,9668,45886
02/14/1995,133.35,133.67,132.37,133.35,20140,46244
02/15/1995,133.35,133.73,132.93,133.25,9486,46428
02/16/1995,133.25,135.37,133.25,135.03,27704,47546
02/17/1995,135.01,135.89,134.63,135.05,9407,48423
02/21/1995,135.13,135.83,134.65,135.61,11973,48575
02/22/1995,135.75,136.49,135.23,136.15,15817,48438
02/23/1995,135.89,136.83,135.85,136.67,11727,47617
02/24/1995,136.73,136.73,135.21,135.97,15581,47660
02/27/1995,135.05,135.79,134.73,135.25,9671,47984
02/28/1995,135.31,135.99,135.03,135.65,13511,50942
03/01/1995,135.65,136.01,135.03,135.81,10989,53757
03/02/1995,136.03,139.63,135.93,138.63,29397,57861
03/03/1995,138.57,140.35,137.43,140.11,43384,53489
03/06/1995,140.47,142.93,138.83,139.71,35383,56990
03/07/1995,139.35,142.63,139.05,141.65,24124,58604
03/08/1995,141.35,142.33,136.83,138.07,18110,56166
03/09/1995,138.07,139.73,137.33,138.35,15365,57137
03/10/1995,138.25,138.25,133.53,133.89,30202,58960
03/13/1995,135.09,137.19,134.73,136.37,16182,54832
03/14/1995,136.43,136.43,135.49,135.75,7314,22225
03/15/1995,135.75,137.81,135.65,137.01,8629,21691
03/16/1995,137.43,137.43,135.79,136.11,6956,21307
03/17/1995,136.31,136.79,134.53,135.79,6686,21210
03/20/1995,136.53,136.79,134.23,134.77,5786,21153
03/21/1995,135.27,136.23,134.71,135.99,6163,20876
03/22/1995,135.83,136.61,135.43,136.15,4710,21262
03/23/1995,136.03,137.23,136.03,136.75,5167,21455
03/24/1995,136.71,137.33,135.97,136.61,6984,21566
03/27/1995,136.75,137.63,136.43,136.79,5955,21733
03/28/1995,137.19,138.97,137.19,138.75,10346,22937
03/29/1995,138.89,138.89,137.97,138.63,6608,22915
03/30/1995,138.27,138.63,136.63,137.37,6201,23495
03/31/1995,137.61,140.59,137.61,139.43,9808,23712
04/03/1995,139.71,140.07,138.81,139.19,5584,23457
04/04/1995,139.07,139.23,136.99,137.87,7733,23373
04/05/1995,138.03,138.87,137.53,138.31,5689,23155
04/06/1995,138.33,138.85,137.73,137.87,2411,23046
04/07/1995,138.15,139.73,137.13,138.55,9732,23843
04/10/1995,137.51,137.67,135.93,136.73,9964,22845
04/11/1995,136.63,137.43,136.43,136.77,4061,22800
04/12/1995,136.61,136.89,135.97,136.67,5409,22851
04/13/1995,136.49,138.43,136.47,138.15,8115,23061
04/17/1995,138.73,139.93,138.17,139.53,7176,23270
04/18/1995,139.61,139.75,138.53,139.05,8802,22698
04/19/1995,138.97,139.29,138.03,138.49,6800,23005
04/20/1995,138.43,139.21,137.81,138.51,5024,23006
04/21/1995,138.29,138.83,137.53,138.39,5825,22842
04/24/1995,139.29,139.49,136.75,137.49,10302,23409
04/25/1995,137.69,139.31,137.63,138.61,6518,23379
04/26/1995,138.43,139.63,137.93,138.61,6075,23292
04/27/1995,138.61,139.21,138.39,139.13,3581,23304
04/28/1995,139.13,139.13,137.99,138.47,5340,23439
05/01/1995,138.59,139.27,138.45,138.79,4794,23983
05/02/1995,138.73,139.05,138.37,138.77,5579,23479
05/03/1995,139.03,139.23,138.49,138.91,4042,23480
05/04/1995,138.91,139.77,138.43,138.69,9929,24505
05/05/1995,138.53,138.71,136.93,137.11,11684,24036
05/08/1995,137.47,138.47,137.45,137.77,6227,23758
05/09/1995,137.69,137.87,135.63,135.89,12248,24590
05/10/1995,136.03,136.71,135.23,135.73,9262,24829
05/11/1995,136.03,136.03,132.67,133.37,24099,29427
05/12/1995,133.75,135.07,132.79,134.17,13491,29736
05/15/1995,133.93,134.93,133.31,134.53,7775,29281
05/16/1995,134.59,134.79,133.43,134.03,6906,29270
05/17/1995,133.85,134.69,133.85,134.31,4914,28484
05/18/1995,134.31,135.53,133.47,135.07,9232,28506
05/19/1995,135.11,135.11,134.23,134.43,3888,28235
05/22/1995,133.93,135.41,133.71,135.09,6896,28448
05/23/1995,135.13,135.13,133.85,134.33,7099,28733
05/24/1995,134.35,135.23,134.19,134.79,5547,28792
05/25/1995,134.81,138.53,134.81,138.27,17948,26313
05/26/1995,137.79,138.73,137.47,138.09,9683,26245
05/30/1995,137.55,137.79,137.01,137.65,3841,25232
05/31/1995,137.49,138.13,135.93,136.39,10288,25210
06/01/1995,135.95,137.55,135.47,137.19,9448,26581
06/02/1995,137.21,137.63,135.53,136.21,16525,28305
06/05/1995,136.45,137.33,136.01,137.09,8929,27648
06/06/1995,136.83,136.93,136.05,136.57,7501,27572
06/07/1995,136.57,136.95,136.15,136.57,6661,28191
06/08/1995,136.65,137.53,136.09,137.21,8587,28523
06/09/1995,136.89,137.49,136.75,136.95,9695,29648
06/12/1995,137.25,137.25,136.79,136.95,24349,35269
06/13/1995,137.29,137.41,136.69,137.05,8014,36074
06/14/1995,137.29,139.09,137.29,138.67,20672,37287
06/15/1995,138.81,138.91,136.75,137.37,15024,39318
06/16/1995,137.51,138.49,137.29,138.13,12644,37511
06/19/1995,137.79,138.01,137.11,137.47,8605,39322
06/20/1995,137.29,138.07,137.19,137.95,6139,19393
06/21/1995,137.95,138.53,137.79,138.33,4952,18914
06/22/1995,138.37,138.57,136.69,137.19,12642,19993
06/23/1995,137.31,138.17,136.97,137.97,7318,18559
06/26/1995,137.71,137.71,135.49,135.87,17127,22929
06/27/1995,135.93,136.45,134.99,136.11,12490,20555
06/28/1995,135.93,135.93,134.19,135.05,8448,22153
06/29/1995,135.31,137.49,135.31,137.27,12623,21388
06/30/1995,137.27,137.27,136.29,136.73,9473,21842
07/03/1995,136.97,137.39,136.97,137.25,4055,20776
07/05/1995,136.95,137.95,136.35,137.09,8154,20696
07/06/1995,136.95,137.59,136.83,137.45,7588,19475
07/07/1995,137.29,137.41,135.99,136.81,11405,21258
07/10/1995,136.69,136.97,136.27,136.91,9295,22941
07/11/1995,136.69,136.85,136.13,136.41,4538,22967
07/12/1995,136.29,136.77,135.99,136.51,3180,23236
07/13/1995,136.53,137.99,136.19,137.37,15042,22771
07/14/1995,137.35,137.47,136.51,136.97,7856,22573
07/17/1995,136.71,137.09,136.63,137.01,3154,22818
07/18/1995,136.99,137.25,136.81,137.11,3552,22817
07/19/1995,137.01,137.79,136.81,137.37,6427,22484
07/20/1995,137.19,137.45,136.91,137.01,4096,22555
07/21/1995,136.81,137.03,136.79,136.91,3143,23037
07/24/1995,136.93,137.33,136.93,137.15,3676,23064
07/25/1995,137.05,137.23,136.19,136.57,12999,24866
07/26/1995,136.49,137.35,136.39,137.05,6987,24565
07/27/1995,136.89,137.49,136.69,137.17,7062,23594
07/28/1995,137.13,137.89,136.99,137.57,8383,23462
07/31/1995,137.71,137.77,136.89,137.35,3099,23300
08/01/1995,137.31,138.79,137.03,138.19,14575,26290
08/02/1995,138.19,138.39,136.99,137.55,13661,27815
08/03/1995,137.69,138.43,137.53,138.03,10182,26567
08/04/1995,138.05,138.59,137.65,138.17,6643,27105
08/07/1995,138.09,138.15,137.59,137.77,4967,27618
08/08/1995,137.69,137.93,137.29,137.79,10405,29924
08/09/1995,137.83,137.83,137.39,137.45,5334,30682
08/10/1995,137.39,137.43,136.31,136.69,14894,31883
08/11/1995,136.69,136.69,134.29,134.75,23227,33493
08/14/1995,134.75,135.39,134.45,134.63,9379,33029
08/15/1995,134.65,134.87,132.27,132.77,22408,36871
08/16/1995,132.83,133.19,131.37,131.69,16387,38400
08/17/1995,131.79,133.09,130.69,132.53,11945,39148
08/18/1995,132.47,132.59,131.63,132.01,5722,39030
08/21/1995,131.99,132.01,131.43,131.61,4102,39187
08/22/1995,131.59,131.63,130.63,130.99,5433,39360
08/23/1995,131.17,132.09,131.17,131.77,5024,38761
08/24/1995,131.99,132.41,131.21,131.99,6362,39541
08/25/1995,131.99,132.99,131.69,132.33,6831,39687
08/28/1995,132.75,133.19,132.49,132.59,5904,39697
08/29/1995,132.63,132.67,131.53,131.97,5276,40216
08/30/1995,132.09,132.55,131.81,132.29,4769,39780
08/31/1995,132.01,133.03,131.97,132.81,6252,39368
09/01/1995,132.79,133.73,132.45,133.31,7623,37465
09/05/1995,132.91,133.59,132.79,133.47,6742,37942
09/06/1995,133.49,133.49,132.29,132.71,6061,38124
09/07/1995,132.79,132.93,132.23,132.59,6464,38651
09/08/1995,132.47,132.75,132.09,132.73,9058,39135
09/11/1995,132.75,132.79,132.39,132.55,42376,48666
09/12/1995,132.55,133.55,132.55,133.29,17639,48364
09/13/1995,133.17,133.17,132.19,132.49,15157,50852
09/14/1995,132.55,132.97,132.17,132.53,11236,49053
09/15/1995,132.41,133.11,131.97,132.61,12273,48263
09/18/1995,132.35,132.59,132.09,132.49,8529,47554
09/19/1995,132.35,132.35,132.07,132.25,3506,32310
09/20/1995,132.21,133.19,132.21,132.73,14500,31029
09/21/1995,132.89,137.59,132.85,137.45,41934,32232
09/22/1995,137.35,137.43,134.89,134.99,26421,31099
09/25/1995,134.89,135.01,134.59,134.91,6113,30482
09/26/1995,134.99,134.99,134.35,134.79,5771,30065
09/27/1995,134.59,135.83,133.99,135.47,6411,29989
09/28/1995,135.29,136.07,135.21,135.61,4205,30415
09/29/1995,135.57,136.15,135.49,135.81,4081,30611
10/02/1995,135.99,136.99,135.35,136.63,7504,30875
10/03/1995,136.63,137.01,135.59,136.11,5711,31204
10/04/1995,135.71,136.25,135.59,135.93,2169,30695
10/05/1995,136.05,136.49,135.89,136.35,4828,30375
10/06/1995,136.19,136.59,135.63,136.11,7089,31325
10/09/1995,136.49,136.49,136.07,136.29,14291,36683
10/10/1995,136.47,136.47,135.21,135.41,9815,36393
10/11/1995,135.41,135.51,134.71,134.95,5047,36155
10/12/1995,135.19,135.49,134.79,135.33,3941,35996
10/13/1995,135.25,135.29,134.75,135.13,3344,36159
10/16/1995,135.21,135.49,135.05,135.19,2307,35743
10/17/1995,135.19,135.39,134.89,135.17,2868,35799
10/18/1995,135.05,135.69,134.35,134.63,9497,36808
10/19/1995,134.51,135.49,134.51,135.21,6154,35929
10/20/1995,135.05,135.69,134.81,135.03,5346,35691
10/23/1995,135.45,136.25,135.39,135.61,8301,33984
10/24/1995,135.61,136.13,135.51,135.71,5016,34207
10/25/1995,135.77,135.91,135.47,135.83,2503,34105
10/26/1995,135.83,136.29,134.79,136.21,8192,34703
10/27/1995,136.41,136.41,135.51,135.59,6630,35061
10/30/1995,135.43,135.75,135.21,135.51,3557,35086
10/31/1995,135.43,136.15,135.39,135.93,5840,35694
11/01/1995,135.77,135.97,135.35,135.73,4515,35824
11/02/1995,135.55,136.13,135.55,135.73,3082,35838
11/03/1995,135.69,136.05,135.37,135.71,4174,36359
11/06/1995,135.51,136.45,135.51,135.85,4680,37442
11/07/1995,135.73,135.89,135.49,135.75,3773,36938
11/08/1995,135.85,136.27,135.63,135.75,4606,36860
11/09/1995,135.67,136.19,135.51,135.93,4769,36895
11/10/1995,135.89,135.89,133.99,134.25,13664,38343
11/13/1995,134.43,134.85,132.59,132.95,37176,43056
11/14/1995,133.15,134.39,133.13,133.69,10277,42391
11/15/1995,133.87,134.49,133.41,133.67,5107,42708
11/16/1995,133.67,133.99,133.13,133.29,11007,44852
11/17/1995,133.51,133.73,131.59,132.35,12480,48264
11/20/1995,131.99,133.79,131.99,133.47,15570,51526
11/21/1995,132.71,133.95,132.71,133.71,4592,51499
11/22/1995,133.59,134.49,133.33,134.19,7293,48170
11/24/1995,134.21,134.37,133.79,133.87,2315,47823
11/27/1995,133.85,133.87,132.83,133.29,6503,47717
11/28/1995,133.37,133.37,132.21,132.31,6970,48657
11/29/1995,132.31,132.33,130.39,131.41,17355,53024
11/30/1995,131.33,131.59,130.65,131.07,11786,52133
12/01/1995,131.23,131.69,130.57,130.97,10115,53772
12/04/1995,131.13,131.69,131.13,131.23,5487,53708
12/05/1995,131.15,132.49,131.15,132.29,14770,53421
12/06/1995,132.05,132.29,131.79,132.25,7474,53904
12/07/1995,132.13,132.29,131.03,131.27,12930,54346
12/08/1995,131.21,131.71,129.81,131.19,27455,61385
12/11/1995,131.21,131.63,131.05,131.41,78169,66842
12/12/1995,131.39,131.55,130.75,131.09,15641,66057
12/13/1995,131.21,131.37,130.93,131.35,13162,65398
12/14/1995,131.03,132.61,131.03,132.33,20731,61896
12/15/1995,132.33,132.33,131.31,131.65,13060,62320
12/18/1995,131.73,132.11,131.55,131.99,10802,60492
12/19/1995,132.01,132.47,131.83,131.99,8184,32723
12/20/1995,132.11,132.21,131.33,131.63,4399,32760
12/21/1995,132.07,132.15,131.61,132.11,7701,32061
12/22/1995,132.01,132.51,131.65,132.45,3557,31869
12/26/1995,132.37,134.07,132.23,133.99,21080,34130
12/27/1995,133.99,134.11,133.25,133.91,16268,30830
12/28/1995,133.93,134.03,131.71,132.63,12071,31222
12/29/1995,132.65,133.39,132.27,133.35,5254,30318
01/02/1996,133.17,133.93,132.95,133.55,11274,30668
01/03/1996,133.43,133.43,132.75,133.11,6047,29479
01/04/1996,133.11,133.11,132.13,132.89,9240,30918
01/05/1996,133.11,133.49,132.85,133.23,9696,35282
01/08/1996,132.95,133.31,132.73,133.25,9037,35965
01/09/1996,133.23,133.23,132.39,132.81,5807,36678
01/10/1996,133.01,133.01,132.31,132.67,6686,36899
01/11/1996,132.47,132.59,132.03,132.53,5260,36741
01/12/1996,132.43,133.05,131.97,132.63,7901,34861
01/15/1996,132.65,132.69,132.41,132.59,1936,34883
01/16/1996,132.49,132.49,131.41,131.61,17269,33713
01/17/1996,131.61,131.61,129.99,130.15,10,33716
01/18/1996,130.15,130.71,129.51,129.73,14964,40663
01/19/1996,129.85,129.91,128.21,128.89,16897,43318
01/22/1996,129.03,129.61,128.53,129.39,14882,43171
01/23/1996,129.37,129.87,129.17,129.47,6004,43863
01/24/1996,129.45,129.45,128.83,129.11,9535,48005
01/25/1996,129.21,129.79,128.35,128.99,11688,49738
01/26/1996,128.97,129.01,127.71,128.37,12794,50240
01/29/1996,128.35,128.95,128.27,128.57,6569,51153
01/30/1996,128.77,129.09,128.21,128.63,6389,50988
01/31/1996,128.71,129.71,128.53,129.33,9177,51052
02/01/1996,129.53,130.17,129.21,129.87,12231,51356
02/02/1996,130.17,130.51,129.71,130.45,7102,50734
02/05/1996,130.81,132.41,130.81,132.25,41887,47745
02/06/1996,132.11,132.33,131.73,132.27,12122,44161
02/07/1996,132.07,132.55,131.47,131.87,9550,42594
02/08/1996,131.99,131.99,131.41,131.81,11881,47782
02/09/1996,131.65,131.91,130.85,131.21,20372,48968
02/12/1996,130.79,131.35,130.75,131.09,35351,46838
02/13/1996,131.17,131.85,130.91,131.69,11913,49838
02/14/1996,131.89,132.29,131.71,132.21,6960,50008
02/15/1996,132.31,132.41,131.53,132.05,13893,51075
02/16/1996,131.83,133.15,131.77,132.95,14694,51942
02/20/1996,132.91,133.15,132.31,132.59,11496,53470
02/21/1996,132.61,132.83,132.07,132.45,6556,52977
02/22/1996,132.47,132.77,132.15,132.65,5514,53283
02/23/1996,132.53,132.81,131.77,132.31,13236,52685
02/26/1996,132.23,132.27,131.91,132.13,6829,52899
02/27/1996,132.17,132.47,131.83,132.19,8625,50711
02/28/1996,132.21,132.21,131.11,131.53,12312,51599
02/29/1996,131.65,131.65,130.99,131.39,7723,51460
03/01/1996,131.21,131.31,130.59,130.87,17342,51290
03/04/1996,130.91,131.27,130.83,130.97,9191,52593
03/05/1996,130.77,131.19,130.73,131.11,5163,53038
03/06/1996,131.19,131.37,130.95,131.13,6610,53830
03/07/1996,130.93,131.27,130.49,131.13,10539,53185
03/08/1996,130.93,131.49,129.73,130.47,51976,60892
03/11/1996,130.49,130.85,130.39,130.63,36634,64822
03/12/1996,130.51,130.67,129.91,130.63,22321,61581
03/13/1996,130.69,130.69,130.31,130.57,8292,60649
03/14/1996,130.67,130.81,130.49,130.75,9741,59979
03/15/1996,130.51,131.39,130.45,131.31,19170,62117
03/18/1996,130.99,131.79,130.95,131.59,12398,60072
03/19/1996,131.57,131.67,131.19,131.61,6616,34389
03/20/1996,131.61,132.29,131.61,132.23,10275,34594
03/21/1996,132.15,132.25,131.73,132.05,8977,36828
03/22/1996,131.95,131.95,131.55,131.83,9045,38293
03/25/1996,131.79,131.97,130.17,130.53,28861,43498
03/26/1996,130.53,130.97,130.43,130.65,15546,45880
03/27/1996,130.61,130.69,130.05,130.25,18320,48056
03/28/1996,130.23,130.97,130.09,130.85,8537,49091
03/29/1996,130.85,131.27,130.81,131.05,9823,49020
04/01/1996,130.93,130.99,130.69,130.83,4145,49093
04/02/1996,130.81,131.03,130.61,130.77,3602,49971
04/03/1996,130.79,131.05,130.75,130.95,8275,49326
04/04/1996,130.91,131.49,130.87,131.43,14760,49899
04/05/1996,131.45,131.51,130.93,131.45,19410,45616
04/08/1996,131.19,131.61,131.17,131.43,11566,44315
04/09/1996,131.37,131.37,130.39,130.45,19033,46709
04/10/1996,130.49,130.57,128.79,129.79,19424,51462
04/11/1996,129.77,129.83,129.15,129.63,36285,50987
04/12/1996,129.47,129.89,129.33,129.85,7216,50876
04/15/1996,129.45,129.57,129.01,129.13,19669,61749
04/16/1996,129.11,129.43,128.83,129.15,19095,66772
04/17/1996,129.13,129.39,128.95,129.33,13110,63016
04/18/1996,129.29,131.19,128.99,130.23,17488,63894
04/19/1996,130.09,130.39,129.81,129.85,10964,61295
04/22/1996,129.65,129.69,129.35,129.59,5200,59547
04/23/1996,129.49,130.19,129.39,130.13,10621,56917
04/24/1996,129.87,130.03,129.59,129.97,9398,54590
04/25/1996,129.71,129.75,128.83,129.09,10921,56077
04/26/1996,129.17,129.79,129.05,129.77,22912,57412
04/29/1996,129.71,129.71,128.89,129.05,8749,58323
04/30/1996,129.09,129.43,128.25,129.17,14916,61153
05/01/1996,129.19,129.19,127.29,127.51,22053,59998
05/02/1996,127.59,128.85,127.39,128.63,19550,61786
05/03/1996,128.67,129.09,128.41,129.03,9202,63541
05/06/1996,129.09,129.45,128.99,129.31,26249,54049
05/07/1996,129.13,129.69,129.13,129.43,12401,52391
05/08/1996,129.43,131.09,129.41,130.75,29461,48691
05/09/1996,130.73,130.99,130.43,130.55,9930,49662
05/10/1996,130.57,131.33,130.15,130.49,11060,47379
05/13/1996,130.23,130.59,129.69,129.87,6134,45598
05/14/1996,129.89,130.19,129.67,129.79,9481,45694
05/15/1996,129.87,130.27,129.49,129.79,8691,44955
05/16/1996,129.79,129.97,129.49,129.71,4799,45196
05/17/1996,129.91,130.09,129.63,129.77,6427,46400
05/20/1996,129.57,129.87,129.51,129.81,3904,46794
05/21/1996,129.81,129.97,129.45,129.61,6043,47273
05/22/1996,129.69,129.79,129.15,129.29,8896,47053
05/23/1996,129.29,129.83,129.11,129.75,9819,49091
05/24/1996,129.71,130.03,129.39,129.45,8107,51709
05/28/1996,129.73,129.79,129.43,129.75,5288,51628
05/29/1996,129.85,131.83,129.81,131.53,39571,61587
05/30/1996,131.57,132.45,131.43,131.87,26530,62426
05/31/1996,131.85,133.79,131.53,133.51,32801,73718
06/03/1996,133.69,134.19,133.15,133.85,25235,77622
06/04/1996,133.99,134.01,133.19,133.51,11990,75505
06/05/1996,133.41,133.81,132.81,133.37,8850,74127
06/06/1996,133.29,133.35,132.23,132.71,10792,74908
06/07/1996,132.75,133.45,132.19,132.43,28598,78232
06/10/1996,132.21,132.21,131.59,131.97,68685,78914
06/11/1996,131.99,132.27,131.83,131.95,16913,77714
06/12/1996,132.03,132.39,131.85,131.91,14871,73880
06/13/1996,132.05,132.25,131.25,131.91,20203,72502
06/14/1996,132.01,132.79,131.85,132.01,13489,73249
06/17/1996,132.31,133.17,132.29,132.87,16619,66110
06/18/1996,132.91,133.41,132.69,133.03,5333,40863
06/19/1996,132.91,133.05,132.69,132.89,5990,40719
06/20/1996,132.89,132.89,132.21,132.41,8666,41549
06/21/1996,132.41,132.67,131.99,132.05,7215,41002
06/24/1996,132.41,132.69,131.95,132.53,6946,41521
06/25/1996,132.65,132.89,132.15,132.35,9066,42155
06/26/1996,132.61,132.89,132.43,132.55,10401,43077
06/27/1996,132.59,133.65,132.49,133.43,17275,44964
06/28/1996,133.43,133.97,133.19,133.75,9595,45579
07/01/1996,133.65,134.51,133.65,134.33,10110,47992
07/02/1996,134.53,134.59,133.93,134.51,5499,48179
07/03/1996,134.47,134.99,134.15,134.79,13032,51805
07/05/1996,134.81,134.97,133.69,134.25,11923,54145
07/08/1996,134.21,134.27,133.73,133.91,42010,61491
07/09/1996,133.95,133.99,133.45,133.57,10334,58784
07/10/1996,133.51,134.01,133.29,133.85,7785,59929
07/11/1996,133.79,134.35,133.67,133.93,5458,59251
07/12/1996,133.97,134.13,133.63,133.69,3640,59057
07/15/1996,133.63,133.97,133.49,133.83,3677,59251
07/16/1996,133.81,135.13,133.69,134.53,11112,60201
07/17/1996,134.51,134.51,132.77,133.35,22933,55705
07/18/1996,133.19,133.43,132.29,132.99,10619,54190
07/19/1996,133.23,133.45,132.85,133.03,6639,53070
07/22/1996,133.07,133.83,133.07,133.63,5844,53085
07/23/1996,133.69,133.93,133.53,133.77,6273,53762
07/24/1996,133.89,134.29,133.65,133.77,5592,53292
07/25/1996,133.77,134.55,133.71,134.37,6164,53257
07/26/1996,134.25,134.49,133.87,133.97,4832,53633
07/29/1996,134.07,134.49,134.07,134.41,5823,54297
07/30/1996,134.35,134.43,133.95,134.27,7432,54359
07/31/1996,134.17,134.63,133.91,134.05,9981,53036
08/01/1996,134.21,134.43,133.69,133.81,8375,53438
08/02/1996,133.89,133.89,132.49,132.69,12686,52092
08/05/1996,132.69,133.29,132.69,132.97,6478,51315
08/06/1996,132.95,133.15,131.93,132.27,13142,49096
08/07/1996,132.39,132.93,132.29,132.79,7660,47685
08/08/1996,132.79,133.69,132.79,133.51,14910,47444
08/09/1996,133.49,133.95,133.33,133.51,5730,46649
08/12/1996,133.79,133.85,133.45,133.61,17891,48147
08/13/1996,133.59,133.77,133.29,133.51,5018,47991
08/14/1996,133.51,133.69,133.29,133.49,4227,47850
08/15/1996,133.45,133.89,133.43,133.63,4797,49072
08/16/1996,133.67,133.67,133.09,133.29,6282,55228
08/19/1996,133.33,133.47,132.85,133.03,3825,48998
08/20/1996,133.07,133.53,132.89,133.35,5408,49320
08/21/1996,133.33,133.79,133.13,133.57,4568,49196
08/22/1996,133.59,133.73,133.27,133.59,5612,49708
08/23/1996,133.57,134.39,133.57,134.25,10880,52033
08/26/1996,134.25,134.47,134.05,134.27,5115,52311
08/27/1996,134.27,134.51,133.85,134.03,8142,53358
08/28/1996,133.95,134.63,133.83,134.47,7760,54486
08/29/1996,134.39,134.59,134.13,134.39,5027,53732
08/30/1996,134.41,134.99,134.13,134.77,18282,59815
09/03/1996,134.49,135.59,134.49,135.35,17265,65298
09/04/1996,135.17,135.47,134.91,135.27,8804,64255
09/05/1996,135.27,135.75,134.99,135.21,14562,64695
09/06/1996,135.19,135.31,134.33,134.61,21007,63701
09/09/1996,134.57,134.75,134.13,134.33,100580,70794
09/10/1996,134.27,134.39,133.91,134.07,29213,69758
09/11/1996,134.07,134.31,133.93,134.13,11362,68059
09/12/1996,134.13,134.21,133.83,133.99,14574,66798
09/13/1996,134.09,134.29,133.69,134.05,16258,64216
09/16/1996,134.05,134.45,133.67,134.31,21990,63513
09/17/1996,134.29,134.39,133.83,134.19,7206,40033
09/18/1996,134.15,135.01,134.07,134.61,11913,41021
09/19/1996,134.71,134.75,133.31,133.81,17916,38076
09/20/1996,133.93,134.21,133.61,134.07,4921,37530
09/23/1996,134.01,134.31,133.81,134.17,3696,37645
09/24/1996,134.11,135.41,134.11,135.17,8938,39349
09/25/1996,135.15,135.27,134.51,134.63,8195,40159
09/26/1996,134.71,134.81,134.27,134.61,6236,39189
09/27/1996,134.73,135.07,134.59,134.95,4618,39460
09/30/1996,135.07,135.17,134.63,135.07,3637,39813
10/01/1996,135.15,135.19,134.77,135.01,6778,41093
10/02/1996,134.89,135.53,134.89,135.05,8409,42876
10/03/1996,135.07,135.17,134.85,135.05,13318,43113
10/04/1996,135.03,135.21,134.61,134.89,6319,43170
10/07/1996,134.89,134.99,134.75,134.87,4552,44616
10/08/1996,134.85,134.87,134.61,134.79,2564,44569
10/09/1996,134.75,135.11,134.71,135.01,3324,44768
10/10/1996,135.01,135.29,134.83,135.13,4158,44863
10/11/1996,135.15,136.21,135.07,136.09,17617,50651
10/14/1996,136.47,136.67,136.27,136.59,10142,53913
10/15/1996,136.59,137.51,136.49,137.37,23500,56764
10/16/1996,137.29,137.39,136.65,136.91,8447,55639
10/17/1996,136.91,137.39,136.55,137.13,8071,54861
10/18/1996,137.19,137.81,136.95,137.43,8253,56403
10/21/1996,137.79,138.11,137.37,137.73,7635,57278
10/22/1996,137.71,138.55,137.49,138.39,7286,57540
10/23/1996,138.33,138.57,138.01,138.25,5916,56222
10/24/1996,138.25,138.31,137.45,137.85,7101,56066
10/25/1996,137.95,139.41,137.59,139.09,11647,58366
10/28/1996,138.89,139.93,138.83,139.75,10868,57486
10/29/1996,139.81,139.81,138.99,139.53,6246,58025
10/30/1996,139.57,141.95,139.45,141.83,17688,58371
10/31/1996,141.85,141.89,140.89,141.21,9989,57841
11/01/1996,141.21,142.81,141.11,141.99,14935,60420
11/04/1996,142.21,143.21,141.81,143.05,8283,60728
11/05/1996,143.03,144.01,142.81,143.13,10369,59894
11/06/1996,143.15,143.43,142.31,142.67,8399,60006
11/07/1996,142.67,143.71,142.55,143.27,10913,60452
11/08/1996,143.45,144.01,142.85,143.27,6930,59193
11/11/1996,143.43,144.21,142.91,143.27,11454,60484
11/12/1996,143.55,144.11,142.93,143.09,5971,60973
11/13/1996,143.09,144.81,142.71,144.51,11858,62178
11/14/1996,144.55,145.17,144.51,144.95,5493,61977
11/15/1996,144.95,145.45,144.75,144.95,7669,64106
11/18/1996,145.19,145.81,144.71,145.61,11211,64336
11/19/1996,145.61,146.27,145.49,146.09,8309,64129
11/20/1996,146.13,146.67,146.03,146.57,7122,64149
11/21/1996,146.59,147.65,146.41,147.47,8752,64855
11/22/1996,147.45,147.57,146.11,146.49,11984,63940
11/25/1996,146.59,146.91,145.25,145.41,12512,63146
11/26/1996,145.41,146.11,145.21,145.67,9074,62272
11/27/1996,145.69,146.87,145.67,146.01,8977,62709
11/29/1996,146.47,147.01,146.37,146.73,4086,62622
12/02/1996,146.85,147.27,146.21,146.39,8609,63125
12/03/1996,146.71,146.71,141.91,142.89,50615,64173
12/04/1996,143.03,143.81,142.01,142.89,19433,61528
12/05/1996,142.85,143.35,139.61,141.81,21842,59961
12/06/1996,141.89,143.51,141.89,143.19,13703,58436
12/09/1996,143.01,143.49,142.73,143.39,40250,59402
12/10/1996,143.33,144.15,143.31,143.81,12918,58466
12/11/1996,143.83,144.73,143.53,143.73,13568,59039
12/12/1996,143.59,144.51,143.19,144.25,11842,58201
12/13/1996,144.27,145.03,143.89,144.19,14591,56335
12/16/1996,144.27,145.33,144.23,145.13,9812,54425
12/17/1996,145.23,145.91,144.97,145.65,5629,26328
12/18/1996,145.73,146.21,145.55,145.97,10224,28699
12/19/1996,146.13,146.19,144.23,145.09,10826,28488
12/20/1996,145.07,145.61,144.81,145.57,4245,28575
12/23/1996,145.63,146.37,145.49,146.23,5515,29014
12/24/1996,146.25,146.39,145.73,145.99,1223,28901
12/26/1996,146.17,146.25,145.63,145.93,1290,29014
12/27/1996,145.99,148.19,145.99,148.11,22707,37459
12/30/1996,147.77,147.93,147.35,147.81,7324,39294
12/31/1996,147.79,150.21,147.63,150.17,11483,42991
01/02/1997,148.89,149.21,147.03,147.95,14974,41838
01/03/1997,148.01,148.83,147.13,147.55,8618,42586
01/06/1997,147.35,148.33,146.53,148.03,12571,44947
01/07/1997,148.03,148.59,147.87,148.11,8074,44725
01/08/1997,148.09,148.29,147.05,147.41,6879,44137
01/09/1997,147.43,148.37,147.31,148.21,5461,44557
01/10/1997,148.25,148.89,146.11,146.43,16004,43247
01/13/1997,146.61,147.03,145.29,146.11,12035,40761
01/14/1997,146.15,146.29,145.13,145.79,7991,39750
01/15/1997,145.81,147.11,145.61,147.01,9462,40667
01/16/1997,146.97,147.11,146.01,146.61,9056,41896
01/17/1997,146.63,146.77,145.33,145.85,8492,40911
01/21/1997,144.85,145.67,144.83,145.03,6980,39625
01/22/1997,145.15,145.31,142.03,142.19,32171,37985
01/23/1997,141.93,142.61,140.73,141.63,18299,37074
01/24/1997,141.63,142.43,141.27,141.55,8685,36523
01/27/1997,141.41,141.75,140.73,141.23,7325,36931
01/28/1997,141.31,141.31,139.17,140.57,15299,36740
01/29/1997,140.93,141.63,139.73,140.87,8907,36950
01/30/1997,140.87,141.53,139.33,140.15,8792,38172
01/31/1997,140.13,140.19,138.33,138.71,10978,39882
02/03/1997,138.71,140.29,138.69,140.09,8902,39924
02/04/1997,140.33,141.53,140.33,140.99,6932,40392
02/05/1997,140.93,143.13,140.81,142.83,12266,39351
02/06/1997,142.89,143.43,141.83,142.25,7991,38795
02/07/1997,142.15,142.65,140.95,141.93,11978,38071
02/10/1997,142.03,143.13,141.63,143.01,8673,36847
02/11/1997,142.93,143.33,142.11,142.47,8625,37223
02/12/1997,142.47,143.21,141.71,142.17,6204,37080
02/13/1997,142.09,142.39,140.73,141.25,8900,38007
02/14/1997,141.25,141.33,140.51,140.93,5546,37793
02/18/1997,140.95,141.11,138.69,139.49,15241,38880
02/19/1997,139.75,140.63,139.33,140.45,7393,38077
02/20/1997,140.45,140.79,139.51,139.95,5900,37437
02/21/1997,140.03,140.97,139.93,140.65,5693,37163
02/24/1997,140.93,142.53,140.93,142.35,11421,38464
02/25/1997,142.33,142.65,141.83,142.47,10406,38965
02/26/1997,142.45,143.13,141.81,142.33,11143,39159
02/27/1997,142.23,142.33,141.21,141.39,5835,38844
02/28/1997,141.49,142.03,140.63,141.85,9869,38561
03/03/1997,141.81,141.95,140.45,140.69,10001,39191
03/04/1997,140.65,140.79,140.09,140.21,7413,38791
03/05/1997,140.21,140.45,139.63,140.21,7156,38612
03/06/1997,140.27,140.59,139.83,140.45,8952,39123
03/07/1997,140.43,140.49,138.75,139.11,18008,40547
03/10/1997,139.31,139.51,138.41,139.31,37705,48382
03/11/1997,139.29,139.77,139.01,139.73,14787,51948
03/12/1997,139.57,139.81,137.71,138.73,18118,56196
03/13/1997,138.75,139.55,138.49,138.61,13538,58278
03/14/1997,138.67,139.37,138.17,139.07,15086,59530
03/17/1997,139.13,139.17,137.47,137.75,12330,61358
03/18/1997,137.83,138.15,137.49,137.87,9510,39630
03/19/1997,138.05,139.03,137.93,138.89,9356,38005
03/20/1997,138.79,139.19,138.19,138.33,5368,38121
03/21/1997,138.35,139.57,137.89,139.43,8732,36620
03/24/1997,139.39,141.15,139.05,140.97,14992,34986
03/25/1997,140.95,141.17,140.47,140.97,7951,33460
03/26/1997,140.79,141.99,140.61,141.93,26015,32699
03/27/1997,141.97,142.31,141.57,142.17,7148,32062
03/31/1997,142.39,143.85,142.35,143.05,16284,34059
04/01/1997,142.97,144.55,142.71,144.45,15855,36841
04/02/1997,144.33,144.33,143.19,143.35,8954,37068
04/03/1997,143.37,143.73,142.83,143.59,7339,38325
04/04/1997,143.53,143.57,142.45,142.47,8826,36817
04/07/1997,142.47,142.63,141.37,141.87,9617,37043
04/08/1997,141.83,141.91,140.99,141.69,5928,36422
04/09/1997,141.65,141.77,140.73,140.93,6634,35751
04/10/1997,140.93,141.69,140.89,141.41,5746,36107
04/11/1997,141.35,142.13,141.11,141.87,5001,37157
04/14/1997,141.95,142.27,141.11,141.19,4285,36680
04/15/1997,141.09,142.09,140.99,141.91,7452,36712
04/16/1997,141.97,141.97,140.97,141.49,6130,36128
04/17/1997,141.49,142.37,141.39,142.07,7470,37330
04/18/1997,141.99,142.53,141.93,142.21,4921,37282
04/21/1997,142.29,142.89,142.25,142.51,6588,38076
04/22/1997,142.65,143.05,142.27,142.59,6030,38726
04/23/1997,142.55,142.65,141.05,141.33,17678,40131
04/24/1997,141.31,141.99,140.77,141.65,6852,38974
04/25/1997,141.65,141.69,141.13,141.37,3314,38739
04/28/1997,141.69,141.73,141.27,141.55,3618,38243
04/29/1997,141.49,142.45,141.25,142.27,19050,40777
04/30/1997,142.19,142.39,140.87,141.45,17983,40094
05/01/1997,141.43,141.77,141.17,141.45,4838,39105
05/02/1997,141.39,142.05,139.05,141.21,20683,39471
05/05/1997,141.39,141.65,140.77,141.45,7202,39204
05/06/1997,141.49,143.19,140.71,142.87,18056,40045
05/07/1997,142.61,143.05,140.69,140.95,17487,39588
05/08/1997,140.57,142.19,139.95,141.31,13722,38898
05/09/1997,141.05,141.91,140.63,141.31,11478,37894
05/12/1997,141.49,141.73,140.69,141.43,8335,38332
05/13/1997,141.41,142.57,140.89,142.47,11449,37463
05/14/1997,142.45,143.95,142.05,143.83,11327,39204
05/15/1997,143.83,143.99,142.79,143.53,10915,40023
05/16/1997,143.33,143.47,142.29,142.79,7434,39528
05/19/1997,142.79,143.41,142.43,143.15,5956,39808
05/20/1997,143.13,145.19,142.89,144.77,14830,44416
05/21/1997,144.57,145.09,143.39,143.43,18760,49536
05/22/1997,143.57,143.95,141.39,141.45,17856,47522
05/23/1997,141.55,142.83,141.45,142.67,11343,42842
05/27/1997,142.93,143.49,141.91,142.21,6835,41784
05/28/1997,142.27,143.29,142.25,143.07,9051,41858
05/29/1997,143.07,143.47,142.57,143.05,4538,41557
05/30/1997,142.95,143.35,142.65,143.23,4553,41998
06/02/1997,143.19,143.29,142.15,142.61,6831,41531
06/03/1997,142.63,142.97,142.29,142.61,4409,41825
06/04/1997,142.63,142.67,141.61,142.35,7083,41778
06/05/1997,142.41,142.59,142.03,142.49,4753,41634
06/06/1997,142.61,142.61,141.15,142.37,20409,43419
06/09/1997,142.51,142.97,142.05,142.71,35803,51087
06/10/1997,142.63,143.23,142.53,143.01,12464,51246
06/11/1997,143.05,143.49,142.67,142.93,10341,51748
06/12/1997,142.91,142.93,141.77,142.31,24033,56207
06/13/1997,142.31,143.23,142.01,142.79,24332,54716
06/16/1997,142.63,143.11,142.51,142.79,6579,53397
06/17/1997,142.83,143.21,142.47,143.07,4530,32656
06/18/1997,142.95,143.41,142.75,143.01,7420,34406
06/19/1997,142.97,144.17,142.95,144.01,16137,39732
06/20/1997,144.05,144.91,143.71,144.75,9203,42527
06/23/1997,144.85,146.39,144.51,146.33,19150,51684
06/24/1997,146.35,146.43,145.31,145.75,17549,55541
06/25/1997,145.81,146.23,145.11,145.47,8421,55150
06/26/1997,145.59,146.01,145.31,145.65,5798,53952
06/27/1997,145.71,146.27,145.21,145.47,7253,54546
06/30/1997,145.39,145.87,145.27,145.57,5544,55855
07/01/1997,145.57,145.91,144.49,145.07,13150,54291
07/02/1997,145.09,147.11,144.11,146.73,26820,57629
07/03/1997,146.53,148.47,146.23,148.23,16717,60593
07/07/1997,148.17,148.51,147.31,148.25,10046,63345
07/08/1997,148.17,148.61,147.45,148.05,7900,64098
07/09/1997,147.93,148.07,147.33,147.71,7185,65084
07/10/1997,147.91,148.37,147.51,147.99,6826,65252
07/11/1997,148.03,149.11,147.85,148.39,8388,67212
07/14/1997,148.35,148.51,147.71,147.95,5162,67143
07/15/1997,147.93,148.25,145.85,146.97,14927,64333
07/16/1997,147.03,147.37,146.33,146.93,7453,63493
07/17/1997,147.01,147.05,145.67,146.41,8897,63418
07/18/1997,146.43,147.11,146.11,146.87,3972,63201
07/21/1997,146.97,147.35,146.49,147.05,3426,62612
07/22/1997,147.01,147.45,146.37,147.09,6565,65625
07/23/1997,147.39,147.83,145.99,147.05,9571,64051
07/24/1997,147.13,147.21,146.17,146.59,7304,62777
07/25/1997,146.63,146.81,145.21,145.63,15229,59184
07/28/1997,145.29,145.41,141.95,142.29,45646,54012
07/29/1997,142.37,142.69,141.55,142.03,17226,50192
07/30/1997,142.03,142.57,141.29,142.03,13204,47788
07/31/1997,142.15,143.71,142.05,143.23,9511,47699
08/01/1997,143.21,143.51,142.21,142.35,8498,49157
08/04/1997,142.41,142.41,141.79,142.13,5387,49297
08/05/1997,142.27,142.75,141.41,141.59,6440,49609
08/06/1997,141.69,141.79,138.51,139.35,20077,53547
08/07/1997,139.43,140.11,137.07,138.09,22494,53654
08/08/1997,138.29,138.71,136.01,137.91,14518,51837
08/11/1997,137.93,138.71,137.81,138.33,8645,52847
08/12/1997,138.23,138.69,136.75,137.05,8473,54002
08/13/1997,137.19,137.99,136.41,137.71,7994,52719
08/14/1997,137.73,138.35,137.11,138.21,7350,52602
08/15/1997,138.29,140.75,138.23,140.05,11688,50436
08/18/1997,140.31,140.91,139.87,140.43,5339,49899
08/19/1997,140.11,140.51,139.51,139.85,3955,49773
08/20/1997,139.85,139.91,138.29,138.77,7267,51745
08/21/1997,138.65,139.39,137.83,138.67,9714,52159
08/22/1997,138.51,140.99,137.91,140.35,12476,50523
08/25/1997,140.31,140.31,139.59,140.07,4016,49122
08/26/1997,140.03,141.75,139.87,140.39,8549,48989
08/27/1997,140.57,141.01,139.87,140.79,10051,48972
08/28/1997,140.75,141.41,139.93,141.11,6431,48739
08/29/1997,141.07,141.91,141.03,141.45,5250,47782
09/02/1997,140.91,140.99,138.11,138.57,21077,49693
09/03/1997,138.61,139.19,137.69,137.93,10666,50126
09/04/1997,137.91,138.31,137.35,137.73,7478,49643
09/05/1997,137.81,139.21,137.63,138.71,9963,49761
09/08/1997,138.59,138.69,137.51,137.87,32305,57201
09/09/1997,137.73,138.69,137.37,138.47,21269,62379
09/10/1997,138.35,138.75,137.77,138.09,12698,55340
09/11/1997,138.15,140.01,138.03,139.61,17568,55836
09/12/1997,139.65,140.49,139.01,140.09,14560,55800
09/15/1997,140.01,140.25,139.51,140.09,6372,51859
09/16/1997,140.13,140.19,138.41,139.13,5742,30841
09/17/1997,139.13,139.95,138.47,139.67,4518,30301
09/18/1997,139.61,141.23,139.13,140.49,10550,28709
09/19/1997,140.59,140.99,140.07,140.69,4175,28420
09/22/1997,140.69,140.71,139.47,139.95,3984,28748
09/23/1997,139.95,140.95,139.85,140.87,4397,28758
09/24/1997,140.89,141.41,140.51,140.95,3917,28711
09/25/1997,140.99,142.61,140.75,142.39,15565,29004
09/26/1997,142.49,142.59,139.61,140.39,14804,28504
09/29/1997,140.83,141.65,140.31,140.83,6772,28359
09/30/1997,140.75,141.31,140.53,141.25,3221,28040
10/01/1997,141.29,141.59,140.67,141.15,3211,28044
10/02/1997,141.17,141.51,140.79,141.19,2842,27899
10/03/1997,141.23,141.41,139.51,141.25,9839,28633
10/06/1997,141.11,141.51,140.67,141.07,6601,29408
10/07/1997,141.11,142.31,140.99,141.91,9396,29740
10/08/1997,142.01,142.09,141.31,141.79,3893,29491
10/09/1997,141.91,142.77,141.71,142.09,9148,30374
10/10/1997,142.07,142.27,141.51,141.87,4593,29944
10/13/1997,141.87,142.17,141.77,141.87,442,29892
10/14/1997,142.19,142.23,141.21,141.79,5206,29720
10/15/1997,141.91,142.17,141.33,141.95,4221,29861
10/16/1997,142.01,142.11,141.41,141.61,5507,30004
10/17/1997,141.55,141.79,140.91,141.51,10177,31189
10/20/1997,142.17,143.23,141.67,143.05,25188,35258
10/21/1997,143.05,143.77,142.77,143.25,8113,35436
10/22/1997,143.27,143.49,142.51,143.01,9162,36465
10/23/1997,143.01,143.21,142.37,143.05,5751,36792
10/24/1997,143.05,143.47,142.69,143.15,4864,36457
10/27/1997,143.25,145.85,143.19,145.67,31109,51999
10/28/1997,145.93,148.61,145.81,146.75,21877,52014
10/29/1997,146.85,147.33,146.01,146.89,10150,49841
10/30/1997,146.91,147.39,145.99,146.51,5080,48605
10/31/1997,146.71,147.79,146.43,147.29,6130,49375
11/03/1997,147.57,147.69,146.91,147.43,3957,49378
11/04/1997,147.47,148.63,147.39,148.37,6803,50125
11/05/1997,148.25,148.33,146.95,147.99,7206,50373
11/06/1997,148.01,149.31,147.21,148.85,10785,50939
11/07/1997,148.73,149.41,148.17,149.15,6889,51519
11/10/1997,148.37,149.61,147.81,149.39,8839,54766
11/11/1997,149.41,150.71,149.39,149.39,4012,56149
11/12/1997,150.29,151.25,149.93,150.43,11895,59428
11/13/1997,150.33,150.33,149.27,149.63,6309,58991
11/14/1997,149.73,149.83,148.89,149.11,5854,59082
11/17/1997,148.91,149.61,148.47,149.57,6053,59600
11/18/1997,149.39,149.81,148.83,149.07,4544,60001
11/19/1997,149.07,149.33,148.41,148.93,4464,59522
11/20/1997,149.07,149.81,148.71,148.81,8348,60606
11/21/1997,148.79,149.39,148.33,149.29,7027,60785
11/24/1997,148.85,149.53,148.71,148.97,4699,60006
11/25/1997,149.03,149.13,147.35,147.49,20536,58703
11/26/1997,147.67,147.87,146.85,147.33,10780,58938
11/28/1997,147.33,148.97,147.31,148.79,9987,60095
12/01/1997,148.81,148.81,147.69,148.53,13634,58322
12/02/1997,148.49,148.89,148.03,148.13,5530,57669
12/03/1997,148.11,148.49,148.01,148.33,6161,57786
12/04/1997,148.37,148.57,146.33,146.69,27443,54873
12/05/1997,146.69,146.73,145.11,145.65,29751,52051
12/08/1997,145.61,145.65,144.35,144.65,21511,54242
12/09/1997,144.81,145.47,144.47,145.17,24280,52950
12/10/1997,145.27,145.35,144.45,145.11,13839,54480
12/11/1997,145.03,146.03,144.89,145.77,15520,53827
12/12/1997,145.97,146.67,144.77,145.09,21787,53440
12/15/1997,144.93,145.09,143.07,143.29,19827,56622
12/16/1997,143.45,143.91,142.83,143.77,6781,33808
12/17/1997,143.63,145.61,143.61,145.25,14665,31770
12/18/1997,145.29,146.89,144.97,146.55,12955,31449
12/19/1997,146.61,147.71,146.37,147.15,9908,34186
12/22/1997,146.61,147.21,146.07,146.41,4564,33527
12/23/1997,146.53,147.41,146.01,146.93,4433,31839
12/24/1997,146.91,147.39,146.53,147.07,1538,31648
12/26/1997,147.07,148.21,147.07,148.05,4068,32257
12/29/1997,147.89,148.11,147.09,147.33,7252,32815
12/30/1997,147.31,147.49,145.49,145.75,10991,31750
12/31/1997,145.79,146.05,144.31,145.47,5986,31091
01/02/1998,144.57,144.65,144.11,144.57,3980,30934
01/05/1998,144.33,144.85,142.57,143.39,10954,32614
01/06/1998,143.29,143.87,142.71,142.79,9094,32850
01/07/1998,142.89,143.21,142.07,143.05,8725,33523
01/08/1998,142.93,143.03,141.23,141.53,9688,35747
01/09/1998,141.61,142.79,141.45,141.49,6615,34926
01/12/1998,141.51,142.67,141.45,142.49,4819,34503
01/13/1998,142.51,144.31,142.47,143.69,10703,34890
01/14/1998,143.79,143.83,142.99,143.27,5952,35607
01/15/1998,143.21,143.91,143.07,143.27,5517,35404
01/16/1998,143.29,144.17,143.09,143.77,6149,35870
01/20/1998,144.01,144.61,142.67,142.97,9000,35925
01/21/1998,142.95,143.81,142.41,143.57,5794,36157
01/22/1998,143.39,145.61,143.39,145.19,15532,35299
01/23/1998,145.23,147.91,145.19,147.67,21173,33174
01/26/1998,147.91,149.15,145.49,146.07,13517,32166
01/27/1998,146.05,146.71,144.81,144.95,7970,31215
01/28/1998,144.71,145.11,143.67,144.61,6899,31070
01/29/1998,144.79,144.91,144.07,144.45,4937,30220
01/30/1998,144.45,144.71,143.49,143.69,7327,30241
02/02/1998,143.75,144.41,143.07,144.39,7174,30257
02/03/1998,144.31,145.37,144.11,145.07,8631,30566
02/04/1998,145.09,146.41,144.61,146.19,7628,31144
02/05/1998,146.19,146.37,145.43,146.11,4174,30785
02/06/1998,146.03,146.03,144.65,144.89,6859,30378
02/09/1998,144.81,144.81,143.13,143.43,8623,30470
02/10/1998,143.63,143.97,142.61,142.95,6255,30407
02/11/1998,143.07,144.17,142.73,143.85,6160,30236
02/12/1998,143.85,144.77,143.59,144.39,4569,30065
02/13/1998,144.51,144.57,143.87,144.41,4489,30200
02/17/1998,144.77,144.83,143.47,143.81,6791,30225
02/18/1998,143.81,145.07,143.21,144.61,9639,31592
02/19/1998,144.35,144.73,143.93,144.23,4932,31108
02/20/1998,144.29,144.57,143.97,144.43,2860,31848
02/23/1998,144.39,145.77,143.83,145.49,11931,33828
02/24/1998,145.35,145.87,144.91,145.83,7416,33650
02/25/1998,145.77,145.81,144.73,144.85,6734,32529
02/26/1998,144.97,145.41,144.37,145.17,6037,32468
02/27/1998,145.21,145.71,144.97,145.19,6005,32610
03/02/1998,144.95,146.85,144.95,145.53,10875,33609
03/03/1998,145.33,146.15,145.11,145.97,10030,33697
03/04/1998,145.87,145.93,145.17,145.55,6800,34222
03/05/1998,145.49,145.87,143.51,143.81,21618,32205
03/06/1998,144.05,144.79,143.83,144.17,16250,32786
03/09/1998,144.41,144.65,144.15,144.51,14166,33663
03/10/1998,144.57,144.95,144.25,144.85,10282,32537
03/11/1998,144.83,145.83,144.61,145.65,11915,32019
03/12/1998,145.67,146.75,145.53,146.61,14215,34763
03/13/1998,146.49,148.55,146.31,147.71,27499,46386
03/16/1998,147.85,148.09,147.15,147.71,9288,47916
03/17/1998,147.69,148.43,147.35,148.21,7685,35189
03/18/1998,148.27,148.71,147.65,148.03,10348,36139
03/19/1998,148.05,148.05,147.29,147.45,5550,36251
03/20/1998,147.47,147.95,146.83,147.75,6948,37761
03/23/1998,147.65,149.03,147.53,148.61,8471,41028
03/24/1998,148.65,148.79,148.09,148.39,3875,39543
03/25/1998,148.39,148.65,147.97,148.37,7521,39641
03/26/1998,148.39,149.85,148.23,149.65,14058,45293
03/27/1998,149.57,149.81,148.95,149.15,6434,44883
03/30/1998,149.25,149.41,148.55,148.73,5396,44821
03/31/1998,148.71,149.33,147.85,148.11,10621,43166
04/01/1998,148.05,148.75,147.91,148.05,6825,42947
04/02/1998,148.05,148.37,147.15,147.39,12092,40858
04/03/1998,147.37,147.75,146.41,146.85,12551,38046
04/06/1998,146.55,147.69,146.55,147.59,6160,38540
04/07/1998,147.55,147.91,147.35,147.75,4763,38548
04/08/1998,147.73,149.07,147.51,148.63,9763,39727
04/09/1998,148.11,149.11,147.75,148.05,6097,39589
04/13/1998,148.17,148.35,147.53,147.69,3720,38453
04/14/1998,147.77,150.05,147.61,149.53,15978,44503
04/15/1998,149.53,149.77,148.75,149.47,11879,43745
04/16/1998,149.65,150.53,149.21,150.19,10049,47620
04/17/1998,150.25,150.75,149.35,149.55,8404,49430
04/20/1998,149.51,149.67,148.25,148.75,8735,48644
04/21/1998,148.71,149.13,148.55,148.61,6399,47517
04/22/1998,148.57,149.03,147.97,148.33,10773,42669
04/23/1998,148.37,148.47,147.15,147.57,13101,38470
04/24/1998,147.59,148.31,147.55,147.95,6120,37850
04/27/1998,147.97,148.95,147.47,148.57,8042,37794
04/28/1998,148.61,148.71,147.65,148.05,5565,37557
04/29/1998,147.91,148.49,147.69,148.25,3564,36648
04/30/1998,148.29,148.73,147.89,148.43,5088,37222
05/01/1998,148.37,148.57,146.79,148.03,18617,38926
05/04/1998,147.43,148.21,147.43,147.77,3010,38353
05/05/1998,147.83,148.05,146.91,147.59,10038,36791
05/06/1998,147.53,147.59,146.97,147.07,6004,35735
05/07/1998,147.13,147.45,145.69,146.15,21947,37255
05/08/1998,146.13,146.15,144.63,144.93,20978,41085
05/11/1998,145.01,145.17,144.15,144.23,12830,42006
05/12/1998,144.25,144.85,144.23,144.53,9925,44675
05/13/1998,144.55,145.01,144.25,144.47,9234,48402
05/14/1998,144.49,144.57,143.35,144.39,13559,50813
05/15/1998,144.39,144.81,143.57,144.05,9214,51752
05/18/1998,143.57,143.83,142.97,143.55,11056,53860
05/19/1998,143.51,144.33,143.39,143.55,4049,52887
05/20/1998,143.47,144.81,143.43,144.61,13285,52567
05/21/1998,144.61,144.83,143.97,144.55,8531,53567
05/22/1998,144.47,144.77,144.07,144.49,4412,53332
05/26/1998,144.59,145.31,144.15,145.01,9560,52744
05/27/1998,145.07,145.65,144.21,144.55,13102,54808
05/28/1998,144.45,144.81,143.59,144.11,9770,52890
05/29/1998,144.19,144.85,143.77,144.57,6559,53624
06/01/1998,144.69,145.75,144.29,145.51,10897,53163
06/02/1998,145.55,145.57,144.91,145.33,6415,52167
06/03/1998,145.27,145.55,144.59,145.37,9022,53948
06/04/1998,145.39,146.73,145.05,145.27,24076,54988
06/05/1998,145.17,145.43,144.69,144.89,13721,55540
06/08/1998,144.91,144.97,144.53,144.77,30278,61625
06/09/1998,144.85,145.37,144.65,145.17,16546,64130
06/10/1998,145.15,145.35,143.99,144.41,30157,66620
06/11/1998,144.43,144.95,144.21,144.33,19327,68320
06/12/1998,144.29,144.93,144.23,144.79,9553,67606
06/15/1998,144.81,145.13,144.33,145.03,9031,68365
06/16/1998,144.99,147.09,144.99,146.73,29837,44093
06/17/1998,146.65,148.61,146.61,148.35,32562,45661
06/18/1998,148.37,149.23,147.89,148.89,20289,44338
06/19/1998,148.85,149.45,148.43,149.13,13283,47962
06/22/1998,148.45,149.21,147.79,149.05,8671,49017
06/23/1998,149.05,149.23,147.77,148.41,6449,48874
06/24/1998,148.31,148.83,148.03,148.43,5271,50102
06/25/1998,148.43,148.91,148.05,148.75,6043,51301
06/26/1998,148.61,149.03,147.33,147.87,11478,50457
06/29/1998,147.47,148.43,147.47,148.19,5171,50744
06/30/1998,148.29,148.77,147.85,148.41,4877,50578
07/01/1998,148.41,148.43,147.23,147.57,9393,49489
07/02/1998,147.59,147.93,147.13,147.37,8174,48004
07/06/1998,146.03,146.63,145.25,145.29,29737,41081
07/07/1998,145.41,145.87,145.09,145.49,9708,39512
07/08/1998,145.45,145.63,145.15,145.33,5115,38717
07/09/1998,145.31,145.61,144.37,145.05,9892,38455
07/10/1998,145.01,145.21,144.69,145.05,5263,38558
07/13/1998,144.79,146.39,144.69,145.75,13438,38017
07/14/1998,145.85,145.93,145.07,145.19,8297,37141
07/15/1998,145.23,145.85,144.87,145.37,9290,36256
07/16/1998,145.33,145.97,145.27,145.87,5177,36127
07/17/1998,145.75,146.43,145.69,146.41,5971,36478
07/20/1998,146.41,146.87,146.19,146.59,5566,36891
07/21/1998,146.59,146.83,146.05,146.17,6274,36769
07/22/1998,146.15,146.33,145.87,146.07,4674,38501
07/23/1998,146.19,147.13,145.65,146.87,16853,40408
07/24/1998,146.95,148.09,146.85,147.83,15005,39869
07/27/1998,147.67,147.99,147.37,147.53,5139,38102
07/28/1998,147.49,147.69,146.57,146.73,9196,37872
07/29/1998,146.59,146.89,146.01,146.51,8012,37848
07/30/1998,146.27,146.51,145.33,145.53,13676,38615
07/31/1998,145.57,145.79,144.83,145.13,7856,38724
08/03/1998,145.31,145.45,144.07,144.65,16364,42107
08/04/1998,144.67,145.89,144.53,145.51,10576,40629
08/05/1998,145.51,146.13,145.39,145.61,4847,40380
08/06/1998,145.71,145.81,145.09,145.39,4693,39811
08/07/1998,145.35,145.73,144.73,145.01,7649,40644
08/10/1998,144.85,145.67,144.57,145.57,5617,41241
08/11/1998,145.55,145.61,144.91,145.19,7599,41926
08/12/1998,145.31,145.41,144.63,144.71,4653,41929
08/13/1998,144.77,145.03,144.13,144.55,9726,45335
08/14/1998,144.51,144.71,143.65,143.85,15199,49845
08/17/1998,143.99,143.99,142.85,143.67,17467,59486
08/18/1998,143.67,143.97,143.29,143.67,9983,63395
08/19/1998,143.73,144.55,143.55,144.31,8086,62066
08/20/1998,144.35,145.39,144.31,145.25,12199,59279
08/21/1998,145.27,146.03,144.93,145.69,18999,50548
08/24/1998,145.63,146.41,145.45,146.21,12836,46921
08/25/1998,146.21,146.33,145.81,145.99,6429,47718
08/26/1998,146.07,146.31,145.65,145.99,8708,47997
08/27/1998,145.91,147.81,145.85,147.61,25725,48514
08/28/1998,147.59,150.77,146.75,150.57,45634,62944
08/31/1998,150.33,150.75,148.51,150.11,24333,69831
09/01/1998,149.99,150.55,149.35,149.83,16574,71946
09/02/1998,149.81,149.97,148.75,149.19,7897,72071
09/03/1998,149.13,151.23,149.03,149.61,30994,75698
09/04/1998,149.67,150.01,148.85,149.43,23955,75679
09/08/1998,149.21,149.59,147.57,147.73,34054,74452
09/09/1998,147.83,149.21,147.45,149.07,25570,73852
09/10/1998,149.03,151.85,149.01,151.23,24658,79263
09/11/1998,151.27,151.81,149.37,149.57,22598,80543
09/14/1998,149.23,150.47,149.23,150.07,7721,74533
09/15/1998,150.09,150.61,149.61,150.07,6732,49541
09/16/1998,150.05,150.45,149.35,150.23,6067,49760
09/17/1998,150.15,151.67,150.11,150.65,8017,51171
09/18/1998,150.63,151.07,150.11,150.67,4224,50869
09/21/1998,150.15,151.33,150.11,150.43,5364,50867
09/22/1998,150.41,151.15,149.53,150.93,8395,51441
09/23/1998,150.89,151.09,150.15,151.05,5555,51415
09/24/1998,150.97,152.45,150.23,151.99,13792,54227
09/25/1998,152.03,153.25,151.61,152.19,13199,55776
09/28/1998,152.09,153.07,151.71,153.03,7040,56172
09/29/1998,153.03,153.87,152.91,153.37,12461,58454
09/30/1998,153.31,153.51,151.93,152.35,6557,56947
10/01/1998,152.31,153.25,151.83,152.97,8570,58812
10/02/1998,153.01,153.61,151.91,152.29,9671,57944
10/05/1998,152.29,152.53,150.79,150.93,14375,56219
10/06/1998,150.87,151.31,150.55,150.75,8325,54176
10/07/1998,150.69,153.61,150.31,153.07,14774,55341
10/08/1998,152.95,156.11,152.19,153.63,17029,55662
10/09/1998,153.71,154.29,151.93,152.51,8011,53605
10/13/1998,151.61,153.29,151.21,153.09,4216,52658
10/14/1998,153.11,153.51,152.47,153.07,4511,52414
10/15/1998,153.03,153.79,152.31,152.59,5120,52933
10/16/1998,153.01,153.91,152.11,152.73,8094,51364
10/19/1998,152.85,153.15,152.33,152.73,3615,51546
10/20/1998,152.67,153.81,152.17,153.51,9599,52335
10/21/1998,153.51,153.77,152.01,152.45,11184,53648
10/22/1998,152.35,152.47,151.43,152.07,7449,54671
10/23/1998,152.07,152.39,151.19,151.71,8518,53132
10/26/1998,151.31,151.41,148.41,148.79,24421,53671
10/27/1998,148.97,150.49,148.91,150.35,16092,50305
10/28/1998,150.35,150.45,149.53,150.05,6754,50406
10/29/1998,150.09,150.91,150.01,150.25,5003,50564
10/30/1998,150.29,151.11,149.87,150.13,6622,51653
11/02/1998,150.37,150.55,148.71,149.15,9211,52304
11/03/1998,149.13,149.29,148.01,148.43,11430,53506
11/04/1998,148.71,148.99,147.91,148.87,5728,54141
11/05/1998,148.83,149.37,147.71,148.95,8795,54270
11/06/1998,148.93,149.35,148.45,148.77,4483,54548
11/09/1998,148.67,149.57,148.43,149.03,6992,53754
11/10/1998,149.11,149.25,148.57,148.87,3228,52884
11/11/1998,148.83,149.15,148.23,149.13,3329,53706
11/12/1998,149.15,149.25,148.07,149.05,10429,54221
11/13/1998,148.93,150.07,148.73,149.37,12993,53527
11/16/1998,149.31,150.81,149.19,150.55,7629,53035
11/17/1998,150.49,150.89,150.19,150.57,3978,52761
11/18/1998,150.59,150.61,149.75,149.81,6981,52248
11/19/1998,149.93,150.11,149.45,149.57,4309,52274
11/20/1998,149.57,149.57,148.31,148.53,9772,54810
11/23/1998,148.53,148.71,147.35,148.55,13320,55758
11/24/1998,148.63,149.17,148.11,148.79,4724,55379
11/25/1998,148.91,149.43,148.73,149.01,4479,54584
11/27/1998,149.01,149.15,148.07,148.35,4071,55383
11/30/1998,148.29,148.47,147.49,147.79,11372,57003
12/01/1998,147.79,148.55,147.67,148.45,6432,57589
12/02/1998,148.41,149.91,148.01,149.73,22748,55762
12/03/1998,149.65,150.31,149.09,149.59,9229,56337
12/04/1998,149.57,149.93,149.01,149.57,14729,55244
12/07/1998,149.31,149.41,148.05,148.29,30508,62848
12/08/1998,148.23,148.89,147.83,148.83,20231,64674
12/09/1998,148.83,149.15,148.61,148.75,19259,64754
12/10/1998,148.67,150.43,148.57,150.13,16531,64935
12/11/1998,150.15,152.31,149.75,152.23,33966,68626
12/14/1998,151.87,152.61,151.29,152.47,16290,68679
12/15/1998,152.47,152.51,151.47,151.89,4930,47847
12/16/1998,151.79,152.03,150.01,150.29,8310,46834
12/17/1998,150.23,151.51,149.85,150.69,6610,47329
12/18/1998,150.55,151.89,150.51,151.27,5933,44195
12/21/1998,151.51,151.77,151.15,151.53,1771,44280
12/22/1998,151.59,151.71,150.87,151.17,2732,44144
12/23/1998,151.21,151.47,150.77,150.99,1891,44302
12/24/1998,151.07,151.13,150.35,150.61,2177,44215
12/28/1998,150.67,151.01,150.51,150.89,1608,44195
12/29/1998,150.83,151.87,150.81,151.63,7706,46075
12/30/1998,151.49,151.53,149.19,149.35,15805,42025
12/31/1998,149.37,149.91,148.51,149.29,4549,41381
01/04/1999,149.41,150.41,148.71,148.95,6488,41837
01/05/1999,149.29,149.35,148.61,148.75,7643,43206
01/06/1999,148.75,149.85,148.21,148.75,9098,43771
01/07/1999,148.75,149.09,147.93,148.39,7277,44868
01/08/1999,148.41,148.53,146.91,147.79,21504,49424
01/11/1999,147.41,147.85,146.31,146.35,11484,51217
01/12/1999,146.41,146.73,145.73,146.45,13936,57740
01/13/1999,146.45,149.37,146.43,148.15,18170,60046
01/14/1999,148.19,149.25,147.79,149.07,11062,55843
01/15/1999,149.05,149.85,148.31,148.57,10495,53763
01/19/1999,148.41,149.63,148.13,148.91,7928,52148
01/20/1999,148.85,149.17,147.87,147.93,5442,52270
01/21/1999,147.93,149.01,147.63,148.67,6563,52197
01/22/1999,148.55,149.17,148.41,148.85,6372,50979
01/25/1999,148.89,149.51,148.81,149.09,3365,50691
01/26/1999,149.15,149.71,149.13,149.33,4062,50488
01/27/1999,149.37,149.37,147.79,147.87,19354,56635
01/28/1999,148.05,148.51,147.89,148.43,7562,55565
01/29/1999,148.35,148.51,147.61,148.11,4593,56176
02/01/1999,148.19,148.23,147.27,147.63,6428,56738
02/02/1999,147.67,148.29,147.23,147.41,4802,56703
02/03/1999,147.35,147.57,146.83,147.09,6822,56305
02/04/1999,147.01,148.07,146.53,148.01,11211,54756
02/05/1999,147.97,148.05,146.61,146.73,9245,55706
02/08/1999,146.75,147.67,146.41,147.47,7371,54919
02/09/1999,147.37,147.65,146.79,147.09,3623,54792
02/10/1999,147.13,147.33,145.97,146.49,8181,56313
02/11/1999,146.49,146.49,145.41,145.71,9203,57175
02/12/1999,145.75,146.75,145.67,146.65,5316,56229
02/16/1999,146.75,147.03,145.91,146.91,7225,56165
02/17/1999,146.99,147.49,146.73,147.01,5325,56629
02/18/1999,147.11,147.39,146.75,147.07,3634,56739
02/19/1999,147.09,147.13,145.57,145.69,13663,61220
02/22/1999,145.59,146.25,145.31,146.17,11706,64268
02/23/1999,146.19,146.29,144.51,144.87,8940,67663
02/24/1999,144.85,145.07,143.01,143.17,15859,71294
02/25/1999,143.25,144.27,143.15,143.95,7821,69816
02/26/1999,143.81,144.21,143.29,143.73,5762,70974
03/01/1999,143.51,144.79,143.11,144.45,11930,75066
03/02/1999,144.47,145.21,144.01,144.99,9239,73910
03/03/1999,145.09,145.77,144.75,144.89,10071,73010
03/04/1999,144.89,145.03,144.11,144.63,9071,72287
03/05/1999,144.65,144.67,144.09,144.21,27857,74466
03/08/1999,143.75,144.71,143.75,144.37,27532,77586
03/09/1999,144.39,145.59,144.07,145.43,53393,83402
03/10/1999,145.45,146.53,145.17,146.27,28605,76201
03/11/1999,146.21,147.95,145.85,147.23,24643,76292
03/12/1999,147.21,147.41,146.45,146.65,25418,80576
03/15/1999,146.65,146.67,145.51,145.87,11695,82291
03/16/1999,145.89,146.65,145.43,146.51,5721,55118
03/17/1999,146.51,146.91,146.05,146.65,4726,54905
03/18/1999,146.61,146.87,146.25,146.59,3284,54736
03/19/1999,146.63,146.75,146.27,146.45,5561,55880
03/22/1999,146.55,146.63,146.15,146.47,2221,55773
03/23/1999,146.41,147.59,145.85,147.45,20836,61850
03/24/1999,147.45,148.41,147.05,147.21,19378,55978
03/25/1999,147.13,147.45,145.85,146.03,22428,55053
03/26/1999,146.05,146.25,145.37,145.99,7628,54495
03/29/1999,145.95,145.97,144.89,145.31,8010,54685
03/30/1999,145.33,145.47,144.77,144.89,3975,54416
03/31/1999,144.85,145.33,144.17,144.83,7027,54540
04/01/1999,144.89,145.05,143.75,144.01,12100,58382
04/05/1999,144.07,144.27,143.51,143.67,10382,61352
04/06/1999,143.67,143.93,142.05,142.77,19279,68549
04/07/1999,142.87,143.53,142.45,143.17,13661,70560
04/08/1999,143.23,144.89,143.21,144.15,14281,69818
04/09/1999,144.17,144.71,143.81,144.57,10967,67507
04/12/1999,144.51,145.55,144.51,145.01,9982,67136
04/13/1999,145.05,145.35,144.79,145.23,4910,64984
04/14/1999,145.15,145.79,144.71,144.75,8851,64962
04/15/1999,144.75,145.29,144.41,144.61,6908,65033
04/16/1999,144.57,145.25,143.99,145.11,7468,65080
04/19/1999,144.97,145.99,144.23,144.71,12285,65404
04/20/1999,144.69,145.65,144.55,144.65,12245,67131
04/21/1999,144.69,144.99,144.11,144.33,4923,66918
04/22/1999,144.27,145.19,144.15,145.11,10035,66004
04/23/1999,145.29,145.75,144.91,145.11,6978,64880
04/26/1999,145.03,145.43,144.69,144.87,3896,64811
04/27/1999,144.81,145.63,144.61,145.57,10376,61648
04/28/1999,145.49,145.89,144.97,145.03,8803,61405
04/29/1999,145.09,145.35,144.37,144.49,9043,61141
04/30/1999,144.49,145.01,144.25,144.61,8175,60974
05/03/1999,144.61,144.91,144.27,144.61,5418,61681
05/04/1999,144.63,146.65,144.53,146.63,32312,60750
05/05/1999,146.55,147.61,146.25,147.45,37865,57244
05/06/1999,147.45,148.05,146.95,147.85,20813,58659
05/07/1999,147.73,147.73,146.73,146.77,9970,58672
05/10/1999,146.65,147.25,146.05,146.29,10728,57202
05/11/1999,146.25,146.43,145.59,146.01,9227,55926
05/12/1999,145.99,146.03,145.29,145.43,6596,55095
05/13/1999,145.45,145.87,145.41,145.77,3228,54815
05/14/1999,145.75,146.17,145.09,145.55,9671,56105
05/17/1999,145.73,145.85,145.19,145.53,3325,55812
05/18/1999,145.57,146.29,145.35,146.09,6035,57184
05/19/1999,145.95,145.99,145.25,145.41,8799,56126
05/20/1999,145.45,146.03,144.35,144.41,24874,57113
05/21/1999,144.39,144.61,143.73,143.81,25694,57353
05/24/1999,144.13,144.19,142.99,143.33,18858,60764
05/25/1999,143.33,144.19,143.33,143.87,6765,60096
05/26/1999,143.89,144.25,143.11,143.37,14046,63362
05/27/1999,143.21,143.93,142.49,143.67,24518,65646
05/28/1999,143.55,144.17,143.35,143.85,6302,65285
06/01/1999,143.95,145.03,143.55,144.95,15322,63155
06/02/1999,144.95,145.07,143.99,144.21,8200,62885
06/03/1999,144.15,144.69,144.05,144.37,8358,63562
06/04/1999,144.35,144.91,144.03,144.83,25864,63164
06/07/1999,144.77,144.85,143.61,143.77,44551,69965
06/08/1999,143.77,144.45,143.59,144.25,15948,66284
06/09/1999,144.35,144.41,143.53,144.07,26906,66245
06/10/1999,144.05,144.33,143.53,144.31,22663,66920
06/11/1999,144.23,145.63,144.15,145.59,24047,62874
06/14/1999,145.45,145.45,144.31,144.53,24047,62874
06/16/1999,143.21,143.29,142.39,142.69,21878,49778
06/17/1999,142.65,143.47,142.47,143.13,7539,50161
06/18/1999,143.27,144.01,142.89,143.47,7813,47792
06/21/1999,143.31,143.39,142.33,143.03,7793,49043
06/22/1999,143.03,143.19,142.41,142.83,3253,48586
06/23/1999,142.87,142.99,141.45,141.91,25510,61973
06/24/1999,141.97,142.85,141.23,142.73,10208,59163
06/25/1999,142.71,143.23,142.53,142.61,5327,59367
06/28/1999,142.27,142.59,141.85,142.11,5074,60107
06/29/1999,142.17,142.25,141.23,141.35,5991,62127
06/30/1999,141.37,141.81,141.11,141.71,5437,62003
07/01/1999,141.69,142.05,141.07,141.17,5437,62003
07/02/1999,141.19,141.87,140.85,141.79,7411,64334
07/06/1999,141.65,141.81,139.77,140.07,11251,69689
07/07/1999,140.05,140.27,139.47,140.05,5809,69219
07/08/1999,139.99,140.03,139.19,139.75,7840,69999
07/09/1999,139.75,139.91,138.55,138.65,7271,70560
07/12/1999,138.75,139.73,138.71,139.63,16664,73219
07/13/1999,139.57,139.79,139.19,139.61,4427,73339
07/14/1999,139.59,140.39,139.03,140.23,12783,70859
07/15/1999,140.21,140.91,140.15,140.41,6707,70159
07/16/1999,140.41,140.79,140.05,140.11,3546,69078
07/19/1999,140.07,142.21,139.57,141.93,20757,66303
07/20/1999,141.83,142.05,140.59,140.73,10516,67257
07/21/1999,140.79,141.87,140.79,141.61,10721,65598
07/22/1999,141.69,142.57,141.29,142.29,10701,64373
07/23/1999,142.07,142.39,141.37,141.63,12936,60274
07/26/1999,141.95,143.31,141.95,142.83,16732,58133
07/27/1999,142.93,143.27,142.57,142.85,4377,57262
07/28/1999,142.87,143.63,142.13,143.59,15130,55917
07/29/1999,143.63,146.09,143.47,145.59,41153,57887
07/30/1999,145.59,146.39,145.07,146.05,16786,54314
08/02/1999,146.01,146.01,145.09,145.55,5809,53973
08/03/1999,145.49,146.23,145.17,145.83,5710,55026
08/04/1999,145.83,146.63,145.57,146.03,9880,54919
08/05/1999,145.95,146.01,145.03,145.09,12454,55827
08/06/1999,145.19,145.75,144.55,144.93,6851,55071
08/09/1999,144.83,144.83,143.89,144.45,7591,55283
08/10/1999,144.41,145.75,144.29,145.29,8468,55315
08/11/1999,145.31,145.55,144.69,144.89,4057,54350
08/12/1999,144.73,145.13,144.43,145.05,4216,53451
08/13/1999,144.95,145.31,144.21,144.39,6548,52615
08/16/1999,144.39,144.89,143.77,143.95,7728,52191
08/17/1999,143.89,144.45,143.37,144.21,8361,52821
08/18/1999,144.27,144.71,143.85,144.09,4300,52474
08/19/1999,144.11,145.85,143.61,145.67,13212,55249
08/20/1999,145.57,146.03,145.13,145.29,8069,55577
08/23/1999,145.37,145.65,143.89,144.03,10688,55829
08/24/1999,144.01,144.25,142.63,143.25,13246,55277
08/25/1999,143.29,143.31,142.21,142.35,9581,54507
08/26/1999,142.31,143.09,142.29,142.63,5209,53923
08/27/1999,142.59,142.85,142.27,142.61,3159,53916
08/30/1999,142.75,142.87,142.39,142.75,3426,53733
08/31/1999,142.79,145.01,142.75,144.47,19640,54879
09/01/1999,144.35,145.09,143.99,144.43,7387,54345
09/02/1999,144.29,145.17,143.69,144.43,9680,55697
09/03/1999,144.51,145.33,144.07,144.21,16178,55425
09/07/1999,144.33,144.69,143.79,144.29,25631,53262
09/08/1999,144.23,146.29,144.23,145.63,32391,60913
09/09/1999,145.63,147.33,145.57,147.19,33484,70244
09/10/1999,147.37,147.37,145.25,145.55,20257,70342
09/13/1999,145.73,145.99,144.35,144.53,15447,65861
09/14/1999,144.53,144.71,143.49,144.47,9483,34466
09/15/1999,144.37,145.31,143.59,145.17,11104,31641
09/16/1999,145.13,146.41,144.93,146.07,5942,32278
09/17/1999,146.29,146.31,145.25,146.01,4051,32399
09/20/1999,146.01,146.27,145.73,145.77,2269,32642
09/21/1999,145.75,147.11,145.71,146.79,8327,34781
09/22/1999,146.95,147.81,146.39,146.49,21720,44851
09/23/1999,146.55,147.79,146.51,147.67,8094,48134
09/24/1999,147.93,148.37,147.59,147.99,7655,49389
09/27/1999,147.73,148.69,147.65,148.39,5640,51405
09/28/1999,148.35,148.83,148.03,148.69,5944,54299
09/29/1999,148.37,148.53,147.63,148.05,13459,52344
09/30/1999,148.03,148.49,148.03,148.27,10878,56367
10/01/1999,148.27,149.43,148.19,149.07,13879,62920
10/04/1999,149.07,149.63,148.99,149.23,5806,63494
10/05/1999,149.25,149.47,148.65,149.41,6037,62192
10/06/1999,149.41,149.53,148.97,149.25,3204,62460
10/07/1999,149.21,149.25,148.45,148.85,4913,61955
10/08/1999,148.81,149.31,148.39,148.69,4913,61955
10/12/1999,148.89,149.45,148.73,149.35,6426,63106
10/13/1999,149.37,149.61,148.83,149.19,3714,62567
10/14/1999,149.21,150.39,148.93,150.09,13109,68790
10/15/1999,150.13,150.97,149.85,150.75,12138,73403
10/18/1999,150.57,151.03,150.39,150.51,5457,74371
10/19/1999,150.57,151.11,150.19,150.89,4353,74359
10/20/1999,150.85,151.03,149.79,149.97,10265,72194
10/21/1999,149.97,151.61,149.95,151.33,10583,76876
10/22/1999,151.23,151.55,148.73,149.35,28764,62210
10/25/1999,149.35,150.09,149.33,149.99,5449,61872
10/26/1999,149.99,150.11,148.53,148.97,7347,61647
10/27/1999,148.77,149.43,147.83,148.09,10409,59005
10/28/1999,148.27,148.49,147.13,147.47,10924,56435
10/29/1999,147.43,148.17,146.95,148.11,8885,57670
11/01/1999,148.11,148.63,147.43,147.83,6577,58082
11/02/1999,147.93,148.59,147.93,148.23,4796,59174
11/03/1999,148.09,148.83,147.85,147.93,5777,58683
11/04/1999,148.03,148.43,145.73,145.77,21830,57521
11/05/1999,145.81,146.47,145.13,145.61,24205,49932
11/08/1999,146.01,146.11,145.07,145.59,4964,49628
11/09/1999,145.55,146.21,145.43,145.95,7214,47996
11/10/1999,145.99,146.47,145.55,146.37,7214,47996
11/12/1999,145.93,145.95,144.65,145.25,8528,47141
11/15/1999,145.13,146.09,145.07,145.79,5333,47393
11/16/1999,145.79,146.03,145.13,145.51,4637,46714
11/17/1999,145.49,146.41,145.25,146.17,4214,47032
11/18/1999,146.53,146.53,144.97,145.23,6655,46445
11/19/1999,145.19,145.93,144.87,145.73,4449,46521
11/22/1999,145.63,145.93,145.51,145.67,3045,46999
11/23/1999,145.61,146.43,145.61,145.99,5081,47213
11/24/1999,146.13,146.21,144.09,144.15,16289,45807
11/26/1999,144.91,145.33,143.93,144.37,8820,46068
11/29/1999,144.39,144.43,143.51,144.21,4650,45795
11/30/1999,144.21,144.35,142.77,143.53,10036,46548
12/01/1999,143.51,144.09,143.17,143.75,8554,49122
12/02/1999,143.77,143.99,143.29,143.67,21873,57060
12/03/1999,143.67,143.93,143.51,143.75,16478,53587
12/06/1999,143.83,146.23,143.61,145.57,23002,55023
12/07/1999,145.83,146.61,145.83,146.11,14595,54458
12/08/1999,146.15,146.77,145.91,146.45,10080,54070
12/09/1999,146.43,146.49,145.57,146.15,10276,54641
12/10/1999,146.09,146.27,145.65,145.77,16500,51057
12/13/1999,145.83,146.33,145.77,146.11,12857,47778
12/14/1999,146.11,146.29,144.69,144.85,5781,18990
12/15/1999,144.83,145.05,143.89,144.13,6454,18686
12/16/1999,144.11,145.65,144.11,144.69,5865,18776
12/17/1999,144.85,145.47,143.87,144.09,4262,18936
12/20/1999,144.09,144.73,143.97,144.19,1793,18624
12/21/1999,144.29,145.05,144.25,144.85,2629,18467
12/22/1999,144.89,144.97,144.23,144.43,5855,19773
12/23/1999,144.49,145.51,144.41,145.09,3516,19778
12/27/1999,145.01,145.51,144.99,145.41,1349,19294
12/28/1999,145.37,145.89,145.07,145.19,2140,18786
12/29/1999,145.17,145.61,145.09,145.49,2627,18664
12/30/1999,145.35,145.65,144.73,145.31,4291,19094
12/31/1999,145.17,145.53,144.89,145.47,780,19146
01/03/2000,145.19,147.61,145.07,147.51,14715,25017
01/04/2000,147.29,147.73,146.77,147.29,14380,27070
01/05/2000,147.19,148.05,147.03,147.77,11340,28112
01/06/2000,147.71,148.67,147.59,148.33,8422,30439
01/07/2000,148.27,148.57,147.19,147.43,13724,35115
01/10/2000,147.43,147.55,146.93,147.25,4881,35409
01/11/2000,147.23,148.47,147.21,148.37,5953,36938
01/12/2000,148.39,148.97,148.07,148.37,4600,37491
01/13/2000,148.31,148.63,147.65,148.23,4220,37964
01/14/2000,148.33,148.35,146.87,147.03,4220,37964
01/17/2000,146.99,147.47,146.63,146.73,0,0
01/18/2000,146.99,147.49,146.63,147.19,5909,36241
01/19/2000,147.25,148.13,147.25,147.91,3573,37497
01/20/2000,147.97,149.35,147.85,148.95,12870,44219
01/21/2000,148.97,149.35,148.33,148.51,6781,45365
01/24/2000,148.39,149.09,148.25,148.57,3246,45011
01/25/2000,148.67,148.87,147.87,148.01,8288,47257
01/26/2000,148.01,148.23,147.09,147.39,14989,42067
01/27/2000,147.41,147.61,146.97,147.41,4998,40719
01/28/2000,147.47,147.49,145.09,145.65,23643,40181
01/31/2000,145.81,146.15,144.75,145.13,14845,34357
02/01/2000,145.17,145.31,144.41,145.07,13936,33949
02/02/2000,145.13,145.17,143.79,144.27,9990,34285
02/03/2000,144.33,144.49,142.93,143.11,14776,37656
02/04/2000,143.17,143.77,141.91,142.49,19612,47319
02/07/2000,142.71,143.55,142.41,143.17,6189,47963
02/08/2000,143.27,144.97,143.27,144.63,9136,48047
02/09/2000,144.77,145.15,144.17,144.97,8934,45028
02/10/2000,144.87,145.25,144.05,144.43,4006,44782
02/11/2000,144.53,144.57,142.29,142.95,7172,47083
02/14/2000,142.93,143.25,142.09,142.35,5096,47292
02/15/2000,142.27,143.39,142.01,143.09,4869,47791
02/16/2000,143.11,144.35,142.97,144.25,6238,46188
02/17/2000,144.33,144.97,143.77,144.37,6498,46185
02/18/2000,144.41,144.41,143.07,143.47,3757,46594
02/22/2000,143.51,145.51,143.37,144.77,15781,47438
02/23/2000,144.81,144.99,143.75,143.85,7668,46774
02/24/2000,144.17,144.17,143.29,143.67,5394,45967
02/25/2000,143.61,143.61,142.35,142.93,9771,48501
02/28/2000,142.89,143.33,142.13,142.99,7872,46720
02/29/2000,142.87,143.75,141.31,141.51,13116,51024
03/01/2000,141.45,142.81,141.07,142.21,12368,50979
03/02/2000,142.19,142.27,141.15,141.27,6989,52409
03/03/2000,142.19,142.19,141.11,141.55,13000,55037
03/06/2000,141.57,141.75,140.69,141.01,31206,58169
03/07/2000,141.01,141.81,140.51,141.35,23258,62049
03/08/2000,141.55,142.35,141.01,141.67,15034,63473
03/09/2000,141.67,142.03,141.35,141.71,14118,63935
03/10/2000,141.71,141.93,141.15,141.27,23835,71087
03/13/2000,141.27,141.89,141.17,141.43,5597,69915
03/14/2000,141.57,141.57,140.29,141.29,8804,43677
03/15/2000,141.29,141.51,140.59,140.91,3679,43516
03/16/2000,140.91,141.37,140.49,141.19,6000,43951
03/17/2000,141.23,141.29,140.61,140.87,3653,43902
03/20/2000,140.87,141.05,139.99,140.57,8496,47879
03/21/2000,140.61,141.39,140.33,140.95,12501,43392
03/22/2000,140.97,141.67,139.77,141.31,15371,42659
03/23/2000,141.53,142.67,141.19,142.29,13561,40226
03/24/2000,142.29,143.05,141.97,142.91,11459,37374
03/27/2000,142.85,143.69,142.03,142.33,10335,37744
03/28/2000,142.33,142.67,141.89,142.53,4580,37843
03/29/2000,142.53,143.37,141.75,143.19,7770,37861
03/30/2000,143.07,143.43,142.37,143.25,12249,41019
03/31/2000,143.27,143.51,142.57,142.97,7035,42709
04/03/2000,142.77,143.55,142.39,143.43,7894,41141
04/04/2000,143.41,144.47,142.97,143.25,9189,40719
04/05/2000,143.35,143.39,141.83,141.97,14375,43663
04/06/2000,141.97,142.49,141.37,141.71,12663,39126
04/07/2000,141.65,142.19,141.43,141.67,4030,39183
04/10/2000,141.65,142.09,141.57,142.05,3621,39413
04/11/2000,142.15,142.55,141.99,142.25,4716,38671
04/12/2000,142.15,142.49,141.87,142.25,5364,38545
04/13/2000,142.43,142.95,142.15,142.47,5024,38487
04/14/2000,142.45,142.79,141.93,142.39,5024,38487
04/17/2000,142.53,142.69,141.87,141.95,3972,38510
04/18/2000,141.85,141.97,141.07,141.45,11279,42051
04/19/2000,141.51,141.97,141.23,141.49,5448,41739
04/20/2000,141.77,141.87,141.41,141.51,2842,42425
04/24/2000,141.23,141.75,141.11,141.55,2392,42654
04/25/2000,141.69,141.77,140.91,141.63,6074,42813
04/26/2000,141.73,141.81,141.07,141.25,4023,43207
04/27/2000,141.19,141.69,140.69,141.19,10401,45596
04/28/2000,141.01,141.01,138.79,138.85,21768,52184
05/01/2000,138.91,139.33,138.81,138.87,9463,52895
05/02/2000,138.97,140.33,138.87,139.55,10342,52717
05/03/2000,139.59,140.17,139.23,139.73,5228,52395
05/04/2000,139.79,139.87,137.19,137.69,8663,51892
05/05/2000,137.75,137.97,136.07,136.35,6930,50872
05/08/2000,136.49,137.17,136.29,136.87,2945,51231
05/09/2000,136.79,137.31,136.47,136.97,3289,51395
05/10/2000,136.93,136.97,134.37,134.83,6476,51375
05/11/2000,134.83,134.97,132.97,133.89,7332,51880
05/12/2000,134.05,135.67,133.87,135.05,8998,49550
05/15/2000,135.39,135.61,134.11,134.33,3593,49382
05/16/2000,134.27,134.31,133.07,133.15,3674,49851
05/17/2000,133.11,133.47,132.45,132.93,5629,50773
05/18/2000,133.09,133.35,131.37,131.83,6231,53155
05/19/2000,131.87,132.55,131.17,132.13,3933,52941
05/22/2000,132.49,133.31,131.91,132.85,2857,52919
05/23/2000,132.85,133.21,130.87,131.27,4823,53580
05/24/2000,131.29,131.55,130.45,131.27,3962,53144
05/25/2000,131.31,131.71,130.27,130.69,4016,52999
05/26/2000,130.81,132.41,130.63,132.15,8142,51745
05/30/2000,132.55,133.99,132.27,133.25,6910,52836
05/31/2000,133.25,133.51,132.93,133.39,9869,53693
06/01/2000,133.59,133.81,132.55,133.01,8243,54155
06/02/2000,133.03,134.97,133.01,134.17,16851,51679
06/05/2000,134.53,135.61,134.33,135.55,9282,51781
06/06/2000,135.45,136.75,134.77,136.53,11268,50316
06/07/2000,136.51,136.51,135.47,135.79,11609,50534
06/08/2000,135.25,135.61,134.11,134.75,17090,51265
06/09/2000,135.15,135.15,133.55,134.49,11891,49646
06/12/2000,134.09,135.03,134.03,134.77,15806,53651
06/13/2000,134.73,135.29,134.29,134.45,13934,52278
06/14/2000,134.43,134.59,133.49,133.59,18030,54493
06/15/2000,133.51,134.89,133.11,134.81,16310,55809
06/16/2000,134.91,135.35,134.55,135.05,9477,52558
06/19/2000,135.01,135.19,134.63,134.87,4382,52425
06/20/2000,134.77,135.57,134.01,135.43,8977,25945
06/21/2000,135.41,135.41,132.99,133.43,9582,28475
06/22/2000,133.45,135.13,133.23,134.97,9049,26593
06/23/2000,134.95,134.97,133.47,133.89,8473,27953
06/26/2000,133.61,133.85,133.21,133.43,5119,25997
06/27/2000,133.31,134.21,132.85,134.19,4502,26582
06/28/2000,134.07,134.89,133.83,134.65,4513,25979
06/29/2000,134.69,135.63,134.65,135.43,5097,25562
06/30/2000,135.45,135.59,134.49,135.15,6614,26491
07/03/2000,135.17,135.33,134.35,134.83,6059,27407
07/05/2000,135.01,135.15,134.35,134.41,5887,28243
07/06/2000,134.41,135.01,134.13,134.21,4324,28512
07/07/2000,134.23,135.25,133.97,134.77,5555,27773
07/10/2000,134.89,135.43,134.49,134.65,4605,28028
07/11/2000,134.69,135.17,134.63,135.09,4104,27846
07/12/2000,135.13,135.31,134.05,134.13,9887,32464
07/13/2000,134.21,134.21,133.29,133.65,7319,33345
07/14/2000,133.71,133.91,133.15,133.27,6462,32481
07/17/2000,133.31,133.57,132.51,132.91,8305,34609
07/18/2000,132.97,133.43,132.55,133.21,6184,33703
07/19/2000,133.21,133.29,132.71,133.13,5612,34373
07/20/2000,133.21,134.85,132.57,134.73,14271,31260
07/21/2000,134.79,135.49,134.29,135.33,13157,31273
07/24/2000,135.37,135.55,134.69,134.97,3716,30830
07/25/2000,134.97,135.65,134.71,135.13,4568,30688
07/26/2000,135.09,135.63,134.79,134.95,3315,30067
07/27/2000,134.95,135.11,134.47,134.77,4388,28941
07/28/2000,134.79,134.83,133.25,133.93,11879,31775
07/31/2000,133.77,133.91,132.85,133.37,6630,31693
08/01/2000,133.33,133.65,132.75,133.11,5583,31895
08/02/2000,132.83,132.91,132.01,132.61,12020,34030
08/03/2000,132.71,133.29,131.69,132.87,10966,35048
08/04/2000,132.99,134.21,132.35,133.65,8863,34461
08/07/2000,133.85,134.63,133.45,134.49,5571,31990
08/08/2000,134.43,134.83,133.49,133.85,3861,31666
08/09/2000,133.85,133.95,133.29,133.51,3580,31508
08/10/2000,133.57,133.67,132.89,133.09,2639,31426
08/11/2000,132.97,134.17,132.97,133.67,5107,31098
08/14/2000,133.61,134.49,133.43,133.77,5679,30564
08/15/2000,133.87,134.77,133.67,133.75,5567,30511
08/16/2000,133.63,133.97,133.13,133.47,5538,30138
08/17/2000,133.35,133.57,133.03,133.33,2647,29977
08/18/2000,133.29,133.29,132.15,132.31,12013,34573
08/21/2000,132.39,132.69,131.99,132.11,8376,39209
08/22/2000,132.13,132.21,131.19,131.77,6740,41087
08/23/2000,131.69,132.07,131.01,132.03,5351,40901
08/24/2000,131.93,132.09,131.05,131.55,6286,41309
08/25/2000,131.55,131.55,130.37,130.47,6822,43321
08/28/2000,130.41,130.67,130.25,130.41,5251,44733
08/29/2000,130.39,130.49,128.87,128.99,10218,45752
08/30/2000,128.97,129.29,127.57,129.21,9830,45150
08/31/2000,129.19,129.31,127.89,128.39,7374,45006
09/01/2000,128.33,129.59,127.97,129.39,4697,44565
09/05/2000,129.65,129.89,128.07,128.71,8080,45161
09/06/2000,128.77,128.83,127.17,127.21,18050,45162
09/07/2000,127.19,127.49,126.43,127.13,13786,45217
09/08/2000,127.31,127.31,125.17,125.39,16729,47499
09/11/2000,124.81,125.51,123.91,124.17,38307,52732
09/12/2000,123.99,124.87,122.81,123.99,20059,54969
09/13/2000,123.91,124.61,123.71,124.23,19134,52358
09/14/2000,124.21,125.71,123.61,123.97,12527,53239
09/15/2000,123.97,124.71,123.15,123.23,13515,50193
09/18/2000,123.21,123.97,122.91,123.89,9418,47675
09/19/2000,123.91,124.59,123.23,124.31,3724,37690
09/20/2000,124.35,125.17,123.93,124.27,4035,38005
09/21/2000,124.15,127.21,124.15,126.93,12840,37321
09/22/2000,126.93,131.11,126.93,129.19,18671,34259
09/25/2000,128.91,129.69,128.33,128.35,3604,33234
09/26/2000,128.43,129.61,128.43,129.55,5396,32381
09/27/2000,129.61,130.05,129.17,129.67,3686,31812
09/28/2000,129.71,130.05,129.39,129.65,3444,31579
09/29/2000,129.61,131.31,129.49,130.81,8760,31094
10/02/2000,130.93,131.05,129.81,130.17,4586,30477
10/03/2000,130.27,130.29,128.85,129.03,4047,30294
10/04/2000,129.05,129.39,128.53,129.25,2930,29891
10/05/2000,129.17,129.25,127.77,127.93,4695,30382
10/06/2000,127.89,128.41,127.43,127.73,3142,29771
10/10/2000,128.17,129.09,128.01,128.57,5512,30327
10/11/2000,128.77,129.89,128.65,129.33,4607,30285
10/12/2000,129.35,130.79,129.11,130.31,5800,30526
10/13/2000,130.31,131.31,128.13,128.47,6645,31103
10/16/2000,128.45,128.65,127.35,127.99,5643,32040
10/17/2000,128.03,128.21,126.71,128.19,5457,31982
10/18/2000,128.29,129.41,127.05,127.55,6442,31332
10/19/2000,127.57,128.07,127.19,127.77,3024,30654
10/20/2000,127.85,128.39,127.41,128.25,2837,30895
10/23/2000,128.45,129.09,128.19,128.53,2665,31016
10/24/2000,128.45,128.87,127.97,128.25,2342,30852
10/25/2000,128.27,128.39,126.31,126.77,7314,32743
10/26/2000,126.55,127.05,125.13,126.67,6520,33101
10/27/2000,126.69,128.71,126.47,128.61,6873,31808
10/30/2000,128.61,129.91,128.23,128.45,5946,31186
10/31/2000,128.49,128.75,127.81,128.15,3062,31177
11/01/2000,128.23,129.01,127.41,128.17,4602,30922
11/02/2000,128.39,128.77,127.57,127.87,3512,31020
11/03/2000,127.79,128.71,127.13,128.27,5480,31146
11/06/2000,128.21,128.35,125.71,126.13,9009,34566
11/07/2000,126.15,126.75,125.67,126.67,4395,34188
11/08/2000,126.59,126.87,125.13,125.49,4395,34188
11/09/2000,125.55,126.59,124.53,126.41,6409,33613
11/10/2000,126.47,126.81,125.73,125.95,3881,33856
11/13/2000,125.95,127.31,125.77,127.13,5040,33020
11/14/2000,127.05,127.51,125.81,126.15,4292,33617
11/15/2000,126.27,126.55,125.49,125.85,3705,34113
11/16/2000,125.89,125.95,125.27,125.55,2603,34386
11/17/2000,125.55,125.91,125.21,125.49,2541,34357
11/20/2000,125.47,125.97,125.13,125.49,2628,34407
11/21/2000,125.45,126.11,124.61,124.93,6578,36018
11/22/2000,124.97,125.47,123.87,124.23,5329,36627
11/24/2000,123.31,123.95,122.77,123.17,7958,38268
11/27/2000,123.25,125.13,123.25,125.01,7041,37690
11/28/2000,124.91,125.41,124.59,124.99,3213,37298
11/29/2000,124.87,125.83,124.81,125.51,4353,37163
11/30/2000,125.53,125.91,124.51,125.65,6665,36929
12/01/2000,125.65,127.27,125.53,126.95,8496,35951
12/04/2000,127.07,128.77,126.97,128.43,8790,34830
12/05/2000,128.53,128.53,126.53,126.57,13547,40519
12/06/2000,126.63,127.41,126.31,127.35,6629,39504
12/07/2000,127.35,128.09,126.97,127.43,6809,39999
12/08/2000,127.71,128.43,127.47,127.67,12467,39678
12/11/2000,127.67,128.91,127.49,128.87,16450,40083
12/12/2000,128.61,128.93,127.63,128.11,10698,38716
12/13/2000,127.91,128.65,127.57,128.53,8263,36986
12/14/2000,128.59,130.37,128.51,130.23,15360,36279
12/15/2000,130.23,130.87,129.91,130.61,9222,36124
12/18/2000,130.47,131.11,129.57,130.41,6517,36584
12/19/2000,130.47,130.69,129.11,129.81,3214,23226
12/20/2000,129.87,130.87,129.43,130.83,3406,23095
12/21/2000,130.91,131.53,129.73,130.31,7384,23501
12/22/2000,130.09,131.45,130.09,130.77,2887,23317
12/26/2000,131.17,131.57,130.87,131.49,2114,23181
12/27/2000,131.57,132.79,131.37,132.49,4737,23970
12/28/2000,132.55,132.87,131.69,132.29,3533,24071
12/29/2000,132.37,132.71,131.77,132.35,3540,25361
01/02/2001,132.25,133.17,131.93,132.93,7879,27079
01/03/2001,133.13,133.97,131.97,132.15,9872,26976
01/04/2001,131.99,133.27,131.81,132.95,7721,28212
01/05/2001,132.95,133.67,132.31,133.17,7566,27917
01/08/2001,133.23,133.87,132.17,132.65,6267,28273
01/09/2001,132.63,132.63,131.59,131.97,5615,29253
01/10/2001,131.89,132.33,131.43,131.87,3569,29283
01/11/2001,131.67,132.99,131.49,132.37,7434,30335
01/12/2001,132.65,133.19,130.39,130.73,10750,30680
01/16/2001,130.69,130.91,129.51,129.91,6958,29854
01/17/2001,129.99,130.45,129.77,130.27,3736,29688
01/18/2001,130.29,130.67,129.77,130.17,2965,29135
01/19/2001,130.17,130.49,129.23,129.27,4034,29498
01/22/2001,129.27,129.55,127.99,129.35,8663,30062
01/23/2001,129.51,130.27,129.29,129.83,4156,28835
01/24/2001,129.79,129.89,128.47,128.75,5905,28615
01/25/2001,128.49,129.17,127.53,128.87,5470,28805
01/26/2001,129.05,129.73,128.37,128.81,3774,27881
01/29/2001,128.85,129.27,128.47,128.75,2670,27355
01/30/2001,128.73,129.23,128.43,129.11,2713,27837
01/31/2001,129.11,129.31,128.53,129.11,4134,27856
02/01/2001,129.25,131.15,129.21,130.73,10078,29254
02/02/2001,130.73,131.17,129.31,129.43,9133,28867
02/05/2001,129.75,130.67,129.73,130.39,5007,28778
02/06/2001,130.37,130.37,128.57,128.71,8961,28738
02/07/2001,128.77,129.31,128.27,128.39,5145,27869
02/08/2001,128.41,128.41,127.01,127.27,10957,29444
02/09/2001,127.27,127.85,126.61,127.51,5725,30058
02/12/2001,127.39,128.37,127.39,128.03,3339,30118
02/13/2001,128.07,128.65,127.67,128.09,5209,30561
02/14/2001,128.03,128.99,128.03,128.57,5116,29968
02/15/2001,128.39,128.93,127.39,127.73,6306,30894
02/16/2001,127.77,128.61,127.75,127.83,4079,30571
02/20/2001,127.67,128.31,126.03,127.49,12492,32335
02/21/2001,127.57,127.65,126.65,127.13,5797,32564
02/22/2001,127.11,128.07,126.83,127.39,5533,31769
02/23/2001,127.39,128.49,127.07,128.27,5938,31548
02/26/2001,128.17,128.55,126.89,127.29,6767,31746
02/27/2001,127.41,127.67,126.77,127.19,4192,31691
02/28/2001,127.19,127.95,126.81,127.43,8456,33758
03/01/2001,127.31,128.63,127.31,128.57,19722,36610
03/02/2001,128.39,130.49,128.17,129.89,12945,36728
03/05/2001,129.85,130.11,129.49,129.63,5901,37530
03/06/2001,129.59,129.79,129.27,129.59,3199,37437
03/07/2001,129.63,130.09,128.67,128.95,7311,35227
03/08/2001,128.97,129.93,128.97,129.79,5672,34937
03/09/2001,129.83,130.35,129.03,129.63,14093,33714
03/12/2001,129.31,129.83,129.09,129.23,14866,38143
03/13/2001,129.21,129.55,127.59,127.81,16351,41230
03/14/2001,127.81,128.71,127.27,127.45,15385,38510
03/15/2001,127.51,127.85,126.37,126.81,10114,40540
03/16/2001,126.85,126.85,125.37,125.69,11920,41805
03/19/2001,126.01,126.27,124.97,125.19,8776,40276
03/20/2001,125.27,126.23,125.21,126.15,9602,29527
03/21/2001,126.37,126.79,125.37,125.95,3796,30175
03/22/2001,125.93,126.01,124.67,124.91,5841,31213
03/23/2001,124.95,126.01,124.87,125.55,5574,32289
03/26/2001,125.55,126.47,125.51,126.39,4729,34433
03/27/2001,126.39,126.75,125.65,126.13,3750,34343
03/28/2001,126.13,126.77,125.67,126.59,5377,35066
03/29/2001,126.57,127.23,125.51,125.61,6756,35322
03/30/2001,125.63,125.83,124.57,124.65,8049,37599
04/02/2001,124.57,125.31,124.19,124.59,5175,38137
04/03/2001,124.75,126.33,124.75,126.21,7203,37712
04/04/2001,126.27,126.61,125.93,126.33,3436,37189
04/05/2001,126.17,126.87,125.35,125.73,6326,37915
04/06/2001,125.71,127.07,125.57,126.65,7489,38052
04/09/2001,126.99,127.93,126.67,127.55,6733,36056
04/10/2001,127.37,127.51,126.03,126.33,12156,32735
04/11/2001,126.25,126.77,125.61,126.59,5347,32377
04/12/2001,126.57,127.13,126.19,126.85,3083,32269
04/16/2001,126.67,126.77,126.15,126.41,2109,32325
04/17/2001,126.67,127.21,125.63,125.93,7109,33572
04/18/2001,126.11,126.29,124.79,125.63,11355,35919
04/19/2001,125.63,127.63,125.49,127.29,13432,34388
04/20/2001,127.45,127.75,126.57,127.09,5729,33525
04/23/2001,127.15,127.61,126.47,126.83,4277,33376
04/24/2001,126.67,127.27,126.29,126.47,3457,33311
04/25/2001,126.29,127.07,126.07,126.89,4115,33460
04/26/2001,127.03,127.27,126.47,127.01,4462,32831
04/27/2001,127.07,127.27,126.15,126.23,7089,34262
04/30/2001,126.29,126.57,125.73,125.97,4744,34846
05/01/2001,126.19,126.57,125.57,126.33,4663,34963
05/02/2001,126.47,126.67,125.83,126.19,3271,34809
05/03/2001,126.25,126.75,125.91,126.47,4950,35766
05/04/2001,126.43,127.53,126.19,126.77,11337,34283
05/07/2001,126.61,127.07,126.41,126.75,2619,33709
05/08/2001,126.75,126.79,125.41,125.51,17277,39216
05/09/2001,125.57,125.77,124.67,125.07,7438,40152
05/10/2001,125.09,125.77,124.71,125.25,5874,40287
05/11/2001,125.15,125.29,124.27,124.93,5707,40177
05/14/2001,125.23,125.23,124.51,124.89,4843,41149
05/15/2001,124.79,125.47,124.61,125.33,4984,41505
05/16/2001,125.33,126.15,125.03,126.01,9300,40133
05/17/2001,126.05,126.25,125.63,126.05,4954,39856
05/18/2001,126.25,126.97,125.59,126.91,12212,37561
05/21/2001,126.87,127.11,126.47,126.87,8047,36460
05/22/2001,127.03,127.03,125.29,125.67,13629,40620
05/23/2001,125.71,125.87,124.65,124.81,8588,41773
05/24/2001,124.95,124.97,123.73,123.85,9680,45386
05/25/2001,123.79,125.39,123.73,125.19,11813,44366
05/29/2001,125.19,125.37,124.51,125.25,4725,44794
05/30/2001,125.13,125.77,124.99,125.71,4196,44497
05/31/2001,125.67,125.69,124.57,124.65,6155,44922
06/01/2001,124.81,125.29,124.17,124.81,7688,45288
06/04/2001,125.05,125.15,124.13,124.47,4661,44727
06/05/2001,124.47,124.47,123.65,124.11,9393,47003
06/06/2001,124.39,124.53,121.91,122.13,18533,51122
06/07/2001,122.19,122.37,120.95,122.05,16473,51612
06/08/2001,122.01,122.41,120.81,121.17,22266,52811
06/11/2001,121.11,121.85,120.17,120.49,33045,61365
06/12/2001,120.37,121.01,119.87,120.35,18763,61357
06/13/2001,120.49,122.29,120.21,122.09,22976,65331
06/14/2001,122.19,123.31,121.81,123.23,16016,64057
06/15/2001,123.15,124.07,122.93,123.49,8819,62576
06/18/2001,123.41,123.81,123.09,123.47,5835,60336
06/19/2001,123.57,123.59,122.43,123.03,5118,39946
06/20/2001,123.17,123.25,122.07,122.93,5718,40255
06/21/2001,122.61,124.83,122.55,124.71,16756,36261
06/22/2001,124.51,124.99,123.89,124.19,4671,35600
06/25/2001,124.21,124.79,124.17,124.43,4188,35288
06/26/2001,124.35,124.81,124.07,124.57,3979,34659
06/27/2001,124.63,125.31,124.27,124.69,8779,34483
06/28/2001,124.75,125.07,123.65,123.95,8293,35348
06/29/2001,123.91,124.65,123.41,124.45,6933,34132
07/02/2001,124.59,124.99,124.13,124.73,4687,33822
07/03/2001,124.79,124.81,123.59,123.73,8067,35912
07/05/2001,123.81,124.01,122.99,123.17,8742,36046
07/06/2001,123.41,124.53,122.81,124.37,11324,34106
07/09/2001,124.27,124.41,123.67,123.99,4782,33880
07/10/2001,124.09,124.51,123.93,124.25,5159,34163
07/11/2001,124.27,125.09,123.83,123.97,12793,33138
07/12/2001,123.95,124.11,123.51,123.93,4274,32955
07/13/2001,123.97,123.97,122.89,123.37,10962,32973
07/16/2001,123.43,123.53,122.97,123.29,4294,33219
07/17/2001,123.45,123.85,122.51,123.13,10503,33246
07/18/2001,123.37,125.33,123.17,124.93,13965,33674
07/19/2001,125.31,126.45,124.57,126.01,20177,34809
07/20/2001,126.07,126.77,125.81,126.31,12512,33864
07/23/2001,125.81,125.85,124.93,125.11,6608,32845
07/24/2001,125.27,125.81,124.77,125.57,5481,31979
07/25/2001,125.39,126.17,125.11,125.97,3936,31448
07/26/2001,126.01,126.35,125.67,126.07,4634,30987
07/27/2001,125.99,126.25,125.43,125.63,5086,31762
07/30/2001,125.57,126.01,125.31,125.93,2906,32021
07/31/2001,125.89,126.27,125.57,125.79,2906,32021
08/01/2001,125.81,126.75,125.79,126.69,5903,32942
08/02/2001,126.71,126.81,126.05,126.45,6426,32750
08/03/2001,126.49,126.49,125.77,126.19,6687,33125
08/06/2001,126.07,126.07,124.99,125.31,12328,34515
08/07/2001,125.15,125.27,124.55,125.03,8549,33927
08/08/2001,124.95,125.19,124.59,124.95,5728,34203
08/09/2001,125.15,126.23,124.67,125.93,14098,35474
08/10/2001,125.93,126.17,125.65,125.73,5070,34696
08/13/2001,125.73,126.05,125.37,125.53,4109,34352
08/14/2001,125.43,126.35,125.03,126.25,11489,36855
08/15/2001,126.27,127.49,126.13,127.39,13662,39387
08/16/2001,127.41,128.51,127.37,128.05,20403,42235
08/17/2001,127.95,128.25,127.27,128.01,7578,42788
08/20/2001,127.99,128.09,127.63,127.79,4901,43798
08/21/2001,127.81,128.83,127.75,128.33,8525,45476
08/22/2001,128.79,129.25,128.15,128.27,6024,45582
08/23/2001,128.27,128.39,127.79,128.15,3645,46066
08/24/2001,127.95,128.23,127.49,127.75,5553,46820
08/27/2001,127.83,127.99,127.55,127.89,2707,46656
08/28/2001,127.79,128.69,127.17,128.51,10446,50269
08/29/2001,128.71,129.15,128.31,128.65,6002,50491
08/30/2001,128.49,129.53,128.21,129.29,6162,49855
08/31/2001,129.19,129.61,128.35,128.89,7547,49246
09/04/2001,128.73,129.09,127.55,127.67,11518,48467
09/05/2001,127.95,129.37,127.47,129.25,12549,50682
09/06/2001,129.15,129.25,128.09,129.05,12208,49827
09/07/2001,129.09,129.93,128.51,129.59,17811,54554
09/10/2001,129.59,130.21,129.19,129.31,31390,63015
09/11/2001,129.19,140.03,126.03,127.03,9199,63187
09/13/2001,130.23,130.81,130.03,130.49,25176,65151
09/14/2001,130.47,131.37,130.07,130.57,28067,69661
09/17/2001,130.81,131.21,129.69,130.07,11727,65845
09/18/2001,130.09,131.03,129.37,130.29,4380,39768
09/19/2001,130.25,130.67,129.57,130.31,4696,39817
09/20/2001,130.19,130.27,129.69,129.93,3804,39467
09/21/2001,129.99,129.99,128.53,128.97,8837,39074
09/24/2001,129.07,130.07,128.77,129.69,7317,38999
09/25/2001,129.65,130.53,129.43,130.43,5919,40103
09/26/2001,130.41,131.13,130.41,130.91,4046,40030
09/27/2001,130.85,131.09,130.57,130.83,3539,39950
09/28/2001,130.83,130.91,129.93,130.71,9162,41198
10/01/2001,130.71,131.61,130.47,131.25,8880,42888
10/02/2001,131.35,131.55,129.61,130.37,13578,40185
10/03/2001,130.33,131.35,130.09,130.93,8980,39363
10/04/2001,131.15,131.35,130.47,131.11,3810,39779
10/05/2001,131.05,131.63,130.93,131.51,4813,41139
10/08/2001,131.65,131.75,130.65,130.65,2646,37883
10/09/2001,131.01,131.01,128.97,129.37,12741,40137
10/10/2001,129.35,129.47,128.31,128.59,10802,38524
10/11/2001,128.63,128.73,127.47,127.93,7564,38283
10/12/2001,127.95,128.93,127.95,128.59,4426,37987
10/15/2001,128.69,128.93,128.15,128.37,2967,38024
10/16/2001,128.37,128.47,127.79,128.33,5828,37905
10/17/2001,128.57,128.81,127.93,128.27,5576,36753
10/18/2001,128.27,128.57,127.73,128.13,6172,37042
10/19/2001,128.03,128.03,126.87,127.07,10261,36025
10/22/2001,126.87,127.09,125.65,126.05,15222,37985
10/23/2001,126.13,126.23,125.55,126.09,7802,39343
10/24/2001,126.17,126.65,125.63,126.43,6044,38468
10/25/2001,126.61,126.97,125.97,126.51,6184,38889
10/26/2001,126.33,127.43,126.15,127.37,6062,38889
10/29/2001,127.33,129.09,127.33,128.89,12759,38765
10/30/2001,129.17,129.69,128.73,128.95,6585,38163
10/31/2001,128.85,129.39,128.77,129.19,4240,37141
11/01/2001,129.17,130.57,128.93,129.93,13119,37079
11/02/2001,130.01,130.45,129.61,129.89,5264,37168
11/05/2001,129.89,129.89,128.81,129.69,4732,36862
11/06/2001,129.75,130.23,129.31,129.75,3492,37327
11/07/2001,129.47,130.45,129.39,129.95,4606,37235
11/08/2001,130.07,130.33,129.01,129.17,8312,37431
11/09/2001,129.15,129.73,128.55,129.49,6334,37014
11/13/2001,129.29,129.29,127.77,128.11,13664,38885
11/14/2001,127.95,128.31,127.29,127.95,9081,38761
11/15/2001,127.99,128.03,126.83,127.03,9128,39721
11/16/2001,127.01,127.47,126.47,126.65,6210,40150
11/19/2001,126.57,126.63,124.63,125.19,20209,44503
11/20/2001,125.15,126.09,125.13,125.81,7288,43540
11/21/2001,125.89,125.97,125.07,125.39,5882,44424
11/23/2001,125.53,125.65,124.31,124.95,9288,43341
11/26/2001,124.93,125.91,124.89,125.05,6314,43291
11/27/2001,125.05,125.55,124.45,125.35,4989,43792
11/28/2001,125.43,126.55,125.27,126.41,8150,44276
11/29/2001,126.49,126.75,126.01,126.61,6237,45386
11/30/2001,126.57,126.91,126.11,126.31,8053,42403
12/03/2001,126.27,126.59,125.77,126.45,5946,42830
12/04/2001,126.27,126.49,125.89,126.07,5396,42861
12/05/2001,126.23,126.41,125.33,125.49,9708,44273
12/06/2001,125.61,126.93,125.45,126.79,15930,45411
12/07/2001,126.79,127.37,126.37,127.29,13449,41474
12/10/2001,127.15,127.53,126.71,127.29,20015,45014
12/11/2001,127.51,127.95,127.09,127.69,14754,44312
12/12/2001,127.85,128.77,127.73,128.65,17398,42221
12/13/2001,128.63,128.95,127.95,128.19,10112,42244
12/14/2001,128.13,129.71,127.99,129.43,11988,43587
12/17/2001,129.35,130.25,129.17,129.95,11235,45432
12/18/2001,129.93,130.15,129.37,129.67,5154,23677
12/19/2001,129.69,129.73,128.67,129.03,4923,23076
12/20/2001,129.11,129.11,128.31,128.87,5183,23598
12/21/2001,129.09,129.41,127.49,127.83,10487,22919
12/24/2001,128.05,128.45,127.39,128.35,6039,21172
12/26/2001,128.35,129.61,128.09,129.49,7663,23148
12/27/2001,129.35,129.65,128.53,129.19,5276,23591
12/28/2001,129.23,129.23,128.51,129.13,3478,22515
12/31/2001,129.15,129.73,128.93,129.61,3246,23019
01/02/2002,129.61,129.61,128.35,128.61,10473,24723
01/03/2002,128.85,128.99,127.75,127.89,8997,24906
01/04/2002,127.99,128.85,127.93,128.79,7073,23541
01/07/2002,128.81,128.95,127.55,128.05,9696,25272
01/08/2002,128.25,128.55,127.93,128.07,7255,24447
01/09/2002,128.07,128.59,127.51,127.87,4991,23606
01/10/2002,127.97,128.85,127.97,128.33,11600,24452
01/11/2002,128.15,129.15,127.95,128.91,6278,24214
01/14/2002,128.93,129.41,128.87,129.15,5211,25165
01/15/2002,129.09,129.17,127.85,128.19,10256,25096
01/16/2002,128.25,128.39,127.63,127.87,6049,24490
01/17/2002,127.97,128.23,127.25,127.87,8207,23520
01/18/2002,127.77,128.17,127.41,128.09,8418,23961
01/22/2002,127.95,128.45,126.93,127.21,12599,25242
01/23/2002,127.19,127.75,126.45,126.67,12040,24684
01/24/2002,126.75,127.03,126.33,126.55,5709,23799
01/25/2002,126.89,126.91,124.95,125.19,17082,30824
01/28/2002,125.19,125.51,124.79,125.13,8957,31652
01/29/2002,125.29,125.85,124.81,125.65,8764,33552
01/30/2002,125.75,126.17,125.35,125.75,6248,34066
01/31/2002,125.83,125.93,125.27,125.41,6110,34241
02/01/2002,125.41,126.15,124.99,126.03,4859,34067
02/04/2002,125.90,126.81,125.81,126.61,10271,31837
02/05/2002,126.65,126.89,125.65,125.91,9408,33289
02/06/2002,125.95,126.05,125.47,125.73,4750,32577
02/07/2002,125.85,125.95,125.11,125.83,8246,32707
02/08/2002,125.83,126.35,125.55,125.97,6514,32057
02/11/2002,125.91,126.99,125.77,126.67,15055,33553
02/12/2002,126.63,128.01,126.63,127.87,16122,31419
02/13/2002,127.77,128.05,127.25,127.39,7410,29503
02/14/2002,127.19,127.65,127.07,127.59,4429,29108
02/15/2002,127.57,127.93,127.21,127.69,5731,28798
02/19/2002,127.69,127.91,126.81,127.73,8617,26728
02/20/2002,127.65,127.77,127.15,127.35,3561,26416
02/21/2002,127.21,127.43,126.89,127.03,4669,26462
02/22/2002,127.19,128.01,127.03,127.83,12117,30383
02/25/2002,127.83,127.83,126.95,127.07,12027,30749
02/26/2002,127.11,127.37,125.93,126.21,15442,33026
02/27/2002,126.25,126.71,126.05,126.55,8058,36023
02/28/2002,126.53,126.67,125.71,126.33,10872,30729
03/01/2002,126.33,126.99,126.19,126.49,9072,29754
03/04/2002,126.55,127.15,126.23,126.89,8653,28834
03/05/2002,126.95,127.15,126.37,127.01,4731,27814
03/06/2002,127.07,127.25,126.71,126.87,6493,27572
03/07/2002,126.95,127.79,126.51,127.49,20040,28813
03/08/2002,127.39,127.45,126.57,126.71,18234,32961
03/11/2002,126.77,126.99,126.51,126.67,17774,34394
03/12/2002,126.65,126.71,125.55,126.25,33674,39898
03/13/2002,126.19,126.47,125.59,126.27,14574,38115
03/14/2002,126.19,126.99,126.19,126.79,12342,36269
03/15/2002,126.73,127.45,126.71,127.05,16079,33454
03/18/2002,127.07,127.45,126.79,127.37,7294,32513
03/19/2002,127.37,127.71,126.75,127.17,9399,27150
03/20/2002,127.01,127.67,126.67,127.53,9506,26670
03/21/2002,127.61,128.01,127.11,127.27,10719,26550
03/22/2002,127.41,127.57,127.05,127.27,4203,25872
03/25/2002,127.25,127.57,127.05,127.33,3377,25465
03/26/2002,127.43,127.65,127.03,127.43,12122,29410
03/27/2002,127.43,127.53,126.93,127.27,8481,25181
03/28/2002,127.27,127.45,127.03,127.35,1878,25766
04/01/2002,127.35,129.15,127.29,128.93,30973,38590
04/02/2002,128.93,128.95,128.33,128.47,13471,38169
04/03/2002,128.43,128.67,128.17,128.41,5979,36919
04/04/2002,128.41,128.85,128.15,128.23,8273,37093
04/05/2002,128.33,128.67,128.05,128.15,5201,36261
04/08/2002,128.03,128.43,127.71,127.93,7753,34221
04/09/2002,127.87,128.57,127.87,128.47,5748,34199
04/10/2002,128.53,128.79,128.41,128.53,3717,34667
04/11/2002,128.59,128.99,128.27,128.79,7932,36117
04/12/2002,128.69,128.77,128.41,128.59,5029,37589
04/15/2002,128.55,128.83,128.35,128.75,2976,37829
04/16/2002,128.65,129.05,128.51,128.83,5980,37817
04/17/2002,128.99,129.57,128.83,129.37,8699,39976
04/18/2002,129.53,129.85,129.37,129.81,9202,42815
04/19/2002,129.75,129.93,129.53,129.81,4715,43503
04/22/2002,129.75,130.07,129.57,129.95,6568,43442
04/23/2002,130.01,130.11,129.61,129.69,3579,42976
04/24/2002,129.67,130.09,129.55,129.81,5023,44135
04/25/2002,129.95,130.61,129.93,130.49,8758,46573
04/26/2002,130.51,130.85,130.07,130.75,6716,45632
04/29/2002,130.75,131.37,130.65,130.93,6704,44741
04/30/2002,130.89,130.95,130.61,130.79,5205,45691
05/01/2002,130.67,131.61,130.55,131.37,8607,48118
05/02/2002,131.35,131.85,131.19,131.39,6759,47240
05/03/2002,131.41,132.15,131.13,131.83,7239,47277
05/06/2002,131.93,132.03,131.69,131.91,3833,48108
05/07/2002,131.95,132.01,131.41,131.87,5720,50156
05/08/2002,131.81,131.81,130.41,130.67,16071,47326
05/09/2002,130.73,131.31,130.65,131.03,4809,46328
05/10/2002,131.07,131.69,130.97,131.39,5013,46637
05/13/2002,131.35,131.65,130.71,130.87,4290,46705
05/14/2002,130.89,130.91,129.71,130.07,11974,44927
05/15/2002,130.17,131.25,129.93,131.17,12440,45910
05/16/2002,131.19,131.39,130.63,130.87,5070,45012
05/17/2002,130.79,131.49,130.69,131.13,6512,45142
05/20/2002,131.15,131.53,130.89,131.17,3305,44883
05/21/2002,131.15,131.37,130.55,131.19,3305,44883
05/22/2002,131.21,131.55,130.91,131.11,3969,44805
05/23/2002,131.15,131.47,130.33,130.69,11177,45462
05/24/2002,130.73,131.23,130.39,131.01,8992,44123
05/28/2002,130.97,131.69,130.67,131.23,10232,46069
05/29/2002,131.27,131.59,131.03,131.53,7042,45747
05/30/2002,131.57,132.23,131.51,131.85,8581,46415
05/31/2002,131.85,132.11,130.67,130.93,12776,44493
06/03/2002,131.01,131.71,130.83,131.57,7786,45138
06/04/2002,131.69,131.97,131.21,131.33,6234,43285
06/05/2002,131.17,131.45,130.65,131.27,12386,43301
06/06/2002,131.33,131.47,130.83,131.35,11695,44152
06/07/2002,131.47,131.73,131.21,131.35,8918,44765
06/10/2002,131.33,131.73,130.93,131.37,24249,49099
06/11/2002,131.47,132.67,131.39,132.59,39746,55572
06/12/2002,132.71,132.95,132.17,132.47,16325,54161
06/13/2002,132.47,132.85,132.27,132.55,18984,57432
06/14/2002,132.65,133.47,132.45,133.11,13629,57609
06/17/2002,133.09,133.43,132.93,133.37,6340,55820
06/18/2002,133.35,134.81,133.29,134.59,8902,44886
06/19/2002,134.59,134.95,134.19,134.55,7689,45471
06/20/2002,134.67,135.65,134.37,135.35,6164,44853
06/21/2002,135.35,135.67,135.01,135.13,3808,44200
06/24/2002,135.23,136.39,135.23,135.57,9794,42954
06/25/2002,135.47,136.35,135.31,136.05,7103,43586
06/26/2002,136.35,138.73,136.35,138.39,12787,40364
06/27/2002,138.25,138.59,137.29,138.29,8215,39476
06/28/2002,138.41,139.33,137.59,138.71,9003,39066
07/01/2002,138.79,139.05,138.41,138.61,4994,39694
07/02/2002,138.93,139.21,137.91,138.87,6200,40504
07/03/2002,139.19,139.25,137.85,138.01,6967,41414
07/05/2002,138.29,138.35,137.13,137.83,4851,40157
07/08/2002,138.03,140.07,138.01,139.37,5796,41539
07/09/2002,140.05,140.61,139.65,140.53,6461,39998
07/10/2002,140.47,140.93,140.15,140.35,7506,40890
07/11/2002,140.51,141.49,139.87,141.43,5852,39750
07/12/2002,141.13,141.13,140.35,140.79,3622,39201
07/15/2002,140.89,143.07,140.87,142.81,10764,38438
07/16/2002,142.61,143.61,142.57,142.81,8014,37231
07/17/2002,143.31,143.49,141.95,142.93,6917,37390
07/18/2002,142.91,143.11,141.99,142.91,2949,36804
07/19/2002,143.13,144.35,143.01,143.59,4293,37443
07/22/2002,143.27,143.97,142.97,143.45,3950,37138
07/23/2002,143.69,143.69,141.29,141.51,7815,35862
07/24/2002,142.07,143.57,141.73,143.37,7316,36069
07/25/2002,143.05,145.27,142.89,144.01,4743,36294
07/26/2002,144.21,144.25,141.97,142.37,6783,35508
07/29/2002,142.27,142.69,141.47,142.01,4743,35759
07/30/2002,142.25,143.31,141.93,143.11,4154,35941
07/31/2002,143.09,143.17,141.27,142.09,8616,36007
08/01/2002,142.21,142.35,140.59,141.83,9587,34703
08/02/2002,141.85,143.27,141.77,142.79,8599,34916
08/05/2002,142.79,143.01,141.93,142.01,3484,34674
08/06/2002,141.97,141.97,139.31,139.53,11976,33265
08/07/2002,139.73,140.17,139.05,139.69,6593,33004
08/08/2002,139.83,140.11,138.45,138.91,6286,31730
08/09/2002,139.05,139.71,138.03,138.33,7213,30606
08/12/2002,138.47,139.29,138.37,139.09,5081,29476
08/13/2002,139.01,139.71,138.47,139.43,4248,28961
08/14/2002,139.69,140.69,139.65,139.83,6160,29315
08/15/2002,139.59,140.09,139.03,139.73,5000,29588
08/16/2002,139.61,139.97,139.27,139.69,2449,29626
08/19/2002,139.91,140.47,138.49,138.65,7681,30119
08/20/2002,138.75,139.07,138.19,138.91,4677,30012
08/21/2002,138.89,139.43,138.13,139.21,7124,29615
08/22/2002,139.21,139.21,137.85,138.21,5666,29364
08/23/2002,138.11,138.43,137.69,137.95,4226,28959
08/26/2002,138.05,138.51,137.95,138.25,3077,28921
08/27/2002,138.21,139.67,138.05,139.59,11213,32571
08/28/2002,139.47,139.87,139.21,139.67,3612,32482
08/29/2002,139.49,141.19,139.37,140.95,9349,33808
08/30/2002,141.07,141.59,140.67,140.95,4989,33316
09/03/2002,140.87,142.65,140.79,142.43,7723,33512
09/04/2002,142.71,142.89,142.21,142.59,5717,34460
09/05/2002,142.55,143.51,142.43,142.95,9082,35689
09/06/2002,142.65,143.27,141.85,141.97,12178,37684
09/09/2002,141.97,142.35,141.73,141.77,21608,39779
09/10/2002,141.91,142.35,141.37,141.75,13799,39093
09/11/2002,141.79,142.03,140.97,141.53,10788,36822
09/12/2002,141.67,142.41,141.43,142.29,14408,40299
09/13/2002,142.33,142.81,141.23,141.53,15232,40518
09/16/2002,141.43,141.51,140.33,140.63,9556,36770
09/17/2002,140.41,140.49,139.15,140.13,8376,22269
09/18/2002,140.41,141.63,139.91,141.23,7956,23239
09/19/2002,141.33,142.31,141.21,141.87,5991,23141
09/20/2002,142.15,142.27,140.89,141.73,4544,23574
09/23/2002,141.83,142.53,141.17,141.43,5235,23020
09/24/2002,141.37,142.47,141.21,142.27,4129,23398
09/25/2002,142.29,143.07,142.07,142.23,7801,24330
09/26/2002,142.23,142.59,141.87,142.19,4041,24559
09/27/2002,142.27,142.53,141.61,142.43,5419,24934
09/30/2002,142.55,143.89,142.49,143.37,11708,28768
10/01/2002,143.29,144.07,142.97,143.05,9375,28653
10/02/2002,143.11,143.43,142.55,143.09,4053,28728
10/03/2002,143.45,143.81,143.15,143.35,7726,30225
10/04/2002,143.41,143.59,142.87,143.09,5480,29900
10/07/2002,143.05,143.23,142.73,142.91,5112,30148
10/08/2002,143.09,143.41,141.71,141.83,14227,30743
10/09/2002,141.85,143.13,141.53,142.99,18113,32970
10/10/2002,143.03,143.37,142.65,142.99,4453,31628
10/11/2002,142.99,143.09,142.31,142.63,5706,30081
10/14/2002,142.79,142.85,142.21,142.29,4453,31628
10/15/2002,142.79,142.85,141.41,141.71,11853,28327
10/16/2002,141.77,142.13,141.55,141.97,4408,27627
10/17/2002,141.89,142.41,141.51,141.79,7837,27208
10/18/2002,141.59,141.77,140.91,141.19,7990,28058
10/21/2002,141.13,141.73,140.73,140.97,6406,27626
10/22/2002,141.01,141.59,140.77,141.39,5970,26456
10/23/2002,141.15,141.71,140.91,141.39,6397,26339
10/24/2002,141.39,142.15,141.15,141.83,7242,26510
10/25/2002,141.95,142.35,141.69,141.73,6449,26225
10/28/2002,141.61,142.91,141.19,142.59,18694,33831
10/29/2002,142.59,142.77,142.11,142.55,6704,32297
10/30/2002,142.31,142.57,142.19,142.49,3731,33220
10/31/2002,142.43,143.25,142.31,143.11,7990,34823
11/01/2002,143.25,143.47,142.81,143.09,6289,35161
11/04/2002,143.21,143.21,141.91,142.33,12244,35597
11/05/2002,142.45,143.47,142.33,142.97,14191,37029
11/06/2002,142.93,143.23,142.31,143.15,7634,36954
11/07/2002,143.13,144.87,143.01,144.81,18552,42970
11/08/2002,144.69,146.05,144.55,145.71,10609,46144
11/11/2002,145.65,146.39,145.31,145.49,8954,45999
11/12/2002,145.39,145.97,145.09,145.61,6342,45933
11/13/2002,145.69,145.77,145.15,145.27,4629,45407
11/14/2002,145.37,145.71,144.53,144.85,4842,45257
11/15/2002,144.73,145.01,144.11,144.79,4511,44825
11/18/2002,144.87,145.09,144.59,144.91,2679,44668
11/19/2002,144.93,145.97,144.53,144.81,8108,43939
11/20/2002,144.81,144.87,143.85,144.13,6140,42018
11/21/2002,144.05,145.03,143.97,144.75,5960,42199
11/22/2002,145.03,145.33,144.61,144.75,5238,42967
11/25/2002,144.73,144.73,143.11,143.25,11541,41994
11/26/2002,143.31,143.51,141.47,142.01,18178,38687
11/27/2002,142.15,142.31,141.01,141.43,14683,33072
11/29/2002,141.63,142.63,141.51,142.51,6531,33117
12/02/2002,142.57,142.89,141.43,142.77,10419,33703
12/03/2002,142.77,144.17,142.59,143.87,9797,33681
12/04/2002,144.05,144.59,143.75,143.81,9844,33798
12/05/2002,143.95,144.39,143.65,144.11,5228,33697
12/06/2002,144.03,144.95,143.85,144.53,12687,35482
12/09/2002,144.79,145.05,144.53,144.83,17982,39305
12/10/2002,145.03,145.39,143.89,144.25,17845,40447
12/11/2002,144.15,144.87,143.95,144.75,18432,38843
12/12/2002,144.77,145.35,144.35,145.27,13711,40257
12/13/2002,145.27,146.21,144.87,146.07,41957,44469
12/16/2002,146.01,146.51,145.77,146.31,12843,45173
12/17/2002,146.25,147.29,146.17,146.95,9775,32946
12/18/2002,147.05,147.43,146.69,147.19,5234,33908
12/19/2002,147.49,147.77,146.95,147.51,5888,34579
12/20/2002,147.51,147.71,147.21,147.49,2395,34329
12/23/2002,147.31,147.79,145.85,146.39,8492,34020
12/24/2002,146.61,146.95,146.27,146.79,4607,33278
12/26/2002,146.87,147.29,146.69,147.23,1051,33326
12/27/2002,147.29,147.69,147.11,147.61,3100,33485
12/30/2002,147.55,147.89,147.39,147.79,4686,33826
12/31/2002,147.49,148.63,147.35,148.33,6472,34823
01/02/2003,148.03,148.17,146.45,146.61,10765,35565
01/03/2003,146.71,148.41,146.37,148.07,11166,36627
01/06/2003,148.07,148.89,147.97,148.15,4815,36891
01/07/2003,148.21,148.21,147.51,147.75,4504,36924
01/08/2003,147.73,149.11,146.99,148.53,9052,36894
01/09/2003,148.61,148.99,147.61,147.97,7357,36393
01/10/2003,148.05,148.85,147.83,148.33,5942,36552
01/13/2003,148.33,148.33,147.27,147.43,5886,35399
01/14/2003,147.35,148.59,147.27,147.99,8486,37182
01/15/2003,147.87,148.13,147.01,147.81,9231,34536
01/16/2003,147.91,148.95,147.67,148.63,9240,37864
01/17/2003,148.51,149.45,148.33,149.17,5552,39918
01/21/2003,148.63,149.27,147.67,149.09,12149,37884
01/22/2003,149.27,149.59,148.41,149.29,7720,36668
01/23/2003,149.61,149.97,149.11,149.69,6337,37169
01/24/2003,149.71,151.11,149.63,150.95,7767,37234
01/27/2003,150.91,151.65,150.37,151.19,5068,37197
01/28/2003,151.11,151.73,150.65,151.47,5647,37111
01/29/2003,151.49,152.53,151.47,152.27,5788,36814
01/30/2003,152.33,153.13,151.57,152.89,7782,37508
01/31/2003,153.15,153.35,151.79,152.31,8072,36408
02/03/2003,152.29,152.33,151.23,151.75,7899,37085
02/04/2003,151.97,152.61,151.79,152.51,4416,37750
02/05/2003,152.55,153.01,151.51,152.05,6629,37316
02/06/2003,151.79,152.45,151.09,151.45,11054,38241
02/07/2003,151.47,151.47,150.05,150.93,9211,36677
02/10/2003,150.85,151.29,150.29,150.55,4862,36181
02/11/2003,150.27,150.47,149.15,149.57,9126,35251
02/12/2003,149.51,149.99,149.05,149.37,6891,35163
02/13/2003,149.43,150.25,149.33,149.89,7110,36207
02/14/2003,149.83,150.07,148.77,148.93,8757,34748
02/18/2003,149.01,149.01,146.83,146.99,17339,33382
02/19/2003,146.93,147.65,146.79,147.57,9753,30057
02/20/2003,147.47,148.07,146.95,147.25,7152,29667
02/21/2003,147.25,147.67,145.31,145.83,15264,29000
02/24/2003,145.63,146.71,145.33,146.39,9490,27668
02/25/2003,146.63,146.83,144.91,145.33,9354,28528
02/26/2003,145.25,146.39,145.11,145.87,6210,29206
02/27/2003,146.15,146.69,145.51,145.99,6290,28228
02/28/2003,145.79,146.33,145.23,145.37,5015,27893
03/03/2003,145.17,146.09,145.11,145.83,8939,29044
03/04/2003,145.83,146.53,145.81,146.09,6149,29889
03/05/2003,146.19,148.45,146.19,148.25,6149,29889
03/06/2003,148.25,148.65,147.87,148.27,9479,33288
03/07/2003,148.21,148.95,147.63,148.13,17256,33364
03/10/2003,148.37,148.37,147.33,148.03,18546,35707
03/11/2003,148.17,148.83,147.81,148.61,12996,34292
03/12/2003,148.71,149.61,148.53,149.23,11520,35247
03/13/2003,149.25,149.27,148.05,148.21,12654,34937
03/14/2003,148.19,148.31,145.99,146.51,18955,35080
03/17/2003,146.91,147.19,144.71,145.21,16128,33984
03/18/2003,145.03,145.13,144.13,144.85,9787,21258
03/19/2003,144.83,144.91,143.51,144.35,8271,20585
03/20/2003,144.67,145.15,144.29,144.75,4303,20707
03/21/2003,144.79,145.13,144.11,144.51,4155,21534
03/24/2003,144.75,145.99,144.69,145.59,4155,21534
03/25/2003,145.69,146.17,145.03,145.39,5467,20470
03/26/2003,145.71,145.87,145.25,145.63,2508,20432
03/27/2003,145.77,146.09,144.47,144.65,9404,24202
03/28/2003,144.77,146.13,144.39,145.87,11527,21028
03/31/2003,145.65,146.63,145.59,146.27,6855,21590
04/01/2003,146.73,146.73,145.43,146.05,6890,21711
04/02/2003,146.23,146.45,144.71,144.83,7951,24036
04/03/2003,145.03,145.73,144.25,145.33,6252,23721
04/04/2003,145.57,145.57,144.21,144.43,5233,24637
04/07/2003,144.23,144.23,142.93,143.51,9059,26219
04/08/2003,143.83,143.99,143.27,143.71,5182,25980
04/09/2003,143.87,144.83,143.39,144.65,7792,24373
04/10/2003,144.75,145.83,144.63,145.61,8509,23622
04/11/2003,145.55,145.75,145.01,145.51,6541,23671
04/14/2003,145.39,146.07,145.25,145.75,3576,22983
04/15/2003,145.67,145.87,145.15,145.53,5139,23221
04/16/2003,145.49,146.57,145.37,146.49,10434,25926
04/17/2003,146.59,146.93,145.49,145.67,10036,25959
04/21/2003,145.73,145.97,144.29,144.67,10957,28814
04/22/2003,144.67,146.55,144.51,146.17,11421,25201
04/23/2003,146.23,147.35,145.67,147.13,10091,26095
04/24/2003,147.15,148.33,146.89,147.89,8033,26619
04/25/2003,147.93,148.03,147.23,147.41,4581,26665
04/28/2003,147.59,148.37,147.35,147.47,4876,27239
04/29/2003,147.43,148.05,147.13,148.03,5362,27870
04/30/2003,148.03,148.91,147.71,148.47,10222,26187
05/01/2003,148.51,149.97,148.35,149.55,11523,30295
05/02/2003,149.65,149.79,148.67,149.05,6420,29857
05/05/2003,149.05,149.35,148.85,149.29,2378,30233
05/06/2003,149.19,150.49,149.13,150.25,10130,31088
05/07/2003,150.15,150.23,147.67,148.37,13049,31419
05/08/2003,148.29,149.45,147.91,148.67,7470,32215
05/09/2003,148.83,149.57,148.73,149.07,6055,32637
05/12/2003,149.25,150.17,149.07,149.63,5957,32635
05/13/2003,149.73,149.87,149.13,149.59,3120,32959
05/14/2003,149.55,150.87,149.33,150.45,8990,35137
05/15/2003,150.49,151.53,149.99,150.85,8430,36641
05/16/2003,150.91,151.71,150.59,151.17,5620,37003
05/19/2003,151.37,152.55,151.25,151.99,6969,37385
05/20/2003,152.11,153.11,151.83,152.85,7397,37761
05/21/2003,152.87,153.47,152.31,152.33,7426,39242
05/22/2003,152.29,152.79,151.93,152.45,5280,39692
05/23/2003,152.23,153.33,151.93,152.51,4848,40332
05/27/2003,152.13,153.55,152.13,152.79,8962,39958
05/28/2003,152.73,153.19,151.91,152.49,10951,41425
05/29/2003,152.71,154.37,152.07,154.07,14203,45395
05/30/2003,154.23,154.33,152.21,152.79,9496,46275
06/02/2003,151.59,152.89,151.31,152.77,9976,48816
06/03/2003,152.57,153.15,151.23,151.75,10481,48222
06/04/2003,151.81,152.39,151.67,152.25,13190,49368
06/05/2003,152.03,155.17,151.79,155.01,24980,53426
06/06/2003,154.99,156.07,154.41,155.17,23832,52241
06/09/2003,154.77,155.47,153.19,153.53,32602,55921
06/10/2003,153.53,154.69,153.19,154.09,27957,59050
06/11/2003,154.09,155.97,153.95,155.71,14911,59067
06/12/2003,155.51,156.83,155.51,155.83,18253,57859
06/13/2003,155.71,156.41,155.29,156.19,12635,58797
06/16/2003,156.41,157.83,156.09,156.79,12176,59106
06/17/2003,156.67,158.03,156.63,157.45,9020,46234
06/18/2003,157.35,157.59,156.53,156.93,6156,45790
06/19/2003,156.95,157.09,155.89,156.81,8789,46130
06/20/2003,156.85,157.23,154.83,155.15,10698,44637
06/23/2003,155.05,156.03,154.61,155.89,7644,46110
06/24/2003,155.79,156.11,154.97,155.47,6442,45976
06/25/2003,155.63,157.09,155.11,156.09,9740,46847
06/26/2003,156.31,156.51,155.07,155.33,8420,46831
06/27/2003,155.39,155.45,153.69,153.85,11902,46550
06/30/2003,154.05,154.91,153.73,154.71,8821,47115
07/01/2003,154.87,155.73,154.35,155.53,10660,47221
07/02/2003,155.45,155.95,155.27,155.67,4359,47871
07/03/2003,155.87,156.69,155.29,156.29,9353,47853
07/07/2003,156.05,156.05,153.97,154.19,13019,47301
07/08/2003,154.07,154.25,152.43,152.67,12453,45011
07/09/2003,152.75,152.91,152.03,152.75,8171,44429
07/10/2003,153.03,153.11,151.55,152.93,9411,43664
07/11/2003,152.85,153.19,152.35,152.43,6037,43351
07/14/2003,152.41,152.41,150.63,151.01,10844,42938
07/15/2003,150.93,150.93,148.43,148.55,18467,39893
07/16/2003,148.61,149.11,147.95,148.95,13696,37315
07/17/2003,149.13,149.39,147.89,148.89,8628,36717
07/18/2003,149.11,149.31,147.71,148.45,6539,36209
07/21/2003,148.03,149.73,147.27,149.51,13073,36210
07/22/2003,149.45,150.01,148.97,149.31,6359,36574
07/23/2003,149.19,150.53,148.79,150.29,8645,36979
07/24/2003,150.25,151.27,150.11,150.95,8744,37461
07/25/2003,151.11,151.89,150.67,151.53,9384,37847
07/28/2003,151.41,152.45,151.27,152.11,6009,37649
07/29/2003,152.03,152.63,151.67,152.03,13305,44811
07/30/2003,151.93,152.11,151.01,151.33,7375,44966
07/31/2003,151.07,151.27,150.05,150.49,10340,45166
08/01/2003,150.61,151.03,149.63,150.39,8235,44888
08/04/2003,150.61,151.13,150.21,150.57,6684,45123
08/05/2003,150.77,151.27,149.81,150.55,5987,45719
08/06/2003,151.13,151.49,149.99,150.47,10511,46258
08/07/2003,150.55,151.57,150.21,151.47,15211,45398
08/08/2003,151.53,151.53,149.77,149.95,11068,45064
08/11/2003,149.95,150.71,149.51,150.45,8584,44834
08/12/2003,150.43,150.63,149.63,150.05,4830,44939
08/13/2003,149.93,150.69,149.29,150.37,6795,45292
08/14/2003,150.45,151.11,149.51,149.77,10179,46948
08/15/2003,150.03,150.03,148.99,149.29,4358,46310
08/18/2003,149.49,149.59,148.45,148.61,4358,46310
08/19/2003,148.73,148.81,147.87,148.59,6808,47837
08/20/2003,148.53,149.49,148.35,149.29,7610,46636
08/21/2003,149.15,149.31,147.29,147.55,10971,48253
08/22/2003,147.57,147.79,146.81,147.37,7489,49050
08/25/2003,147.19,147.71,146.63,146.99,3720,48744
08/26/2003,146.73,147.31,145.99,147.01,7070,49139
08/27/2003,146.81,147.37,146.53,147.01,5325,49170
08/28/2003,147.01,147.75,146.41,147.39,7551,49395
08/29/2003,147.67,148.15,147.15,147.43,6203,49682
09/02/2003,147.73,147.97,146.09,146.85,20265,42438
09/03/2003,146.57,147.53,146.03,146.99,10559,40943
09/04/2003,147.03,148.21,146.63,148.05,13107,43978
09/05/2003,148.11,149.07,147.69,148.83,21940,43470
09/08/2003,148.79,148.97,148.21,148.43,21940,43470
09/09/2003,148.31,149.31,147.83,148.97,19442,44767
09/10/2003,149.11,149.45,148.75,149.11,15736,44656
09/11/2003,149.15,149.77,149.01,149.49,13111,45762
09/12/2003,149.53,150.75,149.09,150.43,24216,48901
09/15/2003,150.53,150.81,150.03,150.23,7771,46203
09/16/2003,150.19,150.63,148.53,148.71,9681,26786
09/17/2003,148.79,151.05,148.67,151.01,10969,28939
09/18/2003,151.05,152.25,150.77,151.45,11146,29963
09/19/2003,151.77,153.85,151.51,153.39,12826,32110
09/22/2003,154.01,155.61,154.01,155.21,14365,36184
09/23/2003,155.15,155.97,154.67,155.35,8065,36402
09/24/2003,155.07,156.13,154.83,156.01,8065,36402
09/25/2003,155.97,156.47,155.41,156.09,19977,45982
09/26/2003,155.97,156.39,155.73,155.95,5770,46712
09/29/2003,155.89,156.87,154.67,156.69,11140,48123
09/30/2003,156.85,157.75,156.01,156.39,11140,48123
10/01/2003,156.27,157.11,155.47,156.91,13769,48189
10/02/2003,157.13,157.73,156.63,157.19,9182,48862
10/03/2003,156.95,157.55,156.01,156.43,7649,49588
10/06/2003,156.41,157.83,156.04,157.10,8081,50311
10/07/2003,157.24,157.99,156.33,156.47,10489,51131
10/08/2003,156.51,156.93,156.10,156.46,6231,51094
10/09/2003,156.65,157.20,155.90,157.02,10762,51006
10/10/2003,156.95,157.53,156.35,156.75,8969,52541
10/13/2003,156.80,157.13,155.67,156.96,10098,50044
10/14/2003,156.80,158.01,155.69,157.70,15407,53815
10/15/2003,157.69,157.98,156.69,157.12,8272,52584
10/16/2003,157.04,158.53,156.94,157.71,12098,53644
10/17/2003,157.60,158.25,157.13,157.86,7508,52394
10/20/2003,158.24,158.51,157.39,157.78,8535,52293
10/21/2003,157.43,158.17,157.26,157.59,6104,53768
10/22/2003,157.86,159.83,157.72,159.63,17516,58116
10/23/2003,159.63,160.11,159.32,159.90,10300,59749
10/24/2003,159.90,160.42,159.79,160.20,6210,60524
10/27/2003,160.02,160.19,159.53,159.99,6446,62276
10/28/2003,159.84,160.47,159.18,160.14,10300,65065
10/29/2003,160.18,161.21,160.08,160.50,8696,67264
10/30/2003,160.23,161.21,159.93,160.05,8271,68163
10/31/2003,160.01,160.45,159.49,159.97,8963,68440
11/03/2003,159.94,160.27,158.06,158.19,18586,67943
11/04/2003,158.21,158.97,157.25,158.59,11903,66893
11/05/2003,158.93,159.24,157.51,157.81,16435,65931
11/06/2003,157.91,158.37,156.97,157.31,9996,65668
11/07/2003,157.34,158.23,156.24,157.75,12857,64079
11/10/2003,157.86,158.15,157.61,157.77,6119,64285
11/11/2003,157.45,157.61,156.99,157.12,5382,63733
11/12/2003,157.08,158.49,157.08,157.92,8801,65507
11/13/2003,158.09,159.57,158.09,159.31,13228,65597
11/14/2003,159.44,159.77,158.90,159.34,8498,65443
11/17/2003,159.57,160.10,159.33,159.96,9079,66534
11/18/2003,159.77,161.24,159.30,160.90,14976,68738
11/19/2003,160.94,161.27,160.21,160.39,8657,65144
11/20/2003,160.44,161.63,160.38,161.05,8792,66259
11/21/2003,161.12,161.46,160.73,161.12,5644,65815
11/24/2003,161.25,161.36,160.07,160.36,9170,66409
11/25/2003,160.45,161.00,160.17,160.61,8901,67155
11/26/2003,160.59,162.03,160.29,161.80,16761,70899
11/28/2003,161.91,163.23,161.75,163.06,13315,72137
12/01/2003,163.06,163.58,162.66,162.81,12038,71464
12/02/2003,162.79,163.98,162.57,163.75,29152,74221
12/03/2003,163.93,164.03,163.35,163.56,10793,73661
12/04/2003,163.70,163.80,162.65,163.16,19133,77463
12/05/2003,163.03,164.15,162.91,163.88,31325,81503
12/08/2003,163.92,164.56,163.70,164.19,31994,86230
12/09/2003,164.35,165.71,164.31,165.54,47782,93872
12/10/2003,165.58,165.74,164.49,165.30,33322,94122
12/11/2003,165.29,165.74,164.75,165.66,23617,96260
12/12/2003,165.66,166.11,165.31,165.68,15720,95560
12/15/2003,164.89,165.83,164.66,165.56,21237,86632
12/16/2003,165.78,166.64,165.37,166.47,10212,67067
12/17/2003,166.43,168.04,166.00,167.60,17983,59597
12/18/2003,167.62,168.50,167.34,168.25,11691,57648
12/19/2003,168.24,168.34,167.23,167.76,7902,57726
12/22/2003,167.48,167.80,167.09,167.44,5985,57738
12/23/2003,167.44,167.85,167.44,167.50,3838,57661
12/24/2003,167.58,168.81,167.50,168.68,6641,57594
12/26/2003,168.54,168.79,168.25,168.34,1369,57836
12/29/2003,168.34,168.92,168.21,168.50,5261,58688
12/30/2003,168.61,169.35,168.48,169.07,7096,57504
12/31/2003,169.02,170.67,168.98,169.63,10451,56865
01/02/2004,170.00,170.82,169.44,170.59,8531,60403
01/05/2004,170.60,172.29,170.60,172.07,10920,59113
01/06/2004,171.98,174.06,171.78,173.59,13828,60146
01/07/2004,173.32,173.86,172.49,173.21,13233,61338
01/08/2004,173.09,174.91,172.39,174.46,20512,62087
01/09/2004,174.84,176.34,174.12,176.00,18252,61759
01/12/2004,176.12,177.10,175.76,175.97,16553,63409
01/13/2004,175.94,176.74,175.34,175.58,18278,61829
01/14/2004,176.04,176.25,174.50,174.76,13122,60957
01/15/2004,174.54,174.92,173.23,173.58,15438,61213
01/16/2004,173.82,174.10,170.74,170.95,22687,61622
01/20/2004,171.24,173.64,169.71,173.34,23980,61215
01/21/2004,173.54,175.17,172.95,174.37,11574,61183
01/22/2004,174.65,176.27,174.65,175.89,10852,61334
01/23/2004,176.09,176.74,173.21,174.06,17551,61023
01/26/2004,173.94,174.61,172.62,172.67,12907,62190
01/27/2004,172.93,174.46,171.74,174.18,13447,63400
01/28/2004,174.39,175.37,173.16,173.92,15364,63508
01/29/2004,173.26,174.28,172.44,173.08,18851,62498
01/30/2004,173.36,174.24,172.18,174.03,14438,63655
02/02/2004,174.14,174.34,172.98,173.39,8990,64301
02/03/2004,173.65,175.86,173.56,175.50,14952,66822
02/04/2004,175.59,175.62,174.49,175.01,10051,67618
02/05/2004,174.89,175.96,174.72,174.98,12050,68171
02/06/2004,175.17,176.94,174.92,176.33,15642,68782
02/09/2004,176.03,178.02,175.99,177.48,14750,67464
02/10/2004,177.70,179.07,177.54,178.76,15489,67552
02/11/2004,178.66,181.00,178.16,180.42,19600,67659
02/12/2004,180.99,181.46,180.59,180.72,14099,67471
02/13/2004,181.10,181.74,179.63,180.12,19059,67913
02/17/2004,180.29,182.68,179.96,182.12,18057,70663
02/18/2004,182.26,183.26,180.23,180.58,16162,70181
02/19/2004,180.84,181.68,180.55,181.35,14587,70234
02/20/2004,181.52,181.88,177.54,177.84,20216,68248
02/23/2004,177.91,178.98,176.54,178.18,13763,68744
02/24/2004,178.79,181.30,178.21,180.90,14398,69494
02/25/2004,180.94,181.44,178.86,179.05,18073,68195
02/26/2004,179.17,179.78,177.47,178.10,15194,68035
02/27/2004,178.23,179.10,176.71,178.70,16428,67739
03/01/2004,178.90,179.53,178.22,178.81,14642,69688
03/02/2004,179.00,179.00,175.52,176.19,34473,63096
03/03/2004,176.01,176.11,173.60,174.96,27889,62638
03/04/2004,175.06,175.84,173.99,174.39,19958,65062
03/05/2004,174.30,177.14,173.86,176.70,33175,65756
03/08/2004,176.80,177.58,176.35,176.73,25142,68480
03/09/2004,177.16,178.01,174.39,175.29,43415,73570
03/10/2004,174.50,175.01,171.81,172.64,44846,69230
03/11/2004,172.56,173.78,171.50,173.13,38320,69887
03/12/2004,173.35,173.43,171.33,172.51,28882,65146
03/15/2004,172.26,173.45,171.70,172.53,13327,63307
03/16/2004,172.75,174.25,172.38,173.54,14457,37329
03/17/2004,173.61,174.12,172.99,173.97,12919,38603
03/18/2004,173.86,176.33,173.86,175.60,17057,40743
03/19/2004,175.93,176.05,174.88,175.48,9110,40356
03/22/2004,175.74,177.35,174.98,177.00,9536,42283
03/23/2004,177.13,177.78,176.41,177.12,10203,43178
03/24/2004,177.68,177.78,174.64,174.70,13680,43015
03/25/2004,174.76,175.03,172.37,173.23,17554,40648
03/26/2004,172.95,174.79,172.50,173.69,10773,39543
03/29/2004,174.00,174.72,173.06,174.18,10091,39450
03/30/2004,174.37,175.48,174.35,175.05,9110,39413
03/31/2004,175.25,177.11,175.01,176.84,11761,41078
04/01/2004,176.88,178.58,176.35,178.00,17823,46974
04/02/2004,178.17,178.21,174.68,175.73,16714,45993
04/05/2004,175.40,175.60,173.63,174.27,16607,43389
04/06/2004,174.86,177.07,174.55,176.49,13599,45396
04/07/2004,177.07,177.12,176.04,176.73,9898,45734
04/08/2004,176.68,177.35,175.52,175.76,11188,45348
04/12/2004,175.98,176.75,175.75,176.59,4303,45575
04/13/2004,176.53,176.91,173.97,174.62,15075,44087
04/14/2004,174.58,174.58,171.23,171.79,25126,43075
04/15/2004,171.78,172.75,170.40,171.90,16484,41750
04/16/2004,172.04,173.43,171.14,172.61,14860,42365
04/19/2004,172.78,174.27,172.66,173.65,8455,41215
04/20/2004,173.53,173.56,171.33,172.07,11329,41048
04/21/2004,171.31,171.37,169.47,170.19,21508,42014
04/22/2004,170.27,170.40,169.16,169.85,13445,41332
04/23/2004,170.46,171.08,169.32,170.07,12567,42381
04/26/2004,170.03,171.90,169.60,171.71,11570,42433
04/27/2004,171.69,172.38,171.13,171.99,9561,42492
04/28/2004,172.18,172.64,170.00,170.11,13550,45280
04/29/2004,170.18,171.18,168.83,170.34,18433,46826
04/30/2004,170.39,171.11,169.65,170.92,11034,45722
05/03/2004,170.94,171.02,169.93,170.13,8202,45186
05/04/2004,170.12,172.73,170.09,172.26,13992,46341
05/05/2004,172.70,173.27,171.80,172.35,11775,46641
05/06/2004,172.18,172.95,171.45,172.60,10478,46148
05/07/2004,172.57,173.48,171.32,171.87,19679,44656
05/10/2004,171.71,171.78,170.19,170.83,12713,45736
05/11/2004,170.53,170.89,168.46,168.80,17636,48387
05/12/2004,168.75,171.20,168.75,170.47,18613,45365
05/13/2004,170.40,170.66,168.94,169.40,10952,44433
05/14/2004,169.43,169.68,168.04,169.09,12710,44654
05/17/2004,169.28,170.68,168.98,170.03,13152,45105
05/18/2004,170.19,170.39,169.37,169.85,9386,43218
05/19/2004,169.84,171.81,169.57,171.66,13926,42930
05/20/2004,171.78,171.79,169.71,170.67,11985,44515
05/21/2004,171.03,173.16,170.69,172.31,13043,44110
05/24/2004,172.38,172.70,171.53,172.54,8391,44323
05/25/2004,172.34,174.85,172.31,174.55,21921,45355
05/26/2004,174.47,175.44,174.30,174.96,17515,47085
05/27/2004,174.90,177.46,174.45,177.09,21501,51102
05/28/2004,177.25,177.68,176.40,176.72,14962,51572
06/01/2004,176.93,177.58,176.23,177.47,17015,54636
06/02/2004,177.42,178.37,176.53,177.02,19343,57169
06/03/2004,176.86,177.84,176.37,177.56,19238,60720
06/04/2004,177.59,178.08,176.68,177.55,17919,60942
06/07/2004,177.48,178.33,177.04,177.58,29080,64128
06/08/2004,177.62,178.12,176.81,177.03,34036,64694
06/09/2004,177.30,177.74,176.11,176.47,37273,65116
06/10/2004,176.36,178.13,175.56,177.96,49589,70028
06/11/2004,177.93,177.93,175.33,175.85,37273,65116
06/14/2004,175.47,175.57,174.17,174.98,21395,68554
06/15/2004,175.09,177.12,174.81,176.88,13896,47098
06/16/2004,177.10,177.25,176.05,176.46,14732,48734
06/17/2004,176.44,177.60,176.19,177.42,12039,49932
06/18/2004,177.14,177.80,176.26,177.71,12218,49905
06/21/2004,177.66,177.88,176.56,176.79,9468,49164
06/22/2004,176.92,177.31,175.58,175.66,14469,47510
06/23/2004,176.04,176.72,175.26,175.49,12376,46119
06/24/2004,175.57,176.81,174.91,176.41,18896,50082
06/25/2004,176.41,176.61,175.64,176.45,11570,49131
06/28/2004,176.58,177.35,175.98,176.91,12547,50863
06/29/2004,176.91,176.97,174.41,174.69,28573,49713
06/30/2004,174.65,176.03,174.13,175.73,14942,47902
07/01/2004,175.96,176.27,175.20,176.05,12272,47941
07/02/2004,176.08,177.58,175.70,177.30,14929,49550
07/06/2004,177.26,178.46,176.76,178.30,25371,53855
07/07/2004,178.16,179.86,177.99,179.58,18739,59481
07/08/2004,179.65,180.08,178.79,179.34,16390,64040
07/09/2004,179.26,180.30,179.03,179.90,13637,67526
07/12/2004,179.90,180.77,179.83,180.59,9921,68750
07/13/2004,180.26,180.44,179.36,179.92,16752,72101
07/14/2004,179.91,180.38,179.46,179.85,12367,73321
07/15/2004,179.90,180.02,179.01,179.37,11000,73927
07/16/2004,179.44,181.80,179.04,181.57,24663,81548
07/19/2004,181.58,181.99,180.92,181.08,14642,80400
07/20/2004,181.15,181.15,179.20,179.53,17656,79820
07/21/2004,179.56,179.78,177.51,178.07,28666,76716
07/22/2004,178.50,179.26,177.86,178.58,16320,76449
07/23/2004,178.76,178.88,177.32,177.46,20495,70306
07/26/2004,177.44,178.58,177.44,178.53,12724,70119
07/27/2004,178.49,178.86,176.36,176.53,21625,67259
07/28/2004,176.51,176.98,175.92,176.69,21612,66491
07/29/2004,176.89,177.30,175.26,175.99,25912,66865
07/30/2004,176.14,176.95,175.70,176.40,17717,67031
08/02/2004,176.72,177.81,176.41,177.29,12241,68159
08/03/2004,176.96,177.35,176.22,177.05,15687,70933
08/04/2004,176.90,177.14,176.04,176.95,12789,70767
08/05/2004,176.96,177.53,176.46,177.05,12197,71104
08/06/2004,176.97,179.46,176.63,178.67,25982,69686
08/09/2004,178.76,179.03,178.36,178.69,8581,69856
08/10/2004,178.64,178.81,177.17,177.58,13908,69615
08/11/2004,177.25,177.86,177.12,177.54,11020,67741
08/12/2004,177.66,178.36,176.61,177.11,18426,68342
08/13/2004,176.94,179.25,176.05,178.95,26261,71590
08/16/2004,179.09,179.35,178.46,178.85,16927,75035
08/17/2004,178.70,179.12,177.36,177.47,19255,74776
08/18/2004,177.48,177.73,176.79,176.98,16232,73710
08/19/2004,177.02,178.25,176.74,177.94,15585,73546
08/20/2004,177.86,178.16,176.40,176.58,14185,69384
08/23/2004,176.83,176.83,175.50,175.66,19472,72026
08/24/2004,175.60,175.74,173.68,173.87,30158,72156
08/25/2004,174.11,175.01,173.85,174.59,17902,70850
08/26/2004,174.36,174.85,174.09,174.44,9695,72783
08/27/2004,174.50,175.30,173.81,173.88,16275,72976
08/30/2004,173.87,174.73,173.48,174.29,8801,73212
08/31/2004,174.51,175.62,174.01,174.99,25518,74825
09/01/2004,175.23,175.33,173.89,174.23,20024,78913
09/02/2004,174.34,174.79,173.70,173.92,10020,80062
09/03/2004,173.92,174.39,172.41,172.69,23827,80127
09/07/2004,172.62,173.54,172.13,172.50,54008,81067
09/08/2004,172.39,174.13,172.23,173.97,54999,83545
09/09/2004,173.71,173.90,173.23,173.59,27666,81819
09/10/2004,173.99,175.39,173.43,174.74,35820,83093
09/13/2004,175.15,175.27,174.44,174.75,16082,76785
09/14/2004,174.79,175.52,174.57,174.88,13176,46188
09/15/2004,174.72,174.91,172.59,172.78,22390,46144
09/16/2004,172.73,174.68,172.73,174.63,19935,46706
09/17/2004,174.49,175.13,174.18,174.54,8819,46176
09/20/2004,174.44,174.57,173.43,173.79,10754,47527
09/21/2004,173.91,175.47,173.68,175.15,18564,46702
09/22/2004,175.00,175.38,174.04,174.56,17016,48260
09/23/2004,174.67,175.80,174.63,175.09,19972,51532
09/24/2004,175.06,176.26,174.83,175.70,21636,53582
09/27/2004,175.95,176.32,175.68,176.16,13585,54237
09/28/2004,176.32,177.00,176.23,176.64,15902,55643
09/29/2004,176.71,176.78,175.04,175.41,26619,53516
09/30/2004,175.41,176.74,175.00,176.70,20582,55700
10/01/2004,176.69,176.81,174.77,175.26,21075,59616
10/04/2004,175.23,175.27,173.65,173.92,19915,59508
10/05/2004,173.89,174.28,173.53,173.85,20180,59892
10/06/2004,173.73,174.39,172.97,173.05,23838,62651
10/07/2004,173.47,174.05,173.24,173.80,12794,62556
10/08/2004,173.67,175.30,173.67,175.13,21060,60549
10/11/2004,175.07,175.29,174.86,175.13,19837,62033
10/12/2004,175.07,175.56,174.08,174.44,16392,64539
10/13/2004,174.87,175.24,174.04,174.98,20381,62833
10/14/2004,175.03,176.11,174.93,175.38,21556,64881
10/15/2004,175.36,176.36,175.22,176.02,20694,66487
10/18/2004,176.25,176.40,175.18,175.71,15636,65752
10/19/2004,175.52,176.27,174.97,176.02,14097,66763
10/20/2004,176.12,177.63,175.84,177.51,31607,67875
10/21/2004,177.55,178.84,177.32,178.62,32547,72192
10/22/2004,178.54,178.98,178.01,178.32,17077,73404
10/25/2004,178.57,180.29,178.57,179.91,20886,72249
10/26/2004,180.02,180.31,179.10,179.33,16245,72410
10/27/2004,179.14,180.21,178.47,178.70,20471,70815
10/28/2004,178.52,179.36,177.80,178.65,18310,71160
10/29/2004,178.89,179.68,178.70,179.59,14960,73084
11/01/2004,179.72,180.02,178.86,179.16,10808,74551
11/02/2004,179.27,180.01,178.93,179.56,18177,75805
11/03/2004,180.06,180.99,179.07,180.67,21603,80801
11/04/2004,180.82,180.95,180.07,180.19,17441,83727
11/05/2004,180.39,181.61,178.95,181.40,26814,84298
11/08/2004,181.65,182.18,181.26,181.44,15785,86521
11/09/2004,181.59,182.07,180.97,181.63,12991,88825
11/10/2004,181.70,182.17,180.04,180.47,20395,88324
11/11/2004,180.65,180.89,179.86,180.24,18998,88221
11/12/2004,180.73,182.02,179.86,181.91,19658,89299
11/15/2004,181.66,181.98,180.47,180.61,10392,89277
11/16/2004,180.94,181.76,180.59,181.46,11396,88817
11/17/2004,181.57,182.65,181.10,182.03,15219,89758
11/18/2004,182.17,182.54,180.97,181.35,14212,92160
11/19/2004,181.10,182.31,180.88,181.81,14741,92926
11/22/2004,182.02,182.23,181.38,181.96,9186,92867
11/23/2004,182.23,183.49,181.44,182.98,21580,97094
11/24/2004,183.05,184.47,182.96,184.35,17301,90841
11/26/2004,184.46,186.66,184.25,185.89,20839,88395
11/29/2004,185.47,185.94,184.77,185.72,13686,87984
11/30/2004,185.68,187.62,184.97,187.37,34608,88044
12/01/2004,187.22,189.89,187.22,189.62,38225,89586
12/02/2004,189.71,190.73,188.09,188.63,32959,87653
12/03/2004,188.72,190.80,188.13,190.54,38284,85451
12/06/2004,190.63,190.80,190.15,190.51,51894,93803
12/07/2004,190.13,191.47,190.01,191.00,60463,101414
12/08/2004,190.87,190.97,188.27,189.82,66187,107259
12/09/2004,190.26,190.34,187.87,189.21,60702,119950
12/10/2004,188.97,189.04,186.61,188.11,26695,111776
12/13/2004,187.42,189.24,187.27,189.20,19363,112175
12/14/2004,189.03,189.47,188.48,189.30,16473,77331
12/15/2004,189.22,191.12,188.27,190.71,21052,82898
12/16/2004,190.71,192.03,189.13,189.39,31003,80730
12/17/2004,189.76,191.03,189.33,190.45,18307,80922
12/20/2004,190.87,191.63,190.23,191.29,10494,81246
12/21/2004,191.24,191.47,189.07,189.23,20074,81082
12/22/2004,189.34,189.61,187.59,188.16,23132,77828
12/23/2004,188.22,189.07,187.99,188.62,15033,74639
12/27/2004,188.85,190.49,188.65,189.98,21311,79012
12/28/2004,190.05,190.82,189.29,189.63,10899,77644
12/29/2004,189.53,190.03,187.86,188.17,21807,77468
12/30/2004,188.47,189.62,188.26,189.24,15203,80681
12/31/2004,189.23,190.27,188.12,188.28,15620,79491
01/03/2005,188.59,188.77,186.30,187.20,26082,77254
01/04/2005,187.26,187.59,184.57,184.73,30940,75999
01/05/2005,184.92,185.77,184.07,185.23,22565,74853
01/06/2005,185.30,185.38,183.79,184.22,17592,73871
01/07/2005,184.49,185.46,183.28,183.89,34667,67679
01/10/2005,183.85,184.75,183.82,184.46,10752,67895
01/11/2005,184.57,185.09,184.36,184.60,11779,66467
01/12/2005,184.72,186.26,183.82,186.02,19917,67385
01/13/2005,185.95,186.22,184.87,184.91,16738,67039
01/14/2005,185.02,185.07,183.32,183.70,17240,64552
01/18/2005,183.94,184.41,182.21,183.56,24550,64508
01/19/2005,183.51,185.21,183.23,183.84,19443,63227
01/20/2005,184.05,184.51,183.38,184.32,15207,62735
01/21/2005,184.12,185.24,183.14,184.88,18044,62577
01/24/2005,184.87,185.40,184.42,185.06,11880,62440
01/25/2005,184.89,185.11,183.27,183.33,15058,63971
01/26/2005,183.48,185.60,183.42,185.18,19928,64481
01/27/2005,185.29,186.01,184.99,185.90,14896,65141
01/28/2005,185.97,186.27,184.95,185.87,16022,65801
01/31/2005,185.66,185.94,184.99,185.35,13447,64920
02/01/2005,185.49,185.76,184.87,185.51,16666,65926
02/02/2005,185.51,186.02,185.35,185.80,16064,67690
02/03/2005,185.81,186.31,184.80,185.32,21716,68363
02/04/2005,185.38,186.47,184.47,184.61,31277,67555
02/07/2005,184.37,184.68,182.64,183.03,24573,63943
02/08/2005,182.72,183.13,182.30,182.68,18478,64686
02/09/2005,182.61,183.65,182.43,183.00,16925,66127
02/10/2005,183.08,184.57,182.13,184.08,22402,67536
02/11/2005,184.11,184.34,183.51,184.00,9731,67541
02/14/2005,184.19,186.54,184.06,186.13,26704,72302
02/15/2005,186.00,187.02,185.59,186.81,24572,73291
02/16/2005,186.79,186.85,184.81,185.89,28860,71634
02/17/2005,185.79,186.92,185.70,186.79,17577,73186
02/18/2005,186.80,187.06,186.27,186.68,12244,73065
02/22/2005,186.68,188.71,186.42,188.53,30978,79178
02/23/2005,188.44,188.67,187.78,188.40,28784,74074
02/24/2005,188.17,188.81,187.53,188.50,19939,74762
02/25/2005,188.29,189.36,188.06,189.21,20634,75963
02/28/2005,189.18,190.07,189.05,189.75,22374,79751
03/01/2005,189.54,189.72,189.14,189.48,14744,79910
03/02/2005,189.49,189.57,188.24,188.76,15190,80754
03/03/2005,188.78,188.86,188.03,188.20,17147,81183
03/04/2005,188.14,190.21,187.78,189.87,47364,90697
03/07/2005,189.83,189.99,188.64,188.89,40209,91742
03/08/2005,189.05,190.75,188.82,190.37,49233,99583
03/09/2005,190.45,190.69,189.50,190.15,70594,106598
03/10/2005,190.04,190.60,189.62,189.77,51943,108597
03/11/2005,189.83,190.46,189.22,190.13,33682,106470
03/14/2005,190.18,190.33,188.57,188.94,30054,97476
03/15/2005,188.96,190.16,188.73,188.86,26695,79439
03/16/2005,188.89,190.54,188.75,190.15,21638,82587
03/17/2005,190.24,190.48,189.47,189.95,14371,82022
03/18/2005,190.14,190.16,188.90,189.56,16798,81293
03/21/2005,189.69,189.69,187.13,187.49,30210,76250
03/22/2005,187.33,187.88,185.68,186.15,22865,71769
03/23/2005,186.28,186.58,184.34,184.45,31971,67815
03/24/2005,184.68,185.15,184.49,184.75,20532,65754
03/28/2005,184.74,184.82,183.72,184.23,17105,67039
03/29/2005,184.36,185.42,184.31,185.32,15194,66380
03/30/2005,185.29,186.24,185.18,185.79,16855,67399
03/31/2005,185.52,187.01,185.34,186.74,24314,67435
04/01/2005,186.61,187.78,185.43,185.94,32253,68750
04/04/2005,185.79,185.84,184.91,185.44,13873,68222
04/05/2005,185.44,186.02,185.01,185.92,13111,68416
04/06/2005,185.91,186.29,185.30,185.93,14571,67773
04/07/2005,185.83,186.48,184.68,184.77,23379,68577
04/08/2005,184.88,186.56,184.61,186.38,29756,78982
04/11/2005,186.44,187.24,186.05,187.00,15518,81774
04/12/2005,186.82,187.68,186.21,187.04,21654,82524
04/13/2005,187.15,187.48,186.57,187.31,22020,80565
04/14/2005,187.38,187.41,185.54,186.08,25253,80330
04/15/2005,185.97,187.48,185.68,187.14,25234,81932
04/18/2005,187.24,188.54,186.82,188.34,16768,82171
04/19/2005,188.57,190.02,187.99,189.71,28335,86549
04/20/2005,189.72,190.14,188.94,189.87,29982,88201
04/21/2005,189.92,190.16,188.65,188.82,24709,86699
04/22/2005,188.84,189.72,188.60,189.55,15509,86854
04/25/2005,189.64,189.75,188.82,189.02,12796,86211
04/26/2005,189.11,189.36,188.25,188.61,16314,85465
04/27/2005,188.61,189.00,187.94,188.68,26024,86941
04/28/2005,188.47,189.14,188.03,188.86,24335,89511
04/29/2005,188.78,189.70,188.65,188.78,21950,91403
05/02/2005,188.78,188.81,187.34,187.57,23625,86475
05/03/2005,187.58,187.67,186.98,187.07,27615,88941
05/04/2005,187.35,188.46,187.32,188.26,23195,91827
05/05/2005,188.38,188.94,188.14,188.68,19325,92564
05/06/2005,188.52,188.52,187.11,187.20,35246,89531
05/09/2005,187.38,187.38,186.23,186.46,18048,86926
05/10/2005,186.61,186.72,185.82,186.43,17381,89238
05/11/2005,186.38,187.30,185.14,185.26,41907,89128
05/12/2005,185.45,185.57,184.23,184.81,34243,89061
05/13/2005,184.66,184.80,183.07,183.27,28772,90007
05/16/2005,183.27,183.33,181.53,182.03,36449,90382
05/17/2005,181.98,182.49,181.47,181.89,33126,81490
05/18/2005,181.75,182.36,181.17,182.28,25299,82695
05/19/2005,182.19,182.62,181.51,181.78,23661,83772
05/20/2005,181.79,182.21,180.61,180.90,28166,87623
05/23/2005,181.06,181.44,180.74,181.23,17428,86634
05/24/2005,181.34,181.90,180.93,181.11,20498,86387
05/25/2005,181.21,181.65,180.73,181.47,17694,87421
05/26/2005,181.50,181.62,180.23,180.44,26198,90991
05/27/2005,180.51,181.08,180.35,180.71,16080,90179
05/31/2005,180.78,180.95,179.40,180.14,41500,95073
06/01/2005,180.08,180.62,179.14,179.51,35371,97748
06/02/2005,179.44,180.46,179.28,180.08,26824,96336
06/03/2005,179.95,180.88,179.42,179.74,39475,95879
06/06/2005,179.76,180.92,179.71,180.86,55358,101878
06/07/2005,180.86,181.97,180.49,181.94,60945,101520
06/08/2005,181.96,182.46,180.70,180.98,87140,98755
06/09/2005,180.83,181.32,180.14,180.45,57625,104490
06/10/2005,180.55,181.10,179.54,179.67,38834,104277
06/13/2005,179.71,179.77,178.50,179.17,26904,104848
06/14/2005,179.26,180.06,178.81,179.18,27367,68775
06/15/2005,179.18,180.98,178.97,180.76,32580,66278
06/16/2005,180.78,181.43,180.23,180.56,34344,67865
06/17/2005,180.79,181.64,180.43,181.47,23929,68140
06/20/2005,181.17,181.41,180.64,180.84,17380,67653
06/21/2005,181.04,181.96,180.22,181.51,28636,65232
06/22/2005,181.39,181.88,180.35,180.77,27206,65563
06/23/2005,180.78,180.91,179.97,179.99,19883,66896
06/24/2005,180.10,181.12,179.74,180.86,21758,65252
06/27/2005,180.96,181.77,180.83,181.42,16222,64327
06/28/2005,181.49,181.56,180.06,180.24,20592,66998
06/29/2005,180.26,180.47,178.60,179.16,31991,71046
06/30/2005,179.33,179.71,177.43,177.77,33115,73403
07/01/2005,177.82,177.86,175.45,175.74,37074,73946
07/05/2005,174.88,175.28,173.78,174.30,41424,73218
07/06/2005,174.38,174.81,173.91,174.30,23898,75483
07/07/2005,174.03,174.17,172.67,173.15,34601,72875
07/08/2005,173.18,173.18,171.85,172.32,31444,74395
07/11/2005,172.40,174.67,172.38,174.59,25062,74472
07/12/2005,174.54,176.63,174.29,176.47,32269,74117
07/13/2005,176.61,176.61,174.04,174.92,33040,76788
07/14/2005,175.19,175.28,174.26,174.30,27390,75068
07/15/2005,174.42,175.18,173.90,173.99,25009,77380
07/18/2005,173.84,174.41,173.37,173.71,16237,78512
07/19/2005,173.61,173.75,172.22,172.95,24825,77596
07/20/2005,172.82,173.37,171.56,172.88,50335,78222
07/21/2005,172.89,175.01,172.84,174.11,68875,76703
07/22/2005,174.01,174.57,172.43,172.60,30832,76167
07/25/2005,172.57,173.61,172.17,173.55,19234,74279
07/26/2005,173.56,173.58,172.35,172.90,22787,75763
07/27/2005,172.66,173.63,172.24,173.55,27338,74809
07/28/2005,173.23,174.86,172.95,174.57,35272,72948
07/29/2005,174.49,175.04,174.07,174.63,33294,75008
08/01/2005,174.54,176.24,174.31,175.85,35868,72701
08/02/2005,175.62,176.43,175.59,175.93,23807,73519
08/03/2005,176.09,177.23,175.43,176.85,30809,72542
08/04/2005,176.70,177.20,176.06,176.97,29805,72646
08/05/2005,177.00,177.20,176.09,176.67,29036,72619
08/08/2005,176.62,177.98,176.25,177.64,20559,73019
08/09/2005,177.42,178.11,177.17,177.56,21997,72461
08/10/2005,177.69,178.75,177.58,178.46,35808,71990
08/11/2005,178.62,180.13,178.50,179.89,34436,70941
08/12/2005,180.24,180.74,179.72,180.44,39814,70672
08/15/2005,180.46,180.66,179.71,180.18,21538,70548
08/16/2005,180.13,180.43,179.38,179.95,30834,72786
08/17/2005,179.96,180.29,179.17,179.59,31195,73241
08/18/2005,179.56,179.91,178.14,178.40,40134,73192
08/19/2005,178.38,178.78,177.93,178.70,25604,72846
08/22/2005,178.64,179.49,178.45,179.09,26199,74730
08/23/2005,179.09,179.24,178.63,179.10,21330,74604
08/24/2005,179.07,179.31,178.09,179.05,32563,73534
08/25/2005,179.09,179.87,178.89,179.47,24356,74746
08/26/2005,179.34,180.04,178.96,179.14,28785,74799
08/29/2005,179.20,179.95,178.32,178.61,33891,73464
08/30/2005,178.62,178.71,177.26,177.65,43178,77596
08/31/2005,177.61,179.64,177.28,179.32,73764,74385
09/01/2005,179.39,182.74,179.16,182.49,80364,82703
09/02/2005,182.40,183.56,182.09,183.38,52514,85134
09/06/2005,183.16,184.06,182.81,183.45,50778,80522
09/07/2005,183.20,183.71,182.62,182.76,47048,83213
09/08/2005,182.76,183.50,182.45,182.68,42258,80983
09/09/2005,182.66,183.38,182.33,183.00,45857,84345
09/12/2005,183.11,183.40,180.95,181.11,62357,87777
09/13/2005,181.20,181.65,180.97,181.38,75719,91701
09/14/2005,181.27,182.17,181.27,181.41,91237,93410
09/15/2005,181.50,181.51,179.53,179.71,74361,99927
09/16/2005,179.75,180.61,179.33,179.96,41249,96719
09/19/2005,179.53,179.80,178.87,179.50,28724,95338
09/20/2005,179.35,180.02,178.98,179.10,28637,67785
09/21/2005,179.06,180.48,178.78,180.06,32111,69333
09/22/2005,180.34,180.68,177.99,178.27,43899,69745
09/23/2005,178.28,178.49,176.70,176.95,36959,71126
09/26/2005,176.43,177.18,176.24,176.97,34473,75674
09/27/2005,177.08,177.12,175.60,175.87,37178,77440
09/28/2005,175.94,176.41,175.28,175.82,42099,79560
09/29/2005,176.02,176.26,175.17,175.39,36562,83236
09/30/2005,175.37,176.56,174.91,175.46,50126,83087
10/03/2005,175.43,175.62,174.45,174.68,32701,87105
10/04/2005,174.71,175.48,174.40,175.29,26126,89889
10/05/2005,175.20,175.88,175.01,175.43,27362,90474
10/06/2005,175.93,177.40,175.73,177.28,57126,96105
10/07/2005,177.19,177.19,175.04,175.38,47048,83715
10/10/2005,175.32,175.64,174.44,174.96,29877,84192
10/11/2005,174.86,174.87,173.71,173.93,47512,89400
10/12/2005,173.84,174.78,173.20,174.41,30399,84893
10/13/2005,174.55,175.06,173.74,174.82,48146,84025
10/14/2005,174.93,176.41,174.14,176.30,75041,75968
10/17/2005,176.10,176.60,174.57,174.71,40765,79092
10/18/2005,174.68,174.68,173.53,174.26,39033,83729
10/19/2005,174.31,176.00,173.60,175.64,47331,78585
10/20/2005,175.86,176.83,175.27,176.49,38763,73586
10/21/2005,176.71,177.32,175.70,175.89,44075,74083
10/24/2005,175.98,176.64,175.79,176.01,39418,74407
10/25/2005,176.30,178.01,175.64,177.81,61502,74286
10/26/2005,177.73,177.97,176.47,176.86,50948,71017
10/27/2005,176.82,178.37,176.71,177.73,53566,70225
10/28/2005,177.60,177.93,176.64,176.72,41050,68148
10/31/2005,176.72,177.58,176.06,176.36,39288,68347
11/01/2005,176.18,176.59,175.43,175.76,46299,69583
11/02/2005,176.03,177.09,175.59,176.98,36183,67985
11/03/2005,177.02,177.31,176.31,176.43,52529,69455
11/04/2005,176.42,176.46,173.94,174.46,77489,75434
11/07/2005,174.18,174.53,173.25,173.88,45830,78987
11/08/2005,173.62,173.81,172.64,173.75,34976,80390
11/09/2005,173.72,173.96,172.99,173.75,47490,81197
11/10/2005,173.75,174.54,173.35,173.49,47490,81197
11/11/2005,173.48,173.74,173.13,173.55,0,0
11/14/2005,173.57,174.33,172.79,173.10,36530,82771
11/15/2005,173.16,173.36,172.41,172.69,51918,84441
11/16/2005,172.81,173.07,170.75,171.17,73135,89946
11/17/2005,171.14,171.64,170.88,171.41,46079,90084
11/18/2005,171.29,171.67,170.37,171.04,62737,88600
11/21/2005,171.09,171.83,170.79,171.18,59222,89229
11/22/2005,170.94,171.77,170.03,171.56,56388,89837
11/23/2005,171.69,171.99,171.16,171.51,39645,91179
11/25/2005,171.72,172.28,170.63,170.71,38483,92301
11/28/2005,170.68,172.83,169.89,172.69,69194,94736
11/29/2005,172.32,172.34,170.84,171.39,56229,100047
11/30/2005,171.09,172.89,171.02,172.32,75040,101430
12/01/2005,172.32,172.86,172.00,172.66,93263,106365
12/02/2005,172.58,173.20,171.89,172.79,84384,108705
12/05/2005,172.62,173.86,172.14,173.69,47497,105992
12/06/2005,173.58,173.96,172.54,173.62,50598,107224
12/07/2005,173.46,173.71,172.33,172.88,51871,108421
12/08/2005,172.77,175.01,172.76,174.78,66789,105567
12/09/2005,174.69,175.08,174.06,174.88,58442,107694
12/12/2005,174.52,177.15,174.47,176.99,120691,109581
12/13/2005,177.04,177.25,175.98,176.37,80327,111268
12/14/2005,176.36,177.51,176.29,176.72,86603,109004
12/15/2005,176.70,177.12,175.55,175.85,72205,113514
12/16/2005,175.89,176.84,175.69,176.67,48518,105850
12/19/2005,176.36,176.76,175.32,175.69,33794,106323
12/20/2005,175.69,176.26,174.69,174.91,49274,70230
12/21/2005,174.86,175.35,173.23,173.89,45169,69656
12/22/2005,173.92,173.95,172.81,173.24,47972,63717
12/23/2005,173.08,173.44,172.48,172.71,22732,63529
12/27/2005,172.75,173.27,172.07,172.10,14945,62736
12/28/2005,172.10,173.53,170.73,170.91,57722,72579
12/29/2005,171.20,172.25,171.11,171.78,36892,72916
12/30/2005,171.89,172.38,171.09,171.32,33380,74630
01/03/2006,171.33,174.09,171.31,173.94,64550,69591
01/04/2006,174.07,175.63,174.05,175.24,67661,75047
01/05/2006,175.11,175.36,174.30,175.05,48321,75113
01/06/2006,174.88,176.68,174.58,176.52,63319,76520
01/09/2006,176.25,176.71,175.71,175.95,32980,78377
01/10/2006,175.98,176.45,175.64,176.01,32916,77079
01/11/2006,175.84,176.16,174.66,175.85,50228,79754
01/12/2006,176.04,176.73,175.24,175.47,59785,79042
01/13/2006,175.50,177.27,175.39,177.08,62329,83033
01/17/2006,177.05,177.41,175.32,176.10,52191,83135
01/18/2006,176.27,176.52,175.31,175.75,44878,83957
01/19/2006,175.76,175.91,174.72,175.35,46989,85834
01/20/2006,175.20,176.70,174.80,176.62,47664,85198
01/23/2006,176.65,178.27,176.59,178.17,37915,86975
01/24/2006,178.15,178.45,177.52,178.06,32303,89537
01/25/2006,177.81,178.83,177.63,177.91,43937,89991
01/26/2006,177.79,178.37,177.23,177.56,46832,88963
01/27/2006,177.42,178.26,176.12,176.22,75918,88926
01/30/2006,176.40,176.63,175.82,176.12,37246,90860
01/31/2006,176.35,178.05,176.12,177.47,65768,94091
02/01/2006,177.30,177.60,176.74,176.79,44249,94905
02/02/2006,176.95,177.63,176.58,177.43,40086,95986
02/03/2006,177.47,177.56,175.38,175.69,88233,96650
02/06/2006,175.66,175.88,173.81,174.26,49594,93341
02/07/2006,174.28,174.61,173.50,173.97,39993,93793
02/08/2006,174.14,174.20,173.25,173.41,38339,95027
02/09/2006,173.55,174.11,173.21,173.41,33578,96166
02/10/2006,173.59,175.23,173.58,173.89,71819,96287
02/13/2006,173.83,173.88,173.07,173.68,35774,99077
02/14/2006,173.57,173.93,172.27,173.02,61333,99687
02/15/2006,173.01,174.35,172.79,173.45,72685,96871
02/16/2006,173.55,173.58,172.52,173.30,52984,97524
02/17/2006,173.35,173.71,172.78,173.37,51414,95680
02/21/2006,173.59,174.21,173.54,174.10,45297,97217
02/22/2006,173.94,174.13,173.19,173.67,48805,101059
02/23/2006,173.86,175.02,173.62,174.63,65473,98208
02/24/2006,174.62,174.83,173.73,173.98,58782,99301
02/27/2006,173.82,173.96,173.21,173.45,39825,101750
02/28/2006,173.44,175.14,173.21,174.90,73725,98756
03/01/2006,174.82,175.40,174.06,174.46,57434,100874
03/02/2006,174.47,174.94,173.80,174.84,69644,100808
03/03/2006,174.78,175.31,174.49,174.84,63249,99430
03/06/2006,175.05,175.71,174.13,174.36,60019,95548
03/07/2006,174.36,174.44,172.75,173.04,84000,105166
03/08/2006,172.91,173.65,172.89,173.13,84721,109335
03/09/2006,173.22,173.57,172.88,173.02,86179,111800
03/10/2006,173.01,173.41,171.73,172.07,113757,121883
03/13/2006,172.03,172.78,171.79,172.75,43728,116827
03/14/2006,172.77,174.33,172.77,174.08,63992,70017
03/15/2006,174.03,174.39,173.65,174.34,63315,70675
03/16/2006,174.20,175.41,173.85,175.20,80755,75794
03/17/2006,175.14,175.23,174.55,175.16,61220,69884
03/20/2006,174.99,175.31,174.71,175.04,36688,67356
03/21/2006,175.04,175.06,173.93,174.23,58200,68099
03/22/2006,174.30,174.52,173.96,174.09,35502,68776
03/23/2006,174.09,174.13,172.72,172.91,84081,79654
03/24/2006,172.85,173.87,172.52,173.67,57971,70897
03/27/2006,173.65,174.38,173.58,174.17,32969,68974
03/28/2006,174.05,174.81,173.67,173.76,60140,67999
03/29/2006,173.73,173.86,172.58,172.84,57079,75803
03/30/2006,172.89,174.27,172.86,174.10,64709,73097
03/31/2006,174.05,174.15,172.77,173.05,59830,73403
04/03/2006,173.07,173.48,171.90,173.28,53650,81157
04/04/2006,173.35,175.20,173.11,175.03,80255,79371
04/05/2006,174.96,175.60,174.24,174.92,68192,78633
04/06/2006,174.83,175.38,174.30,174.66,69533,76567
04/07/2006,174.58,174.75,173.34,173.73,66933,75088
04/10/2006,173.66,174.14,173.17,173.57,31026,76708
04/11/2006,173.74,174.37,173.35,174.23,47227,79127
04/12/2006,174.29,175.13,174.01,174.43,53840,76979
04/13/2006,174.42,175.00,174.23,174.58,42993,75190
04/17/2006,174.66,176.89,174.66,176.35,53534,80233
04/18/2006,176.39,177.76,176.20,177.40,74900,83282
04/19/2006,177.74,178.76,177.37,178.61,85072,88236
04/20/2006,178.62,178.63,176.96,177.25,58884,84803
04/21/2006,177.24,177.88,176.93,177.51,47935,85591
04/24/2006,178.03,178.70,177.31,178.33,55257,92931
04/25/2006,178.10,178.82,177.65,178.28,71482,93662
04/26/2006,178.17,178.49,177.39,177.89,88613,93111
04/27/2006,177.85,179.85,177.58,179.67,88826,93021
04/28/2006,179.55,181.97,179.38,181.53,69440,88536
05/01/2006,181.69,183.53,181.43,182.10,66889,93821
05/02/2006,181.82,183.64,181.45,183.44,69128,89073
05/03/2006,183.32,184.16,182.91,183.48,76169,98665
05/04/2006,183.59,184.87,182.73,184.74,66430,102065
05/05/2006,184.56,185.61,184.11,185.29,62282,101974
05/08/2006,185.60,186.25,184.85,185.11,41184,103640
05/09/2006,185.15,186.25,184.50,185.98,55954,104008
05/10/2006,186.04,186.70,185.37,185.99,67651,102323
05/11/2006,185.76,187.93,184.66,187.78,88962,105384
05/12/2006,187.58,189.36,187.57,188.59,90074,106290
05/15/2006,188.99,189.31,187.01,187.30,67286,108114
05/16/2006,187.24,188.33,186.80,188.22,54491,110006
05/17/2006,188.15,189.60,187.10,187.63,96595,112487
05/18/2006,187.29,188.82,187.29,188.39,61389,111583
05/19/2006,188.84,188.89,186.34,187.08,60500,112996
05/22/2006,186.99,188.20,185.66,188.02,47991,110955
05/23/2006,187.86,188.19,187.09,187.87,41674,114772
05/24/2006,187.30,187.99,185.83,186.69,74984,112597
05/25/2006,186.17,186.79,185.96,186.65,53889,112117
05/26/2006,186.99,187.03,184.61,184.86,78327,109882
05/30/2006,185.10,188.02,185.10,187.68,83390,112099
05/31/2006,187.66,187.87,186.13,186.22,59817,109354
06/01/2006,186.43,186.54,184.69,185.79,58063,104931
06/02/2006,185.89,187.90,185.37,187.61,71558,113522
06/05/2006,187.63,188.10,186.45,186.69,48309,106128
06/06/2006,186.50,187.02,185.19,185.52,48346,105314
06/07/2006,185.30,185.75,184.56,184.93,51690,102185
06/08/2006,185.02,185.04,182.89,183.45,74933,104198
06/09/2006,183.68,184.15,182.95,183.42,69323,104996
06/12/2006,183.20,183.94,183.11,183.81,87413,114936
06/13/2006,183.47,183.94,182.49,182.69,113227,126043
06/14/2006,182.58,184.31,182.58,183.51,103350,130487
06/15/2006,183.59,184.79,183.52,184.08,70016,128560
06/16/2006,184.17,184.91,183.99,184.45,49855,131680
06/19/2006,184.51,184.61,183.00,183.30,40992,128615
06/20/2006,183.34,183.89,182.98,183.54,29596,78491
06/21/2006,183.54,184.02,183.37,183.68,37779,74800
06/22/2006,183.81,183.97,181.91,182.11,59001,78858
06/23/2006,182.09,182.41,180.56,181.22,46700,78603
06/26/2006,181.11,181.75,180.89,181.63,29455,79304
06/27/2006,181.58,181.94,181.16,181.57,23513,78592
06/28/2006,181.41,181.69,180.69,181.14,28753,80164
06/29/2006,181.10,182.29,180.18,182.23,52948,83578
06/30/2006,182.04,184.25,181.98,184.02,67206,79235
07/03/2006,184.06,184.15,183.11,183.28,38824,78658
07/05/2006,183.45,184.14,182.51,182.78,51535,84490
07/06/2006,182.64,183.35,182.57,182.97,41448,82020
07/07/2006,182.97,184.69,182.81,184.37,56050,86447
07/10/2006,184.28,184.46,182.94,183.31,36499,84027
07/11/2006,183.41,183.98,182.91,183.86,37462,85671
07/12/2006,183.72,184.05,182.33,182.51,49913,83073
07/13/2006,182.66,183.93,182.55,183.64,45011,85072
07/14/2006,183.62,183.84,182.62,183.06,40531,85025
07/17/2006,182.95,183.10,180.96,181.13,47077,83190
07/18/2006,181.10,182.50,180.94,181.86,71228,88080
07/19/2006,181.81,183.62,181.46,183.54,62736,87533
07/20/2006,183.42,184.39,183.35,184.17,48736,90060
07/21/2006,184.08,185.27,183.87,185.06,54242,101527
07/24/2006,185.09,185.15,184.00,184.14,34210,103412
07/25/2006,184.34,184.53,183.02,183.18,44815,102104
07/26/2006,183.16,184.69,183.06,184.51,45746,105943
07/27/2006,184.56,185.92,184.41,184.85,56214,105361
07/28/2006,184.93,185.82,184.59,185.54,61283,104169
07/31/2006,185.46,186.05,185.34,185.94,39509,105395
08/01/2006,185.88,186.79,185.40,186.71,62762,114075
08/02/2006,186.74,187.14,186.43,186.97,43321,111821
08/03/2006,186.87,188.23,186.12,187.97,85481,121212
08/04/2006,187.84,190.37,187.63,189.94,89163,125484
08/07/2006,189.86,190.24,189.50,189.66,35867,127509
08/08/2006,189.51,190.55,189.39,190.00,52798,128112
08/09/2006,189.75,190.17,188.80,189.52,44803,132339
08/10/2006,189.60,189.95,187.72,188.42,63711,132544
08/11/2006,188.42,188.93,187.84,188.01,56872,132446
08/14/2006,187.94,188.57,187.44,187.79,46249,131228
08/15/2006,187.93,188.83,187.56,188.35,59816,135944
08/16/2006,188.38,189.28,187.83,188.61,53872,137236
08/17/2006,188.64,189.31,187.20,187.40,68959,130060
08/18/2006,187.58,187.71,186.77,187.09,48076,125519
08/21/2006,187.09,188.99,187.05,188.46,50182,130270
08/22/2006,188.22,188.51,187.55,187.72,44489,127943
08/23/2006,187.85,189.01,187.63,188.36,49025,131413
08/24/2006,188.26,188.74,187.58,187.82,50894,131157
08/25/2006,187.74,188.17,187.30,187.73,42239,131502
08/28/2006,187.73,188.93,187.61,188.48,29879,133920
08/29/2006,188.32,189.27,187.96,188.90,73417,130539
08/30/2006,188.89,189.60,188.73,189.43,48982,136841
08/31/2006,189.36,189.94,188.93,189.46,61358,135574
09/01/2006,189.41,189.69,188.54,189.51,67194,136141
09/05/2006,189.64,189.78,188.10,188.43,64169,131836
09/06/2006,188.34,188.57,186.85,187.45,117240,128081
09/07/2006,187.49,187.66,186.02,186.50,111553,126145
09/08/2006,186.72,186.72,185.24,185.50,85059,125202
09/11/2006,185.63,186.02,184.99,185.47,73081,124718
09/12/2006,185.44,186.82,185.44,186.36,113215,127633
09/13/2006,186.36,186.75,186.03,186.59,98151,128713
09/14/2006,186.65,188.14,186.52,187.60,97667,138478
09/15/2006,187.61,187.75,186.46,186.76,79981,136155
09/18/2006,186.67,187.33,186.28,186.98,35360,133816
09/19/2006,186.96,187.92,186.66,187.06,55736,104255
09/20/2006,187.02,188.23,186.94,187.78,48856,110841
09/21/2006,187.62,189.22,187.52,189.08,69470,120954
09/22/2006,189.08,189.52,188.82,188.92,38660,122205
09/25/2006,189.01,189.62,188.70,189.07,31079,123389
09/26/2006,188.91,189.16,188.14,188.55,58808,122122
09/27/2006,188.34,188.47,187.40,187.79,71996,114001
09/28/2006,187.78,188.02,186.11,186.52,82466,98118
09/29/2006,186.47,186.67,185.20,186.02,85900,95988
10/02/2006,186.27,187.66,185.65,187.60,84094,104826
10/03/2006,187.54,187.85,187.44,187.60,41771,104665
10/04/2006,187.56,187.70,186.71,187.45,60566,103962
10/05/2006,187.52,187.56,186.35,186.74,74137,97918
10/06/2006,186.77,187.72,185.59,186.00,70332,98923
10/09/2006,185.80,186.00,185.20,186.00,99543,132554
10/10/2006,185.58,185.89,184.02,184.27,63535,101848
10/11/2006,184.27,184.75,184.01,184.17,54664,100628
10/12/2006,184.24,184.99,184.20,184.61,53040,102701
10/13/2006,184.72,185.27,184.17,184.53,66306,105537
10/16/2006,184.33,185.32,184.08,184.85,51820,102539
10/17/2006,185.04,186.22,184.85,185.86,81284,108510
10/18/2006,185.97,186.23,185.47,185.58,63419,107733
10/19/2006,185.61,186.83,185.47,186.63,91430,106567
10/20/2006,186.57,187.42,186.39,187.25,55815,108912
10/23/2006,187.12,187.16,185.67,186.19,63344,100785
10/24/2006,186.11,186.51,185.55,186.24,52039,101676
10/25/2006,186.05,186.82,186.04,186.68,53571,101701
10/26/2006,186.57,188.07,186.57,187.86,58233,108210
10/27/2006,187.79,188.85,187.52,188.43,69871,114241
10/30/2006,188.39,189.24,188.33,188.97,53909,122051
10/31/2006,188.69,189.82,188.38,189.54,81934,126678
11/01/2006,189.58,190.17,189.35,189.97,67515,134010
11/02/2006,189.57,189.87,189.13,189.68,50697,141394
11/03/2006,189.62,189.95,188.52,188.90,77692,146547
11/06/2006,188.93,189.05,188.23,188.44,38599,144254
11/07/2006,188.68,190.02,188.57,189.30,69572,152030
11/08/2006,189.45,189.75,188.85,189.35,57487,146508
11/09/2006,189.23,189.64,188.52,189.31,90022,150653
11/10/2006,189.33,190.57,189.33,189.89,63024,158197
11/13/2006,189.96,190.31,188.74,188.87,67641,150371
11/14/2006,188.92,189.27,188.00,188.47,106794,136600
11/15/2006,188.31,188.46,187.12,187.67,79175,125989
11/16/2006,187.70,188.13,187.28,187.57,71599,125235
11/17/2006,187.64,188.44,187.12,188.11,70804,132629
11/20/2006,188.26,188.65,188.08,188.42,41621,135922
11/21/2006,188.50,188.82,188.38,188.74,44582,140587
11/22/2006,188.76,190.45,188.61,190.13,92477,156871
11/24/2006,190.23,192.26,190.04,191.97,88786,157797
11/27/2006,192.59,192.87,191.81,192.46,62095,157321
11/28/2006,192.47,194.09,192.44,193.86,99162,154081
11/29/2006,193.88,194.20,193.09,193.39,100256,147244
11/30/2006,193.32,195.74,193.23,195.34,124261,151315
12/01/2006,195.30,197.25,195.09,196.78,130521,153770
12/04/2006,197.06,197.15,195.99,196.72,75052,153570
12/05/2006,196.81,196.88,195.52,196.17,113799,151959
12/06/2006,196.02,196.13,194.90,195.31,114098,147190
12/07/2006,195.24,195.84,194.84,194.95,112637,155960
12/08/2006,195.01,196.00,193.86,193.95,215436,162550
12/11/2006,194.07,194.68,193.42,194.57,146413,174494
12/12/2006,194.54,195.83,194.52,195.68,120432,181580
12/13/2006,195.83,196.08,194.78,195.32,136926,190054
12/14/2006,195.34,195.87,194.51,194.84,127348,196926
12/15/2006,194.80,195.40,193.71,193.74,124160,200642
12/18/2006,193.99,194.52,193.05,193.63,73044,193752
12/19/2006,193.51,195.74,193.45,195.52,94192,149800
12/20/2006,195.65,196.21,194.89,195.17,85639,147670
12/21/2006,195.20,195.74,194.29,194.91,74075,146345
12/22/2006,194.89,195.55,194.29,194.35,63363,142779
12/26/2006,194.24,194.68,193.86,194.10,14981,140289
12/27/2006,194.06,195.07,193.97,194.34,56829,135605
12/28/2006,194.45,195.50,194.26,194.98,72511,142086
12/29/2006,194.98,195.43,194.26,194.37,72511,142086
01/02/2007,195.45,196.15,195.41,196.07,66321,140548
01/03/2007,196.02,196.21,193.50,193.76,109498,137217
01/04/2007,193.81,194.02,192.68,193.13,89021,139271
01/05/2007,193.11,193.15,191.32,191.73,105546,134797
01/08/2007,191.73,192.75,191.30,192.47,62872,132857
01/09/2007,192.61,193.24,192.52,192.67,55099,132731
01/10/2007,192.62,192.92,191.86,192.01,68014,132499
01/11/2007,191.97,194.02,191.88,193.11,135316,143616
01/12/2007,193.10,194.73,192.91,194.33,90759,145399
01/16/2007,194.56,195.85,194.34,194.87,87938,150691
01/17/2007,194.73,195.87,194.65,195.52,64205,153789
01/18/2007,195.65,196.48,194.97,195.94,83484,155525
01/19/2007,196.06,196.35,195.57,195.99,59937,157290
01/22/2007,195.96,196.52,195.79,196.23,54493,162713
01/23/2007,196.19,197.79,196.18,196.86,60865,163961
01/24/2007,196.75,196.95,195.05,195.36,86629,157078
01/25/2007,195.45,195.98,194.87,195.03,73259,156594
01/26/2007,195.02,195.43,194.09,194.50,70954,147362
01/29/2007,194.69,194.79,194.11,194.57,44613,146123
01/30/2007,194.70,195.60,194.65,194.79,57961,146660
01/31/2007,194.88,195.35,193.44,195.03,123825,149239
02/01/2007,195.08,196.03,194.85,195.41,91789,156926
02/02/2007,195.34,196.15,194.99,195.34,84688,159449
02/05/2007,195.18,195.32,193.98,194.60,71764,152928
02/06/2007,194.60,195.84,194.53,195.67,58561,162238
02/07/2007,195.74,195.98,195.37,195.55,57151,155631
02/08/2007,195.61,195.92,194.06,194.43,128496,149410
02/09/2007,194.53,194.68,193.21,193.67,66978,146698
02/12/2007,193.78,194.32,193.01,193.34,40669,146415
02/13/2007,193.27,193.90,192.50,193.21,64675,150695
02/14/2007,193.31,195.06,193.19,194.84,102268,152716
02/15/2007,194.97,195.43,193.72,194.11,85001,147221
02/16/2007,193.82,194.07,193.28,193.68,55657,147568
02/20/2007,194.06,194.42,192.93,194.13,86330,147702
02/21/2007,194.14,194.56,193.51,194.10,72540,148573
02/22/2007,194.04,194.67,193.26,194.27,75970,154231
02/23/2007,194.29,195.20,194.01,195.02,88763,155383
02/26/2007,195.07,195.34,194.74,195.06,47101,153770
02/27/2007,194.96,195.39,194.57,194.97,86227,160234
02/28/2007,195.02,195.11,193.81,195.02,120607,157163
03/01/2007,194.99,195.17,194.15,194.69,135540,158569
03/02/2007,194.49,194.54,192.77,192.99,134668,158715
03/05/2007,193.09,193.14,190.49,190.88,136699,156713
03/06/2007,190.62,191.88,190.48,191.58,81838,152524
03/07/2007,191.99,192.25,191.26,192.02,61955,155203
03/08/2007,191.61,192.19,191.41,191.63,74920,154989
03/09/2007,191.63,192.03,191.36,191.83,94265,153845
03/12/2007,191.64,193.01,191.20,191.85,140262,162549
03/13/2007,191.93,192.24,191.39,191.71,106277,160560
03/14/2007,191.55,192.42,190.71,192.20,163337,157959
03/15/2007,192.14,192.61,191.76,192.32,122379,154037
03/16/2007,192.35,193.76,192.26,192.87,83049,155654
03/19/2007,192.87,193.42,192.55,193.10,55487,156465
03/20/2007,193.09,194.91,192.97,194.74,102605,111646
03/21/2007,194.87,195.61,194.21,195.53,69234,114988
03/22/2007,195.60,195.95,194.78,195.16,87934,109847
03/23/2007,195.09,195.57,194.53,194.80,78834,109044
03/26/2007,194.75,195.90,194.40,195.65,75766,114113
03/27/2007,195.60,195.71,194.86,195.22,70731,111802
03/28/2007,195.18,195.52,194.65,194.85,94361,112977
03/29/2007,194.82,195.25,194.82,194.85,56252,111199
03/30/2007,194.94,195.86,194.11,195.42,125024,109365
04/02/2007,195.57,196.68,195.29,196.47,81405,122452
04/03/2007,196.41,196.88,195.95,196.11,53773,122932
04/04/2007,196.11,196.41,195.82,196.18,41956,124618
04/05/2007,196.24,196.36,195.35,195.72,79588,117672
04/06/2007,195.78,195.91,195.03,195.17,10718,116624
04/09/2007,195.21,195.27,194.57,194.78,28374,113863
04/10/2007,194.91,196.23,194.82,195.85,66394,120468
04/11/2007,195.88,196.87,195.78,196.19,53400,123845
04/12/2007,196.19,196.82,195.93,196.51,45708,123796
04/13/2007,196.59,197.56,196.49,197.42,79586,129105
04/16/2007,197.23,198.10,197.23,197.69,55433,127822
04/17/2007,197.66,199.43,197.49,199.31,108404,134953
04/18/2007,199.43,200.01,198.81,199.25,67760,133552
04/19/2007,199.60,199.62,198.54,198.86,64282,137908
04/20/2007,198.93,199.37,198.57,199.02,45612,136776
04/23/2007,198.88,199.30,198.35,198.79,49821,138715
04/24/2007,198.73,199.15,198.21,198.67,69820,148006
04/25/2007,198.86,199.31,198.73,198.88,57918,145409
04/26/2007,198.86,199.28,197.58,197.80,83749,139516
04/27/2007,197.66,199.13,197.32,198.37,102822,144371
04/30/2007,198.47,199.00,197.58,198.59,83569,140431
05/01/2007,198.63,199.45,198.28,198.66,92949,144051
05/02/2007,198.57,198.62,197.33,197.61,80149,132033
05/03/2007,197.57,198.15,197.18,197.44,65589,134170
05/04/2007,197.35,198.13,197.09,197.95,69388,143393
05/07/2007,198.09,198.43,197.93,197.98,45010,137482
05/08/2007,197.98,198.32,197.46,197.58,79516,134140
05/09/2007,197.58,198.67,197.49,198.03,83303,135505
05/10/2007,198.04,198.32,196.36,196.54,140077,129760
05/11/2007,196.51,197.14,196.30,196.92,75344,125484
05/14/2007,196.92,197.15,196.48,196.52,36497,124146
05/15/2007,196.62,197.41,196.16,197.24,90409,126092
05/16/2007,197.24,197.45,196.26,196.50,88832,123217
05/17/2007,196.38,196.61,196.02,196.12,44163,123685
05/18/2007,196.19,196.49,195.69,196.17,66826,123181
05/21/2007,196.18,196.25,195.46,195.73,61921,127261
05/22/2007,195.73,196.40,195.72,196.21,61190,122261
05/23/2007,196.21,197.65,195.85,197.31,109430,136332
05/24/2007,197.35,197.60,197.00,197.30,76560,136183
05/25/2007,197.14,197.51,197.01,197.16,60000,134459
05/29/2007,197.09,197.70,196.62,196.71,99353,129528
05/30/2007,196.85,197.01,196.04,196.28,83892,128460
05/31/2007,196.28,196.91,196.09,196.67,95380,128117
06/01/2007,196.75,196.98,196.33,196.92,92793,130903
06/04/2007,196.90,198.00,196.85,197.74,103485,149229
06/05/2007,197.84,198.40,197.82,197.93,86443,142314
06/06/2007,197.97,198.29,197.79,197.97,92081,144341
06/07/2007,197.94,198.15,196.15,196.44,182210,145897
06/08/2007,196.45,196.62,194.98,195.39,195135,144165
06/11/2007,195.67,195.79,195.23,195.64,100979,128954
06/12/2007,195.64,196.59,195.50,196.36,94411,133395
06/13/2007,196.14,196.35,195.50,196.08,160242,152754
06/14/2007,196.04,196.10,195.30,195.67,148647,144444
06/15/2007,195.66,196.54,195.62,196.25,107616,154149
06/18/2007,196.31,197.17,196.26,197.08,85855,149839
06/19/2007,197.09,197.65,196.99,197.62,86395,133035
06/20/2007,197.58,198.21,197.45,198.19,78106,143512
06/21/2007,198.01,198.13,197.58,197.91,63345,141842
06/22/2007,197.89,198.69,197.84,198.64,64091,146074
06/25/2007,198.63,198.78,198.28,198.58,50238,151514
06/26/2007,198.46,198.88,198.29,198.61,60096,159791
06/27/2007,198.53,198.70,197.99,198.50,57369,159472
06/28/2007,198.58,199.15,198.44,198.83,68916,158758
06/29/2007,198.99,199.61,198.78,199.48,87558,174468
07/02/2007,199.49,200.56,199.42,200.37,115533,159377
07/03/2007,200.49,200.67,200.04,200.50,64851,164639
07/05/2007,200.45,200.78,199.61,199.94,106595,168418
07/06/2007,199.84,200.13,199.29,199.77,90178,157419
07/09/2007,199.82,200.44,199.68,200.22,70852,152036
07/10/2007,200.23,201.53,199.94,201.40,100365,156362
07/11/2007,201.48,202.36,201.18,202.10,123912,159942
07/12/2007,201.92,202.39,201.45,201.78,80224,158032
07/13/2007,201.69,202.41,201.35,202.12,78727,161606
07/16/2007,202.13,202.78,202.01,202.46,58107,157816
07/17/2007,202.35,203.50,202.25,203.35,100305,173222
07/18/2007,203.37,204.31,203.31,204.09,109952,173474
07/19/2007,204.03,204.18,203.46,203.63,104553,161325
07/20/2007,203.65,204.64,203.57,204.23,82435,161465
07/23/2007,204.33,204.81,204.23,204.58,56256,160825
07/24/2007,204.70,205.29,204.64,205.16,75259,158955
07/25/2007,204.93,205.01,203.62,203.91,97994,159392
07/26/2007,204.14,204.40,203.04,203.71,113509,159551
07/27/2007,203.38,203.73,200.95,201.48,141334,139610
07/30/2007,201.23,201.69,200.63,201.06,77419,131863
07/31/2007,201.20,202.57,201.20,202.26,98240,128722
08/01/2007,201.78,202.43,200.84,201.60,110682,129640
08/02/2007,202.03,202.61,201.61,202.36,65997,129247
08/03/2007,202.46,203.42,202.19,203.27,86063,131117
08/06/2007,202.84,203.43,201.61,201.81,92622,127496
08/07/2007,201.95,202.19,200.69,201.20,87775,125762
08/08/2007,201.03,202.81,200.33,202.44,99610,132919
08/09/2007,202.45,202.78,200.93,201.20,132661,130261
08/10/2007,201.15,201.53,200.37,201.14,108501,128733
08/13/2007,201.11,201.41,199.66,200.18,73386,123816
08/14/2007,199.95,200.15,198.46,198.55,100994,120623
08/15/2007,198.61,198.61,197.36,198.20,122796,124629
08/16/2007,197.45,197.70,196.47,196.68,131244,121775
08/17/2007,197.18,198.16,195.31,196.79,104332,123478
08/20/2007,197.02,197.80,196.50,197.60,52290,116157
08/21/2007,197.70,197.87,196.25,197.03,53067,117568
08/22/2007,196.92,198.13,196.83,197.97,56325,119841
08/23/2007,198.13,199.78,198.03,199.14,77713,118167
08/24/2007,199.33,200.35,198.62,200.20,70506,125445
08/27/2007,200.24,200.78,200.03,200.17,43030,123381
08/28/2007,199.90,200.28,198.88,199.59,67947,123570
08/29/2007,198.85,200.73,198.47,200.49,80511,127990
08/30/2007,200.60,200.72,199.31,200.25,68561,125856
08/31/2007,200.14,201.23,199.97,200.54,77456,126329
09/04/2007,200.68,201.02,199.64,200.34,81685,125940
09/05/2007,200.33,201.18,199.32,200.96,112162,135169
09/06/2007,200.91,201.60,200.32,201.22,99898,135603
09/07/2007,201.27,202.17,200.51,201.69,118604,142157
09/10/2007,201.80,202.22,201.53,201.65,66828,138975
09/11/2007,201.62,202.28,201.24,202.07,90091,143188
09/12/2007,202.12,202.60,201.78,201.97,131199,146050
09/13/2007,201.94,202.43,201.26,202.11,128168,148795
09/14/2007,201.40,201.52,199.48,199.89,133716,142099
09/17/2007,199.65,199.84,198.07,198.31,87799,139786
09/18/2007,198.27,200.43,197.71,200.20,88860,78793
09/19/2007,200.13,200.58,198.42,199.17,82791,81516
09/20/2007,198.97,200.42,198.67,199.94,75466,83777
09/21/2007,199.90,201.09,199.64,200.96,48210,85970
09/24/2007,201.02,202.17,200.92,201.10,41120,86038
09/25/2007,201.12,201.14,199.81,200.76,70080,85124
09/26/2007,200.85,201.18,200.06,200.55,54501,84743
09/27/2007,200.53,201.90,200.38,201.71,65569,89735
09/28/2007,201.73,203.94,200.98,203.59,91584,92330
10/01/2007,203.83,204.00,202.83,203.48,73176,94335
10/02/2007,203.36,203.63,202.77,203.17,55473,98589
10/03/2007,203.15,203.53,202.16,202.28,62978,105373
10/04/2007,202.29,203.37,201.87,202.86,73179,109540
10/05/2007,202.97,203.52,202.09,203.31,73179,109540
10/08/2007,203.19,203.37,202.39,203.31,56266,98789
10/09/2007,202.76,202.94,201.63,202.58,64859,108741
10/10/2007,202.83,204.07,202.73,203.24,67723,112575
10/11/2007,203.37,203.37,202.15,202.43,89617,111524
10/12/2007,202.40,202.72,201.54,202.48,87756,117512
10/15/2007,202.56,203.45,202.25,203.30,62823,121272
10/16/2007,203.39,203.45,202.02,202.20,109493,108213
10/17/2007,202.37,203.27,201.95,202.62,87365,118269
10/18/2007,203.15,204.22,202.93,203.56,79084,124702
10/19/2007,203.39,204.33,203.15,204.05,87172,129998
10/22/2007,204.39,204.67,201.61,201.94,120721,121149
10/23/2007,202.20,204.27,202.12,204.10,97501,124112
10/24/2007,204.23,204.25,203.33,203.95,61960,126951
10/25/2007,204.02,204.60,203.60,204.19,61494,127258
10/26/2007,204.25,204.80,203.87,204.28,54191,129770
10/29/2007,204.50,205.51,204.37,205.26,61612,133541
10/30/2007,205.36,206.13,204.76,205.89,73330,138550
10/31/2007,205.86,207.36,205.80,207.25,80775,141371
11/01/2007,207.16,207.87,206.66,207.52,107117,143235
11/02/2007,206.92,208.16,206.76,208.02,93450,144950
11/05/2007,207.99,208.09,206.96,207.18,65690,146305
11/06/2007,207.18,208.21,207.16,207.85,68411,147306
11/07/2007,207.94,209.86,207.79,209.63,131263,144508
11/08/2007,209.19,210.33,208.95,210.04,96063,146989
11/09/2007,209.78,210.78,207.94,208.18,96063,146989
11/12/2007,207.79,207.90,204.40,205.09,119097,145985
11/13/2007,204.53,206.80,204.47,206.10,81369,123575
11/14/2007,206.56,207.63,204.25,204.80,116123,125283
11/15/2007,204.25,205.38,203.41,203.54,94363,123124
11/16/2007,203.54,204.73,202.74,204.35,69876,121777
11/19/2007,204.51,204.86,203.70,204.18,56426,118476
11/20/2007,204.19,206.07,203.77,205.89,73171,122587
11/21/2007,205.89,206.20,204.49,205.51,57275,118281
11/23/2007,205.60,206.90,204.43,205.25,66638,118644
11/26/2007,205.28,206.65,205.21,206.44,55969,120204
11/27/2007,206.25,206.84,205.69,206.21,67506,121270
11/28/2007,206.01,207.62,205.11,207.40,106633,122115
11/29/2007,207.36,207.36,205.25,205.44,83210,115400
11/30/2007,205.50,206.31,204.63,204.98,80088,115259
12/03/2007,204.73,206.12,204.56,206.00,68259,118349
12/04/2007,205.70,206.08,204.91,205.06,57107,117681
12/05/2007,205.27,205.27,201.70,201.90,121619,110995
12/06/2007,202.20,202.48,201.07,202.25,94111,108144
12/07/2007,202.11,202.83,201.58,202.50,65897,108299
12/10/2007,202.33,204.28,202.17,203.99,84719,113987
12/11/2007,204.02,204.53,202.63,202.91,136929,157832
12/12/2007,202.87,205.57,202.83,204.04,113363,119878
12/13/2007,204.04,204.19,202.65,203.27,105556,124779
12/14/2007,203.53,203.90,200.91,200.96,88644,125075
12/17/2007,200.98,201.74,200.45,201.62,49431,68554
12/18/2007,201.54,201.71,200.60,200.81,45044,66527
12/19/2007,200.89,201.47,198.82,199.21,60618,68664
12/20/2007,199.09,199.42,197.66,197.72,51461,73611
12/21/2007,197.99,198.54,197.68,197.96,43785,73411
12/24/2007,197.96,198.14,197.15,197.29,9671,74898
12/26/2007,197.80,198.14,197.63,198.01,11508,76070
12/27/2007,198.06,199.30,197.87,199.21,44447,75080
12/28/2007,199.11,199.85,198.65,198.88,36885,79010
12/31/2007,199.14,200.64,197.77,197.88,30263,78638
01/02/2008,198.13,198.28,197.33,197.66,50256,79015
01/03/2008,197.80,198.03,196.68,196.97,68036,80727
01/04/2008,196.87,198.15,196.37,196.89,77777,82522
01/07/2008,196.94,197.20,196.14,196.58,46978,84679
01/08/2008,196.45,198.07,196.27,196.73,51908,86731
01/09/2008,196.88,197.25,195.12,195.31,65064,86492
01/10/2008,195.43,196.28,195.04,195.64,104722,85411
01/11/2008,195.78,195.88,194.38,195.26,59218,82322
01/14/2008,195.33,196.01,195.07,195.18,54368,81705
01/15/2008,194.81,196.97,194.76,195.99,95550,84161
01/16/2008,195.40,196.77,194.85,195.97,106289,85559
01/17/2008,195.80,197.51,195.63,196.66,90852,87121
01/18/2008,196.69,196.86,194.63,195.06,86722,92896
01/22/2008,195.21,196.19,192.83,195.68,134502,93381
01/23/2008,195.75,195.86,194.04,194.66,82889,93765
01/24/2008,195.01,197.25,194.44,196.94,82266,91783
01/25/2008,197.01,197.98,196.85,197.60,58867,0
01/28/2008,197.87,198.45,196.73,197.84,48745,89186
01/29/2008,197.95,198.76,197.58,198.45,51111,92484
01/30/2008,198.39,199.07,197.88,198.89,58030,93931
01/31/2008,198.26,198.95,197.73,198.51,64387,92780
02/01/2008,198.37,198.92,196.00,196.30,125000,90540
02/04/2008,196.05,197.44,195.78,196.94,70933,90016
02/05/2008,196.89,197.19,195.59,195.93,65721,93616
02/06/2008,195.88,196.17,195.08,195.57,44486,93954
02/07/2008,195.82,195.84,193.46,193.66,96784,97516
02/08/2008,193.81,194.73,193.63,194.14,43579,94112
02/11/2008,194.17,194.90,193.58,194.61,50889,97910
02/12/2008,194.65,195.97,194.04,195.83,68293,96936
02/13/2008,195.58,196.29,195.13,196.12,59596,95425
02/14/2008,195.99,197.08,195.82,196.58,58855,91054
02/15/2008,196.68,196.91,195.48,195.54,62932,91443
02/19/2008,195.49,196.09,194.24,194.59,89901,94673
02/20/2008,194.55,194.75,193.34,194.05,80563,96585
02/21/2008,193.88,196.21,193.88,195.91,100820,97575
02/22/2008,196.01,196.86,195.87,196.63,56482,95322
02/25/2008,196.62,196.80,195.93,196.48,53645,92339
02/26/2008,196.54,198.59,196.13,198.42,82064,95018
02/27/2008,198.53,199.52,197.72,198.22,87527,92005
02/28/2008,197.98,199.33,197.46,199.10,69856,92159
02/29/2008,198.80,199.07,197.70,198.66,74528,94873
03/03/2008,198.78,199.25,197.97,198.34,71766,97369
03/04/2008,198.20,198.80,197.95,198.45,56490,100067
03/05/2008,198.39,199.59,197.09,199.06,112080,102756
03/06/2008,199.08,201.28,198.87,200.81,89748,105612
03/07/2008,201.03,202.12,200.91,201.40,96373,102810
03/10/2008,201.82,202.31,200.77,200.85,98532,106052
03/11/2008,200.61,202.01,199.91,200.24,116040,109031
03/12/2008,200.72,202.76,200.51,202.35,141395,122889
03/13/2008,202.57,203.88,202.50,202.81,136061,133154
03/14/2008,203.21,203.87,201.58,202.03,136884,132778
03/17/2008,201.82,202.16,198.98,200.07,87820,83379
03/18/2008,199.76,202.61,199.48,201.74,114498,83249
03/19/2008,200.57,201.49,198.05,198.51,114126,85729
03/20/2008,198.26,198.84,197.24,198.35,69332,85577
03/24/2008,198.35,198.86,197.63,198.50,31111,88952
03/25/2008,198.86,200.76,198.55,200.09,76589,78111
03/26/2008,200.61,201.21,199.38,200.73,84323,81227
03/27/2008,200.91,202.13,200.42,200.52,91831,84060
03/28/2008,200.85,201.12,199.01,199.34,88114,90134
03/31/2008,199.83,199.99,198.37,198.56,72952,90151
04/01/2008,198.50,199.01,197.54,197.90,84906,98868
04/02/2008,197.90,199.32,197.83,199.13,84906,98854
04/03/2008,199.06,200.15,197.95,199.87,93900,96811
04/04/2008,200.00,201.10,199.50,199.55,76012,90819
04/07/2008,199.46,199.99,198.76,199.01,52457,92309
04/08/2008,199.23,199.68,197.07,197.35,89212,99449
04/09/2008,197.19,198.38,196.94,197.95,89212,99449
04/10/2008,198.07,198.99,197.53,197.68,97090,103540
04/11/2008,197.56,198.18,197.32,197.70,61591,106290
04/14/2008,197.11,199.47,196.69,197.95,92422,107498
04/15/2008,198.22,198.22,196.53,196.69,96683,113459
04/16/2008,196.82,198.64,196.55,197.67,94365,113541
04/17/2008,197.86,199.94,197.55,199.81,129229,110732
04/18/2008,199.69,200.68,199.47,200.03,88563,115661
04/21/2008,200.29,200.99,198.43,198.67,109806,111500
04/22/2008,198.65,200.80,198.15,200.20,100232,113283
04/23/2008,200.31,200.46,198.40,198.74,104681,115135
04/24/2008,198.61,198.92,197.58,198.29,89773,116778
04/25/2008,198.02,199.67,197.52,198.93,68170,123884
04/28/2008,199.14,200.42,198.59,199.73,114085,119022
04/29/2008,199.90,199.94,197.45,197.57,116761,130803
04/30/2008,197.72,199.77,197.03,199.73,105536,132797
05/01/2008,199.64,199.97,197.98,198.22,117596,134674
05/02/2008,198.45,199.87,197.90,198.27,54968,137412
05/05/2008,198.17,199.19,197.39,198.03,71045,142625
05/06/2008,198.09,198.61,197.21,198.16,93148,144136
05/07/2008,198.14,198.21,195.90,196.16,83606,160212
05/08/2008,196.31,197.19,195.91,196.22,73020,157220
05/09/2008,196.35,196.63,195.50,196.11,57456,161053
05/12/2008,196.14,197.28,195.34,196.58,85325,160828
05/13/2008,196.62,197.12,195.09,195.50,63672,165678
05/14/2008,195.46,195.72,194.57,195.35,61391,168068
05/15/2008,195.63,196.00,195.03,195.49,83120,167834
05/16/2008,195.79,196.99,195.41,196.58,64544,163039
05/19/2008,196.64,197.26,195.54,195.81,98219,166040
05/20/2008,195.86,198.21,195.83,197.77,75802,160094
05/21/2008,197.75,198.39,197.15,197.93,79956,159290
05/22/2008,198.32,199.62,197.93,198.93,49145,163970
05/23/2008,199.05,199.64,198.66,199.22,0,159426
05/27/2008,199.15,199.59,198.29,198.75,64539,163727
05/28/2008,198.73,199.44,198.20,199.17,70827,164327
05/29/2008,199.26,199.41,197.93,198.72,76018,166154
05/30/2008,198.84,199.49,198.05,199.32,104804,165010
06/02/2008,198.78,199.01,197.18,197.79,107087,165017
06/03/2008,197.86,198.67,197.31,197.76,76283,162616
06/04/2008,197.45,197.62,196.53,196.77,98757,171741
06/05/2008,196.74,197.28,195.91,197.25,107994,170112
06/06/2008,197.14,198.69,196.30,198.44,132044,162254
06/09/2008,198.55,199.70,198.09,198.78,126331,171555
06/10/2008,198.77,198.84,196.53,196.64,129105,176822
06/11/2008,196.70,198.06,196.25,197.68,137096,179694
06/12/2008,197.76,197.88,195.62,196.17,100171,191513
06/13/2008,196.01,196.60,195.56,196.13,87080,197059
06/16/2008,196.22,198.37,196.10,197.83,110499,189583
06/17/2008,197.80,198.49,196.19,197.17,57558,88327
06/18/2008,197.17,197.60,196.29,197.45,104171,82168
06/19/2008,197.46,198.95,197.33,198.86,59425,86069
06/20/2008,198.75,199.42,198.51,199.19,80847,81063
06/23/2008,199.11,199.12,197.38,198.05,57414,79855
06/24/2008,198.07,198.83,197.80,198.53,80335,76361
06/25/2008,198.70,199.28,198.10,198.85,95067,78111
06/26/2008,199.10,200.62,198.75,200.40,76971,80432
06/27/2008,200.53,201.16,199.67,200.94,67494,89948
06/30/2008,201.28,201.46,200.43,200.99,76175,87579
07/01/2008,200.97,201.74,200.55,201.10,70123,89841
07/02/2008,201.20,201.47,200.18,201.12,70123,89841
07/04/2008,200.09,200.26,199.61,199.96,94174,87405
07/07/2008,200.17,200.17,198.26,199.51,63578,85411
07/08/2008,199.36,199.78,198.45,198.66,63578,85411
07/09/2008,198.78,200.14,198.54,199.96,72281,83714
07/10/2008,200.05,200.25,198.98,199.56,78256,91338
07/11/2008,199.64,201.48,199.40,200.44,78256,91338
07/14/2008,200.90,201.51,200.01,201.32,106905,104566
07/15/2008,201.35,203.54,201.23,202.06,69442,108428
07/16/2008,202.40,202.86,201.45,201.79,74346,110716
07/17/2008,201.74,202.66,201.42,201.83,71653,111454
07/18/2008,201.85,201.93,201.01,201.76,44324,112877
07/21/2008,201.57,202.35,201.03,201.84,79202,111423
07/22/2008,202.32,202.76,200.95,201.18,80363,107264
07/23/2008,201.20,202.40,201.04,201.71,111052,109551
07/24/2008,201.83,202.00,200.21,200.46,90788,100374
07/25/2008,200.71,201.86,200.37,201.00,90912,102815
07/28/2008,201.12,201.74,200.49,201.57,105943,106529
07/29/2008,201.55,201.80,199.72,199.98,92722,102699
07/30/2008,200.09,200.56,199.56,200.23,119394,103051
07/31/2008,200.26,201.45,199.97,200.43,76505,103874
08/01/2008,200.54,200.59,199.42,199.52,89977,103235
08/04/2008,199.78,199.79,198.18,198.50,74582,94845
08/05/2008,198.36,198.49,197.41,197.81,73343,92802
08/06/2008,197.54,198.19,196.87,196.99,88260,91515
08/07/2008,197.01,197.66,196.46,196.63,119918,95825
08/08/2008,196.68,196.68,193.75,194.26,77058,99493
08/11/2008,193.62,194.86,192.97,193.52,89364,101452
08/12/2008,193.31,193.55,191.85,192.26,157041,99784
08/13/2008,191.95,192.70,188.75,189.61,92841,99919
08/14/2008,189.38,190.26,188.60,189.15,85520,101352
08/15/2008,189.28,189.28,187.51,188.66,60068,103826
08/18/2008,188.84,189.64,188.70,188.82,78435,107241
08/19/2008,188.84,189.24,187.81,189.02,70469,110135
08/20/2008,189.16,189.29,187.85,188.59,89547,107030
08/21/2008,188.57,190.36,188.55,190.01,93740,112508
08/22/2008,190.29,190.31,187.56,187.69,59738,116265
08/25/2008,187.66,188.44,186.56,187.75,78878,114203
08/26/2008,187.81,187.86,185.83,186.41,69714,115103
08/27/2008,186.38,187.44,185.39,185.81,76243,116027
08/28/2008,186.03,186.63,185.00,185.46,65935,118368
08/29/2008,185.41,186.06,184.32,184.36,143457,119912
09/02/2008,183.92,183.96,180.45,180.86,145011,120764
09/03/2008,180.98,181.06,179.30,180.20,125313,120735
09/04/2008,180.23,181.27,178.93,179.53,114130,122443
09/05/2008,178.70,180.14,178.04,178.98,162808,121403
09/08/2008,181.53,182.47,177.43,178.17,155179,121720
09/09/2008,178.45,179.79,177.78,179.04,114104,127428
09/10/2008,178.65,179.49,177.95,178.33,122594,129426
09/11/2008,177.93,178.66,177.20,177.99,165088,150143
09/12/2008,178.62,182.33,178.19,182.09,110088,152954
09/15/2008,182.58,183.93,180.38,181.78,60143,153300
09/16/2008,182.63,182.77,180.08,181.41,76509,105880
09/17/2008,181.01,185.63,180.70,185.48,72034,100396
09/18/2008,184.46,186.11,184.10,185.32,67081,100480
09/19/2008,185.00,186.88,182.19,186.65,65743,100058
09/22/2008,186.44,189.53,185.66,188.99,60991,98057
09/23/2008,189.00,189.61,187.97,189.27,44699,98723
09/24/2008,188.69,189.40,188.02,188.60,70137,100807
09/25/2008,188.14,190.17,186.59,187.35,60921,96641
09/26/2008,187.28,188.25,186.85,187.74,84185,93035
09/29/2008,186.29,187.00,183.15,185.25,88444,97439
09/30/2008,184.28,185.38,181.93,182.33,71664,101945
10/01/2008,182.72,183.14,180.40,181.56,56342,105613
10/02/2008,181.34,181.35,179.26,180.26,80904,106378
10/03/2008,180.11,181.95,179.15,181.34,81202,101135
10/06/2008,179.90,180.67,176.96,177.68,66172,102299
10/07/2008,178.42,180.53,177.10,178.99,81432,100648
10/08/2008,178.89,182.88,176.62,176.97,61745,97901
10/09/2008,176.84,177.92,174.54,175.92,58986,97038
10/10/2008,175.03,175.75,171.78,173.66,43618,98672
10/13/2008,175.21,178.26,173.26,176.55,59594,99543
10/14/2008,177.64,179.83,177.52,177.99,63875,101121
10/15/2008,177.63,179.63,176.28,176.82,61772,102890
10/16/2008,175.33,177.17,175.01,176.56,45615,105689
10/17/2008,176.89,177.43,175.75,176.80,53376,105024
10/20/2008,176.68,178.65,174.38,174.75,63729,111423
10/21/2008,175.00,175.40,169.23,172.86,80113,116172
10/22/2008,170.73,170.73,164.93,166.98,76263,116577
10/23/2008,165.91,167.11,164.00,164.81,88433,121160
10/24/2008,166.35,166.38,156.17,162.37,61110,126667
10/27/2008,160.72,162.47,156.41,160.04,68238,128864
10/28/2008,158.86,163.30,157.63,161.36,86063,119322
10/29/2008,162.91,168.43,162.91,166.73,82310,122306
10/30/2008,167.36,170.27,165.62,168.05,80144,123504
10/31/2008,167.31,168.57,163.60,164.99,59020,121515
11/03/2008,164.59,167.56,161.31,161.81,63457,116352
11/04/2008,160.96,164.62,159.57,162.85,74593,115633
11/05/2008,163.09,165.59,161.06,163.24,83042,110761
11/06/2008,162.48,164.11,159.35,161.20,50517,109903
11/07/2008,159.88,162.48,159.04,160.62,42265,109100
11/10/2008,161.44,162.53,159.38,159.86,40683,111371
11/11/2008,159.88,160.68,157.33,157.88,83411,110156
11/12/2008,157.39,158.54,152.68,153.39,78424,112728
11/13/2008,152.40,153.75,149.44,150.65,56543,113227
11/14/2008,152.12,153.42,150.41,153.28,60536,112049
11/17/2008,150.51,154.65,150.29,154.07,57936,113161
11/18/2008,153.38,154.73,152.79,152.95,74328,112428
11/19/2008,153.48,156.37,152.87,154.11,74939,112066
11/20/2008,153.41,153.86,150.98,152.04,68450,113275
11/21/2008,151.22,154.52,150.89,151.68,63355,114591
11/24/2008,153.50,155.81,152.34,155.09,84954,114688
11/25/2008,155.71,159.23,153.73,158.35,53969,117154
11/26/2008,158.36,158.38,155.67,156.81,51018,115523
11/28/2008,157.38,159.03,156.52,157.64,63268,113849
12/01/2008,157.73,157.92,151.99,153.02,64730,114930
12/02/2008,152.83,154.61,151.68,152.71,48725,115423
12/03/2008,152.93,153.27,150.56,151.19,74196,116209
12/04/2008,151.74,152.07,148.61,151.39,52993,114985
12/05/2008,150.73,151.68,149.11,150.98,53886,114099
12/08/2008,152.66,155.89,152.38,153.98,98256,114296
12/09/2008,154.36,154.36,152.17,153.00,75535,121850
12/10/2008,153.06,154.26,152.82,153.62,121003,128709
12/11/2008,153.37,156.23,153.17,156.23,93627,131967
12/12/2008,155.70,156.58,153.46,155.06,97728,136164
12/15/2008,154.98,159.17,154.51,157.95,54718,133233
12/16/2008,158.38,161.82,157.40,160.08,83272,64413
12/17/2008,160.98,162.58,157.75,160.05,79319,66932
12/18/2008,160.57,161.59,154.14,156.08,57918,69232
12/19/2008,155.76,157.31,153.43,153.99,33399,69870
12/22/2008,154.91,155.26,152.18,153.97,22707,70146
12/23/2008,153.60,154.38,152.01,152.74,8194,70605
12/24/2008,152.58,153.38,151.85,152.38,5115,70893
12/26/2008,152.55,153.05,151.13,152.08,29925,71559
12/29/2008,152.05,153.24,149.29,150.95,24738,72321
12/30/2008,149.28,150.91,149.25,149.40,24157,76336
12/31/2008,149.61,152.48,148.87,151.15,19929,76209
01/02/2009,150.54,150.96,149.11,150.10,45473,78324
01/05/2009,150.80,152.80,149.65,152.65,73006,80841
01/06/2009,152.33,155.40,150.44,154.78,73074,78255
01/07/2009,154.46,158.30,153.44,156.70,71040,76355
01/08/2009,156.46,159.14,155.27,157.63,53372,74815
01/09/2009,157.61,158.88,156.55,156.67,53964,71724
01/12/2009,156.38,156.60,153.38,153.80,66094,73390
01/13/2009,153.48,153.66,149.88,150.35,59567,75377
01/14/2009,150.51,152.46,150.27,151.08,59023,77638
01/15/2009,151.37,152.28,150.11,151.99,68515,80233
01/16/2009,151.94,155.22,151.86,152.04,130294,80746
01/20/2009,154.00,154.49,144.02,144.66,90501,87661
01/21/2009,144.17,145.73,141.70,143.08,83540,86521
01/22/2009,145.68,145.68,142.36,144.23,71006,84285
01/23/2009,144.38,144.41,140.50,143.11,75853,84780
01/26/2009,142.39,145.45,140.94,144.88,78004,87769
01/27/2009,145.58,147.92,144.75,147.00,81348,87324
01/28/2009,147.03,149.24,146.73,147.98,79330,86605
01/29/2009,147.98,149.62,146.17,148.67,84595,85843
01/30/2009,148.35,150.94,147.32,150.01,74656,84338
02/02/2009,150.29,150.46,146.02,148.23,77327,83945
02/03/2009,147.95,150.39,147.07,149.75,77327,83945
02/04/2009,149.85,151.28,148.71,150.09,87699,83863
02/05/2009,149.93,152.58,149.17,151.86,87699,83863
02/06/2009,151.66,153.98,151.39,153.50,86667,81032
02/09/2009,153.53,155.37,152.54,154.63,85998,80297
02/10/2009,154.56,154.62,150.08,150.37,86873,80573
02/11/2009,150.88,151.21,148.68,148.68,85141,83903
02/12/2009,149.29,149.68,146.90,147.48,70396,82740
02/13/2009,148.35,151.62,148.08,149.39,78992,82384
02/17/2009,147.83,148.74,146.79,148.04,66892,83182
02/18/2009,148.00,148.55,146.48,147.75,68866,84278
02/19/2009,147.87,150.09,147.73,148.57,69708,83328
02/20/2009,148.53,150.41,147.04,149.88,63213,82891
02/23/2009,149.61,152.18,149.19,150.41,63950,81753
02/24/2009,150.44,151.36,149.29,150.58,75818,86102
02/25/2009,150.77,151.55,147.31,147.58,69400,90504
02/26/2009,147.67,149.45,147.18,148.69,79919,90822
02/27/2009,148.67,149.24,146.66,148.81,79205,88083
03/02/2009,148.25,148.46,145.15,145.94,71691,90425
03/03/2009,145.98,147.15,145.40,146.18,64949,94166
03/04/2009,145.92,147.57,145.41,147.14,74813,94284
03/05/2009,147.43,147.92,145.94,146.69,75362,94458
03/06/2009,146.79,148.67,145.99,146.51,125140,94491
03/09/2009,146.90,147.43,143.13,143.71,121200,107993
03/10/2009,143.46,144.83,142.65,142.96,101070,113322
03/11/2009,143.11,144.64,142.28,144.21,114900,121277
03/12/2009,144.43,145.59,142.73,144.82,75073,113861
03/13/2009,145.11,146.43,144.36,145.41,68117,115572
03/16/2009,145.27,148.05,144.62,146.62,48134,74387
03/17/2009,146.47,147.11,145.35,146.00,74506,76198
03/18/2009,146.11,148.72,144.16,147.93,79245,77018
03/19/2009,148.67,151.69,147.32,150.81,61893,73797
03/20/2009,150.90,151.59,149.59,150.06,62253,71809
03/23/2009,150.56,152.20,150.18,151.20,74296,71946
03/24/2009,151.31,153.48,151.19,152.90,81272,76058
03/25/2009,152.70,153.11,150.82,151.16,59605,73605
03/26/2009,151.20,152.06,149.92,150.05,61549,74729
03/27/2009,150.24,150.63,148.36,148.72,54387,77376
03/30/2009,148.16,148.71,146.78,147.65,55777,78504
03/31/2009,148.33,149.45,148.10,149.14,65170,78497
04/01/2009,148.92,150.36,148.41,149.76,95951,82841
04/02/2009,150.16,153.21,150.16,152.78,66562,77014
04/03/2009,152.98,154.15,152.16,153.91,69661,78568
04/06/2009,154.11,155.28,152.37,152.92,68049,77567
04/07/2009,153.10,153.45,151.48,152.94,48870,79437
04/08/2009,153.00,153.17,152.01,152.56,65822,79249
04/09/2009,152.68,153.46,151.51,151.98,29867,85835
04/13/2009,152.03,154.38,151.71,153.98,66085,84259
04/14/2009,154.16,155.12,153.90,154.93,75703,83612
04/15/2009,154.56,156.07,153.90,155.66,58143,86191
04/16/2009,155.55,156.33,154.04,154.88,57231,83202
04/17/2009,154.90,155.09,153.19,153.57,77319,81901
04/20/2009,153.48,153.82,150.62,151.05,78067,84868
04/21/2009,151.05,152.82,150.32,152.26,108920,83393
04/22/2009,152.34,152.53,149.63,150.69,74705,85661
04/23/2009,150.50,153.09,150.09,152.51,87752,84070
04/24/2009,152.84,153.40,151.39,152.35,60435,83308
04/27/2009,152.26,152.60,150.79,152.02,66635,84138
04/28/2009,151.95,152.59,150.82,151.86,69026,84800
04/29/2009,152.01,153.81,151.83,153.46,95974,86230
04/30/2009,153.24,155.19,152.67,153.86,54222,85444
05/01/2009,153.50,155.00,153.21,154.88,47344,87475
05/04/2009,154.82,155.90,153.98,155.27,73742,88822
05/05/2009,155.97,157.29,155.48,156.35,74899,90983
05/06/2009,156.34,157.16,155.56,156.97,102700,90294
05/07/2009,156.87,157.63,155.06,155.76,72681,90618
05/08/2009,156.00,158.14,155.34,157.26,62753,89444
05/11/2009,157.91,158.11,156.33,156.99,95073,90527
05/12/2009,156.74,159.18,156.38,158.37,104302,91303
05/13/2009,158.35,158.97,156.50,157.34,74801,89690
05/14/2009,157.08,158.14,156.24,157.61,86446,89665
05/15/2009,157.83,158.53,156.97,157.25,67209,91128
05/18/2009,157.45,159.16,156.79,158.46,91531,90432
05/19/2009,159.00,160.89,158.60,160.77,106011,92584
05/20/2009,160.36,163.58,160.13,163.42,134690,94295
05/21/2009,163.03,164.56,160.78,164.03,71042,92989
05/22/2009,164.13,165.09,163.21,164.83,88803,92243
05/26/2009,164.89,165.35,163.42,164.91,100500,93284
05/27/2009,164.99,166.50,164.91,166.11,98759,94459
05/28/2009,165.22,165.82,164.18,165.06,110840,96104
05/29/2009,164.99,167.68,164.86,167.04,99762,96274
06/01/2009,167.50,170.64,167.28,170.11,118870,98723
06/02/2009,170.06,171.64,168.90,171.31,141440,98342
06/03/2009,171.48,172.31,168.06,168.41,161050,102930
06/04/2009,168.65,170.01,166.51,167.46,141830,102091
06/05/2009,167.08,168.10,165.01,165.41,128680,99462
06/08/2009,165.26,166.72,163.66,166.13,135490,100109
06/09/2009,166.03,169.27,165.50,169.01,162750,101186
06/10/2009,168.88,170.45,168.07,168.74,149250,100952
06/11/2009,169.14,171.91,169.05,171.56,106970,105984
06/12/2009,171.42,171.68,168.93,170.19,96214,102805
06/15/2009,169.86,170.13,168.08,168.61,94695,107695
06/16/2009,168.73,170.79,167.81,170.04,113080,109474
06/17/2009,169.61,170.49,167.88,169.96,118750,80874
06/18/2009,169.61,170.38,167.56,169.19,93251,81903
06/19/2009,169.09,171.32,168.73,170.84,98985,84168
06/22/2009,170.69,170.84,168.88,169.13,108530,83143
06/23/2009,169.06,170.44,167.77,170.23,107127,84182
06/24/2009,170.26,171.71,169.37,169.81,107823,87198
06/25/2009,169.81,170.41,167.99,169.41,85520,86189
06/26/2009,169.45,171.31,169.35,170.95,73653,88103
06/29/2009,170.78,171.58,169.96,171.31,126100,90971
06/30/2009,171.32,173.13,169.91,170.34,92454,91776
07/01/2009,170.36,171.17,169.50,170.45,105497,92408
07/02/2009,170.51,170.69,168.92,169.91,103233,92233
07/03/2009,169.16,170.00,168.71,169.91,25665,91100
07/06/2009,168.58,168.95,166.63,168.95,86459,89230
07/07/2009,168.44,168.66,166.85,167.23,96459,87105
07/08/2009,167.01,167.07,165.52,165.96,109020,86982
07/09/2009,166.28,169.51,165.97,169.21,81591,88942
07/10/2009,169.10,169.10,167.22,167.60,82465,88269
07/13/2009,167.55,168.11,166.01,167.76,82458,88170
07/14/2009,168.06,169.13,167.96,168.46,89491,90253
07/15/2009,168.90,170.39,168.72,169.95,78379,92808
07/16/2009,169.88,170.71,169.24,170.23,76630,92633
07/17/2009,170.10,170.12,168.34,169.49,88139,89527
07/20/2009,169.11,171.28,168.97,171.03,84063,91918
07/21/2009,171.14,171.21,169.53,170.03,96951,92773
07/22/2009,170.20,170.76,168.78,170.33,102970,93420
07/23/2009,170.32,171.56,170.04,170.89,80004,95891
07/24/2009,170.53,171.13,169.59,170.06,77120,90631
07/27/2009,170.12,170.96,169.52,170.68,103170,91168
07/28/2009,170.64,171.27,169.60,170.07,122710,91304
07/29/2009,169.92,170.39,169.15,169.27,110900,89435
07/30/2009,169.41,170.98,169.10,170.61,140350,90427
07/31/2009,170.61,173.04,170.43,172.58,129490,98780
08/03/2009,172.95,175.57,172.65,174.90,101120,103620
08/04/2009,175.03,175.75,174.57,174.91,102859,107334
08/05/2009,175.07,176.14,174.72,175.90,111844,106688
08/06/2009,175.58,176.00,173.21,173.45,125890,106381
08/07/2009,173.49,174.06,172.20,172.35,127734,103059
08/10/2009,172.44,172.91,170.00,170.31,114896,98352
08/11/2009,170.50,170.93,169.99,170.44,86970,93344
08/12/2009,170.46,171.30,169.60,170.88,116039,93787
08/13/2009,170.63,172.51,170.56,171.45,95630,91632
08/14/2009,171.42,171.80,170.53,170.73,82597,93138
08/17/2009,170.76,170.92,168.44,169.09,88132,94581
08/18/2009,169.06,171.59,168.96,171.37,103666,94620
08/19/2009,171.29,171.64,169.44,171.13,119888,94405
08/20/2009,171.11,171.79,170.21,170.77,79930,95139
08/21/2009,170.75,171.98,169.87,170.51,96830,96087
08/24/2009,170.70,171.14,169.62,169.76,72481,96811
08/25/2009,169.83,170.16,169.00,169.15,78809,98091
08/26/2009,169.12,169.26,167.30,168.08,109205,102243
08/27/2009,168.04,168.76,167.23,168.56,103856,98454
08/28/2009,168.44,169.54,168.27,168.40,94408,99156
08/31/2009,168.40,169.00,167.53,168.37,70490,98589
09/01/2009,168.58,169.46,166.83,167.32,140594,97604
09/02/2009,167.27,168.72,166.81,168.49,115312,97073
09/03/2009,168.40,169.86,168.07,168.91,97299,96592
09/04/2009,169.02,169.83,168.56,169.69,150320,96814
09/08/2009,169.70,171.60,168.94,170.57,157438,105422
09/09/2009,170.65,171.63,170.26,171.02,136570,107406
09/10/2009,171.19,172.58,170.52,172.33,153781,103371
09/11/2009,172.22,173.13,172.14,172.61,123467,103499
09/14/2009,172.51,172.51,170.90,171.44,90057,66320
09/15/2009,171.45,172.32,169.72,170.56,128286,67156
09/16/2009,170.55,171.05,170.01,170.63,107765,65657
09/17/2009,170.52,171.39,169.95,170.18,108432,68509
09/18/2009,170.21,170.24,168.00,168.42,90516,77232
09/21/2009,167.85,168.35,167.04,167.63,92060,76244
09/22/2009,167.74,169.66,167.74,169.31,94478,78130
09/23/2009,169.23,170.38,168.99,169.87,117623,79862
09/24/2009,169.01,169.57,165.92,166.31,176668,88105
09/25/2009,166.35,166.35,164.86,165.21,156696,93186
09/28/2009,165.34,165.37,163.37,164.62,108468,92908
09/29/2009,164.46,165.60,163.94,165.09,140009,98197
09/30/2009,165.26,166.95,165.12,165.71,167679,102533
10/01/2009,165.76,165.95,164.91,165.17,118612,105419
10/02/2009,165.09,165.23,163.71,164.81,126269,104548
10/05/2009,164.91,165.92,164.68,165.27,87158,108348
10/06/2009,165.05,166.18,164.42,164.79,111832,111447
10/07/2009,164.81,165.39,164.24,165.01,98317,111258
10/08/2009,165.27,166.88,165.16,166.33,130615,108231
10/09/2009,166.32,166.42,163.91,164.39,124959,112747
10/12/2009,164.18,164.50,162.95,163.59,67002,116456
10/13/2009,163.70,164.95,162.73,164.59,132321,115842
10/14/2009,164.85,165.92,164.68,164.99,131024,111544
10/15/2009,165.66,168.66,165.59,168.26,165345,107749
10/16/2009,168.33,169.66,168.17,169.21,126001,102957
10/19/2009,168.86,169.90,168.07,169.37,109069,100951
10/20/2009,169.87,170.56,168.94,169.24,125141,102818
10/21/2009,169.48,172.04,169.13,171.94,162692,97229
10/22/2009,171.61,172.05,170.53,171.71,121086,97013
10/23/2009,171.83,172.60,168.65,168.81,121086,97013
10/26/2009,168.64,169.62,168.16,168.70,131719,96257
10/27/2009,168.85,170.06,168.52,169.51,142031,95809
10/28/2009,169.41,170.35,168.52,169.77,171476,94023
10/29/2009,169.48,171.73,169.05,171.13,153950,97363
10/30/2009,171.25,171.46,169.77,170.13,147793,97249
11/02/2009,169.63,170.47,168.94,169.65,130322,96041
11/03/2009,169.68,170.24,168.29,169.04,133692,97058
11/04/2009,169.94,171.71,169.67,171.60,124178,102306
11/05/2009,171.27,172.03,170.34,171.53,140060,103357
11/06/2009,171.47,172.04,170.85,171.68,106739,101283
11/09/2009,172.18,174.10,171.84,173.48,103331,103478
11/10/2009,173.29,173.55,171.68,173.04,135901,106160
11/11/2009,173.10,173.66,171.02,171.24,149876,104782
11/12/2009,171.47,171.95,170.83,171.21,127464,103264
11/13/2009,171.44,172.75,171.42,172.51,111330,99908
11/16/2009,172.74,174.47,172.38,174.05,113798,98846
11/17/2009,173.91,174.41,173.22,173.64,106563,96609
11/18/2009,173.71,174.15,172.82,172.86,100887,96598
11/19/2009,173.13,173.17,171.74,172.15,94409,95825
11/20/2009,172.24,172.46,170.28,170.51,115171,90694
11/23/2009,170.46,172.24,170.42,171.89,76838,88622
11/24/2009,171.83,171.88,170.66,171.60,104642,88875
11/25/2009,171.53,173.16,171.48,172.84,116603,94215
11/27/2009,172.72,172.98,168.41,170.62,175645,88818
11/30/2009,170.89,171.64,169.49,169.93,121604,90174
12/01/2009,170.17,172.19,169.61,172.10,124854,89615
12/02/2009,171.83,172.68,171.20,172.11,104544,92667
12/03/2009,172.06,172.93,171.01,171.35,95249,91254
12/04/2009,171.09,172.51,169.91,169.98,143400,93086
12/07/2009,170.33,170.85,168.84,170.10,130632,91213
12/08/2009,170.21,170.46,168.26,168.64,175021,103496
12/09/2009,168.42,169.47,167.38,168.16,224716,99801
12/10/2009,168.54,169.18,167.87,168.35,157328,102019
12/11/2009,168.58,169.10,167.68,168.12,119525,104121
12/14/2009,167.95,168.97,167.60,168.75,71182,72143
12/15/2009,168.78,168.92,167.77,168.28,88622,72177
12/16/2009,168.43,169.85,168.04,168.82,110260,68548
12/17/2009,168.96,169.14,166.52,167.27,128574,71121
12/18/2009,167.35,168.23,166.24,166.92,109032,70600
12/21/2009,166.97,167.37,166.01,166.26,61063,71964
12/22/2009,166.13,166.74,164.93,165.41,72773,74083
12/23/2009,165.37,165.70,164.98,165.25,54246,75661
12/24/2009,165.32,165.97,165.00,165.19,23601,75607
12/28/2009,165.20,165.90,165.05,165.75,21634,77102
12/29/2009,165.73,166.43,164.40,164.78,71305,84792
12/30/2009,164.78,166.69,164.06,166.42,76856,81622
12/31/2009,166.54,168.10,166.22,167.27,54547,81946
01/04/2010,166.99,168.16,166.33,166.66,107787,89500
01/05/2010,166.67,167.29,165.39,165.73,102490,92891
01/06/2010,165.64,166.40,165.11,165.73,106294,94186
01/07/2010,165.79,166.33,164.71,165.16,91076,90294
01/08/2010,165.05,166.86,164.89,166.08,122253,91541
01/11/2010,166.32,167.69,166.32,166.75,80876,90697
01/12/2010,166.87,167.71,166.36,167.52,91718,89147
01/13/2010,167.39,168.82,167.12,168.56,124335,80600
01/14/2010,168.46,169.22,168.25,169.05,81619,79418
01/15/2010,169.06,169.30,167.86,168.34,103310,80294
01/19/2010,168.47,170.35,168.25,169.36,167504,83337
01/20/2010,169.36,169.44,168.18,168.62,119239,81535
01/21/2010,168.68,168.87,166.98,167.84,152749,80844
01/22/2010,167.67,168.60,166.52,166.93,154629,86062
01/25/2010,166.81,168.37,166.71,168.19,99185,85011
01/26/2010,168.20,168.44,166.69,167.20,137001,86475
01/27/2010,167.23,168.21,166.82,167.49,127605,81047
01/28/2010,167.49,168.54,166.87,167.03,141150,82536
01/29/2010,167.03,167.55,165.56,165.67,147585,88913
02/01/2010,165.19,165.56,164.26,165.30,118052,93686
02/02/2010,165.40,165.73,164.80,165.51,98398,95712
02/03/2010,165.55,166.49,164.54,164.72,101169,99097
02/04/2010,164.79,164.98,163.06,163.33,165774,105598
02/05/2010,163.40,163.52,161.35,161.81,177023,109444
02/08/2010,161.80,162.38,161.12,161.90,93965,109940
02/09/2010,161.68,163.26,161.39,162.63,152140,116362
02/10/2010,162.83,163.43,161.48,161.66,143955,123663
02/11/2010,161.79,162.95,161.36,162.73,154275,121728
02/12/2010,162.74,163.21,161.57,162.44,124733,118801
02/16/2010,162.44,163.75,161.89,163.58,129042,119085
02/17/2010,163.60,163.94,162.43,162.66,108329,123141
02/18/2010,162.63,162.68,160.68,162.05,127963,123453
02/19/2010,160.66,160.74,159.17,160.44,136491,123179
02/22/2010,160.30,161.00,160.10,160.67,92252,123412
02/23/2010,160.57,161.55,159.72,160.22,151929,125106
02/24/2010,160.11,160.56,159.65,159.77,121597,126872
02/25/2010,159.91,160.02,157.68,158.25,179695,126870
02/26/2010,158.43,159.00,157.31,158.26,161492,128080
03/01/2010,157.38,157.86,153.59,155.89,213694,127680
03/02/2010,155.73,155.78,154.34,155.29,167511,129123
03/03/2010,155.41,157.12,155.39,156.74,165501,132950
03/04/2010,156.82,157.17,155.86,156.10,137844,133022
03/05/2010,156.07,157.48,155.73,157.38,167710,125525
03/08/2010,157.26,157.76,156.11,156.55,201237,146548
03/09/2010,156.39,156.39,155.16,155.68,174635,148562
03/10/2010,155.83,155.98,154.54,155.54,211025,157601
03/11/2010,155.62,156.48,155.25,156.30,167519,171641
03/12/2010,156.45,158.25,156.07,157.53,135489,171969
03/15/2010,157.59,157.88,156.00,156.26,102763,125848
03/16/2010,156.36,158.43,155.60,158.14,129974,121551
03/17/2010,158.30,159.65,157.90,159.11,140584,121034
03/18/2010,159.01,159.11,157.98,158.34,113497,124237
03/19/2010,158.28,158.39,155.72,156.02,137733,132918
03/22/2010,155.88,156.90,155.13,156.73,91083,128176
03/23/2010,156.88,156.95,155.55,156.14,104557,130646
03/24/2010,156.28,156.28,154.46,154.73,130401,132049
03/25/2010,154.60,155.95,153.80,154.04,134281,136299
03/26/2010,153.98,155.07,153.89,154.76,98304,137040
03/29/2010,155.34,156.03,154.74,155.57,81128,138834
03/30/2010,155.65,157.13,155.56,156.46,119354,132818
03/31/2010,156.52,157.89,156.27,157.64,120847,129789
04/01/2010,157.69,158.83,157.56,158.54,120847,129789
04/02/2010,158.77,158.82,157.66,157.77,12095,129749
04/05/2010,158.46,159.05,158.03,158.78,42429,128968
04/06/2010,158.73,158.91,157.12,158.58,116144,129290
04/07/2010,158.51,158.71,157.22,158.57,109268,125883
04/08/2010,158.15,158.70,157.25,158.56,101962,122730
04/09/2010,158.63,159.78,158.53,159.53,120256,118607
04/12/2010,160.27,160.70,159.37,159.61,85929,121125
04/13/2010,159.50,160.35,159.19,159.59,81428,121947
04/14/2010,159.63,160.78,159.57,160.59,88620,121193
04/15/2010,160.57,161.10,159.71,160.90,105998,122386
04/16/2010,160.64,160.71,159.43,159.76,115431,120750
04/19/2010,158.82,159.31,157.76,158.98,125629,119472
04/20/2010,159.18,160.21,158.75,159.51,94428,121340
04/21/2010,159.62,160.27,159.16,159.91,96596,121968
04/22/2010,159.98,160.62,159.27,159.74,137824,118632
04/23/2010,159.72,159.90,158.81,159.59,131904,119836
04/26/2010,159.65,160.88,159.59,160.44,107986,119723
04/27/2010,160.44,160.71,158.26,158.44,164927,119871
04/28/2010,158.39,158.75,157.12,157.81,166133,125625
04/29/2010,157.87,159.31,157.31,159.21,127136,124493
04/30/2010,159.21,159.79,158.40,158.63,127461,122386
05/03/2010,159.05,159.07,157.98,158.44,60494,125259
05/04/2010,158.27,158.53,156.78,157.49,160712,133988
05/05/2010,157.27,157.61,156.56,156.90,154711,133655
05/06/2010,156.91,157.38,152.40,153.71,247442,141618
05/07/2010,153.73,155.27,150.66,153.98,307280,135385
05/10/2010,154.19,156.44,153.48,154.67,195308,143136
05/11/2010,154.45,155.96,153.10,155.41,218784,142670
05/12/2010,155.20,156.33,154.05,154.09,154146,149356
05/13/2010,154.19,155.06,151.84,152.29,136356,154799
05/14/2010,151.82,152.27,150.85,151.48,156735,149381
05/17/2010,151.08,151.37,148.40,150.66,155112,150869
05/18/2010,150.73,151.12,148.94,149.11,142563,152357
05/19/2010,148.78,150.40,148.26,149.87,170496,149150
05/20/2010,150.40,150.50,148.17,150.07,171290,154088
05/21/2010,149.33,150.88,149.07,150.62,139478,150928
05/24/2010,150.52,151.19,149.42,150.35,85463,151311
05/25/2010,150.01,150.04,148.50,149.55,106704,151212
05/26/2010,150.19,150.36,149.20,150.01,109873,146513
05/27/2010,149.63,151.99,149.63,151.77,140185,144185
05/28/2010,151.52,152.03,150.25,150.78,126239,150469
06/01/2010,150.32,153.14,150.15,152.53,178832,149216
06/02/2010,152.36,153.62,151.44,152.33,136340,152543
06/03/2010,152.48,153.34,151.77,152.27,94773,154004
06/04/2010,152.06,152.72,150.40,150.49,141295,156732
06/07/2010,150.15,151.54,149.77,150.60,162164,159840
06/08/2010,150.56,151.20,149.37,149.71,194624,167076
06/09/2010,150.51,151.98,149.84,151.18,161005,160500
06/10/2010,151.22,153.10,150.96,152.90,220875,161125
06/11/2010,152.97,153.52,150.93,151.00,182251,156801
06/14/2010,151.43,153.99,151.40,153.61,115219,120697
06/15/2010,153.28,154.28,152.73,154.04,112481,119301
06/16/2010,153.95,154.46,153.15,153.83,104431,113332
06/17/2010,153.12,154.30,152.33,153.99,108426,115068
06/18/2010,154.08,154.78,153.61,153.84,72337,113886
06/21/2010,154.38,155.25,153.28,153.47,80852,124215
06/22/2010,153.50,154.49,152.76,154.00,142348,126890
06/23/2010,153.92,155.61,153.90,155.52,123628,124303
06/24/2010,155.50,156.00,155.03,155.22,111251,120580
06/25/2010,155.10,156.68,154.43,156.26,118526,121258
06/28/2010,156.44,157.18,156.05,156.96,92103,124214
06/29/2010,156.86,157.08,156.00,156.68,110871,120422
06/30/2010,156.52,156.63,155.23,155.44,137033,122251
07/01/2010,155.31,157.85,154.61,157.34,180237,126393
07/02/2010,157.66,158.17,157.37,157.82,88088,122157
07/06/2010,157.82,158.15,156.69,157.33,106092,122752
07/07/2010,157.37,158.06,156.68,157.91,90887,128409
07/08/2010,157.69,158.36,156.87,157.40,92353,123302
07/09/2010,157.45,157.91,156.34,156.49,82266,123309
07/12/2010,156.51,156.73,155.34,156.18,115146,138433
07/13/2010,156.09,157.82,155.51,157.43,138923,130731
07/14/2010,157.60,158.83,157.57,158.36,114226,125536
07/15/2010,158.49,160.58,158.21,159.97,102676,123500
07/16/2010,160.30,160.35,158.63,158.89,96644,127531
07/19/2010,158.75,159.37,157.87,158.22,79337,128901
07/20/2010,158.16,158.95,157.38,158.50,100597,128518
07/21/2010,158.59,159.23,157.10,157.30,113115,122441
07/22/2010,157.53,158.82,157.35,158.51,79519,122728
07/23/2010,158.46,160.35,158.41,160.07,128693,126110
07/26/2010,160.03,161.05,159.94,160.61,75965,122212
07/27/2010,160.69,161.87,160.26,161.73,96451,124691
07/28/2010,161.76,162.23,161.30,161.69,92102,126613
07/29/2010,161.77,162.48,161.64,162.03,84171,129944
07/30/2010,161.98,163.07,161.36,162.81,110718,125203
08/02/2010,163.03,164.92,162.79,164.78,121043,138393
08/03/2010,164.70,165.53,164.48,165.29,92782,136868
08/04/2010,165.32,165.49,164.41,164.80,97490,132773
08/05/2010,164.72,165.10,164.04,164.65,84678,139160
08/06/2010,164.75,165.85,164.23,165.51,102545,134638
08/09/2010,165.77,165.81,164.78,164.82,60011,139476
08/10/2010,164.92,164.95,162.95,164.63,132716,144449
08/11/2010,164.38,164.49,162.13,162.57,161150,133021
08/12/2010,162.31,162.99,161.47,161.52,107450,139965
08/13/2010,161.61,162.68,161.58,161.77,94658,140187
08/16/2010,161.78,162.89,161.19,162.32,98227,146850
08/17/2010,162.45,162.83,161.37,161.57,115648,140880
08/18/2010,161.65,162.76,160.83,161.92,124445,141260
08/19/2010,161.86,162.59,160.94,161.81,142824,135487
08/20/2010,161.77,161.82,160.48,161.18,93422,133300
08/23/2010,161.22,162.07,160.85,161.19,90858,139869
08/24/2010,160.89,160.98,159.57,160.26,127388,135222
08/25/2010,159.91,160.59,159.74,160.36,96047,140535
08/26/2010,160.57,161.85,160.52,161.11,112812,135490
08/27/2010,161.09,161.35,160.29,161.00,103975,137933
08/30/2010,161.18,161.65,160.36,160.52,61632,141988
08/31/2010,160.46,160.62,159.13,159.19,124463,148057
09/01/2010,159.34,160.79,159.22,160.31,129422,140826
09/02/2010,160.40,160.42,159.37,159.74,93297,144258
09/03/2010,159.82,160.60,159.77,160.34,101951,138732
09/07/2010,160.36,160.76,158.83,159.30,184970,145712
09/08/2010,159.41,161.22,159.35,160.67,214560,148816
09/09/2010,160.65,160.67,159.63,160.16,158122,145146
09/10/2010,160.21,160.56,159.29,159.38,157527,142129
09/13/2010,159.38,160.76,159.38,159.92,103224,70517
09/14/2010,160.12,161.74,159.33,161.52,136526,74850
09/15/2010,161.24,162.39,160.35,162.06,111352,73231
09/16/2010,162.16,162.37,161.25,162.29,95553,73621
09/17/2010,162.14,163.18,161.82,162.08,81557,71374
09/20/2010,162.39,162.75,161.24,161.31,76321,71735
09/21/2010,161.35,162.33,160.91,162.08,93164,68047
09/22/2010,161.91,163.03,161.88,162.57,114937,70142
09/23/2010,162.43,163.31,162.01,162.82,99559,68683
09/24/2010,162.68,164.32,162.30,164.06,99164,74633
09/27/2010,164.11,164.56,163.75,164.43,65795,77263
09/28/2010,164.02,164.85,163.07,163.79,153085,77713
09/29/2010,163.91,164.64,163.51,163.81,85274,78972
09/30/2010,163.82,165.13,162.59,163.04,181345,82218
10/01/2010,163.05,164.64,162.94,164.23,108657,83077
10/04/2010,164.00,164.61,163.36,164.22,93038,84493
10/05/2010,164.14,165.21,163.37,164.93,107730,86536
10/06/2010,164.77,165.30,164.21,164.82,90553,85104
10/07/2010,164.74,166.10,164.15,164.68,129419,86931
10/08/2010,164.59,165.56,164.14,165.39,106496,91212
10/11/2010,165.49,165.54,164.58,164.85,52988,87956
10/12/2010,164.73,165.07,163.44,163.66,131235,92868
10/13/2010,163.98,165.01,163.65,164.83,115517,94254
10/14/2010,164.82,166.58,164.81,165.77,117801,93327
10/15/2010,165.96,166.97,165.61,165.74,110198,92047
10/18/2010,165.74,165.95,164.27,165.24,85387,93612
10/19/2010,164.82,165.35,162.69,162.87,141640,90068
10/20/2010,162.94,164.70,162.38,164.45,109542,89140
10/21/2010,164.31,164.43,162.74,163.00,116071,90748
10/22/2010,163.01,163.43,162.41,162.59,72995,88913
10/25/2010,162.57,163.64,162.56,163.37,99366,89968
10/26/2010,163.16,164.88,162.80,164.24,158515,86611
10/27/2010,164.37,164.57,163.21,163.47,119401,86392
10/28/2010,163.67,165.70,163.53,165.22,116688,88806
10/29/2010,165.35,166.37,164.69,166.10,112747,90423
11/01/2010,166.38,166.82,165.82,166.25,78349,91249
11/02/2010,166.30,166.72,165.55,166.15,85397,91819
11/03/2010,166.25,167.76,166.00,167.06,139906,94207
11/04/2010,166.94,168.92,166.78,168.73,144870,98014
11/05/2010,168.64,168.88,167.59,167.82,144870,97803
11/08/2010,167.83,168.06,166.95,167.23,86506,99581
11/09/2010,167.32,167.78,165.43,166.31,117967,96533
11/10/2010,165.74,167.31,165.54,167.10,142959,102649
11/11/2010,167.06,167.73,166.74,167.01,91950,102447
11/12/2010,167.13,167.79,165.80,167.39,136711,104551
11/15/2010,167.17,167.48,166.35,166.58,85307,104438
11/16/2010,166.46,166.81,164.32,164.73,148758,98997
11/17/2010,164.76,165.43,164.49,164.92,80906,93514
11/18/2010,165.01,166.51,164.83,166.38,105712,94409
11/19/2010,166.41,166.91,165.31,165.68,89708,93251
11/22/2010,165.92,166.79,164.92,165.41,92366,93630
11/23/2010,165.53,165.57,163.52,163.75,130990,93914
11/24/2010,163.79,164.33,163.35,163.56,99763,91338
11/26/2010,163.70,163.89,161.85,162.04,100562,88530
11/29/2010,162.01,162.42,161.23,161.62,89956,88307
11/30/2010,161.56,161.92,160.80,161.66,121098,85587
12/01/2010,161.50,162.44,161.43,162.13,140194,88875
12/02/2010,162.05,162.64,161.08,161.75,141368,89776
12/03/2010,161.92,163.86,161.77,163.39,132213,83548
12/06/2010,163.71,163.72,162.50,163.14,95495,83693
12/07/2010,163.12,164.20,162.99,163.64,126241,86269
12/08/2010,163.45,164.34,162.66,164.02,149773,88838
12/09/2010,164.01,164.40,163.08,163.47,157831,94920
12/10/2010,163.70,164.61,163.45,163.98,113580,92453
12/13/2010,163.98,164.95,163.16,164.66,101725,67537
12/14/2010,164.54,165.08,163.35,163.75,105349,67820
12/15/2010,163.65,163.72,161.28,161.37,118925,70989
12/16/2010,161.48,162.36,161.40,162.04,80523,70401
12/17/2010,162.35,162.47,160.52,161.10,95708,70996
12/20/2010,161.16,161.75,160.75,161.03,68410,70562
12/21/2010,161.04,161.68,160.34,160.62,66748,69207
12/22/2010,160.68,160.94,159.54,159.67,71956,77241
12/23/2010,159.86,160.46,159.71,160.12,58385,78678
12/27/2010,160.33,160.56,159.69,160.03,31797,78346
12/28/2010,160.19,161.13,159.43,159.69,59740,82141
12/29/2010,159.72,161.18,159.50,161.09,58960,81123
12/30/2010,161.00,161.35,159.65,160.15,66633,85200
12/31/2010,160.27,162.67,160.24,161.89,47307,82354
01/03/2011,161.44,161.78,160.32,160.91,69780,87022
01/04/2011,160.83,162.46,160.55,161.81,110918,84270
01/05/2011,161.92,162.28,160.51,160.93,110048,91167
01/06/2011,161.07,161.65,160.47,160.69,126057,91957
01/07/2011,160.56,161.81,160.05,161.49,118620,85999
01/10/2011,161.34,162.03,160.75,161.83,90965,87419
01/11/2011,161.76,162.41,161.14,162.01,116487,86335
01/12/2011,161.99,163.81,161.83,163.66,138943,87099
01/13/2011,163.51,164.86,163.21,164.44,129503,85340
01/14/2011,164.34,164.90,164.11,164.83,114368,82269
01/18/2011,164.78,166.62,164.36,165.77,200975,90630
01/19/2011,165.67,166.40,165.46,165.89,114636,90738
01/20/2011,165.93,166.13,164.39,165.13,148516,93455
01/21/2011,164.99,166.19,164.69,166.03,107971,97326
01/24/2011,166.00,166.16,165.24,165.96,86332,99507
01/25/2011,165.84,166.21,163.53,163.95,204549,96648
01/26/2011,164.24,165.47,163.71,164.81,138341,101634
01/27/2011,165.12,165.94,164.82,165.38,131323,102145
01/28/2011,165.37,165.70,164.28,164.71,122839,100479
01/31/2011,164.50,166.53,164.26,166.28,138871,107234
02/01/2011,166.18,167.67,166.13,167.43,137012,108587
02/02/2011,167.40,168.33,167.32,167.75,107910,107911
02/03/2011,167.87,168.82,167.25,167.51,136311,111221
02/04/2011,167.41,167.77,166.40,166.99,121330,114495
02/07/2011,167.05,167.89,166.92,167.23,97693,117861
02/08/2011,167.20,167.66,166.31,166.61,129123,111363
02/09/2011,166.80,167.29,166.36,167.00,119674,115740
02/10/2011,167.01,167.44,166.09,166.96,142437,121111
02/11/2011,166.95,167.17,165.67,166.27,118062,113442
02/14/2011,166.12,166.83,165.86,166.39,95984,111215
02/15/2011,166.35,167.78,166.11,167.36,202830,132763
02/16/2011,167.28,167.90,165.91,167.00,199946,121903
02/17/2011,166.97,167.93,166.80,167.78,105160,124476
02/18/2011,167.79,168.69,167.54,168.51,127542,126357
02/22/2011,168.53,168.62,167.06,167.50,174244,123774
02/23/2011,167.51,169.04,167.50,168.07,119542,126009
02/24/2011,168.18,168.61,166.90,167.46,131827,126027
02/25/2011,167.49,167.67,166.36,167.05,114053,117488
02/28/2011,166.93,168.84,166.79,168.76,138624,124879
03/01/2011,168.73,169.37,168.58,168.71,127850,126350
03/02/2011,168.69,169.51,168.22,169.36,106300,127833
03/03/2011,169.33,169.41,168.59,168.81,139146,127678
03/04/2011,168.82,169.38,168.28,168.69,112310,131238
03/07/2011,168.85,169.48,167.89,168.07,140990,135828
03/08/2011,168.17,168.18,167.33,167.67,138751,145352
03/09/2011,167.67,168.52,167.44,168.01,181377,149346
03/10/2011,167.95,168.22,166.46,166.57,247803,155907
03/11/2011,166.76,166.98,165.85,166.79,153818,153104
03/14/2011,166.95,168.10,166.36,167.83,121332,100509
03/15/2011,167.82,167.95,165.87,167.02,125258,98181
03/16/2011,167.02,167.41,165.96,166.38,116258,96930
03/17/2011,165.99,167.84,165.93,167.46,118590,95779
03/18/2011,167.55,168.69,166.69,168.25,123655,99935
03/21/2011,168.29,169.38,168.16,169.28,97448,111474
03/22/2011,169.09,170.11,169.03,169.91,91917,117974
03/23/2011,169.79,170.02,168.28,168.55,100763,122033
03/24/2011,168.51,168.78,167.01,167.17,138885,109798
03/25/2011,167.36,167.53,166.16,166.25,108877,109011
03/28/2011,166.16,166.49,165.47,166.12,105514,106800
03/29/2011,165.99,166.53,165.53,166.01,90702,104506
03/30/2011,166.13,166.95,165.90,166.80,108264,99990
03/31/2011,166.83,167.63,166.25,166.78,132394,98434
04/01/2011,166.46,167.44,165.80,167.30,153709,98591
04/04/2011,167.23,167.88,167.18,167.38,81906,99626
04/05/2011,167.44,169.10,167.01,168.96,148533,111219
04/06/2011,169.01,169.75,168.67,169.38,123721,112015
04/07/2011,169.41,169.91,168.72,169.27,105491,112314
04/08/2011,169.33,170.40,169.26,169.62,107112,119559
04/11/2011,169.87,170.39,169.26,169.58,85711,122890
04/12/2011,169.60,169.61,168.40,168.68,138640,120316
04/13/2011,168.73,169.24,168.50,168.87,91420,112864
04/14/2011,168.78,170.00,168.68,169.66,107918,114917
04/15/2011,169.58,169.87,169.05,169.20,85584,113454
04/18/2011,169.37,169.44,167.79,168.67,157179,110409
04/19/2011,168.85,169.60,168.45,169.30,107035,108808
04/20/2011,169.35,170.44,169.22,170.23,121402,112586
04/21/2011,170.13,172.16,170.02,171.64,138585,118655
04/25/2011,171.31,171.68,170.84,171.22,34429,115845
04/26/2011,171.07,171.49,170.47,170.92,93651,118486
04/27/2011,171.00,172.54,170.51,171.94,127833,120816
04/28/2011,172.42,173.64,172.38,172.59,94200,119275
04/29/2011,172.61,173.41,172.41,173.27,66199,120685
05/02/2011,173.33,173.57,172.51,172.99,69353,125242
05/03/2011,172.64,172.79,170.79,170.84,132991,124003
05/04/2011,171.03,171.92,170.70,171.33,109516,124258
05/05/2011,171.12,171.62,169.75,169.96,151793,115855
05/06/2011,170.07,170.82,169.73,169.84,150206,116569
05/09/2011,169.95,170.26,168.88,170.08,126118,110157
05/10/2011,170.10,170.41,169.34,169.69,77301,108117
05/11/2011,169.86,171.38,169.41,169.63,149979,113490
05/12/2011,169.72,170.01,168.55,169.04,154811,111384
05/13/2011,169.10,169.28,167.65,167.94,128859,105401
05/16/2011,167.95,168.75,167.80,168.29,90978,107664
05/17/2011,168.24,169.25,167.95,168.70,127077,103753
05/18/2011,168.65,169.08,167.25,167.64,161644,108134
05/19/2011,167.87,168.63,167.50,168.35,122974,107676
05/20/2011,168.46,169.27,167.88,168.99,129316,107193
05/23/2011,168.49,168.56,167.07,167.39,121696,112270
05/24/2011,167.46,168.32,166.79,168.04,105845,110336
05/25/2011,168.07,169.17,167.55,169.00,124877,109834
05/26/2011,168.95,170.32,168.93,170.15,121020,109989
05/27/2011,170.14,171.34,170.03,171.13,107032,110503
05/31/2011,171.05,171.72,170.47,170.76,114834,108085
06/01/2011,170.73,171.20,169.53,169.84,131043,107584
06/02/2011,169.54,170.43,169.26,169.85,105811,108640
06/03/2011,169.97,170.64,169.07,170.41,112435,107838
06/06/2011,170.44,170.85,169.65,169.76,98753,113844
06/07/2011,169.77,170.99,169.49,170.76,145431,113641
06/08/2011,170.67,170.72,169.72,170.17,165086,113451
06/09/2011,170.26,170.95,169.84,169.91,166052,115422
06/10/2011,169.90,170.09,168.35,168.66,181830,119437
06/13/2011,168.72,170.16,168.43,170.01,108558,91624
06/14/2011,170.02,170.70,169.82,170.11,92763,90719
06/15/2011,170.00,170.11,167.95,168.07,142054,92888
06/16/2011,168.23,168.54,167.07,167.34,134543,92930
06/17/2011,167.91,168.27,167.22,168.05,88739,90818
06/20/2011,167.97,168.64,167.37,168.10,81763,94535
06/21/2011,168.29,168.83,167.95,168.76,75919,92824
06/22/2011,168.70,168.93,166.89,167.09,126292,97695
06/23/2011,167.04,167.04,165.69,166.27,144075,101891
06/24/2011,166.50,166.77,165.82,166.03,91242,103060
06/27/2011,165.98,166.43,165.43,166.07,94445,101005
06/28/2011,166.21,166.75,165.41,166.20,132715,102414
06/29/2011,166.27,167.06,166.01,166.85,116768,104913
06/30/2011,166.95,167.49,166.04,166.98,128697,109864
07/01/2011,166.76,167.28,166.19,166.96,103092,112591
07/05/2011,166.97,167.72,166.22,166.80,138818,118359
07/06/2011,167.00,167.24,165.79,166.13,115206,123063
07/07/2011,166.39,166.52,165.76,165.94,95244,123404
07/08/2011,166.05,167.14,165.64,166.64,135006,113032
07/11/2011,166.64,166.75,165.14,165.41,118530,120427
07/12/2011,165.48,165.85,164.15,165.71,147706,121134
07/13/2011,165.67,167.57,165.38,167.40,154114,106189
07/14/2011,167.98,168.31,167.31,167.64,104639,101854
07/15/2011,167.77,168.11,167.11,167.57,84055,99100
07/18/2011,167.65,167.72,166.40,166.81,109441,101546
07/19/2011,166.88,168.15,166.83,167.54,107436,98291
07/20/2011,167.58,168.03,167.04,167.97,96834,101328
07/21/2011,167.90,169.70,167.58,169.51,125865,99937
07/22/2011,169.57,169.64,169.00,169.43,78041,99513
07/25/2011,169.66,169.74,168.98,169.34,63285,100105
07/26/2011,169.20,170.67,169.03,170.60,95722,97415
07/27/2011,170.59,171.07,169.50,169.64,97529,96891
07/28/2011,169.66,170.19,169.31,169.83,73562,96147
07/29/2011,170.09,171.11,168.98,170.70,115313,99689
08/01/2011,170.26,171.15,168.76,169.39,117737,98880
08/02/2011,169.45,169.68,168.65,169.36,86831,103172
08/03/2011,169.26,170.72,168.92,170.60,104204,104262
08/04/2011,170.78,170.82,168.82,169.24,130707,102757
08/05/2011,168.97,170.41,168.69,170.03,148174,101116
08/08/2011,170.88,171.33,169.37,169.95,135222,107449
08/09/2011,169.53,170.53,168.15,168.55,164858,105544
08/10/2011,169.69,169.74,167.63,168.01,137735,104951
08/11/2011,167.73,168.85,167.52,168.55,114386,104242
08/12/2011,168.75,169.55,168.07,169.21,103182,99126
08/15/2011,169.25,170.53,168.98,170.28,74260,100475
08/16/2011,170.24,171.21,169.64,170.98,87768,100562
08/17/2011,170.93,172.37,169.86,172.09,113139,99074
08/18/2011,171.81,171.97,170.62,171.45,96440,99011
08/19/2011,171.47,172.62,170.87,171.24,105329,104522
08/22/2011,171.27,171.64,170.78,171.27,63566,102639
08/23/2011,171.05,172.17,170.96,171.44,75210,102177
08/24/2011,171.32,171.79,170.04,170.14,87104,97652
08/25/2011,170.09,170.42,168.88,169.27,90803,101624
08/26/2011,169.31,170.25,168.51,169.79,95097,98925
08/29/2011,169.88,170.98,169.79,170.52,57678,91554
08/30/2011,170.53,170.63,168.99,169.52,90296,96164
08/31/2011,169.48,169.80,168.72,168.85,69066,96043
09/01/2011,168.98,169.01,167.75,168.21,93280,102336
09/02/2011,168.28,168.99,168.16,168.52,73070,103905
09/06/2011,168.02,168.52,165.65,165.80,187051,110372
09/07/2011,165.89,166.85,165.61,166.23,111072,117872
09/08/2011,166.26,167.28,165.60,166.12,131767,122642
09/09/2011,166.17,166.35,164.89,165.09,134001,134265
09/12/2011,164.71,165.34,164.20,164.60,131683,136997
09/13/2011,165.03,165.18,164.10,164.50,152890,142120
09/14/2011,164.23,164.64,163.53,164.16,211054,163470
09/15/2011,164.13,165.13,163.80,164.54,200169,178582
09/16/2011,164.47,164.87,163.90,164.35,108948,183564
09/19/2011,163.66,164.02,162.79,163.39,95052,142934
09/20/2011,163.49,163.96,163.02,163.77,97517,143678
09/21/2011,163.87,163.91,161.35,162.27,149441,148761
09/22/2011,161.52,161.66,159.77,160.03,154438,149926
09/23/2011,159.91,161.42,159.89,160.73,128650,148222
09/26/2011,161.24,162.19,160.82,161.72,116287,147088
09/27/2011,162.05,163.54,161.74,163.05,123920,154682
09/28/2011,162.85,163.27,162.14,162.50,99660,157569
09/29/2011,162.23,163.67,161.93,162.40,114835,154853
09/30/2011,162.56,163.17,161.82,162.70,116512,152193
10/03/2011,162.03,162.56,160.74,161.18,136681,164273
10/04/2011,160.86,161.51,159.91,160.29,119126,175500
10/05/2011,161.28,161.47,160.46,161.19,121068,176256
10/06/2011,161.13,161.54,158.40,160.83,184064,190985
10/07/2011,160.90,162.97,160.75,162.05,141089,180220
10/10/2011,162.04,163.40,161.78,163.27,77563,178408
10/11/2011,163.09,163.14,162.22,162.39,88459,184709
10/12/2011,162.42,164.50,161.93,164.04,125495,176903
10/13/2011,163.88,164.35,163.16,164.20,96853,175705
10/14/2011,164.12,165.03,163.73,164.66,81807,175200
10/17/2011,164.70,165.00,163.81,164.03,75273,175138
10/18/2011,163.91,164.73,162.82,163.67,121911,175827
10/19/2011,163.62,165.08,163.51,164.14,105252,170762
10/20/2011,164.21,164.58,163.33,164.38,119391,171041
10/21/2011,164.43,166.25,164.06,165.90,102229,167838
10/24/2011,165.94,166.59,165.51,166.51,84648,170120
10/25/2011,166.46,166.92,166.09,166.67,96362,171560
10/26/2011,166.60,166.94,165.41,166.09,100995,170753
10/27/2011,166.17,167.94,166.06,167.67,121975,170648
10/28/2011,167.58,168.05,167.23,167.69,82519,168732
10/31/2011,167.80,168.19,166.19,167.87,131049,167071
11/01/2011,167.44,167.51,165.44,166.16,128175,169466
11/02/2011,166.11,167.04,165.70,166.16,104140,160139
11/03/2011,165.94,167.16,165.28,166.92,137822,154339
11/04/2011,166.93,167.19,165.99,166.93,94398,152454
11/07/2011,167.12,167.34,166.33,167.11,75824,149791
11/08/2011,167.08,167.85,166.90,167.74,70694,147978
11/09/2011,167.42,167.75,165.60,165.74,110287,150160
11/10/2011,165.67,166.41,165.24,165.61,115421,150040
11/11/2011,165.91,167.49,165.51,167.17,80876,146445
11/14/2011,167.24,167.51,165.34,165.48,81024,149321
11/15/2011,165.56,165.88,164.54,164.88,81349,150702
11/16/2011,164.71,164.78,163.86,164.30,97776,154679
11/17/2011,163.84,164.71,163.47,164.12,91941,157337
11/18/2011,164.19,165.46,163.94,164.41,78262,157258
11/21/2011,164.44,164.48,162.66,163.02,84147,160577
11/22/2011,163.03,163.49,162.38,162.82,73673,160287
11/23/2011,163.00,163.13,161.52,161.66,106984,180388
11/25/2011,161.83,162.24,160.81,160.93,83957,184869
11/28/2011,161.50,162.53,161.17,161.51,81006,193216
11/29/2011,161.64,163.17,161.28,162.63,94222,190728
11/30/2011,162.68,164.41,161.84,163.58,143559,186143
12/01/2011,163.58,164.14,162.95,163.44,116424,200761
12/02/2011,163.48,163.88,162.35,162.54,89628,205370
12/05/2011,162.60,163.82,162.47,163.04,94941,203983
12/06/2011,163.04,163.25,162.21,162.64,102622,209514
12/07/2011,162.60,163.86,162.47,163.54,108000,200657
12/08/2011,163.63,164.28,162.70,163.02,109287,200389
12/09/2011,162.96,163.94,162.45,163.21,102765,195419
12/12/2011,163.10,163.21,161.98,162.40,131681,204947
12/13/2011,162.40,162.88,161.09,161.52,185843,218203
12/14/2011,161.51,161.91,160.68,161.27,201452,243753
12/15/2011,161.22,161.91,160.95,161.63,169852,266751
12/16/2011,161.74,162.19,161.43,161.59,93151,267655
12/19/2011,161.86,162.06,161.25,161.81,61177,195214
12/20/2011,161.57,163.62,161.51,163.22,96144,183972
12/21/2011,163.20,164.35,163.07,163.30,80525,180254
12/22/2011,163.38,163.90,163.11,163.42,49104,180728
12/23/2011,163.40,163.70,162.44,162.90,38885,183353
12/27/2011,163.15,163.42,162.94,163.31,21226,183119
12/28/2011,163.23,163.55,161.01,161.14,55866,201295
12/29/2011,161.24,161.39,160.24,160.56,55398,206632
12/30/2011,160.72,162.36,160.64,161.74,63594,206632
01/03/2012,162.38,163.37,162.31,163.12,63270,193595
01/04/2012,163.08,163.33,162.42,162.74,81378,189586
01/05/2012,162.74,162.93,161.31,161.49,78524,195154
01/06/2012,161.59,161.89,160.39,160.88,49811,201482
01/09/2012,160.85,161.35,160.60,161.03,53482,203303
01/10/2012,161.27,161.66,161.10,161.50,108230,199855
01/11/2012,161.48,161.53,159.74,159.80,96365,208342
01/12/2012,159.97,160.33,159.44,160.05,98326,214790
01/13/2012,160.03,160.74,158.96,159.67,89820,214790
01/17/2012,159.60,161.96,159.47,159.92,88408,211418
01/18/2012,159.98,161.10,159.93,160.91,80616,206633
01/19/2012,160.97,161.60,160.81,161.34,88410,199749
01/20/2012,161.56,162.42,161.17,162.06,78386,193381
01/23/2012,162.09,162.70,161.84,162.29,79588,190954
01/24/2012,162.31,162.88,161.99,162.71,107250,190040
01/25/2012,162.87,163.46,161.99,163.13,97116,188833
01/26/2012,163.22,164.04,163.18,163.63,100040,188953
01/27/2012,163.57,164.09,163.09,163.90,66774,191914
01/30/2012,163.96,163.97,163.21,163.66,102570,191982
01/31/2012,163.75,164.68,163.65,164.23,106310,190849
02/01/2012,164.36,165.54,163.74,165.03,77683,196123
02/02/2012,165.08,165.28,164.64,164.71,96611,193667
02/03/2012,164.77,165.29,164.19,164.99,71829,192663
02/06/2012,164.88,165.11,163.99,164.95,86021,192417
02/07/2012,164.92,165.75,164.58,165.65,86821,195733
02/08/2012,165.73,165.98,164.66,164.86,86008,194040
02/09/2012,164.87,165.56,164.63,164.96,78844,194328
02/10/2012,164.88,165.19,163.99,164.09,71022,193335
02/13/2012,164.64,164.98,164.29,164.44,109650,194950
02/14/2012,164.22,164.42,163.15,163.27,92210,192071
02/15/2012,163.65,164.06,163.41,163.61,111100,187492
02/16/2012,163.56,164.83,163.26,164.72,86800,189758
02/17/2012,164.71,165.34,164.60,165.12,128380,189758
02/21/2012,165.29,165.69,164.43,164.56,134090,186668
02/22/2012,164.55,164.87,163.19,163.43,93039,196045
02/23/2012,163.46,164.12,163.22,163.87,142670,198433
02/24/2012,164.14,165.73,163.92,165.58,85574,184732
02/27/2012,165.61,165.69,164.82,164.91,84574,182963
02/28/2012,164.92,165.73,164.72,165.60,138380,176885
02/29/2012,165.74,166.66,165.72,165.93,82945,173208
03/01/2012,165.88,166.49,165.69,166.24,97399,174806
03/02/2012,166.27,166.39,164.96,165.04,78277,173937
03/05/2012,165.03,165.50,164.58,165.41,132040,174498
03/06/2012,165.36,165.56,163.70,163.80,84541,184104
03/07/2012,163.91,164.32,163.71,164.13,116750,188166
03/08/2012,164.16,165.07,163.99,165.01,145780,191998
03/09/2012,165.03,165.03,163.37,163.42,125160,199667
03/12/2012,163.42,163.70,162.76,163.06,183420,200619
03/13/2012,163.15,164.23,162.96,163.64,193250,202880
03/14/2012,163.75,164.19,163.24,163.49,121780,206332
03/15/2012,163.43,164.13,163.09,163.97,126240,205727
03/16/2012,163.84,165.37,163.70,165.08,79227,200705
03/19/2012,165.20,165.90,164.97,165.74,65247,196441
03/20/2012,165.67,165.72,165.06,165.44,90261,141411
03/21/2012,165.37,165.99,164.92,165.34,81188,137268
03/22/2012,165.44,165.68,164.46,164.94,80073,138222
03/23/2012,164.91,165.85,164.83,165.45,95749,137816
03/26/2012,165.47,166.50,164.77,166.29,85191,138680
03/27/2012,166.40,166.79,166.19,166.38,112120,135147
03/28/2012,166.26,166.41,165.17,165.72,95310,134638
03/29/2012,165.66,166.29,165.37,166.09,113510,139047
03/30/2012,166.30,167.15,166.24,166.73,89919,140546
04/02/2012,166.87,167.41,166.57,167.20,106170,144258
04/03/2012,166.95,167.25,165.69,165.73,91855,142660
04/04/2012,165.89,165.94,165.11,165.67,88569,143760
04/05/2012,165.70,165.87,164.82,165.08,15657,146086
04/06/2012,165.07,165.71,165.01,165.54,35200,146380
04/09/2012,165.70,165.93,165.14,165.86,108010,146730
04/10/2012,165.77,166.10,164.87,165.38,100130,145522
04/11/2012,165.43,166.18,165.30,165.81,84638,148477
04/12/2012,165.92,166.64,165.87,166.50,99382,151031
04/13/2012,166.34,166.48,165.19,165.31,106100,151896
04/16/2012,165.44,165.91,164.98,165.83,101670,156860
04/17/2012,165.78,166.54,165.42,166.28,158670,157015
04/18/2012,166.04,167.22,165.74,167.08,123000,159763
04/19/2012,166.97,167.57,166.88,167.36,114050,159554
04/20/2012,167.31,168.24,167.17,167.88,95331,167549
04/23/2012,168.02,168.13,167.56,168.04,88125,171302
04/24/2012,168.07,168.43,167.89,168.16,127040,173368
04/25/2012,168.24,168.85,167.62,168.60,95252,178558
04/26/2012,168.50,168.87,168.39,168.77,106200,181564
04/27/2012,168.61,169.61,168.34,169.49,101600,187658
04/30/2012,169.51,169.83,169.02,169.14,72435,190363
05/01/2012,169.17,169.29,168.67,169.01,72850,188288
05/02/2012,169.02,169.20,168.42,168.78,87595,191033
05/03/2012,168.80,168.97,168.40,168.63,98321,193978
05/04/2012,168.61,168.83,168.22,168.26,79218,197605
05/07/2012,168.35,168.78,167.95,168.64,101610,205608
05/08/2012,168.73,168.80,168.03,168.46,126160,199801
05/09/2012,168.38,168.41,167.47,168.25,119460,198710
05/10/2012,168.17,168.65,167.74,168.36,102770,206902
05/11/2012,168.16,168.25,167.42,167.52,111230,200632
05/14/2012,167.51,168.06,167.32,167.86,111540,207424
05/15/2012,167.80,167.96,166.71,166.85,154940,199270
05/16/2012,166.80,166.82,165.69,165.96,154420,192142
05/17/2012,165.95,166.16,164.37,164.99,129690,187762
05/18/2012,164.66,165.20,164.15,164.86,100580,184723
05/21/2012,164.94,165.25,164.62,164.89,104350,184993
05/22/2012,165.08,165.32,164.24,164.58,136711,184497
05/23/2012,164.47,164.55,163.51,163.72,112060,183032
05/24/2012,163.76,164.10,163.22,163.34,86348,182381
05/25/2012,163.52,163.83,163.12,163.27,127990,182401
05/29/2012,163.66,164.00,162.91,163.18,113750,181435
05/30/2012,163.21,163.22,161.58,161.69,151160,178952
05/31/2012,161.66,162.09,160.43,160.96,152148,178952
06/01/2012,160.89,161.24,159.52,160.57,181601,184474
06/04/2012,160.53,161.00,160.26,160.67,76310,182261
06/05/2012,160.66,160.92,160.05,160.53,110650,184583
06/06/2012,160.62,162.01,160.57,161.57,134720,180728
06/07/2012,161.75,163.18,161.14,162.38,120890,181674
06/08/2012,162.18,162.18,160.89,161.44,111040,182467
06/11/2012,162.17,162.65,161.66,161.83,160260,179822
06/12/2012,161.59,162.76,161.40,162.54,185350,178648
06/13/2012,162.57,162.84,161.95,162.13,185730,181630
06/14/2012,161.94,162.52,161.58,162.17,154610,184238
06/15/2012,162.41,163.94,161.62,163.68,98768,180387
06/18/2012,164.13,164.25,163.23,163.55,96389,183296
06/19/2012,163.54,164.46,163.02,164.20,109240,121624
06/20/2012,164.12,164.65,163.36,163.86,105190,118066
06/21/2012,163.98,164.21,162.65,162.83,83369,116793
06/22/2012,162.84,163.22,162.45,162.74,62583,115794
06/25/2012,162.79,162.81,162.26,162.51,103400,114556
06/26/2012,162.58,163.39,162.52,163.26,83895,114561
06/27/2012,163.23,163.29,162.33,162.46,101100,114237
06/28/2012,162.58,163.13,161.73,161.85,101621,114237
06/29/2012,162.09,164.05,161.98,163.69,105351,110858
07/02/2012,163.84,164.12,163.30,163.81,74258,108751
07/03/2012,163.82,164.03,163.49,163.85,167670,108251
07/05/2012,163.76,163.80,161.89,162.14,88257,115188
07/06/2012,162.10,162.41,161.50,161.64,60924,118218
07/09/2012,161.70,162.28,161.60,162.08,80329,118262
07/10/2012,162.17,162.39,161.68,161.94,89648,117616
07/11/2012,162.07,162.67,161.75,161.77,94446,117820
07/12/2012,161.95,162.06,160.82,161.19,106620,124955
07/13/2012,161.20,162.70,161.03,162.56,99713,117304
07/16/2012,162.67,163.45,162.07,163.17,90152,119078
07/17/2012,163.22,163.68,162.44,163.36,82499,116976
07/18/2012,163.37,163.59,162.70,163.30,102460,116778
07/19/2012,163.44,164.28,163.26,164.12,82243,111987
07/20/2012,164.06,164.12,163.01,163.06,118140,111459
07/23/2012,162.99,163.05,161.74,162.11,98361,117189
07/24/2012,161.95,162.42,161.76,161.98,140760,116143
07/25/2012,161.96,162.42,161.48,161.99,169090,121549
07/26/2012,161.88,164.16,161.61,163.83,135630,120031
07/27/2012,163.74,164.59,163.57,164.16,76809,115591
07/30/2012,164.24,164.31,163.63,163.99,109190,111053
07/31/2012,163.97,164.21,163.17,163.73,111510,110770
08/01/2012,163.66,163.82,162.21,162.43,179400,113619
08/02/2012,162.32,163.73,161.80,161.93,108000,116354
08/03/2012,162.05,163.49,161.95,163.35,83034,116899
08/06/2012,163.30,163.57,162.37,163.00,87859,117891
08/07/2012,162.91,163.76,162.54,163.30,92073,115125
08/08/2012,163.12,163.68,162.63,163.40,86851,116683
08/09/2012,163.47,163.77,162.95,163.25,123560,114398
08/10/2012,163.26,163.92,162.67,163.63,77096,116196
08/13/2012,163.68,164.08,163.47,163.78,78339,115406
08/14/2012,163.71,164.28,163.61,163.81,74642,114042
08/15/2012,163.64,163.92,163.50,163.78,111310,110582
08/16/2012,163.72,164.36,163.27,164.30,82308,117151
08/17/2012,164.27,164.30,163.65,163.82,60008,110554
08/20/2012,163.88,164.09,163.68,164.00,115250,109787
08/21/2012,164.02,164.96,163.97,164.69,103620,118550
08/22/2012,164.71,165.64,164.58,165.58,96139,116215
08/23/2012,165.69,166.04,165.49,165.55,98860,117957
08/24/2012,165.50,165.62,164.93,165.01,44919,115738
08/27/2012,165.07,165.20,164.82,164.89,84514,115410
08/28/2012,164.80,165.28,164.44,165.12,68971,117034
08/29/2012,165.15,165.46,164.94,165.27,77965,116262
08/30/2012,165.22,165.66,164.61,164.78,107420,117636
08/31/2012,164.75,165.88,164.70,165.74,118800,118492
09/04/2012,165.70,166.04,165.42,165.72,103440,133755
09/05/2012,165.65,166.26,165.17,165.96,108000,136329
09/06/2012,165.94,166.34,165.73,166.28,144770,147288
09/07/2012,166.27,167.27,166.14,166.97,124710,161503
09/10/2012,167.13,167.21,166.52,166.92,145470,170098
09/11/2012,166.83,167.75,166.80,167.61,200500,181682
09/12/2012,167.61,168.23,167.56,167.94,199920,183388
09/13/2012,168.02,168.65,167.66,168.45,160430,188473
09/14/2012,168.47,169.47,168.35,169.13,98294,190521
09/17/2012,169.20,169.65,169.01,169.30,77632,195029
09/18/2012,169.38,169.60,169.11,169.32,93068,151305
09/19/2012,169.32,169.63,168.76,169.21,105580,153287
09/20/2012,169.12,169.28,168.56,169.09,112000,163379
09/21/2012,169.09,170.01,169.05,169.38,77659,173421
09/24/2012,169.40,169.41,168.73,169.18,96904,173518
09/25/2012,169.16,169.60,168.75,169.03,101760,172103
09/26/2012,168.86,169.01,168.30,168.48,113660,174652
09/27/2012,168.63,169.37,168.59,169.29,156660,187517
09/28/2012,169.27,169.66,168.06,168.33,93481,174980
10/01/2012,168.51,168.68,168.02,168.24,87656,178318
10/02/2012,168.24,168.82,168.19,168.34,89770,177746
10/03/2012,168.23,168.36,167.60,167.67,105930,179000
10/04/2012,167.76,168.95,167.69,168.78,104000,178120
10/05/2012,168.87,169.10,168.16,168.35,91600,173606
10/08/2012,168.36,168.36,167.13,167.23,121500,167459
10/09/2012,167.16,167.38,166.69,166.99,81592,161457
10/10/2012,167.00,167.27,166.69,166.98,77965,160716
10/11/2012,166.93,167.47,166.78,167.37,89417,162585
10/12/2012,167.39,167.90,167.11,167.67,81246,163828
10/15/2012,167.70,167.74,167.14,167.68,98061,161987
10/16/2012,167.66,168.26,167.54,168.05,93514,164454
10/17/2012,168.05,168.72,168.05,168.47,108460,168722
10/18/2012,168.36,168.64,167.32,167.56,91396,166920
10/19/2012,167.44,167.61,166.89,167.06,74933,160660
10/22/2012,167.01,167.45,166.84,166.98,75975,160660
10/23/2012,167.09,167.18,166.06,166.36,110270,155791
10/24/2012,166.49,167.42,166.29,167.32,130010,150576
10/25/2012,167.31,168.38,167.20,168.18,94682,165347
10/26/2012,168.14,168.36,167.75,167.92,57905,168369
10/29/2012,168.00,168.00,167.01,167.34,41107,162124
10/30/2012,167.24,167.81,167.16,167.72,86106,163917
10/31/2012,167.76,168.35,167.64,168.24,86750,169888
11/01/2012,168.22,168.70,168.15,168.23,94380,172954
11/02/2012,168.19,168.29,167.02,167.16,106383,168413
11/05/2012,167.15,167.34,166.52,166.66,95371,163632
11/06/2012,166.76,167.03,166.60,166.89,74083,164481
11/07/2012,166.90,167.38,166.49,166.83,113835,163436
11/08/2012,166.79,167.01,166.23,166.74,99164,160252
11/09/2012,166.78,167.15,165.82,165.98,119163,154982
11/12/2012,166.00,166.10,165.59,165.70,59044,153228
11/13/2012,165.72,166.10,165.53,165.70,96028,149173
11/14/2012,165.68,165.97,165.32,165.49,101688,149521
11/15/2012,165.42,165.75,165.19,165.46,100056,149887
11/16/2012,165.60,165.97,165.31,165.77,95174,151185
11/19/2012,165.88,166.19,165.82,165.98,73120,149459
11/20/2012,166.03,166.31,165.87,166.11,82330,150722
11/21/2012,166.18,166.55,165.79,166.45,86217,148157
11/23/2012,166.51,167.48,166.22,167.41,111750,151609
11/26/2012,167.22,167.36,166.92,167.15,76546,159251
11/27/2012,167.29,167.54,167.06,167.14,78333,157701
11/28/2012,167.13,167.19,166.57,167.12,87399,155569
11/29/2012,167.11,167.44,166.99,167.35,89560,159777
11/30/2012,167.39,167.58,166.85,167.20,102254,161046
12/03/2012,167.18,168.13,167.16,167.90,126448,171819
12/04/2012,167.92,168.27,167.82,168.02,99373,178749
12/05/2012,167.96,168.16,167.79,167.94,102733,178044
12/06/2012,167.90,168.25,167.36,167.44,130606,178247
12/07/2012,167.40,167.58,166.99,167.32,132557,174487
12/10/2012,167.27,167.93,167.11,167.67,114680,179885
12/11/2012,167.68,168.19,167.66,168.09,154909,183628
12/12/2012,168.07,169.03,167.92,168.56,224489,209891
12/13/2012,168.37,168.52,167.82,168.08,216569,232935
12/14/2012,168.12,168.76,168.01,168.65,143742,244103
12/17/2012,168.70,169.14,168.54,169.00,74535,183210
12/18/2012,168.96,169.68,168.92,169.45,83654,188472
12/19/2012,169.46,170.05,169.41,169.56,93488,187980
12/20/2012,169.47,169.95,169.41,169.80,96457,193732
12/21/2012,169.76,169.77,168.49,168.58,91495,185572
12/24/2012,168.62,169.06,167.98,168.33,35346,181219
12/26/2012,168.48,168.70,168.06,168.27,31092,181910
12/27/2012,168.36,169.02,167.66,168.07,78685,178831
12/28/2012,168.07,168.69,167.76,168.49,58513,175104
12/31/2012,168.63,169.72,168.32,169.41,60161,174676
01/02/2013,170.01,170.15,169.22,169.43,78113,179858
01/03/2013,169.51,169.53,167.88,168.04,100951,173735
01/04/2013,167.66,167.96,166.46,167.60,126786,167673
01/07/2013,167.76,168.14,167.18,168.03,96245,165082
01/08/2013,168.21,168.24,167.26,167.55,85886,165584
01/09/2013,167.53,167.72,166.89,167.13,106887,163738
01/10/2013,167.15,168.65,167.01,168.50,130615,165196
01/11/2013,168.63,168.67,167.85,168.19,100522,166037
01/14/2013,168.30,168.52,167.27,167.84,101236,165015
01/15/2013,167.71,167.98,167.29,167.54,109949,163295
01/16/2013,167.60,167.77,166.71,167.02,118692,163989
01/17/2013,166.94,167.36,166.52,167.05,124823,164016
01/18/2013,166.96,166.96,165.48,165.60,160809,162091
01/22/2013,165.44,165.90,165.02,165.42,189398,160820
01/23/2013,165.37,165.89,164.98,165.37,117515,159191
01/24/2013,165.29,165.49,164.53,164.88,126774,162719
01/25/2013,164.86,165.24,164.42,164.96,136898,163391
01/28/2013,164.67,164.92,163.71,163.93,118175,162161
01/29/2013,163.87,164.70,163.87,164.55,105277,166060
01/30/2013,164.55,165.14,164.22,164.88,104782,167075
01/31/2013,164.95,165.73,164.72,165.54,119884,163652
02/01/2013,165.56,165.75,163.86,164.14,138595,170463
02/04/2013,163.96,164.70,163.91,164.60,103876,167200
02/05/2013,164.50,165.03,163.28,163.59,143439,165369
02/06/2013,163.58,163.76,163.29,163.64,95621,167848
02/07/2013,163.63,164.68,163.43,164.09,191038,166153
02/08/2013,164.12,165.43,164.03,164.95,132525,166224
02/11/2013,164.88,165.08,163.50,163.61,105768,166912
02/12/2013,163.50,163.70,162.69,163.52,131740,167100
02/13/2013,163.80,163.87,162.21,162.40,148157,173996
02/14/2013,162.38,162.41,161.72,161.83,108062,178909
02/15/2013,161.94,162.49,161.60,162.13,116885,181503
02/19/2013,161.88,162.07,161.13,161.23,152066,187027
02/20/2013,161.24,161.50,158.90,159.43,187817,195936
02/21/2013,159.39,159.72,158.25,159.40,165794,199650
02/22/2013,159.49,160.21,158.56,159.40,143312,206490
02/25/2013,158.13,158.99,157.83,158.88,173132,205233
02/26/2013,158.67,159.19,158.11,158.30,152293,205183
02/27/2013,158.27,158.88,157.80,158.47,135418,212761
02/28/2013,158.58,159.22,158.48,158.73,121925,218690
03/01/2013,158.67,158.86,156.84,157.17,152779,229166
03/04/2013,157.29,158.18,156.99,158.11,121774,232378
03/05/2013,158.13,159.00,157.94,158.13,125770,236181
03/06/2013,158.26,158.55,157.15,157.41,120314,242458
03/07/2013,156.90,157.83,156.68,157.17,173066,249310
03/08/2013,157.24,157.47,155.84,156.35,167892,253833
03/11/2013,156.22,156.44,155.66,156.32,140583,264098
03/12/2013,156.20,156.21,155.32,156.10,217986,297130
03/13/2013,156.03,156.82,155.93,156.24,251195,334646
03/14/2013,156.20,158.22,156.16,157.80,254096,349649
03/15/2013,157.88,158.77,157.69,157.81,187989,362794
03/18/2013,158.13,158.46,157.72,158.02,106993,210275
03/19/2013,158.09,158.47,157.75,158.03,113497,212517
03/20/2013,157.95,158.89,157.28,158.17,203013,213947
03/21/2013,158.06,159.13,157.92,158.84,125082,214257
03/22/2013,158.72,159.53,158.67,159.31,104926,215138
03/25/2013,159.32,159.69,158.46,158.84,105138,217300
03/26/2013,158.74,159.10,158.37,158.60,73758,214636
03/27/2013,158.62,158.85,157.94,158.31,84847,213078
03/28/2013,158.33,159.04,158.14,158.74,105861,207721
04/01/2013,158.98,159.45,158.80,159.33,43342,202846
04/02/2013,159.26,159.62,158.02,158.10,104668,208425
04/03/2013,158.10,158.63,157.78,158.46,94744,204624
04/04/2013,158.35,159.49,157.36,159.39,147147,205357
04/05/2013,159.35,160.66,159.03,160.41,119892,202911
04/08/2013,160.36,160.55,159.41,159.56,96939,205911
04/09/2013,159.66,160.46,159.53,160.39,89382,204827
04/10/2013,160.24,160.47,159.96,160.19,71331,204871
04/11/2013,160.32,161.15,160.22,160.94,96615,200358
04/12/2013,160.87,161.14,160.44,160.47,82784,204881
04/15/2013,160.46,160.90,159.74,159.82,92154,204097
04/16/2013,159.95,160.83,159.75,160.72,96953,200884
04/17/2013,160.67,160.73,159.21,159.41,122355,206852
04/18/2013,159.48,160.17,159.22,159.89,92903,202567
04/19/2013,159.85,160.73,159.27,159.34,108931,200925
04/22/2013,159.36,159.98,159.06,159.83,76635,198071
04/23/2013,159.92,160.02,159.01,159.47,102393,199465
04/24/2013,159.43,159.92,159.31,159.72,68514,199508
04/25/2013,159.70,161.86,159.68,161.48,171905,199442
04/26/2013,161.37,162.04,161.23,161.91,86957,194113
04/29/2013,161.84,162.51,161.81,161.95,87780,189826
04/30/2013,161.99,162.73,161.72,162.35,106094,189084
05/01/2013,162.37,163.12,162.31,162.95,94718,188501
05/02/2013,162.64,162.96,162.02,162.37,103286,187402
05/03/2013,162.39,163.08,161.84,162.69,124369,191581
05/06/2013,162.72,163.03,162.26,162.51,46824,189798
05/07/2013,162.47,162.58,161.51,161.93,87531,190781
05/08/2013,161.87,162.98,161.77,162.48,106753,191319
05/09/2013,162.43,162.94,161.31,161.35,132091,188071
05/10/2013,161.55,161.63,160.18,160.61,141097,190214
05/13/2013,160.64,160.91,159.81,159.96,103364,191419
05/14/2013,160.09,160.36,159.11,159.26,130155,198068
05/15/2013,159.24,159.79,158.79,159.26,158795,201940
05/16/2013,159.32,160.29,159.03,160.12,119886,200610
05/17/2013,159.80,159.87,158.63,158.76,117279,209893
05/20/2013,158.93,159.88,158.73,159.76,110903,203714
05/21/2013,159.67,159.83,158.19,158.58,141402,211098
05/22/2013,158.59,158.80,157.26,157.44,179482,213761
05/23/2013,157.48,158.36,157.21,158.11,136473,212875
05/24/2013,158.12,158.50,157.71,158.21,100247,214127
05/28/2013,158.31,158.64,157.33,157.71,135059,221612
05/29/2013,157.46,158.54,157.15,158.31,131859,221858
05/30/2013,158.33,159.45,158.17,159.27,138245,219184
05/31/2013,159.39,159.48,158.47,158.89,138658,221047
06/03/2013,159.05,160.85,159.00,160.33,145601,213300
06/04/2013,160.26,160.51,159.81,160.13,106720,210499
06/05/2013,160.21,161.18,159.99,161.10,146528,206826
06/06/2013,161.15,163.93,160.90,163.17,246891,203604
06/07/2013,162.96,163.26,161.96,162.67,194161,204272
06/10/2013,162.45,162.94,162.04,162.93,228320,203302
06/11/2013,162.87,163.61,162.30,163.50,242574,219176
06/12/2013,163.51,164.09,163.41,163.85,228943,231757
06/13/2013,163.89,164.46,163.55,164.05,224793,227221
06/14/2013,164.24,164.27,163.26,164.11,149770,222346
06/17/2013,164.21,164.61,163.90,164.04,81335,142272
06/18/2013,164.29,164.32,162.74,163.59,106205,140550
06/19/2013,163.50,163.87,161.89,161.95,119293,138691
06/20/2013,162.01,162.27,161.24,161.87,180183,131396
06/21/2013,162.14,162.41,160.78,161.38,131980,127170
06/24/2013,161.07,161.75,160.53,161.53,141050,125111
06/25/2013,161.46,161.88,161.07,161.36,113518,123602
06/26/2013,161.34,161.51,160.07,160.24,126904,123388
06/27/2013,160.25,160.57,159.11,159.71,120111,123682
06/28/2013,159.71,159.89,158.75,159.22,113698,126067
07/01/2013,159.22,159.60,158.93,159.17,80191,124756
07/02/2013,159.25,159.48,158.46,158.64,89651,131817
07/03/2013,158.64,160.16,158.40,159.84,111149,123174
07/05/2013,159.88,159.94,155.63,156.11,259839,144501
07/08/2013,155.92,156.78,155.70,156.60,94416,140563
07/09/2013,156.58,156.92,155.24,155.80,129580,145033
07/10/2013,155.78,157.27,155.56,156.35,130615,146239
07/11/2013,157.71,159.34,157.45,159.02,166419,145152
07/12/2013,158.97,159.00,157.87,158.14,93238,150311
07/15/2013,158.17,158.38,157.39,158.14,88783,150526
07/16/2013,158.10,158.81,157.55,158.60,112255,151127
07/17/2013,158.62,159.80,157.90,159.20,165045,149277
07/18/2013,159.24,159.55,158.68,159.29,102738,159376
07/19/2013,159.39,159.94,159.09,159.73,68129,157229
07/22/2013,159.77,160.96,159.70,160.69,90839,152818
07/23/2013,160.67,161.05,160.38,161.04,95200,148065
07/24/2013,160.87,161.02,160.02,160.25,102038,147740
07/25/2013,160.32,161.50,159.76,160.73,123454,146818
07/26/2013,160.98,161.30,160.69,160.96,80140,145010
07/29/2013,160.96,161.27,160.41,160.70,66676,146084
07/30/2013,160.56,160.68,159.36,159.56,95651,146335
07/31/2013,159.54,159.68,158.38,159.60,158787,151807
08/01/2013,159.16,159.57,158.23,158.33,163511,152536
08/02/2013,158.35,160.22,158.16,159.98,135961,148652
08/05/2013,159.94,160.91,159.72,160.62,99019,145859
08/06/2013,160.71,161.13,160.46,160.69,79923,145387
08/07/2013,160.65,162.46,159.18,162.10,227477,144810
08/08/2013,162.05,162.88,161.98,162.62,94884,143179
08/09/2013,162.49,162.72,162.11,162.27,74833,147494
08/12/2013,162.23,162.36,161.73,161.85,59708,146546
08/13/2013,161.78,162.28,161.38,161.60,98400,145126
08/14/2013,161.60,162.62,161.37,162.20,120736,144874
08/15/2013,162.16,163.68,162.16,163.56,156634,140119
08/16/2013,163.55,163.73,163.22,163.56,87423,141023
08/19/2013,163.48,163.88,163.24,163.72,70613,139655
08/20/2013,163.63,164.13,163.43,163.91,79606,138505
08/21/2013,163.80,164.34,163.53,164.14,105170,142943
08/22/2013,163.77,163.79,162.78,162.99,104554,141551
08/23/2013,163.04,163.74,162.55,162.90,102352,145719
08/26/2013,162.92,163.28,162.72,162.93,46569,148956
08/27/2013,162.92,163.08,161.97,162.56,105934,149328
08/28/2013,162.63,162.70,161.43,162.43,130971,149601
08/29/2013,162.44,162.64,161.98,162.14,82481,151108
08/30/2013,162.21,162.45,161.79,162.11,71306,150136
09/03/2013,162.34,163.22,162.22,162.80,153034,156870
09/04/2013,162.75,163.66,162.73,163.40,101474,163725
09/05/2013,163.40,163.93,162.89,163.08,127580,161002
09/06/2013,163.05,164.00,162.82,163.52,119145,165011
09/09/2013,163.51,164.51,163.46,164.20,114958,175281
09/10/2013,164.12,164.63,164.02,164.48,127299,185433
09/11/2013,164.47,165.46,164.37,165.43,217513,191430
09/12/2013,165.43,165.59,164.96,165.30,196592,203301
09/13/2013,165.23,166.02,164.94,165.97,133447,203641
09/16/2013,166.51,166.81,166.13,166.15,91108,137669
09/17/2013,166.14,166.56,166.04,166.28,78625,141735
09/18/2013,166.23,168.81,166.10,168.26,149513,149925
09/19/2013,168.53,168.65,167.41,167.52,138104,154527
09/20/2013,167.48,167.85,167.05,167.38,89315,157621
09/23/2013,167.22,167.91,167.17,167.66,72350,159892
09/24/2013,167.60,167.63,166.71,167.25,82206,163719
09/25/2013,167.22,168.07,166.99,167.95,86749,168635
09/26/2013,167.97,168.15,167.18,167.61,82206,166734
09/27/2013,167.58,168.66,167.49,168.53,87760,172065
09/30/2013,168.58,169.22,168.47,169.05,96322,171293
10/01/2013,169.03,169.80,169.01,169.16,97514,172422
10/02/2013,169.12,169.71,168.81,169.40,87355,174791
10/03/2013,169.48,169.60,168.73,168.79,89422,176123
10/04/2013,168.78,168.97,167.24,167.45,107380,178055
10/07/2013,167.45,168.20,167.44,168.12,77884,184341
10/08/2013,168.09,168.45,167.38,168.01,85532,184643
10/09/2013,168.01,168.42,166.37,166.76,119504,178075
10/10/2013,166.77,167.03,166.34,166.98,77653,180206
10/11/2013,166.91,167.22,166.43,166.80,52327,180987
10/14/2013,166.93,167.40,166.75,167.15,87980,184819
10/15/2013,167.05,167.50,166.36,167.15,89796,183979
10/16/2013,167.21,167.84,166.14,166.68,121502,185048
10/17/2013,166.79,168.94,166.61,168.79,125119,187944
10/18/2013,168.82,169.46,168.62,168.81,70026,183936
10/21/2013,168.91,169.02,168.53,168.66,53593,183199
10/22/2013,168.68,169.70,168.36,169.60,87229,181489
10/23/2013,169.53,169.78,168.41,168.92,88100,181782
10/24/2013,168.87,169.45,168.59,169.26,79739,181934
10/25/2013,169.23,169.69,168.72,168.96,73306,181842
10/28/2013,168.94,169.31,168.47,168.81,61264,181613
10/29/2013,168.62,168.65,167.44,167.69,93686,177427
10/30/2013,167.71,168.01,167.20,167.39,93646,177461
10/31/2013,167.60,167.92,167.28,167.76,105088,179585
11/01/2013,167.65,167.70,166.31,166.50,110709,177360
11/04/2013,166.48,167.03,166.25,166.93,63249,173336
11/05/2013,166.89,167.87,166.72,167.72,107135,172368
11/06/2013,167.68,168.42,167.66,168.06,74086,172058
11/07/2013,168.02,168.39,167.33,168.12,124114,173576
11/08/2013,168.21,168.30,166.81,167.25,114798,171949
11/11/2013,167.34,167.46,166.89,167.02,53684,172226
11/12/2013,167.13,167.16,165.78,166.15,106140,171002
11/13/2013,166.21,167.91,166.03,167.47,127823,174764
11/14/2013,167.69,168.27,167.12,167.82,103255,177231
11/15/2013,167.89,168.60,167.70,168.36,85399,180299
11/18/2013,168.43,168.74,168.07,168.22,66751,182712
11/19/2013,168.37,168.58,167.84,168.42,74567,183449
11/20/2013,168.39,169.03,168.11,168.15,124344,188663
11/21/2013,168.24,168.97,167.98,168.88,104700,192965
11/22/2013,169.19,169.52,169.02,169.32,71080,195744
11/25/2013,169.58,169.66,168.59,168.74,91547,202381
11/26/2013,168.87,169.46,168.65,169.45,90650,214443
11/27/2013,169.39,170.57,169.23,170.03,127564,224958
11/29/2013,170.14,171.11,170.02,170.88,115257,230923
12/02/2013,170.98,171.70,170.70,170.76,130133,238801
12/03/2013,170.81,171.64,170.74,171.28,81612,239371
12/04/2013,171.14,171.31,170.53,171.05,133325,239782
12/05/2013,171.09,171.31,170.26,170.68,127897,239006
12/06/2013,170.67,171.22,170.20,170.70,132637,243047
12/09/2013,170.72,171.62,170.51,171.57,103233,247002
12/10/2013,171.52,171.94,171.48,171.75,158650,255604
12/11/2013,171.75,171.86,170.66,171.10,234064,277812
12/12/2013,171.04,171.46,170.49,170.74,226583,299331
12/13/2013,170.72,170.89,169.90,170.19,129380,292266
12/16/2013,170.31,170.77,170.17,170.28,75048,194374
12/17/2013,170.26,170.64,169.41,169.92,83695,191648
12/18/2013,170.00,172.14,169.98,171.59,146411,199213
12/19/2013,171.12,171.24,170.64,171.02,71034,198346
12/20/2013,170.96,171.24,170.43,170.62,75928,195913
12/23/2013,170.60,171.05,170.53,170.78,44939,194693
12/24/2013,170.76,171.13,170.52,171.04,23823,198063
12/26/2013,171.08,171.69,171.05,171.51,20920,202250
12/27/2013,171.45,173.08,171.37,171.91,85342,204877
12/30/2013,172.18,172.63,171.90,172.50,45510,207951
12/31/2013,172.23,173.10,172.03,172.96,39468,206886
01/02/2014,172.88,172.89,171.40,171.52,76494,202530
01/03/2014,171.77,172.04,171.25,171.51,79846,199961
01/06/2014,171.42,171.64,170.67,171.35,83677,194803
01/07/2014,171.44,171.69,171.03,171.37,63812,194668
01/08/2014,171.31,172.02,171.07,171.81,88391,199313
01/09/2014,171.72,172.28,171.70,172.01,82152,200145
01/10/2014,172.05,172.47,171.08,172.03,120599,201677
01/13/2014,172.16,172.38,170.76,171.19,96158,201938
01/14/2014,171.16,171.96,170.97,171.66,93263,201372
01/15/2014,171.69,171.70,170.51,170.99,116124,200936
01/16/2014,171.00,171.14,170.46,170.89,89698,199514
01/17/2014,170.83,171.90,170.39,171.51,111457,200595
01/21/2014,171.43,172.18,171.27,172.10,131515,208112
01/22/2014,172.07,173.19,171.81,173.08,130962,220699
01/23/2014,173.04,173.76,172.88,173.62,135361,223003
01/24/2014,173.70,174.00,172.10,172.38,157524,218487
01/27/2014,172.14,173.20,172.03,173.06,83689,218806
01/28/2014,173.12,173.57,172.69,173.11,88216,218738
01/29/2014,172.92,173.39,172.57,173.07,92694,220394
01/30/2014,172.89,172.98,171.77,172.10,99465,218472
01/31/2014,172.26,172.31,171.60,171.66,101942,214799
02/03/2014,171.64,171.73,170.22,170.39,147639,209710
02/04/2014,170.45,170.77,169.90,170.53,103509,202690
02/05/2014,170.59,170.75,169.85,170.45,110225,202553
02/06/2014,170.46,170.81,170.05,170.55,82080,201218
02/07/2014,170.54,171.52,170.33,171.45,112203,200782
02/10/2014,171.46,171.61,171.15,171.38,57799,200426
02/11/2014,171.39,172.22,171.25,171.83,88570,204982
02/12/2014,171.86,173.34,171.60,173.31,158259,218274
02/13/2014,173.44,174.10,173.35,173.89,116109,228530
02/14/2014,173.91,174.85,173.79,174.77,95944,233593
02/18/2014,174.90,175.59,173.90,174.18,194878,241471
02/19/2014,174.17,174.69,173.72,174.32,140200,256521
02/20/2014,174.16,174.37,173.60,173.95,99668,259239
02/21/2014,173.87,174.61,173.46,173.81,123782,258616
02/24/2014,173.68,174.14,173.19,174.00,87218,258864
02/25/2014,173.91,174.63,173.77,174.13,127925,257037
02/26/2014,174.14,174.38,173.57,173.99,80359,255964
02/27/2014,174.01,174.35,173.53,174.21,86015,259625
02/28/2014,174.26,175.05,174.13,174.95,127425,260490
03/03/2014,174.74,174.88,173.89,173.96,95754,255866
03/04/2014,174.02,174.53,173.76,174.10,90150,254013
03/05/2014,173.97,174.78,173.93,174.51,97316,258372
03/06/2014,174.57,175.15,174.22,174.76,133608,256912
03/07/2014,174.75,175.22,174.44,174.63,123236,261834
03/10/2014,174.66,174.78,173.59,173.77,130625,255587
03/11/2014,173.81,173.90,173.34,173.64,168279,250867
03/12/2014,173.51,173.72,173.06,173.52,201669,249745
03/13/2014,173.59,174.59,173.44,173.53,230069,274746
03/14/2014,173.61,173.94,173.25,173.68,116507,273268
03/17/2014,173.82,174.04,173.42,173.75,66924,210321
03/18/2014,173.73,173.86,172.83,173.24,102692,208961
03/19/2014,173.34,173.93,172.45,172.70,118686,208343
03/20/2014,172.71,173.06,172.18,172.42,78924,204971
03/21/2014,172.47,172.59,172.14,172.33,67228,202545
03/24/2014,172.15,172.76,172.04,172.33,68207,202830
03/25/2014,172.34,172.89,172.20,172.70,82935,202115
03/26/2014,172.72,173.36,172.48,173.14,74536,205495
03/27/2014,173.17,173.87,172.95,173.55,92047,207163
03/28/2014,173.46,173.92,173.39,173.84,66555,209643
03/31/2014,173.86,174.24,173.52,174.11,86953,211569
04/01/2014,174.02,174.15,173.59,173.69,60717,211437
04/02/2014,173.71,174.05,173.61,173.65,53863,213936
04/03/2014,173.64,174.02,173.09,173.28,95104,211379
04/04/2014,173.33,173.45,172.94,173.19,80330,209222
04/07/2014,173.12,173.64,173.05,173.50,48220,207855
04/08/2014,173.48,174.96,173.47,174.88,109641,226667
04/09/2014,174.87,175.42,174.65,175.34,77935,229206
04/10/2014,175.31,175.61,174.95,175.28,68734,229280
04/11/2014,175.24,175.28,174.59,174.87,63636,229290
04/14/2014,174.78,174.85,174.38,174.68,58473,227359
04/15/2014,174.66,174.94,173.89,174.61,72861,226688
04/16/2014,174.69,175.65,174.61,175.39,81980,230392
04/17/2014,175.39,175.83,175.28,175.40,53373,231900
04/21/2014,175.46,175.61,175.25,175.42,19274,232404
04/22/2014,175.36,175.82,175.28,175.64,53993,237055
04/23/2014,175.68,175.78,175.04,175.23,75006,231699
04/24/2014,175.22,175.50,175.08,175.41,53013,231383
04/25/2014,175.44,175.77,175.32,175.43,53328,230712
04/28/2014,175.49,176.02,175.19,175.55,74289,234004
04/29/2014,175.51,175.90,175.36,175.74,77327,236030
04/30/2014,175.69,176.44,175.46,176.30,84498,238271
05/01/2014,176.18,176.65,176.15,176.38,55010,237482
05/02/2014,176.30,176.39,175.53,176.13,93159,232278
05/05/2014,176.19,176.26,175.97,176.13,29919,233197
05/06/2014,176.10,177.41,176.10,177.29,98297,241264
05/07/2014,177.16,177.31,176.95,177.04,60636,243856
05/08/2014,176.97,177.18,176.69,176.88,101694,241167
05/09/2014,176.77,176.83,175.76,175.87,93096,237028
05/12/2014,175.97,176.48,175.93,176.10,52325,234199
05/13/2014,176.12,176.28,175.64,175.67,65503,230333
05/14/2014,175.71,176.20,174.97,175.15,116254,231623
05/15/2014,175.11,175.51,174.76,175.40,82843,230286
05/16/2014,175.35,175.89,175.29,175.66,62187,231431
05/19/2014,175.68,175.91,175.51,175.63,53516,234596
05/20/2014,175.59,176.13,175.48,175.85,59777,237637
05/21/2014,175.85,176.68,175.78,176.42,101399,240867
05/22/2014,176.44,176.64,175.98,176.11,64586,241955
05/23/2014,176.15,176.22,175.58,175.65,55642,239887
05/27/2014,175.79,176.29,175.29,175.57,83981,238440
05/28/2014,175.56,175.62,174.43,174.56,99384,235575
05/29/2014,174.58,174.88,174.40,174.68,78448,233630
05/30/2014,174.65,175.25,174.64,175.11,84567,236955
06/02/2014,175.08,175.13,174.73,174.93,81118,239709
06/03/2014,174.94,175.31,174.78,174.93,64286,239604
06/04/2014,174.98,175.17,174.46,174.91,76029,243030
06/05/2014,174.85,175.74,174.70,175.63,135043,248832
06/06/2014,175.63,175.96,175.29,175.59,91005,252596
06/09/2014,175.56,175.81,175.33,175.43,98940,256735
06/10/2014,175.51,175.67,174.91,175.03,230176,271602
06/11/2014,175.02,175.60,174.87,175.42,253954,286599
06/12/2014,175.41,176.81,175.36,175.86,337633,328859
06/13/2014,176.74,177.40,176.72,177.16,199017,343635
06/16/2014,177.25,177.58,177.07,177.26,78492,242457
06/17/2014,177.29,177.38,176.86,177.04,79109,250231
06/18/2014,177.09,177.53,176.58,177.03,113681,250946
06/19/2014,177.42,178.12,177.35,177.92,102167,256724
06/20/2014,177.88,178.10,177.52,177.62,95249,259290
06/23/2014,177.70,178.02,177.51,177.72,60715,253365
06/24/2014,177.76,177.83,177.16,177.33,102007,254369
06/25/2014,177.33,177.56,177.02,177.30,79664,256521
06/26/2014,177.33,177.91,177.21,177.75,103933,256956
06/27/2014,177.76,178.03,177.58,177.72,61097,254785
06/30/2014,177.86,178.66,177.59,178.56,96434,255863
07/01/2014,178.60,179.17,178.47,179.02,84165,255911
07/02/2014,179.02,179.30,178.91,179.14,72119,254341
07/03/2014,179.15,179.17,178.37,179.00,82078,257448
07/07/2014,179.13,179.31,178.60,178.83,76896,253012
07/08/2014,178.82,179.00,178.37,178.80,68057,254788
07/09/2014,178.81,179.13,178.46,179.10,71921,254503
07/10/2014,179.08,179.21,178.57,178.94,64631,251856
07/11/2014,178.87,179.03,178.41,178.69,56026,250438
07/14/2014,178.71,178.97,178.22,178.33,76542,249465
07/15/2014,178.38,179.45,178.11,178.99,127324,255115
07/16/2014,178.95,179.04,178.65,178.87,78488,248455
07/17/2014,178.90,178.96,178.38,178.65,61060,246614
07/18/2014,178.54,178.71,177.89,178.47,94836,241920
07/21/2014,178.38,178.53,178.09,178.27,47175,240652
07/22/2014,178.27,178.37,177.94,178.13,71431,241155
07/23/2014,178.17,178.49,177.77,177.82,95824,241256
07/24/2014,177.93,178.08,177.20,177.38,103467,242453
07/25/2014,177.42,177.52,177.15,177.30,72634,240436
07/28/2014,177.30,177.56,177.27,177.34,75685,236916
07/29/2014,177.36,177.50,176.87,176.99,75983,237411
07/30/2014,176.97,177.09,176.44,176.70,93210,237762
07/31/2014,176.67,176.81,176.10,176.37,107273,232834
08/01/2014,176.41,176.47,175.66,175.86,133915,230541
08/04/2014,175.82,176.20,175.69,176.08,64080,230138
08/05/2014,176.13,176.44,176.01,176.30,82856,230801
08/06/2014,176.40,176.40,175.77,176.01,91474,230916
08/07/2014,176.06,176.20,175.79,175.90,71831,230348
08/08/2014,175.87,175.90,175.22,175.31,101879,227359
08/11/2014,175.28,175.52,175.27,175.42,56265,224559
08/12/2014,175.42,175.72,175.13,175.69,65295,223719
08/13/2014,175.65,176.03,174.42,174.44,162642,234180
08/14/2014,174.44,174.54,174.14,174.42,81406,230996
08/15/2014,174.40,174.59,174.34,174.54,75062,233101
08/18/2014,174.73,174.95,174.70,174.84,56245,233197
08/19/2014,174.82,174.86,173.68,173.76,98344,237291
08/20/2014,173.71,174.39,173.48,173.56,125595,230706
08/21/2014,173.54,173.59,173.23,173.44,64394,233541
08/22/2014,173.36,173.56,173.20,173.35,80371,233584
08/25/2014,173.10,173.56,173.10,173.37,42555,233110
08/26/2014,173.29,173.54,172.97,173.06,74234,233435
08/27/2014,173.00,173.65,172.95,173.40,85613,233440
08/28/2014,173.34,173.73,173.26,173.45,77293,234500
08/29/2014,173.48,173.73,173.21,173.22,89877,234120
09/02/2014,173.47,174.04,172.27,172.33,155724,238973
09/03/2014,172.27,172.57,172.00,172.14,126412,239460
09/04/2014,172.19,172.25,170.90,170.92,146462,245565
09/05/2014,170.79,171.00,170.36,170.90,136062,256959
09/08/2014,169.49,169.93,168.59,168.76,211642,252064
09/09/2014,168.59,169.18,168.21,168.50,275223,256591
09/10/2014,168.65,169.91,168.13,169.61,334381,251161
09/11/2014,169.64,170.32,169.48,169.81,224219,256643
09/12/2014,170.34,170.37,169.66,170.18,143148,255115
09/15/2014,170.30,170.35,169.82,169.87,61987,139069
09/16/2014,169.90,170.73,169.24,170.40,127226,134560
09/17/2014,170.34,171.20,170.10,170.53,126910,135524
09/18/2014,170.22,171.71,170.07,171.36,133616,138627
09/19/2014,172.10,172.89,170.40,170.74,260904,138733
09/22/2014,170.55,171.30,170.52,171.19,86013,135383
09/23/2014,171.24,171.78,170.65,171.67,111734,134061
09/24/2014,171.50,171.76,170.90,171.01,87440,131966
09/25/2014,171.01,171.05,170.39,170.74,133250,130040
09/26/2014,170.82,170.97,170.01,170.15,87517,129617
09/29/2014,170.03,170.38,169.77,170.14,80955,136052
09/30/2014,170.05,170.51,169.29,169.65,128404,132369
10/01/2014,169.78,170.16,169.25,169.39,95883,132799
10/02/2014,169.46,170.14,168.76,169.10,122923,130773
10/03/2014,169.16,169.23,167.15,167.27,121792,129271
10/06/2014,167.29,168.63,167.18,168.25,88851,131505
10/07/2014,168.47,168.93,167.91,168.61,99336,129666
10/08/2014,168.63,169.47,167.97,169.25,120686,128474
10/09/2014,169.25,169.92,168.66,168.85,116522,130550
10/10/2014,168.85,169.00,167.74,168.19,89844,134220
10/13/2014,168.35,168.92,168.15,168.24,70008,134738
10/14/2014,168.41,168.46,166.62,166.74,122193,138471
10/15/2014,166.72,168.36,166.40,166.96,232555,139394
10/16/2014,167.71,168.63,167.07,168.27,148032,141109
10/17/2014,168.43,168.93,167.95,168.76,94900,137894
10/20/2014,168.60,169.46,168.45,169.35,63399,136860
10/21/2014,169.27,169.52,168.75,168.87,66135,135766
10/22/2014,168.84,168.98,167.79,168.17,84176,136831
10/23/2014,168.11,168.28,167.62,167.96,77519,137732
10/24/2014,167.96,168.66,167.78,168.44,69117,140180
10/27/2014,168.52,169.15,168.51,168.96,51443,138876
10/28/2014,168.86,169.51,168.56,168.97,71993,138661
10/29/2014,168.99,169.29,167.70,167.87,88644,140234
10/30/2014,167.82,168.06,167.18,167.71,85848,141898
10/31/2014,167.70,167.80,167.10,167.59,101390,140886
11/03/2014,167.43,168.01,166.94,167.45,85339,143337
11/04/2014,167.44,167.85,167.34,167.71,69174,144215
11/05/2014,167.71,167.91,166.36,167.46,128186,146481
11/06/2014,167.31,167.71,165.93,166.07,104148,151162
11/07/2014,166.07,166.57,165.60,166.34,105404,156225
11/10/2014,166.51,166.87,166.10,166.21,64439,151293
11/11/2014,166.13,167.16,166.05,166.56,72739,151660
11/12/2014,166.85,167.11,165.45,165.51,142040,152821
11/13/2014,165.36,165.52,164.64,164.89,78093,155538
11/14/2014,164.74,164.79,163.63,164.51,112973,161262
11/17/2014,164.36,165.06,163.90,164.12,77495,164081
11/18/2014,164.05,164.50,164.00,164.06,78921,166966
11/19/2014,163.96,164.92,163.61,164.49,110116,167671
11/20/2014,164.52,165.10,164.03,164.70,94766,170628
11/21/2014,164.62,164.86,163.98,164.17,82443,174761
11/24/2014,164.18,164.86,164.00,164.68,55872,171769
11/25/2014,164.73,165.08,164.21,164.80,72556,171730
11/26/2014,164.76,165.78,164.51,165.70,93136,171035
11/28/2014,165.67,165.98,163.88,163.91,112797,177486
12/01/2014,164.10,165.36,163.57,165.13,103398,174355
12/02/2014,165.03,165.16,164.04,164.10,79601,174875
12/03/2014,164.11,164.93,163.90,164.58,91199,173947
12/04/2014,164.55,164.99,164.15,164.46,98966,172676
12/05/2014,164.43,164.68,163.40,163.54,95892,184221
12/08/2014,163.41,164.52,163.14,164.36,93476,180599
12/09/2014,164.31,164.90,164.00,164.37,184178,192104
12/10/2014,164.42,164.93,164.21,164.77,197930,230537
12/11/2014,164.87,165.30,164.25,164.74,178699,236713
12/12/2014,165.01,165.19,164.68,164.80,98765,230100
12/15/2014,164.99,165.22,163.73,164.15,97115,146114
12/16/2014,164.16,165.60,163.84,165.03,117795,137581
12/17/2014,165.21,165.24,163.11,163.26,122688,140931
12/18/2014,163.47,164.52,163.24,164.45,85259,139683
12/19/2014,164.44,164.57,163.79,164.08,67798,137976
12/22/2014,163.97,164.40,163.47,163.67,41535,137798
12/23/2014,163.60,163.83,162.60,162.94,62700,141455
12/24/2014,162.94,163.32,162.79,163.28,26158,140233
12/26/2014,163.35,163.44,163.12,163.35,10932,140706
12/29/2014,163.33,163.61,162.82,162.96,45399,144480
12/30/2014,162.87,163.49,162.75,163.32,45378,143660
12/31/2014,163.36,163.96,163.24,163.54,41756,143197
01/02/2015,163.55,163.61,161.02,161.10,109740,164161
01/05/2015,160.59,160.95,159.79,160.30,106651,159763
01/06/2015,160.25,160.49,159.17,159.38,100994,161876
01/07/2015,159.20,159.32,158.30,158.98,96338,165724
01/08/2015,158.80,158.94,158.11,158.59,79777,170319
01/09/2015,158.55,159.52,158.54,159.41,121161,173095
01/12/2015,159.65,159.72,158.76,159.56,79426,178856
01/13/2015,159.42,159.69,158.54,159.23,112882,178563
01/14/2015,159.38,160.47,159.22,159.98,106772,175644
01/15/2015,160.11,160.45,159.27,159.60,156383,181256
01/16/2015,159.53,160.12,158.52,159.44,108128,185552
01/20/2015,159.12,159.78,158.35,159.35,101529,182860
01/21/2015,159.25,159.57,158.54,159.01,102378,186166
01/22/2015,159.22,159.92,157.50,157.96,102140,188343
01/23/2015,157.86,158.15,157.30,157.95,103615,187262
01/26/2015,157.88,158.83,157.67,158.55,74365,186286
01/27/2015,158.63,160.03,158.39,159.80,97591,185350
01/28/2015,159.70,160.00,159.11,159.37,81792,183765
01/29/2015,159.23,159.42,157.97,158.27,88826,188292
01/30/2015,158.51,158.79,157.69,158.37,94070,188563
02/02/2015,158.65,158.70,157.84,158.16,92915,189599
02/03/2015,158.07,159.78,157.67,159.46,117956,182903
02/04/2015,159.31,160.31,159.20,160.04,84442,179528
02/05/2015,159.65,161.24,159.47,161.11,87379,180546
02/06/2015,161.12,161.33,159.91,160.13,90135,179319
02/09/2015,160.12,160.49,159.79,160.14,53387,177248
02/10/2015,159.92,160.57,159.77,160.35,75218,175966
02/11/2015,160.36,160.81,159.99,160.28,129640,173764
02/12/2015,160.18,161.96,159.90,161.89,131406,172382
02/13/2015,161.65,162.03,161.52,161.73,58414,169722
02/17/2015,161.91,162.21,160.97,161.45,109574,170627
02/18/2015,161.27,162.63,161.23,162.17,98841,170365
02/19/2015,162.20,162.47,161.86,161.94,67066,169594
02/20/2015,161.95,162.16,161.25,161.78,106109,172116
02/23/2015,161.73,162.57,161.14,162.36,69365,170467
02/24/2015,162.35,162.57,161.84,162.36,79698,169784
02/25/2015,162.32,163.21,162.30,163.10,67782,168151
02/26/2015,163.09,163.36,161.77,161.89,103843,167516
02/27/2015,161.92,162.42,161.66,162.20,86989,164376
03/02/2015,162.08,162.13,161.33,161.45,76375,166463
03/03/2015,161.42,161.80,161.27,161.48,62802,165737
03/04/2015,161.43,161.56,160.34,160.44,106047,170864
03/05/2015,160.47,160.53,159.99,160.22,92434,170351
03/06/2015,160.33,160.35,158.10,158.32,132020,185037
03/09/2015,158.27,159.21,158.17,159.15,138184,192287
03/10/2015,159.08,159.12,158.12,158.58,184011,205166
03/11/2015,158.33,158.81,156.77,157.18,235571,230241
03/12/2015,157.18,158.11,156.33,156.35,262747,242134
03/13/2015,156.66,156.81,154.83,155.07,191998,237451
03/16/2015,155.24,156.38,155.22,156.19,91374,184642
03/17/2015,156.09,156.30,155.09,155.39,91066,188238
03/18/2015,155.27,159.39,154.19,156.48,179241,179386
03/19/2015,157.37,157.95,154.74,155.06,123400,181956
03/20/2015,155.41,157.76,155.08,157.28,125739,173976
03/23/2015,157.57,157.60,156.25,157.26,121125,175779
03/24/2015,157.40,157.71,156.28,156.30,107030,178140
03/25/2015,156.32,157.40,156.17,156.52,88494,176505
03/26/2015,156.70,157.82,155.92,156.25,101806,180148
03/27/2015,156.37,157.08,155.83,156.62,94888,179658
03/30/2015,156.74,156.87,155.39,156.01,81236,182924
03/31/2015,155.86,156.58,155.42,156.31,83886,182514
04/01/2015,156.09,156.58,155.25,156.14,94051,190388
04/02/2015,156.12,156.56,155.62,156.11,22000,185002
04/03/2015,156.16,157.33,155.97,157.05,81665,184671
04/06/2015,157.13,157.69,156.58,157.08,41754,184173
04/07/2015,156.76,157.07,155.90,156.16,78286,185219
04/08/2015,155.99,157.59,155.96,156.69,100066,181023
04/09/2015,156.56,156.73,154.71,154.80,91017,186659
04/10/2015,154.97,155.12,153.75,154.37,88623,192928
04/13/2015,154.18,154.69,153.54,154.64,79659,192237
04/14/2015,154.57,155.89,153.92,155.67,109753,189513
04/15/2015,155.67,156.40,154.88,156.34,94762,185428
04/16/2015,156.19,157.58,156.01,157.45,94379,181228
04/17/2015,157.25,158.42,157.05,157.48,97437,177769
04/20/2015,157.56,157.72,156.76,156.90,55463,175992
04/21/2015,156.90,157.61,156.45,157.12,57195,175066
04/22/2015,157.12,158.68,157.02,158.34,88770,173708
04/23/2015,158.27,158.59,157.49,158.43,76224,171043
04/24/2015,158.48,159.77,158.17,159.65,84308,168539
04/27/2015,159.69,160.51,158.97,160.12,77810,168450
04/28/2015,160.15,161.33,159.62,161.25,113365,171698
04/29/2015,161.30,162.88,161.17,162.20,143741,171560
04/30/2015,162.20,162.82,160.93,161.48,148288,169777
05/01/2015,161.43,161.87,159.04,159.21,127532,170351
05/04/2015,159.33,159.64,158.80,159.11,79215,176681
05/05/2015,159.14,160.08,158.74,159.64,101066,173468
05/06/2015,159.72,160.83,159.40,160.33,117073,172246
05/07/2015,160.33,160.65,159.54,160.48,92464,172885
05/08/2015,162.06,163.13,161.44,162.42,187619,179131
05/11/2015,162.45,164.04,161.83,163.80,119664,181383
05/12/2015,163.78,165.02,163.47,164.68,123857,183586
05/13/2015,164.63,165.60,164.24,165.39,161716,184400
05/14/2015,165.33,166.15,165.19,165.57,109961,187669
05/15/2015,165.67,166.00,164.93,165.43,103755,185230
05/18/2015,165.17,165.37,164.29,164.48,81495,185571
05/19/2015,164.47,164.61,162.38,162.88,139098,182607
05/20/2015,163.02,163.79,162.64,163.37,107516,183180
05/21/2015,163.23,164.91,163.15,164.64,106276,183380
05/22/2015,164.56,164.82,162.51,162.79,105029,180269
05/26/2015,162.59,162.99,161.46,161.76,103644,176797
05/27/2015,161.74,162.29,160.93,161.29,97629,175075
05/28/2015,161.47,161.78,160.52,161.15,82193,176363
05/29/2015,161.08,161.35,160.29,160.83,87605,176949
06/01/2015,160.79,160.98,159.62,159.97,91339,177841
06/02/2015,159.87,161.61,159.73,161.42,111577,175291
06/03/2015,161.37,161.68,160.43,161.07,90872,173975
06/04/2015,161.26,162.35,160.98,161.62,90224,172387
06/05/2015,161.50,161.71,159.84,160.69,108619,175434
06/08/2015,160.64,161.59,160.15,161.26,115326,175405
06/09/2015,161.36,161.83,160.51,161.67,153199,181049
06/10/2015,161.78,163.47,161.63,163.20,276746,183652
06/11/2015,163.00,163.16,162.12,163.12,171374,191231
06/12/2015,163.09,163.92,162.61,163.47,132734,194078
06/15/2015,163.52,164.09,162.82,164.00,64072,143576
06/16/2015,163.93,164.48,163.35,164.42,112280,146635
06/17/2015,164.45,166.40,164.21,166.23,117480,153863
06/18/2015,166.31,167.28,166.00,166.67,109563,164300
06/19/2015,166.76,166.91,166.30,166.75,58831,167439
06/22/2015,166.64,167.06,166.00,166.25,77399,172772
06/23/2015,166.22,166.26,165.04,165.10,97319,178641
06/24/2015,165.23,165.98,164.63,164.97,78750,179520
06/25/2015,165.02,165.66,164.72,165.28,76212,184981
06/26/2015,165.39,165.62,165.04,165.27,63690,184077
06/29/2015,164.73,165.85,164.54,165.32,110315,185681
06/30/2015,165.31,165.73,164.89,165.29,100698,181413
07/01/2015,164.96,165.34,163.84,163.97,91094,176594
07/02/2015,164.12,164.36,163.59,163.96,64175,172366
07/06/2015,163.37,164.42,163.28,164.00,100161,171913
07/07/2015,164.02,164.05,162.09,162.40,111805,168480
07/08/2015,162.51,162.64,161.27,161.51,85903,167415
07/09/2015,161.60,162.17,161.41,161.60,68438,164784
07/10/2015,161.73,163.50,161.61,163.01,98028,159941
07/13/2015,163.14,163.86,162.77,162.80,78278,160430
07/14/2015,162.84,164.40,162.47,164.28,96183,157073
07/15/2015,164.29,164.73,163.74,164.27,77881,157844
07/16/2015,164.35,164.48,163.57,164.03,60934,159010
07/17/2015,164.05,164.72,163.51,164.10,63051,160297
07/20/2015,164.02,164.26,163.35,163.66,55772,165628
07/21/2015,163.54,163.89,163.26,163.52,62898,164779
07/22/2015,163.54,164.46,163.49,163.97,85206,169383
07/23/2015,164.08,164.69,162.95,163.11,91426,173765
07/24/2015,163.11,163.25,162.65,163.09,49485,171116
07/27/2015,163.09,163.94,162.89,163.55,71531,169475
07/28/2015,163.58,164.27,163.26,163.95,72876,173295
07/29/2015,164.11,164.89,163.86,164.14,80131,174704
07/30/2015,164.00,164.45,163.62,163.99,62357,170781
07/31/2015,163.98,164.78,163.48,164.14,117172,174119
08/03/2015,164.27,164.45,163.64,163.82,73920,170804
08/04/2015,163.86,164.34,163.57,163.67,85964,169224
08/05/2015,163.66,164.57,163.24,163.97,100861,174664
08/06/2015,164.02,164.36,162.66,163.17,148911,171381
08/07/2015,163.15,163.50,162.23,162.94,120795,169143
08/10/2015,162.91,164.07,162.58,164.04,90548,161802
08/11/2015,163.89,164.17,163.55,163.61,74861,158247
08/12/2015,163.74,164.61,163.35,164.14,105713,163002
08/13/2015,164.15,164.38,163.73,164.15,59774,160466
08/14/2015,164.13,164.65,163.89,164.53,65266,164316
08/17/2015,164.50,164.93,163.79,163.86,65216,165122
08/18/2015,163.87,165.18,163.63,164.65,102728,172083
08/19/2015,164.61,165.02,164.37,164.92,72453,168350
08/20/2015,164.83,165.04,164.08,164.79,87641,170443
08/21/2015,164.94,165.25,164.60,165.00,90965,171074
08/24/2015,164.89,166.06,164.32,165.78,153489,177134
08/25/2015,165.63,166.21,164.82,164.87,102649,176962
08/26/2015,164.91,165.22,162.66,162.70,160235,174895
08/27/2015,162.71,163.11,161.73,162.27,117641,172782
08/28/2015,162.11,162.46,161.37,161.94,104225,168149
08/31/2015,162.07,162.39,161.42,161.52,104225,168149
09/01/2015,161.47,162.11,161.02,161.10,104924,170032
09/02/2015,161.06,161.29,160.67,161.04,77836,174548
09/03/2015,161.06,161.17,160.22,160.60,103849,179644
09/04/2015,160.57,160.82,159.68,159.88,82266,181736
09/08/2015,160.03,162.08,159.40,161.91,198128,186994
09/09/2015,161.94,162.07,161.51,161.69,193235,185011
09/10/2015,161.67,162.80,161.43,162.71,225792,200970
09/11/2015,162.47,162.66,162.04,162.30,104513,204090
09/14/2015,162.32,162.74,161.76,162.38,59569,201891
09/15/2015,162.30,162.62,161.33,161.35,103230,145704
09/16/2015,161.45,163.33,161.34,162.92,86773,142574
09/17/2015,162.99,164.33,162.91,164.19,93065,143989
09/18/2015,163.89,164.61,163.18,163.56,59908,149805
09/21/2015,163.29,163.72,162.85,163.09,85054,151939
09/22/2015,163.12,163.33,161.45,161.71,102120,146573
09/23/2015,161.65,161.68,160.25,160.65,79020,150698
09/24/2015,160.53,160.94,160.05,160.39,76282,149553
09/25/2015,160.28,160.66,159.40,159.98,60711,152229
09/28/2015,160.10,160.47,159.63,159.77,73272,151728
09/29/2015,159.75,160.10,159.34,159.63,75293,155821
09/30/2015,159.58,160.19,159.11,159.24,91252,158450
10/01/2015,159.32,159.86,159.12,159.37,63778,160143
10/02/2015,159.36,160.42,159.34,159.95,80141,161032
10/05/2015,159.83,160.50,159.44,159.59,79157,163399
10/06/2015,159.52,160.39,159.44,160.35,81936,160373
10/07/2015,160.39,161.44,160.28,161.24,89348,155086
10/08/2015,161.22,161.78,160.67,161.59,70897,151283
10/09/2015,161.53,161.89,161.06,161.44,71525,148107
10/12/2015,161.23,161.79,161.20,161.65,40784,147387
10/13/2015,161.48,161.93,160.05,160.58,103199,152164
10/14/2015,160.55,163.00,160.54,162.88,122759,152932
10/15/2015,162.89,163.15,162.21,162.98,91313,157391
10/16/2015,162.73,162.93,162.36,162.64,53758,155727
10/19/2015,162.45,163.02,162.34,162.74,44614,158489
10/20/2015,162.66,163.12,162.42,162.47,48689,158043
10/21/2015,162.49,162.84,162.16,162.28,50288,156222
10/22/2015,162.21,163.25,161.76,161.94,103294,158208
10/23/2015,161.97,162.25,161.12,161.27,81320,153871
10/26/2015,161.15,161.89,161.12,161.58,63563,153484
10/27/2015,161.55,161.66,160.89,161.07,65703,153453
10/28/2015,161.11,161.54,160.54,160.57,76090,155156
10/29/2015,160.73,161.29,160.49,161.23,67378,152413
10/30/2015,161.18,162.76,161.16,162.33,108392,154749
11/02/2015,162.59,163.05,162.11,162.19,72126,152998
11/03/2015,162.23,162.52,161.66,162.44,60583,151194
11/04/2015,162.28,162.52,161.67,161.87,69629,154096
11/05/2015,161.94,162.08,160.11,160.16,152636,160119
11/06/2015,160.16,160.25,158.34,158.47,83614,166453
11/09/2015,158.61,159.35,158.49,159.20,48762,170171
11/10/2015,159.21,159.53,158.99,159.14,71482,172346
11/11/2015,159.28,160.29,159.27,160.05,73445,170952
11/12/2015,160.24,160.55,159.81,160.27,77630,169799
11/13/2015,160.37,160.79,159.95,160.38,65615,169928
11/16/2015,160.33,160.37,159.90,160.06,48195,171957
11/17/2015,160.08,160.47,159.63,160.19,52711,175254
11/18/2015,160.23,160.58,159.96,160.38,87888,174213
11/19/2015,160.38,161.44,160.37,161.01,90626,169219
11/20/2015,160.97,161.18,159.94,160.01,66657,167196
11/23/2015,159.95,160.04,159.17,159.25,67818,169757
11/24/2015,159.32,159.64,158.63,158.99,58878,172390
11/25/2015,158.92,159.46,158.66,159.36,60099,172815
11/27/2015,159.34,159.39,158.39,158.60,78442,183423
11/30/2015,158.45,158.79,158.03,158.70,65114,187316
12/01/2015,158.72,159.35,158.60,158.92,62239,187628
12/02/2015,158.86,158.90,157.04,157.48,99476,199637
12/03/2015,157.55,159.68,157.12,159.61,164730,195500
12/04/2015,159.55,159.69,158.89,159.13,105332,189650
12/07/2015,159.17,159.25,158.55,158.72,90109,193661
12/08/2015,158.58,158.71,157.67,158.06,225900,200245
12/09/2015,158.23,160.04,158.15,159.75,193370,195834
12/10/2015,159.88,160.12,159.19,159.64,110500,192183
12/11/2015,159.68,160.52,159.36,160.41,111242,200924
12/14/2015,160.06,160.16,159.18,159.52,73403,202983
12/15/2015,159.88,159.97,158.40,158.54,96998,165845
12/16/2015,158.51,159.14,157.70,158.77,100590,168550
12/17/2015,157.96,158.30,156.77,156.99,70254,179336
12/18/2015,157.20,157.62,156.98,157.25,53107,183903
12/21/2015,157.15,157.43,156.90,156.99,51141,187913
12/22/2015,156.99,157.21,156.20,156.27,48074,194313
12/23/2015,156.40,157.14,156.34,156.84,27597,195959
12/24/2015,156.87,157.59,156.84,157.41,29095,195959
12/28/2015,157.35,157.48,156.87,156.98,103180,196863
12/29/2015,156.94,157.27,155.98,156.41,53199,204038
12/30/2015,156.26,156.59,156.04,156.42,40297,205044
12/31/2015,156.18,156.55,155.36,155.44,55838,212318
01/04/2016,155.46,156.28,154.75,155.23,96051,217548
01/05/2016,155.29,155.37,154.48,154.75,71981,221993
01/06/2016,154.88,154.92,154.12,154.38,104760,229951
01/07/2016,154.42,154.52,153.44,154.26,105501,234705
01/08/2016,154.37,154.56,153.15,153.27,98047,231321
01/11/2016,153.19,154.14,153.05,153.57,104480,236061
01/12/2016,153.56,153.70,151.63,152.42,107960,238868
01/13/2016,152.37,152.87,151.90,152.55,83475,240088
01/14/2016,152.29,152.55,151.71,152.15,80880,248766
01/15/2016,152.28,152.37,150.62,150.72,80880,248766
01/19/2016,150.71,151.51,149.40,149.87,101891,259589
01/20/2016,149.75,150.30,149.36,149.64,104993,266491
01/21/2016,149.96,150.59,148.89,150.27,117027,271245
01/22/2016,150.33,151.73,150.15,150.91,110331,271512
01/25/2016,150.79,151.73,150.15,150.66,91059,274125
01/26/2016,150.52,151.77,149.83,151.69,92035,272798
01/27/2016,151.58,151.66,150.41,150.60,99052,277143
01/28/2016,150.53,152.18,150.49,151.74,109298,271630
01/29/2016,151.70,152.24,149.60,150.52,140304,274462
02/01/2016,150.50,152.56,150.39,152.53,97366,269160
02/02/2016,152.32,152.57,151.37,152.24,97777,270680
02/03/2016,152.24,154.60,151.95,154.11,132974,270377
02/04/2016,154.04,154.84,153.40,154.09,124874,265518
02/05/2016,153.87,154.05,152.63,153.09,101501,260374
02/08/2016,153.09,153.58,151.62,152.50,77370,258922
02/09/2016,152.42,153.27,151.89,152.65,90546,255866
02/10/2016,152.81,153.89,152.48,153.41,90475,256594
02/11/2016,153.49,153.74,151.93,152.81,107828,257079
02/12/2016,152.92,153.81,152.53,153.29,87646,254689
02/16/2016,153.12,153.46,150.85,150.95,132110,260649
02/17/2016,151.17,151.50,150.43,150.98,89139,258392
02/18/2016,150.99,152.05,150.68,151.27,76568,255051
02/19/2016,151.42,152.25,150.57,151.71,98602,253854
02/22/2016,151.04,151.15,148.69,149.63,94857,252778
02/23/2016,149.61,149.67,148.17,148.28,116210,257214
02/24/2016,148.36,148.37,146.88,147.25,119654,262853
02/25/2016,147.41,148.06,147.11,147.86,89719,265674
02/26/2016,147.66,148.53,146.64,146.73,98144,269737
02/29/2016,146.70,147.57,146.45,147.26,88041,273523
03/01/2016,147.33,148.31,147.13,147.63,100245,275825
03/02/2016,147.64,149.03,147.25,148.85,105316,282529
03/03/2016,148.91,150.05,148.43,149.83,122099,286591
03/04/2016,149.83,150.61,149.18,150.25,113293,283076
03/07/2016,150.34,150.95,149.44,150.74,124532,285427
03/08/2016,150.70,150.86,149.82,150.27,238038,299048
03/09/2016,150.14,150.50,149.86,150.36,194976,330291
03/10/2016,150.21,151.26,149.27,150.96,313959,375130
03/11/2016,150.90,152.46,150.64,151.95,145320,373418
03/14/2016,151.86,151.99,151.00,151.06,69131,369524
03/15/2016,151.10,151.14,149.47,149.65,191431,253177
03/16/2016,149.62,150.84,148.63,150.33,132680,253365
03/17/2016,150.62,153.12,150.30,152.88,63135,252118
03/18/2016,152.89,153.24,152.20,152.85,58131,252786
03/21/2016,152.68,152.77,151.73,152.01,107650,247688
03/22/2016,151.76,152.07,149.99,150.12,81261,246222
03/23/2016,150.22,150.39,148.90,149.23,73526,250262
03/24/2016,149.25,149.92,148.64,149.59,49232,251885
03/28/2016,149.45,150.92,149.29,150.59,93660,251472
03/29/2016,150.63,152.13,150.03,151.85,89215,250444
03/30/2016,151.97,152.67,151.69,151.94,89820,249353
03/31/2016,151.86,152.33,151.32,151.78,96251,244666
04/01/2016,151.72,151.80,149.79,150.22,133739,248291
04/04/2016,150.29,151.29,149.98,150.88,81703,244043
04/05/2016,150.76,150.86,149.27,149.63,82686,247586
04/06/2016,149.65,149.79,148.13,149.34,123674,246769
04/07/2016,149.30,149.65,148.56,148.68,86671,245309
04/08/2016,148.62,149.48,148.47,149.28,78747,244182
04/11/2016,149.30,150.94,149.14,150.49,89303,241886
04/12/2016,150.42,151.56,150.03,150.83,75663,236169
04/13/2016,150.71,150.85,149.99,150.19,78103,233765
04/14/2016,150.10,150.14,148.97,149.59,90636,233190
04/15/2016,149.57,150.49,149.40,150.10,68511,233305
04/18/2016,149.88,150.99,149.38,150.83,81234,236402
04/19/2016,150.81,152.27,150.77,152.11,102322,238195
04/20/2016,152.02,152.18,151.35,151.73,89687,234633
04/21/2016,151.40,152.49,150.90,151.32,95018,234162
04/22/2016,151.23,152.58,151.19,152.13,88368,235796
04/25/2016,152.58,153.30,152.09,152.84,90124,238907
04/26/2016,152.87,154.46,152.85,153.85,105522,243829
04/27/2016,153.84,154.28,152.80,153.46,97224,240158
04/28/2016,153.41,154.31,153.30,154.16,83123,243872
04/29/2016,154.15,154.80,153.83,154.18,101990,247069
05/02/2016,154.04,155.03,153.97,154.73,52359,248601
05/03/2016,154.76,155.76,153.36,153.48,125262,248180
05/04/2016,153.42,153.78,152.67,153.06,77854,244899
05/05/2016,153.07,153.36,152.50,152.83,90792,243798
05/06/2016,152.90,153.59,152.21,152.26,91140,236087
05/09/2016,152.26,152.86,151.81,152.18,74375,236168
05/10/2016,152.14,152.85,151.96,152.41,64311,238519
05/11/2016,152.51,152.95,152.02,152.59,68775,237939
05/12/2016,152.49,153.37,152.12,152.59,96397,239828
05/13/2016,152.51,152.58,151.45,151.73,92493,240346
05/16/2016,151.58,152.21,151.38,151.96,97976,240033
05/17/2016,152.14,153.30,152.10,152.62,99482,239158
05/18/2016,152.67,154.42,152.10,154.03,151516,243344
05/19/2016,154.07,154.70,153.68,154.23,99270,241510
05/20/2016,154.09,154.19,152.91,153.11,87684,238696
05/23/2016,153.06,153.55,152.47,152.92,104160,238219
05/24/2016,152.90,154.49,152.84,154.37,99457,244377
05/25/2016,154.32,155.36,154.07,155.27,102399,247019
05/26/2016,155.11,155.46,154.47,154.70,80511,244863
05/27/2016,154.76,154.95,154.11,154.42,68673,247160
05/31/2016,154.13,155.34,152.70,152.72,183175,243685
06/01/2016,152.89,153.13,151.92,152.11,132861,244625
06/02/2016,152.17,152.78,152.12,152.34,76798,244186
06/03/2016,152.24,153.89,152.05,153.20,136355,252711
06/06/2016,152.86,152.90,151.56,152.64,179687,246772
06/07/2016,152.59,154.74,152.49,153.57,195173,259238
06/08/2016,153.42,154.06,153.04,153.08,234994,261908
06/09/2016,153.10,153.30,152.49,152.86,224770,273679
06/10/2016,152.60,152.75,149.81,150.63,231717,272925
06/13/2016,150.31,151.34,149.18,150.27,219207,270084
06/14/2016,150.17,150.26,148.93,149.06,114380,206389
06/15/2016,149.12,150.25,149.10,149.79,155910,210999
06/16/2016,149.97,150.58,148.15,150.10,132390,212393
06/17/2016,150.09,151.92,150.07,151.54,174111,213870
06/20/2016,152.61,155.24,152.38,154.96,165110,206384
06/21/2016,154.83,155.88,154.17,154.67,131140,199189
06/22/2016,154.60,155.77,154.43,154.91,167720,200438
06/23/2016,155.94,157.48,155.31,156.07,1001800,197417
06/24/2016,157.89,158.03,140.40,144.54,224130,201618
06/27/2016,142.37,142.96,139.27,139.84,142049,207101
06/28/2016,140.30,142.23,140.22,141.48,131721,206551
06/29/2016,141.34,143.34,140.84,142.26,178710,211565
06/30/2016,142.44,142.96,140.09,140.42,183068,217945
07/01/2016,140.96,141.53,140.49,140.87,102021,218858
07/05/2016,140.79,141.45,138.04,138.31,173980,227939
07/06/2016,138.22,138.33,136.00,137.29,151276,229492
07/07/2016,137.28,138.52,136.82,137.00,106485,229791
07/08/2016,137.17,138.24,136.86,137.53,103605,232140
07/11/2016,137.48,138.23,136.54,138.08,126433,236329
07/12/2016,138.04,141.00,137.77,140.72,158008,236611
07/13/2016,140.51,141.44,139.38,139.63,389990,237009
07/14/2016,139.37,142.85,139.10,141.32,149799,236398
07/15/2016,141.30,142.82,139.33,140.05,151770,238290
07/18/2016,139.99,141.18,139.89,140.61,77414,235865
07/19/2016,140.51,140.77,138.76,138.92,114989,225589
07/20/2016,139.02,140.32,138.67,139.51,98270,226424
07/21/2016,140.37,140.78,139.59,140.06,108209,226985
07/22/2016,140.19,140.94,138.81,138.94,56875,229861
07/25/2016,139.25,139.67,138.98,139.30,92995,230750
07/26/2016,139.40,139.84,138.61,139.37,94479,231644
07/27/2016,139.40,140.41,138.76,139.92,91903,234173
07/28/2016,140.16,140.55,139.21,139.54,77610,235931
07/29/2016,139.62,141.06,139.54,140.41,111644,232766
08/01/2016,140.41,140.76,139.66,139.94,92241,235454
08/02/2016,139.81,141.70,139.75,141.51,64011,233265
08/03/2016,141.58,141.76,140.83,141.19,65456,234206
08/04/2016,141.22,141.64,139.05,139.18,167005,244379
08/05/2016,139.19,139.78,138.22,138.84,105158,239677
08/08/2016,138.78,138.99,138.30,138.41,48094,239859
08/09/2016,138.44,138.46,137.58,138.03,76691,243430
08/10/2016,137.98,138.98,137.93,138.14,64294,246267
08/11/2016,138.12,138.30,137.37,137.70,66216,250280
08/12/2016,137.58,138.37,137.04,137.18,75526,250773
08/15/2016,137.19,137.47,136.66,136.74,105180,250734
08/16/2016,136.80,138.53,136.80,138.37,86795,248568
08/17/2016,138.45,138.88,137.77,138.44,87043,249601
08/18/2016,138.42,139.73,138.38,139.48,104637,248868
08/19/2016,139.60,139.86,138.23,138.79,63937,248103
08/22/2016,138.72,139.58,138.34,139.35,67228,248533
08/23/2016,139.37,140.12,139.29,139.93,69202,247711
08/24/2016,139.99,140.73,139.61,140.29,69645,245921
08/25/2016,140.30,140.63,139.67,139.69,58280,246119
08/26/2016,139.86,140.79,139.21,139.25,106743,245873
08/29/2016,139.15,139.39,138.59,139.07,42582,245859
08/30/2016,139.03,139.19,138.58,138.82,67050,248410
08/31/2016,138.77,139.56,138.61,139.24,97718,251823
09/01/2016,139.36,141.15,139.25,140.68,141625,253211
09/02/2016,140.74,141.50,140.48,140.92,106960,250707
09/06/2016,140.94,142.42,140.84,142.34,148681,255953
09/07/2016,142.24,142.27,141.15,141.32,120989,251790
09/08/2016,141.34,141.70,140.77,140.95,103681,258069
09/09/2016,140.92,141.29,140.33,140.66,141152,244483
09/12/2016,140.62,141.40,140.29,141.27,140793,247851
09/13/2016,141.26,141.32,139.58,139.77,230461,252539
09/14/2016,139.81,140.33,139.32,140.28,227719,249927
09/15/2016,140.32,140.71,139.71,140.31,188085,264575
09/16/2016,140.32,140.39,137.88,137.93,146899,280417
09/19/2016,138.01,138.84,137.95,138.24,75378,279845
09/20/2016,138.22,138.56,137.37,137.70,184500,237759
09/21/2016,137.72,138.38,137.36,137.91,83839,237484
09/22/2016,138.24,139.12,138.18,138.64,93738,234753
09/23/2016,138.67,138.79,137.03,137.52,62243,239794
09/26/2016,137.53,137.77,137.06,137.58,73550,237506
09/27/2016,137.65,138.19,137.29,138.14,69635,239025
09/28/2016,138.13,138.24,137.70,138.15,78004,241575
09/29/2016,138.04,138.47,137.42,137.58,116640,248050
09/30/2016,137.53,138.13,137.25,137.68,121286,245000
10/03/2016,137.35,137.38,136.06,136.46,124760,257295
10/04/2016,136.33,136.49,135.07,135.15,133726,262478
10/05/2016,135.17,135.57,134.71,135.35,105266,263689
10/06/2016,135.29,135.44,133.87,133.88,125563,265928
10/07/2016,134.01,134.05,128.05,132.16,273957,255819
10/10/2016,132.19,132.29,131.28,131.32,273957,255819
10/11/2016,131.44,131.49,128.73,129.18,211115,255590
10/12/2016,129.01,131.09,129.01,129.81,206276,252905
10/13/2016,129.75,130.57,129.15,130.40,129057,253309
10/14/2016,130.30,130.48,129.52,129.68,126119,253264
10/17/2016,129.49,129.87,129.19,129.76,134981,254982
10/18/2016,129.70,131.08,129.65,130.76,93526,255194
10/19/2016,130.83,131.17,130.36,130.54,95438,259197
10/20/2016,130.65,130.80,129.92,130.33,87921,258490
10/21/2016,130.31,130.44,129.53,130.12,87921,258490
10/24/2016,130.06,130.32,129.67,130.06,71657,263182
10/25/2016,130.07,130.26,128.64,129.72,167828,267500
10/26/2016,129.67,130.33,129.37,130.07,107693,264944
10/27/2016,130.23,130.55,129.31,129.57,128970,266892
10/28/2016,129.49,129.95,128.96,129.72,141484,266501
10/31/2016,129.68,130.32,129.25,130.25,106896,265294
11/01/2016,130.23,130.62,129.86,130.29,118640,267564
11/02/2016,130.22,131.35,130.02,130.68,119905,264591
11/03/2016,130.79,132.76,130.77,132.38,235300,262062
11/04/2016,132.47,133.37,132.29,132.86,120535,261734
11/07/2016,132.55,132.79,131.59,131.79,118444,257541
11/08/2016,131.74,132.19,131.41,131.75,84694,253703
11/09/2016,131.50,133.28,131.32,132.20,169281,253944
11/10/2016,131.99,133.65,131.56,133.44,149304,253324
11/11/2016,133.29,134.53,133.03,133.80,121809,247068
11/14/2016,133.58,133.73,132.22,132.62,138694,245866
11/15/2016,132.80,133.07,131.57,132.48,144012,248103
11/16/2016,132.25,132.80,131.87,132.18,108640,246558
11/17/2016,132.18,132.86,131.85,131.92,118918,245983
11/18/2016,131.88,132.14,130.79,131.41,135329,249228
11/21/2016,131.20,132.90,130.90,132.60,145127,247983
11/22/2016,132.70,132.91,131.61,131.90,97573,242916
11/23/2016,131.98,132.45,131.36,132.15,108450,243201
11/25/2016,132.02,132.71,131.77,132.32,114696,242506
11/28/2016,132.46,133.08,131.61,131.89,105806,243661
11/29/2016,131.89,133.02,131.64,132.81,102982,244257
11/30/2016,132.70,132.98,131.94,132.81,134107,245191
12/01/2016,132.90,134.70,132.81,133.56,94667,243435
12/02/2016,133.71,135.12,133.44,134.83,116529,243674
12/05/2016,134.25,135.19,134.05,134.98,93868,245061
12/06/2016,135.07,135.48,134.30,134.52,104250,243671
12/07/2016,134.52,134.56,133.43,133.96,106742,241711
12/08/2016,134.00,134.77,133.22,133.61,147312,241190
12/09/2016,133.52,133.94,133.26,133.41,102584,240017
12/12/2016,133.60,134.73,133.40,134.45,181800,238730
12/13/2016,134.58,135.02,134.27,134.36,184019,237797
12/14/2016,134.32,135.04,133.03,133.73,240569,251096
12/15/2016,133.14,133.39,131.48,132.09,134840,249401
12/16/2016,131.99,132.82,131.55,132.45,136618,236432
12/19/2016,132.61,132.74,131.27,131.72,94313,235831
12/20/2016,131.64,131.81,130.84,131.39,57985,205486
12/21/2016,131.43,131.64,130.97,131.22,70201,204799
12/22/2016,131.26,131.49,130.48,130.56,56160,210495
12/23/2016,130.54,130.70,129.99,130.43,30472,210495
12/27/2016,130.45,130.58,130.11,130.44,67376,212492
12/28/2016,130.37,130.67,129.71,129.92,67082,218523
12/29/2016,129.89,130.37,129.72,130.18,101480,218960
12/30/2016,130.24,131.53,130.09,131.02,104295,215853
01/03/2017,130.43,130.69,129.61,129.98,122491,225396
01/04/2017,129.99,131.15,129.82,130.77,91286,221960
01/05/2017,130.86,131.94,130.31,131.71,143045,220675
01/06/2017,131.76,131.93,130.22,130.37,114748,221178
01/09/2017,130.16,130.32,128.84,129.22,131538,228457
01/10/2017,129.36,129.50,128.67,129.23,97545,228050
01/11/2017,129.36,130.33,127.96,129.67,189124,228609
01/12/2017,129.60,130.75,129.10,129.22,122813,229925
01/13/2017,129.18,129.92,128.79,129.44,109233,229982
01/17/2017,128.08,131.75,127.45,131.55,337240,228782
01/18/2017,131.63,131.69,130.12,130.45,129423,224864
01/19/2017,130.22,131.04,130.07,130.93,96076,225264
01/20/2017,130.93,131.38,130.17,131.36,101150,223347
01/23/2017,131.36,133.00,131.33,132.58,106315,223836
01/24/2017,132.94,133.00,131.75,132.59,104650,223681
01/25/2017,132.83,133.96,132.48,133.83,92403,225714
01/26/2017,133.92,134.30,133.12,133.64,75564,223626
01/27/2017,133.44,133.61,132.71,133.13,79059,217709
01/30/2017,133.24,133.56,132.19,132.38,83186,212031
01/31/2017,132.46,133.50,131.65,133.35,121120,211910
02/01/2017,133.35,134.34,132.96,134.29,103863,213416
02/02/2017,134.09,134.59,132.70,132.76,135586,208388
02/03/2017,132.84,132.90,132.04,132.33,91488,207200
02/06/2017,132.25,132.50,131.79,132.20,64565,208404
02/07/2017,132.17,132.98,130.97,132.69,133174,211013
02/08/2017,132.58,133.00,132.25,132.77,79522,210490
02/09/2017,132.87,133.33,132.41,132.46,93617,209216
02/10/2017,132.46,132.72,131.89,132.33,93666,208367
02/13/2017,132.41,132.90,132.30,132.77,70038,209842
02/14/2017,132.75,132.99,131.93,132.15,107401,212044
02/15/2017,132.22,132.32,131.33,131.95,99935,214226
02/16/2017,132.09,132.73,132.03,132.45,91833,210640
02/17/2017,132.31,132.59,131.36,131.61,104599,217528
02/21/2017,131.69,132.32,131.50,132.22,123420,213713
02/22/2017,132.25,132.58,131.61,132.05,117710,215495
02/23/2017,132.05,133.09,131.75,132.89,119581,218461
02/24/2017,132.97,133.18,131.94,132.05,122621,212331
02/27/2017,132.02,132.25,131.28,131.90,110575,219292
02/28/2017,131.88,132.17,131.20,131.49,120485,226882
03/01/2017,131.24,131.52,130.26,130.28,125111,244655
03/02/2017,130.48,130.53,129.88,130.07,110450,251445
03/03/2017,130.13,130.53,129.59,130.25,164161,256633
03/06/2017,130.39,130.47,129.69,129.85,131200,268832
03/07/2017,129.84,129.99,129.15,129.46,141079,262512
03/08/2017,129.42,129.58,128.82,129.13,290676,271620
03/09/2017,129.09,129.37,128.74,129.20,320410,301800
03/10/2017,128.98,129.31,128.81,129.19,140775,299345
03/13/2017,129.09,129.94,128.98,129.74,96992,301630
03/14/2017,129.63,129.64,128.51,129.03,114620,259945
03/15/2017,128.99,130.53,128.90,130.34,123081,257106
03/16/2017,130.34,131.20,129.84,131.01,94689,255858
03/17/2017,131.05,131.48,130.66,131.39,77099,255172
03/20/2017,131.29,131.78,130.78,130.91,133520,251922
03/21/2017,131.03,132.37,130.84,132.17,111070,252480
03/22/2017,132.21,132.49,131.65,132.29,92528,248466
03/23/2017,132.21,132.73,132.04,132.56,65733,249305
03/24/2017,132.60,132.62,132.09,132.39,94671,248743
03/27/2017,132.30,133.56,132.30,133.06,98192,248395
03/28/2017,132.98,133.34,131.79,131.89,142939,246985
03/29/2017,131.97,132.15,131.15,131.74,146209,241549
03/30/2017,131.74,132.60,131.39,132.15,108583,242782
03/31/2017,132.04,133.01,131.68,132.69,127390,244116
04/03/2017,132.73,132.92,132.01,132.10,88588,244062
04/04/2017,132.17,132.31,131.54,131.85,90751,241774
04/05/2017,131.81,132.34,131.58,132.21,96820,243558
04/06/2017,132.23,132.40,131.85,132.11,121310,243372
04/07/2017,132.03,132.12,130.99,131.14,61572,245500
04/10/2017,131.07,131.64,131.01,131.52,87921,242799
04/11/2017,131.51,132.31,131.38,132.24,68840,244188
04/12/2017,132.24,132.82,132.13,132.25,72107,243291
04/13/2017,132.80,133.07,132.33,132.50,42112,243291
04/17/2017,132.63,133.31,132.57,132.97,273697,247307
04/18/2017,132.98,136.42,132.46,135.84,151480,261350
04/19/2017,135.80,135.94,135.02,135.17,155889,263067
04/20/2017,135.14,135.79,135.05,135.50,93745,262415
04/21/2017,135.37,135.67,134.89,135.27,99277,261278
04/24/2017,135.55,135.65,135.03,135.20,86826,261024
04/25/2017,135.23,135.78,135.06,135.62,100049,261711
04/26/2017,135.68,135.95,135.37,135.75,96123,262631
04/27/2017,135.72,136.48,135.70,136.37,112812,261987
04/28/2017,136.35,136.96,136.19,136.77,38286,263741
05/01/2017,136.72,136.76,136.13,136.34,85324,265590
05/02/2017,136.14,136.71,135.95,136.61,92870,267230
05/03/2017,136.68,136.78,135.92,136.17,86165,265856
05/04/2017,135.94,136.61,135.59,136.48,78356,267169
05/05/2017,136.45,137.17,136.27,137.01,67941,256937
05/08/2017,137.11,137.15,136.57,136.71,85403,255324
05/09/2017,136.68,136.89,136.31,136.53,93004,257225
05/10/2017,136.64,137.15,136.55,136.69,95480,257770
05/11/2017,136.62,136.74,135.75,136.17,130194,259540
05/12/2017,136.14,136.25,135.70,136.05,89792,259847
05/15/2017,136.20,136.66,136.07,136.20,72558,259555
05/16/2017,136.22,136.84,135.90,136.47,113129,256035
05/17/2017,136.42,137.16,136.30,136.80,120663,256598
05/18/2017,137.00,137.72,136.11,136.65,166991,252648
05/19/2017,136.61,137.65,136.56,137.56,96132,257969
05/22/2017,137.45,137.66,136.89,137.19,99259,257459
05/23/2017,137.20,137.56,136.75,136.89,123262,256257
05/24/2017,136.86,137.21,136.49,136.71,77428,257421
05/25/2017,136.90,137.36,136.53,136.58,163599,255422
05/26/2017,136.58,136.61,134.95,135.17,167981,256177
05/30/2017,135.33,136.09,135.14,135.78,132238,254039
05/31/2017,135.20,136.42,134.88,136.13,162196,255603
06/01/2017,135.96,136.34,135.48,135.95,100159,251572
06/02/2017,136.02,136.22,135.64,135.97,86191,249938
06/05/2017,135.90,136.59,135.74,136.25,77521,250617
06/06/2017,136.19,136.68,135.90,136.06,99529,247128
06/07/2017,136.23,136.97,136.05,136.69,161910,248519
06/08/2017,136.78,136.93,136.24,136.61,98018,245900
06/09/2017,134.60,135.44,133.51,134.43,344387,252361
06/12/2017,134.47,134.84,133.52,133.73,165637,251240
06/13/2017,133.88,134.71,133.56,134.68,187187,268142
06/14/2017,134.67,135.32,134.37,134.60,344131,257859
06/15/2017,134.62,135.09,134.04,134.75,225867,256885
06/16/2017,134.67,135.19,134.63,134.93,129563,257888
06/19/2017,134.75,135.27,134.36,134.42,95767,258051
06/20/2017,134.48,134.71,133.15,133.40,119490,194700
06/21/2017,133.38,134.22,133.01,133.78,123116,192540
06/22/2017,133.84,133.97,133.63,133.79,66398,192462
06/23/2017,133.89,134.54,133.85,134.32,86107,189348
06/26/2017,134.50,134.70,134.16,134.30,70228,187959
06/27/2017,134.30,135.73,134.25,135.16,104149,186088
06/28/2017,135.24,136.81,135.03,136.44,189227,191352
06/29/2017,136.37,137.23,136.35,136.99,129673,198997
06/30/2017,137.12,137.37,136.51,137.21,110004,199067
07/03/2017,137.22,137.30,136.38,136.61,82539,199067
07/05/2017,136.41,136.64,135.98,136.38,111054,196089
07/06/2017,136.42,136.89,136.25,136.77,90350,194679
07/07/2017,136.75,136.79,135.70,135.86,98813,193234
07/10/2017,135.93,136.12,135.57,135.89,67847,191073
07/11/2017,135.82,136.31,135.35,135.54,105470,192042
07/12/2017,135.50,136.15,135.15,135.90,117222,192757
07/13/2017,135.92,136.58,135.90,136.47,88478,192519
07/14/2017,136.41,137.97,136.38,137.90,130428,203560
07/17/2017,138.12,138.16,137.53,137.59,82199,202123
07/18/2017,137.60,138.29,137.07,137.51,125994,199735
07/19/2017,137.44,137.55,137.13,137.28,77723,199697
07/20/2017,137.26,137.33,136.32,136.75,131031,198417
07/21/2017,136.75,137.20,136.52,137.07,92109,197502
07/24/2017,136.97,137.58,136.86,137.36,83443,200262
07/25/2017,137.23,137.83,137.06,137.36,82335,200166
07/26/2017,137.27,138.20,136.97,137.93,104996,203324
07/27/2017,138.19,138.57,137.49,137.71,121288,205390
07/28/2017,137.61,138.50,137.59,138.46,101290,208493
07/31/2017,138.36,139.23,137.94,138.93,105915,212053
08/01/2017,139.05,139.42,138.88,139.07,76576,217430
08/02/2017,139.06,139.49,138.86,139.25,78560,216434
08/03/2017,139.19,139.63,138.06,138.29,136982,216443
08/04/2017,138.33,138.59,137.17,137.29,108167,207463
08/07/2017,137.37,137.53,137.08,137.25,68417,205364
08/08/2017,137.31,137.47,136.45,136.81,88427,207384
08/09/2017,136.83,137.21,136.61,136.95,95074,207466
08/10/2017,136.98,137.07,136.42,136.71,76091,207530
08/11/2017,136.68,137.22,136.30,137.04,106691,206593
08/14/2017,137.04,137.12,136.46,136.60,71299,207659
08/15/2017,136.51,136.61,135.36,135.53,122266,212860
08/16/2017,135.63,135.93,135.31,135.74,116588,211786
08/17/2017,135.78,136.01,135.41,135.63,94189,213315
08/18/2017,135.58,136.07,135.20,135.64,101491,213424
08/21/2017,135.62,136.04,135.38,135.87,72146,213042
08/22/2017,135.84,135.96,134.97,135.15,86645,216095
08/23/2017,135.10,135.21,134.66,134.91,85595,218088
08/24/2017,134.88,135.22,134.59,134.87,78927,218485
08/25/2017,134.86,135.74,134.79,135.63,81549,225354
08/28/2017,136.00,136.28,135.58,136.24,67170,224537
08/29/2017,136.17,136.64,135.86,136.07,88488,223628
08/30/2017,136.06,136.22,135.62,136.09,90286,224526
08/31/2017,136.08,136.18,135.33,136.16,107836,224591
09/01/2017,136.08,136.78,135.87,136.37,107228,219466
09/05/2017,136.46,137.25,135.89,137.23,144182,218476
09/06/2017,137.18,137.64,137.00,137.21,112866,215611
09/07/2017,137.23,137.95,137.13,137.63,118414,217023
09/08/2017,137.78,139.03,137.74,138.78,161010,235911
09/11/2017,138.72,139.00,138.41,138.52,176046,236576
09/12/2017,138.47,139.75,138.39,139.71,260224,272961
09/13/2017,139.68,140.05,138.60,138.73,297765,273720
09/14/2017,138.82,140.82,138.26,140.72,326311,275287
09/15/2017,140.74,142.90,140.56,142.46,267275,271068
09/18/2017,142.63,142.93,141.39,141.64,156020,199605
09/19/2017,141.72,142.26,141.44,141.98,136641,201487
09/20/2017,141.86,143.33,141.25,141.57,176879,201282
09/21/2017,141.72,142.60,141.43,142.46,131691,202406
09/22/2017,142.53,142.68,141.60,142.01,201307,199074
09/25/2017,141.66,142.43,141.05,141.43,128652,200909
09/26/2017,141.43,141.87,140.82,141.27,111409,193335
09/27/2017,141.34,141.36,140.36,140.76,118571,188785
09/28/2017,140.65,141.26,140.12,141.16,112571,183524
09/29/2017,141.09,141.09,140.18,140.77,133171,177715
10/02/2017,140.53,140.71,139.24,139.53,113379,173917
10/03/2017,139.43,139.55,138.88,139.12,105500,172410
10/04/2017,139.01,139.60,139.01,139.15,83308,174867
10/05/2017,139.08,139.16,137.73,137.77,147958,175436
10/06/2017,137.82,137.85,136.86,137.32,131990,178464
10/09/2017,137.47,138.49,137.39,138.16,94175,178788
10/10/2017,138.05,138.91,137.96,138.65,99879,179287
10/11/2017,138.69,138.95,138.40,138.82,79597,180740
10/12/2017,138.87,139.54,137.85,139.37,163894,181033
10/13/2017,139.24,140.01,139.10,139.55,140864,180759
10/16/2017,139.60,139.74,138.87,139.08,106172,181394
10/17/2017,139.12,139.50,138.15,138.52,136867,184656
10/18/2017,138.54,138.79,138.01,138.62,112183,181582
10/19/2017,138.61,138.88,137.88,138.16,101121,182985
10/20/2017,138.12,138.61,137.45,138.51,125052,181490
10/23/2017,138.48,138.87,138.17,138.59,92827,180880
10/24/2017,138.56,138.86,137.72,137.95,96163,184788
10/25/2017,137.90,139.29,137.68,139.12,152506,182932
10/26/2017,139.21,139.36,138.06,138.13,114757,180349
10/27/2017,138.09,138.10,137.26,137.79,95829,188440
10/30/2017,137.88,138.72,137.78,138.57,98910,188440
10/31/2017,138.61,139.45,138.47,139.39,117420,185123
11/01/2017,139.40,139.76,138.95,139.04,122020,180944
11/02/2017,139.04,139.54,136.95,137.16,144760,192529
11/03/2017,137.09,137.88,136.91,137.21,144075,176614
11/06/2017,137.34,138.27,137.11,138.25,95199,174594
11/07/2017,138.23,138.30,137.61,138.19,90921,175065
11/08/2017,138.21,138.28,137.38,137.64,92710,175822
11/09/2017,137.65,138.17,137.36,138.08,117211,176159
11/10/2017,137.94,138.81,137.63,138.47,109565,177925
11/13/2017,138.20,138.23,137.12,137.65,120614,174401
11/14/2017,137.62,138.37,137.24,138.14,121233,174198
11/15/2017,138.10,138.63,137.80,138.14,129131,172415
11/16/2017,138.19,138.58,137.83,138.32,119019,173881
11/17/2017,138.42,139.09,138.16,138.66,132848,172642
11/20/2017,138.64,139.28,138.34,138.85,103699,175532
11/21/2017,138.86,139.15,138.56,138.83,97525,173341
11/22/2017,138.90,139.71,138.60,139.68,114905,178947
11/24/2017,139.68,140.06,139.23,139.77,125175,181181
11/27/2017,139.75,140.29,139.55,139.64,104559,177408
11/28/2017,139.67,140.34,138.66,140.18,241638,175640
11/29/2017,140.04,140.94,139.93,140.70,220473,184907
11/30/2017,140.59,141.94,140.54,141.68,235877,195946
12/01/2017,141.63,141.94,140.88,141.11,163438,202144
12/04/2017,141.17,141.83,140.57,141.13,229539,204608
12/05/2017,141.22,141.22,140.13,140.84,148296,202693
12/06/2017,140.67,140.80,140.00,140.17,144356,198053
12/07/2017,140.20,141.28,139.61,141.09,237909,202152
12/08/2017,141.21,141.62,139.97,140.39,169910,193668
12/11/2017,140.25,140.73,139.71,139.80,222810,204480
12/12/2017,139.79,140.20,139.44,139.58,234577,208102
12/13/2017,139.58,140.76,139.55,140.62,370615,225982
12/14/2017,140.59,141.12,140.40,140.92,264853,236404
12/15/2017,140.74,140.95,139.55,139.74,215764,246462
12/18/2017,139.74,140.70,139.64,140.32,104799,243988
12/19/2017,140.31,140.47,139.75,140.26,79420,183783
12/20/2017,140.30,140.61,140.09,140.32,77824,190351
12/21/2017,140.13,140.31,139.73,140.26,74276,183467
12/22/2017,140.28,140.42,140.02,140.23,67479,186999
12/26/2017,140.20,140.35,139.90,140.22,70412,190393
12/27/2017,140.18,140.70,140.13,140.31,55621,196056
12/28/2017,140.39,140.82,140.24,140.70,87924,202496
12/29/2017,140.57,141.70,140.48,141.48,92221,210306
01/02/2018,141.34,142.25,141.27,142.19,100518,207565
01/03/2018,142.15,142.37,141.16,141.38,105298,202810
01/04/2018,141.36,141.82,141.27,141.77,72216,207333
01/05/2018,141.73,142.06,141.46,141.88,76953,199774
01/08/2018,141.92,142.07,141.44,141.86,75095,201766
01/09/2018,141.92,142.04,141.23,141.53,78297,199058
01/10/2018,141.63,141.83,141.02,141.30,110039,196780
01/11/2018,141.29,141.75,140.77,141.57,202578,196931
01/12/2018,141.61,143.57,141.56,143.55,201914,209970
01/16/2018,143.68,144.39,143.47,144.12,187225,216869
01/17/2018,144.09,145.63,143.76,144.98,160612,226100
01/18/2018,144.29,145.31,144.22,145.11,114666,227533
01/19/2018,145.14,145.62,144.56,144.91,113608,227338
01/22/2018,145.17,146.07,144.74,145.98,117467,230084
01/23/2018,145.98,146.48,145.33,146.17,125663,233456
01/24/2018,146.19,148.59,146.14,148.33,200954,236025
01/25/2018,148.52,149.61,146.98,147.36,272422,228761
01/26/2018,147.31,149.03,147.30,147.75,178463,232761
01/29/2018,147.62,147.73,146.41,146.95,139362,235506
01/30/2018,146.89,147.82,145.95,147.68,143516,231973
01/31/2018,147.65,148.48,147.36,147.91,179494,224391
02/01/2018,148.07,148.89,147.72,148.78,140872,224403
02/02/2018,148.81,148.91,147.14,147.43,132235,223322
02/05/2018,147.02,147.64,146.00,146.14,141027,225445
02/06/2018,145.82,146.12,144.48,145.70,183842,214051
02/07/2018,145.66,146.05,144.59,144.90,131318,212485
02/08/2018,144.79,146.78,144.55,145.31,255083,209855
02/09/2018,145.34,145.97,143.71,144.16,204916,200467
02/12/2018,144.31,144.86,144.05,144.34,102871,195854
02/13/2018,144.49,145.33,144.41,144.84,99203,190979
02/14/2018,144.96,146.15,144.07,145.94,148678,188133
02/15/2018,146.08,147.06,146.01,146.97,116505,186861
02/16/2018,146.98,147.51,146.02,146.28,97954,186222
02/20/2018,146.36,146.54,145.36,145.91,144819,186017
02/21/2018,146.02,146.14,145.07,145.39,143196,185875
02/22/2018,145.14,145.92,144.59,145.60,116658,187918
02/23/2018,145.56,146.08,145.06,145.73,100401,191225
02/26/2018,145.73,146.73,145.29,145.65,105743,193497
02/27/2018,145.66,145.97,144.56,145.17,146657,195155
02/28/2018,145.10,145.17,143.56,143.69,169063,201384
03/01/2018,143.51,143.84,143.10,143.67,149533,200639
03/02/2018,143.72,144.15,143.53,143.86,125594,198719
03/05/2018,144.06,144.75,143.63,144.27,137350,194518
03/06/2018,144.41,145.27,144.12,144.84,122405,197439
03/07/2018,144.92,145.10,144.41,144.93,122278,193338
03/08/2018,144.96,145.05,143.78,143.92,138282,197209
03/09/2018,144.08,144.85,143.83,144.44,142654,197881
03/12/2018,144.46,145.12,144.36,145.02,143475,198427
03/13/2018,145.00,145.90,144.69,145.71,163169,206151
03/14/2018,145.64,145.92,145.22,145.69,210688,203900
03/15/2018,145.63,145.85,145.17,145.27,208741,216892
03/16/2018,145.34,145.75,144.80,145.31,161993,221663
03/19/2018,145.37,146.81,145.05,146.42,173335,160614
03/20/2018,146.17,146.58,145.74,145.91,98467,157702
03/21/2018,145.92,147.34,145.88,147.19,150958,167294
03/22/2018,147.24,148.07,146.61,146.96,145425,174071
03/23/2018,146.91,147.58,146.71,147.31,103139,177284
03/26/2018,147.37,148.29,147.31,148.11,101364,181351
03/27/2018,148.14,148.28,146.48,147.36,139010,174248
03/28/2018,147.44,147.79,146.50,146.62,109710,174008
03/29/2018,146.60,146.73,145.89,145.93,125031,175670
04/02/2018,145.99,146.57,145.97,146.20,46284,170485
04/03/2018,146.28,146.66,145.99,146.34,90781,169500
04/04/2018,146.38,146.74,145.95,146.54,99078,171533
04/05/2018,146.64,146.75,145.42,145.79,107999,168694
04/06/2018,145.76,146.81,145.59,146.61,108236,171316
04/09/2018,146.60,147.39,146.53,147.08,83436,176119
04/10/2018,147.06,147.62,146.94,147.58,83365,180539
04/11/2018,147.52,147.98,147.34,147.46,85860,183216
04/12/2018,147.52,148.21,147.18,148.00,111584,194854
04/13/2018,148.04,148.70,147.94,148.10,95006,194655
04/16/2018,148.19,149.11,148.06,149.04,100368,200604
04/17/2018,149.10,149.48,148.53,148.57,121647,203640
04/18/2018,148.62,148.84,147.42,147.74,130760,199352
04/19/2018,147.75,148.14,146.35,146.45,155334,197084
04/20/2018,146.52,146.56,145.75,145.90,133801,185325
04/23/2018,145.67,145.99,144.94,145.05,96754,180575
04/24/2018,145.04,145.54,144.86,145.38,98975,181644
04/25/2018,145.45,145.63,144.91,145.07,75430,183308
04/26/2018,144.97,145.63,144.60,144.90,116257,182494
04/27/2018,144.78,144.98,143.12,143.53,157645,190299
04/30/2018,143.44,143.57,142.77,143.11,117801,191518
05/01/2018,143.32,143.38,141.53,141.81,132177,192509
05/02/2018,141.74,142.29,141.43,141.66,136538,189535
05/03/2018,141.34,141.89,140.97,141.30,133942,190775
05/04/2018,141.33,141.45,140.46,141.02,59817,190286
05/07/2018,140.90,141.35,140.75,141.20,61633,185521
05/08/2018,141.16,141.51,140.41,140.94,128021,185997
05/09/2018,141.02,141.64,140.56,141.13,105779,184091
05/10/2018,141.07,141.73,140.15,140.76,221506,189571
05/11/2018,140.74,141.52,140.57,141.02,103658,185132
05/14/2018,141.01,141.63,140.95,141.20,77114,186533
05/15/2018,141.13,141.26,140.05,140.62,114049,190648
05/16/2018,140.62,140.75,140.10,140.39,110554,181734
05/17/2018,140.62,141.22,140.26,140.59,117503,182761
05/18/2018,140.68,140.80,140.06,140.34,88856,183066
05/21/2018,140.25,140.35,139.42,139.65,104614,186126
05/22/2018,139.81,140.42,139.63,139.79,110306,184982
05/23/2018,139.82,139.92,138.54,138.96,166672,194336
05/24/2018,139.00,139.69,138.97,139.32,146248,193015
05/25/2018,139.28,139.35,138.52,138.63,110776,199674
05/29/2018,138.55,138.88,137.50,137.93,213418,204161
05/30/2018,138.02,138.53,137.88,138.25,150452,219760
05/31/2018,138.28,138.92,138.21,138.34,150152,224774
06/01/2018,138.37,139.05,137.96,138.89,126571,222286
06/04/2018,138.97,139.41,138.37,138.57,109348,223472
06/05/2018,138.57,139.51,138.45,139.34,139460,239409
06/06/2018,139.40,139.85,139.38,139.51,123637,246980
06/07/2018,139.57,140.12,139.10,139.66,158685,251920
06/08/2018,139.62,139.78,138.95,139.52,122635,240957
06/11/2018,139.45,139.80,138.84,139.18,156074,250194
06/12/2018,139.16,139.61,138.79,139.13,204426,266575
06/13/2018,139.12,139.26,138.45,138.93,250176,231781
06/14/2018,139.12,139.82,138.04,138.15,307212,241363
06/15/2018,137.96,138.31,137.43,138.14,141784,236957
06/18/2018,138.05,138.08,137.58,137.73,70684,161035
06/19/2018,137.75,138.06,136.81,136.98,109098,169356
06/20/2018,137.01,137.46,136.76,137.16,109094,170047
06/21/2018,137.05,137.97,136.29,137.83,156450,170343
06/22/2018,137.68,138.43,137.65,137.89,76180,170674
06/25/2018,137.98,138.18,137.48,138.06,79243,166639
06/26/2018,138.09,138.19,137.18,137.59,102980,166340
06/27/2018,137.48,137.59,136.36,136.52,131609,176964
06/28/2018,136.42,136.44,135.72,135.90,133191,181860
06/29/2018,135.96,137.30,135.91,137.13,95980,183631
07/02/2018,137.32,137.32,136.15,136.44,99891,183292
07/03/2018,136.57,137.27,136.35,136.85,103787,181527
07/05/2018,137.11,137.92,136.91,137.29,166030,179903
07/06/2018,137.39,137.98,137.20,137.84,96931,176044
07/09/2018,138.35,138.80,137.06,137.72,224681,178725
07/10/2018,137.69,138.18,137.39,137.82,126964,176007
07/11/2018,137.91,138.01,137.15,137.26,100726,177458
07/12/2018,137.18,137.57,136.93,137.22,86721,176058
07/13/2018,137.17,137.46,136.14,137.40,133752,177044
07/16/2018,137.39,138.05,137.29,137.43,173477,176421
07/17/2018,137.48,137.81,135.78,136.33,176499,186392
07/18/2018,136.24,136.27,135.20,135.72,141509,196891
07/19/2018,135.84,135.91,134.65,135.24,137610,201709
07/20/2018,135.23,136.48,135.02,136.41,140991,196577
07/23/2018,136.40,136.66,135.89,136.07,95553,193878
07/24/2018,136.05,136.67,135.78,136.47,102149,191590
07/25/2018,136.48,137.07,136.38,136.79,98475,190021
07/26/2018,136.90,137.17,136.09,136.15,109937,188701
07/27/2018,136.13,136.34,135.86,136.16,78228,188284
07/30/2018,136.08,136.56,136.00,136.38,68267,189888
07/31/2018,136.34,136.77,135.92,136.27,101455,190296
08/01/2018,136.20,136.46,135.97,136.30,85330,192583
08/02/2018,136.23,136.54,135.14,135.23,155849,206152
08/03/2018,135.16,135.41,134.74,135.05,97724,204404
08/06/2018,135.03,135.04,134.17,134.41,78998,212691
08/07/2018,134.41,134.70,134.21,134.32,85359,219746
08/08/2018,134.34,134.57,133.49,133.90,107195,222411
08/09/2018,133.81,134.06,133.30,133.42,107950,235291
08/10/2018,133.22,133.31,132.17,132.56,143262,234411
08/13/2018,132.48,132.85,132.24,132.47,89181,236695
08/14/2018,132.53,133.21,131.98,132.05,106414,244248
08/15/2018,132.14,132.28,131.55,131.86,100982,246042
08/16/2018,131.85,132.45,131.77,132.00,99080,252262
08/17/2018,132.02,132.43,131.88,132.38,79310,256482
08/20/2018,132.34,132.81,132.19,132.74,73406,263273
08/21/2018,132.85,134.15,132.83,133.92,81764,267219
08/22/2018,133.94,134.26,133.57,134.02,84192,264669
08/23/2018,134.00,134.05,132.92,133.02,98912,260543
08/24/2018,132.99,133.69,132.86,133.34,85379,256296
08/27/2018,133.31,133.88,133.16,133.79,51451,256566
08/28/2018,133.83,134.20,133.49,133.54,81264,260228
08/29/2018,133.55,135.20,133.32,135.07,163586,261034
08/30/2018,135.17,135.27,134.69,134.98,97567,257367
08/31/2018,134.93,135.13,134.28,134.41,112746,255352
09/04/2018,134.02,134.18,132.94,133.39,187837,261700
09/05/2018,133.35,134.66,132.68,133.80,199787,259192
09/06/2018,133.92,134.44,133.78,134.15,106086,257188
09/07/2018,134.11,135.09,133.88,134.05,161729,253114
09/10/2018,133.94,135.32,133.76,135.09,219889,250220
09/11/2018,135.10,135.68,134.43,134.87,218430,277644
09/12/2018,134.95,135.62,134.59,135.35,222705,294974
09/13/2018,135.25,136.02,135.04,135.89,392425,340792
09/14/2018,135.83,136.31,135.39,135.43,147296,312462
09/17/2018,135.49,136.41,135.46,136.38,84917,235986
09/18/2018,136.35,136.52,135.95,136.15,83841,227785
09/19/2018,136.25,136.93,135.74,136.22,141501,232960
09/20/2018,136.21,137.75,136.11,137.43,144287,230217
09/21/2018,137.48,137.52,135.28,135.52,88456,227806
09/24/2018,135.58,136.42,135.37,135.92,88852,227148
09/25/2018,135.90,136.68,135.68,136.60,90177,222965
09/26/2018,136.55,136.91,136.11,136.56,92247,219962
09/27/2018,136.39,136.50,135.46,135.59,104291,220862
09/28/2018,135.51,135.61,134.71,135.11,105273,214029
10/01/2018,135.02,135.87,134.81,135.07,94912,213366
10/02/2018,135.07,135.18,134.09,134.47,87916,207954
10/03/2018,134.48,134.92,134.31,134.44,82175,207127
10/04/2018,134.15,135.08,133.88,134.91,101106,207522
10/05/2018,134.88,135.90,134.70,135.77,129780,211270
10/08/2018,135.93,135.99,134.94,135.58,75080,206627
10/09/2018,135.60,136.17,134.98,136.11,117832,207930
10/10/2018,136.06,136.81,136.02,136.63,111497,209695
10/11/2018,136.60,137.22,136.46,136.97,118346,209294
10/12/2018,136.93,137.21,136.08,136.25,108631,206153
10/15/2018,135.64,136.44,135.56,136.17,91425,209352
10/16/2018,136.15,136.99,136.03,136.52,94576,210108
10/17/2018,136.44,136.53,135.60,135.82,100288,210179
10/18/2018,135.69,135.91,134.75,134.91,115509,211924
10/19/2018,134.80,135.63,134.69,135.24,101705,213013
10/22/2018,135.20,135.48,134.13,134.29,97841,218169
10/23/2018,134.27,135.01,133.93,134.41,104277,218348
10/24/2018,134.36,134.46,133.22,133.37,95532,221107
10/25/2018,133.40,133.74,132.50,132.79,108221,226814
10/26/2018,132.68,132.95,132.30,132.84,93105,225524
10/29/2018,132.81,133.06,132.44,132.58,85197,227152
10/30/2018,132.50,132.64,131.47,131.53,98520,230867
10/31/2018,131.60,132.82,131.51,132.21,166329,226123
11/01/2018,132.23,134.87,132.14,134.66,220259,233626
11/02/2018,134.48,134.90,134.00,134.10,123343,230306
11/05/2018,134.54,135.05,134.12,135.01,112470,227401
11/06/2018,135.06,135.56,134.69,135.40,113344,227514
11/07/2018,135.40,136.23,135.22,135.95,121983,223399
11/08/2018,135.74,135.96,134.91,134.96,115965,223080
11/09/2018,135.12,135.14,134.02,134.21,116545,222515
11/12/2018,133.72,133.91,132.71,132.99,207761,226704
11/13/2018,132.97,134.92,132.94,133.98,212639,229052
11/14/2018,134.76,135.17,133.23,134.77,274941,227874
11/15/2018,134.32,134.72,131.64,132.37,279955,230425
11/16/2018,132.06,133.20,132.02,132.72,150678,228571
11/19/2018,132.72,133.25,132.35,132.96,102192,228781
11/20/2018,132.99,133.23,132.16,132.25,97894,227556
11/21/2018,132.24,132.60,132.03,132.20,82598,226932
11/23/2018,132.14,133.66,132.08,132.46,149959,226971
11/26/2018,132.55,133.01,132.33,132.47,60225,226976
11/27/2018,132.48,132.55,131.60,131.70,92831,227895
11/28/2018,131.77,132.83,131.68,132.71,98646,228970
11/29/2018,132.61,132.84,131.89,132.17,92659,230170
11/30/2018,132.16,132.43,131.67,131.76,102619,230101
12/03/2018,131.73,132.58,131.31,131.58,115071,236144
12/04/2018,131.61,132.73,130.90,131.48,163851,235704
12/05/2018,131.44,132.30,131.04,131.67,83903,235336
12/06/2018,131.62,132.42,131.29,132.05,145999,237614
12/07/2018,132.07,132.19,131.39,131.81,104652,236723
12/10/2018,131.41,131.88,129.36,129.86,318484,257611
12/11/2018,129.92,130.64,129.07,129.56,242808,255703
12/12/2018,129.17,130.99,129.04,130.62,294276,249141
12/13/2018,130.64,131.11,130.35,130.84,212467,267952
12/14/2018,130.81,130.87,129.53,130.04,144663,273315
12/17/2018,130.11,130.70,129.99,130.53,102672,270174
12/18/2018,130.36,131.27,130.33,130.60,82326,204948
12/19/2018,130.65,131.01,130.29,130.47,92979,207895
12/20/2018,130.43,131.30,130.35,130.93,79489,211177
12/21/2018,130.78,131.16,130.34,130.52,44287,211776
12/24/2018,130.65,131.55,130.51,131.35,30432,212023
12/26/2018,131.00,131.37,130.47,130.63,68276,211855
12/27/2018,130.59,130.91,130.30,130.60,55296,210493
12/28/2018,130.54,131.20,130.47,131.04,58054,211978
12/31/2018,131.15,132.26,130.91,131.54,68799,212470
01/02/2019,131.63,131.84,129.91,130.20,104539,218410
01/03/2019,129.92,130.56,128.76,130.40,99968,214437
01/04/2019,130.43,131.54,130.23,131.48,98337,210111
01/07/2019,131.44,131.96,131.28,131.79,70617,212424
01/08/2019,131.93,132.05,131.14,131.25,73769,210800
01/09/2019,131.24,132.12,131.21,132.03,104175,209788
01/10/2019,132.06,132.07,131.33,131.50,86361,209422
01/11/2019,131.50,132.71,131.13,132.51,136705,213020
01/14/2019,132.67,133.35,132.22,132.71,110202,213403
01/15/2019,132.69,133.20,130.71,132.36,173033,219326
01/16/2019,132.64,133.02,132.29,132.75,106990,216613
01/17/2019,132.81,134.03,132.33,133.90,112271,214787
01/18/2019,133.89,133.95,132.57,132.73,97039,211846
01/22/2019,132.75,133.76,132.30,133.58,151037,210645
01/23/2019,133.58,134.81,133.40,134.65,116964,208517
01/24/2019,134.74,134.92,134.10,134.51,98728,205540
01/25/2019,134.64,136.16,134.57,135.95,141098,207984
01/28/2019,136.05,136.08,135.34,135.56,100072,209156
01/29/2019,135.48,135.97,134.52,134.94,186818,206696
01/30/2019,134.76,135.42,134.49,135.12,98468,202157
01/31/2019,135.09,135.54,134.91,135.05,95626,197655
02/01/2019,134.99,135.07,134.35,134.76,80750,198981
02/04/2019,134.77,134.96,134.21,134.36,70364,201122
02/05/2019,134.27,134.47,133.16,133.47,84664,196616
02/06/2019,133.46,133.70,133.15,133.28,67760,197020
02/07/2019,133.20,133.85,132.41,133.43,112824,196320
02/08/2019,133.36,133.64,133.08,133.20,64201,193921
02/11/2019,133.19,133.26,132.31,132.47,82767,192376
02/12/2019,132.44,132.95,132.19,132.84,86252,194998
02/13/2019,132.76,133.45,132.29,132.36,122454,194033
02/14/2019,132.31,132.60,131.55,131.83,105846,197795
02/15/2019,131.79,132.80,131.67,132.69,113210,196489
02/19/2019,132.85,134.55,132.73,134.48,196341,201904
02/20/2019,134.45,134.91,133.93,134.42,149864,197448
02/21/2019,134.28,134.75,134.05,134.18,122303,194637
02/22/2019,134.12,134.59,133.47,134.40,95366,195345
02/25/2019,134.35,134.93,134.28,134.80,97333,194160
02/26/2019,134.97,136.66,134.94,136.51,205061,202065
02/27/2019,136.36,137.28,136.10,136.86,141186,206610
02/28/2019,136.85,136.95,136.28,136.42,137122,202184
03/01/2019,136.34,136.61,135.46,135.65,125928,199061
03/04/2019,136.07,136.28,135.40,135.44,84063,195979
03/05/2019,135.49,135.71,134.69,135.42,145856,193497
03/06/2019,135.19,135.54,134.96,135.44,97119,192572
03/07/2019,135.44,135.55,134.38,134.45,187049,192050
03/08/2019,134.54,134.77,133.61,133.84,192862,190620
03/11/2019,133.56,135.40,133.31,135.21,278449,191426
03/12/2019,135.56,136.60,133.75,134.50,354609,191938
03/13/2019,134.42,137.48,134.31,135.88,255395,198032
03/14/2019,136.83,136.97,135.73,136.02,110940,195945
03/15/2019,136.29,136.67,135.69,136.50,117009,192806
03/18/2019,136.65,136.66,135.49,136.19,111367,192896
03/19/2019,136.14,136.77,136.06,136.34,128890,140283
03/20/2019,136.32,136.37,135.09,136.10,139215,142242
03/21/2019,135.57,135.90,133.66,134.36,126620,146569
03/22/2019,134.79,135.85,134.43,135.69,105841,146827
03/25/2019,135.77,136.09,135.21,135.43,102680,144846
03/26/2019,135.55,136.23,135.19,135.81,135360,142957
03/27/2019,135.68,136.29,135.26,136.24,133489,143396
03/28/2019,135.12,135.55,133.91,134.15,181960,148739
03/29/2019,134.07,134.93,133.33,133.62,189869,148969
04/01/2019,133.91,135.06,133.65,134.83,113886,146930
04/02/2019,134.13,135.06,133.69,134.69,133417,147431
04/03/2019,134.88,135.51,134.75,135.12,84066,146129
04/04/2019,135.15,135.44,134.12,134.15,84891,144889
04/05/2019,134.26,134.74,133.39,133.81,96286,145030
04/08/2019,133.79,134.27,133.79,134.18,69349,141781
04/09/2019,134.17,134.73,133.82,133.93,110582,142525
04/10/2019,134.03,134.71,133.99,134.34,75360,141864
04/11/2019,134.33,134.57,133.97,134.05,80857,144587
04/12/2019,134.02,134.81,133.98,134.25,88670,147629
04/15/2019,134.25,134.68,134.23,134.45,59257,151327
04/16/2019,134.45,134.49,133.89,133.99,91932,148202
04/17/2019,133.91,134.11,133.72,133.82,80924,150609
04/18/2019,133.79,133.95,133.22,133.23,89426,151038
04/22/2019,133.28,133.41,133.18,133.25,28409,151528
04/23/2019,133.21,133.62,132.71,132.82,102283,157851
04/24/2019,132.72,133.06,132.29,132.47,98342,157887
04/25/2019,132.40,132.56,132.05,132.32,93859,161820
04/26/2019,132.32,132.84,132.15,132.65,96014,164514
04/29/2019,132.58,132.87,132.44,132.74,63501,165241
04/30/2019,132.70,133.88,132.65,133.75,138676,161764
05/01/2019,133.79,134.42,133.68,133.85,84066,159323
05/02/2019,133.88,134.19,133.53,133.62,101669,156843
05/03/2019,133.68,135.14,133.21,134.99,137748,161731
05/06/2019,134.99,135.06,134.16,134.34,73102,156518
05/07/2019,134.34,134.66,133.72,133.97,107290,154991
05/08/2019,134.07,134.12,133.19,133.36,106086,155024
05/09/2019,133.39,133.66,132.98,133.54,94694,154574
05/10/2019,133.41,133.77,133.20,133.38,82566,153763
05/13/2019,133.34,133.70,132.70,132.94,82772,155250
05/14/2019,132.88,132.99,132.30,132.33,85256,156893
05/15/2019,132.37,132.50,131.53,131.70,100292,164694
05/16/2019,131.70,132.50,131.13,131.17,79362,171188
05/17/2019,131.19,131.22,130.39,130.50,97409,178530
05/20/2019,130.57,130.81,130.39,130.50,185079,185530
05/21/2019,130.48,131.38,130.08,130.27,189606,190191
05/22/2019,130.29,130.42,129.46,129.91,146360,197251
05/23/2019,129.80,130.04,129.24,129.75,117196,204399
05/24/2019,129.80,130.53,129.67,130.33,127936,207195
05/28/2019,130.39,130.67,129.68,129.74,106490,213930
05/29/2019,129.72,129.89,129.29,129.41,110178,218063
05/30/2019,129.44,129.56,128.96,129.25,84042,226668
05/31/2019,129.19,129.60,128.74,129.49,132143,226240
06/03/2019,129.45,129.89,129.24,129.82,145991,225285
06/04/2019,129.78,130.29,129.55,130.19,125682,220728
06/05/2019,130.13,130.57,129.93,130.06,114642,219078
06/06/2019,130.02,130.54,129.80,130.01,103920,216349
06/07/2019,130.05,130.74,130.00,130.51,125393,217575
06/10/2019,130.44,130.45,129.64,130.01,193180,221770
06/11/2019,129.97,130.42,129.81,130.32,160357,221181
06/12/2019,130.33,130.69,129.90,129.97,241276,223385
06/13/2019,129.98,130.14,129.68,129.89,240630,234972
06/14/2019,129.83,129.89,128.86,128.90,111251,241535
06/17/2019,129.00,129.12,128.37,128.45,67702,242487
06/18/2019,128.40,128.70,128.10,128.65,98602,210421
06/19/2019,128.62,129.79,128.48,129.73,100660,207522
06/20/2019,129.50,130.30,129.47,130.02,81912,207022
06/21/2019,130.06,130.49,129.43,130.39,64190,209021
06/24/2019,130.41,130.68,130.10,130.43,91569,209010
06/25/2019,130.39,130.84,129.73,129.95,67005,207543
06/26/2019,129.92,130.09,129.63,129.89,67364,209359
06/27/2019,129.91,130.23,129.59,129.60,82222,211911
06/28/2019,129.67,130.32,129.62,130.03,86426,213684
07/01/2019,130.01,130.04,129.30,129.34,93279,222752
07/02/2019,129.40,129.44,128.81,129.00,92214,224591
07/03/2019,128.92,128.98,128.52,128.72,72557,231076
07/05/2019,128.71,128.86,127.77,128.20,117627,236450
07/08/2019,128.26,128.35,127.96,128.09,61277,242229
07/09/2019,128.09,128.14,127.34,127.61,81213,247048
07/10/2019,127.56,128.15,127.38,127.98,93035,248026
07/11/2019,128.00,128.63,127.96,128.18,86188,245249
07/12/2019,128.17,128.71,128.12,128.62,58191,245082
07/15/2019,128.65,128.69,128.00,128.11,48302,245423
07/16/2019,128.08,128.11,126.86,126.97,103808,253464
07/17/2019,126.95,127.46,126.71,127.27,84144,257967
07/18/2019,127.25,128.46,127.16,128.30,130951,252163
07/19/2019,128.34,128.43,127.63,127.86,64301,247293
07/22/2019,127.92,128.01,127.42,127.69,67040,246028
07/23/2019,127.60,127.68,127.02,127.27,91527,248063
07/24/2019,127.24,128.07,127.10,127.64,78410,248612
07/25/2019,127.68,128.02,127.20,127.35,98406,252663
07/26/2019,127.34,127.43,126.59,126.68,78394,259771
07/29/2019,126.65,126.66,124.94,125.06,136263,272694
07/30/2019,125.02,125.08,124.01,124.44,147465,275984
07/31/2019,124.32,125.31,124.15,124.42,169026,289893
08/01/2019,124.32,124.51,123.58,124.28,152730,291254
08/02/2019,123.99,124.48,123.69,124.37,94696,295614
08/05/2019,124.30,124.66,123.80,124.21,123016,288317
08/06/2019,124.17,124.86,124.12,124.28,119110,296904
08/07/2019,124.42,124.67,123.96,124.20,107800,291704
08/08/2019,124.16,124.56,123.69,124.07,93258,288418
08/09/2019,124.13,124.21,122.98,123.27,101553,278697
08/12/2019,123.14,123.80,122.87,123.51,87792,272764
08/13/2019,123.53,123.70,123.14,123.27,82192,273931
08/14/2019,123.30,123.73,123.16,123.31,83249,271088
08/15/2019,123.30,124.22,123.21,123.80,112099,276248
08/16/2019,123.48,124.45,123.48,124.23,88496,274218
08/19/2019,124.14,124.43,123.73,124.02,66921,274734
08/20/2019,123.93,124.50,123.32,124.34,121783,273481
08/21/2019,124.33,124.43,123.80,123.91,81287,273073
08/22/2019,124.01,125.39,123.74,125.23,123940,275522
08/23/2019,125.21,125.61,124.60,125.52,129076,272266
08/26/2019,125.37,125.52,124.73,124.83,109300,274628
08/27/2019,124.86,125.74,124.73,125.59,144930,273650
08/28/2019,125.55,125.55,124.19,124.83,145702,271140
08/29/2019,124.80,124.94,124.34,124.39,95317,265627
08/30/2019,124.43,124.90,124.02,124.15,244822,266660
09/03/2019,124.06,124.36,122.19,123.44,153219,272396
09/04/2019,123.43,125.22,123.43,124.74,159954,272690
09/05/2019,125.16,126.13,124.70,125.80,140229,273717
09/06/2019,125.92,126.02,125.38,125.52,143587,277010
09/09/2019,125.38,126.45,124.90,126.04,236435,272142
09/10/2019,126.08,126.37,125.65,126.13,214799,283161
09/11/2019,126.15,126.29,125.69,125.82,314846,299923
09/12/2019,125.78,126.22,125.38,126.01,308379,301639
09/13/2019,125.93,127.60,125.81,127.31,168846,296355
09/16/2019,127.54,127.55,126.54,126.79,108924,293274
09/17/2019,126.78,127.81,126.48,127.57,90098,230609
09/18/2019,127.56,127.65,126.92,127.17,115959,232507
09/19/2019,127.25,128.13,126.89,127.88,126950,233976
09/20/2019,127.83,128.35,127.10,127.25,89784,233843
09/23/2019,127.19,127.39,126.62,126.85,122949,234734
09/24/2019,126.81,127.54,126.64,127.46,126639,236081
09/25/2019,127.45,127.45,125.98,126.01,101241,236483
09/26/2019,126.07,126.30,125.52,125.76,99071,236334
09/27/2019,125.73,125.83,125.17,125.36,100377,237140
09/30/2019,125.42,125.93,125.21,125.43,101699,239429
10/01/2019,125.40,125.86,124.52,125.46,175556,238392
10/02/2019,125.33,125.70,124.71,125.50,128153,239306
10/03/2019,125.41,126.56,125.09,125.94,159996,246117
10/04/2019,125.83,125.98,125.18,125.74,102865,242922
10/07/2019,125.61,125.78,125.26,125.40,60073,243836
10/08/2019,125.29,125.42,124.35,124.57,107963,246896
10/09/2019,124.57,125.32,124.37,124.49,94338,245757
10/10/2019,124.48,127.08,124.46,126.83,206399,244355
10/11/2019,126.82,129.46,126.46,128.98,272614,239685
10/14/2019,128.81,128.88,127.53,128.13,132746,238179
10/15/2019,128.66,130.43,128.31,130.19,290947,243309
10/16/2019,129.99,131.15,128.93,130.76,299232,244369
10/17/2019,130.56,132.26,129.84,131.12,258942,243678
10/18/2019,131.27,132.31,130.73,131.81,136021,240275
10/21/2019,131.53,132.48,131.08,132.04,170880,234077
10/22/2019,131.96,132.35,130.97,131.17,176201,230224
10/23/2019,131.06,131.56,130.75,131.40,107950,234725
10/24/2019,131.46,131.81,130.21,130.98,77956,235020
10/25/2019,130.77,130.95,130.36,130.61,79294,223964
10/28/2019,130.56,131.08,130.43,130.87,73856,218137
10/29/2019,130.91,131.35,130.37,130.90,97726,214406
10/30/2019,130.92,131.37,130.74,131.19,88882,209006
10/31/2019,131.29,132.05,131.28,131.68,78855,207549
11/01/2019,131.60,132.01,131.54,131.63,81382,204678
11/04/2019,131.65,131.71,131.03,131.07,66117,206981
11/05/2019,131.10,131.44,130.86,131.10,74590,206317
11/06/2019,131.08,131.24,130.70,130.79,60327,205331
11/07/2019,130.81,131.03,130.15,130.46,102105,205031
11/08/2019,130.38,130.47,129.93,130.08,66457,203252
11/11/2019,130.11,131.23,130.09,130.78,90996,207393
11/12/2019,130.80,130.98,130.38,130.81,84395,209312
11/13/2019,130.73,130.82,130.44,130.62,70758,209637
11/14/2019,130.74,131.11,130.47,130.98,74888,213027
11/15/2019,131.02,131.41,130.89,131.25,84292,216220
11/18/2019,131.36,132.08,131.30,131.76,88903,219823
11/19/2019,131.71,131.91,131.31,131.32,79106,218042
11/20/2019,131.48,131.51,131.08,131.42,80588,220046
11/21/2019,131.46,131.90,131.12,131.22,92103,222450
11/22/2019,131.29,131.48,130.41,130.50,115074,222065
11/25/2019,130.67,131.31,130.60,131.23,94534,225687
11/26/2019,131.17,131.22,130.52,130.88,91637,223181
11/27/2019,130.81,131.43,130.44,131.33,107566,224885
11/29/2019,131.61,131.68,130.95,131.48,128224,226931
12/02/2019,131.30,131.65,131.12,131.60,96805,224929
12/03/2019,131.60,132.28,131.46,132.08,123089,236714
12/04/2019,132.13,133.37,131.98,133.14,189959,244928
12/05/2019,133.21,133.81,133.19,133.76,123982,251730
12/06/2019,133.75,133.81,133.15,133.52,164370,249399
12/09/2019,133.46,133.95,133.46,133.63,172265,245760
12/10/2019,133.59,134.31,133.48,134.21,356459,256553
12/11/2019,133.36,134.31,133.27,134.22,380456,269472
12/12/2019,134.12,134.51,132.64,133.52,364885,274700
12/13/2019,136.57,137.21,135.18,135.51,315828,276240
12/16/2019,135.59,136.34,135.33,135.62,121795,278609
12/17/2019,135.03,135.13,133.11,133.31,115601,201586
12/18/2019,133.45,133.46,132.71,132.97,137481,203444
12/19/2019,132.92,133.44,131.99,132.23,85108,206867
12/20/2019,132.18,132.89,131.88,132.25,85457,207306
12/23/2019,132.02,132.41,131.13,131.48,36161,207172
12/24/2019,131.50,131.81,131.31,131.76,34308,206283
12/26/2019,131.81,132.26,131.69,132.15,88645,207193
12/27/2019,132.14,133.22,131.76,132.98,91976,210129
12/30/2019,132.87,133.52,132.76,133.16,73212,203228
12/31/2019,133.19,134.85,133.05,134.65,91865,206784
01/02/2020,134.46,134.66,133.15,133.29,104945,203121
01/03/2020,133.42,133.58,132.52,132.77,84477,203314
01/06/2020,132.62,133.74,132.61,133.61,74429,203353
01/07/2020,133.71,134.11,132.93,133.19,90456,197490
01/08/2020,133.15,133.67,132.78,132.98,93805,201785
01/09/2020,132.94,133.20,132.10,132.54,97079,200270
01/10/2020,132.63,132.94,132.39,132.58,82200,199651
01/13/2020,132.30,132.42,131.58,131.98,94840,198611
01/14/2020,131.86,132.30,131.51,132.24,79668,196536
01/15/2020,132.18,132.39,131.80,132.23,76058,197544
01/16/2020,132.44,132.79,132.22,132.63,72543,197409
01/17/2020,132.70,133.14,131.99,132.13,121300,197705
01/21/2020,131.97,132.78,131.57,132.45,127015,194625
01/22/2020,132.38,133.48,132.29,133.29,115967,198017
01/23/2020,133.31,133.44,132.89,133.11,76445,198375
01/24/2020,133.15,133.71,132.49,132.73,111943,195031
01/27/2020,132.70,132.99,132.32,132.41,88380,201318
01/28/2020,132.48,132.58,131.67,131.98,89465,203169
01/29/2020,132.19,132.19,131.80,132.15,62188,197633
01/30/2020,132.05,132.98,131.68,132.71,158948,206388
01/31/2020,132.78,133.98,132.73,133.90,119316,210070
02/03/2020,133.68,133.73,131.71,131.86,112400,212083
02/04/2020,131.84,132.35,131.28,132.25,113632,208165
02/05/2020,132.15,132.58,131.43,131.75,125477,207108
02/06/2020,131.86,131.86,131.05,131.09,91258,208117
02/07/2020,131.12,131.45,130.67,130.72,96893,210620
02/10/2020,130.73,131.31,130.58,131.01,92774,210821
02/11/2020,130.99,131.53,130.78,131.48,93667,212228
02/12/2020,131.38,131.76,131.37,131.43,91429,213697
02/13/2020,131.39,132.53,131.27,132.37,156250,221642
02/14/2020,132.26,132.47,131.84,132.16,91926,220861
02/18/2020,132.25,132.38,131.53,131.83,111011,216933
02/19/2020,131.82,132.06,130.89,131.02,116446,216307
02/20/2020,131.02,131.10,130.30,130.62,111011,216416
02/21/2020,130.58,131.62,130.58,131.54,118493,213594
02/24/2020,131.31,131.35,130.67,130.94,100912,213085
02/25/2020,131.08,131.98,130.95,131.80,113769,211321
02/26/2020,131.82,131.88,130.76,130.90,119767,211405
02/27/2020,130.83,131.26,130.38,130.71,183089,215900
02/28/2020,130.68,130.99,129.05,129.71,190651,221360
03/02/2020,129.70,130.29,129.18,129.54,196485,217504
03/03/2020,129.39,130.20,129.34,129.88,169540,214672
03/04/2020,129.92,130.49,129.47,130.43,156446,213141
03/05/2020,130.47,131.43,130.37,131.21,172360,215365
03/06/2020,131.34,132.28,131.24,131.91,245789,203841
03/09/2020,132.47,133.73,132.08,132.86,248404,204189
03/10/2020,132.62,132.89,130.63,130.85,216311,214185
03/11/2020,130.51,131.50,129.79,130.14,280421,225262
03/12/2020,129.97,130.22,126.73,127.52,198370,227372
03/13/2020,127.49,128.05,124.38,124.91,217338,231196
03/16/2020,125.83,126.11,123.86,124.20,105450,235594
03/17/2020,124.52,124.62,121.87,122.83,158660,182109
03/18/2020,122.48,123.14,116.36,117.65,155780,181431
03/19/2020,117.78,119.84,116.58,117.23,137801,178405
03/20/2020,116.61,121.13,115.99,117.48,88368,180747
03/23/2020,118.45,118.93,116.27,117.03,88665,179308
03/24/2020,117.34,119.82,116.56,119.31,101701,179552
03/25/2020,119.45,121.52,118.17,120.52,90357,179141
03/26/2020,120.61,124.09,119.55,123.29,105790,174040
03/27/2020,123.41,126.67,123.11,126.61,113972,171563
03/30/2020,126.28,126.58,124.97,125.65,98657,166841
03/31/2020,125.58,126.53,124.21,126.17,101744,165226
04/01/2020,126.00,126.15,125.06,125.45,64833,165034
04/02/2020,125.57,126.46,125.17,125.65,65339,165608
04/03/2020,125.69,125.73,123.74,124.43,71979,156370
04/06/2020,123.94,124.97,123.80,124.72,66134,153391
04/07/2020,123.98,125.56,123.35,125.09,50063,150318
04/08/2020,125.07,125.90,124.58,125.61,61770,150149
04/09/2020,125.60,126.52,125.28,126.16,62637,151190
04/13/2020,126.23,127.06,126.22,126.98,33366,152376
04/14/2020,126.85,128.14,126.72,127.94,64794,153088
04/15/2020,127.94,127.97,126.02,127.17,71179,155857
04/16/2020,126.93,126.96,125.75,126.23,57893,156100
04/17/2020,126.55,126.89,125.72,126.54,59825,156128
04/20/2020,126.67,126.70,125.82,126.09,46709,155870
04/21/2020,126.03,126.09,124.13,124.45,82515,158788
04/22/2020,124.67,125.52,124.40,124.83,63876,160886
04/23/2020,124.98,125.80,124.72,125.19,72089,163652
04/24/2020,125.11,125.41,124.60,125.16,47906,162398
04/27/2020,125.30,126.20,125.24,125.86,46298,161395
04/28/2020,125.92,126.84,125.68,125.97,59690,162868
04/29/2020,125.88,126.49,125.52,126.15,50586,160674
04/30/2020,126.38,128.08,125.93,127.63,113962,159893
05/01/2020,127.61,127.63,126.45,126.49,56437,158642
05/04/2020,126.47,126.50,125.68,126.03,61992,160674
05/05/2020,126.04,126.47,125.83,126.16,65525,161083
05/06/2020,126.04,126.14,124.97,125.08,62498,165974
05/07/2020,125.04,125.82,124.28,125.20,94681,165474
05/08/2020,125.24,126.31,125.20,125.73,49438,161839
05/11/2020,125.68,126.00,124.44,124.93,72703,163981
05/12/2020,124.98,125.40,124.29,124.43,76154,166568
05/13/2020,124.31,125.03,123.72,123.82,75823,173139
05/14/2020,123.95,124.04,123.27,123.57,77264,175437
05/15/2020,123.93,124.02,122.62,122.79,88471,177837
05/18/2020,122.46,123.90,122.40,123.54,76176,181531
05/19/2020,123.61,124.58,123.46,124.43,86212,179734
05/20/2020,124.05,124.51,123.84,123.92,69751,180104
05/21/2020,123.96,124.11,123.47,123.97,70615,184424
05/22/2020,123.84,123.95,123.22,123.31,67151,187430
05/26/2020,123.31,125.25,123.26,125.04,130223,188650
05/27/2020,124.98,125.16,123.64,124.17,118184,187998
05/28/2020,124.23,125.07,123.95,125.05,82231,189112
05/29/2020,124.87,125.55,124.51,124.87,120294,193648
06/01/2020,125.00,126.69,124.88,126.57,101537,194659
06/02/2020,126.53,127.38,126.40,127.03,113821,190138
06/03/2020,127.10,127.77,127.08,127.50,98080,189190
06/04/2020,127.35,127.95,126.62,127.75,109060,187073
06/05/2020,127.53,128.93,127.44,128.30,139083,180022
06/08/2020,128.52,128.97,127.90,128.87,128120,182539
06/09/2020,128.84,129.17,127.80,129.02,163349,185606
06/10/2020,128.92,129.74,128.68,129.30,253582,196325
06/11/2020,129.08,129.15,127.47,127.56,222334,204030
06/12/2020,127.60,128.15,126.35,126.51,163592,213107
06/15/2020,126.80,127.72,126.16,127.47,102516,215173
06/16/2020,127.75,128.49,127.13,127.38,74663,166808
06/17/2020,127.28,127.50,126.72,127.01,124471,169002
06/18/2020,127.14,127.28,125.62,125.81,94745,173436
06/19/2020,125.80,126.17,125.05,125.16,67769,171748
06/22/2020,125.15,126.38,124.95,126.33,88218,171807
06/23/2020,126.31,126.93,125.94,126.83,93264,170455
06/24/2020,126.74,127.03,125.74,125.83,93850,173652
06/25/2020,125.84,126.25,125.49,125.69,72759,180919
06/26/2020,125.76,125.97,124.75,125.03,76953,185143
06/29/2020,124.98,125.49,124.11,124.45,79560,187399
06/30/2020,124.60,125.62,124.18,125.52,100163,186144
07/01/2020,125.60,126.50,125.20,126.31,82498,185911
07/02/2020,126.39,126.91,126.16,126.21,83362,179867
07/06/2020,126.30,126.81,125.97,126.58,93267,178695
07/07/2020,126.48,127.53,126.22,127.14,87840,180696
07/08/2020,127.07,127.83,126.69,127.82,81103,179914
07/09/2020,127.71,128.29,127.59,127.80,99128,179412
07/10/2020,127.62,128.24,127.26,127.88,77350,181175
07/13/2020,127.82,128.26,127.10,127.33,82490,179084
07/14/2020,127.18,127.24,126.39,127.16,86068,179340
07/15/2020,127.18,128.09,127.18,127.41,86443,176897
07/16/2020,127.46,127.83,126.78,127.04,79486,174912
07/17/2020,127.14,127.33,126.71,127.28,51181,173012
07/20/2020,127.24,128.25,126.77,128.24,94380,179585
07/21/2020,128.14,129.28,128.09,129.17,96059,180337
07/22/2020,128.87,129.02,128.02,128.96,103322,172336
07/23/2020,128.91,129.19,128.32,129.01,97450,172806
07/24/2020,128.95,129.62,128.75,129.49,83161,173306
07/27/2020,129.57,130.61,129.43,130.31,95456,178623
07/28/2020,130.48,131.11,129.98,131.05,108570,178912
07/29/2020,130.91,131.72,130.71,131.22,111600,176821
07/30/2020,131.59,132.61,131.03,132.46,119836,178183
07/31/2020,132.53,133.29,132.28,132.63,93469,175736
08/03/2020,132.45,132.72,131.62,132.33,97100,176805
08/04/2020,132.36,132.66,131.39,132.14,97743,176728
08/05/2020,132.24,133.19,132.15,132.74,95440,178792
08/06/2020,132.77,133.44,132.72,133.08,93267,183461
08/07/2020,133.05,133.05,131.67,132.10,94140,178377
08/10/2020,132.15,132.61,131.76,132.26,74272,179507
08/11/2020,132.30,132.89,131.99,132.21,94754,179071
08/12/2020,132.14,132.25,131.63,131.84,90470,180683
08/13/2020,131.88,132.82,131.88,132.09,81021,181557
08/14/2020,132.23,133.00,132.04,132.48,69873,182953
08/17/2020,132.54,132.78,132.31,132.58,51540,182391
08/18/2020,132.64,134.07,132.59,134.01,93462,187043
08/19/2020,134.00,134.24,132.50,132.71,98420,179785
08/20/2020,132.64,133.82,132.21,133.69,122001,176753
08/21/2020,133.72,134.11,132.16,132.50,114439,174940
08/24/2020,132.43,133.06,132.11,132.15,75837,174424
08/25/2020,132.20,133.28,132.15,133.03,83754,175363
08/26/2020,133.02,133.76,132.74,133.48,84989,181130
08/27/2020,133.68,134.41,133.17,133.61,132350,183136
08/28/2020,133.59,135.12,133.42,134.99,115279,186261
08/31/2020,135.08,135.52,134.58,135.34,85366,181025
09/01/2020,135.22,136.38,135.13,135.40,129078,186588
09/02/2020,135.46,135.58,134.39,134.78,127738,189556
09/03/2020,135.08,135.14,133.97,134.27,104315,187165
09/04/2020,134.33,134.75,133.31,134.46,123795,188658
09/08/2020,134.11,134.17,131.35,131.45,288662,195956
09/09/2020,131.30,131.78,130.41,131.46,247450,193483
09/10/2020,131.58,131.91,129.26,129.57,142620,206341
09/11/2020,129.55,130.21,129.17,129.45,84648,203972
09/14/2020,129.47,130.75,129.45,130.11,74771,198152
09/15/2020,130.01,130.81,129.70,130.53,81032,148823
09/16/2020,130.44,131.62,130.31,131.06,140181,148679
09/17/2020,131.22,131.55,130.19,131.16,74843,149518
09/18/2020,131.22,131.54,130.69,130.82,77772,148345
09/21/2020,130.79,131.21,129.30,129.49,144580,154570
09/22/2020,129.66,130.21,128.65,128.88,104720,152613
09/23/2020,128.91,129.31,128.28,128.69,111669,155194
09/24/2020,128.77,129.36,128.44,128.95,99428,157856
09/25/2020,129.01,129.60,128.39,128.84,107760,161055
09/28/2020,129.12,130.83,129.05,129.88,98808,160585
09/29/2020,129.87,130.57,129.76,130.15,128160,159049
09/30/2020,130.13,130.97,129.59,130.53,191749,159335
10/01/2020,130.72,131.33,129.72,130.46,194612,162366
10/02/2020,130.39,131.07,129.88,130.88,149406,160941
10/05/2020,130.77,131.46,130.53,131.25,71155,156932
10/06/2020,131.34,131.61,130.19,130.54,115290,156467
10/07/2020,130.30,130.82,129.97,130.64,72538,154080
10/08/2020,130.70,131.23,130.44,130.84,95403,154704
10/09/2020,130.89,132.03,130.73,131.90,99199,154297
10/12/2020,131.85,132.35,131.58,132.15,113799,151557
10/13/2020,132.18,132.21,130.75,130.91,129890,148279
10/14/2020,130.89,132.18,130.16,131.77,136283,146710
10/15/2020,131.66,131.82,130.42,130.53,121351,149541
10/16/2020,130.57,131.14,130.05,130.84,112190,146986
10/19/2020,130.54,131.77,130.50,130.97,79058,146280
10/20/2020,130.93,131.33,130.60,130.95,82104,146356
10/21/2020,130.93,133.31,130.93,133.12,142739,149788
10/22/2020,132.93,133.05,132.22,132.30,80323,147146
10/23/2020,132.38,132.75,131.70,131.88,89652,144338
10/26/2020,132.09,132.27,131.45,131.71,81128,145816
10/27/2020,131.75,132.33,131.53,132.10,72554,139984
10/28/2020,131.93,132.16,130.69,131.46,126332,144184
10/29/2020,131.40,131.78,130.33,130.78,120472,151827
10/30/2020,130.75,131.41,130.50,131.10,105536,147689
11/02/2020,130.86,130.96,130.04,130.53,82859,145673
11/03/2020,130.67,132.33,130.67,131.78,96719,140437
11/04/2020,132.23,132.94,130.66,131.47,121995,139051
11/05/2020,130.95,133.07,130.85,132.96,97967,142183
11/06/2020,132.94,133.29,132.44,133.12,113210,138208
11/09/2020,133.14,133.61,132.70,133.21,105410,141353
11/10/2020,133.13,134.31,133.09,134.06,109526,141346
11/11/2020,134.21,134.75,133.43,133.64,95087,139852
11/12/2020,133.76,133.80,132.57,132.69,89330,136732
11/13/2020,132.70,133.53,132.61,133.28,68633,138749
11/16/2020,133.46,133.93,133.16,133.41,80672,140529
11/17/2020,133.50,134.24,133.45,134.11,57961,139010
11/18/2020,134.14,134.64,133.95,134.33,61184,138497
11/19/2020,134.17,134.30,133.46,134.06,92858,136718
11/20/2020,134.04,134.55,133.97,134.29,71373,137299
11/23/2020,134.47,135.49,134.15,134.76,116393,141123
11/24/2020,134.72,135.32,134.43,135.02,80120,142958
11/25/2020,135.11,135.44,134.55,135.33,92529,144851
11/27/2020,135.36,135.50,134.44,134.67,117577,147839
11/30/2020,134.77,135.41,134.54,134.93,135113,143758
12/01/2020,134.82,135.95,134.65,135.66,152706,146966
12/02/2020,135.75,135.92,134.36,135.08,144758,152487
12/03/2020,135.23,136.51,135.02,135.99,149721,157414
12/04/2020,136.03,136.89,135.58,135.93,176500,154717
12/07/2020,135.70,135.88,133.72,135.50,243941,162789
12/08/2020,135.23,135.45,134.41,135.04,234000,164184
12/09/2020,135.07,136.27,134.99,135.45,236912,164550
12/10/2020,135.13,135.37,133.93,134.38,278097,161337
12/11/2020,134.47,134.73,132.82,133.74,191135,170403
12/14/2020,134.77,135.94,134.39,134.70,142588,170147
12/15/2020,134.77,136.17,134.26,135.80,106930,142242
12/16/2020,136.01,137.04,135.82,136.30,101110,147322
12/17/2020,136.47,137.79,136.45,137.24,89597,149484
12/18/2020,137.32,137.36,136.19,136.53,177480,147102
12/21/2020,135.84,136.53,133.36,136.11,121850,144606
12/22/2020,136.05,136.21,134.55,135.06,166910,145994
12/23/2020,135.16,137.23,135.14,136.32,65933,145648
12/24/2020,136.54,137.70,136.48,136.88,73043,144011
12/28/2020,137.05,137.26,135.75,135.94,74193,141259
12/29/2020,135.95,136.68,135.95,136.44,82891,139870
12/30/2020,136.48,137.69,136.35,137.54,86423,141823
12/31/2020,137.54,138.29,137.46,137.95,111590,141841
01/04/2021,138.03,138.46,136.83,137.08,67104,143832
01/05/2021,137.12,137.84,136.95,137.69,69010,143209
01/06/2021,137.67,138.13,136.74,137.42,97151,142868
01/07/2021,137.52,137.74,136.73,137.12,81536,144265
01/08/2021,137.08,137.78,136.80,137.04,89032,145004
01/11/2021,136.98,137.10,135.92,136.68,70547,145717
01/12/2021,136.55,138.11,136.46,138.05,94094,152924
01/13/2021,138.03,138.43,137.52,137.71,71245,153970
01/14/2021,137.76,138.52,137.56,138.23,72355,152662
01/15/2021,138.30,138.38,137.12,137.21,77135,148968
01/19/2021,137.27,137.77,136.59,137.72,94959,147096
01/20/2021,137.76,138.59,137.63,137.85,84560,148976
01/21/2021,137.97,138.86,137.93,138.63,75254,153203
01/22/2021,138.74,138.76,137.74,138.22,77499,150490
01/25/2021,138.21,138.64,137.88,138.03,74401,151289
01/26/2021,138.11,138.85,137.48,138.71,88088,154558
01/27/2021,138.76,138.98,137.98,138.26,106056,154740
01/28/2021,138.36,138.86,137.69,138.81,110352,155860
01/29/2021,138.65,138.91,137.96,138.41,127588,159027
02/01/2021,138.41,138.97,137.94,138.10,98442,163626
02/02/2021,138.05,138.49,137.50,137.93,88812,161100
02/03/2021,138.06,138.22,137.57,137.80,77269,159769
02/04/2021,137.87,138.37,137.04,138.12,138827,164246
02/05/2021,138.06,138.79,138.04,138.66,81435,166426
02/08/2021,138.74,138.87,138.17,138.82,67388,165800
02/09/2021,138.80,139.58,138.76,139.50,75913,170161
02/10/2021,139.55,140.04,139.40,139.79,60605,172670
02/11/2021,139.69,139.97,139.36,139.42,71419,172796
02/12/2021,139.52,140.00,139.12,139.86,73773,173424
02/16/2021,139.94,140.89,139.94,140.49,142850,171218
02/17/2021,140.43,140.44,139.67,139.98,83857,169951
02/18/2021,139.96,141.23,139.76,141.12,107168,173423
02/19/2021,141.16,141.75,140.89,141.51,77253,176511
02/22/2021,141.47,142.25,141.17,142.14,66370,175305
02/23/2021,142.04,142.55,141.91,142.45,68793,176721
02/24/2021,142.50,143.81,142.19,142.61,98606,177991
02/25/2021,142.78,143.19,141.38,141.71,117389,182624
02/26/2021,141.48,141.64,140.24,140.82,77415,171440
03/01/2021,140.70,141.35,140.41,140.59,73390,169944
03/02/2021,140.66,141.13,139.95,141.01,75596,169363
03/03/2021,140.91,141.42,140.57,140.93,78800,168549
03/04/2021,140.90,141.54,140.16,140.26,106062,168610
03/05/2021,140.27,140.42,139.15,139.79,99746,165938
03/08/2021,139.67,140.01,139.37,139.74,163711,165280
03/09/2021,139.49,140.61,139.38,140.33,167860,181373
03/10/2021,140.29,140.74,139.82,140.68,257930,175335
03/11/2021,140.74,141.32,140.55,141.23,102810,190016
03/12/2021,141.27,141.40,139.98,140.58,66078,179677
03/15/2021,140.60,140.86,139.87,140.24,67228,146556
03/16/2021,140.39,140.43,139.44,140.31,78797,148035
03/17/2021,140.27,141.06,139.86,140.80,96993,147909
03/18/2021,140.94,141.37,140.31,140.64,97483,146153
03/19/2021,140.64,140.94,139.65,140.06,60719,145535
03/22/2021,139.74,140.13,139.53,139.99,63024,143014
03/23/2021,139.94,140.00,138.86,138.93,74801,146112
03/24/2021,138.84,138.92,138.09,138.28,81403,144474
03/25/2021,138.21,138.80,138.05,138.74,71732,142527
03/26/2021,138.68,139.47,138.68,139.20,81092,137441
03/29/2021,139.28,139.82,138.90,138.95,61720,139925
03/30/2021,138.99,139.18,138.40,138.56,64663,139779
03/31/2021,138.70,139.46,138.50,139.12,82038,140539
04/01/2021,139.17,139.71,138.80,139.65,82038,140539
04/05/2021,139.53,140.48,139.47,140.38,42097,144597
04/06/2021,140.40,140.53,139.35,139.56,88193,140556
04/07/2021,139.56,139.74,138.58,138.68,100520,144960
04/08/2021,138.65,139.16,138.52,138.70,74156,144797
04/09/2021,138.65,138.83,138.02,138.49,61571,146136
04/12/2021,138.39,139.11,138.03,138.78,63840,146064
04/13/2021,138.78,139.03,138.27,138.85,68265,148785
04/14/2021,138.86,139.43,138.83,139.13,66063,153497
04/15/2021,139.10,139.43,138.94,139.22,57556,152472
04/16/2021,139.19,139.83,138.49,139.68,81030,155620
04/19/2021,139.67,141.27,139.43,141.24,76794,162404
04/20/2021,141.21,141.43,140.59,140.62,64155,164246
04/21/2021,140.67,140.82,140.18,140.59,66932,159283
04/22/2021,140.65,140.83,139.56,139.71,93254,158557
04/23/2021,139.71,140.29,139.67,140.09,69829,156207
04/26/2021,140.09,140.63,139.98,140.39,63038,157563
04/27/2021,140.27,140.57,139.91,140.35,60704,161251
04/28/2021,140.38,140.83,139.93,140.78,72575,162758
04/29/2021,140.70,141.10,140.64,140.81,129800,167712
04/30/2021,140.72,140.90,139.34,139.42,70973,158998
05/03/2021,139.47,140.65,139.32,140.46,89771,155735
05/04/2021,140.41,140.45,139.70,140.24,66302,152741
05/05/2021,140.18,140.59,140.08,140.41,69447,155916
05/06/2021,140.40,140.73,139.89,140.18,118865,159651
05/07/2021,140.22,141.38,140.20,141.28,124488,167538
05/10/2021,141.30,142.90,141.30,142.66,90364,173214
05/11/2021,142.51,142.98,142.35,142.89,105870,173960
05/12/2021,142.79,142.85,141.81,141.92,110580,174862
05/13/2021,141.88,142.09,141.37,141.75,69295,168851
05/14/2021,141.83,142.42,141.67,142.32,71527,167852
05/17/2021,142.30,142.79,142.08,142.76,67725,168128
05/18/2021,142.67,143.53,142.67,143.23,85727,173146
05/19/2021,143.15,143.33,142.28,142.37,99185,169188
05/20/2021,142.49,143.24,142.32,143.18,71956,171061
05/21/2021,143.19,143.66,142.71,142.87,56362,171888
05/24/2021,142.81,143.03,142.43,142.89,72118,171808
05/25/2021,142.86,143.43,142.46,142.80,74414,169372
05/26/2021,142.79,143.07,142.44,142.56,77420,167621
05/27/2021,142.52,143.52,142.22,143.43,101317,173850
05/28/2021,143.34,143.39,142.67,143.27,89159,167556
06/01/2021,143.25,143.87,142.77,142.90,150439,174502
06/02/2021,142.83,143.14,142.42,142.99,94947,173592
06/03/2021,143.01,143.34,142.16,142.27,92505,171456
06/04/2021,142.37,143.33,142.12,142.93,95860,170112
06/07/2021,142.91,143.23,142.43,143.15,90793,176919
06/08/2021,143.13,143.16,142.52,142.94,150847,171602
06/09/2021,142.81,143.21,142.41,142.47,229132,179420
06/10/2021,142.47,143.10,142.03,143.01,124730,203629
06/11/2021,143.05,143.17,142.26,142.38,128115,189683
06/14/2021,142.42,142.56,142.01,142.42,64815,190513
06/15/2021,142.43,142.60,141.66,142.13,98069,156059
06/16/2021,142.13,142.65,141.14,141.33,144031,159157
06/17/2021,141.16,141.42,140.27,140.55,130340,165422
06/18/2021,140.55,140.76,139.22,139.50,115581,171921
06/21/2021,139.28,140.69,139.18,140.62,83712,174038
06/22/2021,140.67,140.96,139.93,140.73,79390,171280
06/23/2021,140.79,141.34,140.56,140.95,89455,168961
06/24/2021,140.95,141.18,140.21,140.60,62274,169443
06/25/2021,140.53,140.68,140.04,140.08,70335,167337
06/28/2021,140.20,140.73,140.02,140.11,70564,168240
06/29/2021,140.14,140.14,139.46,139.83,82780,169230
06/30/2021,139.72,140.05,139.29,139.35,94331,169692
07/01/2021,139.57,139.66,138.84,138.86,98365,172894
07/02/2021,138.94,139.77,138.63,139.37,89725,172564
07/06/2021,139.71,140.32,139.05,139.31,147779,178783
07/07/2021,139.30,139.74,138.85,139.32,94145,181501
07/08/2021,139.31,139.37,138.73,139.07,99182,182878
07/09/2021,139.15,140.42,138.87,140.22,111292,175110
07/12/2021,140.30,140.43,139.70,140.05,77404,169840
07/13/2021,140.22,140.37,139.31,139.52,84349,172345
07/14/2021,139.46,140.24,139.33,139.83,87508,170025
07/15/2021,139.94,140.31,139.36,139.42,112383,171344
07/16/2021,139.56,139.94,138.92,139.00,97502,174369
07/19/2021,138.99,139.03,137.85,137.90,129261,184347
07/20/2021,138.02,138.20,137.03,137.57,92568,188787
07/21/2021,137.60,138.55,137.23,138.47,102109,184555
07/22/2021,138.47,139.19,138.22,139.06,64655,182693
07/23/2021,138.93,139.12,138.51,138.85,78654,184344
07/26/2021,138.81,139.66,138.69,139.46,81831,184232
07/27/2021,139.53,140.27,138.98,140.19,105715,185373
07/28/2021,140.14,140.45,139.74,140.38,92598,182943
07/29/2021,140.36,141.14,140.29,141.02,79483,187092
07/30/2021,140.92,141.15,140.19,140.23,79483,187092
08/02/2021,140.26,140.63,140.07,140.23,68576,180258
08/03/2021,140.17,140.70,140.14,140.47,58737,179401
08/04/2021,140.46,140.89,140.19,140.20,66079,181289
08/05/2021,140.17,140.80,140.03,140.64,91142,180920
08/06/2021,140.60,140.64,139.92,140.05,60481,178541
08/09/2021,140.04,140.25,139.72,139.85,57254,177056
08/10/2021,139.80,140.05,139.58,139.72,71573,177468
08/11/2021,139.71,140.19,139.33,139.96,58262,177729
08/12/2021,139.96,140.09,139.24,139.31,56395,173350
08/13/2021,139.45,140.07,139.21,139.99,62614,173549
08/16/2021,139.97,140.10,139.58,139.68,86912,172120
08/17/2021,139.73,139.75,138.57,138.67,76191,177715
08/18/2021,138.75,139.17,138.62,138.93,98126,179657
08/19/2021,138.77,138.89,137.67,137.69,78287,192540
08/20/2021,137.70,137.72,137.32,137.53,86571,199993
08/23/2021,137.52,138.63,137.44,138.61,72216,195914
08/24/2021,138.52,138.79,138.24,138.61,61755,195217
08/25/2021,138.63,138.98,138.27,138.92,59786,194766
08/26/2021,138.91,138.99,138.19,138.25,86332,192482
08/27/2021,138.28,139.13,138.10,138.99,39751,194713
08/30/2021,138.83,139.06,138.64,138.98,91977,192895
08/31/2021,138.89,139.38,138.74,138.88,66281,193252
09/01/2021,138.85,139.29,138.61,139.09,61329,196168
09/02/2021,139.01,139.71,138.98,139.69,76002,197895
09/03/2021,139.66,140.23,139.48,140.10,166208,196111
09/07/2021,139.89,139.99,138.98,139.17,200062,200532
09/08/2021,139.12,139.20,138.55,139.10,190473,207242
09/09/2021,139.04,139.92,138.83,139.68,116014,201328
09/10/2021,139.70,140.18,139.62,139.75,75196,199902
09/13/2021,139.71,140.18,139.26,139.62,104773,135088
09/14/2021,139.69,140.45,139.39,139.44,61056,137863
09/15/2021,139.40,139.84,139.22,139.62,81480,141928
09/16/2021,139.73,139.83,138.94,139.20,69999,144171
09/17/2021,139.23,139.42,138.65,138.67,119661,144195
09/20/2021,138.59,138.65,137.70,137.75,87912,144195
09/21/2021,137.90,138.22,137.71,137.93,94871,153094
09/22/2021,137.87,138.20,137.38,137.44,127170,159035
09/23/2021,137.46,138.81,137.42,138.62,79521,161926
09/24/2021,138.53,138.66,137.87,137.89,86724,159493
09/27/2021,137.96,138.58,137.87,138.38,157169,158424
09/28/2021,138.34,138.47,136.50,136.62,123806,155185
09/29/2021,136.66,136.83,135.40,135.63,125582,170514
09/30/2021,135.56,136.45,135.44,136.03,119862,176856
10/01/2021,135.99,137.04,135.62,136.82,109404,185012
10/04/2021,136.75,137.69,136.61,137.43,75492,187298
10/05/2021,137.34,137.76,137.13,137.58,95150,181515
10/06/2021,137.51,137.59,136.72,137.09,77554,181457
10/07/2021,137.12,137.68,136.99,137.49,73153,177460
10/08/2021,137.43,137.96,137.12,137.49,65205,175768
10/11/2021,137.53,138.03,137.30,137.37,75665,171712
10/12/2021,137.28,137.67,136.96,137.23,79552,174649
10/13/2021,137.18,137.87,137.04,137.71,86389,170091
10/14/2021,137.90,138.63,137.87,138.14,85534,167707
10/15/2021,138.00,139.02,137.96,138.78,89794,163503
10/18/2021,138.81,138.94,138.34,138.57,88363,158043
10/19/2021,138.58,139.61,138.55,139.26,74933,158253
10/20/2021,139.23,139.61,138.69,139.59,69296,155395
10/21/2021,139.49,139.60,139.03,139.11,88501,152318
10/22/2021,139.23,139.44,138.63,138.86,60409,152683
10/25/2021,138.80,139.19,138.69,138.99,73567,153658
10/26/2021,138.97,139.59,138.85,138.94,99781,155650
10/27/2021,138.92,139.09,138.37,138.74,88160,155228
10/28/2021,138.69,139.43,138.49,139.17,107203,158996
10/29/2021,139.22,139.31,137.97,138.17,78215,160333
11/01/2021,138.16,138.21,137.70,137.86,75416,162518
11/02/2021,137.94,137.95,137.33,137.46,79305,165739
11/03/2021,137.42,138.19,137.35,138.07,166501,160462
11/04/2021,138.14,138.27,135.99,136.23,116143,187671
11/05/2021,136.28,136.37,135.52,136.10,89833,187702
11/08/2021,136.17,137.08,135.79,136.85,74068,183339
11/09/2021,136.90,137.37,136.52,136.91,102334,184437
11/10/2021,136.91,136.94,135.36,135.43,86292,186170
11/11/2021,135.35,135.62,134.87,134.93,99444,198606
11/12/2021,134.95,135.55,134.81,135.44,64349,206694
11/15/2021,135.46,135.78,135.31,135.57,85827,208909
11/16/2021,135.36,136.01,135.33,135.57,81758,205266
11/17/2021,135.52,136.25,135.25,136.14,64182,201939
11/18/2021,136.22,136.42,135.93,136.26,101639,204021
11/19/2021,136.28,136.38,135.35,135.76,73556,207143
11/22/2021,135.76,135.79,135.12,135.14,74287,209863
11/23/2021,135.27,135.38,134.70,135.10,72139,211707
11/24/2021,135.06,135.18,134.44,134.50,130948,215736
11/26/2021,134.55,134.82,134.05,134.61,83878,224486
11/29/2021,134.59,134.91,134.15,134.20,159920,230750
11/30/2021,134.38,135.00,133.22,134.10,110243,229050
12/01/2021,134.26,134.82,133.99,134.07,110243,225360
12/02/2021,134.05,134.62,134.00,134.26,73692,226831
12/03/2021,134.27,134.40,133.37,133.58,106313,234101
12/06/2021,133.68,134.14,133.50,133.86,141610,225491
12/07/2021,133.87,134.18,133.37,133.66,143356,237106
12/08/2021,133.71,133.89,132.88,133.61,317015,252038
12/09/2021,133.28,133.46,132.96,133.35,299122,289971
12/10/2021,133.47,134.04,133.14,133.84,137635,281367
12/13/2021,133.87,133.97,133.37,133.46,72892,210365
12/14/2021,133.45,133.84,133.18,133.47,74381,211068
12/15/2021,133.58,134.10,132.98,133.64,88157,212450
12/16/2021,133.87,135.00,133.69,134.33,136973,204488
12/17/2021,134.50,134.63,133.70,133.74,82783,207813
12/20/2021,133.65,133.66,132.94,133.23,79618,210372
12/21/2021,133.28,133.87,133.16,133.84,62935,210372
12/22/2021,133.88,134.83,133.60,134.79,70853,203079
12/23/2021,134.75,135.58,134.64,135.38,75835,205570
12/27/2021,135.27,135.65,135.12,135.63,46208,205514
12/28/2021,135.64,135.82,135.36,135.45,37582,202520
12/29/2021,135.54,136.20,135.29,136.08,71858,203300
12/30/2021,136.08,136.42,135.72,136.27,65992,204669
12/31/2021,136.18,136.69,135.84,136.53,65745,199237
01/03/2022,136.46,136.58,135.48,136.03,66104,195591
01/04/2022,135.97,136.75,135.78,136.53,80619,197354
01/05/2022,136.47,137.16,136.40,136.79,75477,196276
01/06/2022,136.72,136.77,136.08,136.43,71187,195103
01/07/2022,136.53,137.21,136.45,137.15,58472,195177
01/10/2022,137.08,137.23,136.50,136.88,66802,193936
01/11/2022,136.96,137.48,136.80,137.47,83138,197949
01/12/2022,137.54,138.34,137.40,138.30,103376,191876
01/13/2022,138.22,138.67,138.18,138.38,88816,188158
01/14/2022,138.28,138.62,137.72,137.95,86017,183709
01/18/2022,137.88,138.08,136.90,137.15,142106,181947
01/19/2022,137.15,137.67,137.06,137.44,92224,184481
01/20/2022,137.29,137.81,137.04,137.31,76093,182173
01/21/2022,137.16,137.21,136.63,136.73,111564,181030
01/24/2022,136.72,136.83,135.58,136.00,117100,183096
01/25/2022,136.09,136.37,135.55,136.36,99896,180675
01/26/2022,136.22,136.44,135.63,135.83,85165,177249
01/27/2022,135.82,135.86,134.76,134.91,132151,180902
01/28/2022,134.97,135.51,134.82,135.03,107551,181743
01/31/2022,135.13,135.78,135.05,135.77,106718,180104
02/01/2022,135.61,136.47,135.52,136.36,89818,182128
02/02/2022,136.42,137.06,136.35,137.02,90910,186367
02/03/2022,136.94,137.49,136.57,137.07,155196,195282
02/04/2022,137.17,137.33,136.23,136.47,114518,191541
02/07/2022,136.49,136.70,136.09,136.57,75263,192836
02/08/2022,136.50,136.83,136.27,136.61,78731,196588
02/09/2022,136.65,137.08,136.47,136.54,91300,197725
02/10/2022,136.53,137.63,136.42,136.94,133104,201355
02/11/2022,136.82,137.29,136.34,136.69,109669,196273
02/14/2022,136.80,136.91,136.14,136.40,99880,194233
02/15/2022,136.51,136.87,136.05,136.54,80776,194429
02/16/2022,136.61,137.21,136.58,137.19,72783,195308
02/17/2022,137.01,137.58,136.76,137.42,94118,195306
02/18/2022,137.35,137.62,136.93,137.23,75620,194719
02/22/2022,137.13,137.59,136.58,137.12,165403,187301
02/23/2022,137.04,137.42,136.56,136.59,76030,188125
02/24/2022,136.67,136.70,133.94,135.05,181311,193677
02/25/2022,134.97,135.60,134.87,135.32,112496,186654
02/28/2022,134.69,135.56,134.51,135.37,120291,192830
03/01/2022,135.42,135.61,134.24,134.34,130031,209847
03/02/2022,134.46,135.07,133.93,134.94,119399,215936
03/03/2022,135.26,135.38,134.38,134.55,89749,215928
03/04/2022,134.66,134.72,133.23,133.39,126847,223327
03/07/2022,133.50,133.58,132.23,132.26,141536,229224
03/08/2022,132.24,132.63,132.02,132.27,192348,244618
03/09/2022,132.25,133.08,132.10,133.01,262417,258354
03/10/2022,133.04,133.17,132.13,132.18,252106,257515
03/11/2022,132.09,132.47,131.53,131.60,116682,255268
03/14/2022,131.58,132.01,131.31,131.39,76294,186042
03/15/2022,131.23,132.11,131.22,131.54,74844,185973
03/16/2022,131.62,132.46,131.57,132.37,93316,190214
03/17/2022,132.66,133.30,132.10,132.76,121698,193423
03/18/2022,132.71,133.19,132.34,133.10,70923,192115
03/21/2022,132.96,133.32,132.50,132.83,72935,192384
03/22/2022,132.91,133.96,132.43,133.77,96772,193089
03/23/2022,133.80,134.22,132.98,133.28,95068,199415
03/24/2022,133.31,133.39,132.81,133.07,86697,196299
03/25/2022,133.11,133.50,132.84,133.08,81868,222122
03/28/2022,133.09,133.13,131.91,132.23,99309,225211
03/29/2022,132.21,132.84,131.75,132.20,123163,221923
03/30/2022,132.20,133.07,132.13,132.61,100023,220049
03/31/2022,132.60,132.99,132.29,132.59,112258,228954
04/01/2022,132.64,132.75,132.11,132.31,77731,232671
04/04/2022,132.36,132.62,132.18,132.40,71373,234565
04/05/2022,132.39,132.92,131.91,132.05,85295,235951
04/06/2022,131.98,132.33,131.70,131.95,82152,239152
04/07/2022,131.94,132.32,131.77,131.99,73086,242928
04/08/2022,132.00,132.03,131.07,131.64,93006,247130
04/11/2022,131.60,131.82,131.15,131.58,76854,243361
04/12/2022,131.58,131.80,131.20,131.30,79304,244246
04/13/2022,131.28,132.40,130.97,132.36,108202,249830
04/14/2022,132.44,132.73,131.60,132.02,104584,244720
04/18/2022,131.89,131.91,131.30,131.35,34144,244845
04/19/2022,131.34,131.66,131.06,131.25,82913,248546
04/20/2022,131.25,131.97,131.22,131.82,83953,246723
04/21/2022,131.89,132.16,131.48,131.53,95887,246858
04/22/2022,131.57,131.60,129.48,129.50,154307,269272
04/25/2022,129.61,129.68,128.24,128.60,128806,268604
04/26/2022,128.70,128.99,127.11,127.15,106856,271482
04/27/2022,127.01,127.29,126.30,126.68,114193,269791
04/28/2022,126.71,126.97,125.39,125.90,127982,268426
04/29/2022,125.84,127.42,125.82,127.27,122604,269894
05/02/2022,127.05,127.26,126.00,126.02,61851,270498
05/03/2022,126.19,126.96,125.98,126.18,84391,267247
05/04/2022,126.26,127.17,125.79,127.05,96121,270593
05/05/2022,127.59,127.63,124.53,124.78,166885,275499
05/06/2022,124.83,125.08,124.04,124.59,118969,262961
05/09/2022,124.72,125.34,123.89,124.71,103623,262789
05/10/2022,124.55,125.03,124.19,124.41,96368,263380
05/11/2022,124.42,125.28,123.79,123.97,134111,263146
05/12/2022,123.77,123.80,122.92,123.02,113386,259042
05/13/2022,123.27,123.77,122.84,123.70,85008,253911
05/16/2022,123.79,124.58,123.45,124.47,70311,252051
05/17/2022,124.51,126.27,124.46,126.09,116884,253811
05/18/2022,126.21,126.31,124.57,124.73,90211,252794
05/19/2022,124.69,126.52,124.65,126.27,101399,252217
05/20/2022,126.03,126.29,125.65,125.99,74195,253366
05/23/2022,126.15,127.29,126.15,127.07,76296,253597
05/24/2022,127.18,127.26,126.00,126.39,103268,253319
05/25/2022,126.62,127.19,126.08,127.13,84928,253211
05/26/2022,127.10,127.49,126.80,127.23,87890,253737
05/27/2022,127.32,127.95,127.14,127.54,78111,251276
05/31/2022,127.59,127.88,126.89,127.33,158695,252345
06/01/2022,127.27,127.45,125.86,126.21,97522,255399
06/02/2022,126.12,127.14,125.98,126.95,63852,257516
06/03/2022,127.03,127.18,126.20,126.28,63237,253931
06/06/2022,126.14,127.05,126.04,126.63,145838,253931
06/07/2022,126.58,127.28,125.59,127.15,224498,258019
06/08/2022,127.20,127.25,126.41,126.66,235303,285541
06/09/2022,126.66,126.85,126.14,126.33,222524,268814
06/10/2022,126.20,126.44,124.26,124.42,133441,272429
06/13/2022,124.38,124.46,122.53,122.69,128473,229482
06/14/2022,122.66,123.43,120.82,121.09,155578,237123
06/15/2022,121.34,123.04,121.26,122.60,168328,237729
06/16/2022,123.11,125.44,121.79,124.93,202749,234896
06/17/2022,124.92,124.97,123.10,123.48,111723,234896
06/21/2022,123.59,124.63,123.37,124.13,116756,226821
06/22/2022,124.18,124.52,122.98,124.00,91746,224547
06/23/2022,124.03,124.33,123.06,123.90,94135,226378
06/24/2022,123.95,124.59,123.79,124.07,80608,225407
06/27/2022,124.09,124.71,123.75,124.14,69882,225203
06/28/2022,124.06,124.30,123.15,123.19,78359,227291
06/29/2022,123.20,123.49,122.41,122.54,89826,228713
06/30/2022,122.59,123.24,122.27,123.17,114339,230767
07/01/2022,123.07,123.12,121.10,122.31,122723,237220
07/05/2022,122.30,123.00,120.33,120.83,168031,239505
07/06/2022,120.86,121.24,120.10,120.59,118876,243733
07/07/2022,120.51,121.58,120.44,121.48,91380,245371
07/08/2022,121.57,121.89,120.54,121.61,105681,232610
07/11/2022,121.70,121.72,120.00,120.30,89065,229862
07/12/2022,120.25,120.50,119.41,120.33,89034,230238
07/13/2022,120.19,121.02,119.62,120.42,128046,229560
07/14/2022,120.28,120.29,118.96,119.66,133950,231036
07/15/2022,119.60,120.08,119.39,119.90,87285,228930
07/18/2022,120.02,121.68,119.96,120.87,92014,228582
07/19/2022,120.87,121.81,120.58,121.31,104243,227026
07/20/2022,121.32,121.71,120.87,121.00,87174,225690
07/21/2022,121.13,121.38,120.23,120.97,118045,225408
07/22/2022,121.34,121.99,120.49,121.12,121109,226287
07/25/2022,121.38,122.20,120.93,121.81,83129,225470
07/26/2022,121.78,122.24,120.97,121.61,96895,224714
07/27/2022,121.65,123.13,121.53,122.96,98355,222000
07/28/2022,122.89,123.23,122.34,122.81,112000,222738
07/29/2022,123.05,123.77,121.94,123.06,145540,226202
08/01/2022,123.06,124.24,122.86,123.84,90766,222936
08/02/2022,123.83,124.09,122.95,122.98,91362,225944
08/03/2022,122.93,123.38,122.29,122.74,93641,223525
08/04/2022,122.77,123.49,121.87,123.03,115104,225249
08/05/2022,122.84,122.96,121.30,121.91,93689,225817
08/08/2022,121.95,122.65,121.75,121.99,80406,224341
08/09/2022,122.06,122.57,121.90,121.96,73595,223564
08/10/2022,122.02,124.04,121.92,123.53,122614,227801
08/11/2022,123.43,123.76,123.08,123.26,92262,224636
08/12/2022,123.25,123.45,122.25,122.66,91429,222035
08/15/2022,122.59,122.74,121.75,121.79,80274,225362
08/16/2022,121.81,122.43,121.32,122.14,99261,227637
08/17/2022,122.20,122.69,121.53,121.88,94308,229843
08/18/2022,121.75,122.04,120.46,120.55,109361,235525
08/19/2022,120.53,120.59,119.15,119.35,115151,239059
08/22/2022,119.48,119.60,118.65,118.75,98428,243291
08/23/2022,118.88,120.01,118.40,119.40,132378,247646
08/24/2022,119.55,119.61,118.78,119.10,95261,246382
08/25/2022,119.19,119.86,119.06,119.49,91231,249521
08/26/2022,119.58,120.23,118.55,118.65,141277,254587
08/29/2022,118.50,118.65,117.69,118.23,100406,256473
08/30/2022,118.26,118.83,117.42,117.79,116652,261761
08/31/2022,117.75,118.14,117.19,117.36,123403,266832
09/01/2022,117.37,117.39,116.19,116.58,128293,276999
09/02/2022,116.63,117.12,116.19,116.33,138160,274743
09/06/2022,116.09,117.29,115.63,116.44,213162,280693
09/07/2022,116.39,116.42,115.25,116.21,139162,279180
09/08/2022,116.58,116.81,115.79,116.16,168929,279894
09/09/2022,116.24,117.66,116.24,117.08,183535,274242
09/12/2022,117.48,118.30,117.20,117.99,209149,278788
09/13/2022,117.99,118.57,116.20,116.26,319647,302056
09/14/2022,116.16,117.13,116.03,116.63,315745,291897
09/15/2022,116.65,116.70,115.76,115.88,199421,284823
09/16/2022,115.90,116.02,114.72,115.34,157458,285026
09/19/2022,115.43,115.64,114.78,115.41,47502,260944
09/20/2022,115.54,115.83,114.78,114.90,101059,264258
09/21/2022,115.03,115.05,113.56,114.68,141667,270550
09/22/2022,113.90,114.84,113.31,113.72,186271,278579
09/23/2022,113.77,113.96,109.38,109.59,273328,277782
09/26/2022,109.38,110.28,104.77,107.91,379969,277822
09/27/2022,107.72,109.46,107.46,108.36,210549,279747
09/28/2022,108.30,110.17,106.37,110.04,277973,273928
09/29/2022,109.90,112.14,108.63,111.62,224348,271989
09/30/2022,112.23,113.41,111.32,112.79,226868,263065
10/03/2022,112.90,114.45,111.91,114.21,157430,257292
10/04/2022,114.30,116.05,113.91,115.92,156482,254898
10/05/2022,115.85,116.09,113.40,114.57,125959,251518
10/06/2022,114.30,114.96,112.23,112.60,132040,243434
10/07/2022,112.76,113.36,111.78,111.88,121729,241582
10/10/2022,111.98,112.22,111.30,111.69,84845,244000
10/11/2022,111.70,112.92,110.75,111.34,155344,253645
10/12/2022,110.80,112.46,110.35,112.05,179398,253174
10/13/2022,112.13,114.93,111.68,114.32,220532,252588
10/14/2022,114.44,114.79,112.64,112.85,219225,261901
10/17/2022,113.41,115.53,113.22,114.77,225798,261084
10/18/2022,114.77,115.23,113.67,114.30,108973,257213
10/19/2022,114.36,114.71,112.97,113.17,102748,258247
10/20/2022,113.34,114.49,112.85,113.31,127669,255651
10/21/2022,113.49,114.14,111.72,113.85,187228,254963
10/24/2022,115.01,115.23,113.71,113.94,139673,257110
10/25/2022,113.92,116.15,113.85,115.87,129052,257342
10/26/2022,115.88,117.52,115.44,117.39,152266,253414
10/27/2022,117.39,117.59,116.63,116.74,156218,249310
10/28/2022,116.77,117.27,116.16,117.25,114659,247364
10/31/2022,117.17,117.27,115.73,115.84,100128,246934
11/01/2022,115.81,116.79,115.50,115.97,105650,241854
11/02/2022,115.99,116.81,115.00,115.87,95460,242872
11/03/2022,115.00,115.34,112.66,112.76,168760,248024
11/04/2022,112.69,114.94,112.54,114.79,156234,247968
11/07/2022,114.39,116.53,114.02,116.44,132186,242300
11/08/2022,116.23,117.10,115.40,116.47,99729,235418
11/09/2022,116.55,116.76,114.42,114.53,109928,235686
11/10/2022,114.65,118.15,114.62,118.06,168048,235202
11/11/2022,118.13,119.65,117.57,119.63,122619,230616
11/14/2022,118.93,119.38,118.18,118.89,101719,228840
11/15/2022,118.62,121.39,118.50,119.83,150312,228782
11/16/2022,119.70,120.50,119.39,120.20,108264,225583
11/17/2022,120.25,120.65,118.70,119.58,98011,223230
11/18/2022,119.74,120.58,119.64,119.98,74167,221300
11/21/2022,119.92,120.02,118.85,119.22,60906,220484
11/22/2022,119.27,120.09,119.24,119.90,56656,220844
11/23/2022,119.90,121.87,119.79,121.72,94013,222524
11/25/2022,121.60,122.59,121.59,122.00,97596,222860
11/28/2022,121.76,122.23,120.46,120.57,86079,219724
11/29/2022,120.63,121.69,120.49,120.56,76737,223980
11/30/2022,120.54,121.76,120.03,121.62,111024,225296
12/01/2022,121.64,124.19,121.64,123.62,122848,227236
12/02/2022,123.60,124.04,122.37,123.90,105274,225328
12/05/2022,123.93,124.48,122.65,122.77,81588,226177
12/06/2022,122.98,123.72,122.40,122.47,94942,228657
12/07/2022,122.34,123.37,122.09,123.16,81098,231038
12/08/2022,123.13,123.49,122.57,123.45,72721,230215
12/09/2022,123.35,124.23,123.05,123.72,88177,229836
12/12/2022,123.62,124.00,123.06,123.60,181316,234253
12/13/2022,123.70,125.46,123.49,124.76,252144,237194
12/14/2022,124.72,125.48,124.45,125.04,240584,226721
12/15/2022,125.36,125.36,122.55,122.89,215905,225572
12/16/2022,122.83,123.21,122.19,122.66,112933,222636
12/19/2022,122.55,123.41,122.17,122.40,62441,183191
12/20/2022,122.44,123.21,121.82,122.66,85177,187766
12/21/2022,122.81,122.88,121.50,121.77,73258,186965
12/22/2022,121.76,122.40,120.86,121.23,69010,187025
12/23/2022,121.32,121.84,121.11,121.33,58267,190257
12/27/2022,121.45,122.06,120.94,121.23,41515,192371
12/28/2022,121.24,122.19,120.95,121.18,69307,196436
12/29/2022,121.09,121.69,121.04,121.64,50586,192953
12/30/2022,121.52,121.97,120.99,121.53,75647,198842
01/03/2023,121.45,121.74,119.88,120.73,115791,202700
01/04/2023,120.58,121.77,120.46,121.48,90425,200009
01/05/2023,121.48,121.67,119.61,120.06,94304,206781
01/06/2023,120.00,121.89,119.30,121.86,101530,200590
01/09/2023,121.78,122.98,121.78,122.91,83214,201020
01/10/2023,122.72,122.85,121.98,122.51,69845,202713
01/11/2023,122.36,122.65,121.88,122.42,72837,201451
01/12/2023,122.39,123.33,121.52,123.09,133728,198537
01/13/2023,123.03,123.37,122.36,123.14,136853,199343
01/17/2023,123.10,123.86,122.54,123.59,146573,200274
01/18/2023,123.72,125.21,123.39,124.25,107133,197880
01/19/2023,124.29,124.80,123.95,124.76,70566,196747
01/20/2023,124.74,124.87,124.18,124.79,58149,195671
01/23/2023,124.85,125.31,124.06,124.47,65083,192826
01/24/2023,124.61,124.96,123.46,124.19,78865,192328
01/25/2023,124.17,124.83,123.66,124.81,67741,194147
01/26/2023,124.81,125.11,124.25,124.89,70706,192213
01/27/2023,124.91,125.01,124.25,124.74,53342,191743
01/30/2023,124.70,124.98,124.17,124.27,58769,193339
01/31/2023,124.34,124.51,123.64,124.02,77783,194408
02/01/2023,123.97,124.77,123.47,124.49,84213,195104
02/02/2023,124.57,124.83,123.00,123.09,90458,197291
02/03/2023,123.08,123.42,121.28,121.32,121941,197277
02/06/2023,120.97,121.54,120.82,121.00,85419,198599
02/07/2023,120.97,121.72,120.37,121.10,97939,201997
02/08/2023,121.30,121.86,121.14,121.48,63178,206959
02/09/2023,121.48,122.70,121.33,121.95,84074,206723
02/10/2023,121.94,122.15,121.22,121.25,69645,207222
02/13/2023,121.28,122.27,121.06,122.07,56044,204275
02/14/2023,122.14,123.46,121.93,122.50,110135,203693
02/15/2023,122.50,122.56,120.63,120.95,105864,215239
02/16/2023,121.07,121.48,120.40,120.86,78418,213914
02/17/2023,120.60,121.23,119.89,121.20,86305,211472
02/21/2023,121.13,122.21,120.59,121.81,136650,211608
02/22/2023,121.85,122.08,121.07,121.10,68704,209515
02/23/2023,121.17,121.47,120.64,120.89,68975,211526
02/24/2023,120.89,121.14,119.96,120.16,91938,217415
02/27/2023,120.19,121.38,119.94,121.30,90417,213101
02/28/2023,121.32,122.17,120.99,121.26,106666,210272
03/01/2023,120.94,121.61,120.36,120.89,127901,206389
03/02/2023,120.99,121.07,119.91,120.14,98094,213562
03/03/2023,120.19,121.20,120.19,121.16,110940,210065
03/06/2023,121.12,121.21,120.63,120.86,152731,212320
03/07/2023,120.96,121.36,118.91,118.99,259152,220641
03/08/2023,119.01,119.28,118.69,119.12,322293,230941
03/09/2023,119.12,120.09,119.02,119.80,235195,247928
03/10/2023,119.96,121.86,119.78,121.02,218916,235821
03/13/2023,121.51,122.68,121.09,122.65,146081,193421
03/14/2023,122.57,122.91,121.98,122.40,121375,191084
03/15/2023,122.23,122.49,120.77,121.44,140988,190082
03/16/2023,121.32,121.95,120.93,121.89,106840,184737
03/17/2023,121.76,122.67,121.69,122.64,93308,186071
03/20/2023,122.67,123.54,122.32,123.48,80849,188692
03/21/2023,123.47,123.49,122.45,122.82,97681,188808
03/22/2023,122.87,123.99,122.74,123.66,92523,188721
03/23/2023,123.36,124.07,123.23,123.39,78284,192680
03/24/2023,123.48,123.53,122.52,122.89,59607,192713
03/27/2023,123.01,123.58,122.82,123.51,61537,194887
03/28/2023,123.50,124.11,123.43,123.99,74617,197645
03/29/2023,124.01,124.23,123.64,123.76,74821,203487
03/30/2023,123.76,124.55,123.55,124.54,92449,209455
03/31/2023,124.53,124.83,123.85,123.96,88057,209323
04/03/2023,123.92,124.85,123.34,124.71,108317,214473
04/04/2023,124.80,125.86,124.56,125.60,88547,221592
04/05/2023,125.63,125.73,124.92,125.24,65826,224375
04/06/2023,125.22,125.46,124.72,125.14,42736,223079
04/07/2023,124.97,125.16,124.49,124.83,42736,223079
04/10/2023,124.75,125.04,124.05,124.41,64297,221370
04/11/2023,124.43,125.17,124.43,124.81,81704,222042
04/12/2023,124.89,125.56,124.59,125.48,73767,225905
04/13/2023,125.47,125.97,125.33,125.85,86775,230933
04/14/2023,125.88,126.05,124.58,124.74,76259,225973
04/17/2023,124.82,124.97,124.11,124.32,73170,222523
04/18/2023,124.37,125.08,124.26,124.87,86985,224001
04/19/2023,124.84,125.32,124.49,124.95,66768,226715
04/20/2023,124.95,125.24,124.60,124.96,86027,230586
04/21/2023,124.94,125.04,124.22,124.86,71790,230236
04/24/2023,124.93,125.43,124.66,125.39,98415,232837
04/25/2023,125.42,125.63,124.42,124.62,108629,230950
04/26/2023,124.62,125.72,124.58,125.11,79822,232982
04/27/2023,125.25,125.56,124.91,125.49,122954,234012
04/28/2023,125.53,126.40,125.01,126.20,69686,241606
05/01/2023,126.26,126.38,125.34,125.41,101423,234147
05/02/2023,125.47,125.67,124.89,125.22,78303,230739
05/03/2023,125.21,126.46,125.21,126.19,81274,231082
05/04/2023,126.20,126.58,126.02,126.33,93944,235209
05/05/2023,126.25,127.06,125.75,126.95,54052,234431
05/08/2023,126.82,127.23,126.67,126.72,76058,238780
05/09/2023,126.63,126.92,126.31,126.76,106643,241733
05/10/2023,126.73,127.33,126.56,126.75,117714,248016
05/11/2023,126.79,126.93,125.47,125.63,90219,245717
05/12/2023,125.62,125.91,124.95,124.98,68932,245143
05/15/2023,124.96,125.86,124.95,125.80,108802,245584
05/16/2023,125.76,125.97,125.16,125.36,86145,246896
05/17/2023,125.35,125.60,124.71,125.33,81012,245046
05/18/2023,125.40,125.42,124.41,124.52,86381,239926
05/19/2023,124.53,125.33,124.42,124.98,65623,239801
05/22/2023,124.96,125.20,124.62,124.91,91991,239975
05/23/2023,124.86,124.95,124.21,124.66,124223,237186
05/24/2023,124.67,125.19,124.05,124.08,95293,237002
05/25/2023,124.18,124.35,123.55,123.64,87685,236335
05/26/2023,123.69,124.42,123.58,123.98,117674,235550
05/30/2023,124.01,124.94,123.74,124.39,137717,239845
05/31/2023,124.59,124.88,123.95,124.69,118403,236780
06/01/2023,124.88,125.86,124.45,125.72,97127,238842
06/02/2023,125.71,125.90,124.87,124.97,109303,237685
06/05/2023,124.92,124.96,124.13,124.80,81056,235007
06/06/2023,124.77,125.03,124.36,124.75,81980,242117
06/07/2023,124.66,125.46,124.39,124.84,110383,241935
06/08/2023,124.85,126.05,124.81,126.00,101982,249618
06/09/2023,126.04,126.34,125.79,126.19,181374,247761
06/12/2023,126.34,126.42,125.31,125.48,349826,251701
06/13/2023,125.57,126.67,125.52,126.43,244783,288442
06/14/2023,126.52,127.40,126.42,127.10,149774,284965
06/15/2023,127.06,128.24,126.70,128.20,107700,293336
06/16/2023,128.22,128.87,128.08,128.71,107700,293336
06/20/2023,128.64,128.74,127.50,127.96,118045,224141
06/21/2023,128.03,128.40,127.27,128.09,112957,228213
06/22/2023,128.03,128.98,127.54,127.74,86753,227421
06/23/2023,127.72,127.78,127.12,127.38,68746,226012
06/26/2023,127.44,127.77,127.16,127.48,82698,227522
06/27/2023,127.40,127.88,127.32,127.79,127494,228306
06/28/2023,127.77,127.81,126.34,126.76,104835,221268
06/29/2023,126.63,126.95,126.18,126.41,104961,219506
06/30/2023,126.38,127.55,126.27,127.23,81133,218274
07/03/2023,127.26,127.51,126.86,127.18,113187,219429
07/05/2023,127.18,127.66,127.10,127.22,135088,220778
07/06/2023,127.30,128.08,127.00,127.67,109307,223300
07/07/2023,127.64,128.77,127.53,128.67,103347,222332
07/10/2023,128.64,128.96,127.77,128.85,114310,225956
07/11/2023,128.87,129.63,128.85,129.56,123571,237125
07/12/2023,129.55,130.29,129.32,130.21,112498,244285
07/13/2023,130.17,131.69,130.10,131.59,89844,248563
07/14/2023,131.60,131.70,131.17,131.30,71724,253736
07/17/2023,131.22,131.36,130.78,131.09,90979,261263
07/18/2023,131.01,131.53,130.56,130.73,132171,265022
07/19/2023,130.65,130.70,128.95,129.56,91142,255660
07/20/2023,129.64,129.92,128.67,128.85,91861,250127
07/21/2023,128.97,129.31,128.43,128.86,79303,242710
07/24/2023,128.87,129.11,128.25,128.52,71196,240963
07/25/2023,128.52,129.33,128.37,129.21,76424,236262
07/26/2023,129.30,129.88,129.03,129.84,128967,235742
07/27/2023,129.71,130.23,128.10,128.28,106393,232294
07/28/2023,128.26,129.16,127.89,128.84,61650,227849
07/31/2023,128.78,129.00,128.56,128.65,94874,224043
08/01/2023,128.64,128.68,127.68,127.99,99370,220365
08/02/2023,128.09,128.32,127.07,127.46,121535,218888
08/03/2023,127.37,127.55,126.47,127.27,93222,212325
08/04/2023,127.37,128.20,126.79,127.81,56962,208280
08/07/2023,127.80,128.17,127.41,128.11,70280,207332
08/08/2023,128.07,128.14,127.11,127.73,60120,206373
08/09/2023,127.79,128.10,127.39,127.51,93158,205210
08/10/2023,127.45,128.46,126.96,127.19,72783,208588
08/11/2023,127.03,127.65,126.93,127.25,74195,208871
08/14/2023,127.24,127.42,126.43,127.02,93579,211185
08/15/2023,127.17,127.79,127.02,127.32,78861,214908
08/16/2023,127.31,127.94,127.14,127.51,86929,219862
08/17/2023,127.57,128.15,127.29,127.54,82802,225273
08/18/2023,127.73,127.92,127.16,127.69,70534,225231
08/21/2023,127.58,127.94,127.37,127.90,74943,225651
08/22/2023,127.83,128.28,127.45,127.65,157412,226744
08/23/2023,127.57,127.91,126.39,127.42,101288,230966
08/24/2023,127.46,127.55,126.16,126.33,123572,232131
08/25/2023,126.28,126.80,125.74,126.21,45183,230937
08/28/2023,126.07,126.37,125.92,126.28,102733,230885
08/29/2023,126.30,126.80,125.88,126.58,90707,227374
08/30/2023,126.69,127.72,126.44,127.42,90849,230614
08/31/2023,127.44,127.61,126.78,126.89,98838,223911
09/01/2023,126.98,127.39,126.02,126.18,144769,221414
09/05/2023,126.14,126.67,125.52,125.91,109242,224083
09/06/2023,125.89,126.13,125.07,125.31,96375,227602
09/07/2023,125.29,125.32,124.70,124.95,72348,229961
09/08/2023,124.96,125.38,124.75,124.75,158191,229524
09/11/2023,124.91,125.71,124.91,125.33,153019,236294
09/12/2023,125.37,125.54,124.84,125.10,319981,225734
09/13/2023,125.16,125.36,124.60,125.11,242993,241550
09/14/2023,125.14,125.30,124.21,124.26,128531,225088
09/15/2023,124.31,124.69,124.02,124.05,61175,214779
09/18/2023,124.06,124.33,123.93,123.97,64320,189143
09/19/2023,124.08,124.48,123.92,124.13,150655,189532
09/20/2023,124.14,124.47,123.55,123.85,165946,199898
09/21/2023,123.66,123.70,122.56,123.16,113602,213517
09/22/2023,123.21,123.22,122.58,122.69,73221,220319
09/25/2023,122.68,122.78,122.21,122.35,79949,223320
09/26/2023,122.41,122.44,121.81,121.84,149947,225740
09/27/2023,121.85,121.92,121.38,121.66,131025,233585
09/28/2023,121.66,122.52,121.47,122.22,132858,243158
09/29/2023,122.33,123.00,122.08,122.33,105211,238267
10/02/2023,122.22,122.48,121.14,121.34,111149,236902
10/03/2023,121.16,121.29,120.81,121.14,133765,238907
10/04/2023,121.03,122.05,120.66,121.66,104720,236811
10/05/2023,121.66,122.23,121.35,122.22,128663,234605
10/06/2023,122.20,122.89,121.33,122.74,87168,232578
10/09/2023,122.25,122.73,121.92,122.62,98583,229363
10/10/2023,122.69,123.20,122.40,123.07,97262,229518
10/11/2023,123.15,123.65,122.94,123.32,103207,229920
10/12/2023,123.39,123.58,121.99,122.01,95999,227170
10/13/2023,122.03,122.52,121.50,121.62,70648,222097
10/16/2023,121.75,122.46,121.69,122.39,98179,223523
10/17/2023,122.42,122.44,121.60,122.02,86363,221642
10/18/2023,122.11,122.38,121.64,121.71,114828,223849
10/19/2023,121.66,122.18,121.17,121.69,78983,227353
10/20/2023,121.68,121.96,121.20,121.83,95536,230399
10/23/2023,121.91,122.85,121.69,122.82,98538,231706
10/24/2023,122.75,123.15,121.80,121.88,92275,231435
10/25/2023,121.86,122.02,121.36,121.42,92647,230314
10/26/2023,121.37,121.66,120.95,121.62,82681,230103
10/27/2023,121.52,121.90,121.32,121.40,76717,231385
10/30/2023,121.53,122.02,121.17,121.89,89406,228575
10/31/2023,121.94,122.28,121.46,121.77,112605,227776
11/01/2023,121.78,121.91,121.21,121.56,129094,228464
11/02/2023,121.80,122.54,121.78,122.32,141081,221212
11/03/2023,122.28,124.16,122.10,124.07,105339,216323
11/06/2023,124.01,124.55,123.67,123.78,105170,214213
11/07/2023,123.73,123.73,122.88,123.21,76158,210831
11/08/2023,123.27,123.28,122.68,123.09,88085,208127
11/09/2023,123.11,123.34,122.38,122.46,92951,209855
11/10/2023,122.51,122.63,122.06,122.44,64507,213167
11/13/2023,122.57,123.06,122.48,123.04,145408,214679
11/14/2023,123.03,125.32,122.90,125.26,149829,215796
11/15/2023,125.21,125.46,124.29,124.44,100627,213033
11/16/2023,124.43,124.82,124.02,124.43,93080,208934
11/17/2023,124.39,124.87,123.99,124.74,81638,209062
11/20/2023,124.86,125.43,124.71,125.36,82943,211629
11/21/2023,125.27,125.84,125.27,125.66,98458,207389
11/22/2023,125.63,125.75,124.74,125.16,124893,207111
11/24/2023,125.23,126.40,125.14,126.33,90048,213905
11/27/2023,126.30,126.69,126.15,126.58,115104,213305
11/28/2023,126.55,127.41,126.32,127.24,99489,216300
11/29/2023,127.25,127.58,126.90,127.32,147158,216572
11/30/2023,127.19,127.35,126.28,126.48,98886,214801
12/01/2023,126.52,127.41,126.38,127.24,107518,216325
12/04/2023,127.34,127.49,126.28,126.47,82132,217747
12/05/2023,126.55,126.76,126.01,126.07,67548,217791
12/06/2023,126.18,126.37,125.76,125.86,88245,215800
12/07/2023,125.85,126.36,125.67,126.16,111007,213342
12/08/2023,126.18,126.24,125.27,125.74,131348,212149
12/11/2023,125.70,126.15,125.59,125.80,215433,222047
12/12/2023,125.78,126.40,125.39,125.88,323396,242508
12/13/2023,125.91,126.59,125.24,126.50,249676,245488
12/14/2023,126.43,128.17,126.36,127.79,148467,236992
12/15/2023,127.85,128.13,126.90,127.12,58392,235257
12/18/2023,126.99,127.26,126.51,126.62,78937,178095
12/19/2023,126.70,127.84,126.66,127.44,92113,176584
12/20/2023,127.52,127.54,126.46,126.63,82735,176656
12/21/2023,126.61,127.17,126.33,127.06,58500,171766
12/22/2023,127.06,127.66,127.01,127.24,20697,173916
12/26/2023,127.16,127.51,127.06,127.45,60279,173699
12/27/2023,127.45,128.23,127.20,128.15,78062,175006
12/28/2023,128.23,128.48,127.32,127.47,66190,174472
12/29/2023,127.55,127.93,127.20,127.66,95550,176036
01/02/2024,127.54,127.80,126.31,126.41,94791,176267
01/03/2024,126.40,126.97,126.36,126.85,83526,170986
01/04/2024,126.91,127.50,126.78,127.04,98255,171621
01/05/2024,127.04,127.92,126.32,127.43,73756,171878
01/08/2024,127.42,127.88,126.93,127.80,63050,171502
01/09/2024,127.70,127.85,127.10,127.19,69954,171643
01/10/2024,127.30,127.64,127.06,127.63,112177,171779
01/11/2024,127.63,128.15,127.09,127.83,92568,174054
01/12/2024,127.82,128.06,127.39,127.68,172113,177653
01/16/2024,127.72,127.86,126.39,126.52,109846,178998
01/17/2024,126.57,127.16,126.16,126.98,83072,178927
01/18/2024,126.97,127.26,126.68,127.06,81408,178445
01/19/2024,127.25,127.34,126.80,127.17,66791,180879
01/22/2024,127.21,127.53,127.06,127.24,86968,182516
01/23/2024,127.29,127.67,126.68,126.99,117649,184466
01/24/2024,127.06,127.94,127.05,127.44,119406,192086
01/25/2024,127.45,127.62,127.00,127.19,79102,189287
01/26/2024,127.28,127.78,126.94,127.23,70696,190191
01/29/2024,127.19,127.38,126.81,127.11,93829,191071
01/30/2024,127.27,127.41,126.59,127.15,158932,190651
01/31/2024,127.18,127.70,126.77,127.30,156665,189682
02/01/2024,127.06,127.75,126.44,127.66,148822,190779
02/02/2024,127.63,127.91,126.32,126.57,124238,201004
02/05/2024,126.51,126.55,125.36,125.52,101431,202306
02/06/2024,125.53,126.22,125.50,126.12,79923,197116
02/07/2024,126.14,126.60,126.14,126.47,67440,192829
02/08/2024,126.45,126.57,125.90,126.34,69290,190965
02/09/2024,126.35,126.62,126.16,126.46,50619,190992
02/12/2024,126.41,126.72,126.24,126.42,131052,192371
02/13/2024,126.47,127.15,125.90,125.91,133164,199070
02/14/2024,126.08,126.28,125.52,125.78,76870,193802
02/15/2024,125.82,126.18,125.57,126.13,81424,191307
02/16/2024,126.18,126.42,125.67,126.24,141708,193962
02/20/2024,126.21,126.85,125.96,126.36,143267,199275
02/21/2024,126.38,126.59,126.19,126.48,64382,198214
02/22/2024,126.55,127.29,126.28,126.77,72865,200872
02/23/2024,126.78,127.19,126.66,126.92,75539,207646
02/26/2024,126.89,127.17,126.73,126.95,63481,208464
02/27/2024,127.01,127.14,126.77,126.97,83902,209301
02/28/2024,127.02,127.02,126.38,126.70,115579,207774
02/29/2024,126.75,126.98,126.28,126.29,96368,208080
03/01/2024,126.39,126.80,126.15,126.79,81282,210214
03/04/2024,126.70,127.24,126.70,127.07,82590,219789
03/05/2024,127.07,127.52,126.87,127.18,85697,219464
03/06/2024,127.25,127.78,127.06,127.57,108955,224890
03/07/2024,127.47,128.27,127.39,128.22,139549,236742
03/08/2024,128.27,129.09,128.16,128.73,187933,252771
03/11/2024,128.72,128.77,128.12,128.22,191317,260806
03/12/2024,128.30,128.39,127.59,128.07,323036,275404
03/13/2024,128.04,128.27,127.91,128.11,243473,256864
03/14/2024,128.15,128.39,127.46,127.66,115372,245922
03/15/2024,127.69,127.75,127.40,127.54,56017,238786
03/18/2024,127.51,127.63,127.32,127.45,91636,197132
03/19/2024,127.46,127.48,126.82,127.38,93100,195013
03/20/2024,127.35,128.01,126.99,127.95,151734,194746
03/21/2024,128.04,128.19,126.65,126.72,144067,202693
03/22/2024,126.71,126.90,125.90,126.05,103934,203583
03/25/2024,126.10,126.66,126.06,126.52,75147,202031
03/26/2024,126.51,126.82,126.37,126.41,75936,200750
03/27/2024,126.42,126.54,126.19,126.46,101481,205636
03/28/2024,126.53,126.69,125.99,126.36,82808,205877
04/01/2024,126.45,126.57,125.52,125.55,98240,215363
04/02/2024,125.65,125.91,125.52,125.83,100264,219176
04/03/2024,125.92,126.71,125.77,126.68,83836,213232
04/04/2024,126.67,126.97,126.49,126.64,104635,211793
04/05/2024,126.57,126.63,125.88,126.48,72613,207754
04/08/2024,126.50,126.78,126.27,126.72,74057,211099
04/09/2024,126.69,127.24,126.63,126.85,84421,211099
04/10/2024,126.93,127.23,125.33,125.40,123351,228403
04/11/2024,125.54,125.92,125.24,125.66,129413,223698
04/12/2024,125.67,125.72,124.41,124.58,126595,224439
04/15/2024,124.55,125.12,124.49,124.56,110137,225274
04/16/2024,124.58,124.85,124.19,124.52,110002,228536
04/17/2024,124.39,124.95,124.30,124.65,77738,228949
04/18/2024,124.69,124.97,124.46,124.48,124666,232077
04/19/2024,124.49,124.81,123.79,123.81,123192,237335
04/22/2024,123.84,124.05,123.12,123.72,179581,242166
04/23/2024,123.63,124.71,123.44,124.62,85571,241285
04/24/2024,124.64,124.82,124.35,124.66,131031,241494
04/25/2024,124.78,125.45,124.67,125.22,107242,241485
04/26/2024,125.26,125.54,124.61,125.14,107902,237563
04/29/2024,125.09,125.81,125.04,125.76,125622,236603
04/30/2024,125.76,125.77,125.03,125.16,116619,233610
05/01/2024,125.05,125.63,124.78,125.58,107404,231115
05/02/2024,125.37,125.56,124.84,125.51,157499,226856
05/03/2024,125.46,126.47,125.41,125.63,54516,224884
05/06/2024,125.63,126.07,125.50,125.81,84130,224870
05/07/2024,125.78,125.82,125.13,125.19,90949,221741
05/08/2024,125.22,125.22,124.80,125.07,136821,218612
05/09/2024,125.04,125.39,124.58,125.35,139863,217385
05/10/2024,125.34,125.53,125.13,125.38,73340,217410
05/13/2024,125.30,125.80,125.28,125.68,65422,219605
05/14/2024,125.70,126.04,125.20,126.01,113633,223242
05/15/2024,126.03,126.98,125.95,126.92,132822,219102
05/16/2024,126.96,127.12,126.55,126.87,115508,223361
05/17/2024,126.80,127.22,126.56,127.20,92623,224398
05/20/2024,127.14,127.37,127.00,127.23,92849,221854
05/21/2024,127.18,127.38,126.98,127.23,121747,223178
05/22/2024,127.21,127.73,127.10,127.25,125089,227535
05/23/2024,127.30,127.57,126.95,126.97,84859,240794
05/24/2024,127.08,127.62,126.86,127.48,183485,246255
05/28/2024,127.52,128.11,127.44,127.69,130345,267962
05/29/2024,127.74,127.83,127.09,127.14,98619,269860
05/30/2024,127.13,127.58,126.91,127.48,129516,263593
05/31/2024,127.44,127.77,127.10,127.41,145225,261875
06/03/2024,127.51,128.20,127.03,128.07,120103,267649
06/04/2024,128.17,128.28,127.52,127.92,87808,266837
06/05/2024,127.79,128.19,127.65,128.03,106967,266186
06/06/2024,127.98,128.19,127.73,128.05,139962,274017
06/07/2024,128.01,128.52,127.26,127.34,123251,271972
06/10/2024,127.27,127.47,126.98,127.43,227781,275092
06/11/2024,127.43,127.62,127.17,127.56,371487,274366
06/12/2024,127.53,128.70,127.43,128.23,271957,299875
06/13/2024,128.12,128.17,127.48,127.74,180476,300912
06/14/2024,127.70,127.73,126.66,126.91,97451,310396
06/17/2024,126.89,127.19,126.68,127.15,85082,206210
06/18/2024,127.09,127.30,126.78,127.19,85082,206210
06/20/2024,127.19,127.48,126.64,126.80,110496,205539
06/21/2024,126.68,126.85,126.28,126.57,75943,208109
06/24/2024,126.49,127.08,126.42,127.01,74004,204688
06/25/2024,126.95,127.12,126.80,127.03,109924,206021
06/26/2024,126.98,127.03,126.24,126.30,83546,208408
06/27/2024,126.31,126.80,126.22,126.54,101944,204392
06/28/2024,126.51,127.09,126.29,126.51,119447,201837
07/01/2024,126.57,127.29,126.43,126.50,92138,199835
07/02/2024,126.60,127.06,126.24,126.93,101054,196342
07/03/2024,126.96,127.87,126.87,127.45,129168,197115
07/05/2024,127.55,128.27,127.50,128.26,104584,203977
07/08/2024,128.22,128.55,128.10,128.22,85151,220592
07/09/2024,128.16,128.34,127.87,127.96,90106,222451
07/10/2024,127.97,128.58,127.93,128.55,149696,225937
07/11/2024,128.58,129.58,128.57,129.22,118216,235650
07/12/2024,129.23,129.99,129.11,129.98,116840,248124
07/15/2024,129.92,130.03,129.70,129.81,117915,270151
07/16/2024,129.75,129.88,129.46,129.77,115428,280249
07/17/2024,129.81,130.52,129.75,130.14,79781,277828
07/18/2024,130.17,130.20,129.48,129.56,75941,284777
07/19/2024,129.54,129.59,129.09,129.17,79668,285537
07/22/2024,129.20,129.49,129.13,129.33,69294,289432
07/23/2024,129.40,129.43,128.95,129.11,86329,288370
07/24/2024,129.16,129.45,128.85,129.11,107565,287431
07/25/2024,129.15,129.21,128.55,128.67,70571,283611
07/26/2024,128.58,128.86,128.57,128.80,120943,279172
07/29/2024,128.70,128.96,128.14,128.72,69685,272040
07/30/2024,128.69,128.74,128.27,128.40,108226,267841
07/31/2024,128.41,128.73,128.28,128.63,206353,267237
08/01/2024,128.63,128.71,127.35,127.36,162808,252526
08/02/2024,127.45,128.49,127.16,128.14,168510,242810
08/05/2024,128.13,128.25,127.18,127.66,146620,230039
08/06/2024,127.87,128.11,126.80,127.05,90880,222810
08/07/2024,126.97,127.44,126.89,126.92,102269,212040
08/08/2024,127.00,127.60,126.72,127.58,65509,205291
08/09/2024,127.51,127.81,127.34,127.65,60078,202968
08/12/2024,127.67,128.02,127.55,127.77,83883,200261
08/13/2024,127.69,128.81,127.69,128.76,81658,204051
08/14/2024,128.71,128.76,128.22,128.37,88222,204820
08/15/2024,128.35,128.78,128.06,128.69,84763,208879
08/16/2024,128.65,129.53,128.58,129.50,100680,212754
08/19/2024,129.50,130.04,129.46,129.98,116133,220667
08/20/2024,129.99,130.59,129.80,130.37,118325,231383
08/21/2024,130.40,131.27,130.17,131.12,114211,246068
08/22/2024,130.96,131.36,130.82,130.98,189013,259670
08/23/2024,130.96,132.35,130.93,132.08,192002,266727
08/26/2024,132.18,132.28,131.86,131.96,94426,268764
08/27/2024,131.93,132.72,131.86,132.65,118219,273466
08/28/2024,132.65,132.68,131.73,131.91,111126,279745
08/29/2024,131.97,132.32,131.50,131.75,115384,290045
08/30/2024,131.70,132.05,131.14,131.27,152290,286629
09/03/2024,131.31,131.60,130.91,131.04,128517,284979
09/04/2024,131.14,131.79,131.05,131.45,88459,282276
09/05/2024,131.50,131.89,131.40,131.75,195844,275180
09/06/2024,131.82,132.42,131.13,131.38,119507,270730
09/09/2024,131.37,131.46,130.71,130.81,221309,271486
09/10/2024,130.78,131.10,130.52,130.84,395609,271617
09/11/2024,130.79,131.13,130.06,130.48,280224,268442
09/12/2024,130.48,131.30,130.37,131.05,168884,288053
09/13/2024,131.27,131.59,131.17,131.22,78815,261863
09/16/2024,131.29,132.15,131.27,132.08,86492,212248
09/17/2024,132.18,132.30,131.47,131.67,119615,211897
09/18/2024,131.59,132.96,131.56,132.47,141473,218994
09/19/2024,132.14,133.11,131.51,132.79,125179,224108
09/20/2024,132.82,133.36,132.64,133.14,117342,231281
09/23/2024,133.22,133.55,132.44,133.42,86303,242274
09/24/2024,133.40,134.11,133.27,133.96,112497,250807
09/25/2024,134.07,134.24,133.07,133.15,115908,255115
09/26/2024,133.18,134.29,133.08,134.14,96388,261786
09/27/2024,134.07,134.23,133.55,133.81,137871,266324
09/30/2024,133.68,134.19,133.46,133.72,131641,260343
10/01/2024,133.69,133.86,132.33,132.81,79716,257312
10/02/2024,132.76,133.02,132.42,132.58,190213,261647
10/03/2024,132.63,132.67,130.88,131.10,158655,251775
10/04/2024,131.20,131.71,130.67,131.19,80101,248894
10/07/2024,131.19,131.32,130.56,130.69,63656,254435
10/08/2024,130.81,131.12,130.62,130.89,60053,255310
10/09/2024,130.98,131.03,130.53,130.62,95815,254061
10/10/2024,130.72,130.91,130.08,130.44,54612,253291
10/11/2024,130.63,130.81,130.40,130.69,60990,254378
10/14/2024,130.69,130.69,130.27,130.48,87788,254703
10/15/2024,130.58,131.00,130.33,130.65,117853,249996
10/16/2024,130.69,130.75,129.75,129.81,89821,239263
10/17/2024,129.86,130.21,129.72,130.06,76949,237056
10/18/2024,130.07,130.68,130.06,130.43,58810,232425
10/21/2024,130.48,130.55,129.74,129.76,71220,230384
10/22/2024,129.84,130.13,129.41,129.76,70838,229931
10/23/2024,129.83,129.93,129.04,129.19,74583,225983
10/24/2024,129.16,129.85,129.07,129.70,51093,223965
10/25/2024,129.72,129.96,129.53,129.65,54616,220401
10/28/2024,129.59,129.99,129.36,129.66,79636,222001
10/29/2024,129.68,130.14,129.55,130.02,154042,221275
10/30/2024,130.08,130.41,129.34,129.81,163466,223633
10/31/2024,129.63,129.97,128.41,128.79,122346,223007
11/01/2024,128.93,129.78,128.83,129.23,105194,213843
11/04/2024,129.56,129.96,129.32,129.50,62491,217634
11/05/2024,129.57,130.40,129.45,130.18,168911,219537
11/06/2024,130.38,130.46,128.31,128.86,119883,209751
11/07/2024,128.81,130.07,128.71,129.63,88473,212568
11/08/2024,129.82,129.87,128.81,129.10,68771,210277
11/11/2024,129.10,129.23,128.53,128.59,128791,208497
11/12/2024,128.68,128.71,127.16,127.34,124366,211921
11/13/2024,127.46,127.67,126.84,127.02,136421,219077
11/14/2024,127.08,127.17,126.27,126.85,121546,218797
11/15/2024,126.65,126.94,125.95,126.09,123517,223025
11/18/2024,126.16,126.84,126.07,126.67,100881,222825
11/19/2024,126.79,126.87,126.10,126.74,74647,220648
11/20/2024,126.80,127.21,126.28,126.44,81143,221537
11/21/2024,126.50,126.58,125.74,125.98,124204,220609
11/22/2024,125.88,125.92,124.85,125.23,107047,227674
11/25/2024,125.53,126.11,125.39,125.71,119234,231364
11/26/2024,125.65,126.13,125.04,125.44,112731,238753
11/27/2024,125.66,126.93,125.64,126.70,130301,240521
11/29/2024,126.79,127.48,126.43,127.22,117768,241202
12/02/2024,127.32,127.32,126.15,126.48,92698,243411
12/03/2024,126.52,126.98,126.35,126.65,116325,243163
12/04/2024,126.70,127.19,126.28,126.98,91431,242908
12/05/2024,127.01,127.69,126.91,127.55,161841,241204
12/06/2024,127.58,128.09,127.19,127.34,178915,258432
12/09/2024,127.46,127.98,127.16,127.51,223955,298070
12/10/2024,127.54,127.77,127.24,127.74,236212,311483
12/11/2024,127.72,127.81,127.14,127.44,273402,307577
12/12/2024,127.48,127.87,126.65,126.69,128835,281494
12/13/2024,126.70,126.77,126.08,126.15,88401,277082
12/16/2024,126.13,126.98,126.13,126.82,80625,184313
12/17/2024,126.81,127.27,126.65,127.08,114003,185678
12/18/2024,127.07,127.40,125.60,125.91,132788,190777
12/19/2024,125.73,126.64,124.93,125.02,116387,185152
12/20/2024,125.01,126.11,124.72,125.95,58504,183952
12/23/2024,125.64,125.85,125.08,125.32,31772,186122
12/24/2024,125.38,125.72,125.16,125.18,25638,187498
12/26/2024,125.51,125.51,124.99,125.24,57886,189006
12/27/2024,125.25,125.91,125.03,125.79,70619,190438
12/30/2024,125.81,126.05,125.05,125.42,64570,188751
12/31/2024,125.51,125.67,125.03,125.08,134340,188753
01/02/2025,125.09,125.39,123.51,123.66,74654,191689
01/03/2025,123.77,124.33,123.74,124.26,147237,188874
01/06/2025,124.18,125.50,124.16,125.11,149656,186614
01/07/2025,125.20,125.75,124.76,124.90,172439,187271
01/08/2025,124.76,124.93,123.20,123.56,140972,192577
01/09/2025,123.61,123.65,122.39,123.09,153478,191146
01/10/2025,123.08,123.21,121.92,122.10,152490,197448
01/13/2025,122.10,122.11,121.00,121.67,153851,199756
01/14/2025,122.34,122.51,121.38,121.98,161962,199835
01/15/2025,122.15,123.08,121.61,122.31,104724,202466
01/16/2025,122.41,122.62,121.76,122.37,113918,204607
01/17/2025,122.38,122.45,121.62,121.69,240389,209377
01/21/2025,121.72,123.63,121.61,123.29,93833,211850
01/22/2025,123.58,123.77,123.09,123.27,100210,210563
01/23/2025,123.20,123.78,122.95,123.62,126138,206458
01/24/2025,123.57,125.04,123.50,124.85,113520,210986
01/27/2025,124.75,125.27,124.29,124.93,89604,210560
01/28/2025,125.02,125.03,124.17,124.47,102911,205895
01/29/2025,124.42,124.66,123.96,124.47,88903,201029
01/30/2025,124.52,124.80,124.11,124.63,142080,201431
01/31/2025,124.21,124.75,123.90,124.04,201995,200320
02/03/2025,123.25,124.60,122.52,123.98,98670,202529
02/04/2025,124.49,124.97,123.83,124.86,89555,203642
02/05/2025,124.86,125.53,124.68,125.10,138959,203908
02/06/2025,125.10,125.14,123.64,124.41,117038,201258
02/07/2025,124.39,124.99,123.80,124.17,55135,201339
02/10/2025,123.94,124.26,123.66,123.70,84311,203142
02/11/2025,123.71,124.59,123.37,124.43,119091,207083
02/12/2025,124.50,124.87,123.81,124.50,144425,208665
02/13/2025,124.46,125.72,124.46,125.42,90443,205810
02/14/2025,125.67,126.35,125.54,126.00,126798,202752
02/18/2025,125.93,126.39,125.82,126.01,127064,203191
02/19/2025,126.34,126.43,125.68,125.88,82511,201697
02/20/2025,125.90,126.76,125.83,126.74,87292,204112
02/21/2025,126.71,126.83,126.29,126.36,0,203283
02/24/2025,126.45,126.96,126.16,126.37,77210,201636
02/25/2025,126.34,126.83,126.11,126.74,99030,200060
02/26/2025,126.71,127.20,126.39,126.89,107241,201999
02/27/2025,126.80,126.94,126.02,126.13,127257,199722
02/28/2025,125.99,126.27,125.64,125.77,148214,197953
03/03/2025,125.87,127.30,125.87,126.95,159487,203892
03/04/2025,127.12,128.05,126.83,127.93,186758,200143
03/05/2025,127.95,129.06,127.73,129.02,215157,212186
03/06/2025,129.00,129.29,128.71,129.00,122470,233092
03/07/2025,128.87,129.49,128.82,129.25,139419,225561
03/10/2025,129.25,129.51,128.66,128.74,201304,230822
03/11/2025,128.80,129.71,128.76,129.66,221911,247719
03/12/2025,129.60,130.06,129.20,129.72,219359,256791
03/13/2025,129.72,129.79,129.27,129.56,136354,249973
03/14/2025,129.51,129.65,129.16,129.38,42732,173878
03/17/2025,129.30,130.04,129.30,130.04,78446,174866
03/18/2025,130.00,130.16,129.57,130.10,80012,179985
03/19/2025,130.10,130.17,129.61,130.14,78264,183834
03/20/2025,130.07,130.20,129.41,129.66,90066,185143
03/21/2025,129.70,129.75,128.93,129.32,89163,188115
03/24/2025,129.09,129.80,129.02,129.32,0,191133
03/25/2025,129.29,129.73,129.07,129.52,96996,190852
03/26/2025,129.52,129.54,128.81,128.91,100389,191711
03/27/2025,128.86,129.99,128.78,129.55,79851,195179
03/28/2025,129.61,129.75,129.27,129.46,108813,194649
03/31/2025,129.44,129.79,128.92,129.18,81354,191814
04/01/2025,129.23,129.47,128.86,129.16,87187,186597
04/02/2025,129.27,130.32,129.07,129.87,195286,192338
04/03/2025,130.15,132.15,129.80,131.01,260526,202018
04/04/2025,131.09,131.20,128.64,128.87,191863,205359
04/07/2025,128.55,129.41,127.16,127.56,128793,188885
04/08/2025,127.25,128.20,127.25,127.96,174555,176034
04/09/2025,127.82,128.72,127.52,128.14,135419,172890
04/10/2025,128.34,130.04,128.19,129.89,169456,171601
04/11/2025,129.82,131.53,129.73,130.67,97066,170062
04/14/2025,130.98,132.10,130.71,132.05,77625,174244
04/15/2025,131.92,132.60,131.73,132.26,83657,176488
04/16/2025,132.39,133.10,132.21,132.40,72684,176974
04/17/2025,132.50,132.82,132.12,132.78,66452,177936
04/21/2025,132.83,134.32,132.82,133.89,103104,181319
04/22/2025,133.92,134.32,133.35,133.45,113318,179117
04/23/2025,133.11,133.48,132.43,132.75,71801,177182
04/24/2025,132.60,133.58,132.59,133.36,63531,176131
04/25/2025,133.51,133.51,132.84,133.39,94405,176227
04/28/2025,133.22,134.55,132.89,134.36,85575,182015
04/29/2025,134.50,134.54,133.89,134.11,93459,191738
04/30/2025,134.19,134.24,133.19,133.49,67945,189724
05/01/2025,133.37,133.55,132.70,132.87,86680,188247
05/02/2025,132.88,133.41,132.63,132.84,52791,195426
05/05/2025,132.80,133.47,132.68,132.99,99614,197360
05/06/2025,133.07,134.13,132.71,133.86,80683,199501
05/07/2025,133.86,133.87,132.99,133.33,115399,194983
05/08/2025,133.02,133.65,132.45,132.61,58822,196359
05/09/2025,132.54,133.32,132.21,133.24,114557,191471
05/12/2025,132.86,133.09,131.49,131.89,81962,193889
05/13/2025,131.82,133.17,131.79,133.09,79651,194286
05/14/2025,133.15,133.70,132.63,132.74,62885,193005
05/15/2025,132.74,133.28,132.69,133.07,55567,192967
05/16/2025,133.14,133.42,132.59,132.87,74580,193633
05/19/2025,132.93,134.12,132.87,133.65,68580,195222
05/20/2025,133.72,134.04,133.43,133.88,111265,195191
05/21/2025,133.99,134.77,133.95,134.38,82253,200684
05/22/2025,134.28,134.50,133.99,134.32,96366,199227
05/23/2025,134.32,135.48,134.27,135.40,117326,201252
05/27/2025,135.40,136.01,135.08,135.21,71073,202807
05/28/2025,135.15,135.30,134.58,134.78,78879,199798
05/29/2025,134.83,135.16,134.24,135.06,74888,199710
05/30/2025,135.02,135.19,134.56,134.77,146034,201611
06/02/2025,134.62,135.68,134.58,135.49,79121,229135
06/03/2025,135.54,135.67,135.00,135.33,74007,233354
06/04/2025,135.26,135.89,135.10,135.67,91711,238091
06/05/2025,135.62,136.25,135.48,135.89,98137,242693
06/06/2025,135.82,135.92,135.15,135.37,96620,237651
06/09/2025,135.36,135.88,135.33,135.71,196840,227665
06/10/2025,135.60,135.72,134.65,135.03,229106,213445
06/11/2025,135.05,135.76,134.73,135.57,219072,220031
06/12/2025,135.60,136.31,135.32,136.04,130025,233253
06/13/2025,136.25,136.41,135.23,135.70,60627,228725
06/16/2025,135.65,136.30,135.42,136.05,93196,176642
06/17/2025,135.81,135.88,134.21,134.36,90471,176170
06/18/2025,134.20,134.85,134.07,134.23,119933,176740
06/20/2025,134.27,135.19,133.90,134.72,86151,175929
06/23/2025,134.06,135.38,133.78,135.28,93800,175086
06/24/2025,135.28,136.56,135.25,136.38,62982,179108
06/25/2025,136.22,136.78,135.98,136.70,107591,180339
06/26/2025,136.71,137.77,136.67,137.55,87211,184068
06/27/2025,137.34,137.59,136.89,137.03,65716,187472
06/30/2025,137.31,137.47,136.82,137.25,76308,190622
07/01/2025,137.39,137.96,137.10,137.45,148407,188067
07/02/2025,137.52,137.60,135.69,136.42,86509,191879
07/03/2025,136.50,136.83,135.93,136.48,78987,188129
07/07/2025,136.63,136.66,135.82,136.19,68961,190476
07/08/2025,136.14,136.54,135.33,136.01,54044,190661
07/09/2025,135.98,136.28,135.72,135.94,52624,188313
07/10/2025,135.93,136.27,135.39,135.81,68167,188410
07/11/2025,135.85,135.93,134.88,135.17,65649,187754
07/14/2025,134.88,135.11,134.31,134.36,76766,188020
07/15/2025,134.33,134.75,133.86,133.97,129039,186749
07/16/2025,133.90,134.92,133.71,134.15,62977,187743
07/17/2025,134.27,134.28,133.80,134.16,55816,183439
07/18/2025,134.26,134.82,134.12,134.24,54215,187281
07/21/2025,134.24,135.18,134.09,134.97,56551,190345
07/22/2025,135.00,135.41,134.69,135.34,56551,190345
07/24/2025,135.87,135.95,135.08,135.23,71799,204784
07/25/2025,135.18,135.19,134.22,134.42,67168,207190
07/28/2025,134.42,134.59,133.57,133.58,83338,207907
07/29/2025,133.60,133.69,133.13,133.61,93178,207315
07/30/2025,133.56,133.92,132.34,132.45,101738,210373
07/31/2025,132.37,132.88,131.91,132.24,143465,210060
08/01/2025,132.06,133.16,131.47,132.32,74597,209077
08/04/2025,132.86,133.36,132.59,132.82,53861,206778
08/05/2025,132.92,133.22,132.65,133.01,48218,205595
08/06/2025,133.11,133.74,132.87,133.69,81263,206616
08/07/2025,133.69,134.54,133.52,134.16,50074,210068
08/08/2025,134.50,134.64,134.24,134.58,45991,211425
08/11/2025,134.53,134.83,134.05,134.41,75643,212829
08/12/2025,134.38,135.29,134.26,135.01,49245,215352
08/13/2025,135.06,135.90,134.98,135.73,65489,216324
08/14/2025,135.76,135.99,135.25,135.37,39589,217331
08/15/2025,135.33,135.80,135.30,135.59,48463,219299
08/18/2025,135.69,135.70,135.05,135.10,48543,221211
08/19/2025,135.05,135.35,134.81,134.89,64367,219623
08/20/2025,134.89,135.14,134.50,134.55,57820,216731
08/21/2025,134.58,134.86,134.09,134.22,80212,217188
08/22/2025,134.17,135.48,133.93,135.28,41393,219527
08/25/2025,135.29,135.30,134.49,134.62,55725,220071
08/26/2025,134.61,134.96,134.37,134.83,49380,219680
08/27/2025,134.79,135.05,134.20,135.00,52582,218657
08/28/2025,135.03,135.33,134.86,135.18,74470,219971
08/29/2025,135.15,135.20,134.49,135.13,191591,221168
09/02/2025,135.13,135.53,133.42,133.81,141491,226169
09/03/2025,133.93,134.60,133.35,134.43,56276,241618
09/04/2025,134.44,134.61,134.17,134.28,168582,244276
09/05/2025,134.34,135.56,134.34,135.07,99297,289051
09/08/2025,135.09,135.58,134.85,135.54,174048,292843
09/09/2025,135.49,135.92,135.20,135.24,266077,322472
09/10/2025,135.36,135.76,135.14,135.38,233459,349738
09/11/2025,135.33,135.83,134.93,135.80,114702,354194
09/12/2025,135.73,135.82,135.24,135.71,55157,332157
09/15/2025,135.64,136.22,135.50,136.07,71344,230148
09/16/2025,136.06,136.73,136.00,136.60,78263,232648
09/17/2025,136.46,137.27,136.20,136.39,82859,235155
09/18/2025,136.25,136.61,135.35,135.54,75724,233298
09/19/2025,135.51,135.59,134.62,134.70,58404,231536
09/22/2025,134.70,135.21,134.53,135.18,55819,230596
09/23/2025,135.12,135.36,134.87,135.17,56704,229755
09/24/2025,135.26,135.29,134.26,134.49,91112,228818
09/25/2025,134.46,134.68,133.23,133.33,65633,227334
09/26/2025,133.43,134.13,133.30,134.09,50927,223673
09/29/2025,134.03,134.57,133.99,134.37,67720,221054
09/30/2025,134.32,134.68,134.14,134.49,100581,222841
10/01/2025,134.46,135.27,134.34,134.85,67447,230554
10/02/2025,134.76,135.09,134.01,134.47,57373,234331
10/03/2025,134.35,134.86,134.28,134.80,71258,239290
10/06/2025,134.55,134.90,134.16,134.82,74315,244055
10/07/2025,134.79,134.87,133.92,134.30,66869,245930
10/08/2025,134.25,134.38,133.70,133.89,104893,245270
10/09/2025,133.98,134.18,132.77,132.79,109552,245016
10/10/2025,133.04,133.69,132.60,133.45,62471,239512
10/13/2025,133.44,133.64,133.13,133.32,91801,237897
10/14/2025,133.35,133.51,132.47,133.26,74347,236865
10/15/2025,133.17,134.06,133.16,133.81,73379,234657
10/16/2025,133.99,134.53,133.94,134.34,74176,232400
10/17/2025,134.37,134.71,133.89,134.33,46755,231709
10/20/2025,134.26,134.42,133.99,134.08,60426,234396
10/21/2025,134.09,134.15,133.59,133.71,114364,232951
10/22/2025,133.70,133.93,133.04,133.55,55526,236542
10/23/2025,133.57,133.59,133.07,133.21,69872,238691
10/24/2025,133.27,133.80,132.84,133.02,57952,239077
10/27/2025,133.16,133.51,133.08,133.36,93528,240178
10/28/2025,133.39,133.68,132.45,132.77,118425,247087
10/29/2025,132.73,132.79,131.38,131.58,93244,251620
10/30/2025,131.94,132.17,131.13,131.44,85930,253097
10/31/2025,131.55,131.64,130.96,131.38,70318,260470
11/03/2025,131.45,131.61,131.07,131.36,90902,262323
11/04/2025,131.37,131.39,130.09,130.12,69958,268264
11/05/2025,130.24,130.53,130.09,130.43,101451,274927
11/06/2025,130.49,131.40,130.45,131.29,68179,276320
11/07/2025,131.32,131.72,130.93,131.55,60611,272894
11/10/2025,131.49,131.89,131.35,131.77,73867,269730
11/11/2025,131.71,131.82,131.14,131.64,65746,271013
11/12/2025,131.51,131.53,130.81,131.28,76984,273465
11/13/2025,131.29,132.14,130.96,131.88,120105,272791
11/14/2025,131.65,131.99,131.06,131.62,67354,272272
11/17/2025,131.60,131.91,131.33,131.43,64331,277364
11/18/2025,131.50,131.74,131.31,131.52,91508,279195
11/19/2025,131.43,131.54,130.41,130.43,85636,283893
11/20/2025,130.57,131.21,130.35,130.84,98296,284979
11/21/2025,130.70,131.07,130.36,131.00,52094,294914
11/24/2025,130.97,131.16,130.77,131.06,96561,294706
11/25/2025,131.02,132.13,130.93,132.09,158621,315201
11/26/2025,131.62,132.42,131.22,132.32,64563,310228
11/28/2025,132.39,132.68,131.00,132.33,72251,301443
12/01/2025,132.34,132.74,132.03,132.10,69821,297228
12/02/2025,132.12,132.20,131.77,132.08,145477,299391
12/03/2025,132.10,133.52,132.09,133.48,140701,282582
12/04/2025,133.49,133.83,133.19,133.38,77189,290475
12/05/2025,133.24,133.60,133.14,133.32,86348,290613
12/08/2025,133.24,133.43,133.04,133.24,142371,301956
12/09/2025,133.18,133.53,132.86,133.00,257630,331669
12/10/2025,132.97,133.86,132.94,133.63,276594,298845
12/11/2025,133.84,134.36,133.53,133.87,116335,296517
12/12/2025,133.86,134.01,133.39,133.63,57582,283726
12/15/2025,133.60,133.99,133.52,133.70,62949,195622
12/16/2025,133.75,134.52,133.52,134.22,112409,196414
12/17/2025,134.19,134.22,133.09,133.76,84019,202810
12/18/2025,133.72,134.44,133.38,133.84,53461,197966
12/19/2025,133.80,133.92,133.54,133.89,57533,195101
12/22/2025,133.75,134.75,133.72,134.56,59757,197583
12/23/2025,134.62,135.23,134.61,134.95,26973,197274
12/24/2025,135.15,135.32,134.91,134.97,26804,199018
12/26/2025,135.04,135.27,134.76,134.99,55199,200455
12/29/2025,134.96,135.14,134.68,135.05,50388,196235
12/30/2025,135.03,135.29,134.48,134.63,57960,195031
12/31/2025,134.66,134.81,133.99,134.58,52742,197062
01/02/2026,134.72,135.00,134.32,134.52,86878,200212
01/05/2026,134.59,135.46,134.11,135.40,70129,202703
01/06/2026,135.39,135.66,134.89,134.99,55902,205089
01/07/2026,134.99,135.15,134.54,134.63,50753,206350
01/08/2026,134.59,134.63,134.15,134.29,72738,207374
01/09/2026,134.35,134.50,133.65,134.06,64572,209028
01/12/2026,134.00,134.85,133.89,134.65,65487,208204
01/13/2026,134.61,135.03,134.21,134.34,57038,206712
01/14/2026,134.22,134.63,134.18,134.29,73587,206536
01/15/2026,134.39,134.44,133.61,133.84,61155,206119
01/16/2026,133.77,134.12,133.65,133.80,154291,205825
01/20/2026,133.50,134.91,133.50,134.27,88149,206564
01/21/2026,134.41,134.59,134.00,134.25,117059,209802
01/22/2026,134.31,135.06,134.01,134.90,120158,210648
01/23/2026,135.03,136.46,134.82,136.23,119492,220648
01/26/2026,136.75,137.13,136.42,136.81,137417,225210
01/27/2026,136.79,138.69,136.64,137.83,152032,223938
01/28/2026,138.47,138.47,137.48,137.93,113525,227145
01/29/2026,138.06,138.47,137.42,137.94,117629,227538
01/30/2026,138.09,138.15,136.79,136.97,106003,228595
02/02/2026,136.82,137.14,136.22,136.58,81326,229253
02/03/2026,136.64,137.06,136.50,136.86,90222,226999
02/04/2026,136.94,137.32,136.42,136.62,153860,225990
02/05/2026,136.54,136.54,135.17,135.49,70174,224257
02/06/2026,135.37,136.23,135.08,136.16,131235,223691
02/09/2026,136.08,137.00,135.86,136.96,74617,224229
02/10/2026,136.97,136.97,136.38,136.56,84260,226756
02/11/2026,136.37,137.12,136.09,136.32,73700,230615
02/12/2026,136.27,136.72,136.05,136.23,77315,231635
02/13/2026,136.26,136.60,135.90,136.42,151085,231165
02/17/2026,136.52,136.62,134.95,135.61,70563,238057
02/18/2026,135.68,135.82,134.92,134.99,114914,236728
02/19/2026,134.96,135.16,134.34,134.50,93052,241232
02/20/2026,134.59,135.15,134.35,134.85,67436,239866
02/23/2026,134.91,135.35,134.76,134.88,70618,250718
02/24/2026,134.91,135.37,134.70,135.02,71401,245495
02/25/2026,134.96,135.66,134.91,135.51,107849,244411
02/26/2026,135.55,135.75,134.45,134.87,116576,245981
02/27/2026,134.83,135.10,134.39,134.80,207387,249177
03/02/2026,134.13,134.56,133.14,134.28,216580,253977
03/03/2026,134.00,134.25,132.53,133.55,136330,269218
03/04/2026,133.55,134.03,133.04,133.74,265185,265421
03/05/2026,133.74,133.87,132.97,133.19,199564,316867
03/06/2026,133.52,134.19,133.12,133.87,267456,348118
03/09/2026,133.51,134.46,132.83,133.83,252186,389496
03/10/2026,134.49,134.84,134.11,134.29,293156,391809
03/11/2026,134.17,134.57,133.92,134.14,269437,386882
03/12/2026,134.15,134.15,133.38,133.41,260037,332120
03/13/2026,133.38,133.68,132.18,132.41,94918,346486
03/16/2026,132.30,133.39,132.25,133.31,75253,243793
03/17/2026,133.18,133.64,132.73,133.56,98664,242688
03/18/2026,133.59,133.74,132.52,132.90,157253,243900
03/19/2026,132.66,134.64,132.45,134.15,144507,245106
03/20/2026,134.32,134.40,132.96,133.23,187691,242232
03/23/2026,133.08,134.77,132.54,134.51,113530,238232
03/24/2026,134.26,134.43,133.49,133.80,95354,238103
03/25/2026,134.08,134.33,133.55,133.62,76398,238841
03/26/2026,133.60,133.76,133.07,133.25,88842,237524
03/27/2026,133.27,133.44,132.57,132.67,88842,237524
