01/03/1989,30.460946,30.460946,30.289071,30.304696,2773,31728
01/04/1989,30.429696,30.460946,30.226571,30.257821,2999,31955
01/05/1989,30.085946,30.179696,29.976571,30.007821,3865,32390
01/06/1989,29.960946,30.148446,29.914071,30.023446,4128,33232
01/09/1989,30.148446,30.210946,30.054696,30.070321,2652,33004
01/10/1989,30.085946,30.179696,30.039071,30.070321,6891,34020
01/11/1989,30.117196,30.179696,30.070321,30.101571,2277,33765
01/12/1989,30.085946,30.492196,30.054696,30.429696,5545,33997
01/13/1989,30.429696,30.960946,30.367196,30.867196,4868,32959
01/16/1989,30.835946,30.929696,30.820321,30.867196,157,32834
01/17/1989,30.835946,30.945321,30.695321,30.804696,6936,34916
01/18/1989,30.820321,31.210946,30.585946,31.039071,6372,35170
01/19/1989,31.085946,31.210946,30.929696,31.039071,4883,35987
01/20/1989,31.039071,31.101571,30.867196,30.898446,3341,36338
01/23/1989,30.960946,31.117196,30.960946,31.054696,2007,36567
01/24/1989,31.054696,31.460946,31.039071,31.367196,5694,36564
01/25/1989,31.351571,31.507821,31.023446,31.070321,5329,36224
01/26/1989,31.085946,31.085946,30.648446,30.960946,5390,37226
01/27/1989,31.085946,31.429696,31.007821,31.195321,6201,36331
01/30/1989,31.242196,31.257821,30.992196,31.007821,2770,36370
01/31/1989,31.007821,31.117196,30.929696,30.992196,6022,37725
02/01/1989,30.976571,31.085946,30.929696,31.070321,4378,37409
02/02/1989,31.101571,31.148446,31.039071,31.148446,4624,37942
02/03/1989,31.148446,31.179696,30.789071,30.914071,4842,38322
02/06/1989,30.898446,30.914071,30.773446,30.882821,1774,38164
02/07/1989,30.835946,31.085946,30.789071,31.085946,4627,38034
02/08/1989,31.085946,31.273446,31.007821,31.039071,5729,38329
02/09/1989,30.710946,30.804696,30.523446,30.523446,5976,38120
02/10/1989,30.398446,30.414071,30.054696,30.242196,13317,39921
02/13/1989,30.148446,30.195321,30.117196,30.132821,12470,39611
02/14/1989,30.117196,30.304696,29.992196,30.007821,7223,40251
02/15/1989,30.023446,30.148446,29.960946,30.007821,8751,41037
02/16/1989,30.101571,30.195321,29.992196,30.054696,4497,40711
02/17/1989,30.117196,30.148446,29.945321,30.054696,6673,40669
02/21/1989,30.210946,30.242196,29.914071,30.023446,6002,40866
02/22/1989,29.851571,29.851571,29.648446,29.710946,10444,42202
02/23/1989,29.601571,29.648446,29.367196,29.382821,14203,42802
02/24/1989,29.617196,29.648446,29.304696,29.382821,9622,42761
02/27/1989,29.304696,29.554696,29.304696,29.507821,13828,43104
02/28/1989,29.585946,29.742196,29.554696,29.679696,17862,43606
03/01/1989,29.898446,29.914071,29.554696,29.617196,14897,43702
03/02/1989,29.617196,29.757821,29.507821,29.742196,8446,43871
03/03/1989,29.710946,29.851571,29.570321,29.804696,7489,45032
03/06/1989,29.945321,29.992196,29.867196,29.960946,2247,44654
03/07/1989,29.992196,29.992196,29.820321,29.914071,4337,42725
03/08/1989,29.867196,30.023446,29.789071,29.992196,6159,45229
03/09/1989,29.929696,29.960946,29.851571,29.945321,2437,45614
03/10/1989,29.914071,29.914071,29.367196,29.429696,8319,46509
03/13/1989,29.429696,29.554696,29.382821,29.476571,3429,46501
03/14/1989,29.476571,29.617196,29.398446,29.585946,3706,46476
03/15/1989,29.710946,29.789071,29.539071,29.617196,6585,46941
03/16/1989,29.617196,29.773446,29.585946,29.648446,7455,45998
03/17/1989,29.710946,29.773446,28.742196,28.820321,7557,45511
03/20/1989,28.867196,28.867196,28.554696,28.664071,6569,45634
03/21/1989,28.601571,28.742196,28.320321,28.476571,7467,43578
03/22/1989,28.570321,28.882821,28.570321,28.804696,6804,44228
03/23/1989,28.851571,28.992196,28.773446,28.789071,4594,45503
03/27/1989,28.726571,28.773446,28.648446,28.773446,1991,44905
03/28/1989,28.742196,28.820321,28.726571,28.804696,4319,45420
03/29/1989,28.945321,29.023446,28.835946,28.992196,3328,45614
03/30/1989,29.054696,29.335946,28.992196,29.117196,3554,45884
03/31/1989,29.070321,29.335946,29.070321,29.335946,4492,44632
04/03/1989,29.585946,30.117196,29.539071,29.820321,6259,45121
04/04/1989,29.835946,30.117196,29.773446,30.117196,5253,46114
04/05/1989,30.242196,30.304696,30.023446,30.179696,3139,46081
04/06/1989,30.054696,30.054696,29.835946,29.929696,4455,46228
04/07/1989,29.929696,30.132821,29.585946,29.648446,3515,45823
04/10/1989,29.554696,29.648446,29.523446,29.585946,1665,46155
04/11/1989,29.601571,29.742196,29.570321,29.601571,3009,46289
04/12/1989,29.617196,29.617196,29.476571,29.554696,3737,46580
04/13/1989,29.523446,29.554696,29.335946,29.367196,4876,46661
04/14/1989,29.335946,30.210946,29.242196,30.179696,6966,45561
04/17/1989,30.085946,30.101571,29.992196,30.039071,2220,45683
04/18/1989,30.039071,30.835946,29.929696,30.710946,6987,46160
04/19/1989,30.570321,30.804696,30.507821,30.585946,4601,45738
04/20/1989,30.679696,30.804696,29.960946,30.007821,4323,45695
04/21/1989,30.179696,30.289071,30.132821,30.242196,1917,45923
04/24/1989,30.226571,30.273446,30.132821,30.257821,1895,45947
04/25/1989,30.257821,30.554696,30.242196,30.445321,3619,46289
04/26/1989,30.585946,30.835946,30.460946,30.523446,5107,46963
04/27/1989,30.585946,31.007821,30.585946,30.820321,8659,49052
04/28/1989,31.023446,31.117196,30.789071,30.992196,6965,49373
05/01/1989,30.429696,30.664071,30.429696,30.539071,3508,49448
05/02/1989,30.554696,30.789071,30.554696,30.773446,5385,48396
05/03/1989,30.835946,30.960946,30.710946,30.867196,5717,49906
05/04/1989,30.679696,30.914071,30.679696,30.914071,6139,49650
05/05/1989,30.882821,31.570321,30.882821,31.382821,5865,47802
05/08/1989,31.164071,31.242196,31.117196,31.195321,3780,47740
05/09/1989,31.085946,31.085946,30.585946,30.601571,9944,48962
05/10/1989,30.585946,30.648446,30.304696,30.429696,8697,48861
05/11/1989,30.398446,30.929696,30.398446,30.929696,12051,47159
05/12/1989,31.023446,32.148446,31.023446,32.070321,10021,46680
05/15/1989,32.101571,32.101571,31.820321,31.835946,5376,46188
05/16/1989,31.710946,31.789071,31.601571,31.757821,3750,45887
05/17/1989,31.867196,32.179696,31.523446,31.757821,5912,45724
05/18/1989,31.679696,31.867196,31.523446,31.710946,5063,45798
05/19/1989,31.726571,32.101571,31.710946,31.929696,7381,47569
05/22/1989,32.164071,32.429696,32.164071,32.429696,8113,47242
05/23/1989,32.523446,32.554696,32.273446,32.414071,10513,47016
05/24/1989,32.242196,32.398446,32.179696,32.382821,8073,47840
05/25/1989,32.273446,32.304696,32.117196,32.132821,10613,49181
05/26/1989,31.945321,32.273446,31.898446,32.226571,10533,48785
05/30/1989,32.398446,32.570321,32.335946,32.351571,12101,51998
05/31/1989,32.320321,32.476571,32.242196,32.476571,8745,52469
06/01/1989,32.414071,32.492196,32.335946,32.492196,10211,53609
06/02/1989,32.460946,33.460946,32.460946,33.382821,15294,51462
06/05/1989,33.585946,33.898446,33.476571,33.695321,5203,50960
06/06/1989,33.554696,33.726571,33.539071,33.710946,4167,43647
06/07/1989,33.726571,33.992196,33.648446,33.960946,7222,40304
06/08/1989,34.054696,34.101571,33.882821,34.070321,21447,49453
06/09/1989,34.273446,34.523446,33.585946,34.523446,9230,42577
06/12/1989,34.523446,34.648446,34.210946,34.335946,7719,41210
06/13/1989,34.117196,34.195321,33.664071,33.835946,5475,42117
06/14/1989,33.742196,34.132821,33.742196,34.070321,6344,39739
06/15/1989,34.148446,34.429696,33.617196,33.617196,6866,41772
06/16/1989,33.554696,33.679696,33.335946,33.492196,7877,41427
06/19/1989,33.585946,33.695321,33.414071,33.445321,3523,42426
06/20/1989,33.335946,33.679696,33.335946,33.648446,4869,42052
06/21/1989,33.648446,33.726571,33.429696,33.445321,4249,39134
06/22/1989,33.429696,33.507821,33.242196,33.351571,4704,38009
06/23/1989,33.460946,33.976571,33.460946,33.914071,3906,36904
06/26/1989,34.117196,34.335946,34.007821,34.148446,4179,37517
06/27/1989,34.242196,34.492196,34.085946,34.429696,3317,37909
06/28/1989,34.492196,34.554696,34.226571,34.320321,6002,38643
06/29/1989,34.179696,34.820321,34.085946,34.695321,6960,38432
06/30/1989,34.632821,35.039071,34.617196,34.898446,13204,44030
07/03/1989,34.898446,35.132821,34.835946,35.054696,1573,44332
07/05/1989,35.039071,35.148446,34.835946,35.085946,6319,46378
07/06/1989,35.148446,35.335946,35.148446,35.320321,12361,48535
07/07/1989,35.273446,35.789071,35.117196,35.539071,13018,49237
07/10/1989,35.554696,35.789071,35.445321,35.617196,5452,48370
07/11/1989,35.773446,35.929696,35.601571,35.648446,17236,43857
07/12/1989,35.679696,35.820321,35.664071,35.742196,8113,42466
07/13/1989,35.898446,35.960946,35.695321,35.757821,7051,42812
07/14/1989,35.710946,36.023446,35.398446,35.632821,6660,41573
07/17/1989,35.507821,35.585946,35.460946,35.507821,3254,42037
07/18/1989,35.273446,35.335946,35.007821,35.039071,4779,41898
07/19/1989,35.054696,35.445321,34.960946,35.367196,5201,42386
07/20/1989,35.585946,35.898446,35.554696,35.726571,5053,43177
07/21/1989,35.476571,35.507821,35.210946,35.351571,3395,43599
07/24/1989,35.273446,35.476571,35.226571,35.445321,1785,43748
07/25/1989,35.492196,35.804696,35.492196,35.789071,4294,44216
07/26/1989,35.804696,35.960946,35.695321,35.789071,7175,45324
07/27/1989,35.929696,36.304696,35.929696,36.289071,14254,48015
07/28/1989,36.210946,36.695321,36.210946,36.570321,8822,49168
07/31/1989,36.679696,36.804696,36.664071,36.773446,6541,48580
08/01/1989,37.148446,37.335946,36.867196,36.945321,9645,46082
08/02/1989,36.898446,36.960946,36.554696,36.632821,5914,45515
08/03/1989,36.617196,36.617196,36.273446,36.289071,6722,44363
08/04/1989,36.289071,36.304696,36.117196,36.117196,30000,37749
08/07/1989,35.195321,35.257821,34.835946,35.148446,7295,35685
08/08/1989,35.242196,35.429696,35.132821,35.164071,6404,35837
08/09/1989,35.101571,35.179696,34.992196,35.117196,5825,35699
08/10/1989,34.898446,35.320321,34.789071,35.148446,6728,34209
08/11/1989,35.429696,36.179696,34.367196,34.523446,5605,33974
08/14/1989,34.460946,34.632821,33.804696,33.835946,10297,33902
08/15/1989,33.992196,34.148446,33.835946,34.023446,9895,31578
08/16/1989,34.367196,34.539071,34.273446,34.523446,7361,31825
08/17/1989,34.507821,34.742196,34.054696,34.242196,8903,32517
08/18/1989,34.085946,34.398446,33.773446,34.242196,8135,32283
08/21/1989,34.273446,34.429696,33.898446,33.898446,8052,32138
08/22/1989,33.835946,33.898446,33.585946,33.617196,7847,32870
08/23/1989,33.570321,33.789071,33.570321,33.789071,6270,32277
08/24/1989,34.117196,34.117196,33.882821,33.976571,5695,32745
08/25/1989,34.054696,34.148446,33.867196,33.898446,7902,31214
08/28/1989,33.726571,33.835946,33.585946,33.695321,6799,30960
08/29/1989,33.648446,33.742196,33.429696,33.710946,10737,30608
08/30/1989,33.710946,33.835946,33.648446,33.820321,9847,30351
08/31/1989,33.882821,34.023446,33.742196,33.789071,13350,33144
09/01/1989,33.648446,34.304696,33.367196,34.304696,12644,33585
09/05/1989,34.054696,34.148446,33.929696,34.070321,4844,32776
09/06/1989,34.054696,34.132821,33.882821,34.085946,4027,32158
09/07/1989,34.226571,34.304696,34.101571,34.132821,3244,32191
09/08/1989,34.085946,34.273446,34.039071,34.273446,3339,31592
09/11/1989,34.367196,34.523446,34.304696,34.507821,6094,33810
09/12/1989,34.445321,34.648446,34.382821,34.601571,7884,35870
09/13/1989,34.539071,34.914071,34.492196,34.554696,6775,36516
09/14/1989,34.617196,35.007821,34.585946,34.710946,8810,37068
09/15/1989,34.820321,35.023446,34.523446,34.867196,5888,36410
09/18/1989,34.882821,34.929696,34.726571,34.804696,3834,36705
09/19/1989,34.804696,34.914071,34.710946,34.789071,6245,38181
09/20/1989,34.710946,34.726571,34.382821,34.414071,6345,39790
09/21/1989,34.445321,34.445321,34.132821,34.132821,4316,40665
09/22/1989,34.164071,34.226571,33.960946,34.101571,5939,40747
09/25/1989,33.898446,33.898446,33.523446,33.632821,3614,40725
09/26/1989,33.742196,33.742196,33.507821,33.710946,5798,40820
09/27/1989,33.585946,33.757821,33.539071,33.679696,5266,41411
09/28/1989,33.679696,33.726571,33.460946,33.554696,4558,42369
09/29/1989,33.335946,33.492196,33.101571,33.445321,11732,46020
10/02/1989,33.460946,33.601571,33.414071,33.476571,3535,45905
10/03/1989,33.632821,33.835946,33.632821,33.804696,4706,45606
10/04/1989,33.882821,33.976571,33.773446,33.914071,4066,45791
10/05/1989,33.867196,34.101571,33.648446,34.101571,5714,46901
10/06/1989,34.179696,34.804696,34.179696,34.804696,10988,46684
10/09/1989,34.867196,35.070321,34.867196,35.070321,453,46429
10/10/1989,35.023446,35.210946,34.789071,34.789071,9313,43668
10/11/1989,34.679696,34.789071,34.617196,34.617196,7511,41952
10/12/1989,34.617196,34.882821,34.617196,34.882821,6828,41655
10/13/1989,35.085946,35.148446,34.632821,35.148446,7411,40788
10/16/1989,36.085946,36.085946,35.117196,35.117196,18030,37294
10/17/1989,35.195321,35.523446,34.742196,35.085946,7139,37485
10/18/1989,35.039071,35.367196,35.007821,35.085946,8581,36237
10/19/1989,35.070321,35.304696,34.960946,35.210946,4684,36268
10/20/1989,35.179696,35.367196,35.039071,35.070321,2801,36116
10/23/1989,35.148446,35.367196,35.117196,35.351571,2316,36993
10/24/1989,35.507821,36.023446,35.460946,35.773446,14409,42632
10/25/1989,35.617196,35.820321,35.570321,35.726571,13473,45700
10/26/1989,35.710946,35.773446,35.554696,35.617196,4603,45907
10/27/1989,35.632821,35.679696,35.304696,35.367196,4305,46645
10/30/1989,35.367196,35.445321,35.304696,35.445321,2987,46279
10/31/1989,35.601571,35.664071,35.382821,35.445321,4451,45790
11/01/1989,35.460946,35.539071,35.351571,35.507821,5233,45898
11/02/1989,35.523446,35.679696,35.523446,35.632821,3557,45954
11/03/1989,35.679696,35.695321,35.023446,35.289071,17349,47335
11/06/1989,35.117196,35.117196,34.867196,34.976571,6079,47693
11/07/1989,35.023446,35.554696,35.023446,35.507821,5195,48011
11/08/1989,35.585946,35.804696,35.523446,35.757821,7777,50233
11/09/1989,35.679696,35.929696,35.523446,35.570321,17257,54046
11/10/1989,35.570321,35.617196,35.460946,35.554696,3873,54232
11/13/1989,35.492196,35.601571,35.382821,35.570321,12910,57157
11/14/1989,35.679696,35.867196,35.648446,35.742196,8126,57884
11/15/1989,35.820321,36.039071,35.820321,35.976571,14952,59801
11/16/1989,36.039071,36.085946,35.773446,35.976571,12982,62823
11/17/1989,35.898446,35.929696,35.664071,35.679696,5959,63218
11/20/1989,35.851571,35.851571,35.695321,35.695321,6710,63515
11/21/1989,35.585946,35.820321,35.523446,35.773446,12800,62725
11/22/1989,35.757821,36.085946,35.695321,36.023446,21147,62767
11/24/1989,36.117196,36.304696,36.085946,36.132821,4347,62071
11/27/1989,36.023446,36.179696,35.726571,35.757821,17612,65001
11/28/1989,35.789071,35.789071,35.664071,35.695321,16090,66574
11/29/1989,35.601571,35.679696,35.554696,35.570321,22570,69332
11/30/1989,35.617196,35.789071,35.617196,35.773446,30884,69664
12/01/1989,35.757821,35.960946,35.757821,35.914071,9971,69964
12/04/1989,35.914071,35.914071,35.804696,35.898446,6185,69830
12/05/1989,35.835946,35.929696,35.835946,35.914071,5952,70678
12/06/1989,35.914071,35.960946,35.664071,35.695321,6140,72560
12/07/1989,35.648446,35.695321,35.523446,35.554696,5196,72188
12/08/1989,35.539071,35.960946,35.273446,35.820321,10564,71426
12/11/1989,35.835946,35.835946,35.710946,35.742196,7780,69673
12/12/1989,35.726571,35.804696,35.710946,35.742196,2799,69881
12/13/1989,35.773446,35.820321,35.601571,35.804696,7282,70045
12/14/1989,35.851571,36.039071,35.820321,36.007821,6736,71228
12/15/1989,36.054696,36.101571,35.914071,35.992196,4418,73149
12/18/1989,35.960946,36.179696,35.898446,36.164071,2605,72732
12/19/1989,36.101571,36.179696,35.976571,36.007821,5825,74402
12/20/1989,36.039071,36.179696,36.023446,36.085946,4370,74815
12/21/1989,36.085946,36.101571,35.992196,36.039071,3893,76473
12/22/1989,36.023446,36.023446,35.664071,35.695321,2987,77662
12/26/1989,35.664071,35.664071,34.992196,35.085946,7413,77849
12/27/1989,35.210946,35.210946,35.023446,35.148446,9248,80022
12/28/1989,35.195321,35.335946,35.179696,35.320321,3182,80346
12/29/1989,35.304696,35.476571,35.117196,35.304696,4200,80587
01/02/1990,35.210946,35.398446,35.054696,35.226571,6096,80867
01/03/1990,35.210946,35.210946,34.945321,35.023446,9133,81297
01/04/1990,35.007821,35.179696,34.992196,35.054696,8148,83347
01/05/1990,35.085946,35.273446,34.945321,35.039071,5640,83350
01/08/1990,35.023446,35.070321,34.914071,34.992196,7353,83495
01/09/1990,34.992196,35.039071,34.914071,34.945321,4675,82933
01/10/1990,34.929696,35.007821,34.804696,34.914071,7189,82203
01/11/1990,35.054696,35.054696,34.898446,34.898446,3946,81468
01/12/1990,34.601571,34.835946,34.460946,34.757821,6182,81293
01/15/1990,34.648446,34.679696,34.429696,34.523446,478,81487
01/16/1990,34.523446,34.585946,34.210946,34.226571,13629,85246
01/17/1990,34.273446,34.320321,34.148446,34.210946,10368,84272
01/18/1990,33.867196,34.023446,33.570321,33.570321,8912,84700
01/19/1990,33.804696,33.835946,33.648446,33.835946,6563,84299
01/22/1990,33.992196,33.992196,33.773446,33.882821,3634,83723
01/23/1990,33.867196,33.992196,33.789071,33.992196,6580,85407
01/24/1990,33.367196,33.648446,33.367196,33.539071,12900,82520
01/25/1990,33.664071,33.742196,33.351571,33.382821,6166,80901
01/26/1990,33.492196,33.492196,33.023446,33.101571,11221,79874
01/29/1990,33.164071,33.210946,33.054696,33.085946,11858,76813
01/30/1990,32.992196,33.070321,32.664071,32.976571,16325,74719
01/31/1990,32.882821,33.226571,32.773446,33.226571,17469,73317
02/01/1990,33.367196,33.460946,33.117196,33.273446,12134,71491
02/02/1990,33.210946,33.273446,32.898446,32.992196,7042,70442
02/05/1990,32.867196,32.945321,32.835946,32.929696,8911,68493
02/06/1990,32.835946,32.835946,32.664071,32.757821,7791,68133
02/07/1990,32.539071,32.726571,32.523446,32.726571,10566,67665
02/08/1990,32.773446,33.054696,32.726571,32.945321,6391,68123
02/09/1990,33.117196,33.570321,33.117196,33.492196,7462,68083
02/12/1990,33.492196,33.632821,33.210946,33.226571,20289,70572
02/13/1990,33.273446,33.523446,33.164071,33.460946,23477,74300
02/14/1990,33.523446,33.554696,33.320321,33.414071,14326,76123
02/15/1990,33.335946,33.335946,33.070321,33.117196,14702,77779
02/16/1990,33.148446,33.210946,33.023446,33.132821,6231,78211
02/20/1990,32.804696,32.804696,32.257821,32.367196,7407,77775
02/21/1990,32.398446,32.429696,32.148446,32.351571,12288,78319
02/22/1990,32.304696,32.570321,32.179696,32.554696,17936,79725
02/23/1990,32.632821,32.789071,32.554696,32.664071,22266,78885
02/26/1990,32.773446,32.945321,32.695321,32.945321,21417,79369
02/27/1990,33.007821,33.148446,33.007821,33.148446,20388,78890
02/28/1990,33.117196,33.117196,32.742196,32.773446,36470,84431
03/01/1990,32.726571,32.726571,32.335946,32.382821,9167,83311
03/02/1990,32.414071,32.648446,32.289071,32.460946,13690,83138
03/05/1990,32.398446,32.414071,32.023446,32.054696,13845,84129
03/06/1990,32.117196,32.273446,31.992196,32.242196,6590,81112
03/07/1990,32.289071,32.398446,32.242196,32.304696,7009,80262
03/08/1990,32.335946,32.367196,32.210946,32.289071,9492,79269
03/09/1990,32.320321,32.335946,31.695321,31.804696,7467,77639
03/12/1990,31.789071,31.851571,31.742196,31.851571,2918,77304
03/13/1990,31.804696,31.835946,31.460946,31.523446,6797,76607
03/14/1990,31.554696,31.867196,31.539071,31.867196,9160,73645
03/15/1990,31.882821,31.882821,31.695321,31.773446,3831,71389
03/16/1990,31.773446,32.148446,31.695321,32.101571,3780,72054
03/19/1990,32.007821,32.023446,31.898446,32.007821,2784,72216
03/20/1990,32.023446,32.179696,31.648446,32.132821,6090,72190
03/21/1990,32.054696,32.148446,31.992196,32.101571,7091,70189
03/22/1990,32.007821,32.539071,32.007821,32.289071,7147,69148
03/23/1990,32.335946,32.554696,32.226571,32.429696,9993,70772
03/26/1990,32.648446,32.710946,32.445321,32.460946,1953,70375
03/27/1990,32.398446,32.492196,32.273446,32.367196,5399,70699
03/28/1990,32.257821,32.507821,32.226571,32.429696,6782,72134
03/29/1990,32.351571,32.429696,32.117196,32.132821,6282,72493
03/30/1990,32.148446,32.226571,31.804696,31.851571,15974,67987
04/02/1990,31.945321,32.101571,31.898446,31.929696,6764,65476
04/03/1990,31.992196,32.054696,31.914071,31.992196,4013,63921
04/04/1990,32.007821,32.523446,31.960946,32.367196,2959,64189
04/05/1990,31.929696,32.320321,31.929696,32.304696,2442,63634
04/06/1990,32.273446,32.679696,32.148446,32.335946,10363,63267
04/09/1990,32.179696,32.210946,32.101571,32.210946,1809,63142
04/10/1990,32.054696,32.382821,31.992196,32.179696,4357,62683
04/11/1990,32.085946,32.335946,32.039071,32.101571,3952,62076
04/12/1990,32.148446,32.242196,31.992196,31.992196,3506,61357
04/16/1990,32.117196,32.148446,31.898446,31.945321,3817,60238
04/17/1990,32.054696,32.132821,31.429696,31.617196,8405,59247
04/18/1990,31.679696,31.742196,31.179696,31.242196,6316,58918
04/19/1990,31.101571,31.320321,31.085946,31.257821,5916,58684
04/20/1990,31.335946,31.414071,31.023446,31.117196,4923,58236
04/23/1990,30.992196,31.117196,30.945321,31.007821,2430,58175
04/24/1990,31.039071,31.054696,30.742196,30.820321,7629,57209
04/25/1990,30.757821,30.867196,30.585946,30.664071,6297,58445
04/26/1990,30.695321,30.726571,30.226571,30.351571,9054,58091
04/27/1990,30.335946,30.742196,30.242196,30.460946,9078,59748
04/30/1990,30.460946,30.554696,30.445321,30.539071,3585,60085
05/01/1990,30.695321,30.773446,30.242196,30.367196,12888,53686
05/02/1990,30.335946,30.398446,30.148446,30.304696,4804,52298
05/03/1990,30.507821,30.585946,30.460946,30.523446,7390,52681
05/04/1990,30.585946,31.492196,30.585946,31.445321,9806,52053
05/07/1990,31.367196,31.367196,31.273446,31.304696,3920,52763
05/08/1990,31.398446,31.523446,31.367196,31.492196,10181,53766
05/09/1990,31.304696,31.320321,31.164071,31.195321,16632,57062
05/10/1990,31.304696,31.492196,31.304696,31.476571,12810,57972
05/11/1990,31.601571,32.132821,31.585946,32.101571,16976,58660
05/14/1990,32.039071,32.289071,31.992196,32.289071,11266,58490
05/15/1990,32.101571,32.179696,32.023446,32.101571,12326,59751
05/16/1990,32.117196,32.195321,31.976571,32.023446,16431,59726
05/17/1990,32.023446,32.210946,31.835946,31.914071,10503,60760
05/18/1990,31.835946,31.835946,31.617196,31.664071,4771,59687
05/21/1990,31.617196,31.757821,31.585946,31.710946,9625,58614
05/22/1990,31.960946,32.101571,31.914071,32.070321,24278,65309
05/23/1990,32.148446,32.320321,31.976571,32.242196,6604,66049
05/24/1990,32.367196,32.445321,32.195321,32.226571,13014,66359
05/25/1990,32.101571,32.101571,31.960946,31.976571,11036,66363
05/29/1990,32.054696,32.117196,32.007821,32.117196,11873,66854
05/30/1990,32.226571,32.242196,32.132821,32.210946,18397,64135
05/31/1990,32.242196,32.242196,32.039071,32.226571,21077,64145
06/01/1990,32.242196,32.992196,32.164071,32.929696,16840,61880
06/04/1990,32.929696,32.960946,32.867196,32.914071,6492,61731
06/05/1990,32.882821,33.070321,32.742196,32.757821,11586,59027
06/06/1990,32.757821,32.789071,32.617196,32.742196,3983,58113
06/07/1990,32.867196,32.867196,32.679696,32.757821,6127,56378
06/08/1990,32.804696,32.851571,32.710946,32.773446,3899,54710
06/11/1990,32.617196,32.710946,32.554696,32.695321,8086,54785
06/12/1990,32.742196,32.757821,32.664071,32.679696,3204,53226
06/13/1990,32.710946,33.054696,32.710946,33.039071,4776,52859
06/14/1990,33.195321,33.257821,32.976571,33.195321,9707,55218
06/15/1990,33.179696,33.242196,32.695321,32.789071,7389,54637
06/18/1990,32.710946,32.710946,32.601571,32.601571,6851,55596
06/19/1990,32.632821,32.664071,32.523446,32.585946,6966,57080
06/20/1990,32.585946,32.695321,32.414071,32.429696,5109,55176
06/21/1990,32.523446,32.617196,32.398446,32.601571,3089,55756
06/22/1990,32.554696,32.710946,32.554696,32.632821,3931,55975
06/25/1990,32.664071,32.664071,32.367196,32.367196,4918,55656
06/26/1990,32.367196,32.742196,32.320321,32.492196,6852,55671
06/27/1990,32.585946,32.664071,32.492196,32.664071,6104,56334
06/28/1990,32.820321,32.882821,32.757821,32.851571,5912,57134
06/29/1990,32.914071,33.101571,32.742196,33.054696,7453,57062
07/02/1990,33.054696,33.132821,32.960946,33.070321,4791,58820
07/03/1990,33.054696,33.289071,33.023446,33.273446,3723,59861
07/05/1990,33.273446,33.289071,33.117196,33.117196,6650,58354
07/06/1990,33.039071,33.039071,32.617196,32.695321,7155,57760
07/09/1990,32.570321,32.570321,32.445321,32.539071,4478,56970
07/10/1990,32.585946,32.617196,32.429696,32.476571,4086,56246
07/11/1990,32.523446,32.664071,32.445321,32.554696,3226,56441
07/12/1990,32.570321,33.023446,32.273446,33.007821,10802,54565
07/13/1990,32.929696,33.242196,32.804696,33.164071,11599,52367
07/16/1990,32.867196,32.914071,32.851571,32.914071,3000,52606
07/17/1990,33.164071,33.273446,33.117196,33.257821,4078,52636
07/18/1990,33.242196,33.257821,32.960946,33.117196,8576,52425
07/19/1990,33.070321,33.195321,32.992196,33.132821,4092,52830
07/20/1990,33.257821,33.382821,33.195321,33.351571,10719,49896
07/23/1990,33.351571,33.679696,33.070321,33.367196,7890,52255
07/24/1990,33.273446,33.289071,33.132821,33.164071,6628,51726
07/25/1990,33.164071,33.382821,33.148446,33.289071,5152,50853
07/26/1990,33.304696,33.351571,33.273446,33.320321,3915,50829
07/27/1990,33.289071,33.648446,33.289071,33.601571,6384,51752
07/30/1990,33.742196,34.039071,33.726571,34.023446,6175,52905
07/31/1990,33.929696,34.054696,33.882821,34.039071,7787,52002
08/01/1990,34.039071,34.476571,34.007821,34.335946,8823,52671
08/02/1990,34.335946,34.335946,33.945321,33.945321,8865,51760
08/03/1990,33.945321,34.523446,33.820321,34.164071,21139,55603
08/06/1990,33.914071,34.273446,33.148446,33.335946,22561,60312
08/07/1990,33.335946,33.523446,32.789071,32.898446,14968,60295
08/08/1990,32.867196,33.101571,32.679696,32.851571,13653,59191
08/09/1990,33.039071,33.289071,32.898446,33.242196,8475,58870
08/10/1990,33.273446,33.507821,32.992196,33.179696,8593,61069
08/13/1990,33.070321,33.273446,33.070321,33.273446,5785,61537
08/14/1990,33.304696,33.398446,33.164071,33.289071,11584,61904
08/15/1990,33.429696,33.523446,33.179696,33.367196,13150,61894
08/16/1990,33.304696,33.304696,32.789071,32.835946,20755,64336
08/17/1990,32.710946,32.757821,32.523446,32.664071,10250,63919
08/20/1990,32.585946,32.726571,32.539071,32.648446,9684,62818
08/21/1990,32.585946,32.585946,32.257821,32.476571,17263,63763
08/22/1990,32.398446,32.429696,32.226571,32.226571,13121,64310
08/23/1990,31.882821,32.054696,31.804696,31.945321,12848,67433
08/24/1990,32.007821,32.054696,31.664071,31.726571,20614,69510
08/27/1990,32.023446,32.289071,32.023446,32.257821,18333,72168
08/28/1990,32.335946,32.335946,32.023446,32.023446,16788,74334
08/29/1990,32.148446,32.429696,32.117196,32.414071,16220,75947
08/30/1990,32.398446,32.460946,32.242196,32.335946,16783,75030
08/31/1990,32.335946,32.492196,32.320321,32.429696,8322,75578
09/04/1990,32.351571,32.414071,32.210946,32.304696,10151,77610
09/05/1990,32.429696,32.554696,32.367196,32.539071,10121,76056
09/06/1990,32.554696,32.601571,32.460946,32.523446,12958,75863
09/07/1990,32.539071,32.757821,32.351571,32.648446,13577,75985
09/10/1990,32.742196,32.851571,32.445321,32.445321,8489,75911
09/11/1990,32.367196,32.554696,32.335946,32.523446,6777,75732
09/12/1990,32.632821,32.742196,32.554696,32.617196,8051,76851
09/13/1990,32.679696,32.851571,32.632821,32.664071,15599,74411
09/14/1990,32.648446,32.679696,32.476571,32.539071,9789,74814
09/17/1990,32.460946,32.554696,32.429696,32.492196,10897,75905
09/18/1990,32.492196,32.570321,32.273446,32.523446,5973,75413
09/19/1990,32.648446,32.664071,32.242196,32.429696,11100,74144
09/20/1990,32.429696,32.460946,32.304696,32.320321,4302,73690
09/21/1990,32.257821,32.382821,32.070321,32.164071,11829,71950
09/24/1990,31.945321,31.992196,31.835946,31.960946,9116,72945
09/25/1990,32.039071,32.132821,31.851571,31.976571,7394,73969
09/26/1990,32.070321,32.085946,31.914071,31.960946,8292,74881
09/27/1990,32.132821,32.367196,32.070321,32.351571,12359,78123
09/28/1990,32.382821,32.742196,32.367196,32.679696,10028,80022
10/01/1990,32.851571,33.023446,32.742196,32.960946,16302,79492
10/02/1990,32.960946,33.179696,32.960946,33.132821,11007,79108
10/03/1990,33.007821,33.273446,32.992196,33.132821,6977,78506
10/04/1990,33.164071,33.273446,33.054696,33.273446,6710,77808
10/05/1990,33.242196,33.507821,33.226571,33.445321,11558,78555
10/08/1990,33.445321,33.445321,33.351571,33.382821,408,78501
10/09/1990,33.335946,33.367196,32.804696,32.804696,9555,77649
10/10/1990,32.664071,32.742196,32.554696,32.632821,11709,79106
10/11/1990,32.554696,32.757821,32.476571,32.476571,14855,78637
10/12/1990,32.601571,32.929696,32.523446,32.804696,7549,77861
10/15/1990,32.976571,32.992196,32.851571,32.945321,6730,79913
10/16/1990,32.882821,33.039071,32.867196,32.992196,11734,79112
10/17/1990,33.070321,33.148446,32.976571,33.101571,6241,79284
10/18/1990,33.132821,33.476571,33.117196,33.289071,9467,78883
10/19/1990,33.351571,33.773446,33.351571,33.601571,9373,79771
10/22/1990,33.679696,33.726571,33.445321,33.617196,7908,79246
10/23/1990,33.570321,33.632821,33.414071,33.570321,7116,78250
10/24/1990,33.476571,33.601571,33.414071,33.554696,6520,77479
10/25/1990,33.523446,33.804696,33.507821,33.773446,8829,77106
10/26/1990,33.648446,33.742196,33.617196,33.695321,6785,76668
10/29/1990,33.773446,33.820321,33.523446,33.539071,5430,77257
10/30/1990,33.507821,33.523446,33.289071,33.460946,8851,76864
10/31/1990,33.585946,33.710946,33.476571,33.648446,6242,77476
11/01/1990,33.710946,34.054696,33.648446,33.992196,6807,76856
11/02/1990,33.992196,34.117196,33.882821,33.960946,11071,76882
11/05/1990,33.929696,34.195321,33.914071,34.195321,7987,75840
11/06/1990,34.164071,34.289071,34.085946,34.164071,14230,75961
11/07/1990,34.335946,34.382821,33.929696,33.945321,11550,75675
11/08/1990,33.976571,34.117196,33.914071,33.929696,9307,77164
11/09/1990,34.085946,34.304696,34.023446,34.273446,10628,76882
11/12/1990,34.460946,34.585946,34.367196,34.570321,3263,75856
11/13/1990,34.601571,34.648446,34.429696,34.601571,15930,78359
11/14/1990,34.554696,34.679696,34.492196,34.648446,23449,85167
11/15/1990,34.632821,34.632821,34.492196,34.617196,7011,84797
11/16/1990,34.601571,34.898446,34.601571,34.804696,14316,84776
11/19/1990,34.867196,34.867196,34.570321,34.664071,19747,83916
11/20/1990,34.695321,34.789071,34.617196,34.742196,20056,84493
11/21/1990,34.773446,35.101571,34.773446,35.085946,22414,86023
11/23/1990,34.945321,35.039071,34.945321,34.992196,2786,85341
11/26/1990,34.710946,35.039071,34.710946,35.007821,21254,82315
11/27/1990,34.960946,35.070321,34.898446,34.976571,32055,89951
11/28/1990,34.867196,34.960946,34.773446,34.804696,25637,94133
11/29/1990,34.742196,34.929696,34.632821,34.757821,15108,96354
11/30/1990,34.695321,34.929696,34.679696,34.914071,11118,95878
12/03/1990,34.929696,35.117196,34.929696,35.007821,11928,93819
12/04/1990,34.992196,35.320321,34.992196,35.195321,13217,96071
12/05/1990,35.351571,35.367196,35.148446,35.289071,18998,95149
12/06/1990,35.273446,35.523446,35.210946,35.210946,12440,93660
12/07/1990,35.273446,35.914071,35.257821,35.882821,25467,97994
12/10/1990,35.976571,36.117196,35.960946,35.976571,10642,98384
12/11/1990,36.007821,36.148446,36.007821,36.148446,13599,102125
12/12/1990,36.195321,36.210946,36.023446,36.195321,30566,99218
12/13/1990,36.210946,36.273446,35.789071,35.804696,25218,94785
12/14/1990,35.851571,35.945321,35.507821,35.554696,14710,92849
12/17/1990,35.445321,35.710946,35.445321,35.710946,9692,91053
12/18/1990,35.726571,35.960946,35.710946,35.898446,8330,93129
12/19/1990,36.304696,36.335946,35.914071,35.992196,9661,90099
12/20/1990,35.804696,35.898446,35.742196,35.804696,10957,91781
12/21/1990,35.773446,35.851571,35.460946,35.460946,12670,88167
12/24/1990,35.070321,35.070321,34.882821,34.898446,2863,87857
12/26/1990,35.195321,35.382821,35.164071,35.335946,4834,89293
12/27/1990,35.460946,35.617196,35.429696,35.492196,4383,86806
12/28/1990,35.554696,35.570321,35.289071,35.367196,3490,87965
12/31/1990,35.398446,35.742196,35.398446,35.710946,2415,87612
01/02/1991,35.867196,36.179696,35.851571,36.148446,8421,88481
01/03/1991,36.226571,36.398446,36.210946,36.289071,12102,88118
01/04/1991,36.320321,36.320321,35.757821,35.914071,9997,88962
01/07/1991,35.742196,35.742196,35.460946,35.476571,12503,89216
01/08/1991,35.523446,35.742196,35.367196,35.382821,19310,88376
01/09/1991,35.320321,35.835946,34.976571,34.992196,22093,88702
01/10/1991,35.039071,35.382821,35.023446,35.351571,13803,85219
01/11/1991,35.507821,35.507821,35.179696,35.289071,9901,81948
01/14/1991,35.117196,35.148446,34.960946,35.132821,8042,79347
01/15/1991,35.226571,35.351571,35.179696,35.210946,10360,77616
01/16/1991,35.242196,35.304696,34.960946,35.117196,7571,77640
01/17/1991,35.132821,35.960946,34.835946,35.617196,12001,77570
01/18/1991,35.398446,35.773446,35.226571,35.773446,5774,77255
01/21/1991,35.710946,35.773446,35.617196,35.726571,3786,77103
01/22/1991,35.726571,35.757821,35.570321,35.648446,8795,76352
01/23/1991,35.585946,35.835946,35.570321,35.820321,5936,74924
01/24/1991,35.835946,36.007821,35.835946,36.007821,9672,74148
01/25/1991,36.023446,36.070321,35.726571,35.742196,8433,73981
01/28/1991,35.757821,35.820321,35.695321,35.789071,7792,73748
01/29/1991,35.835946,35.898446,35.773446,35.882821,7023,74267
01/30/1991,35.882821,36.007821,35.742196,35.898446,10101,73995
01/31/1991,35.867196,36.070321,35.851571,36.023446,7042,74336
02/01/1991,36.039071,36.773446,36.039071,36.632821,25300,73160
02/04/1991,36.679696,36.773446,36.648446,36.773446,11484,73987
02/05/1991,36.804696,36.976571,36.773446,36.867196,18452,74723
02/06/1991,36.851571,36.898446,36.710946,36.898446,12904,75024
02/07/1991,36.929696,36.960946,36.710946,36.726571,9235,74115
02/08/1991,36.710946,36.945321,36.632821,36.867196,10526,75254
02/11/1991,36.882821,37.023446,36.882821,36.898446,7184,73729
02/12/1991,36.929696,37.007821,36.820321,36.929696,22609,77536
02/13/1991,36.945321,37.007821,36.867196,36.929696,17641,82826
02/14/1991,36.976571,37.007821,36.929696,36.945321,13964,84691
02/15/1991,36.945321,37.054696,36.789071,36.898446,19769,89493
02/19/1991,36.898446,36.898446,36.679696,36.679696,8765,88783
02/20/1991,36.679696,36.710946,36.507821,36.523446,18633,87970
02/21/1991,36.492196,36.601571,36.429696,36.445321,21986,86911
02/22/1991,36.320321,36.382821,36.164071,36.242196,20206,88555
02/25/1991,36.257821,36.257821,36.085946,36.195321,27085,92267
02/26/1991,36.273446,36.320321,35.992196,35.992196,15624,90623
02/27/1991,35.976571,36.023446,35.882821,35.976571,19480,90369
02/28/1991,35.992196,36.070321,35.757821,35.820321,17662,90644
03/01/1991,35.585946,35.585946,35.226571,35.289071,27819,87156
03/04/1991,35.382821,35.460946,35.335946,35.351571,8151,86201
03/05/1991,35.335946,35.539071,35.335946,35.460946,19663,85026
03/06/1991,35.585946,35.617196,35.320321,35.382821,11845,86396
03/07/1991,35.320321,35.570321,35.320321,35.523446,13957,86503
03/08/1991,35.554696,35.757821,35.351571,35.382821,24180,84879
03/11/1991,35.382821,35.648446,35.382821,35.648446,11480,85145
03/12/1991,35.695321,35.695321,35.476571,35.492196,13815,85849
03/13/1991,35.523446,35.820321,35.476571,35.789071,15020,87052
03/14/1991,35.820321,35.945321,35.773446,35.898446,9788,87853
03/15/1991,35.882821,35.945321,35.492196,35.539071,16815,88659
03/18/1991,35.570321,35.570321,35.257821,35.304696,10467,84887
03/19/1991,35.304696,35.304696,34.617196,34.710946,19082,76598
03/20/1991,34.757821,34.992196,34.726571,34.960946,9463,74903
03/21/1991,35.023446,35.257821,35.023446,35.210946,6298,74499
03/22/1991,35.226571,35.257821,35.132821,35.242196,5450,74340
03/25/1991,35.304696,35.335946,35.195321,35.226571,3587,74211
03/26/1991,35.226571,35.242196,35.007821,35.179696,6169,74189
03/27/1991,35.226571,35.460946,35.195321,35.445321,10458,72499
03/28/1991,35.445321,35.679696,35.414071,35.648446,6090,72290
04/01/1991,35.539071,35.695321,35.460946,35.617196,3642,72904
04/02/1991,35.601571,35.820321,35.554696,35.820321,7930,73840
04/03/1991,35.867196,35.882821,35.726571,35.804696,7453,73667
04/04/1991,35.742196,36.070321,35.679696,35.976571,8425,75384
04/05/1991,35.960946,36.226571,35.882821,35.976571,7425,75187
04/08/1991,36.007821,36.132821,36.007821,36.070321,3880,74987
04/09/1991,36.101571,36.101571,35.882821,35.914071,5794,73488
04/10/1991,35.867196,35.867196,35.539071,35.554696,7570,73198
04/11/1991,35.632821,35.742196,35.523446,35.601571,8703,73504
04/12/1991,35.695321,36.039071,35.695321,36.039071,7226,72478
04/15/1991,36.132821,36.242196,35.976571,36.070321,10231,72474
04/16/1991,36.070321,36.101571,35.945321,36.039071,5291,72125
04/17/1991,36.070321,36.195321,36.039071,36.101571,7628,73258
04/18/1991,36.101571,36.101571,35.601571,35.695321,13011,74718
04/19/1991,35.664071,35.664071,35.414071,35.507821,11739,74990
04/22/1991,35.445321,35.476571,35.335946,35.367196,4441,75577
04/23/1991,35.382821,35.601571,35.382821,35.507821,9985,77101
04/24/1991,35.554696,35.851571,35.539071,35.804696,9927,75750
04/25/1991,35.804696,36.007821,35.726571,35.820321,13267,77056
04/26/1991,35.804696,35.898446,35.601571,35.882821,10835,76459
04/29/1991,35.867196,35.976571,35.789071,35.835946,3813,76116
04/30/1991,35.882821,36.257821,35.742196,36.085946,13212,77208
05/01/1991,36.132821,36.179696,36.039071,36.117196,12906,77643
05/02/1991,36.148446,36.289071,36.148446,36.226571,10759,76735
05/03/1991,36.273446,36.304696,35.929696,36.054696,12896,75706
05/06/1991,35.757821,36.039071,35.757821,36.039071,5203,73291
05/07/1991,36.117196,36.148446,35.992196,36.007821,7137,74135
05/08/1991,35.914071,36.023446,35.882821,35.960946,12107,74792
05/09/1991,35.945321,36.070321,35.851571,36.007821,11315,75994
05/10/1991,36.007821,36.117196,35.648446,35.648446,11554,76052
05/13/1991,35.789071,35.929696,35.773446,35.929696,5188,75732
05/14/1991,35.945321,35.945321,35.648446,35.742196,13599,74887
05/15/1991,35.789071,35.882821,35.773446,35.804696,8847,74491
05/16/1991,35.820321,35.945321,35.789071,35.804696,21620,74107
05/17/1991,35.757821,35.976571,35.601571,35.867196,11616,73055
05/20/1991,35.820321,35.867196,35.773446,35.789071,5205,72661
05/21/1991,35.757821,36.023446,35.742196,36.007821,10195,72488
05/22/1991,36.007821,36.179696,35.992196,36.101571,33229,78299
05/23/1991,36.085946,36.257821,36.007821,36.117196,27293,79571
05/24/1991,36.148446,36.195321,35.960946,36.117196,12992,78567
05/28/1991,36.210946,36.273446,36.179696,36.242196,11584,79277
05/29/1991,36.226571,36.367196,36.226571,36.226571,22282,80121
05/30/1991,36.226571,36.398446,36.195321,36.367196,15219,76340
05/31/1991,36.351571,36.351571,36.023446,36.070321,24864,73646
06/03/1991,35.929696,35.929696,35.648446,35.648446,10044,70679
06/04/1991,35.585946,35.773446,35.585946,35.679696,19316,69414
06/05/1991,35.695321,35.710946,35.460946,35.523446,16673,67479
06/06/1991,35.554696,35.570321,35.273446,35.335946,15439,66710
06/07/1991,35.210946,35.226571,34.882821,35.085946,17697,66275
06/10/1991,34.960946,35.148446,34.960946,35.070321,11893,65518
06/11/1991,35.070321,35.132821,34.960946,35.101571,10180,64780
06/12/1991,35.054696,35.054696,34.804696,34.835946,16024,65214
06/13/1991,34.835946,34.992196,34.539071,34.945321,9722,64061
06/14/1991,34.960946,35.164071,34.945321,35.132821,14843,62747
06/17/1991,35.257821,35.257821,35.117196,35.117196,6167,62638
06/18/1991,35.054696,35.257821,34.992196,35.054696,10378,63855
06/19/1991,35.007821,35.101571,34.992196,35.101571,10292,60591
06/20/1991,35.101571,35.460946,35.101571,35.304696,8455,62039
06/21/1991,35.382821,35.398446,35.148446,35.148446,5574,60587
06/24/1991,35.148446,35.164071,35.007821,35.070321,8385,62249
06/25/1991,35.054696,35.132821,34.992196,35.085946,5745,62226
06/26/1991,35.148446,35.210946,35.085946,35.117196,12208,66524
06/27/1991,35.101571,35.242196,35.070321,35.195321,11597,67317
06/28/1991,35.226571,35.523446,35.226571,35.460946,10390,67219
07/01/1991,35.554696,35.554696,35.273446,35.335946,7616,67854
07/02/1991,35.335946,35.335946,35.226571,35.273446,6362,68259
07/03/1991,35.273446,35.367196,35.179696,35.367196,10011,70600
07/05/1991,35.351571,35.398446,34.992196,35.039071,4652,70711
07/08/1991,34.960946,35.132821,34.945321,35.117196,6281,72350
07/09/1991,35.148446,35.195321,35.070321,35.085946,7393,72401
07/10/1991,35.101571,35.179696,35.085946,35.179696,5706,72598
07/11/1991,35.210946,35.414071,35.164071,35.414071,8214,72059
07/12/1991,35.429696,35.648446,35.398446,35.617196,8939,72916
07/15/1991,35.539071,35.617196,35.460946,35.570321,8080,71578
07/16/1991,35.523446,35.632821,35.476571,35.554696,12469,69248
07/17/1991,35.601571,35.617196,35.398446,35.445321,14885,72362
07/18/1991,35.382821,35.445321,35.367196,35.398446,6445,72479
07/19/1991,35.539071,35.648446,35.523446,35.601571,10724,72978
07/22/1991,35.632821,35.632821,35.523446,35.585946,4632,73591
07/23/1991,35.523446,35.554696,35.476571,35.476571,10134,73589
07/24/1991,35.476571,35.804696,35.460946,35.789071,10901,71856
07/25/1991,35.757821,36.007821,35.757821,35.976571,8023,72707
07/26/1991,35.914071,36.148446,35.914071,35.992196,7585,73157
07/29/1991,36.054696,36.085946,35.976571,36.023446,6493,74567
07/30/1991,35.976571,36.070321,35.945321,36.070321,7209,75088
07/31/1991,36.085946,36.257821,36.070321,36.242196,6914,75388
08/01/1991,36.320321,36.335946,36.132821,36.148446,18880,78568
08/02/1991,36.273446,36.882821,36.273446,36.835946,13016,79536
08/05/1991,36.804696,36.882821,36.773446,36.867196,11257,83964
08/06/1991,36.867196,37.273446,36.804696,37.226571,22843,84750
08/07/1991,37.179696,37.320321,37.132821,37.289071,25496,88263
08/08/1991,37.273446,37.414071,37.179696,37.210946,17232,88410
08/09/1991,37.179696,37.351571,37.101571,37.273446,20643,87454
08/12/1991,37.351571,37.398446,37.304696,37.382821,9747,88767
08/13/1991,37.367196,37.617196,37.226571,37.554696,12176,89628
08/14/1991,37.570321,38.023446,37.570321,38.007821,23788,91183
08/15/1991,38.007821,38.179696,37.851571,37.976571,16610,90750
08/16/1991,38.054696,38.210946,37.945321,38.132821,7928,89804
08/19/1991,38.257821,39.304696,38.117196,38.195321,14095,90249
08/20/1991,38.304696,38.554696,38.273446,38.507821,16952,92308
08/21/1991,38.523446,38.617196,38.132821,38.367196,17507,90788
08/22/1991,38.460946,38.554696,38.398446,38.492196,13851,87399
08/23/1991,38.492196,38.492196,37.945321,37.992196,18285,84800
08/26/1991,37.929696,37.960946,37.789071,37.804696,22472,85771
08/27/1991,37.773446,37.929696,37.773446,37.929696,17716,86791
08/28/1991,37.929696,38.335946,37.929696,38.289071,26674,84622
08/29/1991,38.304696,38.632821,38.304696,38.585946,26070,85674
08/30/1991,38.539071,38.539071,38.101571,38.164071,12160,84123
09/03/1991,38.242196,38.304696,38.148446,38.242196,10585,83670
09/04/1991,38.320321,38.382821,38.226571,38.257821,16418,83647
09/05/1991,38.273446,38.304696,38.195321,38.210946,17045,82771
09/06/1991,38.179696,38.632821,38.039071,38.601571,21014,83698
09/09/1991,38.601571,38.851571,38.585946,38.742196,10736,84601
09/10/1991,38.804696,38.867196,38.695321,38.742196,16443,84462
09/11/1991,38.726571,38.835946,38.679696,38.726571,7836,84196
09/12/1991,38.726571,39.054696,38.710946,39.023446,11843,84831
09/13/1991,39.210946,39.398446,38.992196,39.070321,16840,87113
09/16/1991,39.179696,39.226571,39.132821,39.164071,10729,87319
09/17/1991,39.148446,39.210946,38.992196,39.195321,10725,85872
09/18/1991,39.210946,39.273446,39.132821,39.179696,12798,87893
09/19/1991,39.117196,39.226571,39.023446,39.148446,8400,83698
09/20/1991,39.164071,39.414071,39.164071,39.257821,9270,82560
09/23/1991,39.242196,39.335946,39.210946,39.320321,7799,84093
09/24/1991,39.351571,39.414071,39.226571,39.335946,7407,84601
09/25/1991,39.320321,39.445321,39.242196,39.320321,12166,85678
09/26/1991,39.335946,39.476571,39.273446,39.460946,6548,85948
09/27/1991,39.539071,39.804696,39.539071,39.757821,19013,84262
09/30/1991,39.804696,39.960946,39.789071,39.945321,9211,84307
10/01/1991,39.945321,40.117196,39.882821,40.023446,16286,85018
10/02/1991,40.007821,40.054696,39.929696,39.945321,11162,86227
10/03/1991,40.070321,40.117196,39.992196,40.054696,13183,85828
10/04/1991,40.054696,40.460946,39.960946,40.398446,17128,88145
10/07/1991,40.460946,40.507821,40.414071,40.445321,6776,89489
10/08/1991,40.382821,40.492196,40.367196,40.398446,7760,89477
10/09/1991,40.351571,40.445321,40.117196,40.164071,12329,89890
10/10/1991,40.195321,40.210946,39.851571,39.960946,15455,91747
10/11/1991,40.023446,40.476571,40.023446,40.460946,10388,93573
10/14/1991,40.460946,40.476571,40.398446,40.460946,1256,93288
10/15/1991,40.523446,40.585946,40.382821,40.523446,8373,94065
10/16/1991,40.601571,40.679696,40.539071,40.570321,11249,92093
10/17/1991,40.601571,40.632821,40.101571,40.179696,15802,91595
10/18/1991,40.023446,40.398446,39.960946,40.273446,8896,91002
10/21/1991,40.273446,40.273446,39.976571,40.039071,15365,89426
10/22/1991,39.976571,40.054696,39.773446,39.945321,25182,90782
10/23/1991,40.007821,40.070321,39.804696,39.945321,9644,89533
10/24/1991,40.039071,40.289071,40.023446,40.226571,14712,91665
10/25/1991,40.179696,40.195321,40.007821,40.023446,14652,92556
10/28/1991,39.960946,40.257821,39.898446,40.257821,6264,92854
10/29/1991,40.273446,40.820321,40.273446,40.726571,15806,92835
10/30/1991,40.804696,40.914071,40.679696,40.804696,19524,97649
10/31/1991,40.820321,40.945321,40.726571,40.914071,14260,96492
11/01/1991,40.867196,41.195321,40.804696,40.929696,14811,97235
11/04/1991,40.898446,40.976571,40.804696,40.914071,9726,96356
11/05/1991,40.945321,40.960946,40.664071,40.867196,8806,95777
11/06/1991,40.679696,41.007821,40.648446,40.914071,15394,95058
11/07/1991,40.945321,41.257821,40.914071,41.257821,22568,96900
11/08/1991,41.257821,41.398446,41.101571,41.195321,17283,98575
11/11/1991,41.117196,41.242196,41.117196,41.195321,2540,99422
11/12/1991,41.210946,41.242196,41.164071,41.242196,16648,102024
11/13/1991,41.257821,41.273446,40.773446,41.070321,30554,102443
11/14/1991,41.101571,41.320321,41.054696,41.320321,26447,102355
11/15/1991,41.351571,41.523446,41.304696,41.429696,17172,101905
11/18/1991,41.617196,41.679696,41.460946,41.554696,25872,101797
11/19/1991,41.507821,41.726571,41.445321,41.601571,28129,104383
11/20/1991,41.492196,41.570321,41.335946,41.539071,19963,107989
11/21/1991,41.554696,41.742196,41.554696,41.617196,24233,109451
11/22/1991,41.554696,41.617196,41.507821,41.507821,21745,107100
11/25/1991,41.539071,41.570321,41.429696,41.429696,30639,104236
11/26/1991,41.414071,41.726571,41.398446,41.695321,55632,113994
11/27/1991,41.585946,41.710946,41.398446,41.710946,24911,110276
11/29/1991,41.851571,41.929696,41.835946,41.929696,6873,110526
12/02/1991,41.929696,42.210946,41.929696,42.210946,17308,108632
12/03/1991,42.273446,42.460946,42.179696,42.460946,22059,108767
12/04/1991,42.445321,42.976571,42.414071,42.960946,21363,107286
12/05/1991,42.882821,42.945321,42.789071,42.835946,26961,104483
12/06/1991,42.773446,43.523446,42.710946,42.726571,28602,102243
12/09/1991,42.679696,43.148446,42.679696,43.148446,31008,103346
12/10/1991,43.117196,43.320321,43.054696,43.085946,24948,102207
12/11/1991,43.117196,43.226571,43.039071,43.054696,20897,100551
12/12/1991,43.132821,43.164071,43.023446,43.148446,15896,99882
12/13/1991,43.101571,43.117196,42.804696,42.898446,14233,99847
12/16/1991,42.945321,43.039071,42.929696,42.976571,27708,99306
12/17/1991,43.039071,43.132821,42.726571,43.039071,17209,98710
12/18/1991,43.023446,43.085946,42.835946,42.898446,17520,96455
12/19/1991,42.882821,43.289071,42.882821,43.257821,14521,92394
12/20/1991,43.242196,43.960946,43.242196,43.773446,15335,91686
12/23/1991,43.726571,44.039071,43.726571,43.867196,9479,91286
12/24/1991,43.867196,43.867196,43.726571,43.867196,3874,91875
12/26/1991,43.867196,43.945321,43.789071,43.929696,5147,92110
12/27/1991,43.945321,44.007821,43.882821,43.960946,3373,92757
12/30/1991,43.898446,44.148446,43.867196,44.148446,6961,93169
12/31/1991,44.210946,44.382821,44.179696,44.257821,6706,92611
01/02/1992,44.320321,44.335946,43.914071,44.039071,15803,92372
01/03/1992,44.039071,44.101571,43.664071,43.726571,24209,97654
01/06/1992,43.773446,43.882821,43.742196,43.851571,21076,101065
01/07/1992,43.882821,44.226571,43.851571,44.210946,15777,103573
01/08/1992,44.179696,44.335946,44.132821,44.179696,21184,105692
01/09/1992,44.195321,44.398446,43.789071,43.914071,22097,107644
01/10/1992,43.929696,43.992196,43.429696,43.570321,31587,115196
01/13/1992,43.539071,43.539071,43.023446,43.117196,26868,121498
01/14/1992,42.976571,43.023446,42.054696,42.617196,34139,126888
01/15/1992,42.585946,42.757821,42.085946,42.539071,31790,125798
01/16/1992,42.507821,42.648446,42.210946,42.273446,29210,126960
01/17/1992,42.164071,42.585946,42.164071,42.554696,20322,130166
01/20/1992,42.585946,42.835946,42.570321,42.820321,1923,129417
01/21/1992,42.867196,43.179696,42.789071,43.148446,21635,127035
01/22/1992,43.210946,43.210946,42.898446,43.148446,19981,125949
01/23/1992,43.148446,43.148446,42.820321,42.835946,19530,121357
01/24/1992,42.679696,42.757821,42.539071,42.617196,14841,117731
01/27/1992,42.648446,42.773446,42.523446,42.601571,8775,116719
01/28/1992,42.460946,43.070321,42.445321,43.023446,25364,115041
01/29/1992,43.007821,43.351571,42.507821,42.523446,37848,117797
01/30/1992,42.585946,42.804696,42.179696,42.320321,33511,117890
01/31/1992,42.398446,42.507821,42.273446,42.429696,21146,115643
02/03/1992,42.507821,42.570321,42.085946,42.195321,17850,114305
02/04/1992,42.179696,42.460946,42.179696,42.445321,14076,112121
02/05/1992,42.554696,42.710946,42.492196,42.679696,15172,110333
02/06/1992,42.757821,43.101571,42.648446,42.726571,24249,110963
02/07/1992,42.679696,43.132821,42.507821,42.742196,39298,116062
02/10/1992,42.773446,42.851571,42.648446,42.773446,15121,116537
02/11/1992,42.820321,42.867196,42.539071,42.695321,23951,120375
02/12/1992,42.585946,42.664071,42.460946,42.523446,22943,123075
02/13/1992,42.554696,42.554696,41.742196,41.945321,47550,126407
02/14/1992,41.929696,41.945321,41.398446,41.820321,25976,128379
02/18/1992,41.960946,42.148446,41.570321,41.695321,23620,131332
02/19/1992,41.617196,41.867196,41.460946,41.851571,35428,127583
02/20/1992,41.945321,41.992196,41.757821,41.882821,26653,127101
02/21/1992,41.882821,41.882821,41.414071,41.570321,30538,130946
02/24/1992,41.382821,41.554696,41.351571,41.414071,28246,129055
02/25/1992,41.382821,41.960946,41.382821,41.648446,46587,127273
02/26/1992,41.492196,42.117196,41.460946,42.101571,37483,124199
02/27/1992,42.039071,42.257821,41.945321,42.023446,37874,117650
02/28/1992,42.054696,42.476571,42.054696,42.445321,31180,117987
03/02/1992,42.460946,42.554696,41.835946,41.867196,42574,117188
03/03/1992,41.867196,41.882821,41.382821,41.757821,37924,116041
03/04/1992,41.804696,41.820321,41.570321,41.789071,34605,119389
03/05/1992,41.742196,41.773446,41.382821,41.382821,22637,116521
03/06/1992,41.335946,41.601571,40.820321,41.539071,30674,115557
03/09/1992,41.539071,41.914071,41.539071,41.898446,26237,113566
03/10/1992,41.929696,42.070321,41.820321,41.835946,27834,114477
03/11/1992,41.742196,41.804696,41.429696,41.460946,33591,125543
03/12/1992,41.429696,41.429696,40.820321,40.867196,37253,130801
03/13/1992,40.867196,41.117196,40.335946,40.398446,34011,133539
03/16/1992,40.398446,40.617196,40.304696,40.445321,30197,132334
03/17/1992,40.414071,40.789071,40.210946,40.757821,32284,132732
03/18/1992,40.789071,40.867196,40.617196,40.789071,21545,132500
03/19/1992,40.789071,41.132821,40.726571,40.976571,26060,127601
03/20/1992,41.039071,41.070321,40.617196,40.679696,16792,121530
03/23/1992,40.664071,40.757821,40.570321,40.710946,7506,121806
03/24/1992,40.726571,41.210946,40.726571,41.195321,18013,123339
03/25/1992,41.210946,41.476571,41.164071,41.335946,18060,123105
03/26/1992,41.304696,41.476571,41.179696,41.210946,18017,124818
03/27/1992,41.101571,41.382821,40.976571,41.289071,18056,126317
03/30/1992,41.382821,41.507821,41.351571,41.460946,12339,126473
03/31/1992,41.492196,41.539071,41.304696,41.507821,12836,126503
04/01/1992,41.570321,42.023446,41.445321,41.992196,17039,128458
04/02/1992,42.039071,42.070321,41.835946,41.898446,16045,126300
04/03/1992,42.007821,42.445321,41.992196,42.335946,17525,128706
04/06/1992,42.476571,42.601571,42.429696,42.492196,12673,128256
04/07/1992,42.414071,42.570321,42.351571,42.539071,15553,128241
04/08/1992,42.632821,42.898446,42.414071,42.445321,27432,130742
04/09/1992,42.492196,43.195321,42.382821,43.148446,29281,131333
04/10/1992,43.101571,43.289071,42.757821,43.007821,19282,130436
04/13/1992,43.039071,43.242196,42.976571,43.101571,0,125330
04/15/1992,43.101571,43.101571,42.898446,42.898446,6426,123298
04/16/1992,42.507821,42.648446,42.460946,42.523446,10366,130722
04/20/1992,42.320321,42.320321,41.914071,41.960946,14335,133053
04/21/1992,41.945321,42.148446,41.929696,42.070321,16463,131112
04/22/1992,42.101571,42.273446,42.101571,42.132821,17594,133219
04/23/1992,42.132821,42.179696,41.773446,41.992196,22195,135018
04/24/1992,42.085946,42.398446,42.007821,42.226571,18327,132752
04/27/1992,42.304696,42.414071,42.039071,42.039071,12155,133487
04/28/1992,42.023446,42.226571,41.789071,42.164071,15614,133101
04/29/1992,42.226571,42.289071,42.085946,42.132821,10120,135041
04/30/1992,42.054696,42.148446,41.945321,42.039071,23765,132423
05/01/1992,42.179696,42.507821,42.132821,42.476571,12803,132557
05/04/1992,42.445321,42.539071,42.335946,42.507821,12727,134470
05/05/1992,42.476571,42.601571,42.445321,42.554696,12727,134470
05/06/1992,42.679696,42.851571,42.570321,42.820321,22241,135321
05/07/1992,42.867196,42.898446,42.632821,42.664071,29338,134455
05/08/1992,42.882821,43.054696,42.414071,42.960946,42400,137666
05/11/1992,42.898446,43.164071,42.898446,43.070321,13829,138792
05/12/1992,43.101571,43.460946,43.101571,43.304696,23490,141033
05/13/1992,43.273446,43.507821,43.148446,43.414071,29070,141556
05/14/1992,43.429696,43.570321,43.289071,43.445321,34137,145290
05/15/1992,43.351571,43.679696,43.304696,43.679696,18189,140076
05/18/1992,43.570321,43.757821,43.570321,43.710946,18127,141707
05/19/1992,43.695321,44.273446,43.679696,44.242196,30161,137637
05/20/1992,44.242196,44.429696,43.898446,43.898446,37039,137066
05/21/1992,43.851571,43.851571,43.101571,43.101571,48193,133552
05/22/1992,43.132821,43.429696,43.132821,43.398446,18779,128189
05/26/1992,43.289071,43.289071,42.882821,42.960946,37538,124851
05/27/1992,42.992196,43.164071,42.992196,43.132821,66719,127942
05/28/1992,43.210946,43.492196,43.148446,43.476571,47860,128163
05/29/1992,43.570321,43.898446,43.507821,43.742196,34893,127361
06/01/1992,43.664071,43.726571,43.210946,43.382821,54381,126054
06/02/1992,43.460946,43.695321,43.289071,43.695321,48688,128865
06/03/1992,43.695321,43.789071,43.539071,43.773446,37786,130804
06/04/1992,43.757821,43.835946,43.617196,43.789071,40739,133322
06/05/1992,43.804696,44.164071,43.648446,44.023446,25951,134019
06/08/1992,44.007821,44.007821,43.898446,43.992196,15464,134580
06/09/1992,43.992196,44.085946,43.851571,43.867196,14710,136432
06/10/1992,43.882821,43.929696,43.757821,43.867196,18004,138889
06/11/1992,43.835946,44.070321,43.710946,44.054696,27769,144871
06/12/1992,44.101571,44.476571,44.039071,44.351571,29540,148675
06/15/1992,44.367196,44.492196,44.351571,44.429696,22299,149979
06/16/1992,44.445321,44.710946,44.289071,44.664071,31212,152918
06/17/1992,44.710946,44.804696,44.601571,44.773446,24657,154236
06/18/1992,44.820321,45.101571,44.789071,44.992196,24370,153168
06/19/1992,45.007821,45.039071,44.601571,44.742196,22154,137877
06/22/1992,44.726571,44.898446,44.726571,44.773446,8268,137031
06/23/1992,44.742196,44.757821,44.507821,44.523446,10310,136663
06/24/1992,44.601571,44.976571,44.601571,44.960946,17452,138765
06/25/1992,44.945321,45.367196,44.945321,45.367196,24301,137800
06/26/1992,45.367196,45.382821,45.132821,45.257821,15084,139050
06/29/1992,45.289071,45.476571,45.289071,45.445321,15970,137425
06/30/1992,45.476571,45.492196,45.304696,45.445321,18593,137926
07/01/1992,45.460946,45.601571,45.289071,45.554696,17018,137441
07/02/1992,45.601571,46.726571,45.570321,46.539071,23612,141628
07/06/1992,46.554696,46.835946,46.523446,46.804696,14435,142758
07/07/1992,46.773446,47.226571,46.773446,47.039071,17971,142094
07/08/1992,47.117196,47.226571,46.867196,46.960946,18979,141606
07/09/1992,46.976571,47.039071,46.820321,47.007821,17125,142937
07/10/1992,47.101571,47.539071,47.085946,47.101571,20203,143432
07/13/1992,47.117196,47.132821,46.914071,47.054696,12419,143201
07/14/1992,47.007821,47.320321,47.007821,47.320321,19627,145201
07/15/1992,47.492196,47.851571,47.382821,47.804696,25375,143305
07/16/1992,47.804696,47.851571,47.460946,47.757821,34119,144792
07/17/1992,47.539071,47.820321,47.539071,47.710946,17727,144497
07/20/1992,47.804696,47.945321,47.554696,47.695321,15250,144380
07/21/1992,47.664071,47.773446,47.570321,47.726571,19094,143422
07/22/1992,47.835946,47.976571,47.695321,47.960946,14542,144121
07/23/1992,47.960946,48.632821,47.929696,48.585946,29826,146717
07/24/1992,48.523446,48.570321,48.242196,48.460946,21564,147559
07/27/1992,48.414071,48.445321,48.367196,48.398446,14263,146726
07/28/1992,48.414071,48.679696,48.304696,48.632821,24766,146904
07/29/1992,48.804696,49.101571,48.554696,48.648446,32023,144744
07/30/1992,48.132821,48.507821,47.757821,47.992196,36843,144089
07/31/1992,48.164071,48.210946,47.507821,47.648446,37232,144863
08/03/1992,47.617196,47.679696,47.273446,47.664071,23754,144068
08/04/1992,47.757821,48.164071,47.726571,48.132821,19325,144909
08/05/1992,48.257821,48.460946,48.164071,48.226571,31260,145288
08/06/1992,48.382821,48.445321,48.179696,48.320321,23724,145931
08/07/1992,48.164071,49.039071,48.070321,48.898446,32295,147893
08/10/1992,48.992196,49.257821,48.992196,49.210946,13833,146164
08/11/1992,49.351571,49.414071,48.882821,49.210946,32666,148480
08/12/1992,49.242196,49.257821,48.929696,49.023446,31183,148465
08/13/1992,49.101571,49.226571,48.617196,48.648446,21940,150093
08/14/1992,48.726571,48.976571,48.617196,48.914071,19751,150285
08/17/1992,48.867196,48.929696,48.726571,48.882821,16038,153330
08/18/1992,49.101571,49.539071,49.070321,49.382821,29858,153243
08/19/1992,49.367196,49.523446,49.289071,49.507821,16640,153363
08/20/1992,49.507821,49.585946,49.398446,49.570321,27232,147949
08/21/1992,49.664071,49.835946,48.945321,49.085946,31902,136643
08/24/1992,48.789071,48.789071,48.367196,48.382821,29995,134107
08/25/1992,48.210946,48.554696,48.210946,48.242196,46510,134122
08/26/1992,48.226571,48.460946,48.226571,48.460946,18911,131915
08/27/1992,48.695321,48.757821,48.476571,48.710946,45696,130911
08/28/1992,48.945321,48.992196,48.757821,48.929696,33627,130697
08/31/1992,48.929696,49.023446,48.867196,49.007821,15162,129417
09/01/1992,49.039071,49.351571,48.992196,49.320321,21500,129005
09/02/1992,49.398446,49.570321,49.351571,49.429696,39278,128084
09/03/1992,49.460946,49.476571,49.273446,49.445321,40895,129887
09/04/1992,49.570321,50.570321,49.539071,50.429696,41447,127879
09/08/1992,50.632821,50.867196,50.632821,50.867196,34743,126118
09/09/1992,50.757821,50.820321,50.601571,50.632821,31590,124829
09/10/1992,50.554696,50.601571,50.367196,50.601571,33201,122473
09/11/1992,50.664071,50.851571,50.210946,50.273446,22467,122905
09/14/1992,50.617196,50.648446,50.382821,50.585946,29684,122172
09/15/1992,50.539071,50.585946,50.023446,50.117196,42399,124755
09/16/1992,50.132821,50.320321,49.804696,50.117196,34759,122796
09/17/1992,50.179696,50.226571,50.023446,50.101571,29289,124470
09/18/1992,50.039071,50.148446,49.914071,50.132821,24261,127146
09/21/1992,49.820321,50.007821,49.726571,49.992196,11897,118746
09/22/1992,49.726571,49.898446,49.570321,49.726571,24309,125127
09/23/1992,49.601571,49.851571,49.507821,49.554696,22987,125613
09/24/1992,49.726571,49.960946,49.695321,49.945321,12829,125328
09/25/1992,50.382821,50.554696,49.914071,50.507821,27504,126874
09/28/1992,50.523446,50.820321,50.460946,50.789071,13259,124282
09/29/1992,50.742196,50.742196,50.554696,50.664071,20006,124338
09/30/1992,50.570321,50.679696,50.523446,50.617196,16403,123267
10/01/1992,50.726571,51.320321,50.726571,51.226571,34265,124486
10/02/1992,51.070321,51.242196,50.289071,51.164071,25650,121755
10/05/1992,51.164071,51.726571,51.164071,51.351571,21129,119282
10/06/1992,51.382821,51.398446,50.992196,51.039071,16922,118515
10/07/1992,50.976571,50.976571,50.132821,50.210946,27600,119442
10/08/1992,50.398446,50.632821,50.257821,50.507821,738,118180
10/09/1992,50.164071,50.320321,49.882821,49.929696,23160,120567
10/12/1992,50.039071,50.195321,49.976571,49.976571,3596,119940
10/13/1992,50.101571,50.242196,50.007821,50.023446,18345,122116
10/14/1992,49.804696,50.132821,49.632821,50.023446,25451,122672
10/15/1992,50.210946,50.523446,49.914071,49.992196,23428,122849
10/16/1992,49.929696,50.070321,49.710946,49.820321,19994,123058
10/19/1992,49.601571,49.617196,49.242196,49.289071,24117,123757
10/20/1992,49.070321,49.070321,48.320321,48.398446,42283,124695
10/21/1992,48.507821,48.882821,48.179696,48.773446,32706,121737
10/22/1992,48.914071,49.226571,48.398446,48.976571,32563,120430
10/23/1992,48.882821,48.929696,48.398446,48.507821,24023,123425
10/26/1992,48.320321,48.460946,48.164071,48.445321,18195,123490
10/27/1992,48.460946,48.960946,48.320321,48.835946,29416,126851
10/28/1992,48.882821,49.007821,48.757821,48.789071,22582,124487
10/29/1992,48.976571,49.070321,48.882821,48.945321,23714,122230
10/30/1992,49.070321,49.101571,48.414071,48.476571,20954,122533
11/02/1992,48.351571,48.351571,47.914071,48.070321,23697,123034
11/03/1992,47.976571,48.445321,47.835946,48.179696,23549,121743
11/04/1992,48.601571,48.601571,48.039071,48.132821,26032,125908
11/05/1992,48.242196,48.445321,48.101571,48.242196,20356,126394
11/06/1992,48.164071,48.507821,47.820321,47.835946,23442,128338
11/09/1992,47.820321,47.835946,47.539071,47.601571,22282,128744
11/10/1992,47.664071,48.070321,47.632821,47.992196,26452,125856
11/11/1992,48.148446,48.289071,48.132821,48.273446,3122,124956
11/12/1992,48.320321,48.539071,48.085946,48.492196,28966,123894
11/13/1992,48.351571,48.554696,47.851571,48.101571,35687,122268
11/16/1992,47.820321,47.820321,47.445321,47.507821,34856,126426
11/17/1992,47.695321,47.882821,47.507821,47.664071,42326,129327
11/18/1992,47.914071,48.148446,47.835946,48.101571,35942,134043
11/19/1992,48.054696,48.226571,47.929696,47.992196,37013,132311
11/20/1992,47.804696,47.976571,47.742196,47.835946,30512,141492
11/23/1992,47.679696,47.789071,47.601571,47.789071,26215,138831
11/24/1992,47.648446,48.101571,47.554696,48.101571,71088,135159
11/25/1992,48.007821,48.101571,47.726571,47.804696,49234,134113
11/27/1992,47.835946,47.882821,47.335946,47.335946,22066,133044
11/30/1992,47.382821,47.382821,47.085946,47.335946,59101,135098
12/01/1992,47.304696,47.507821,47.242196,47.367196,54532,137029
12/02/1992,47.335946,47.382821,47.148446,47.351571,69764,130813
12/03/1992,47.398446,47.523446,47.335946,47.507821,33315,130569
12/04/1992,47.523446,48.039071,47.195321,48.039071,44146,130448
12/07/1992,48.070321,48.445321,48.023446,48.273446,44976,127509
12/08/1992,48.320321,48.570321,48.226571,48.570321,29547,123775
12/09/1992,48.460946,48.554696,48.304696,48.460946,21790,123530
12/10/1992,48.320321,48.429696,48.117196,48.335946,30799,123773
12/11/1992,48.414071,48.429696,48.023446,48.101571,28902,126092
12/14/1992,48.101571,48.132821,47.835946,47.898446,28786,126171
12/15/1992,47.898446,48.117196,47.867196,48.054696,19435,124948
12/16/1992,48.070321,48.382821,48.070321,48.304696,27454,128060
12/17/1992,48.351571,48.414071,47.992196,48.242196,28225,127823
12/18/1992,48.289071,48.367196,48.117196,48.367196,14025,125622
12/21/1992,48.335946,48.570321,48.335946,48.507821,10116,118770
12/22/1992,48.429696,48.773446,48.398446,48.757821,20984,120963
12/23/1992,48.789071,48.835946,48.507821,48.617196,15548,122255
12/24/1992,48.554696,48.648446,48.492196,48.617196,2145,122465
12/28/1992,48.460946,48.539071,48.445321,48.507821,3733,122972
12/29/1992,48.445321,48.726571,48.367196,48.601571,8660,122378
12/30/1992,48.710946,48.804696,48.617196,48.757821,16397,127687
12/31/1992,48.773446,48.773446,48.460946,48.554696,6036,129061
01/04/1993,48.570321,49.210946,48.570321,49.195321,21788,128260
01/05/1993,49.195321,49.304696,49.070321,49.210946,25312,131203
01/06/1993,49.148446,49.195321,48.945321,49.101571,21346,131827
01/07/1993,49.039071,49.039071,48.570321,48.585946,38423,135864
01/08/1993,48.476571,49.023446,48.460946,49.007821,39185,139528
01/11/1993,49.039071,49.351571,49.023446,49.289071,21919,139651
01/12/1993,49.367196,49.523446,49.117196,49.210946,27504,141364
01/13/1993,49.257821,49.367196,49.148446,49.367196,22703,141520
01/14/1993,49.398446,49.742196,49.367196,49.664071,33860,141985
01/15/1993,49.804696,50.117196,49.789071,50.070321,35560,138708
01/18/1993,50.023446,50.117196,50.023446,50.085946,2510,137934
01/19/1993,50.148446,50.242196,49.789071,50.023446,31774,139042
01/20/1993,49.867196,50.023446,49.726571,49.851571,21929,140597
01/21/1993,49.835946,50.007821,49.710946,50.007821,24023,140178
01/22/1993,50.054696,50.351571,50.023446,50.304696,27498,141623
01/25/1993,50.492196,50.632821,50.429696,50.617196,17761,142515
01/26/1993,50.679696,50.835946,50.460946,50.460946,32493,142948
01/27/1993,50.414071,50.867196,50.398446,50.726571,25874,145940
01/28/1993,50.789071,51.164071,50.726571,51.085946,36791,143291
01/29/1993,51.148446,51.429696,50.929696,51.289071,25765,140171
02/01/1993,51.273446,51.398446,51.117196,51.351571,17361,139983
02/02/1993,51.085946,51.179696,50.976571,51.070321,16686,140032
02/03/1993,50.992196,51.054696,50.945321,51.007821,17355,140074
02/04/1993,51.195321,51.367196,51.179696,51.304696,28355,142315
02/05/1993,51.351571,51.898446,51.148446,51.882821,37486,143030
02/08/1993,51.648446,51.757821,51.539071,51.554696,25903,142091
02/09/1993,51.398446,51.460946,51.289071,51.304696,34273,148112
02/10/1993,51.242196,51.414071,50.867196,50.929696,35249,149200
02/11/1993,50.945321,51.273446,50.898446,51.179696,28087,149345
02/12/1993,51.273446,51.429696,50.992196,51.273446,20362,150943
02/16/1993,51.398446,51.742196,51.367196,51.523446,41540,157793
02/17/1993,51.585946,51.914071,51.585946,51.898446,43469,160408
02/18/1993,52.242196,52.773446,52.054696,52.585946,63683,163877
02/19/1993,52.710946,52.742196,52.320321,52.570321,43083,161067
02/22/1993,52.289071,52.726571,52.210946,52.695321,31946,160046
02/23/1993,52.773446,53.507821,52.664071,53.429696,68669,158456
02/24/1993,53.382821,53.476571,53.023446,53.054696,40325,152358
02/25/1993,53.007821,53.289071,52.835946,52.882821,39855,150995
02/26/1993,52.726571,53.101571,52.726571,53.023446,33507,148308
03/01/1993,53.195321,53.476571,53.148446,53.429696,44100,148316
03/02/1993,53.460946,53.523446,53.304696,53.414071,50725,147073
03/03/1993,53.476571,53.898446,53.039071,53.804696,77861,137594
03/04/1993,53.882821,54.507821,53.882821,53.976571,78225,135728
03/05/1993,54.039071,54.164071,52.382821,53.414071,77888,150894
03/08/1993,53.789071,54.351571,53.039071,53.304696,47371,149470
03/09/1993,52.882821,53.304696,52.789071,52.976571,52548,147573
03/10/1993,53.039071,53.164071,52.757821,52.804696,37037,148332
03/11/1993,52.914071,53.132821,52.882821,52.945321,23833,151868
03/12/1993,52.757821,52.804696,52.148446,52.273446,49513,149794
03/15/1993,52.445321,52.554696,51.976571,52.101571,31628,153425
03/16/1993,52.289071,52.757821,52.257821,52.695321,29815,154188
03/17/1993,52.648446,53.039071,52.289071,52.976571,25313,154426
03/18/1993,53.195321,53.492196,53.179696,53.460946,34740,157722
03/19/1993,53.617196,53.773446,53.085946,53.242196,30380,161266
03/22/1993,53.132821,53.351571,53.039071,53.304696,24384,159876
03/23/1993,53.414071,53.617196,53.414071,53.570321,24480,150370
03/24/1993,53.476571,53.523446,53.320321,53.351571,24160,149023
03/25/1993,53.226571,53.367196,53.117196,53.273446,19471,148649
03/26/1993,52.945321,53.054696,52.726571,52.742196,24244,149770
03/29/1993,52.742196,53.007821,52.695321,52.945321,19536,149953
03/30/1993,53.226571,53.476571,53.101571,53.226571,27014,150729
03/31/1993,53.367196,53.429696,53.117196,53.132821,26081,150634
04/01/1993,53.195321,53.398446,53.132821,53.148446,23860,149809
04/02/1993,53.257821,53.820321,52.757821,52.804696,36111,155995
04/05/1993,52.882821,53.085946,52.835946,53.070321,15926,155426
04/06/1993,52.945321,53.289071,52.882821,53.242196,18442,155493
04/07/1993,53.320321,53.492196,53.226571,53.320321,25467,155022
04/08/1993,53.320321,53.882821,53.273446,53.835946,18483,151107
04/12/1993,54.195321,54.289071,53.960946,54.039071,24266,152601
04/13/1993,54.195321,54.414071,53.820321,54.007821,33320,154810
04/14/1993,54.320321,54.335946,54.070321,54.148446,17519,156459
04/15/1993,54.085946,54.257821,53.976571,54.210946,16723,157334
04/16/1993,54.304696,54.335946,54.054696,54.148446,17448,159877
04/19/1993,54.101571,54.242196,54.023446,54.226571,12845,159491
04/20/1993,54.195321,54.273446,54.117196,54.257821,13365,160443
04/21/1993,54.273446,54.398446,54.195321,54.398446,16334,162625
04/22/1993,54.320321,54.554696,54.195321,54.539071,25171,164634
04/23/1993,54.492196,54.757821,54.367196,54.382821,28975,167088
04/26/1993,54.304696,54.335946,54.210946,54.257821,13253,163165
04/27/1993,54.007821,54.132821,53.835946,53.882821,23485,162138
04/28/1993,53.851571,53.960946,53.773446,53.867196,21449,160199
04/29/1993,54.195321,54.210946,53.726571,54.210946,22193,162301
04/30/1993,54.289071,54.398446,53.976571,54.085946,19106,164731
05/03/1993,54.179696,54.539071,54.179696,54.476571,20497,165977
05/04/1993,54.539071,54.695321,54.460946,54.570321,28149,164579
05/05/1993,54.585946,54.695321,54.382821,54.445321,19648,164896
05/06/1993,54.507821,54.664071,54.460946,54.648446,23075,169348
05/07/1993,54.648446,54.820321,54.539071,54.617196,29901,171598
05/10/1993,54.585946,54.726571,54.523446,54.710946,12471,171381
05/11/1993,54.632821,54.742196,54.617196,54.710946,19694,169972
05/12/1993,54.773446,54.773446,54.476571,54.601571,30509,170105
05/13/1993,54.617196,54.648446,54.164071,54.289071,42174,167799
05/14/1993,54.242196,54.257821,53.914071,54.101571,44301,170434
05/17/1993,53.898446,54.023446,53.664071,53.710946,42565,179217
05/18/1993,53.851571,53.929696,53.523446,53.585946,46835,181021
05/19/1993,53.570321,53.835946,53.476571,53.804696,34508,181960
05/20/1993,53.835946,53.976571,53.742196,53.851571,33866,179440
05/21/1993,53.695321,53.710946,53.445321,53.570321,40209,176058
05/24/1993,53.289071,53.570321,53.289071,53.445321,58563,168676
05/25/1993,53.476571,53.632821,53.398446,53.414071,59492,161879
05/26/1993,53.351571,53.585946,53.320321,53.570321,48111,157711
05/27/1993,53.789071,53.820321,53.367196,53.476571,66233,157947
05/28/1993,53.398446,53.664071,53.289071,53.367196,49993,154693
06/01/1993,53.539071,54.851571,53.539071,53.851571,35679,154897
06/02/1993,53.882821,53.945321,53.726571,53.914071,70209,150560
06/03/1993,53.929696,54.164071,53.898446,54.164071,39017,150834
06/04/1993,54.101571,54.289071,53.257821,53.507821,91379,157301
06/07/1993,53.601571,53.710946,53.554696,53.664071,28504,156593
06/08/1993,53.664071,53.726571,53.507821,53.523446,29755,155523
06/09/1993,53.601571,53.726571,53.570321,53.664071,30813,156835
06/10/1993,53.632821,53.726571,53.617196,53.648446,24844,154557
06/11/1993,53.632821,54.320321,53.585946,54.257821,61823,153039
06/14/1993,54.226571,54.492196,54.226571,54.320321,33386,152522
06/15/1993,54.257821,54.554696,54.226571,54.429696,49311,153548
06/16/1993,54.367196,54.476571,54.289071,54.476571,31320,153610
06/17/1993,54.554696,54.617196,54.476571,54.570321,25259,151283
06/18/1993,54.382821,54.382821,54.210946,54.351571,29585,154163
06/21/1993,54.367196,54.539071,54.320321,54.507821,17470,147596
06/22/1993,54.429696,54.585946,54.398446,54.523446,17967,147734
06/23/1993,54.257821,54.539071,54.257821,54.476571,24947,147390
06/24/1993,54.585946,54.789071,54.570321,54.695321,19821,144580
06/25/1993,54.820321,54.945321,54.710946,54.898446,26014,145963
06/28/1993,55.101571,55.164071,54.101571,55.148446,20110,148180
06/29/1993,55.195321,55.351571,55.148446,55.273446,22852,147195
06/30/1993,55.289071,55.289071,55.039071,55.210946,17029,146898
07/01/1993,55.273446,55.382821,55.195321,55.273446,18224,148084
07/02/1993,55.242196,55.664071,55.226571,55.554696,23248,153337
07/06/1993,55.664071,55.679696,55.273446,55.273446,18241,151338
07/07/1993,55.226571,55.367196,55.148446,55.257821,21914,153557
07/08/1993,55.226571,55.429696,55.117196,55.398446,22602,154317
07/09/1993,55.492196,55.539071,55.367196,55.539071,15215,154267
07/12/1993,55.601571,55.632821,55.554696,55.585946,11448,152979
07/13/1993,55.570321,55.585946,55.367196,55.445321,16211,153447
07/14/1993,55.429696,55.757821,55.367196,55.695321,19217,154791
07/15/1993,55.679696,55.726571,55.601571,55.648446,18945,152637
07/16/1993,55.617196,55.820321,55.554696,55.679696,20923,153995
07/19/1993,55.695321,55.695321,55.539071,55.648446,11568,153746
07/20/1993,55.507821,55.570321,55.226571,55.320321,36209,152768
07/21/1993,55.179696,55.257821,54.820321,54.929696,46417,150325
07/22/1993,54.914071,55.039071,54.476571,54.507821,48718,150780
07/23/1993,54.601571,54.648446,54.242196,54.445321,47850,153435
07/26/1993,54.585946,54.617196,54.445321,54.570321,18112,153826
07/27/1993,54.617196,54.632821,54.414071,54.523446,12894,153131
07/28/1993,54.460946,54.710946,54.351571,54.664071,25398,153552
07/29/1993,54.742196,55.210946,54.726571,55.179696,29792,149930
07/30/1993,55.210946,55.210946,54.960946,55.054696,19531,149488
08/02/1993,55.085946,55.085946,54.773446,54.851571,24303,151129
08/03/1993,54.882821,55.039071,54.820321,54.929696,24169,153675
08/04/1993,54.898446,54.945321,54.820321,54.835946,29068,157981
08/05/1993,54.804696,55.164071,54.742196,54.960946,29184,159152
08/06/1993,54.960946,55.179696,54.851571,55.117196,40018,158155
08/09/1993,55.195321,55.351571,55.164071,55.304696,21645,160294
08/10/1993,55.304696,55.335946,55.164071,55.195321,22637,158585
08/11/1993,55.148446,55.320321,55.117196,55.242196,21974,159360
08/12/1993,55.273446,55.460946,55.210946,55.257821,28472,160806
08/13/1993,55.179696,55.601571,55.148446,55.539071,24561,160944
08/16/1993,55.617196,55.851571,55.523446,55.726571,30947,160953
08/17/1993,55.789071,55.789071,55.585946,55.617196,27825,164143
08/18/1993,55.648446,55.773446,55.632821,55.757821,14148,165489
08/19/1993,55.835946,56.195321,55.835946,56.101571,47273,164691
08/20/1993,56.101571,56.289071,55.976571,56.164071,25958,162940
08/23/1993,56.164071,56.164071,56.101571,56.132821,21824,167981
08/24/1993,56.117196,56.539071,56.117196,56.539071,39444,163750
08/25/1993,56.601571,56.820321,56.507821,56.726571,45830,165053
08/26/1993,56.882821,57.023446,56.789071,57.023446,42886,159327
08/27/1993,56.945321,56.976571,56.773446,56.867196,28852,157862
08/30/1993,56.851571,57.117196,56.789071,57.054696,40600,156806
08/31/1993,57.148446,57.164071,56.695321,56.914071,74326,156621
09/01/1993,56.851571,57.054696,56.757821,56.929696,54400,155528
09/02/1993,56.960946,57.195321,56.929696,57.148446,61362,150368
09/03/1993,57.164071,57.757821,57.148446,57.726571,71979,153523
09/07/1993,57.617196,58.007821,57.617196,57.992196,43767,152767
09/08/1993,57.804696,57.945321,57.742196,57.789071,60153,158114
09/09/1993,57.742196,57.742196,57.179696,57.195321,45996,159001
09/10/1993,57.023446,57.617196,56.976571,57.570321,37139,162594
09/13/1993,57.632821,57.757821,57.554696,57.570321,23308,162575
09/14/1993,57.429696,57.523446,57.007821,57.023446,42022,166063
09/15/1993,56.945321,57.132821,56.617196,57.132821,41871,168490
09/16/1993,57.132821,57.257821,57.007821,57.179696,25108,166582
09/17/1993,56.914071,57.273446,56.851571,57.148446,25567,166064
09/20/1993,57.132821,57.148446,56.960946,56.960946,13710,166442
09/21/1993,56.867196,57.148446,56.726571,56.960946,31412,167519
09/22/1993,56.882821,57.164071,56.882821,57.101571,44080,165284
09/23/1993,57.289071,57.398446,57.054696,57.101571,26694,158188
09/24/1993,57.101571,57.226571,57.007821,57.148446,15922,157527
09/27/1993,57.476571,57.742196,57.429696,57.726571,21883,156491
09/28/1993,57.757821,57.867196,57.664071,57.804696,20989,153102
09/29/1993,57.695321,57.773446,57.445321,57.445321,17348,152311
09/30/1993,57.398446,57.398446,57.132821,57.226571,23337,150308
10/01/1993,57.273446,57.632821,57.101571,57.585946,24835,149748
10/04/1993,57.539071,57.695321,57.539071,57.664071,13850,148835
10/05/1993,57.679696,57.742196,57.523446,57.554696,13543,150006
10/06/1993,57.539071,57.679696,57.445321,57.648446,13083,149471
10/07/1993,57.695321,57.789071,57.664071,57.710946,22044,146944
10/08/1993,57.617196,58.164071,57.617196,58.117196,33271,145202
10/11/1993,58.101571,58.117196,57.945321,57.976571,2193,145651
10/12/1993,58.054696,58.179696,57.960946,57.976571,18349,144478
10/13/1993,57.960946,58.007821,57.882821,57.929696,14003,146241
10/14/1993,57.882821,58.164071,57.867196,58.148446,19038,146866
10/15/1993,58.148446,58.382821,58.132821,58.273446,18933,147370
10/18/1993,58.210946,58.257821,57.851571,57.867196,22146,152459
10/19/1993,57.867196,57.976571,57.695321,57.882821,25731,155822
10/20/1993,58.007821,58.023446,57.945321,58.007821,14894,157832
10/21/1993,57.945321,57.992201,57.585946,57.617196,32646,162779
10/22/1993,57.632821,57.742196,57.320321,57.335946,29083,164709
10/25/1993,57.289071,57.398446,57.085946,57.195321,36038,165386
10/26/1993,57.289071,57.414071,57.132821,57.382821,24927,166733
10/27/1993,57.429696,57.507821,57.117196,57.242196,25586,166046
10/28/1993,57.070321,57.257821,56.835946,57.257821,42804,164201
10/29/1993,57.335946,57.367196,57.132821,57.148446,22620,167761
11/01/1993,56.976571,56.976571,56.601571,56.617196,31724,168698
11/02/1993,56.335946,56.507821,55.992196,56.304696,66301,169939
11/03/1993,56.429696,56.460946,56.226571,56.429696,41419,169520
11/04/1993,56.476571,56.554696,56.242196,56.289071,34126,173378
11/05/1993,56.273446,56.367196,55.773446,55.960946,53252,177510
11/08/1993,56.039071,56.335946,56.023446,56.320321,27647,178251
11/09/1993,56.414071,56.945321,56.382821,56.476571,55269,176813
11/10/1993,56.570321,56.679696,56.195321,56.242196,44782,181158
11/11/1993,56.210946,56.226571,56.039071,56.054696,4180,182300
11/12/1993,55.976571,56.507821,55.882821,56.507821,37035,187939
11/15/1993,56.507821,56.570321,56.429696,56.507821,27410,187185
11/16/1993,56.664071,56.835946,56.539071,56.695321,37627,182752
11/17/1993,56.726571,56.882821,56.632821,56.664071,35009,179914
11/18/1993,56.554696,56.554696,56.289071,56.335946,33690,178649
11/19/1993,56.132821,56.164071,55.914071,55.992196,45429,187561
11/22/1993,55.867196,56.085946,55.773446,55.789071,58936,184879
11/23/1993,55.773446,56.117196,55.773446,56.085946,56716,191388
11/24/1993,56.007821,56.257821,55.960946,56.070321,34838,189315
11/26/1993,56.335946,56.398446,56.242196,56.382821,12522,188772
11/29/1993,56.476571,56.601571,56.320321,56.335946,80317,185614
11/30/1993,56.195321,56.570321,55.835946,56.039071,84696,189799
12/01/1993,56.039071,56.210946,55.960946,56.195321,107159,192814
12/02/1993,56.226571,56.273446,56.054696,56.179696,41421,185407
12/03/1993,56.148446,56.242196,55.742196,56.101571,66634,194645
12/06/1993,56.414071,56.523446,56.289071,56.523446,35084,194436
12/07/1993,56.492196,56.570321,56.273446,56.460946,38898,197951
12/08/1993,56.476571,56.507821,56.335946,56.492196,57886,205505
12/09/1993,56.617196,56.679696,56.148446,56.585946,47956,208128
12/10/1993,56.664071,56.742196,56.304696,56.335946,41836,215709
12/13/1993,56.164071,56.257821,56.085946,56.210946,26588,215860
12/14/1993,56.242196,56.351571,56.007821,56.085946,38188,219572
12/15/1993,56.164071,56.210946,56.054696,56.101571,31810,219157
12/16/1993,56.117196,56.195321,56.054696,56.101571,33766,220709
12/17/1993,56.273446,56.335946,56.210946,56.304696,22092,215641
12/20/1993,56.242196,56.242196,56.148446,56.148446,12552,217967
12/21/1993,56.085946,56.117196,55.976571,56.101571,25488,215470
12/22/1993,56.101571,56.632821,56.101571,56.617196,23784,200367
12/23/1993,56.554696,56.804696,56.492196,56.742196,19516,196744
12/27/1993,56.773446,56.789071,56.664071,56.695321,5781,196109
12/28/1993,56.664071,56.726571,56.554696,56.726571,9630,196381
12/29/1993,56.742196,56.757821,56.585946,56.601571,8664,196191
12/30/1993,56.570321,56.585946,56.273446,56.273446,10553,196562
12/31/1993,56.273446,56.335946,56.164071,56.226571,6937,198468
01/03/1994,56.210946,56.210946,55.773446,55.835946,37237,203144
01/04/1994,55.820321,56.054696,55.820321,56.039071,32295,206272
01/05/1994,56.148446,56.148446,55.945321,55.976571,25592,207536
01/06/1994,56.132821,56.398446,56.132821,56.273446,43519,207680
01/07/1994,56.273446,57.210946,56.242196,57.179696,67960,202591
01/10/1994,57.117196,57.304696,57.054696,57.257821,32878,197591
01/11/1994,57.273446,57.351571,57.164071,57.289071,16926,198273
01/12/1994,57.398446,57.554696,57.367196,57.492196,43276,200646
01/13/1994,57.382821,57.398446,56.960946,56.976571,44458,201425
01/14/1994,56.976571,57.054696,56.585946,56.742196,41056,201115
01/17/1994,56.757821,56.757821,56.679696,56.695321,4078,200911
01/18/1994,56.882821,57.023446,56.789071,56.992196,23554,201259
01/19/1994,57.023446,57.054696,56.898446,57.023446,22639,202516
01/20/1994,57.007821,57.320321,56.929696,57.320321,31792,203474
01/21/1994,57.351571,57.351571,57.148446,57.242196,27200,199840
01/24/1994,57.164071,57.398446,57.132821,57.210946,26764,199592
01/25/1994,57.101571,57.210946,57.023446,57.101571,29715,195212
01/26/1994,57.039071,57.195321,56.976571,57.148446,36555,193174
01/27/1994,57.335946,57.351571,57.179696,57.335946,31852,195159
01/28/1994,57.242196,57.710946,57.226571,57.523446,39536,199040
01/31/1994,57.445321,57.539071,57.289071,57.414071,32091,200622
02/01/1994,57.289071,57.304696,56.992196,57.085946,40186,200514
02/02/1994,57.101571,57.164071,56.960946,57.101571,32863,200635
02/03/1994,57.007821,57.023446,56.539071,56.757821,66939,202729
02/04/1994,56.773446,57.523446,56.007821,56.054696,110255,206616
02/07/1994,56.054696,56.179696,55.742196,55.945321,65107,203529
02/08/1994,55.804696,55.898446,55.726571,55.804696,49853,205203
02/09/1994,55.757821,56.039071,55.757821,56.039071,40049,200686
02/10/1994,56.101571,56.164071,55.929696,55.945321,52268,201515
02/11/1994,55.804696,56.179696,55.679696,56.054696,48296,207318
02/14/1994,56.054696,56.148446,55.960946,55.992196,31664,209698
02/15/1994,56.007821,56.164071,55.945321,56.023446,41904,214745
02/16/1994,56.054696,56.070321,55.992196,56.007821,36529,213699
02/17/1994,55.960946,56.335946,55.570321,55.570321,90989,222262
02/18/1994,55.617196,55.679696,55.164071,55.304696,50848,241180
02/22/1994,55.382821,55.523446,55.289071,55.476571,66700,220390
02/23/1994,55.445321,55.476571,55.085946,55.085946,81975,226727
02/24/1994,54.929696,55.257821,54.804696,54.835946,132802,222832
02/25/1994,55.054696,55.101571,54.804696,54.851571,70153,225069
02/28/1994,55.007821,55.210946,54.945321,55.132821,115360,222356
03/01/1994,55.117196,55.148446,54.367196,54.492196,98489,236584
03/02/1994,54.273446,54.664071,54.132821,54.492196,111261,219273
03/03/1994,54.617196,54.648446,54.210946,54.289071,88750,213634
03/04/1994,54.242196,54.398446,53.820321,54.179696,91769,212603
03/07/1994,54.367196,54.523446,54.351571,54.367196,42586,210036
03/08/1994,54.570321,54.570321,54.085946,54.101571,61879,202109
03/09/1994,54.023446,54.132821,53.773446,54.070321,63310,199344
03/10/1994,54.148446,54.179696,53.585946,53.695321,42512,201295
03/11/1994,53.632821,53.898446,53.523446,53.835946,50385,202290
03/14/1994,53.882821,53.898446,53.507821,53.664071,42030,203037
03/15/1994,53.554696,53.898446,53.539071,53.757821,50523,205134
03/16/1994,53.914071,54.070321,53.804696,54.054696,47790,204021
03/17/1994,54.085946,54.257821,53.882821,53.945321,71245,203311
03/18/1994,53.726571,53.757821,53.429696,53.523446,63042,201670
03/21/1994,53.382821,53.429696,53.195321,53.320321,36996,197936
03/22/1994,53.289071,53.851571,53.257821,53.804696,45397,194295
03/23/1994,53.867196,53.992196,53.773446,53.882821,28710,172876
03/24/1994,53.570321,53.585946,53.117196,53.273446,41585,171898
03/25/1994,53.335946,53.382821,53.117196,53.179696,30465,173708
03/28/1994,53.242196,53.320321,52.992196,53.148446,24448,174096
03/29/1994,53.085946,53.101571,52.648446,52.757821,41551,173011
03/30/1994,52.773446,52.945321,52.507821,52.507821,59891,174984
03/31/1994,52.632821,52.742196,52.257821,52.523446,47749,176737
04/01/1994,52.679696,52.742196,51.648446,51.664071,26498,180114
04/04/1994,51.732196,51.898446,50.773446,51.867196,55801,181266
04/05/1994,51.179696,51.742196,50.867196,51.632821,67003,178391
04/06/1994,52.023446,52.039071,51.335946,51.820321,52392,179151
04/07/1994,51.898446,52.023446,51.710946,51.976571,36778,178766
04/08/1994,51.898446,51.929696,51.523446,51.617196,27218,180984
04/11/1994,51.648446,51.726571,51.429696,51.679696,18011,179783
04/12/1994,51.742196,52.007821,51.679696,51.992196,30150,182195
04/13/1994,51.851571,52.242196,51.601571,51.664071,52691,185049
04/14/1994,51.539071,51.664071,51.351571,51.554696,42051,190530
04/15/1994,51.304696,51.710946,51.289071,51.648446,51193,187831
04/18/1994,51.664071,51.664071,50.679696,50.804696,58010,191377
04/19/1994,50.601571,50.976571,50.570321,50.960946,50214,187284
04/20/1994,50.914071,51.179696,50.804696,51.148446,48328,190655
04/21/1994,51.289071,51.820321,51.179696,51.742196,57964,190788
04/22/1994,51.648446,51.914071,51.445321,51.601571,46710,190266
04/25/1994,51.539071,51.929696,51.476571,51.929696,25042,189408
04/26/1994,51.851571,52.132821,51.742196,51.929696,42851,186377
04/28/1994,52.054696,52.226571,51.085946,51.164071,68440,183611
04/29/1994,51.210946,51.320321,50.882821,51.226571,51349,187853
05/02/1994,51.179696,51.210946,50.804696,51.039071,33500,186460
05/03/1994,50.898446,51.054696,50.726571,50.867196,49022,184160
05/04/1994,50.976571,51.101571,50.507821,50.789071,58608,187437
05/05/1994,50.898446,51.023446,50.835946,50.929696,40989,191720
05/06/1994,50.835946,50.929696,49.867196,49.882821,87399,199882
05/09/1994,49.710946,49.789071,49.289071,49.367196,48730,196844
05/10/1994,49.757821,50.117196,49.601571,50.007821,62023,193709
05/11/1994,50.117196,50.164071,49.414071,49.679696,60267,195169
05/12/1994,49.460946,50.304696,49.460946,49.835946,57118,196555
05/13/1994,50.085946,50.476571,49.867196,50.289071,59060,197994
05/16/1994,50.320321,50.648446,50.273446,50.492196,39747,199361
05/17/1994,50.507821,51.210946,50.367196,51.164071,49804,203830
05/18/1994,51.460946,51.554696,51.195321,51.507821,58444,194046
05/19/1994,51.429696,52.039071,51.335946,51.960946,53359,191521
05/20/1994,51.898446,51.898446,51.585946,51.742196,47850,188248
05/23/1994,51.523446,51.523446,50.914071,50.929696,54038,183816
05/24/1994,50.914071,51.226571,50.914071,51.039071,56908,189058
05/25/1994,50.882821,51.132821,50.773446,51.085946,73423,188422
05/26/1994,51.257821,51.382821,51.195321,51.257821,55694,188936
05/27/1994,51.367196,51.367196,50.679696,51.054696,71126,188413
05/31/1994,50.882821,50.898446,50.648446,50.820321,77477,195846
06/01/1994,50.757821,51.007821,50.476571,50.992196,71420,195472
06/02/1994,51.070321,51.335946,51.054696,51.304696,59354,199558
06/03/1994,51.539071,51.976571,50.867196,51.742196,102857,199960
06/06/1994,51.976571,52.257821,51.976571,52.164071,54929,199405
06/07/1994,51.976571,52.164071,51.914071,51.992196,52370,197768
06/08/1994,52.351571,52.382821,51.976571,51.992196,60984,197905
06/09/1994,52.054696,52.070321,51.882821,52.007821,43351,193130
06/10/1994,52.023446,52.289071,51.617196,51.710946,50518,197269
06/13/1994,51.570321,51.617196,51.414071,51.492196,45618,190699
06/14/1994,51.460946,51.976571,51.445321,51.898446,60662,190522
06/15/1994,52.054696,52.117196,51.460946,51.492196,68036,189947
06/16/1994,51.476571,51.632821,51.242196,51.617196,50549,187737
06/17/1994,51.773446,51.820321,51.289071,51.398446,53709,184434
06/20/1994,51.164071,51.398446,51.085946,51.257821,31673,180324
06/21/1994,51.195321,51.226571,50.851571,50.882821,52404,179825
06/22/1994,51.054696,51.351571,50.914071,51.289071,41472,162003
06/23/1994,51.289071,51.554696,51.257821,51.414071,26344,160089
06/24/1994,51.382821,51.382821,50.882821,50.929696,40297,160550
06/27/1994,50.632821,51.164071,50.523446,51.101571,41554,161786
06/28/1994,51.039071,51.085946,50.554696,50.679696,43814,164438
06/29/1994,50.664071,50.851571,50.585946,50.773446,34154,160458
06/30/1994,50.757821,50.882821,50.273446,50.304696,59570,164321
07/01/1994,50.476571,50.523446,50.304696,50.398446,27139,166370
07/05/1994,50.367196,50.617196,50.351571,50.585946,24054,165180
07/06/1994,50.476571,50.679696,50.382821,50.632821,30861,168957
07/07/1994,50.773446,50.867196,50.710946,50.757821,24877,169988
07/08/1994,50.742196,50.773446,49.882821,50.132821,61115,177942
07/11/1994,50.054696,50.117196,49.835946,49.945321,36174,185537
07/12/1994,50.007821,50.351571,49.882821,50.117196,57574,189830
07/13/1994,50.226571,50.320321,50.023446,50.210946,32364,191237
07/14/1994,50.195321,51.023446,50.164071,50.992196,62258,188479
07/15/1994,50.914071,51.382821,50.804696,51.007821,59758,192838
07/18/1994,50.976571,51.335946,50.960946,51.210946,24981,194749
07/19/1994,51.195321,51.570321,51.148446,51.554696,41937,200087
07/20/1994,51.523446,51.617196,50.960946,51.070321,69731,203503
07/21/1994,50.929696,50.992196,50.789071,50.851571,44820,202228
07/22/1994,50.820321,50.960946,50.648446,50.742196,33280,202225
07/25/1994,50.664071,50.929696,50.648446,50.882821,18225,201587
07/26/1994,50.867196,50.882821,50.757821,50.835946,25653,201519
07/27/1994,50.773446,50.773446,50.460946,50.507821,40873,203364
07/28/1994,50.398446,50.757821,50.273446,50.726571,46426,199474
07/29/1994,50.695321,51.726571,50.679696,51.679696,67713,191478
08/01/1994,51.507821,51.585946,51.367196,51.585946,21997,188377
08/02/1994,51.789071,52.007821,51.679696,51.695321,42335,185973
08/03/1994,51.585946,51.773446,51.523446,51.757821,35696,184484
08/04/1994,51.710946,51.882821,51.632821,51.710946,33967,186488
08/05/1994,51.632821,51.851571,50.757821,50.882821,61237,191389
08/08/1994,50.820321,50.960946,50.804696,50.882821,14049,190593
08/09/1994,50.757821,50.804696,50.601571,50.757821,45956,195567
08/10/1994,50.726571,50.851571,50.679696,50.851571,27701,190738
08/11/1994,50.898446,51.023446,50.351571,50.632821,56521,188315
08/12/1994,50.460946,51.023446,50.429696,50.914071,50034,184180
08/15/1994,50.914071,50.929696,50.773446,50.851571,30948,187318
08/16/1994,50.851571,51.570321,50.820321,51.351571,60030,190019
08/17/1994,51.585946,51.695321,51.492196,51.507821,31807,185903
08/18/1994,51.273446,51.335946,50.992196,51.007821,52232,181130
08/19/1994,51.132821,51.195321,50.929696,51.085946,29728,179225
08/22/1994,50.976571,50.992196,50.867196,50.882821,22647,176411
08/23/1994,50.976571,51.117196,50.976571,51.023446,31800,174755
08/24/1994,51.132821,51.429696,51.070321,51.414071,44092,172341
08/25/1994,51.367196,51.414071,51.070321,51.070321,52488,171204
08/26/1994,51.132821,51.539071,51.132821,51.304696,45596,172857
08/29/1994,51.351571,51.507821,51.289071,51.320321,110475,169907
08/30/1994,51.460946,51.523446,51.382821,51.492196,67338,172665
08/31/1994,51.539071,51.648446,51.398446,51.648446,51371,166785
09/01/1994,51.617196,51.632821,51.476571,51.617196,82806,169347
09/02/1994,51.664071,52.273446,51.523446,51.570321,51056,167646
09/06/1994,51.445321,51.492196,51.273446,51.320321,39632,163041
09/07/1994,51.398446,51.429696,51.148446,51.210946,38051,161320
09/08/1994,51.304696,51.335946,51.164071,51.242196,34485,161695
09/09/1994,51.320321,51.320321,50.539071,50.585946,110197,163776
09/12/1994,50.632821,50.664071,50.492196,50.507821,62227,173275
09/13/1994,50.554696,50.789071,50.398446,50.601571,78240,184019
09/14/1994,50.710946,50.804696,50.570321,50.773446,44556,185683
09/15/1994,50.882821,51.054696,50.804696,50.992196,63377,188736
09/16/1994,50.929696,50.945321,50.179696,50.304696,67135,197836
09/19/1994,50.414071,50.476571,50.367196,50.460946,51113,193094
09/20/1994,50.273446,50.320321,50.257821,50.320321,54201,193419
09/21/1994,50.320321,50.445321,50.023446,50.117196,74849,187635
09/22/1994,50.148446,50.242196,50.039071,50.179696,39633,179879
09/23/1994,50.320321,50.351571,50.054696,50.148446,27744,186934
09/26/1994,50.148446,50.289071,50.101571,50.148446,17277,182983
09/27/1994,50.148446,50.210946,49.976571,50.023446,36337,185719
09/28/1994,50.117196,50.320321,50.023446,50.164071,43993,185395
09/29/1994,50.148446,50.210946,49.648446,49.820321,53288,187828
09/30/1994,49.789071,49.960946,49.726571,49.851571,31224,190053
10/03/1994,49.835946,49.914071,49.507821,49.601571,35395,191060
10/04/1994,49.601571,49.742196,49.492196,49.539071,26939,191088
10/05/1994,49.507821,49.570321,49.226571,49.320321,57315,190977
10/06/1994,49.382821,49.414071,49.273446,49.304696,21706,191232
10/07/1994,49.148446,49.773446,48.804696,49.742196,66798,186178
10/10/1994,49.773446,49.804696,49.585946,49.804696,5583,183791
10/11/1994,49.820321,50.054696,49.804696,49.929696,60271,177414
10/12/1994,49.804696,49.851571,49.710946,49.726571,35223,174680
10/13/1994,49.664071,50.273446,49.648446,49.898446,41038,177749
10/14/1994,49.882821,50.179696,49.710946,50.117196,56702,176337
10/17/1994,49.945321,50.085946,49.914071,50.054696,24700,173463
10/18/1994,50.132821,50.195321,49.960946,50.007821,30742,171560
10/19/1994,49.835946,49.867196,49.757821,49.773446,43656,176699
10/20/1994,49.804696,49.835946,49.257821,49.273446,69896,182973
10/21/1994,49.335946,49.398446,49.148446,49.320321,42328,187544
10/24/1994,49.320321,49.320321,49.054696,49.101571,24547,180898
10/25/1994,48.914071,49.179696,48.898446,49.039071,45333,184899
10/26/1994,49.085946,49.164071,48.898446,49.039071,40304,180985
10/27/1994,49.085946,49.132821,48.976571,49.007821,23395,179470
10/28/1994,49.007821,49.351571,48.804696,49.320321,57423,178066
10/31/1994,49.257821,49.304696,49.148446,49.289071,22804,176075
11/01/1994,49.132821,49.132821,48.804696,48.851571,47246,180917
11/02/1994,48.820321,48.898446,48.554696,48.695321,63134,181190
11/03/1994,48.710946,48.742196,48.523446,48.601571,30512,182196
11/04/1994,48.617196,48.960946,48.320321,48.320321,60840,185098
11/07/1994,48.257821,48.398446,48.226571,48.304696,30565,189733
11/08/1994,48.320321,48.507821,48.289071,48.507821,29833,188508
11/09/1994,48.695321,48.757821,48.601571,48.726571,47078,188346
11/10/1994,48.570321,48.992196,48.507821,48.554696,74684,184468
11/11/1994,48.476571,48.476571,48.257821,48.273446,6265,184499
11/14/1994,48.492196,48.695321,48.429696,48.664071,43214,186775
11/15/1994,48.757821,49.054696,48.554696,48.695321,57078,183336
11/16/1994,48.648446,48.867196,48.382821,48.445321,82691,175861
11/17/1994,48.445321,48.492196,48.054696,48.210946,68707,173553
11/18/1994,48.273446,48.320321,48.085946,48.195321,40725,174680
11/21/1994,48.195321,48.210946,48.039071,48.070321,39372,168047
11/22/1994,48.101571,48.242196,48.101571,48.179696,47123,165046
11/23/1994,48.585946,49.023446,48.554696,48.867196,59936,160686
11/25/1994,48.789071,48.851571,48.679696,48.851571,17050,159933
11/28/1994,48.617196,48.632821,48.304696,48.335946,86174,161415
11/29/1994,48.226571,48.242196,47.835946,47.976571,129636,163707
11/30/1994,48.054696,48.257821,47.898446,48.257821,82557,164771
12/01/1994,48.242196,48.289071,48.054696,48.148446,107081,189654
12/02/1994,48.023446,48.601571,47.679696,48.570321,112271,192871
12/05/1994,48.507821,48.601571,48.257821,48.289071,83374,205090
12/06/1994,48.414071,48.820321,48.398446,48.820321,82983,206588
12/07/1994,48.773446,48.773446,48.320321,48.476571,75642,211216
12/08/1994,48.382821,48.414071,48.148446,48.335946,42628,214239
12/09/1994,48.445321,48.570321,48.320321,48.445321,46274,212349
12/12/1994,48.242196,48.242196,48.101571,48.148446,31856,209672
12/13/1994,47.976571,48.164071,47.929696,48.132821,70104,210744
12/14/1994,48.148446,48.742196,48.132821,48.507821,78652,212736
12/15/1994,48.554696,48.960946,48.507821,48.632821,91590,210710
12/16/1994,48.648446,48.710946,48.445321,48.539071,55380,212601
12/19/1994,48.507821,48.570321,48.445321,48.492196,27110,210920
12/20/1994,48.523446,48.695321,48.460946,48.570321,34322,207323
12/21/1994,48.632821,48.648446,48.539071,48.601571,22871,188870
12/22/1994,48.585946,48.585946,48.226571,48.257821,26620,187071
12/23/1994,48.273446,48.304696,48.085946,48.195321,26620,187071
12/27/1994,48.351571,48.539071,48.304696,48.523446,15161,183825
12/28/1994,48.570321,48.570321,48.351571,48.382821,22024,184114
12/29/1994,48.445321,48.445321,48.226571,48.273446,13480,181152
12/30/1994,48.367196,48.382821,48.226571,48.304696,14914,185079
01/03/1995,48.257821,48.257821,48.070321,48.101571,22193,188934
01/04/1995,48.195321,48.445321,48.195321,48.429696,37107,192183
01/05/1995,48.304696,48.335946,48.117196,48.148446,35650,193605
01/06/1995,48.226571,48.304696,47.882821,48.132821,57585,197240
01/09/1995,48.070321,48.101571,47.914071,48.007821,32884,197615
01/10/1995,48.070321,48.289071,48.023446,48.242196,40677,199742
01/11/1995,48.257821,48.523446,48.242196,48.445321,52895,198031
01/12/1995,48.492196,48.554696,48.289071,48.429696,48909,199982
01/13/1995,48.523446,49.195321,48.507821,49.054696,48909,199982
01/17/1995,49.054696,49.070321,48.773446,48.976571,58102,208232
01/18/1995,48.882821,48.992196,48.757821,48.851571,46141,211251
01/19/1995,48.726571,48.835946,48.664071,48.757821,41928,212736
01/20/1995,48.742196,48.820321,48.492196,48.523446,48847,211913
01/23/1995,48.554696,48.585946,48.445321,48.539071,37151,212906
01/24/1995,48.445321,48.460946,48.367196,48.429696,33804,214310
01/25/1995,48.304696,48.773446,48.257821,48.757821,60080,216459
01/26/1995,48.664071,49.054696,48.617196,48.960946,61631,218567
01/27/1995,49.164071,49.554696,49.101571,49.539071,74349,221309
01/30/1995,49.523446,49.664071,49.429696,49.539071,48536,215256
01/31/1995,49.507821,49.679696,49.335946,49.585946,63394,217018
02/01/1995,49.773446,49.835946,49.429696,49.445321,53598,215990
02/02/1995,49.257821,49.335946,49.164071,49.257821,47209,214995
02/03/1995,49.429696,50.304696,49.414071,50.195321,77043,215073
02/06/1995,50.023446,50.085946,49.945321,49.976571,46093,211152
02/07/1995,49.992196,50.179696,49.976571,50.023446,52344,209335
02/08/1995,50.007821,50.070321,49.914071,50.039071,45119,207335
02/09/1995,50.023446,50.054696,49.757821,49.773446,55010,205315
02/10/1995,49.867196,50.148446,49.460946,49.601571,78812,211594
02/13/1995,49.539071,49.648446,49.476571,49.632821,44497,212532
02/14/1995,49.835946,50.085946,49.789071,50.054696,59302,210539
02/15/1995,50.367196,50.710946,49.960946,50.382821,103036,213191
02/16/1995,50.445321,50.882821,50.382821,50.710946,87568,209507
02/17/1995,50.476571,50.617196,50.382821,50.601571,40449,212430
02/21/1995,50.601571,50.664071,50.523446,50.554696,47318,207068
02/22/1995,50.570321,51.195321,50.476571,51.195321,96941,209837
02/23/1995,51.476571,51.835946,51.132821,51.132821,102548,210049
02/24/1995,51.257821,51.367196,50.960946,51.242196,63102,208836
02/27/1995,51.570321,51.710946,51.429696,51.679696,59282,204388
02/28/1995,51.664071,51.757821,51.304696,51.695321,122115,204487
03/01/1995,51.632821,51.882821,51.429696,51.648446,84987,208844
03/02/1995,51.570321,51.601571,51.179696,51.289071,82906,207114
03/03/1995,51.273446,51.273446,50.914071,51.132821,77748,205272
03/06/1995,50.929696,50.976571,50.710946,50.976571,80667,203922
03/07/1995,50.867196,51.117196,50.726571,50.898446,106617,199081
03/08/1995,51.132821,51.226571,50.914071,51.179696,67880,195072
03/09/1995,51.257821,51.601571,51.117196,51.585946,68819,196006
03/10/1995,51.585946,51.820321,51.085946,51.679696,80127,199860
03/13/1995,51.742196,52.054696,51.742196,51.914071,40133,199162
03/14/1995,52.023446,52.335946,52.023446,52.273446,66226,200263
03/15/1995,52.148446,52.335946,51.976571,52.289071,57473,201364
03/16/1995,52.210946,52.617196,52.148446,52.414071,82644,199780
03/17/1995,52.195321,52.289071,52.039071,52.164071,36457,199524
03/20/1995,52.210946,52.242196,52.070321,52.101571,26401,197967
03/21/1995,52.117196,52.179696,51.898446,51.929696,41427,198110
03/22/1995,51.867196,51.882821,51.664071,51.820321,48599,195881
03/23/1995,51.789071,51.992196,51.742196,51.820321,34249,190149
03/24/1995,52.039071,52.398446,52.023446,52.382821,43208,196149
03/27/1995,52.320321,52.539071,52.320321,52.507821,22569,192370
03/28/1995,52.429696,52.460946,51.960946,51.992196,45909,192465
03/29/1995,51.929696,52.335946,51.867196,52.054696,54081,191021
03/30/1995,52.351571,52.351571,51.726571,51.867196,50233,191806
03/31/1995,51.664071,51.820321,51.320321,51.742196,71878,190177
04/03/1995,51.695321,52.101571,51.695321,52.070321,31025,190563
04/04/1995,52.273446,52.367196,52.164071,52.226571,32409,190486
04/05/1995,52.164071,52.351571,52.085946,52.226571,30548,193330
04/06/1995,52.335946,52.445321,52.320321,52.429696,29189,194486
04/07/1995,52.742196,52.867196,52.273446,52.398446,67266,193195
04/10/1995,52.320321,52.351571,52.148446,52.335946,20805,194838
04/11/1995,52.367196,52.617196,52.273446,52.460946,48475,195258
04/12/1995,52.476571,52.570321,52.304696,52.539071,37082,197339
04/13/1995,52.570321,52.945321,52.554696,52.914071,38210,201794
04/17/1995,53.148446,53.273446,52.929696,52.960946,57868,202816
04/18/1995,53.023446,53.351571,52.976571,53.085946,56826,197604
04/19/1995,53.085946,53.085946,52.726571,52.914071,57711,202924
04/20/1995,53.039071,53.179696,52.929696,53.117196,44446,205387
04/21/1995,53.164071,53.195321,53.039071,53.117196,21919,207027
04/24/1995,52.976571,53.132821,52.867196,53.117196,21510,202784
04/25/1995,53.117196,53.132821,52.882821,53.054696,42480,205627
04/26/1995,53.070321,53.085946,52.835946,52.992196,47215,204237
04/27/1995,52.882821,52.929696,52.695321,52.789071,31723,210068
04/28/1995,52.773446,52.835946,52.367196,52.648446,56255,211903
05/01/1995,52.617196,52.648446,52.492196,52.570321,25026,211216
05/02/1995,52.679696,52.867196,52.664071,52.820321,38982,207241
05/03/1995,52.929696,53.304696,52.929696,53.289071,57075,205881
05/04/1995,53.335946,53.820321,53.335946,53.648446,65232,208547
05/05/1995,53.585946,54.554696,53.554696,54.507821,96149,211936
05/08/1995,54.335946,54.554696,54.289071,54.460946,36563,212885
05/09/1995,54.445321,55.148446,54.445321,54.851571,85003,215926
05/10/1995,55.210946,55.460946,54.507821,54.664071,78668,217709
05/11/1995,54.710946,54.835946,54.148446,54.445321,72850,214374
05/12/1995,54.054696,54.476571,53.898446,54.398446,70173,218138
05/15/1995,54.617196,54.679696,54.460946,54.585946,25260,213871
05/16/1995,54.835946,55.054696,54.632821,54.773446,56571,212545
05/17/1995,55.070321,55.070321,54.726571,54.789071,42651,217153
05/18/1995,54.632821,54.648446,54.382821,54.523446,51871,224105
05/19/1995,54.632821,54.632821,54.476571,54.554696,24131,220786
05/22/1995,54.429696,54.476571,54.382821,54.460946,17904,214759
05/23/1995,54.570321,54.820321,54.570321,54.804696,52353,215549
05/24/1995,55.007821,55.445321,55.007821,55.414071,71102,212994
05/25/1995,55.648446,56.023446,55.445321,55.585946,87815,207522
05/26/1995,55.539071,55.617196,55.476571,55.617196,32004,209222
05/30/1995,55.820321,56.007821,55.148446,55.992196,75212,213868
05/31/1995,56.085946,56.085946,55.867196,56.054696,112043,211462
06/01/1995,55.992196,56.632821,55.914071,56.554696,75225,210187
06/02/1995,56.492196,58.460946,56.367196,57.007821,99884,204909
06/05/1995,57.414071,57.554696,56.976571,57.070321,70368,198186
06/06/1995,57.085946,57.148446,56.710946,56.898446,96510,194205
06/07/1995,56.804696,56.960946,55.867196,56.210946,106576,194880
06/08/1995,56.007821,56.148446,55.835946,56.023446,96674,188975
06/09/1995,55.742196,56.054696,55.273446,55.335946,83468,188076
06/12/1995,55.664071,55.679696,55.195321,55.523446,45855,189024
06/13/1995,55.867196,56.789071,55.835946,56.710946,80836,188994
06/14/1995,56.585946,56.804696,56.414071,56.695321,38197,186668
06/15/1995,56.710946,56.898446,56.414071,56.460946,56227,186501
06/16/1995,56.179696,56.398446,55.929696,56.304696,44621,185265
06/19/1995,56.476571,56.757821,56.445321,56.742196,49149,183104
06/20/1995,56.726571,56.835946,56.382821,56.539071,56906,183722
06/21/1995,56.742196,56.867196,56.554696,56.695321,55077,186568
06/22/1995,56.898446,57.195321,56.835946,57.085946,48746,169629
06/23/1995,57.085946,57.210946,56.617196,56.914071,49335,178710
06/26/1995,56.679696,56.789071,56.585946,56.648446,19932,171732
06/27/1995,56.476571,56.898446,56.429696,56.460946,54646,172839
06/28/1995,56.539071,56.710946,56.382821,56.695321,49970,171007
06/29/1995,56.679696,56.695321,55.710946,55.867196,63245,168045
06/30/1995,55.945321,56.304696,55.882821,56.210946,39328,167681
07/03/1995,56.226571,56.398446,56.210946,56.273446,13648,167071
07/05/1995,56.382821,56.445321,56.273446,56.335946,18854,166794
07/06/1995,56.351571,57.226571,56.070321,57.164071,46130,166592
07/07/1995,57.460946,57.710946,56.757821,57.257821,61200,169062
07/10/1995,57.210946,57.304696,57.132821,57.257821,20669,171453
07/11/1995,57.023446,57.117196,56.882821,56.898446,38406,179734
07/12/1995,56.867196,56.992196,56.789071,56.976571,24303,179866
07/13/1995,57.007821,57.179696,56.835946,56.976571,33957,179575
07/14/1995,56.820321,56.851571,56.367196,56.664071,68439,178200
07/17/1995,56.554696,56.601571,56.273446,56.304696,24185,177577
07/18/1995,56.179696,56.460946,56.101571,56.117196,37041,178218
07/19/1995,55.976571,56.304696,55.367196,55.523446,89247,178143
07/20/1995,55.632821,55.867196,55.335946,55.523446,57141,177278
07/21/1995,55.648446,55.679696,55.085946,55.179696,36345,179643
07/24/1995,55.179696,55.382821,55.054696,55.351571,34928,180106
07/25/1995,55.335946,55.460946,54.960946,55.367196,70876,176801
07/26/1995,55.382821,55.429696,55.132821,55.148446,44151,185798
07/27/1995,55.195321,55.507821,55.132821,55.476571,34863,177777
07/28/1995,55.523446,55.710946,55.273446,55.320321,37863,179565
07/31/1995,55.335946,55.554696,55.289071,55.539071,24233,177336
08/01/1995,55.507821,55.570321,55.179696,55.304696,38002,178129
08/02/1995,55.585946,55.710946,55.429696,55.570321,35389,169701
08/03/1995,55.460946,55.460946,54.960946,55.210946,43224,171172
08/04/1995,55.164071,55.476571,54.898446,55.351571,35918,173886
08/07/1995,55.382821,55.507821,55.320321,55.492196,12308,172661
08/08/1995,55.679696,55.742196,55.429696,55.507821,26538,171360
08/09/1995,55.398446,55.476571,55.242196,55.367196,26902,171272
08/10/1995,55.382821,55.507821,55.085946,55.210946,41852,173028
08/11/1995,55.226571,55.289071,54.570321,54.710946,73929,178579
08/14/1995,54.632821,54.851571,54.617196,54.757821,24943,179874
08/15/1995,54.460946,54.726571,54.304696,54.710946,58714,184587
08/16/1995,54.726571,54.929696,54.570321,54.882821,41708,182895
08/17/1995,54.914071,54.929696,54.601571,54.710946,48066,178730
08/18/1995,54.710946,54.820321,54.664071,54.773446,29773,174227
08/21/1995,54.960946,55.179696,54.929696,54.992196,33636,168352
08/22/1995,54.976571,54.976571,54.757821,54.851571,38220,169734
08/23/1995,54.804696,54.820321,54.710946,54.726571,27867,171503
08/24/1995,54.742196,55.257821,54.742196,55.226571,55735,174521
08/25/1995,55.382821,55.851571,55.289071,55.789071,67923,176026
08/28/1995,55.867196,56.117196,55.820321,55.898446,110150,169854
08/29/1995,55.835946,55.882821,55.585946,55.726571,62300,172004
08/30/1995,55.945321,55.945321,55.757821,55.882821,92547,169354
08/31/1995,55.835946,56.132821,55.757821,56.023446,61013,168190
09/01/1995,55.976571,56.445321,55.257821,56.289071,79845,163664
09/05/1995,56.132821,56.507821,56.132821,56.476571,46205,166185
09/06/1995,56.414071,56.554696,56.367196,56.507821,39572,162452
09/07/1995,56.460946,56.539071,56.257821,56.289071,51304,162307
09/08/1995,56.351571,56.554696,56.007821,56.195321,59301,162942
09/11/1995,56.210946,56.304696,56.085946,56.179696,50541,164317
09/12/1995,56.257821,56.492196,56.242196,56.445321,71434,167829
09/13/1995,56.398446,56.492196,56.289071,56.367196,40432,162622
09/14/1995,56.476571,56.976571,56.445321,56.882821,60857,160738
09/15/1995,56.804696,56.867196,56.554696,56.726571,46285,161657
09/18/1995,56.601571,56.632821,56.445321,56.445321,23632,161422
09/19/1995,56.429696,56.648446,56.429696,56.601571,35626,161742
09/20/1995,56.570321,56.789071,56.445321,56.742196,44147,166044
09/21/1995,56.664071,56.773446,56.085946,56.289071,75334,161226
09/22/1995,56.273446,56.304696,55.929696,56.179696,58406,164688
09/25/1995,56.117196,56.226571,55.960946,56.179696,35714,164209
09/26/1995,56.101571,56.304696,55.945321,56.070321,44904,161634
09/27/1995,55.898446,56.023446,55.664071,55.976571,56728,164873
09/28/1995,56.054696,56.054696,55.882821,55.976571,35751,162178
09/29/1995,55.820321,56.460946,55.789071,56.382821,38460,158351
10/02/1995,56.304696,56.664071,56.289071,56.398446,36987,159889
10/03/1995,56.460946,56.664071,56.445321,56.570321,24745,160603
10/04/1995,56.648446,56.804696,56.601571,56.773446,22080,160848
10/05/1995,56.773446,57.023446,56.695321,56.914071,55845,164226
10/06/1995,56.929696,57.257821,56.664071,56.929696,55845,164226
10/10/1995,56.914071,57.085946,56.882821,56.898446,28431,161769
10/11/1995,56.742196,56.867196,56.710946,56.835946,18073,159424
10/12/1995,56.773446,57.007821,56.695321,56.976571,29238,159320
10/13/1995,57.101571,57.382821,57.085946,57.304696,43307,162438
10/16/1995,57.242196,57.335946,57.179696,57.304696,41013,155233
10/17/1995,57.476571,57.523446,57.164071,57.351571,46565,158255
10/18/1995,57.382821,57.382821,57.164071,57.195321,29837,160107
10/19/1995,57.085946,57.304696,57.054696,57.257821,28530,159258
10/20/1995,57.117196,57.148446,56.914071,56.976571,41938,164747
10/23/1995,56.820321,56.929696,56.773446,56.882821,20585,161917
10/24/1995,56.804696,57.226571,56.773446,57.164071,32332,163631
10/25/1995,57.226571,57.445321,57.148446,57.273446,47919,163316
10/26/1995,57.304696,57.382821,57.132821,57.226571,52776,167295
10/27/1995,56.976571,57.289071,56.695321,57.242196,64720,166344
10/30/1995,57.273446,57.335946,57.210946,57.304696,16948,165932
10/31/1995,57.164071,57.398446,57.164071,57.335946,37167,165899
11/01/1995,57.257821,57.773446,57.210946,57.632821,47450,165914
11/02/1995,57.601571,57.976571,57.601571,57.882821,47942,168624
11/03/1995,57.898446,58.007821,57.726571,57.835946,41403,168480
11/06/1995,57.710946,57.820321,57.679696,57.695321,11420,168005
11/07/1995,57.664071,57.679696,57.492196,57.554696,29674,167374
11/08/1995,57.664071,57.898446,57.648446,57.882821,40843,171204
11/09/1995,57.914071,57.960946,57.664071,57.757821,39370,172298
11/10/1995,57.632821,57.648446,57.445321,57.585946,24128,173462
11/13/1995,57.445321,57.851571,57.382821,57.757821,45937,176328
11/14/1995,57.851571,57.929696,57.679696,57.789071,39567,180101
11/15/1995,57.992196,57.992196,57.539071,57.617196,42224,182838
11/16/1995,57.820321,58.117196,57.773446,57.898446,40658,186537
11/17/1995,57.867196,58.070321,57.757821,58.007821,52794,182081
11/20/1995,58.023446,58.023446,57.914071,57.960946,30937,176204
11/21/1995,57.867196,57.960946,57.757821,57.789071,50751,183686
11/22/1995,57.773446,57.789071,57.664071,57.710946,40763,184005
11/24/1995,57.789071,57.851571,57.757821,57.835946,14223,183886
11/27/1995,57.851571,58.023446,57.851571,58.023446,73454,188771
11/28/1995,57.945321,58.054696,57.867196,58.007821,83175,184739
11/29/1995,58.023446,58.257821,58.023446,58.257821,84117,186876
11/30/1995,58.429696,58.664071,58.367196,58.585946,104336,184819
12/01/1995,58.617196,58.820321,58.570321,58.726571,77983,184123
12/04/1995,58.757821,59.054696,58.742196,58.992196,58461,178196
12/05/1995,58.898446,58.976571,58.789071,58.835946,58600,170583
12/06/1995,58.820321,59.054696,58.617196,58.726571,66423,167683
12/07/1995,58.617196,58.679696,58.414071,58.507821,42691,165290
12/08/1995,58.335946,58.945321,58.335946,58.398446,82440,161658
12/11/1995,58.554696,58.601571,58.445321,58.570321,30930,160235
12/12/1995,58.632821,58.695321,58.304696,58.523446,34505,162484
12/13/1995,58.539071,58.585946,58.414071,58.523446,56685,167768
12/14/1995,58.507821,58.679696,58.492196,58.554696,30639,170569
12/15/1995,58.632821,58.695321,58.507821,58.585946,45108,173945
12/18/1995,58.445321,58.445321,58.070321,58.085946,36774,174854
12/19/1995,58.085946,58.742196,57.835946,58.695321,52362,175187
12/20/1995,58.789071,58.882821,58.554696,58.632821,22169,144427
12/21/1995,58.617196,58.632821,58.460946,58.570321,19665,146764
12/22/1995,58.664071,58.851571,58.664071,58.726571,10836,150350
12/26/1995,58.726571,58.835946,58.710946,58.804696,2087,149845
12/27/1995,58.898446,59.054696,58.835946,58.976571,14930,154227
12/28/1995,59.023446,59.179696,59.023446,59.164071,17850,154432
12/29/1995,59.164071,59.382821,59.039071,59.367196,15666,154395
01/02/1996,59.351571,59.367196,59.132821,59.320321,18114,154671
01/03/1996,59.445321,59.539071,59.351571,59.429696,30069,153676
01/04/1996,59.570321,59.632821,59.242196,59.257821,43391,157406
01/05/1996,59.210946,59.242196,58.898446,59.101571,48604,157197
01/08/1996,59.070321,59.148446,59.007821,59.101571,5199,157564
01/09/1996,59.179696,59.289071,58.960946,59.117196,27894,156770
01/10/1996,58.976571,58.992196,58.585946,58.648446,48815,159912
01/11/1996,58.710946,58.867196,58.632821,58.835946,41422,157097
01/12/1996,58.992196,59.179696,58.851571,58.929696,41422,157097
01/16/1996,59.164071,59.289071,59.101571,59.273446,43528,163792
01/17/1996,59.382821,59.570321,59.242196,59.554696,40849,162179
01/18/1996,59.539071,59.835946,59.429696,59.804696,57797,168462
01/19/1996,59.882821,59.898446,59.445321,59.679696,58545,173951
01/22/1996,59.539071,59.570321,59.320321,59.351571,33368,172327
01/23/1996,59.148446,59.429696,59.148446,59.257821,37257,172472
01/24/1996,59.351571,59.585946,59.242196,59.460946,51241,166993
01/25/1996,59.554696,59.585946,59.023446,59.117196,51438,167240
01/26/1996,59.039071,59.414071,58.679696,59.398446,51539,166028
01/29/1996,59.429696,59.460946,59.023446,59.226571,26929,164839
01/30/1996,59.367196,59.601571,59.367196,59.554696,31771,165639
01/31/1996,59.632821,59.882821,59.554696,59.820321,35125,167538
02/01/1996,59.867196,59.960946,59.710946,59.820321,37735,170911
02/02/1996,59.789071,60.398446,59.773446,59.804696,56993,171554
02/05/1996,59.648446,59.648446,59.476571,59.617196,26000,172587
02/06/1996,59.679696,59.773446,59.585946,59.695321,30444,173082
02/07/1996,59.789071,59.820321,59.632821,59.710946,35416,177193
02/08/1996,59.726571,59.773446,59.648446,59.773446,36815,178812
02/09/1996,59.695321,59.992196,59.585946,59.898446,56841,182246
02/12/1996,59.898446,60.226571,59.851571,60.226571,33684,189050
02/13/1996,60.273446,60.414071,60.195321,60.367196,31787,192809
02/14/1996,60.273446,60.335946,60.195321,60.195321,42419,196367
02/15/1996,60.195321,60.226571,59.835946,59.835946,49526,194245
02/16/1996,59.898446,60.054696,59.585946,59.617196,46221,187051
02/20/1996,59.164071,59.257821,58.304696,58.351571,132699,185580
02/21/1996,58.492196,58.757821,58.242196,58.445321,110193,187468
02/22/1996,58.601571,58.867196,58.601571,58.757821,60362,188924
02/23/1996,59.007821,59.195321,58.367196,58.523446,67238,186363
02/26/1996,58.445321,58.492196,58.210946,58.460946,66671,188160
02/27/1996,58.429696,58.554696,58.023446,58.070321,88778,185041
02/28/1996,58.117196,58.148446,57.632821,57.648446,148616,188282
02/29/1996,57.726571,57.835946,57.304696,57.617196,148616,188282
03/01/1996,58.023446,58.304696,57.851571,58.195321,78568,187681
03/04/1996,58.273446,58.585946,58.210946,58.554696,56127,186683
03/05/1996,58.476571,58.476571,58.117196,58.210946,60972,185919
03/06/1996,57.976571,58.054696,57.757821,57.804696,69334,181773
03/07/1996,57.632821,57.757821,57.554696,57.695321,36652,183194
03/08/1996,57.726571,57.726571,55.742196,55.960946,114249,204028
03/11/1996,55.398446,56.414071,55.398446,56.382821,67164,204245
03/12/1996,56.148446,56.257821,55.960946,56.210946,63806,204824
03/13/1996,56.335946,56.429696,56.007821,56.210946,55001,203941
03/14/1996,56.289071,56.367196,56.148446,56.210946,31199,206643
03/15/1996,56.164071,56.210946,55.601571,55.648446,58519,213889
03/18/1996,55.757821,55.898446,55.585946,55.710946,45227,211157
03/19/1996,55.757821,56.007821,55.585946,55.820321,41423,212520
03/20/1996,55.664071,56.304696,55.554696,56.289071,47834,209822
03/21/1996,56.304696,56.539071,56.195321,56.476571,34351,203018
03/22/1996,56.460946,56.507821,56.226571,56.257821,21467,202685
03/25/1996,56.320321,56.664071,56.304696,56.601571,22992,203250
03/26/1996,56.601571,56.617196,56.398446,56.554696,29632,194702
03/27/1996,56.554696,56.789071,56.054696,56.070321,46545,196024
03/28/1996,55.960946,56.039071,55.664071,55.773446,52972,193166
03/29/1996,56.085946,56.179696,55.867196,56.164071,30325,191978
04/01/1996,56.210946,56.273446,56.023446,56.210946,21637,193096
04/02/1996,56.429696,56.476571,56.320321,56.445321,24540,192713
04/03/1996,56.335946,56.414071,56.242196,56.335946,28584,193019
04/04/1996,56.320321,56.335946,55.992196,56.023446,28584,193019
04/05/1996,55.929696,55.976571,54.835946,54.929696,41597,199054
04/08/1996,54.679696,54.835946,54.476571,54.742196,53834,201290
04/09/1996,54.898446,55.070321,54.804696,55.039071,34207,199775
04/10/1996,55.132821,55.148446,54.726571,54.851571,73508,197954
04/11/1996,54.617196,54.976571,54.289071,54.648446,65006,196491
04/12/1996,54.835946,55.523446,54.773446,55.476571,66388,195702
04/15/1996,55.570321,55.679696,55.445321,55.664071,21469,193150
04/16/1996,55.664071,55.710946,55.398446,55.632821,39426,191646
04/17/1996,55.460946,55.554696,55.304696,55.429696,36967,193475
04/18/1996,55.476571,55.585946,55.039071,55.179696,38657,192197
04/19/1996,55.320321,55.523446,55.273446,55.476571,30024,186038
04/22/1996,55.601571,55.820321,55.601571,55.648446,26011,188356
04/23/1996,55.492196,55.632821,55.460946,55.617196,32392,187396
04/24/1996,55.570321,55.695321,55.414071,55.429696,44676,187356
04/25/1996,55.351571,55.507821,55.257821,55.492196,29196,187043
04/26/1996,55.632821,55.710946,55.570321,55.570321,26058,186352
04/29/1996,55.476571,55.476571,55.335946,55.382821,19404,182571
04/30/1996,55.304696,55.320321,55.023446,55.132821,44891,180675
05/01/1996,54.914071,55.257821,54.898446,55.195321,42070,181544
05/02/1996,55.242196,55.289071,54.367196,54.445321,77544,183872
05/03/1996,54.148446,55.210946,54.148446,54.289071,73029,188134
05/06/1996,54.398446,54.585946,54.335946,54.460946,24923,187644
05/07/1996,54.523446,54.523446,54.242196,54.367196,29096,187480
05/08/1996,54.257821,54.570321,54.164071,54.570321,43910,188092
05/09/1996,54.710946,54.710946,54.398446,54.492196,32823,187282
05/10/1996,54.414071,55.164071,54.398446,54.929696,54436,188451
05/13/1996,55.007821,55.070321,54.882821,55.054696,24535,189925
05/14/1996,55.117196,55.460946,55.101571,55.320321,51518,189197
05/15/1996,55.429696,55.507821,55.335946,55.351571,41650,186324
05/16/1996,55.164071,55.195321,54.960946,55.039071,40752,186021
05/17/1996,54.929696,55.304696,54.929696,55.273446,55149,174645
05/20/1996,55.398446,55.507821,55.335946,55.367196,29704,172455
05/21/1996,55.382821,55.476571,55.257821,55.273446,25630,171272
05/22/1996,55.117196,55.398446,55.070321,55.398446,30941,171748
05/23/1996,55.445321,55.476571,55.132821,55.164071,51366,173280
05/24/1996,55.164071,55.351571,55.164071,55.320321,26772,171922
05/28/1996,55.367196,55.445321,55.195321,55.195321,57786,169840
05/29/1996,55.148446,55.289071,54.757821,54.757821,68485,168359
05/30/1996,54.648446,54.757821,54.414071,54.695321,133520,171413
05/31/1996,54.632821,54.695321,54.148446,54.273446,96124,172371
06/03/1996,54.148446,54.398446,54.101571,54.257821,50240,172332
06/04/1996,54.242196,54.476571,54.242196,54.367196,50639,176612
06/05/1996,54.367196,54.523446,54.289071,54.507821,43738,181125
06/06/1996,54.726571,54.992196,54.695321,54.835946,60512,179101
06/07/1996,54.929696,54.945321,53.539071,53.945321,82896,178568
06/10/1996,54.007821,54.054696,53.757821,53.804696,27479,179976
06/11/1996,53.710946,53.992196,53.648446,53.804696,56838,184552
06/12/1996,53.773446,53.929696,53.648446,53.679696,41308,183950
06/13/1996,53.507821,53.867196,53.507821,53.757821,64662,184988
06/14/1996,53.773446,54.132821,53.695321,54.085946,48843,184236
06/17/1996,54.101571,54.351571,54.023446,54.289071,29821,179580
06/18/1996,54.132821,54.429696,54.101571,54.179696,46621,179751
06/19/1996,54.132821,54.210946,53.867196,53.976571,43223,177007
06/20/1996,53.976571,54.054696,53.820321,53.960946,25765,153997
06/21/1996,54.117196,54.226571,54.023446,54.085946,45932,149898
06/24/1996,54.101571,54.195321,54.070321,54.164071,29158,148610
06/25/1996,54.164071,54.351571,54.148446,54.320321,53739,150297
06/26/1996,54.289071,54.398446,54.164071,54.335946,54902,149950
06/27/1996,54.304696,54.757821,54.273446,54.742196,24079,156871
06/28/1996,54.804696,55.382821,54.757821,55.257821,81949,163898
07/01/1996,55.179696,55.210946,54.976571,55.195321,34023,168332
07/02/1996,55.085946,55.132821,54.726571,54.867196,37628,170130
07/03/1996,54.882821,55.132821,54.804696,55.039071,34917,171651
07/05/1996,54.867196,54.914071,53.757821,53.820321,53622,169057
07/08/1996,53.539071,53.960946,53.507821,53.804696,29640,171255
07/09/1996,53.929696,54.070321,53.835946,53.992196,24775,171750
07/10/1996,54.273446,54.382821,54.148446,54.335946,46493,169754
07/11/1996,54.273446,54.648446,54.117196,54.476571,48355,171084
07/12/1996,54.367196,54.867196,54.335946,54.648446,60403,176943
07/15/1996,54.570321,54.648446,54.414071,54.507821,31885,176091
07/16/1996,54.320321,55.195321,54.320321,54.898446,69648,177462
07/17/1996,54.789071,54.914071,54.726571,54.820321,33032,173157
07/18/1996,54.835946,55.335946,54.601571,55.304696,53397,181065
07/19/1996,55.148446,55.195321,54.992196,54.992196,34671,179689
07/22/1996,54.914071,55.054696,54.726571,54.742196,33008,180022
07/23/1996,54.664071,54.914071,54.632821,54.882821,28101,179990
07/24/1996,55.007821,55.148446,54.554696,54.601571,61390,176676
07/25/1996,54.523446,54.851571,54.507821,54.679696,32282,176670
07/26/1996,54.804696,54.835946,54.632821,54.757821,17867,176207
07/29/1996,54.601571,54.601571,54.351571,54.382821,26704,175585
07/30/1996,54.335946,54.695321,54.304696,54.585946,33346,173882
07/31/1996,54.617196,54.976571,54.539071,54.929696,43105,172204
08/01/1996,54.976571,55.882821,54.820321,55.601571,70939,176607
08/02/1996,55.773446,56.382821,55.726571,56.226571,59656,180398
08/05/1996,56.164071,56.226571,56.117196,56.164071,13624,181593
08/06/1996,56.023446,56.179696,56.023446,56.054696,27545,185694
08/07/1996,56.179696,56.289071,55.945321,56.007821,31981,184421
08/08/1996,56.054696,56.117196,55.976571,55.976571,33397,184403
08/09/1996,56.101571,56.335946,56.070321,56.226571,32293,183271
08/12/1996,56.398446,56.398446,56.195321,56.289071,20365,184066
08/13/1996,56.382821,56.398446,55.914071,55.914071,31098,183834
08/14/1996,55.882821,56.023446,55.835946,55.976571,35582,179601
08/15/1996,55.960946,55.960946,55.726571,55.789071,36097,179351
08/16/1996,55.960946,56.101571,55.929696,56.085946,31768,180387
08/19/1996,56.117196,56.117196,55.851571,55.929696,33198,184630
08/20/1996,55.960946,56.023446,55.851571,55.945321,40547,182358
08/21/1996,55.882821,55.882821,55.789071,55.820321,30348,181306
08/22/1996,55.882821,55.898446,55.679696,55.773446,54831,178928
08/23/1996,55.539071,55.539071,55.179696,55.304696,81325,182241
08/26/1996,55.117196,55.117196,54.882821,54.882821,45973,179601
08/27/1996,55.054696,55.101571,54.929696,55.039071,51395,177922
08/28/1996,55.085946,55.117196,54.914071,54.960946,86994,169656
08/29/1996,55.117196,55.117196,54.648446,54.648446,109117,163367
08/30/1996,54.648446,54.664071,54.117196,54.210946,86724,167551
09/03/1996,53.898446,54.367196,53.757821,54.335946,101887,170529
09/04/1996,54.445321,54.445321,54.117196,54.226571,55645,170246
09/05/1996,54.210946,54.273446,54.007821,54.101571,73657,169881
09/06/1996,54.054696,54.492196,53.460946,54.351571,68332,170858
09/09/1996,54.507821,54.585946,54.367196,54.570321,28812,171665
09/10/1996,54.617196,54.664071,54.304696,54.398446,61142,168428
09/11/1996,54.335946,54.445321,54.210946,54.398446,56108,163458
09/12/1996,54.507821,54.804696,54.429696,54.679696,56105,156399
09/13/1996,54.726571,55.492196,54.726571,55.320321,80743,153061
09/16/1996,55.289071,55.351571,55.257821,55.320321,22680,149503
09/17/1996,55.273446,55.289071,54.835946,54.898446,48126,151043
09/18/1996,54.773446,54.882821,54.726571,54.835946,34761,151207
09/19/1996,54.929696,54.929696,54.617196,54.710946,39614,148530
09/20/1996,54.742196,54.945321,54.742196,54.851571,18622,143163
09/23/1996,54.757821,54.992196,54.710946,54.960946,16585,143327
09/24/1996,54.976571,55.585946,54.804696,55.320321,45531,142207
09/25/1996,55.273446,55.601571,55.226571,55.570321,57688,137207
09/26/1996,55.539071,55.898446,55.507821,55.757821,38871,138566
09/27/1996,55.789071,55.945321,55.585946,55.617196,30607,138149
09/30/1996,55.695321,55.757821,55.445321,55.492196,27061,137462
10/01/1996,55.492196,55.851571,55.476571,55.804696,30785,137066
10/02/1996,55.882821,56.039071,55.851571,55.976571,24945,135264
10/03/1996,56.070321,56.132821,55.867196,55.945321,37452,135377
10/04/1996,56.085946,56.632821,56.054696,56.570321,79905,139193
10/07/1996,56.414071,56.492196,56.320321,56.351571,19272,137300
10/08/1996,56.335946,56.460946,56.289071,56.304696,19653,138052
10/09/1996,56.320321,56.429696,56.117196,56.148446,28113,137619
10/10/1996,56.085946,56.132821,55.898446,55.945321,28276,136131
10/11/1996,55.945321,56.289071,55.898446,56.226571,28276,136131
10/15/1996,56.335946,56.382821,56.179696,56.226571,14553,138007
10/16/1996,56.226571,56.382821,56.023446,56.210946,35886,138044
10/17/1996,56.320321,56.523446,56.304696,56.476571,28880,135408
10/18/1996,56.585946,56.664071,56.492196,56.507821,30317,136632
10/21/1996,56.507821,56.523446,56.398446,56.429696,10186,134836
10/22/1996,56.382821,56.398446,56.210946,56.226571,21108,135938
10/23/1996,56.179696,56.304696,56.117196,56.289071,32805,139250
10/24/1996,56.304696,56.367196,56.179696,56.289071,26436,138945
10/25/1996,56.257821,56.492196,55.960946,56.398446,27956,137493
10/28/1996,56.445321,56.460946,56.320321,56.367196,11922,137774
10/29/1996,56.304696,57.070321,56.289071,57.039071,58517,143556
10/30/1996,57.117196,57.351571,56.914071,57.023446,47932,146149
10/31/1996,57.007821,57.179696,56.929696,57.132821,28851,143957
11/01/1996,57.304696,57.570321,57.023446,57.054696,52490,143620
11/04/1996,56.976571,57.195321,56.976571,57.132821,22698,145402
11/05/1996,57.257821,57.429696,57.257821,57.335946,35403,150322
11/06/1996,57.414071,57.460946,57.273446,57.304696,30017,153020
11/07/1996,57.070321,57.460946,57.023446,57.445321,41369,154420
11/08/1996,57.429696,57.460946,57.226571,57.367196,41369,154420
11/12/1996,57.460946,57.648446,57.460946,57.632821,28365,152766
11/13/1996,57.632821,57.710946,57.460946,57.601571,33223,150368
11/14/1996,57.523446,57.867196,57.476571,57.835946,45929,151511
11/15/1996,57.820321,57.960946,57.710946,57.773446,44082,156101
11/18/1996,57.804696,57.835946,57.632821,57.710946,21032,153091
11/19/1996,57.726571,57.914071,57.726571,57.820321,25279,154927
11/20/1996,57.710946,57.992196,57.632821,57.960946,50001,160642
11/21/1996,57.976571,58.023446,57.867196,57.882821,40567,161437
11/22/1996,57.835946,57.882821,57.820321,57.867196,38312,161949
11/25/1996,57.820321,58.023446,57.820321,57.960946,46838,161043
11/26/1996,58.023446,58.210946,57.992196,58.007821,92296,160350
11/27/1996,58.132821,58.242196,57.992196,58.039071,108892,168467
11/29/1996,58.132821,58.398446,58.132821,58.382821,30893,169627
12/02/1996,58.304696,58.335946,58.179696,58.304696,45184,170122
12/03/1996,58.398446,58.523446,58.242196,58.382821,63398,167538
12/04/1996,58.257821,58.335946,58.039071,58.101571,50690,167164
12/05/1996,58.101571,58.101571,57.585946,57.710946,68217,163962
12/06/1996,57.273446,58.101571,57.164071,57.507821,147962,155523
12/09/1996,57.523446,57.789071,57.523446,57.726571,51678,155909
12/10/1996,57.695321,57.726571,57.601571,57.679696,47150,152731
12/11/1996,57.476571,57.476571,57.039071,57.085946,95347,152745
12/12/1996,57.164071,57.367196,56.867196,56.929696,83992,149961
12/13/1996,56.960946,57.351571,56.914071,57.304696,48979,145134
12/16/1996,57.414071,57.414071,56.992196,57.054696,28480,146074
12/17/1996,56.976571,57.007821,56.679696,56.898446,48980,153836
12/18/1996,56.820321,56.960946,56.695321,56.710946,28244,153531
12/19/1996,56.648446,57.132821,56.632821,57.117196,41799,155020
12/20/1996,57.257821,57.335946,57.039071,57.132821,21042,147943
12/23/1996,57.085946,57.210946,57.039071,57.117196,10666,150123
12/24/1996,57.070321,57.117196,57.070321,57.085946,3599,149760
12/26/1996,57.085946,57.132821,57.054696,57.070321,2730,149160
12/27/1996,57.101571,57.289071,57.101571,57.257821,9772,148232
12/30/1996,57.320321,57.367196,57.195321,57.226571,15114,149677
12/31/1996,57.226571,57.226571,56.742196,56.757821,22311,153594
01/02/1997,56.773446,56.960946,56.257821,56.382821,60674,155202
01/03/1997,56.523446,56.679696,56.429696,56.460946,28923,156802
01/06/1997,56.414071,56.539071,56.367196,56.414071,20229,157203
01/07/1997,56.445321,56.507821,56.210946,56.289071,41099,164035
01/08/1997,56.476571,56.539071,56.226571,56.257821,32128,162995
01/09/1997,56.242196,56.523446,56.070321,56.492196,34622,165136
01/10/1997,56.585946,56.695321,55.835946,56.007821,81689,174134
01/13/1997,56.085946,56.117196,55.929696,56.007821,29268,173748
01/14/1997,56.007821,56.414071,55.992196,56.398446,54124,173255
01/15/1997,56.445321,56.492196,56.257821,56.429696,39733,176412
01/16/1997,56.507821,56.617196,56.101571,56.242196,53696,179182
01/17/1997,56.367196,56.445321,56.273446,56.382821,53696,179182
01/21/1997,56.226571,56.523446,56.085946,56.492196,39509,180128
01/22/1997,56.476571,56.601571,56.382821,56.398446,29467,179101
01/23/1997,56.382821,56.429696,56.164071,56.242196,28503,181456
01/24/1997,56.148446,56.195321,55.914071,56.070321,48076,186318
01/27/1997,56.054696,56.101571,55.851571,55.914071,36264,190221
01/28/1997,55.976571,56.460946,55.929696,56.085946,59035,191961
01/29/1997,55.960946,56.289071,55.882821,56.179696,49634,195706
01/30/1997,56.210946,56.367196,56.164071,56.304696,38355,194356
01/31/1997,56.382821,56.679696,56.226571,56.648446,57599,195008
02/03/1997,56.710946,56.976571,56.601571,56.882821,50918,196679
02/04/1997,56.820321,56.945321,56.742196,56.929696,33121,195116
02/05/1997,56.976571,57.023446,56.757821,56.867196,42098,197758
02/06/1997,56.820321,56.882821,56.757821,56.820321,23657,186205
02/07/1997,56.867196,57.320321,56.851571,57.085946,64992,196780
02/10/1997,57.070321,57.132821,57.007821,57.101571,19349,198048
02/11/1997,57.132821,57.148446,57.023446,57.070321,20758,198231
02/12/1997,57.023446,57.148446,56.929696,57.023446,46982,208345
02/13/1997,57.085946,57.289071,57.023446,57.273446,43065,206202
02/14/1997,57.398446,57.632821,57.382821,57.492196,39947,210560
02/18/1997,57.632821,57.632821,57.398446,57.460946,45834,209757
02/19/1997,57.445321,57.601571,57.320321,57.398446,41868,210101
02/20/1997,57.273446,57.335946,57.164071,57.179696,62110,213043
02/21/1997,57.117196,57.226571,57.085946,57.164071,64268,216495
02/24/1997,57.070321,57.070321,57.023446,57.023446,56894,214005
02/25/1997,57.101571,57.132821,56.945321,56.976571,63606,221202
02/26/1997,56.992196,56.992196,56.132821,56.179696,152911,224705
02/27/1997,56.226571,56.289071,55.976571,56.085946,141927,229518
02/28/1997,56.179696,56.195321,55.929696,56.132821,104851,225874
03/03/1997,55.960946,56.085946,55.867196,56.070321,103962,222474
03/04/1997,56.164071,56.195321,55.929696,55.945321,77344,217587
03/05/1997,55.820321,56.054696,55.804696,56.007821,81693,214986
03/06/1997,56.117196,56.132821,55.835946,55.882821,47180,211581
03/07/1997,55.851571,56.242196,55.429696,56.117196,92452,210029
03/10/1997,56.210946,56.210946,56.039071,56.085946,33445,209771
03/11/1997,56.117196,56.148446,55.867196,56.085946,75554,214464
03/12/1997,55.976571,56.101571,55.914071,55.976571,50536,211604
03/13/1997,55.914071,55.929696,55.445321,55.460946,113335,219810
03/14/1997,55.539071,55.867196,55.523446,55.632821,56044,219800
03/17/1997,55.554696,55.570321,55.382821,55.554696,44875,221022
03/18/1997,55.460946,55.585946,55.304696,55.523446,44871,220676
03/19/1997,55.648446,55.695321,55.382821,55.429696,45226,221975
03/20/1997,55.429696,55.492196,55.117196,55.367196,60289,220680
03/21/1997,55.382821,55.398446,55.242196,55.320321,25667,223860
03/24/1997,55.351571,55.445321,55.335946,55.429696,30600,215318
03/25/1997,55.554696,55.679696,55.195321,55.210946,58110,224235
03/26/1997,55.210946,55.226571,54.960946,55.101571,55492,222437
03/27/1997,55.179696,55.210946,54.648446,54.695321,61589,227121
03/31/1997,54.632821,54.804696,54.617196,54.664071,60873,223696
04/01/1997,54.710946,54.882821,54.523446,54.789071,57538,221104
04/02/1997,54.851571,54.882821,54.695321,54.835946,42470,221173
04/03/1997,54.773446,54.945321,54.773446,54.882821,21897,220804
04/04/1997,54.929696,54.960946,54.554696,54.664071,65690,226706
04/07/1997,54.757821,54.898446,54.742196,54.835946,25645,226631
04/08/1997,54.898446,54.898446,54.632821,54.726571,38891,233548
04/09/1997,54.773446,54.867196,54.710946,54.710946,31984,235521
04/10/1997,54.664071,54.679696,54.585946,54.679696,28885,239624
04/11/1997,54.710946,54.867196,54.289071,54.398446,58628,245209
04/14/1997,54.382821,54.429696,54.320321,54.382821,20914,244716
04/15/1997,54.445321,54.835946,54.429696,54.757821,50768,246768
04/16/1997,54.710946,54.789071,54.445321,54.695321,46424,247014
04/17/1997,54.789071,55.039071,54.789071,54.898446,58986,239331
04/18/1997,54.898446,55.023446,54.898446,54.976571,26727,239317
04/21/1997,55.007821,55.070321,54.804696,54.820321,21227,239204
04/22/1997,54.789071,54.945321,54.757821,54.929696,24641,237859
04/23/1997,54.960946,54.976571,54.710946,54.773446,34403,238694
04/24/1997,54.804696,54.820321,54.539071,54.585946,39711,238141
04/25/1997,54.539071,54.570321,54.460946,54.539071,28784,235613
04/28/1997,54.523446,54.679696,54.429696,54.648446,26426,236951
04/29/1997,54.648446,55.460946,54.585946,55.367196,69722,233969
04/30/1997,55.289071,55.804696,54.992196,55.648446,121914,234055
05/01/1997,55.679696,55.835946,55.601571,55.757821,53989,231167
05/02/1997,55.851571,55.960946,55.617196,55.804696,57944,229614
05/05/1997,55.851571,55.882821,55.710946,55.804696,24276,228547
05/06/1997,55.757821,55.804696,55.664071,55.789071,32878,229841
05/07/1997,55.648446,55.695321,55.382821,55.445321,47298,230301
05/08/1997,55.226571,55.648446,55.226571,55.601571,48335,230500
05/09/1997,55.773446,55.992196,55.632821,55.898446,57261,227814
05/12/1997,55.867196,56.039071,55.835946,55.976571,23882,227363
05/13/1997,55.945321,56.054696,55.648446,55.679696,54296,228986
05/14/1997,55.695321,55.992196,55.679696,55.835946,37165,230919
05/15/1997,55.757821,55.929696,55.398446,55.882821,48127,235821
05/16/1997,55.914071,55.929696,55.726571,55.789071,31193,229564
05/19/1997,55.820321,55.835946,55.695321,55.742196,15475,226625
05/20/1997,55.726571,56.085946,55.539071,55.851571,56307,224186
05/21/1997,56.007821,56.007821,55.664071,55.742196,70925,227695
05/22/1997,55.710946,55.742196,55.617196,55.648446,93676,223105
05/23/1997,55.742196,55.757821,55.679696,55.710946,19298,222388
05/27/1997,55.632821,55.648446,55.445321,55.492196,64057,221341
05/28/1997,55.429696,55.570321,55.414071,55.445321,89516,227399
05/29/1997,55.460946,55.585946,55.445321,55.570321,66968,223266
05/30/1997,55.664071,56.039071,55.632821,55.945321,155445,229092
06/02/1997,56.023446,56.164071,55.835946,55.992196,81861,224247
06/03/1997,56.070321,56.148446,55.976571,56.117196,74943,224507
06/04/1997,56.101571,56.164071,56.023446,56.117196,55782,219855
06/05/1997,56.054696,56.132821,55.992196,56.117196,56722,219597
06/06/1997,56.117196,56.570321,55.804696,56.554696,122132,226796
06/09/1997,56.492196,56.507821,56.289071,56.320321,32297,227787
06/10/1997,56.351571,56.476571,56.179696,56.242196,70552,234031
06/11/1997,56.289071,56.335946,56.242196,56.257821,33982,232749
06/12/1997,56.257821,56.773446,56.257821,56.695321,102925,235365
06/13/1997,56.726571,57.023446,56.695321,56.898446,65620,231049
06/16/1997,56.945321,57.054696,56.914071,56.976571,36995,228513
06/17/1997,56.960946,57.085946,56.742196,56.898446,38316,228638
06/18/1997,56.804696,57.023446,56.757821,56.992196,40499,225092
06/19/1997,56.976571,57.039071,56.804696,56.992196,44128,221413
06/20/1997,56.945321,57.132821,56.945321,57.070321,26068,210482
06/23/1997,57.007821,57.054696,56.929696,56.945321,17740,211536
06/24/1997,56.960946,57.007821,56.835946,56.945321,22824,209825
06/25/1997,56.851571,57.039071,56.773446,56.851571,43031,211866
06/26/1997,56.851571,56.851571,56.601571,56.648446,57302,210237
06/27/1997,56.710946,56.773446,56.648446,56.726571,34503,214503
06/30/1997,56.710946,56.710946,56.335946,56.476571,51016,213836
07/01/1997,56.492196,56.820321,56.414071,56.773446,46765,212157
07/02/1997,56.882821,56.914071,56.789071,56.882821,31122,213508
07/03/1997,56.929696,57.445321,56.914071,57.351571,51491,222688
07/07/1997,57.367196,57.617196,57.367196,57.507821,23687,221476
07/08/1997,57.492196,57.570321,57.398446,57.492196,21292,223069
07/09/1997,57.539071,57.679696,57.507821,57.585946,40355,219385
07/10/1997,57.539071,57.632821,57.429696,57.585946,30181,219568
07/11/1997,57.617196,57.773446,57.507821,57.648446,40889,222863
07/14/1997,57.539071,57.648446,57.523446,57.539071,17485,223333
07/15/1997,57.414071,57.539071,57.085946,57.523446,36851,226766
07/16/1997,57.570321,57.804696,57.570321,57.757821,33901,228536
07/17/1997,57.804696,57.929696,57.726571,57.757821,25966,228897
07/18/1997,57.648446,57.710946,57.554696,57.601571,22902,230932
07/21/1997,57.507821,57.554696,57.460946,57.507821,13524,229488
07/22/1997,57.570321,57.960946,57.492196,57.945321,47874,230107
07/23/1997,58.054696,58.101571,57.960946,57.976571,36813,231673
07/24/1997,57.960946,58.085946,57.898446,57.992196,33278,233010
07/25/1997,57.929696,58.054696,57.804696,57.898446,26697,231779
07/28/1997,57.898446,58.054696,57.898446,58.039071,16666,230825
07/29/1997,58.132821,58.257821,58.039071,58.226571,35844,231081
07/30/1997,58.273446,58.476571,58.242196,58.398446,42640,233026
07/31/1997,58.382821,58.648446,58.273446,58.570321,49847,234565
08/01/1997,58.632821,58.648446,57.804696,57.820321,92448,230774
08/04/1997,57.789071,57.835946,57.585946,57.710946,33973,230720
08/05/1997,57.648446,57.710946,57.554696,57.648446,29309,232852
08/06/1997,57.585946,57.773446,57.585946,57.726571,29117,227658
08/07/1997,57.773446,57.882821,57.585946,57.601571,37707,225090
08/08/1997,57.414071,57.414071,56.960946,57.054696,119867,228601
08/11/1997,57.148446,57.179696,56.945321,57.117196,44381,223107
08/12/1997,57.195321,57.335946,57.039071,57.054696,46878,225370
08/13/1997,56.914071,57.445321,56.867196,57.210946,79408,234911
08/14/1997,57.414071,57.554696,57.335946,57.507821,46238,230773
08/15/1997,57.523446,57.679696,57.304696,57.648446,38639,233112
08/18/1997,57.757821,57.992196,57.695321,57.867196,38678,227423
08/19/1997,57.773446,57.898446,57.726571,57.835946,42008,224856
08/20/1997,57.820321,57.835946,57.648446,57.695321,20340,221254
08/21/1997,57.679696,57.710946,57.414071,57.492196,59900,224020
08/22/1997,57.320321,57.367196,57.195321,57.273446,57590,220693
08/25/1997,57.289071,57.289071,57.148446,57.164071,50994,216361
08/26/1997,57.101571,57.273446,57.054696,57.179696,77045,223920
08/27/1997,57.257821,57.320321,57.007821,57.148446,60252,230210
08/28/1997,57.179696,57.460946,57.101571,57.460946,119046,221706
08/29/1997,57.523446,57.570321,57.132821,57.289071,78482,218240
09/02/1997,57.179696,57.476571,57.070321,57.414071,44330,218146
09/03/1997,57.476571,57.507821,57.320321,57.335946,81860,216344
09/04/1997,57.257821,57.367196,57.242196,57.289071,49845,222345
09/05/1997,57.257821,57.664071,57.164071,57.257821,80336,222583
09/08/1997,57.273446,57.351571,57.210946,57.273446,58581,237269
09/09/1997,57.226571,57.273446,57.148446,57.242196,38471,241421
09/10/1997,57.195321,57.226571,57.070321,57.164071,55544,244630
09/11/1997,57.132821,57.132821,57.007821,57.101571,83147,243200
09/12/1997,57.101571,57.539071,57.101571,57.507821,79874,243030
09/15/1997,57.492196,57.585946,57.445321,57.539071,26459,239776
09/16/1997,57.585946,58.335946,57.570321,58.289071,192664,240736
09/17/1997,58.273446,58.507821,58.195321,58.351571,74324,238164
09/18/1997,58.367196,58.476571,58.257821,58.273446,72640,235503
09/19/1997,58.195321,58.320321,58.164071,58.289071,25048,230574
09/22/1997,58.382821,58.429696,58.351571,58.414071,15599,230123
09/23/1997,58.367196,58.398446,58.257821,58.273446,22697,233731
09/24/1997,58.242196,58.507821,58.226571,58.460946,37779,237554
09/25/1997,58.414071,58.414071,58.070321,58.117196,64924,237558
09/26/1997,58.195321,58.414071,58.164071,58.320321,32685,236252
09/29/1997,58.273446,58.335946,58.179696,58.320321,14568,232089
09/30/1997,58.382821,58.398446,58.132821,58.257821,51722,228806
10/01/1997,58.367196,58.695321,58.335946,58.585946,53338,235001
10/02/1997,58.648446,58.789071,58.539071,58.664071,25350,230503
10/03/1997,58.757821,59.445321,58.445321,58.679696,89528,235192
10/06/1997,58.867196,59.007821,58.835946,58.882821,26305,235733
10/07/1997,58.960946,59.023446,58.820321,58.976571,27969,234694
10/08/1997,59.054696,59.070321,58.289071,58.351571,85091,232071
10/09/1997,58.210946,58.320321,57.929696,58.273446,76640,230055
10/10/1997,58.289071,58.289071,57.726571,58.070321,76640,230055
10/14/1997,58.226571,58.367196,58.195321,58.351571,22266,224871
10/15/1997,58.382821,58.429696,58.054696,58.195321,40934,228658
10/16/1997,58.070321,58.429696,58.070321,58.195321,51724,229187
10/17/1997,58.164071,58.164071,57.773446,57.882821,44362,230887
10/20/1997,57.914071,57.929696,57.820321,57.914071,26175,230870
10/21/1997,57.914071,57.960946,57.804696,57.914071,34354,230348
10/22/1997,57.914071,57.992196,57.820321,57.976571,29909,237541
10/23/1997,58.445321,58.695321,58.273446,58.445321,75988,235106
10/24/1997,58.242196,58.648446,58.226571,58.554696,65404,233893
10/27/1997,58.851571,59.210946,58.648446,59.164071,93478,237054
10/28/1997,59.570321,59.773446,58.710946,58.726571,102668,232412
10/29/1997,58.789071,59.164071,58.679696,58.960946,89436,238208
10/30/1997,59.242196,59.382821,59.039071,59.210946,74640,243842
10/31/1997,59.070321,59.320321,58.929696,59.257821,42017,244955
11/03/1997,58.992196,59.039071,58.804696,58.960946,36589,241573
11/04/1997,58.945321,59.007821,58.742196,58.757821,29404,242755
11/05/1997,58.695321,58.882821,58.695321,58.773446,33547,241345
11/06/1997,58.773446,59.007821,58.742196,58.960946,22482,241523
11/07/1997,59.195321,59.226571,58.789071,58.898446,62828,241368
11/10/1997,58.773446,58.882821,58.742196,58.851571,62828,241368
11/12/1997,58.976571,59.007821,58.695321,58.914071,57876,246045
11/13/1997,58.914071,59.226571,58.835946,58.992196,58236,245420
11/14/1997,59.132821,59.289071,58.960946,59.007821,53304,243519
11/17/1997,58.898446,59.085946,58.789071,59.070321,40403,243445
11/18/1997,59.101571,59.148446,58.945321,59.054696,41738,245050
11/19/1997,59.148446,59.242196,59.070321,59.179696,32304,249389
11/20/1997,59.070321,59.226571,59.023446,59.070321,83351,254580
11/21/1997,58.960946,59.257821,58.882821,59.242196,77846,255182
11/24/1997,59.179696,59.195321,59.054696,59.070321,80225,250341
11/25/1997,59.039071,59.132821,59.023446,59.070321,107789,249952
11/26/1997,58.960946,59.085946,58.945321,59.023446,151538,266832
11/28/1997,59.007821,59.007821,58.914071,58.945321,30334,267938
12/01/1997,58.929696,59.070321,58.867196,58.945321,67724,263236
12/02/1997,58.945321,59.007821,58.867196,58.976571,37260,259797
12/03/1997,58.992196,59.148446,58.960946,59.085946,81560,253853
12/04/1997,59.148446,59.351571,59.117196,59.132821,75586,250061
12/05/1997,59.117196,59.132821,57.851571,58.726571,225617,275370
12/08/1997,58.742196,58.742196,58.507821,58.523446,47538,272715
12/09/1997,58.523446,58.695321,58.507821,58.601571,54505,271900
12/10/1997,58.710946,58.929696,58.679696,58.867196,63425,274873
12/11/1997,59.054696,59.398446,59.054696,59.179696,103492,268127
12/12/1997,59.210946,59.523446,59.195321,59.507821,49058,265883
12/15/1997,59.523446,59.539071,59.335946,59.351571,42341,264770
12/16/1997,59.382821,59.414071,59.242196,59.367196,37606,261868
12/17/1997,59.195321,59.320321,59.132821,59.273446,53739,263162
12/18/1997,59.304696,59.507821,59.304696,59.398446,38327,260342
12/19/1997,59.523446,59.835946,59.476571,59.601571,45065,252073
12/22/1997,59.585946,59.601571,59.460946,59.554696,12412,245247
12/23/1997,59.507821,59.632821,59.460946,59.539071,17521,240848
12/24/1997,59.492196,59.554696,59.460946,59.476571,7450,240202
12/26/1997,59.398446,59.539071,59.398446,59.476571,9188,237704
12/29/1997,59.476571,59.507821,59.398446,59.414071,15581,235843
12/30/1997,59.367196,59.367196,59.070321,59.242196,31442,236213
12/31/1997,59.335946,59.492196,59.257821,59.476571,20722,237231
01/02/1998,59.507821,59.898446,59.460946,59.867196,45812,228698
01/05/1998,60.164071,60.617196,60.164071,60.601571,143125,247993
01/06/1998,60.617196,60.742196,60.476571,60.726571,81242,251930
01/07/1998,60.648446,60.820321,60.539071,60.601571,62752,255492
01/08/1998,60.757821,61.101571,60.757821,60.992196,7294,260534
01/09/1998,60.960946,61.507821,60.539071,61.460946,92528,260066
01/12/1998,61.570321,62.085946,61.289071,61.445321,98926,264494
01/13/1998,61.289071,61.382821,61.132821,61.273446,68039,265468
01/14/1998,60.960946,61.320321,60.898446,61.039071,54941,265039
01/15/1998,61.210946,61.210946,60.929696,61.039071,58304,259355
01/16/1998,60.835946,60.882821,60.710946,60.742196,58304,259355
01/20/1998,60.867196,60.882821,60.601571,60.617196,43802,256934
01/21/1998,60.648446,60.804696,60.429696,60.742196,61912,259840
01/22/1998,60.867196,61.023446,60.742196,60.835946,69485,258880
01/23/1998,60.632821,60.695321,60.195321,60.226571,69447,257293
01/26/1998,60.335946,60.460946,60.257821,60.445321,46745,257635
01/27/1998,60.414071,60.414071,59.992196,60.101571,59506,257094
01/28/1998,60.148446,60.257821,59.929696,60.117196,55927,257982
01/29/1998,60.148446,60.773446,59.992196,60.695321,85237,263531
01/30/1998,60.679696,60.851571,60.601571,60.820321,61826,255967
02/02/1998,60.742196,60.851571,60.585946,60.648446,36024,252742
02/03/1998,60.648446,60.882821,60.617196,60.726571,39777,254873
02/04/1998,60.726571,60.882821,60.679696,60.789071,34786,259238
02/05/1998,60.757821,60.820321,60.539071,60.570321,62975,259479
02/06/1998,60.585946,60.632821,59.976571,60.507821,53209,260799
02/09/1998,60.476571,60.476571,60.226571,60.320321,26549,261007
02/10/1998,60.414071,60.476571,60.351571,60.414071,27447,264165
02/11/1998,60.554696,60.617196,60.507821,60.601571,35059,264641
02/12/1998,60.570321,60.851571,60.539071,60.554696,57412,267073
02/13/1998,60.742196,60.773446,60.601571,60.710946,51031,270933
02/17/1998,60.882821,60.929696,60.820321,60.835946,64621,272600
02/18/1998,60.835946,60.976571,60.664071,60.679696,54174,271365
02/19/1998,60.664071,60.695321,60.554696,60.617196,40690,272631
02/20/1998,60.539071,60.617196,60.460946,60.539071,41610,275547
02/23/1998,60.679696,60.679696,60.335946,60.367196,76884,281800
02/24/1998,60.460946,60.507821,59.679696,59.773446,235364,279727
02/25/1998,59.898446,59.976571,59.804696,59.960946,169695,275830
02/26/1998,59.960946,59.960946,59.757821,59.789071,173026,288323
02/27/1998,59.804696,59.914071,59.570321,59.882821,141834,298147
03/02/1998,59.820321,59.835946,59.539071,59.570321,88994,296002
03/03/1998,59.617196,59.664071,59.242196,59.351571,102659,291980
03/04/1998,59.289071,59.523446,59.289071,59.398446,80726,288157
03/05/1998,59.617196,59.632821,59.335946,59.414071,73525,286529
03/06/1998,59.335946,59.648446,59.070321,59.601571,84690,280395
03/09/1998,59.632821,59.851571,59.570321,59.773446,45267,274652
03/10/1998,59.773446,59.835946,59.710946,59.804696,40931,276340
03/11/1998,59.898446,60.007821,59.851571,59.929696,64476,277515
03/12/1998,59.898446,60.226571,59.804696,60.195321,83372,280206
03/13/1998,60.164071,60.195321,59.976571,60.148446,43626,283127
03/16/1998,60.179696,60.351571,60.179696,60.335946,62060,288505
03/17/1998,60.304696,60.523446,60.195321,60.304696,116088,275797
03/18/1998,60.289071,60.304696,60.148446,60.195321,38810,276191
03/19/1998,60.210946,60.226571,59.945321,60.148446,54671,277451
03/20/1998,60.164071,60.242196,60.132821,60.164071,27783,278479
03/23/1998,60.054696,60.210946,60.007821,60.164071,23969,273278
03/24/1998,60.117196,60.210946,60.070321,60.132821,19763,273042
03/25/1998,60.179696,60.226571,59.757821,59.820321,79503,279917
03/26/1998,59.757821,59.804696,59.632821,59.648446,50955,275684
03/27/1998,59.695321,59.757821,59.492196,59.539071,52826,277922
03/30/1998,59.570321,59.585946,59.320321,59.398446,58567,286164
03/31/1998,59.429696,59.710946,59.414071,59.695321,47212,286178
04/01/1998,59.773446,59.929696,59.695321,59.914071,58635,286095
04/02/1998,59.960946,60.117196,59.914071,60.101571,49263,289525
04/03/1998,60.304696,60.851571,60.304696,60.570321,159083,271403
04/06/1998,60.507821,60.523446,60.367196,60.398446,35836,271016
04/07/1998,60.398446,60.445321,60.289071,60.335946,30224,270208
04/08/1998,60.367196,60.398446,60.132821,60.179696,34429,269144
04/09/1998,60.289071,60.367196,59.914071,60.117196,48662,269985
04/13/1998,60.085946,60.085946,59.679696,59.804696,65397,270455
04/14/1998,59.945321,60.007821,59.773446,59.945321,46159,270955
04/15/1998,60.023446,60.039071,59.851571,60.023446,29893,274321
04/16/1998,60.085946,60.179696,60.023446,60.085946,38764,275641
04/17/1998,60.117196,60.210946,60.054696,60.085946,28449,274924
04/20/1998,60.023446,60.039071,59.835946,59.929696,25020,275042
04/21/1998,59.898446,59.914071,59.695321,59.742196,41199,275896
04/22/1998,59.695321,59.835946,59.632821,59.742196,34457,277010
04/23/1998,59.695321,59.757821,59.632821,59.726571,26797,277694
04/24/1998,59.632821,59.820321,59.632821,59.804696,36672,272321
04/27/1998,59.492196,59.492196,59.101571,59.195321,148673,293560
04/28/1998,59.320321,59.367196,59.179696,59.195321,42632,291448
04/29/1998,59.148446,59.226571,59.054696,59.164071,46495,288622
04/30/1998,59.101571,59.757821,59.070321,59.710946,76805,283094
05/01/1998,59.804696,60.007821,59.726571,59.773446,69753,273937
05/04/1998,59.710946,59.820321,59.695321,59.773446,20292,271366
05/05/1998,59.664071,59.804696,59.632821,59.664071,41211,268999
05/06/1998,59.648446,59.882821,59.601571,59.867196,77768,268080
05/07/1998,59.835946,59.960946,59.789071,59.867196,31634,266896
05/08/1998,59.820321,59.851571,59.570321,59.695321,48001,267325
05/11/1998,59.585946,59.585946,59.367196,59.382821,30348,269186
05/12/1998,59.429696,59.742196,59.398446,59.726571,45386,272200
05/13/1998,59.664071,59.867196,59.617196,59.742196,49161,271664
05/14/1998,59.742196,59.757821,59.585946,59.601571,39710,270528
05/15/1998,59.617196,59.679696,59.554696,59.570321,35823,264475
05/18/1998,59.585946,59.742196,59.570321,59.726571,47442,270861
05/19/1998,59.679696,59.757821,59.648446,59.726571,38767,274238
05/20/1998,59.757821,59.945321,59.757821,59.867196,90250,277973
05/21/1998,59.835946,59.898446,59.570321,59.632821,85680,284197
05/22/1998,59.664071,59.695321,59.554696,59.695321,27841,288009
05/26/1998,59.789071,59.898446,59.789071,59.867196,76312,289584
05/27/1998,60.101571,60.164071,60.039071,60.039071,136152,283434
05/28/1998,59.945321,60.039071,59.898446,59.945321,146383,274018
05/29/1998,60.007821,60.101571,59.960946,60.007821,95522,275937
06/01/1998,60.085946,60.226571,60.070321,60.132821,85073,271468
06/02/1998,60.070321,60.070321,59.960946,60.039071,73138,272694
06/03/1998,59.976571,60.007821,59.898446,59.976571,64657,273491
06/04/1998,59.882821,59.945321,59.742196,59.867196,101244,269570
06/05/1998,59.851571,60.039071,59.492196,59.882821,108145,272102
06/08/1998,59.898446,59.914071,59.804696,59.882821,50277,265975
06/09/1998,59.851571,59.914071,59.789071,59.867196,50259,263251
06/10/1998,60.054696,60.164071,59.960946,60.101571,65845,264833
06/11/1998,60.148446,60.585946,60.070321,60.554696,83760,268602
06/12/1998,60.492196,60.804696,60.367196,60.710946,84781,263974
06/15/1998,60.789071,60.929696,60.695321,60.789071,68493,263026
06/16/1998,60.632821,60.710946,60.445321,60.460946,69225,260554
06/17/1998,60.148446,60.242196,59.867196,60.117196,91376,250272
06/18/1998,60.195321,60.320321,60.179696,60.226571,32697,243609
06/19/1998,60.117196,60.382821,60.054696,60.351571,48404,244401
06/22/1998,60.507821,60.507821,60.382821,60.398446,20552,233864
06/23/1998,60.429696,60.460946,60.367196,60.445321,26899,238633
06/24/1998,60.398446,60.585946,60.367196,60.398446,46180,240318
06/25/1998,60.414071,60.429696,60.164071,60.320321,37027,236896
06/26/1998,60.210946,60.445321,60.195321,60.335946,27262,241157
06/29/1998,60.335946,60.382821,60.304696,60.320321,22382,237747
06/30/1998,60.257821,60.492196,60.195321,60.460946,53681,241486
07/01/1998,60.429696,60.726571,60.414071,60.585946,50909,245048
07/02/1998,60.710946,60.867196,60.617196,60.632821,38608,242629
07/06/1998,60.695321,60.757821,60.679696,60.742196,21730,249839
07/07/1998,60.695321,60.695321,60.585946,60.632821,44078,255874
07/08/1998,60.679696,60.710946,60.570321,60.632821,20122,254888
07/09/1998,60.664071,60.804696,60.632821,60.789071,42829,263073
07/10/1998,60.773446,60.804696,60.710946,60.773446,21793,264014
07/13/1998,60.804696,60.804696,60.476571,60.554696,46873,261567
07/14/1998,60.523446,60.648446,60.429696,60.476571,42021,261659
07/15/1998,60.554696,60.601571,60.492196,60.507821,31182,266237
07/16/1998,60.445321,60.585946,60.335946,60.382821,51224,265001
07/17/1998,60.445321,60.492196,60.335946,60.382821,25125,266137
07/20/1998,60.398446,60.507821,60.382821,60.476571,16393,265578
07/21/1998,60.601571,60.632821,60.367196,60.476571,67630,272011
07/22/1998,60.445321,60.539071,60.429696,60.445321,39774,270386
07/23/1998,60.523446,60.601571,60.414071,60.492196,28247,268089
07/24/1998,60.476571,60.554696,60.414071,60.429696,26854,269271
07/27/1998,60.429696,60.492196,60.398446,60.414071,23243,271259
07/28/1998,60.398446,60.460946,60.289071,60.398446,60047,268456
07/29/1998,60.382821,60.398446,60.210946,60.242196,66712,279758
07/30/1998,60.226571,60.304696,60.023446,60.273446,90917,281604
07/31/1998,60.304696,60.320321,60.179696,60.257821,40650,282255
08/03/1998,60.320321,60.523446,60.320321,60.492196,56902,293712
08/04/1998,60.445321,60.726571,60.429696,60.601571,55401,296685
08/05/1998,60.601571,60.695321,60.539071,60.679696,61376,300946
08/06/1998,60.679696,60.710946,60.617196,60.664071,58222,311460
08/07/1998,60.804696,60.960946,60.757821,60.929696,108567,336531
08/10/1998,60.851571,60.960946,60.851571,60.898446,64357,345966
08/11/1998,61.164071,61.304696,61.054696,61.085946,120315,366522
08/12/1998,60.960946,61.023446,60.851571,61.007821,79530,369269
08/13/1998,61.054696,61.054696,60.851571,60.867196,55966,375813
08/14/1998,60.804696,61.007821,60.757821,60.960946,97641,377118
08/17/1998,61.085946,61.164071,61.023446,61.039071,61742,386471
08/18/1998,60.992196,60.992196,60.851571,60.960946,69549,392569
08/19/1998,60.914071,60.960946,60.820321,60.960946,58118,400270
08/20/1998,60.851571,61.164071,60.851571,61.117196,77382,409115
08/21/1998,61.367196,62.179696,61.351571,61.429696,184001,432217
08/24/1998,61.601571,61.757821,61.476571,61.648446,119710,436903
08/25/1998,61.820321,61.914071,61.726571,61.914071,167583,449202
08/26/1998,62.007821,62.242196,61.914071,62.070321,217878,458985
08/27/1998,62.242196,62.914071,62.242196,62.429696,271647,480743
08/28/1998,62.429696,62.710946,62.164071,62.601571,187193,484290
08/31/1998,62.429696,62.835946,62.367196,62.726571,194717,466698
09/01/1998,62.820321,63.101571,62.507821,62.695321,199892,416342
09/02/1998,62.445321,62.507821,62.242196,62.445321,109896,393913
09/03/1998,62.664071,62.789071,62.570321,62.664071,75837,386120
09/04/1998,62.445321,62.789071,62.414071,62.695321,51061,380914
09/08/1998,62.664071,62.851571,62.554696,62.773446,60180,384349
09/09/1998,63.039071,63.414071,62.976571,63.367196,104865,388936
09/10/1998,63.601571,64.445321,63.585946,64.398446,141712,391101
09/11/1998,64.242196,64.882821,63.773446,63.914071,106019,386974
09/14/1998,63.695321,63.898446,63.507821,63.851571,71520,386872
09/15/1998,64.148446,64.164071,63.617196,63.742196,70542,385649
09/16/1998,63.554696,63.820321,63.414071,63.804696,106782,391882
09/17/1998,64.101571,64.289071,63.992196,64.085946,78879,382339
09/18/1998,64.085946,64.539071,64.023446,64.492196,59063,369764
09/21/1998,64.914071,65.054696,64.226571,64.460946,79100,363139
09/22/1998,64.132821,64.460946,64.117196,64.148446,48697,356270
09/23/1998,64.320321,64.757821,64.085946,64.585946,69092,359974
09/24/1998,64.507821,64.914071,64.445321,64.898446,80381,376504
09/25/1998,65.257821,65.257821,64.679696,65.007821,66155,374644
09/28/1998,65.070321,65.148446,64.945321,65.007821,33224,378584
09/29/1998,65.039071,65.054696,64.632821,64.976571,71038,384719
09/30/1998,65.210946,65.632821,65.101571,65.585946,57010,379986
10/01/1998,65.976571,66.210946,65.742196,66.179696,114034,391390
10/02/1998,65.992196,66.382821,65.867196,66.085946,78461,391263
10/05/1998,66.210946,66.851571,66.148446,66.601571,42606,387301
10/06/1998,66.601571,66.601571,65.914071,66.242196,63504,385348
10/07/1998,66.070321,66.351571,65.414071,65.898446,100245,375777
10/08/1998,66.070321,66.195321,64.992196,65.023446,110389,374961
10/09/1998,64.757821,65.007821,63.601571,64.242196,92577,373332
10/13/1998,64.664071,64.820321,64.429696,64.726571,77724,386426
10/14/1998,65.085946,65.414071,64.992196,65.320321,89475,384879
10/15/1998,65.460946,65.554696,64.992196,65.273446,72480,387428
10/16/1998,66.132821,66.664071,65.914071,66.242196,66676,374403
10/19/1998,66.335946,66.445321,66.164071,66.226571,35033,375818
10/20/1998,66.164071,66.164071,65.648446,65.898446,95009,380606
10/21/1998,65.695321,65.867196,65.601571,65.664071,36526,381639
10/22/1998,65.617196,65.695321,65.351571,65.445321,55324,379516
10/23/1998,65.382821,65.398446,65.007821,65.117196,41603,381340
10/26/1998,64.914071,65.382821,64.773446,64.976571,55611,386230
10/27/1998,65.164071,65.554696,65.117196,65.492196,64865,387813
10/28/1998,65.632821,65.882821,65.492196,65.726571,58860,393761
10/29/1998,65.820321,66.039071,65.742196,65.960946,43771,396608
10/30/1998,65.976571,65.976571,65.242196,65.273446,77847,384159
11/02/1998,65.179696,65.257821,64.664071,64.679696,54874,377808
11/03/1998,64.726571,64.914071,64.632821,64.742196,45475,375391
11/04/1998,64.601571,64.632821,63.726571,64.054696,101173,361662
11/05/1998,64.289071,64.726571,63.742196,63.960946,87653,354274
11/06/1998,63.992196,63.992196,63.257821,63.476571,86615,355323
11/09/1998,63.414071,63.742196,63.226571,63.664071,46479,354062
11/10/1998,63.960946,64.117196,63.710946,63.789071,46479,354062
11/12/1998,63.992196,64.195321,63.851571,64.007821,47405,350044
11/13/1998,64.054696,64.101571,63.710946,63.835946,67313,352213
11/16/1998,63.695321,63.835946,63.601571,63.773446,77550,360568
11/17/1998,63.867196,64.320321,63.601571,63.773446,71385,354535
11/18/1998,63.632821,63.851571,63.460946,63.601571,116634,356684
11/19/1998,63.570321,63.710946,63.320321,63.351571,113749,351503
11/20/1998,63.367196,63.570321,63.320321,63.460946,130116,346144
11/23/1998,63.492196,63.695321,63.445321,63.460946,63172,335209
11/24/1998,63.398446,63.460946,63.289071,63.382821,151773,348638
11/25/1998,63.476571,63.570321,63.351571,63.367196,111437,346723
11/27/1998,63.539071,63.539071,63.476571,63.507821,38892,343135
11/30/1998,63.695321,64.054696,63.664071,64.039071,170835,340886
12/01/1998,64.289071,64.554696,64.226571,64.398446,112698,341080
12/02/1998,64.507821,65.226571,64.429696,64.898446,164451,347084
12/03/1998,64.960946,65.023446,64.695321,64.867196,76899,343363
12/04/1998,64.492196,64.507821,63.976571,64.007821,68231,329686
12/07/1998,64.507821,64.554696,63.976571,63.992196,68231,329686
12/08/1998,64.085946,64.351571,64.054696,64.320321,50313,327022
12/09/1998,64.539071,64.679696,64.414071,64.617196,50369,323862
12/10/1998,64.507821,64.851571,64.382821,64.742196,55955,326026
12/11/1998,64.804696,64.867196,64.351571,64.398446,59630,324958
12/14/1998,64.476571,64.742196,64.476571,64.617196,71798,332004
12/15/1998,64.507821,64.601571,64.273446,64.289071,66041,326652
12/16/1998,64.320321,64.664071,64.242196,64.539071,63929,327333
12/17/1998,64.523446,64.554696,64.367196,64.539071,44335,324561
12/18/1998,64.429696,64.476571,64.351571,64.414071,22190,324991
12/21/1998,64.304696,64.320321,63.945321,64.085946,35595,323577
12/22/1998,63.789071,64.007821,63.757821,63.882821,23389,303106
12/23/1998,63.773446,63.851571,63.148446,63.164071,40609,300838
12/24/1998,63.210946,63.242196,62.507821,62.742196,50151,308590
12/28/1998,62.882821,63.101571,62.757821,63.054696,13147,308444
12/29/1998,62.960946,63.398446,62.882821,63.335946,23730,306064
12/30/1998,63.414071,63.695321,63.414071,63.617196,21139,305700
12/31/1998,63.695321,63.757821,63.507821,63.601571,18938,302067
01/04/1999,63.664071,63.710946,63.304696,63.539071,51289,303108
01/05/1999,63.367196,63.492196,63.242196,63.273446,55770,304782
01/06/1999,63.226571,63.414071,63.023446,63.398446,64086,305766
01/07/1999,63.507821,63.539071,63.164071,63.226571,58061,302708
01/08/1999,63.179696,63.195321,62.617196,62.835946,75280,305381
01/11/1999,62.632821,62.726571,62.398446,62.679696,58270,302379
01/12/1999,62.601571,63.101571,62.570321,62.960946,67081,293447
01/13/1999,63.726571,63.976571,63.117196,63.351571,93441,288675
01/14/1999,63.273446,63.867196,63.179696,63.820321,59349,285531
01/15/1999,63.601571,63.695321,63.429696,63.445321,59349,285531
01/19/1999,63.445321,63.554696,63.195321,63.367196,46039,283728
01/20/1999,63.164071,63.320321,62.960946,63.195321,45383,283254
01/21/1999,63.351571,63.570321,63.320321,63.445321,45455,284631
01/22/1999,63.601571,63.726571,63.523446,63.648446,44286,284023
01/25/1999,63.679696,63.757821,63.507821,63.632821,35262,283166
01/26/1999,63.695321,63.710946,63.460946,63.523446,35155,281907
01/27/1999,63.445321,63.648446,63.367196,63.617196,37523,283604
01/28/1999,63.476571,63.726571,63.445321,63.632821,47515,279140
01/29/1999,63.507821,63.710946,63.320321,63.695321,52826,277191
02/01/1999,63.585946,63.585946,63.179696,63.242196,54297,280807
02/02/1999,63.132821,63.179696,62.960946,62.992196,77508,270726
02/03/1999,62.882821,62.976571,62.757821,62.773446,62313,268264
02/04/1999,62.695321,62.710946,62.257821,62.429696,98393,274925
02/05/1999,62.554696,62.585946,62.195321,62.242196,66661,276011
02/08/1999,62.195321,62.445321,62.179696,62.335946,30296,268021
02/09/1999,62.429696,62.585946,62.429696,62.476571,33802,268114
02/10/1999,62.554696,62.585946,62.304696,62.398446,51900,268172
02/11/1999,62.289071,62.398446,62.195321,62.289071,46362,268721
02/12/1999,61.914071,62.039071,61.429696,61.601571,67794,272883
02/16/1999,61.789071,61.789071,61.429696,61.601571,53444,273789
02/17/1999,61.632821,61.867196,61.617196,61.835946,50886,270009
02/18/1999,61.882821,61.898446,61.554696,61.601571,57573,275075
02/19/1999,61.523446,61.648446,61.351571,61.507821,64556,269895
02/22/1999,61.398446,61.710946,61.398446,61.695321,112043,255227
02/23/1999,61.726571,61.726571,61.257821,61.320321,120490,262840
02/24/1999,61.289071,61.320321,60.867196,60.882821,126781,256420
02/25/1999,60.789071,60.851571,60.039071,60.289071,185445,262723
02/26/1999,60.257821,60.570321,60.148446,60.382821,109737,260047
03/01/1999,60.382821,60.414071,59.757821,59.976571,90151,260283
03/02/1999,60.039071,60.320321,60.023446,60.117196,96499,257391
03/03/1999,60.367196,60.367196,59.945321,60.054696,73584,261330
03/04/1999,60.070321,60.070321,59.851571,59.914071,78759,255467
03/05/1999,59.945321,60.820321,59.945321,60.304696,72858,260821
03/08/1999,60.398446,60.539071,60.320321,60.367196,35523,259735
03/09/1999,60.257821,60.882821,60.179696,60.820321,66953,256247
03/10/1999,60.835946,60.867196,60.632821,60.710946,57010,259157
03/11/1999,60.648446,60.804696,60.554696,60.726571,58361,256982
03/12/1999,60.742196,61.023446,60.742196,60.992196,45669,257610
03/15/1999,60.976571,61.085946,60.929696,61.070321,36799,252536
03/16/1999,61.117196,61.289071,61.023446,61.226571,47482,243865
03/17/1999,61.273446,61.382821,61.085946,61.148446,56622,234364
03/18/1999,61.148446,61.335946,61.148446,61.257821,45302,230234
03/19/1999,61.289071,61.351571,60.976571,60.992196,50611,229847
03/22/1999,60.867196,60.976571,60.757821,60.835946,32551,227611
03/23/1999,60.867196,60.960946,60.789071,60.929696,42838,229116
03/24/1999,61.164071,61.320321,61.039071,61.101571,46727,229888
03/25/1999,61.179696,61.195321,60.851571,60.882821,41259,235143
03/26/1999,60.929696,61.273446,60.914071,60.976571,73913,242215
03/29/1999,61.054696,61.054696,60.695321,60.742196,43375,245094
03/30/1999,60.773446,61.054696,60.726571,61.039071,37316,243933
03/31/1999,61.039071,61.117196,60.664071,60.851571,42110,248187
04/01/1999,60.992196,60.992196,60.585946,60.695321,42110,248187
04/02/1999,60.695321,61.148446,60.648446,61.117196,45373,253177
04/05/1999,61.132821,61.226571,61.054696,61.148446,19285,251342
04/06/1999,61.226571,61.507821,61.226571,61.414071,104666,256454
04/07/1999,61.414071,61.460946,61.273446,61.304696,41651,243845
04/08/1999,61.367196,61.804696,61.257821,61.757821,59228,243437
04/09/1999,61.742196,61.898446,61.664071,61.710946,36750,239441
04/12/1999,61.820321,61.898446,61.664071,61.679696,27631,239436
04/13/1999,61.742196,61.757821,61.429696,61.507821,35039,236134
04/14/1999,61.539071,61.570321,61.398446,61.445321,37583,235537
04/15/1999,61.414071,61.414071,61.226571,61.289071,57485,236517
04/16/1999,61.226571,61.257821,60.945321,60.992196,60332,243890
04/19/1999,60.976571,61.257821,60.914071,61.242196,45368,248503
04/20/1999,61.304696,61.476571,61.257821,61.351571,31719,246278
04/21/1999,61.476571,61.476571,61.273446,61.304696,26899,247599
04/22/1999,61.210946,61.257821,60.898446,60.914071,48516,252034
04/23/1999,60.992196,61.070321,60.882821,60.976571,39277,250930
04/26/1999,60.867196,61.070321,60.757821,61.054696,58180,250083
04/27/1999,61.039071,61.179696,60.929696,61.117196,29080,251892
04/28/1999,61.023446,61.054696,60.898446,60.992196,43895,245644
04/29/1999,60.992196,61.476571,60.976571,61.289071,51724,243677
04/30/1999,61.351571,61.382821,60.414071,60.554696,115839,265970
05/03/1999,60.523446,60.632821,60.367196,60.539071,42537,271133
05/04/1999,60.617196,60.648446,60.289071,60.335946,89047,286590
05/05/1999,60.445321,60.539071,60.289071,60.460946,59254,286268
05/06/1999,60.445321,60.460946,59.882821,59.945321,89276,293791
05/07/1999,59.960946,60.257821,59.804696,59.835946,75295,299937
05/10/1999,59.757821,60.070321,59.695321,59.992196,40797,298893
05/11/1999,59.945321,60.023446,59.695321,59.726571,45126,303131
05/12/1999,59.726571,59.945321,59.539071,59.835946,55903,299499
05/13/1999,59.914071,60.320321,59.882821,60.289071,46246,299422
05/14/1999,60.273446,60.320321,59.101571,59.304696,106583,312625
05/17/1999,59.148446,59.289071,59.070321,59.179696,59012,311391
05/18/1999,59.273446,59.460946,58.820321,58.992196,62767,310617
05/19/1999,59.132821,59.164071,58.898446,59.132821,86631,317678
05/20/1999,59.164071,59.195321,58.960946,59.132821,77129,326736
05/21/1999,59.242196,59.617196,59.164071,59.460946,129048,322627
05/24/1999,59.429696,59.632821,59.304696,59.554696,78444,321772
05/25/1999,59.539071,59.601571,59.460946,59.476571,147500,316617
05/26/1999,59.476571,59.523446,59.164071,59.195321,164244,327643
05/27/1999,59.210946,59.242196,58.679696,58.773446,224411,353665
05/28/1999,58.632821,58.867196,58.507821,58.820321,132625,362092
06/01/1999,58.664071,58.710946,58.101571,58.257821,105425,354903
06/02/1999,58.289071,58.398446,57.960946,58.242196,135373,349625
06/03/1999,58.382821,58.460946,58.164071,58.242196,78368,348898
06/04/1999,58.226571,58.445321,57.960946,58.195321,71322,351894
06/07/1999,58.226571,58.382821,58.179696,58.226571,35937,349844
06/08/1999,58.289071,58.351571,58.117196,58.132821,69778,359033
06/09/1999,58.226571,58.242196,57.882821,58.023446,89725,369792
06/10/1999,57.726571,57.820321,57.554696,57.789071,62117,370775
06/11/1999,57.757821,57.898446,57.445321,57.476571,85979,368798
06/14/1999,57.617196,57.726571,57.539071,57.648446,47824,362407
06/15/1999,57.804696,57.992196,57.710946,57.726571,72463,365522
06/16/1999,57.882821,58.210946,57.835946,57.867196,90195,361233
06/17/1999,58.023446,58.679696,57.835946,58.617196,92602,354718
06/18/1999,58.585946,58.648446,58.320321,58.335946,59711,346828
06/21/1999,58.367196,58.367196,57.898446,58.070321,49502,337876
06/22/1999,57.992196,58.023446,57.820321,57.945321,25269,321065
06/23/1999,57.851571,57.851571,57.507821,57.664071,49270,329760
06/24/1999,57.773446,57.773446,57.429696,57.539071,56700,330454
06/25/1999,57.632821,57.804696,57.585946,57.679696,30451,327200
06/28/1999,57.648446,57.960946,57.632821,57.929696,24636,328981
06/29/1999,57.945321,58.117196,57.867196,58.085946,35029,329079
06/30/1999,58.007821,58.929696,57.710946,58.844746,94885,327282
07/01/1999,58.664071,58.804696,58.335946,58.648446,94885,327282
07/02/1999,58.648446,58.757821,58.210946,58.632821,41894,322194
07/06/1999,58.429696,58.476571,58.242196,58.429696,39979,322916
07/07/1999,58.320321,58.382821,58.210946,58.320321,28555,324944
07/08/1999,58.289071,58.664071,58.164071,58.648446,56904,332062
07/09/1999,58.726571,58.820321,58.570321,58.617196,40533,331055
07/12/1999,58.664071,59.210946,58.632821,59.101571,65324,329773
07/13/1999,59.164071,59.460946,59.117196,59.210946,60778,333854
07/14/1999,59.117196,59.429696,58.992196,59.070321,39581,330503
07/15/1999,59.054696,59.289071,58.914071,59.085946,51216,323232
07/16/1999,59.195321,59.382821,59.195321,59.335946,28882,322647
07/19/1999,59.414071,59.507821,59.382821,59.398446,19510,323234
07/20/1999,59.226571,59.585946,59.164071,59.554696,40458,325704
07/21/1999,59.492196,59.554696,59.429696,59.523446,23353,322566
07/22/1999,59.554696,59.648446,58.851571,58.992196,86748,316129
07/23/1999,58.835946,58.867196,58.601571,58.726571,67549,323790
07/26/1999,58.492196,58.710946,58.476571,58.617196,33448,324590
07/27/1999,58.632821,58.789071,58.617196,58.757821,41478,325999
07/28/1999,58.710946,58.773446,58.648446,58.695321,36590,321171
07/29/1999,58.585946,58.601571,57.773446,58.351571,142099,326823
07/30/1999,58.179696,58.226571,58.054696,58.210946,49773,327010
08/02/1999,57.976571,58.273446,57.851571,58.164071,47857,328200
08/03/1999,58.085946,58.273446,57.992196,58.085946,40390,333416
08/04/1999,58.070321,58.257821,58.039071,58.132821,79610,341110
08/05/1999,58.148446,58.570321,58.132821,58.460946,78036,339336
08/06/1999,58.617196,58.617196,57.710946,57.757821,126763,360660
08/09/1999,57.570321,57.585946,57.320321,57.335946,60960,358915
08/10/1999,57.273446,57.476571,57.179696,57.304696,81491,365690
08/11/1999,57.460946,57.539071,57.242196,57.523446,80280,358212
08/12/1999,57.601571,57.742196,57.398446,57.570321,51852,354627
08/13/1999,57.539071,58.132821,57.523446,58.085946,87213,350778
08/16/1999,58.007821,58.226571,57.914071,58.117196,96547,346321
08/17/1999,58.085946,58.585946,58.054696,58.429696,105212,339803
08/18/1999,58.382821,58.523446,58.242196,58.507821,81468,343989
08/19/1999,58.492196,58.664071,58.367196,58.382821,105949,341031
08/20/1999,58.414071,58.507821,58.320321,58.476571,53202,339958
08/23/1999,58.476571,58.523446,58.429696,58.492196,55332,342356
08/24/1999,58.460946,58.929696,58.367196,58.929696,150364,345722
08/25/1999,58.976571,59.414071,58.960946,59.398446,162540,331797
08/26/1999,59.367196,59.367196,59.039071,59.195321,155839,331001
08/27/1999,59.039071,59.039071,58.804696,58.820321,149301,336710
08/30/1999,58.726571,58.773446,58.320321,58.382821,127329,319010
08/31/1999,58.445321,58.585946,58.117196,58.304696,114900,304240
09/01/1999,58.335946,58.476571,58.257821,58.320321,72374,307151
09/02/1999,58.226571,58.304696,58.101571,58.210946,67340,302812
09/03/1999,58.289071,58.929696,58.289071,58.742196,48068,304411
09/07/1999,58.742196,58.757821,58.476571,58.507821,32495,305790
09/08/1999,58.398446,58.757821,58.367196,58.601571,54871,303144
09/09/1999,58.507821,58.585946,58.351571,58.414071,39100,304579
09/10/1999,58.523446,58.820321,58.304696,58.742196,46013,304431
09/13/1999,58.601571,58.679696,58.570321,58.664071,24008,302662
09/14/1999,58.726571,58.757821,58.351571,58.414071,74998,308255
09/15/1999,58.429696,58.804696,58.414071,58.617196,54666,311024
09/16/1999,58.617196,58.820321,58.617196,58.742196,35049,302981
09/17/1999,58.945321,58.992196,58.820321,58.882821,35790,302262
09/20/1999,58.929696,58.945321,58.648446,58.664071,22932,305369
09/21/1999,58.523446,58.648446,58.414071,58.601571,35442,297041
09/22/1999,58.664071,58.679696,58.570321,58.664071,17684,285915
09/23/1999,58.710946,59.039071,58.664071,59.023446,32186,286180
09/24/1999,59.320321,59.476571,59.210946,59.460946,53943,282286
09/27/1999,59.257821,59.257821,59.023446,59.101571,28594,282073
09/28/1999,59.164071,59.195321,58.851571,58.882821,54926,279314
09/29/1999,58.789071,58.820321,58.460946,58.476571,41900,280277
09/30/1999,58.539071,58.882821,58.382821,58.835946,74715,277579
10/01/1999,58.648446,58.679696,58.242196,58.351571,65418,277671
10/04/1999,58.414071,58.585946,58.351571,58.570321,38669,276882
10/05/1999,58.585946,58.648446,57.992196,58.023446,73465,280984
10/06/1999,58.085946,58.117196,57.867196,57.882821,118321,309486
10/07/1999,57.773446,58.023446,57.726571,57.882821,63990,320977
10/08/1999,57.992196,58.367196,57.867196,57.992196,63990,320977
10/12/1999,57.882821,57.929696,57.757821,57.882821,45679,332308
10/13/1999,57.976571,57.992196,57.617196,57.648446,49526,334172
10/14/1999,57.710946,57.742196,57.367196,57.429696,49798,346349
10/15/1999,57.492196,57.867196,57.117196,57.851571,77146,347338
10/18/1999,57.867196,57.898446,57.710946,57.773446,62061,344153
10/19/1999,57.664071,57.867196,57.492196,57.539071,71193,347080
10/20/1999,57.476571,57.539071,57.335946,57.492196,45134,354370
10/21/1999,57.632821,57.742196,57.429696,57.460946,33736,346333
10/22/1999,57.539071,57.585946,57.289071,57.398446,30417,342978
10/25/1999,57.257821,57.382821,57.132821,57.351571,38243,343124
10/26/1999,57.367196,57.492196,57.242196,57.320321,30277,339146
10/27/1999,57.460946,57.601571,57.382821,57.539071,60818,330129
10/28/1999,57.601571,57.867196,57.601571,57.820321,39856,325391
10/29/1999,58.085946,58.351571,58.023446,58.320321,110936,310623
11/01/1999,58.148446,58.242196,57.992196,58.148446,40765,304938
11/02/1999,58.148446,58.320321,58.039071,58.242196,48795,303954
11/03/1999,58.148446,58.460946,58.117196,58.320321,54142,291516
11/04/1999,58.460946,58.679696,58.414071,58.601571,100268,274222
11/05/1999,58.523446,59.023446,58.523446,58.835946,124957,275496
11/08/1999,58.726571,58.789071,58.664071,58.710946,37727,267413
11/09/1999,58.632821,58.664071,58.539071,58.617196,74847,262639
11/10/1999,58.664071,58.742196,58.273446,58.476571,74847,262639
11/12/1999,58.664071,58.867196,58.570321,58.726571,46561,253159
11/15/1999,58.664071,58.726571,58.601571,58.710946,29273,249113
11/16/1999,58.789071,58.960946,58.445321,58.523446,47913,245623
11/17/1999,58.445321,58.476571,58.257821,58.273446,51947,243264
11/18/1999,58.195321,58.304696,58.117196,58.210946,50439,234057
11/19/1999,58.273446,58.273446,58.054696,58.148446,27737,44609
11/22/1999,58.070346,58.070396,57.945321,58.023446,22706,58630
11/23/1999,57.945321,58.085946,57.945321,58.070321,41896,86066
11/24/1999,57.992196,58.101571,57.914071,58.039071,17483,93532
11/26/1999,57.976571,57.992196,57.898446,57.929696,16683,103256
11/29/1999,57.945321,57.976571,57.476571,57.554696,121277,138572
11/30/1999,57.539071,57.804696,57.476571,57.679696,106597,178688
12/01/1999,57.664071,57.664071,57.351571,57.554696,90373,201027
12/02/1999,57.554696,57.617196,57.445321,57.460946,77584,221373
12/03/1999,57.460946,57.914071,57.382821,57.835946,73558,233201
12/06/1999,57.867196,57.945321,57.835946,57.882821,30859,235713
12/07/1999,57.882821,58.117196,57.882821,58.070321,57612,244700
12/08/1999,58.070321,58.101571,57.914071,57.929696,53512,253060
12/09/1999,57.914071,58.070321,57.914071,58.023446,51909,260613
12/10/1999,58.023446,58.289071,57.945321,58.273446,60365,258686
12/13/1999,58.242196,58.289071,58.101571,58.164071,49734,248439
12/14/1999,58.148446,58.164071,57.570321,57.710946,70860,255856
12/15/1999,57.695321,57.789071,57.507821,57.554696,57805,263212
12/16/1999,57.570321,57.648446,57.273446,57.335946,59678,272931
12/17/1999,57.335946,57.492196,57.101571,57.289071,52040,279001
12/20/1999,57.304696,57.367196,56.992196,57.070321,33480,279215
12/21/1999,57.070321,57.445321,56.992196,57.007821,51948,280867
12/22/1999,57.023446,57.085946,56.898446,56.976571,22897,281806
12/23/1999,56.960946,57.164071,56.882821,56.898446,13173,281682
12/27/1999,56.882821,57.054696,56.789071,56.976571,10353,282433
12/28/1999,56.992196,56.992196,56.804696,56.851571,17882,284867
12/29/1999,56.851571,56.976571,56.851571,56.945321,16484,288134
12/30/1999,56.960946,57.070321,56.898446,57.023446,19424,293444
12/31/1999,57.039071,57.195321,56.710946,56.710946,7422,293540
01/03/2000,56.554696,56.554696,56.210946,56.289071,69204,298598
01/04/2000,56.289071,56.664071,56.101571,56.617196,104770,321479
01/05/2000,56.664071,56.726571,56.179696,56.242196,91411,336685
01/06/2000,56.226571,56.492196,56.226571,56.414071,71916,345912
01/07/2000,56.429696,56.648446,56.070321,56.632821,71564,345590
01/10/2000,56.585946,56.617196,56.367196,56.414071,37790,349869
01/11/2000,56.414071,56.445321,55.976571,56.007821,74772,365796
01/12/2000,56.039071,56.132821,55.820321,55.835946,113586,387203
01/13/2000,55.835946,56.273446,55.773446,56.257821,113993,386667
01/14/2000,56.257821,56.523446,55.898446,56.039071,113993,386667
01/18/2000,56.023446,56.085946,55.695321,55.804696,64589,397250
01/19/2000,55.820321,56.023446,55.742196,55.929696,50355,398363
01/20/2000,55.929696,56.007821,55.679696,55.773446,74909,405157
01/21/2000,55.710946,55.851571,55.523446,55.773446,115572,424496
01/24/2000,55.804696,56.117196,55.773446,56.101571,53346,418617
01/25/2000,56.132821,56.210946,55.976571,56.054696,70174,415863
01/26/2000,56.070321,56.210946,55.914071,55.945321,81218,415115
01/27/2000,55.992196,56.054696,55.476571,55.742196,171747,430708
01/28/2000,55.773446,56.007821,55.195321,55.695321,194348,446513
01/31/2000,55.632821,55.835946,55.382821,55.554696,94447,461727
02/01/2000,55.539071,55.820321,55.523446,55.601571,91143,463408
02/02/2000,55.601571,55.867196,55.414071,55.601571,146838,472155
02/03/2000,55.648446,56.882821,55.445321,56.164071,212708,461872
02/04/2000,56.148446,56.570321,55.789071,55.867196,152798,489623
02/07/2000,55.742196,55.742196,55.460946,55.507821,78566,497084
02/08/2000,55.476571,55.789071,55.460946,55.554696,88444,505173
02/09/2000,55.585946,55.648446,55.351571,55.523446,184023,510612
02/10/2000,55.554696,55.726571,55.320321,55.460946,96228,503311
02/11/2000,55.429696,55.648446,55.398446,55.632821,91307,499319
02/14/2000,55.695321,55.945321,55.632821,55.929696,88890,496966
02/15/2000,55.929696,55.945321,55.710946,55.757821,165564,483388
02/16/2000,55.742196,55.804696,55.632821,55.757821,123435,477247
02/17/2000,55.757821,56.039071,55.445321,55.570321,161392,496759
02/18/2000,55.601571,55.867196,55.570321,55.835946,92100,482065
02/22/2000,56.054696,56.460946,55.960946,56.414071,145656,458431
02/23/2000,56.179696,56.242196,56.039071,56.039071,171013,454594
02/24/2000,56.148446,56.570321,56.148446,56.507821,181028,451103
02/25/2000,56.476571,56.757821,56.289071,56.648446,263222,447514
02/28/2000,56.726571,56.726571,56.289071,56.304696,183950,426577
02/29/2000,56.320321,56.382821,56.132821,56.257821,155353,432072
03/01/2000,56.273446,56.492196,56.226571,56.367196,148102,429235
03/02/2000,56.367196,56.398446,56.195321,56.242196,81524,430497
03/03/2000,56.273446,56.632821,56.226571,56.320321,119917,433544
03/06/2000,56.242196,56.273446,56.054696,56.148446,73379,436867
03/07/2000,56.164071,56.445321,55.898446,56.335946,108963,433926
03/08/2000,56.398446,56.523446,56.179696,56.367196,85229,434985
03/09/2000,56.414071,56.664071,56.367196,56.523446,106726,431448
03/10/2000,56.523446,56.523446,56.320321,56.367196,84533,426381
03/13/2000,56.382821,56.882821,56.304696,56.523446,88290,422133
03/14/2000,56.570321,56.820321,56.335946,56.804696,89963,428057
03/15/2000,56.867196,57.101571,56.664071,56.867196,124234,429331
03/16/2000,56.851571,57.070321,56.789071,56.992196,92827,426066
03/17/2000,56.992196,57.226571,56.898446,57.101571,68385,421881
03/20/2000,57.164071,57.164071,56.898446,57.070321,30004,421296
03/21/2000,57.085946,57.195321,56.976571,57.132821,65780,420090
03/22/2000,57.164071,57.367196,57.070321,57.210946,71798,417693
03/23/2000,57.226571,57.773446,57.226571,57.289071,159004,409127
03/24/2000,57.335946,57.335946,56.835946,56.867196,69545,402594
03/27/2000,56.867196,56.882821,56.570321,56.851571,70698,394384
03/28/2000,56.882821,57.101571,56.742196,56.992196,56481,394349
03/29/2000,57.054696,57.195321,56.929696,57.085946,63344,390321
03/30/2000,57.070321,57.554696,57.054696,57.523446,70660,395079
03/31/2000,57.601571,57.789071,57.367196,57.664071,80524,397815
04/03/2000,57.757821,57.820321,57.476571,57.804696,55544,399591
04/04/2000,57.820321,59.179696,57.695321,58.539071,148148,398579
04/05/2000,58.351571,59.007821,58.179696,58.335946,138567,403584
04/06/2000,58.320321,58.476571,57.789071,58.085946,120273,424845
04/07/2000,58.085946,58.242196,57.695321,58.210946,74060,426966
04/10/2000,58.164071,58.523446,58.132821,58.492196,54012,426344
04/11/2000,58.523446,58.960946,58.070321,58.195321,124249,430179
04/12/2000,58.273446,58.273446,57.710946,57.914071,83848,421464
04/13/2000,58.007821,58.164071,57.570321,58.117196,75911,419215
04/14/2000,58.039071,58.445321,57.789071,58.320321,75911,419215
04/17/2000,58.476571,58.757821,58.023446,58.039071,81863,422446
04/18/2000,58.054696,58.164071,57.757821,57.882821,74724,419456
04/19/2000,57.945321,58.132821,57.726571,58.117196,64039,423730
04/20/2000,58.085946,58.148446,57.867196,58.054696,40847,412324
04/24/2000,58.039071,58.304696,58.007821,58.070321,33986,413628
04/25/2000,58.085946,58.085946,57.523446,57.539071,54103,413700
04/26/2000,57.507821,57.757821,57.382821,57.460946,72983,409506
04/27/2000,57.445321,57.570321,56.773446,56.851571,173173,420210
04/28/2000,56.898446,56.960946,56.601571,56.742196,140990,432429
05/01/2000,56.742196,56.820321,56.679696,56.726571,41623,433001
05/02/2000,56.695321,56.835946,56.554696,56.632821,83343,427767
05/03/2000,56.632821,56.757821,56.367196,56.429696,110572,426787
05/04/2000,56.476571,56.585946,56.226571,56.273446,117209,423138
05/05/2000,56.289071,56.570321,55.960946,56.039071,93076,434832
05/08/2000,56.070321,56.179696,55.835946,55.867196,44833,436243
05/09/2000,55.851571,56.023446,55.804696,55.992196,87068,426918
05/10/2000,55.976571,56.445321,55.960946,56.273446,92970,418565
05/11/2000,56.257821,56.554696,56.117196,56.304696,85618,420500
05/12/2000,56.289071,56.398446,55.804696,55.914071,112562,428330
05/15/2000,55.882821,56.070321,55.851571,56.023446,55576,427663
05/16/2000,56.023446,56.367196,55.882821,56.070321,117276,437080
05/17/2000,56.070321,56.117196,55.757821,55.976571,128424,443659
05/18/2000,55.960946,56.070321,55.664071,55.726571,128615,463424
05/19/2000,55.757821,56.117196,55.710946,56.023446,159889,453790
05/22/2000,56.179696,56.492196,56.070321,56.351571,173485,434586
05/23/2000,56.273446,56.273446,56.117196,56.257821,141236,423279
05/24/2000,56.398446,56.398446,56.164071,56.179696,156596,417494
05/25/2000,56.039071,56.554696,55.929696,56.507821,154593,423354
05/26/2000,56.664071,56.773446,56.382821,56.742196,129457,413023
05/30/2000,56.679696,56.695321,56.492196,56.539071,182489,410069
05/31/2000,56.539071,56.929696,56.523446,56.882821,151393,397766
06/01/2000,56.898446,57.429696,56.867196,57.257821,193173,382565
06/02/2000,57.289071,58.257821,57.179696,57.539071,179903,298548
06/05/2000,57.632821,57.695321,57.445321,57.664071,88628,383753
06/06/2000,57.679696,57.679696,57.351571,57.585946,97622,379115
06/07/2000,57.601571,57.664071,57.398446,57.601571,103030,384504
06/08/2000,57.570321,57.664071,57.320321,57.632821,71792,384353
06/09/2000,57.539071,57.679696,57.445321,57.554696,54873,386147
06/12/2000,57.539071,57.726571,57.492196,57.710946,36079,386060
06/13/2000,57.710946,57.960946,57.648446,57.742196,103917,394740
06/14/2000,57.742196,58.023446,57.679696,57.976571,98962,401306
06/15/2000,57.992196,58.023446,57.773446,57.945321,92663,394656
06/16/2000,57.960946,58.367196,57.882821,58.289071,83876,389082
06/19/2000,58.304696,58.320321,58.164071,58.195321,40837,378115
06/20/2000,58.195321,58.242196,58.039071,58.085946,50779,373652
06/21/2000,58.085946,58.101571,57.726571,57.757821,64432,371693
06/22/2000,57.726571,57.867196,57.664071,57.710946,56807,368482
06/23/2000,57.726571,57.804696,57.429696,57.507821,46879,363328
06/26/2000,57.492196,57.882821,57.445321,57.867196,37226,363418
06/27/2000,57.851571,57.898446,57.679696,57.867196,43426,363464
06/28/2000,57.835946,57.929696,57.648446,57.851571,52030,368966
06/29/2000,57.882821,58.382821,57.851571,58.195321,94117,370998
06/30/2000,58.226571,58.382821,58.164071,58.304696,66275,367720
07/03/2000,58.304696,58.664071,58.164071,58.570321,33288,367863
07/05/2000,58.601571,58.820321,58.539071,58.554696,75948,373390
07/06/2000,58.570321,58.585946,58.304696,58.335946,63707,378042
07/07/2000,58.335946,58.882821,58.242196,58.492196,100653,390605
07/10/2000,58.539071,58.570321,58.304696,58.414071,40902,391238
07/11/2000,58.414071,58.492196,58.320321,58.367196,43477,392906
07/12/2000,58.382821,58.429696,58.226571,58.289071,54041,395521
07/13/2000,58.273446,58.539071,58.257821,58.523446,44140,395263
07/14/2000,58.554696,58.789071,58.054696,58.070321,82776,403459
07/17/2000,58.039071,58.132821,57.757821,57.820321,96516,414813
07/18/2000,57.804696,57.960946,57.757821,57.820321,69073,416993
07/19/2000,57.835946,57.882821,57.710946,57.820321,54045,418781
07/20/2000,57.804696,58.460946,57.773446,58.429696,99738,416465
07/21/2000,58.398446,58.617196,58.320321,58.460946,53140,414203
07/24/2000,58.476571,58.523446,58.273446,58.335946,26625,414289
07/25/2000,58.335946,58.492196,58.304696,58.367196,27466,413317
07/26/2000,58.367196,58.523446,58.351571,58.367196,43272,414042
07/27/2000,58.398446,58.648446,58.210946,58.492196,71539,410800
07/28/2000,58.492196,58.601571,58.242196,58.445321,78293,416656
07/31/2000,58.398446,58.507821,58.320321,58.492196,30282,414514
08/01/2000,58.476571,58.695321,58.476571,58.664071,47074,414107
08/02/2000,58.679696,58.804696,58.617196,58.789071,76153,413042
08/03/2000,58.757821,58.976571,58.757821,58.820321,88567,410238
08/04/2000,58.835946,59.148446,58.804696,59.039071,77193,411722
08/07/2000,59.039071,59.085946,58.835946,58.851571,37897,414384
08/08/2000,58.851571,59.039071,58.820321,59.023446,92161,413010
08/09/2000,59.039071,59.070321,58.820321,59.023446,50214,414226
08/10/2000,59.023446,59.226571,58.992196,59.164071,54456,414935
08/11/2000,59.179696,59.289071,58.820321,58.882821,81386,408172
08/14/2000,58.867196,58.929696,58.757821,58.914071,46081,403188
08/15/2000,58.914071,58.945321,58.695321,58.773446,75622,404511
08/16/2000,58.757821,58.789071,58.554696,58.664071,65319,399663
08/17/2000,58.679696,58.726571,58.601571,58.679696,61571,400929
08/18/2000,58.679696,58.898446,58.601571,58.820321,109488,391760
08/21/2000,58.804696,58.835946,58.726571,58.820321,50698,390853
08/22/2000,58.867196,58.929696,58.835946,58.898446,76532,393272
08/23/2000,59.054696,59.132821,59.039071,59.117196,141114,404095
08/24/2000,59.179696,59.304696,59.164071,59.195321,167653,413607
08/25/2000,59.179696,59.289071,59.101571,59.210946,144313,408575
08/28/2000,59.226571,59.242196,59.007821,59.085946,127401,402870
08/29/2000,59.070321,59.070321,58.929696,58.960946,244393,405662
08/30/2000,58.960946,59.023446,58.867196,58.992196,162158,396415
08/31/2000,59.007821,59.398446,58.960946,59.320321,175799,387756
09/01/2000,59.367196,59.742196,59.320321,59.617196,104050,388289
09/05/2000,59.617196,59.664071,59.492196,59.617196,83780,389531
09/06/2000,59.601571,59.648446,59.460946,59.507821,61889,377913
09/07/2000,59.476571,59.554696,59.382821,59.398446,74975,377690
09/08/2000,59.445321,59.539071,59.382821,59.492196,60009,373536
09/11/2000,59.460946,59.492196,59.273446,59.351571,57648,369811
09/12/2000,59.351571,59.429696,59.273446,59.367196,59390,370760
09/13/2000,59.382821,59.585946,59.367196,59.554696,82900,379743
09/14/2000,59.585946,59.757821,59.414071,59.507821,99863,371912
09/15/2000,59.445321,59.820321,59.429696,59.601571,164639,380852
09/18/2000,59.570321,59.726571,59.476571,59.648446,72434,368008
09/19/2000,59.632821,59.773446,59.429696,59.601571,68070,362818
09/20/2000,59.601571,59.679696,59.398446,59.429696,70938,362950
09/21/2000,59.382821,59.726571,59.304696,59.460946,80492,362967
09/22/2000,59.726571,59.835946,59.523446,59.585946,84840,367089
09/25/2000,59.507821,59.585946,59.414071,59.554696,50421,370431
09/26/2000,59.570321,59.757821,59.476571,59.726571,65744,369027
09/27/2000,59.757821,59.773446,59.570321,59.726571,54872,368983
09/28/2000,59.695321,59.835946,59.664071,59.679696,48385,371302
09/29/2000,59.742196,59.960946,59.710946,59.804696,70196,371802
10/02/2000,59.789071,59.898446,59.742196,59.835946,50849,372481
10/03/2000,59.851571,59.914071,59.585946,59.679696,57845,374072
10/04/2000,59.710946,59.804696,59.554696,59.585946,67671,376616
10/05/2000,59.617196,59.710946,59.523446,59.695321,59527,378031
10/06/2000,59.695321,59.945321,59.414071,59.742196,201165,560934
10/10/2000,59.804696,59.960946,59.664071,59.804696,72130,364981
10/11/2000,59.945321,60.132821,59.867196,59.914071,118697,373232
10/12/2000,59.898446,60.445321,59.804696,60.273446,142874,374152
10/13/2000,60.351571,60.523446,60.179696,60.273446,105299,379787
10/16/2000,60.242196,60.257821,60.023446,60.148446,50790,378015
10/17/2000,60.148446,60.523446,60.070321,60.460946,107153,376371
10/18/2000,60.445321,61.039071,60.351571,60.476571,116494,375729
10/19/2000,60.414071,60.617196,60.242196,60.445321,92851,377985
10/20/2000,60.414071,60.585946,60.382821,60.492196,58534,374061
10/23/2000,60.539071,60.695321,60.492196,60.648446,45055,373973
10/24/2000,60.648446,60.664071,60.335946,60.507821,91158,372738
10/25/2000,60.570321,60.695321,60.210946,60.289071,94964,371458
10/26/2000,60.273446,60.445321,60.164071,60.273446,94360,372862
10/27/2000,60.179696,60.320321,60.007821,60.085946,94577,372717
10/30/2000,60.054696,60.195321,59.945321,60.007821,44326,369419
10/31/2000,59.992196,60.164071,59.867196,59.945321,96325,369244
11/01/2000,59.992196,60.132821,59.992196,60.085946,75265,373019
11/02/2000,60.085946,60.257821,60.085946,60.117196,50596,374963
11/03/2000,60.132821,60.226571,59.757821,59.773446,90902,375715
11/06/2000,59.757821,59.835946,59.523446,59.617196,66966,379844
11/07/2000,59.632821,59.773446,59.523446,59.617196,77967,369242
11/08/2000,59.757821,59.945321,59.523446,59.632821,77967,369242
11/09/2000,59.695321,60.070321,59.664071,59.851571,96321,376024
11/10/2000,59.820321,60.007821,59.804696,59.882821,55940,379428
11/13/2000,60.039071,60.242196,59.976571,60.054696,98922,379721
11/14/2000,60.039071,60.085946,59.820321,60.054696,87465,385630
11/15/2000,59.992196,60.195321,59.976571,60.179696,80644,388708
11/16/2000,60.179696,60.367196,60.117196,60.320321,78452,385774
11/17/2000,60.304696,60.382821,60.101571,60.210946,69786,364195
11/20/2000,60.164071,60.382821,60.164071,60.320321,57704,362909
11/21/2000,60.320321,60.367196,60.226571,60.320321,69581,364481
11/22/2000,60.507821,60.585946,60.398446,60.570321,87639,368516
11/24/2000,60.382821,60.429696,60.382821,60.429696,41318,372329
11/27/2000,60.351571,60.429696,60.257821,60.414071,153778,379428
11/28/2000,60.429696,60.742196,60.429696,60.695321,338382,418666
11/29/2000,60.695321,61.070321,60.664071,60.914071,324454,423982
11/30/2000,61.070321,61.414071,60.992196,61.335946,193402,414844
12/01/2000,61.179696,61.289071,60.992196,61.023446,106482,410290
12/04/2000,61.023446,61.273446,60.992196,61.085946,98021,410734
12/05/2000,61.023446,61.523446,61.023446,61.476571,128910,407572
12/06/2000,61.460946,61.929696,61.445321,61.804696,176273,406356
12/07/2000,61.789071,61.898446,61.507821,61.773446,168355,391175
12/08/2000,61.726571,61.914071,61.445321,61.632821,105356,391179
12/11/2000,61.617196,61.617196,61.460946,61.554696,42743,389519
12/12/2000,61.492196,61.632821,61.351571,61.601571,73810,376572
12/13/2000,61.617196,61.960946,61.476571,61.867196,92573,374010
12/14/2000,61.945321,62.210946,61.898446,62.101571,98885,366305
12/15/2000,62.070321,62.320321,61.914071,62.257821,90908,368373
12/18/2000,62.148446,62.632821,62.148446,62.398446,76457,369727
12/19/2000,62.382821,62.476571,62.210946,62.335946,82313,370051
12/20/2000,62.335946,62.851571,62.335946,62.695321,93460,347554
12/21/2000,62.820321,63.023446,62.570321,62.929696,74527,354652
12/22/2000,62.898446,63.101571,62.773446,63.054696,26351,353746
12/26/2000,62.960946,63.101571,62.820321,63.070321,13227,353746
12/27/2000,62.976571,63.007821,62.664071,62.789071,30739,356196
12/28/2000,62.726571,62.789071,62.507821,62.648446,41986,358871
12/29/2000,62.664071,63.007821,62.664071,62.789071,21242,358012
01/02/2001,62.789071,63.726571,62.789071,63.664071,95886,356974
01/03/2001,63.710946,63.804696,62.570321,62.742196,152535,357933
01/04/2001,62.710946,63.320321,62.695321,63.304696,130712,360508
01/05/2001,63.289071,63.914071,63.070321,63.804696,139212,367475
01/08/2001,63.804696,64.132821,63.507821,64.023446,103305,364959
01/09/2001,63.820321,63.820321,63.398446,63.632821,111282,368410
01/10/2001,63.664071,63.710946,63.117196,63.210946,122207,369923
01/11/2001,63.257821,63.445321,62.789071,63.148446,110833,372327
01/12/2001,63.195321,63.210946,62.570321,62.679696,148370,383205
01/16/2001,62.804696,63.070321,62.679696,62.742196,89165,374859
01/17/2001,62.742196,63.257821,62.414071,62.992196,167260,380937
01/18/2001,63.039071,63.414071,62.820321,63.367196,146195,386714
01/19/2001,63.226571,63.523446,63.039071,63.117196,131023,384275
01/22/2001,63.117196,63.226571,62.867196,62.929696,78998,385256
01/23/2001,62.945321,63.132821,62.617196,62.632821,104604,387245
01/24/2001,62.617196,62.757821,62.445321,62.570321,104021,388982
01/25/2001,62.570321,62.945321,62.164071,62.710946,143579,385558
01/26/2001,62.914071,63.007821,62.726571,62.804696,61430,384484
01/29/2001,62.851571,63.039071,62.742196,62.804696,70071,386834
01/30/2001,62.789071,63.179696,62.757821,63.023446,100908,393148
01/31/2001,63.132821,63.507821,62.976571,63.320321,111154,391529
02/01/2001,63.445321,63.726571,63.382821,63.554696,142920,395697
02/02/2001,63.523446,63.601571,63.101571,63.179696,97411,402748
02/05/2001,63.195321,63.289071,63.023446,63.179696,57630,400940
02/06/2001,63.179696,63.289071,62.945321,62.976571,82985,397632
02/07/2001,63.085946,63.289071,62.945321,63.054696,72211,391340
02/08/2001,63.007821,63.101571,62.820321,63.039071,76794,390134
02/09/2001,63.101571,63.382821,63.039071,63.351571,85772,393267
02/12/2001,63.367196,63.507821,63.257821,63.289071,78025,385313
02/13/2001,63.289071,63.445321,63.039071,63.148446,124262,380431
02/14/2001,63.210946,63.304696,62.679696,62.820321,125710,384586
02/15/2001,62.710946,62.789071,62.414071,62.554696,141281,376813
02/16/2001,62.679696,63.132821,62.351571,63.054696,138240,378518
02/20/2001,63.085946,63.117196,62.820321,63.039071,65592,370256
02/21/2001,63.039071,63.257821,62.867196,62.945321,153995,379679
02/22/2001,63.070321,63.148446,62.945321,63.039071,145647,387794
02/23/2001,63.007821,63.507821,63.007821,63.382821,187058,389998
02/26/2001,63.367196,63.617196,63.242196,63.585946,244537,416704
02/27/2001,63.648446,63.960946,63.648446,63.742196,328525,416251
02/28/2001,63.820321,64.054696,63.570321,64.023446,242911,409699
03/01/2001,64.054696,64.257821,63.929696,64.132821,158463,400707
03/02/2001,64.132821,64.226571,63.679696,63.757821,134599,387401
03/05/2001,63.742196,63.835946,63.617196,63.679696,81834,370119
03/06/2001,63.648446,63.789071,63.492196,63.679696,144748,351514
03/07/2001,63.742196,63.992196,63.679696,63.882821,91989,349947
03/08/2001,63.945321,64.132821,63.867196,63.976571,83938,352240
03/09/2001,63.992196,64.070321,63.585946,63.789071,85821,349964
03/12/2001,63.789071,64.085946,63.773446,63.867196,81763,352364
03/13/2001,64.039071,64.054696,63.757821,63.820321,87191,360672
03/14/2001,63.851571,64.398446,63.835946,64.289071,117378,366236
03/15/2001,64.429696,64.726571,64.242196,64.585946,132381,378883
03/16/2001,64.601571,64.898446,64.492196,64.710946,140283,387230
03/19/2001,64.710946,64.757821,64.445321,64.460946,53288,387947
03/20/2001,64.492196,64.867196,64.367196,64.726571,84680,390741
03/21/2001,64.898446,65.085946,64.726571,64.851571,123371,386479
03/22/2001,64.851571,65.257821,64.773446,65.132821,95377,366184
03/23/2001,64.882821,64.929696,64.648446,64.726571,99869,371115
03/26/2001,64.585946,64.648446,64.429696,64.570321,55853,365428
03/27/2001,64.539071,64.742196,63.789071,63.929696,138834,358427
03/28/2001,63.898446,64.132821,63.898446,64.054696,74926,366746
03/29/2001,64.242196,64.335946,64.023446,64.195321,87492,366182
03/30/2001,64.132821,64.601571,63.867196,64.476571,126932,367380
04/02/2001,64.539071,64.695321,64.117196,64.304696,86862,362736
04/03/2001,64.304696,64.617196,64.179696,64.476571,67346,362191
04/04/2001,64.632821,64.695321,64.414071,64.648446,91208,361773
04/05/2001,64.617196,64.617196,64.382821,64.398446,78583,362138
04/06/2001,64.398446,65.023446,64.367196,64.867196,97963,370075
04/09/2001,64.835946,64.929696,64.695321,64.726571,39919,370892
04/10/2001,64.695321,64.757821,63.992196,64.179696,131761,379707
04/11/2001,64.164071,64.304696,63.664071,63.945321,135745,378989
04/12/2001,63.945321,64.148446,63.554696,63.664071,81726,385419
04/16/2001,63.585946,63.695321,63.070321,63.085946,103374,385973
04/17/2001,63.304696,63.570321,63.179696,63.523446,126070,383428
04/18/2001,63.335946,64.070321,62.820321,64.007821,203432,388648
04/19/2001,63.898446,64.070321,63.179696,63.492196,112195,378957
04/20/2001,63.273446,63.617196,63.164071,63.476571,82507,378297
04/23/2001,63.398446,63.929696,63.398446,63.867196,80080,375839
04/24/2001,63.960946,64.023446,63.648446,63.851571,102121,373480
04/25/2001,63.804696,64.007821,63.398446,63.476571,84071,371205
04/26/2001,63.523446,63.835946,63.320321,63.773446,122480,378107
04/27/2001,63.773446,63.867196,63.148446,63.179696,132816,393224
04/30/2001,63.195321,63.226571,62.804696,63.085946,102546,397508
05/01/2001,63.117196,63.335946,62.960946,63.210946,89257,393865
05/02/2001,63.226571,63.335946,63.070321,63.179696,81620,396791
05/03/2001,63.210946,63.539071,63.179696,63.476571,114063,394756
05/04/2001,63.367196,64.054696,63.367196,63.664071,169440,397544
05/07/2001,63.679696,63.789071,63.617196,63.726571,42486,399316
05/08/2001,63.789071,63.976571,63.679696,63.804696,129466,406810
05/09/2001,63.742196,63.992196,63.742196,63.945321,79139,410041
05/10/2001,64.007821,64.039071,63.398446,63.476571,101537,411105
05/11/2001,63.460946,63.617196,62.523446,62.570321,176081,414029
05/14/2001,62.820321,62.835946,62.570321,62.773446,120536,422796
05/15/2001,62.742196,62.898446,62.414071,62.632821,192640,431445
05/16/2001,62.632821,62.867196,62.507821,62.710946,130435,436354
05/17/2001,62.773446,62.789071,62.242196,62.617196,180754,445395
05/18/2001,62.648446,62.773446,62.351571,62.554696,110903,450810
05/21/2001,62.523446,62.632821,62.367196,62.585946,74978,457628
05/22/2001,62.710946,62.726571,62.648446,62.648446,106376,463236
05/23/2001,62.648446,62.804696,62.617196,62.726571,136807,467974
05/24/2001,62.820321,62.898446,62.320321,62.351571,186892,476691
05/25/2001,62.570321,62.570321,62.257821,62.414071,198816,508314
05/29/2001,62.539071,62.617196,62.226571,62.320321,259791,478627
05/30/2001,62.320321,62.476571,62.289071,62.351571,282852,468835
05/31/2001,62.414071,62.992196,62.382821,62.882821,253509,465747
06/01/2001,62.929696,63.148446,62.632821,62.851571,209162,454916
06/04/2001,62.867196,63.023446,62.835946,62.976571,110120,447679
06/05/2001,62.960946,63.320321,62.867196,63.289071,122151,443309
06/06/2001,63.195321,63.351571,63.085946,63.304696,98893,436769
06/07/2001,63.304696,63.507821,63.101571,63.226571,121125,431880
06/08/2001,63.101571,63.195321,62.882821,62.960946,93871,420519
06/11/2001,62.960946,63.289071,62.960946,63.226571,82224,419261
06/12/2001,63.242196,63.492196,63.226571,63.445321,107127,422475
06/13/2001,63.460946,63.664071,63.164071,63.492196,89116,418254
06/14/2001,63.507821,63.820321,63.492196,63.726571,119274,412432
06/15/2001,63.742196,64.039071,63.710946,63.820321,105783,415415
06/18/2001,63.835946,63.992196,63.757821,63.835946,78615,408219
06/19/2001,63.820321,63.914071,63.539071,63.835946,93885,406587
06/20/2001,63.867196,64.039071,63.789071,63.914071,87971,403157
06/21/2001,63.929696,64.117196,63.867196,63.960946,99577,387518
06/22/2001,64.039071,64.382821,64.007821,64.351571,65557,400282
06/25/2001,64.382821,64.414071,64.132821,64.242196,50717,399035
06/26/2001,64.257821,64.335946,63.695321,63.835946,115043,403642
06/27/2001,63.835946,63.898446,63.382821,63.539071,103290,408684
06/28/2001,63.507821,63.710946,62.867196,63.039071,176427,422465
06/29/2001,63.054696,63.117196,62.710946,62.882821,134101,426373
07/02/2001,62.867196,63.289071,62.789071,63.226571,70961,425015
07/03/2001,63.320321,63.320321,63.039071,63.054696,64853,433064
07/05/2001,63.117196,63.257821,62.851571,62.914071,94399,443823
07/06/2001,63.039071,63.289071,62.945321,63.226571,108587,449998
07/09/2001,63.320321,63.429696,63.117196,63.304696,56761,449491
07/10/2001,63.429696,63.757821,63.304696,63.617196,98294,455792
07/11/2001,63.679696,63.898446,63.539071,63.601571,116450,464219
07/12/2001,63.539071,63.898446,63.429696,63.773446,89948,462896
07/13/2001,63.757821,63.867196,63.414071,63.695321,87158,463934
07/16/2001,63.742196,63.960946,63.726571,63.882821,49801,460029
07/17/2001,63.914071,63.960946,63.710946,63.835946,66614,458200
07/18/2001,63.804696,64.398446,63.695321,64.320321,114507,458899
07/19/2001,64.273446,64.304696,64.117196,64.195321,79634,465953
07/20/2001,64.242196,64.429696,64.148446,64.226571,57547,467292
07/23/2001,64.257821,64.335946,64.085946,64.273446,47334,469843
07/24/2001,64.273446,64.429696,64.257821,64.351571,62637,470430
07/25/2001,64.320321,64.351571,64.117196,64.164071,73844,469889
07/26/2001,64.117196,64.476571,64.039071,64.320321,131095,471664
07/27/2001,64.445321,64.710946,64.382821,64.664071,81981,480507
07/30/2001,64.664071,64.789071,64.539071,64.757821,59213,480141
07/31/2001,64.789071,65.007821,64.710946,64.960946,59213,480141
08/01/2001,64.914071,65.039071,64.648446,64.820321,77069,479137
08/02/2001,64.773446,64.773446,64.398446,64.492196,79510,476568
08/03/2001,64.476571,64.523446,64.132821,64.398446,81394,476182
08/06/2001,64.382821,64.492196,64.335946,64.460946,51426,478407
08/07/2001,64.507821,64.601571,64.445321,64.460946,55622,477377
08/08/2001,64.507821,65.039071,64.492196,64.960946,68439,477045
08/09/2001,64.851571,65.195321,64.757821,64.835946,115278,479673
08/10/2001,64.898446,65.132821,64.804696,65.070321,72379,476836
08/13/2001,65.117196,65.351571,65.070321,65.257821,68548,479390
08/14/2001,65.242196,65.273446,64.976571,65.164071,75338,483838
08/15/2001,65.164071,65.273446,64.882821,64.960946,89273,479505
08/16/2001,64.960946,65.320321,64.789071,65.179696,102430,486366
08/17/2001,65.148446,65.601571,65.148446,65.554696,97641,486372
08/20/2001,65.570321,65.570321,65.242196,65.273446,71578,484472
08/21/2001,65.289071,65.554696,65.148446,65.382821,116982,482776
08/22/2001,65.398446,65.414071,65.101571,65.289071,160745,485793
08/23/2001,65.273446,65.460946,65.273446,65.429696,100320,489888
08/24/2001,65.273446,65.367196,65.164071,65.289071,132633,491393
08/27/2001,65.242196,65.351571,65.226571,65.226571,134954,496378
08/28/2001,65.289071,65.695321,65.289071,65.648446,248952,492995
08/29/2001,65.648446,65.882821,65.585946,65.851571,308927,497911
08/30/2001,65.882821,66.054696,65.773446,65.898446,236177,483458
08/31/2001,65.835946,65.898446,65.601571,65.804696,151800,473038
09/04/2001,65.835946,65.898446,64.867196,64.929696,203937,472779
09/05/2001,65.210946,65.210946,65.023446,65.070321,168498,462374
09/06/2001,65.101571,65.695321,65.070321,65.632821,193439,458333
09/07/2001,65.585946,66.257821,65.523446,66.039071,217479,457297
09/10/2001,66.070321,66.335946,65.898446,65.960946,127624,457647
09/11/2001,65.992196,67.242196,65.835946,67.179696,61924,467594
09/13/2001,67.382821,67.804696,66.851571,67.695321,152328,459848
09/14/2001,67.679696,68.242196,67.585946,68.164071,177626,457097
09/17/2001,68.164071,68.226571,67.695321,67.882821,133214,453739
09/18/2001,67.882821,68.195321,67.539071,67.648446,151143,440826
09/19/2001,67.742196,68.210946,67.648446,68.054696,185903,430065
09/20/2001,68.054696,68.320321,67.773446,67.851571,179789,417713
09/21/2001,67.882821,68.460946,67.710946,67.929696,122475,429597
09/24/2001,67.882821,68.007821,67.492196,67.664071,78928,427641
09/25/2001,67.726571,68.054696,67.726571,67.851571,100858,427205
09/26/2001,67.914071,68.117196,67.726571,68.085946,89561,423299
09/27/2001,68.117196,68.460946,68.070321,68.273446,121733,432535
09/28/2001,68.273446,68.460946,67.945321,68.054696,150818,436389
10/01/2001,68.023446,68.226571,67.867196,68.101571,98763,446851
10/02/2001,68.164071,68.367196,68.085946,68.289071,97909,452497
10/03/2001,68.335946,68.648446,68.320321,68.367196,133720,465933
10/04/2001,68.460946,68.710946,68.179696,68.382821,190074,463732
10/05/2001,68.476571,68.601571,68.257821,68.460946,88679,452224
10/09/2001,68.539071,68.648446,68.117196,68.179696,90802,446041
10/10/2001,68.179696,68.273446,67.929696,68.148446,83893,449524
10/11/2001,68.132821,68.164071,67.601571,67.710946,167066,454619
10/12/2001,67.742196,68.070321,67.554696,67.898446,167129,447833
10/15/2001,67.898446,68.242196,67.898446,68.210946,73923,446924
10/16/2001,68.242196,68.429696,68.179696,68.335946,71902,445141
10/17/2001,68.351571,68.429696,68.039071,68.273446,143978,453238
10/18/2001,68.320321,68.382821,68.179696,68.320321,99348,465804
10/19/2001,68.335946,68.507821,68.101571,68.132821,118511,478707
10/22/2001,68.148446,68.242196,68.039071,68.132821,66464,475519
10/23/2001,68.054696,68.195321,67.945321,68.101571,124597,475937
10/24/2001,68.101571,68.398446,68.023446,68.351571,114478,477499
10/25/2001,68.382821,68.695321,68.351571,68.617196,113543,478939
10/26/2001,68.585946,68.710946,68.460946,68.664071,76195,476603
10/29/2001,68.695321,69.007821,68.679696,68.929696,83993,479524
10/30/2001,68.976571,69.382821,68.976571,69.304696,104270,474682
10/31/2001,69.367196,69.960946,68.929696,69.726571,216478,504238
11/01/2001,69.804696,70.054696,69.585946,69.710946,175213,512803
11/02/2001,69.710946,69.867196,69.289071,69.351571,143117,523977
11/05/2001,69.367196,69.617196,69.289071,69.570321,102133,526529
11/06/2001,69.554696,69.898446,69.242196,69.773446,113010,535290
11/07/2001,69.929696,70.273446,69.914071,70.179696,152578,547645
11/08/2001,70.226571,70.320321,69.679696,69.710946,159170,562875
11/09/2001,69.695321,69.960946,69.507821,69.570321,110010,558807
11/13/2001,69.679696,69.773446,69.195321,69.257821,88886,557411
11/14/2001,69.257821,69.304696,68.460946,68.554696,204721,557166
11/15/2001,68.539071,68.539071,67.226571,67.429696,259748,562099
11/16/2001,67.367196,67.789071,66.664071,66.710946,271270,571507
11/19/2001,66.960946,67.445321,66.851571,67.414071,177410,585127
11/20/2001,67.304696,67.648446,67.007821,67.164071,177440,574829
11/21/2001,67.148446,67.289071,66.289071,66.585946,139885,573352
11/23/2001,66.679696,66.742196,66.273446,66.304696,65097,597703
11/26/2001,66.523446,66.789071,66.148446,66.257821,211804,579453
11/27/2001,66.273446,66.804696,65.742196,66.664071,379205,575922
11/28/2001,66.929696,67.351571,66.554696,66.710946,429785,567293
11/29/2001,66.789071,67.726571,66.773446,67.679696,455085,519533
11/30/2001,67.617196,67.960946,67.414071,67.898446,236954,501783
12/03/2001,67.898446,68.210946,67.757821,68.085946,242790,501192
12/04/2001,68.132821,68.382821,67.898446,68.242196,194073,480126
12/05/2001,68.148446,68.195321,66.570321,67.007821,268087,483368
12/06/2001,66.929696,66.929696,66.023446,66.398446,243741,498393
12/07/2001,66.398446,66.929696,65.648446,65.929696,209008,505164
12/10/2001,65.882821,66.445321,65.773446,66.210946,140427,501645
12/11/2001,66.445321,66.835946,66.351571,66.570321,168078,507494
12/12/2001,66.585946,67.054696,66.585946,66.945321,190802,504512
12/13/2001,66.835946,67.179696,66.023446,66.289071,199176,512692
12/14/2001,66.304696,66.570321,65.898446,65.992196,120874,518253
12/17/2001,66.085946,66.132821,65.070321,65.882821,174746,515714
12/18/2001,66.054696,66.304696,65.898446,66.242196,122466,507523
12/19/2001,66.382821,66.695321,66.195321,66.492196,132962,489374
12/20/2001,66.429696,66.539071,65.960946,66.398446,85922,453209
12/21/2001,66.445321,66.695321,66.210946,66.289071,49773,450575
12/24/2001,66.273446,66.335946,66.039071,66.101571,9984,447126
12/26/2001,66.085946,66.085946,65.804696,65.882821,17830,449662
12/27/2001,65.820321,66.554696,65.710946,66.351571,48087,448622
12/28/2001,66.398446,66.460946,65.992196,66.335946,33172,447537
12/31/2001,66.210946,67.023446,66.210946,66.851571,26822,449284
01/02/2002,66.929696,66.960946,66.132821,66.226571,72391,449966
01/03/2002,66.226571,66.523446,66.164071,66.367196,80996,454387
01/04/2002,66.460946,66.523446,65.882821,66.351571,113182,462547
01/07/2002,66.523446,66.914071,66.335946,66.882821,100098,459054
01/08/2002,66.898446,67.070321,66.679696,66.867196,130759,461260
01/09/2002,66.773446,67.054696,66.601571,66.898446,109757,466483
01/10/2002,66.992196,67.539071,66.867196,67.382821,156830,471712
01/11/2002,67.289071,68.164071,67.210946,67.882821,162472,490541
01/14/2002,67.898446,68.148446,67.851571,67.945321,128243,497314
01/15/2002,67.851571,68.085946,67.679696,67.992196,156428,503613
01/16/2002,67.992196,68.257821,67.773446,67.976571,152560,514767
01/17/2002,67.976571,68.007821,67.382821,67.507821,173950,526548
01/18/2002,67.632821,67.804696,67.257821,67.789071,98946,525707
01/22/2002,67.539071,67.773446,67.382821,67.695321,101719,523197
01/23/2002,67.617196,67.695321,67.085946,67.257821,126384,522490
01/24/2002,67.195321,67.554696,66.960946,67.007821,169253,532885
01/25/2002,67.085946,67.117196,66.539071,66.851571,182028,558854
01/28/2002,66.851571,66.960946,66.585946,66.898446,128320,552176
01/29/2002,66.882821,67.695321,66.664071,67.492196,175851,558079
01/30/2002,67.648446,67.710946,67.273446,67.492196,169924,560133
01/31/2002,67.273446,67.523446,67.085946,67.101571,177782,560177
02/01/2002,67.054696,67.476571,66.773446,67.414071,152108,562515
02/04/2002,67.476571,67.867196,67.382821,67.804696,111397,562195
02/05/2002,67.757821,68.039071,67.601571,67.867196,194555,566705
02/06/2002,67.882821,68.070321,67.710946,67.789071,131960,557891
02/07/2002,67.882821,68.007821,67.507821,67.757821,163105,566327
02/08/2002,67.820321,68.242196,67.617196,68.085946,134343,572530
02/11/2002,68.054696,68.070321,67.851571,67.992196,82316,561218
02/12/2002,67.914071,68.164071,67.664071,67.679696,156456,560807
02/13/2002,67.679696,67.773446,67.195321,67.539071,184871,569637
02/14/2002,67.570321,67.773446,67.382821,67.695321,151762,577229
02/15/2002,67.757821,68.210946,67.695321,68.117196,160147,592900
02/19/2002,68.085946,68.273446,67.960946,68.101571,166275,594868
02/20/2002,68.148446,68.382821,67.929696,68.148446,170965,594358
02/21/2002,68.070321,68.289071,67.976571,68.179696,195858,599693
02/22/2002,68.320321,68.585946,68.320321,68.414071,299903,619316
02/25/2002,68.445321,68.570321,68.242196,68.304696,204861,591234
02/26/2002,68.320321,68.445321,67.945321,67.992196,431375,583682
02/27/2002,67.992196,68.585946,67.835946,68.554696,408575,562680
02/28/2002,68.585946,68.617196,68.054696,68.335946,325192,552101
03/01/2002,68.320321,68.398446,67.710946,67.773446,232232,569658
03/04/2002,67.710946,67.726571,67.382821,67.632821,199439,539750
03/05/2002,67.648446,67.695321,67.179696,67.601571,240643,536295
03/06/2002,67.695321,67.773446,67.445321,67.523446,235307,535736
03/07/2002,67.492196,67.492196,66.507821,66.601571,330893,576621
03/08/2002,66.585946,66.585946,65.914071,65.976571,318963,602452
03/11/2002,66.054696,66.242196,65.960946,66.023446,137185,598215
03/12/2002,66.070321,66.445321,66.039071,66.195321,186247,593575
03/13/2002,66.179696,66.617196,65.835946,66.507821,240793,579013
03/14/2002,66.460946,66.476571,65.804696,65.835946,176204,567165
03/15/2002,65.742196,66.179696,65.382821,65.960946,235438,568418
03/18/2002,66.070321,66.148446,65.898446,66.101571,132461,568671
03/19/2002,66.085946,66.398446,65.882821,66.023446,182314,573081
03/20/2002,66.257821,66.414071,65.523446,65.664071,209678,582402
03/21/2002,65.632821,65.789071,65.320321,65.695321,197324,604030
03/22/2002,65.804696,65.820321,65.382821,65.648446,123481,609546
03/25/2002,65.632821,65.679696,65.351571,65.523446,97970,608656
03/26/2002,65.539071,66.023446,65.429696,65.882821,174514,617161
03/27/2002,65.914071,66.039071,65.804696,65.945321,81521,620923
03/28/2002,65.992196,66.085946,65.507821,65.695321,115624,634508
04/01/2002,65.710946,66.039071,65.539071,65.632821,104581,618328
04/02/2002,65.664071,66.132821,65.460946,66.054696,139987,620470
04/03/2002,66.054696,66.507821,65.945321,66.460946,159428,623260
04/04/2002,66.429696,66.757821,66.335946,66.445321,145037,628809
04/05/2002,66.445321,66.960946,66.351571,66.820321,167327,637336
04/08/2002,66.835946,67.117196,66.648446,66.773446,142657,639129
04/09/2002,66.679696,67.007821,66.507821,66.945321,107864,643128
04/10/2002,66.960946,67.117196,66.789071,66.960946,134466,646483
04/11/2002,66.914071,67.242196,66.835946,67.070321,163675,643210
04/12/2002,67.101571,67.476571,67.007821,67.414071,158874,630067
04/15/2002,67.414071,67.679696,67.320321,67.554696,98955,603383
04/16/2002,67.507821,67.523446,67.070321,67.382821,153791,605101
04/17/2002,67.289071,67.476571,67.101571,67.289071,163314,614117
04/18/2002,67.257821,67.898446,67.148446,67.351571,172704,616883
04/19/2002,67.367196,67.429696,67.070321,67.382821,121065,628152
04/22/2002,67.304696,67.492196,67.210946,67.476571,81760,631296
04/23/2002,67.429696,67.539071,67.304696,67.429696,108560,636311
04/24/2002,67.398446,67.867196,67.304696,67.820321,179345,658389
04/25/2002,67.789071,68.226571,67.773446,67.960946,198192,652640
04/26/2002,67.898446,68.148446,67.773446,68.101571,139701,648396
04/29/2002,68.117196,68.148446,67.804696,67.960946,103016,645228
04/30/2002,67.820321,68.023446,67.773446,68.007821,148090,638518
05/01/2002,68.007821,68.429696,67.976571,68.226571,242001,666290
05/02/2002,68.242196,68.273446,67.851571,68.007821,160257,656300
05/03/2002,68.039071,68.476571,67.976571,68.320321,183436,657769
05/06/2002,68.335946,68.335946,68.164071,68.226571,53606,657030
05/07/2002,68.289071,68.539071,68.179696,68.414071,145983,646411
05/08/2002,68.382821,68.382821,67.679696,67.757821,216946,651191
05/09/2002,67.679696,68.085946,67.601571,68.007821,270579,637375
05/10/2002,68.007821,68.460946,67.820321,68.414071,188894,638265
05/13/2002,68.367196,68.382821,67.945321,68.023446,128192,628480
05/14/2002,68.007821,68.054696,67.382821,67.585946,218264,632374
05/15/2002,67.632821,67.914071,67.507821,67.804696,156362,635127
05/16/2002,67.835946,68.210946,67.757821,68.132821,161519,643440
05/17/2002,68.070321,68.117196,67.710946,67.867196,144627,650063
05/20/2002,67.914071,68.179696,67.882821,68.148446,107004,657603
05/21/2002,68.132821,68.429696,68.054696,68.382821,107004,657603
05/22/2002,68.648446,68.726571,68.539071,68.664071,241442,669744
05/23/2002,68.539071,68.929696,68.335946,68.523446,284350,670503
05/24/2002,68.585946,68.710946,68.539071,68.601571,124300,685236
05/28/2002,68.351571,68.648446,68.289071,68.632821,341959,689880
05/29/2002,68.664071,68.960946,68.664071,68.929696,393727,695080
05/30/2002,68.945321,69.257821,68.914071,69.164071,389292,665541
05/31/2002,69.148446,69.273446,68.882821,69.132821,312257,649744
06/03/2002,69.070321,69.367196,68.742196,69.164071,219261,644798
06/04/2002,69.304696,69.554696,69.195321,69.351571,276455,638352
06/05/2002,69.242196,69.351571,69.039071,69.242196,242067,630911
06/06/2002,69.242196,69.617196,69.023446,69.414071,309463,624535
06/07/2002,69.554696,69.820321,69.101571,69.273446,250071,620032
06/10/2002,69.226571,69.507821,69.132821,69.304696,160630,619404
06/11/2002,69.351571,69.664071,69.195321,69.570321,209591,617277
06/12/2002,69.679696,69.820321,69.554696,69.742196,211542,614330
06/13/2002,69.632821,70.164071,69.570321,69.960946,213375,603712
06/14/2002,69.976571,70.601571,69.976571,70.445321,210902,599778
06/17/2002,70.445321,70.539071,70.132821,70.242196,116014,591521
06/18/2002,70.304696,70.570321,70.226571,70.320321,145815,584517
06/19/2002,70.414071,70.945321,70.414071,70.914071,173431,579781
06/20/2002,70.945321,71.039071,70.460946,70.476571,196825,553854
06/21/2002,70.726571,70.820321,70.507821,70.789071,125734,558338
06/24/2002,70.867196,70.992196,70.414071,70.476571,149067,550543
06/25/2002,70.476571,70.632821,70.164071,70.476571,167166,547755
06/26/2002,71.132821,71.835946,70.867196,71.132821,320071,553514
06/27/2002,71.023446,71.117196,70.585946,70.695321,232047,536824
06/28/2002,70.601571,70.898446,70.351571,70.679696,165359,528746
07/01/2002,70.757821,70.960946,70.445321,70.742196,131973,512706
07/02/2002,70.882821,71.242196,70.804696,71.148446,166876,515416
07/03/2002,71.164071,71.304696,71.054696,71.179696,118372,513446
07/05/2002,71.117196,71.117196,70.554696,70.585946,117954,514026
07/08/2002,70.648446,71.007821,70.632821,70.914071,132836,520873
07/09/2002,70.945321,71.476571,70.882821,71.351571,166014,526273
07/10/2002,71.351571,72.070321,71.257821,71.914071,278169,533527
07/11/2002,71.976571,72.289071,71.742196,71.960946,280421,543885
07/12/2002,71.757821,72.257821,71.617196,72.085946,192515,541975
07/15/2002,72.195321,72.367196,71.945321,72.070321,176797,537941
07/16/2002,71.882821,72.382821,71.570321,71.617196,248388,546654
07/17/2002,71.851571,72.007821,71.414071,71.929696,188132,543539
07/18/2002,71.914071,72.320321,71.710946,72.226571,164454,553782
07/19/2002,72.273446,72.742196,72.273446,72.523446,187659,562239
07/22/2002,72.726571,73.257821,72.679696,73.085946,190442,570402
07/23/2002,73.054696,73.632821,72.757821,73.351571,241939,594744
07/24/2002,73.617196,74.554696,72.992196,73.492196,366057,601212
07/25/2002,73.320321,73.914071,73.148446,73.695321,232741,585692
07/26/2002,73.726571,74.179696,73.648446,73.976571,194601,598942
07/29/2002,73.726571,73.914071,72.882821,73.085946,255240,592730
07/30/2002,73.132821,73.335946,72.695321,72.882821,191446,595649
07/31/2002,72.882821,73.679696,72.757821,73.585946,214416,601601
08/01/2002,73.570321,74.117196,73.570321,74.039071,188663,607456
08/02/2002,74.117196,74.867196,74.117196,74.789071,246901,614389
08/05/2002,74.695321,75.242196,74.648446,75.070321,165107,618985
08/06/2002,75.226571,75.320321,74.335946,74.351571,304922,641824
08/07/2002,74.507821,75.039071,74.398446,74.929696,219430,631841
08/08/2002,74.882821,74.882821,74.414071,74.460946,160229,632610
08/09/2002,74.632821,74.945321,74.304696,74.851571,183838,631409
08/12/2002,74.851571,75.132821,74.789071,74.929696,169853,624024
08/13/2002,74.929696,75.539071,74.835946,75.414071,203419,628543
08/14/2002,75.601571,75.851571,74.773446,75.054696,309133,640253
08/15/2002,74.914071,75.085946,74.242196,74.664071,321455,634203
08/16/2002,74.664071,74.992196,73.992196,74.039071,227265,645268
08/19/2002,74.132821,74.304696,73.929696,74.148446,201872,670201
08/20/2002,74.304696,74.960946,74.179696,74.898446,261545,681940
08/21/2002,74.945321,74.976571,74.367196,74.804696,227601,688206
08/22/2002,74.507821,74.601571,74.226571,74.320321,205423,710799
08/23/2002,74.476571,74.695321,74.414071,74.664071,172433,730197
08/26/2002,74.585946,74.945321,74.460946,74.789071,203511,696043
08/27/2002,74.773446,74.867196,74.257821,74.414071,347344,664370
08/28/2002,74.523446,74.757821,74.476571,74.648446,400007,659022
08/29/2002,74.757821,75.226571,74.710946,75.039071,422951,654550
08/30/2002,75.117196,75.382821,74.976571,75.210946,211498,655458
09/03/2002,75.414071,76.195321,75.414071,76.101571,359213,655588
09/04/2002,76.382821,76.460946,76.023446,76.179696,408892,648236
09/05/2002,76.148446,76.585946,76.085946,76.523446,357984,644112
09/06/2002,76.507821,76.570321,75.835946,75.867196,279499,645530
09/09/2002,76.007821,76.054696,75.601571,75.710946,205650,650792
09/10/2002,75.695321,76.023446,75.335946,75.945321,301587,661289
09/11/2002,75.789071,75.867196,75.226571,75.554696,151083,657675
09/12/2002,75.554696,76.054696,75.476571,76.023446,204536,650310
09/13/2002,76.101571,76.414071,76.007821,76.351571,200308,660307
09/16/2002,76.117196,76.632821,76.117196,76.507821,148216,667163
09/17/2002,76.007821,76.851571,75.882821,76.601571,248495,663243
09/18/2002,76.851571,76.992196,76.601571,76.664071,238958,663052
09/19/2002,76.695321,77.226571,76.679696,77.070321,217311,652561
09/20/2002,77.132821,77.226571,76.835946,77.195321,175326,654745
09/23/2002,77.273446,77.679696,77.117196,77.617196,161780,656966
09/24/2002,77.476571,78.132821,77.429696,77.804696,263353,653487
09/25/2002,77.851571,78.132821,77.148446,77.226571,257183,644269
09/26/2002,77.367196,77.492196,76.773446,77.164071,276430,639062
09/27/2002,77.226571,77.867196,77.070321,77.679696,176552,640093
09/30/2002,77.882821,78.476571,77.789071,78.320321,226895,643077
10/01/2002,78.367196,78.507821,77.539071,77.789071,252306,639137
10/02/2002,77.679696,77.960946,77.382821,77.742196,212055,641995
10/03/2002,77.882821,78.054696,77.539071,77.820321,192443,642963
10/04/2002,77.820321,78.039071,77.039071,77.835946,320115,651753
10/07/2002,77.945321,78.273446,77.867196,78.070321,151231,654894
10/08/2002,78.085946,78.398446,77.851571,77.898446,200808,666447
10/09/2002,77.914071,78.476571,77.914071,78.382821,227792,665321
10/10/2002,78.460946,78.617196,78.007821,78.148446,263140,665152
10/11/2002,78.132821,78.289071,77.398446,77.523446,201358,671197
10/15/2002,77.523446,77.617196,76.101571,76.382821,246308,669865
10/16/2002,76.507821,76.648446,76.085946,76.273446,276239,674055
10/17/2002,76.039071,76.039071,75.429696,75.851571,295877,668091
10/18/2002,75.585946,76.242196,75.335946,75.929696,270161,675285
10/21/2002,76.023446,76.148446,75.367196,75.507821,203579,677198
10/22/2002,75.414071,75.664071,75.304696,75.445321,221016,667493
10/23/2002,75.492196,75.945321,75.382821,75.507821,219584,663787
10/24/2002,75.554696,76.117196,75.335946,75.960946,254690,663181
10/25/2002,76.085946,76.492196,75.945321,76.429696,204355,675647
10/28/2002,76.820321,76.929696,76.617196,76.742196,144704,667547
10/29/2002,76.757821,77.742196,76.742196,77.507821,266249,659831
10/30/2002,77.367196,77.695321,77.179696,77.507821,171265,658237
10/31/2002,77.554696,77.929696,77.257821,77.773446,231405,658928
11/01/2002,77.835946,77.882821,77.070321,77.398446,220407,676740
11/04/2002,77.070321,77.195321,76.820321,77.007821,153009,668765
11/05/2002,77.007821,77.070321,76.695321,76.929696,165813,665146
11/06/2002,76.976571,77.632821,76.570321,77.023446,262637,681146
11/07/2002,77.148446,77.601571,76.945321,77.492196,284358,683472
11/08/2002,77.382821,77.820321,77.304696,77.570321,178985,675537
11/12/2002,77.695321,77.882821,77.585946,77.648446,173923,680884
11/13/2002,77.757821,77.898446,77.539071,77.742196,187993,688956
11/14/2002,77.773446,77.835946,76.648446,76.851571,336496,717523
11/15/2002,76.601571,76.804696,76.257821,76.664071,290095,739304
11/18/2002,76.742196,76.882821,76.476571,76.742196,146721,747025
11/19/2002,76.914071,77.070321,76.757821,76.851571,254658,754331
11/20/2002,76.851571,77.085946,76.257821,76.289071,298347,776339
11/21/2002,76.382821,76.492196,75.757821,75.976571,345816,776510
11/22/2002,76.101571,76.164071,75.757821,75.804696,247683,783539
11/25/2002,75.710946,76.023446,75.585946,75.851571,422050,770459
11/26/2002,75.945321,76.414071,75.789071,76.351571,501547,761874
11/27/2002,76.382821,76.382821,75.414071,75.523446,426267,724576
11/29/2002,75.492196,75.851571,75.492196,75.804696,116436,721615
12/02/2002,75.695321,75.773446,75.148446,75.648446,356251,716075
12/03/2002,75.539071,75.882821,75.492196,75.617196,260096,713657
12/04/2002,75.742196,76.148446,75.726571,75.992196,323109,715146
12/05/2002,76.132821,76.335946,75.601571,76.257821,332640,715848
12/06/2002,76.117196,77.007821,76.117196,76.570321,347221,715848
12/09/2002,76.570321,76.929696,76.570321,76.804696,153369,719630
12/10/2002,76.804696,76.945321,76.617196,76.835946,198868,700039
12/11/2002,76.867196,77.226571,76.773446,77.101571,161251,696299
12/12/2002,76.960946,77.226571,76.632821,77.085946,146233,689082
12/13/2002,77.070321,77.289071,76.773446,76.945321,181562,691451
12/16/2002,77.054696,77.101571,76.414071,76.664071,131435,692340
12/17/2002,76.632821,76.914071,76.601571,76.867196,165311,696113
12/18/2002,76.914071,77.382821,76.898446,77.289071,151198,694526
12/19/2002,77.335946,77.851571,77.257821,77.789071,149743,684812
12/20/2002,77.773446,77.804696,77.523446,77.773446,72960,647470
12/23/2002,77.773446,77.820321,77.476571,77.695321,42291,642613
12/24/2002,77.695321,78.070321,77.695321,77.898446,46333,649887
12/26/2002,77.914071,78.132821,77.789071,78.007821,22816,644386
12/27/2002,78.039071,78.648446,78.039071,78.554696,58379,653786
12/30/2002,78.539071,78.835946,78.320321,78.757821,85796,647304
12/31/2002,78.726571,78.945321,78.476571,78.601571,64074,650430
01/02/2003,78.601571,78.742196,77.351571,77.507821,219475,660400
01/03/2003,77.492196,77.648446,77.257821,77.507821,145358,660572
01/06/2003,77.429696,77.539071,77.085946,77.289071,200876,675343
01/07/2003,77.382821,77.632821,77.148446,77.539071,230296,672708
01/08/2003,77.617196,77.820321,77.492196,77.710946,160307,674648
01/09/2003,77.492196,77.523446,76.695321,76.867196,316986,675147
01/10/2003,76.851571,77.398446,76.695321,76.945321,277753,668141
01/13/2003,76.945321,77.195321,76.695321,77.117196,173625,660491
01/14/2003,77.226571,77.460946,77.023446,77.367196,222642,664870
01/15/2003,77.429696,77.632821,77.273446,77.382821,231375,674980
01/16/2003,77.414071,77.460946,76.851571,77.351571,287768,684300
01/17/2003,77.414071,77.851571,77.367196,77.664071,106005,692758
01/21/2003,77.742196,78.023446,77.523446,77.898446,194888,706213
01/22/2003,77.960946,78.289071,77.898446,78.226571,170136,700930
01/23/2003,78.195321,78.195321,77.929696,78.085946,192192,691300
01/24/2003,78.085946,78.445321,78.039071,78.289071,220043,691018
01/27/2003,78.148446,78.429696,77.914071,78.054696,194390,695416
01/28/2003,77.992196,78.132821,77.679696,77.992196,218159,703677
01/29/2003,78.117196,78.210946,77.601571,77.695321,181207,710785
01/30/2003,77.773446,78.007821,77.429696,77.882821,215966,714593
01/31/2003,77.914071,78.054696,77.757821,77.882821,201894,709172
02/03/2003,77.835946,77.851571,77.570321,77.789071,161187,709565
02/04/2003,77.789071,78.132821,77.773446,78.085946,201634,721956
02/05/2003,78.054696,78.210946,77.507821,77.726571,315497,740361
02/06/2003,77.742196,78.085946,77.664071,77.976571,184691,743083
02/07/2003,77.976571,78.273446,77.460946,78.242196,295452,743845
02/10/2003,78.101571,78.242196,77.882821,77.976571,177684,743198
02/11/2003,77.960946,78.179696,77.789071,78.132821,235670,737688
02/12/2003,78.148446,78.507821,78.070321,78.460946,209592,740995
02/13/2003,78.476571,79.007821,78.460946,78.867196,283635,733621
02/14/2003,78.867196,78.898446,78.398446,78.507821,186882,724223
02/18/2003,78.445321,78.585946,78.164071,78.492196,171283,729768
02/19/2003,78.539071,78.789071,78.492196,78.773446,224172,728066
02/20/2003,78.757821,79.039071,78.601571,78.992196,251056,743679
02/21/2003,78.898446,79.101571,78.757821,78.820321,273329,761402
02/24/2003,79.039071,79.117196,78.914071,79.070321,362633,756530
02/25/2003,79.242196,79.585946,79.164071,79.242196,359462,758322
02/26/2003,79.257821,79.445321,79.195321,79.382821,459719,755364
02/27/2003,79.445321,79.695321,79.210946,79.429696,463986,767139
02/28/2003,79.398446,79.867196,79.226571,79.789071,343840,781079
03/03/2003,79.773446,79.960946,79.601571,79.929696,356298,786772
03/04/2003,79.898446,80.117196,79.804696,80.054696,252627,777364
03/05/2003,80.101571,80.320321,80.007821,80.273446,252627,777364
03/06/2003,80.226571,80.273446,79.867196,80.117196,270481,777969
03/07/2003,80.085946,80.570321,79.945321,80.335946,310061,788083
03/10/2003,80.414071,80.679696,80.398446,80.617196,158343,785048
03/11/2003,80.695321,80.710946,80.398446,80.460946,191659,791035
03/12/2003,80.523446,80.601571,80.195321,80.257821,270367,789542
03/13/2003,80.242196,80.242196,79.320321,79.429696,421150,812283
03/14/2003,79.523446,79.757821,79.273446,79.679696,267978,793059
03/17/2003,79.960946,80.226571,78.945321,79.164071,293888,805222
03/18/2003,79.210946,79.335946,78.585946,78.710946,309810,793179
03/19/2003,78.726571,78.929696,78.320321,78.492196,317346,780436
03/20/2003,78.351571,78.835946,78.132821,78.367196,327767,766129
03/21/2003,78.554696,78.585946,77.742196,77.898446,301984,741195
03/24/2003,78.226571,78.664071,78.179696,78.507821,301984,741195
03/25/2003,78.554696,78.882821,78.304696,78.570321,238422,747641
03/26/2003,78.679696,78.851571,78.492196,78.742196,170649,734597
03/27/2003,78.851571,79.101571,78.820321,78.929696,192496,736450
03/28/2003,78.976571,79.320321,78.945321,79.257821,157109,736226
03/31/2003,79.523446,79.835946,79.460946,79.585946,208419,742222
04/01/2003,79.820321,79.882821,79.335946,79.601571,263005,749519
04/02/2003,79.585946,79.585946,78.929696,79.117196,273219,747271
04/03/2003,79.242196,79.367196,78.789071,79.242196,285378,791296
04/04/2003,79.320321,79.351571,78.835946,79.179696,251117,815238
04/07/2003,78.882821,79.007821,78.445321,78.773446,256682,827138
04/08/2003,79.039071,79.242196,78.679696,79.179696,229165,826374
04/09/2003,79.257821,79.523446,79.039071,79.414071,263254,818536
04/10/2003,79.492196,79.585946,79.195321,79.273446,177352,832044
04/11/2003,79.273446,79.304696,78.742196,79.039071,224039,828994
04/14/2003,78.976571,79.117196,78.632821,78.757821,166063,834508
04/15/2003,78.695321,79.085946,78.585946,78.960946,209991,833556
04/16/2003,78.757821,79.132821,78.664071,79.070321,189336,842909
04/17/2003,79.023446,79.289071,78.914071,78.945321,134184,837444
04/21/2003,78.882821,78.914071,78.554696,78.867196,134799,850050
04/22/2003,78.867196,79.179696,78.820321,78.929696,200940,858833
04/23/2003,79.007821,79.039071,78.820321,78.882821,163999,868088
04/24/2003,78.992196,79.492196,78.992196,79.367196,271196,883678
04/25/2003,79.398446,79.726571,79.320321,79.617196,238726,880813
04/28/2003,79.664071,79.773446,79.398446,79.507821,202326,872558
04/29/2003,79.476571,79.507821,79.132821,79.367196,177615,866872
04/30/2003,79.398446,79.929696,79.210946,79.835946,305916,879152
05/01/2003,79.898446,80.242196,79.835946,79.898446,246320,862016
05/02/2003,79.929696,79.992196,79.570321,79.664071,326794,864364
05/05/2003,79.570321,79.804696,79.429696,79.773446,150160,861407
05/06/2003,79.789071,80.476571,79.539071,80.367196,271786,850697
05/07/2003,80.429696,80.960946,80.335946,80.851571,384156,837474
05/08/2003,80.992196,81.226571,80.742196,80.960946,369535,836518
05/09/2003,80.992196,81.023446,80.679696,80.960946,192279,835506
05/12/2003,81.054696,81.382821,80.976571,81.070321,295732,848490
05/13/2003,81.023446,81.210946,80.882821,81.101571,276961,865639
05/14/2003,81.195321,81.601571,80.945321,81.445321,315686,853931
05/15/2003,81.523446,81.601571,81.070321,81.257821,354152,848094
05/16/2003,81.304696,81.976571,81.179696,81.695321,269500,854614
05/19/2003,81.882821,82.101571,81.664071,81.835946,312399,856043
05/20/2003,81.710946,82.320321,81.601571,82.210946,348107,867269
05/21/2003,82.273446,82.289071,81.835946,81.929696,454737,879678
05/22/2003,81.945321,82.210946,81.945321,82.148446,347605,878641
05/23/2003,82.289071,82.351571,82.117196,82.117196,221793,870791
05/27/2003,82.273446,82.335946,81.945321,82.148446,376400,863622
05/28/2003,82.101571,82.226571,81.664071,82.132821,692711,865040
05/29/2003,82.148446,82.585946,82.070321,82.554696,628558,848235
05/30/2003,82.539071,82.679696,82.117196,82.523446,428857,835756
06/02/2003,82.320321,82.335946,81.992196,82.210946,337761,835883
06/03/2003,82.304696,82.976571,82.273446,82.726571,494946,826712
06/04/2003,82.804696,83.054696,82.679696,82.976571,385033,829588
06/05/2003,82.882821,83.179696,82.585946,82.679696,354539,841157
06/06/2003,82.789071,83.023446,82.242196,82.539071,388962,863101
06/09/2003,82.648446,83.039071,82.570321,82.976571,203765,851355
06/10/2003,82.992196,83.570321,82.914071,83.460946,325882,826956
06/11/2003,83.523446,83.648446,83.132821,83.320321,317063,825862
06/12/2003,83.210946,83.695321,83.101571,83.507821,289690,832584
06/13/2003,83.507821,83.867196,83.476571,83.757821,187700,830122
06/16/2003,83.742196,83.867196,83.195321,83.304696,246060,837210
06/17/2003,83.304696,83.398446,82.695321,82.773446,270277,834984
06/18/2003,82.898446,82.914071,82.335946,82.429696,315225,836718
06/19/2003,82.492196,82.867196,82.085946,82.695321,370866,837880
06/20/2003,82.710946,82.835946,82.335946,82.492196,187721,768339
06/23/2003,82.648446,82.960946,82.492196,82.914071,135942,759044
06/24/2003,82.960946,83.257821,82.757821,83.164071,155060,759317
06/25/2003,83.148446,83.429696,82.273446,82.523446,302393,769208
06/26/2003,82.445321,82.460946,81.632821,81.742196,396304,765866
06/27/2003,81.710946,82.164071,81.523446,81.695321,279887,760895
06/30/2003,81.773446,82.101571,81.664071,81.960946,220437,759931
07/01/2003,82.101571,82.304696,81.820321,81.898446,220429,757686
07/02/2003,81.851571,82.164071,81.476571,82.054696,233714,763538
07/03/2003,82.007821,82.320321,81.507821,81.742196,302484,775686
07/07/2003,81.835946,81.867196,81.289071,81.445321,209556,757490
07/08/2003,81.320321,81.585946,81.148446,81.273446,254367,761987
07/09/2003,81.335946,81.585946,81.257821,81.367196,201002,769237
07/10/2003,81.507821,81.726571,81.398446,81.585946,221819,756954
07/11/2003,81.710946,81.976571,81.460946,81.914071,170405,764215
07/14/2003,81.929696,81.976571,81.445321,81.523446,199478,761270
07/15/2003,81.492196,81.585946,80.304696,80.648446,427961,759709
07/16/2003,80.273446,80.632821,79.960946,80.429696,417793,770687
07/17/2003,80.570321,80.726571,80.023446,80.382821,290334,763237
07/18/2003,80.523446,80.539071,80.085946,80.273446,179621,770842
07/21/2003,80.117196,80.195321,79.148446,79.351571,257420,788190
07/22/2003,79.273446,79.695321,79.132821,79.554696,366837,802567
07/23/2003,79.648446,80.148446,79.632821,79.773446,323656,795579
07/24/2003,79.773446,80.007821,79.351571,79.648446,231831,807334
07/25/2003,79.695321,80.085946,79.460946,79.632821,243413,820125
07/28/2003,79.632821,79.632821,78.960946,79.117196,219023,818053
07/29/2003,78.960946,79.570321,78.195321,78.570321,522820,803196
07/30/2003,78.351571,79.226571,78.351571,78.804696,405334,803374
07/31/2003,78.929696,79.273446,77.695321,78.164071,562612,826249
08/01/2003,78.414071,78.445321,77.492196,78.070321,503358,846688
08/04/2003,78.242196,78.992196,78.210946,78.820321,334652,840988
08/05/2003,79.054696,79.101571,78.117196,78.210946,439886,851433
08/06/2003,78.507821,78.976571,78.148446,78.851571,373365,843864
08/07/2003,78.898446,79.210946,78.648446,79.054696,313961,842763
08/08/2003,79.226571,79.789071,79.117196,79.164071,272880,849224
08/11/2003,79.320321,79.351571,78.726571,78.929696,185647,846707
08/12/2003,78.976571,79.304696,78.789071,79.195321,248883,854386
08/13/2003,78.976571,78.976571,78.195321,78.304696,344678,845909
08/14/2003,78.304696,78.929696,77.664071,78.039071,321078,861407
08/15/2003,78.351571,78.539071,78.070321,78.320321,109127,858081
08/18/2003,78.210946,78.601571,78.070321,78.507821,109127,858081
08/19/2003,78.507821,79.101571,78.179696,78.929696,279655,839628
08/20/2003,78.960946,79.164071,78.367196,78.601571,317249,840582
08/21/2003,78.570321,78.664071,77.726571,77.914071,374951,837130
08/22/2003,77.882821,78.195321,77.757821,78.148446,319071,845156
08/25/2003,78.117196,78.335946,77.773446,77.867196,239330,822946
08/26/2003,77.742196,78.054696,77.367196,78.007821,413353,820468
08/27/2003,77.929696,78.148446,77.539071,77.617196,507262,823404
08/28/2003,77.695321,78.367196,77.523446,78.320321,644353,815939
08/29/2003,78.289071,78.460946,77.789071,78.132821,342807,800190
09/02/2003,77.789071,77.914071,77.117196,77.304696,527169,808437
09/03/2003,77.289071,77.585946,77.242196,77.476571,594117,794406
09/04/2003,77.570321,78.148446,77.523446,78.070321,589493,782263
09/05/2003,78.070321,79.273446,78.023446,79.195321,477392,759442
09/08/2003,79.164071,79.601571,78.773446,79.054696,477392,759442
09/09/2003,78.835946,79.351571,78.773446,79.242196,394341,749509
09/10/2003,79.289071,79.914071,79.210946,79.867196,458192,721891
09/11/2003,79.820321,79.960946,79.414071,79.507821,337696,711304
09/12/2003,79.523446,80.429696,79.476571,79.867196,313167,709153
09/15/2003,79.898446,80.289071,79.664071,80.195321,267102,713120
09/16/2003,80.117196,80.367196,79.882821,80.117196,375273,730966
09/17/2003,80.210946,80.648446,80.132821,80.445321,310968,712351
09/18/2003,80.476571,80.664071,79.992196,80.320321,315928,706181
09/19/2003,80.414071,80.601571,80.039071,80.242196,238958,705462
09/22/2003,80.039071,80.148446,79.570321,80.023446,307068,684113
09/23/2003,80.117196,80.273446,79.742196,80.210946,208682,692176
09/24/2003,80.179696,80.710946,80.039071,80.523446,208682,692176
09/25/2003,80.507821,80.804696,80.367196,80.601571,253790,704554
09/26/2003,80.632821,81.351571,80.570321,81.132821,255799,718763
09/29/2003,81.242196,81.273446,80.914071,80.960946,203522,719501
09/30/2003,80.976571,81.757821,80.882821,81.742196,203522,719501
10/01/2003,81.710946,81.867196,81.460946,81.742196,258203,745889
10/02/2003,81.679696,81.679696,81.039071,81.382821,418290,772418
10/03/2003,81.398446,81.398446,80.273446,80.414071,372309,781030
10/06/2003,80.335946,80.773446,80.226571,80.757821,171349,773583
10/07/2003,80.617196,80.820321,80.226571,80.367196,227281,774589
10/08/2003,80.257821,80.664071,80.195321,80.523446,245492,791054
10/09/2003,80.507821,80.585946,79.992196,80.273446,260017,777536
10/10/2003,80.320321,80.664071,80.179696,80.554696,149071,771645
10/14/2003,80.273446,80.382821,80.007821,80.085946,210187,780064
10/15/2003,80.117196,80.195321,79.585946,79.757821,339065,804889
10/16/2003,79.757821,80.007821,79.039071,79.148446,449898,842459
10/17/2003,79.179696,79.585946,79.070321,79.539071,251062,833549
10/20/2003,79.335946,79.773446,79.085946,79.601571,281272,828743
10/21/2003,79.539071,79.945321,79.476571,79.648446,291920,834303
10/22/2003,79.726571,80.289071,79.617196,80.148446,333470,848281
10/23/2003,80.289071,80.601571,79.835946,80.007821,333461,855028
10/24/2003,80.117196,80.585946,80.039071,80.554696,219772,856956
10/27/2003,80.320321,80.460946,80.148446,80.257821,226998,871737
10/28/2003,80.179696,80.898446,79.898446,80.867196,406086,868375
10/29/2003,80.851571,80.851571,80.226571,80.382821,314584,863173
10/30/2003,80.242196,80.460946,79.585946,79.914071,374395,875534
10/31/2003,79.945321,80.226571,79.882821,80.085946,229394,877203
11/03/2003,80.117196,80.132821,79.523446,79.757821,262685,881113
11/04/2003,79.851571,80.101571,79.710946,80.039071,241458,891500
11/05/2003,80.007821,80.117196,79.632821,79.695321,337670,911232
11/06/2003,79.648446,79.804696,79.242196,79.351571,410874,940521
11/07/2003,79.382821,79.867196,78.742196,79.179696,395969,953540
11/10/2003,79.132821,79.367196,79.007821,79.117196,235109,951124
11/12/2003,79.210946,79.507821,79.132821,79.382821,236115,955987
11/13/2003,79.382821,80.242196,79.335946,80.195321,407563,955642
11/14/2003,80.195321,80.757821,80.101571,80.648446,430740,937928
11/17/2003,80.757821,81.054696,80.617196,80.898446,350538,929555
11/18/2003,80.757821,81.117196,80.523446,80.914071,451650,936929
11/19/2003,81.039071,81.242196,80.445321,80.554696,455057,929274
11/20/2003,80.601571,81.195321,80.507821,80.929696,376360,933856
11/21/2003,80.960946,81.117196,80.835946,80.960946,284954,900390
11/24/2003,80.914071,80.945321,80.460946,80.570321,462084,913853
11/25/2003,80.492196,80.882821,80.195321,80.757821,670737,902854
11/26/2003,80.789071,80.914071,80.382821,80.398446,596451,913046
11/28/2003,80.351571,80.367196,79.851571,79.898446,278814,926180
12/01/2003,79.804696,79.835946,79.148446,79.539071,697244,955696
12/02/2003,79.554696,79.757821,79.304696,79.695321,495015,961444
12/03/2003,79.695321,79.898446,79.460946,79.554696,462233,965116
12/04/2003,79.585946,79.867196,79.414071,79.804696,464123,963613
12/05/2003,79.804696,80.898446,79.804696,80.773446,524355,946980
12/08/2003,80.742196,80.867196,80.492196,80.539071,290591,925205
12/09/2003,80.585946,81.007821,79.898446,80.085946,374136,928524
12/10/2003,80.085946,80.460946,80.023446,80.414071,318559,914675
12/11/2003,80.382821,81.070321,80.148446,81.007821,382157,909783
12/12/2003,80.976571,81.460946,80.820321,80.960946,422317,880924
12/15/2003,80.648446,81.164071,80.539071,80.773446,260691,873772
12/16/2003,80.898446,81.101571,80.695321,81.007821,268394,862804
12/17/2003,81.117196,81.398446,81.085946,81.164071,213911,860821
12/18/2003,81.101571,81.429696,80.960946,81.257821,293221,854814
12/19/2003,81.273446,81.492196,81.007821,81.367196,224699,830817
12/22/2003,81.476571,81.601571,81.039071,81.257821,112941,802627
12/23/2003,81.210946,81.273446,80.648446,80.726571,148419,795067
12/24/2003,80.835946,81.304696,80.757821,81.242196,63307,801666
12/26/2003,81.257821,81.507821,81.195321,81.492196,21139,804828
12/29/2003,81.414071,81.429696,81.085946,81.164071,79865,803757
12/30/2003,81.179696,81.179696,80.851571,81.023446,120010,795967
12/31/2003,81.117196,81.210946,81.023446,81.148446,48295,798056
01/02/2004,80.992196,81.132821,80.398446,80.585946,95444,799572
01/05/2004,80.523446,80.695321,80.351571,80.585946,159454,815431
01/06/2004,80.679696,81.226571,80.664071,81.132821,220377,822710
01/07/2004,81.117196,81.382821,80.945321,81.273446,234950,827602
01/08/2004,81.226571,81.367196,81.070321,81.304696,199556,837799
01/09/2004,81.226571,82.351571,81.085946,82.304696,343713,840286
01/12/2004,82.289071,82.601571,82.164071,82.335946,248228,854579
01/13/2004,82.289071,82.820321,82.132821,82.679696,298057,865296
01/14/2004,82.726571,82.851571,82.414071,82.710946,345013,854797
01/15/2004,82.617196,82.804696,82.335946,82.601571,340094,873834
01/16/2004,82.554696,82.835946,82.320321,82.445321,297287,886473
01/20/2004,82.242196,82.507821,82.179696,82.320321,229852,892421
01/21/2004,82.367196,82.570321,82.289071,82.445321,196797,883453
01/22/2004,82.507821,82.851571,82.414071,82.757821,208526,892158
01/23/2004,82.820321,83.007821,82.242196,82.289071,288006,886959
01/26/2004,82.289071,82.460946,81.992196,82.039071,239826,907420
01/27/2004,82.132821,82.414071,82.039071,82.335946,212878,919275
01/28/2004,82.367196,82.679696,80.992196,81.507821,437799,932763
01/29/2004,81.554696,81.726571,81.210946,81.585946,449638,937980
01/30/2004,81.695321,81.992196,81.601571,81.851571,268514,952658
02/02/2004,81.835946,82.085946,81.695321,81.867196,237691,942114
02/03/2004,81.929696,82.195321,81.929696,82.164071,247699,948759
02/04/2004,82.195321,82.273446,81.914071,82.054696,249371,968092
02/05/2004,82.039071,82.085946,81.554696,81.679696,401334,991678
02/06/2004,81.664071,82.335946,81.554696,82.179696,396425,980879
02/09/2004,82.226571,82.429696,82.179696,82.351571,174135,1002577
02/10/2004,82.382821,82.460946,82.070321,82.148446,204158,1011913
02/11/2004,82.101571,82.835946,81.898446,82.695321,480444,1022019
02/12/2004,82.648446,82.773446,82.476571,82.554696,264650,1009059
02/13/2004,82.585946,83.039071,82.585946,82.867196,259735,1021260
02/17/2004,82.882821,82.992196,82.742196,82.820321,276400,1038678
02/18/2004,82.898446,83.132821,82.773446,82.820321,353738,1045365
02/19/2004,82.820321,82.960946,82.601571,82.867196,307296,1041470
02/20/2004,82.929696,82.960946,82.523446,82.617196,401163,1002550
02/23/2004,82.476571,82.976571,82.414071,82.914071,285967,1025494
02/24/2004,82.960946,83.195321,82.898446,82.992196,606204,1030914
02/25/2004,83.007821,83.195321,82.992196,83.070321,543828,1029770
02/26/2004,83.101571,83.117196,82.804696,82.960946,598559,1022641
02/27/2004,83.054696,83.492196,82.945321,83.273446,486454,1019061
03/01/2004,83.320321,83.492196,83.054696,83.179696,479782,1043356
03/02/2004,83.210946,83.242196,82.757821,82.867196,473052,1013622
03/03/2004,82.820321,82.867196,82.554696,82.804696,419623,1017770
03/04/2004,82.835946,83.054696,82.601571,82.976571,300462,1013264
03/05/2004,82.960946,84.367196,82.898446,84.070321,631942,1007045
03/08/2004,83.992196,84.460946,83.960946,84.382821,293663,1008425
03/09/2004,84.398446,84.773446,84.257821,84.632821,350468,1006534
03/10/2004,84.617196,84.695321,84.414071,84.539071,354024,1013773
03/11/2004,84.539071,84.914071,84.320321,84.539071,372457,999187
03/12/2004,84.882821,84.914071,84.414071,84.507821,270492,986932
03/15/2004,84.507821,84.742196,84.304696,84.429696,331437,996894
03/16/2004,84.429696,84.898446,84.164071,84.851571,317635,992861
03/17/2004,84.867196,85.054696,84.695321,84.851571,256755,1005955
03/18/2004,84.726571,84.867196,84.414071,84.523446,318601,1002216
03/19/2004,84.523446,84.585946,84.382821,84.414071,224665,980657
03/22/2004,84.445321,84.804696,84.445321,84.742196,163303,984705
03/23/2004,84.789071,84.851571,84.632821,84.757821,157807,958987
03/24/2004,84.851571,84.960946,84.742196,84.804696,211364,948244
03/25/2004,84.804696,84.867196,84.585946,84.757821,188624,952719
03/26/2004,84.726571,84.804696,84.257821,84.289071,292558,937944
03/29/2004,84.226571,84.304696,83.929696,84.070321,237089,943284
03/30/2004,84.101571,84.289071,84.023446,84.039071,220203,952839
03/31/2004,84.054696,84.460946,84.039071,84.429696,277103,966170
04/01/2004,84.429696,84.523446,83.976571,84.070321,345406,966789
04/02/2004,84.101571,84.179696,82.007821,82.773446,523440,925336
04/05/2004,82.695321,82.804696,82.289071,82.429696,313091,912404
04/06/2004,82.492196,82.789071,82.492196,82.664071,255410,910008
04/07/2004,82.757821,82.898446,82.632821,82.679696,234104,921897
04/08/2004,82.710946,82.789071,82.460946,82.539071,196339,951059
04/12/2004,82.492196,82.523446,82.289071,82.429696,135945,966441
04/13/2004,82.414071,82.445321,81.867196,81.914071,355927,982604
04/14/2004,81.851571,81.992196,81.179696,81.601571,532035,1018321
04/15/2004,81.632821,81.851571,81.351571,81.492196,396076,1028646
04/16/2004,81.585946,82.023446,81.507821,81.835946,280740,1030055
04/19/2004,81.820321,82.023446,81.585946,81.664071,208633,1034775
04/20/2004,81.617196,81.710946,81.007821,81.429696,407100,1094320
04/21/2004,81.132821,81.367196,80.867196,81.210946,608581,1107017
04/22/2004,81.226571,81.507821,81.023446,81.476571,313031,1115793
04/23/2004,81.414071,81.585946,80.867196,80.945321,431266,1136293
04/26/2004,80.867196,81.070321,80.773446,81.007821,244960,1142531
04/27/2004,80.960946,81.320321,80.929696,81.226571,355316,1150378
04/28/2004,81.304696,81.320321,80.679696,80.851571,329011,1162587
04/29/2004,80.664071,81.039071,80.460946,80.601571,560735,1177961
04/30/2004,80.585946,80.882821,80.476571,80.804696,374301,1165607
05/03/2004,80.804696,80.898446,80.601571,80.773446,255772,1172827
05/04/2004,80.773446,81.195321,80.460946,80.695321,420330,1179074
05/05/2004,80.601571,80.976571,80.476571,80.570321,410619,1168893
05/06/2004,80.554696,80.664071,80.351571,80.398446,411756,1185977
05/07/2004,80.398446,80.773446,79.195321,79.351571,703954,1222700
05/10/2004,79.335946,79.570321,79.273446,79.445321,362911,1216034
05/11/2004,79.398446,79.617196,79.351571,79.507821,375090,1227725
05/12/2004,79.617196,79.710946,79.429696,79.523446,430595,1213117
05/13/2004,79.429696,79.492196,79.195321,79.289071,366105,1206869
05/14/2004,79.242196,79.851571,79.023446,79.757821,599140,1172775
05/17/2004,79.851571,80.226571,79.804696,80.179696,498701,1130804
05/18/2004,80.195321,80.195321,79.820321,79.960946,396468,1115202
05/19/2004,79.945321,79.960946,79.585946,79.679696,337648,1093100
05/20/2004,79.789071,80.117196,79.742196,80.023446,397836,1070881
05/21/2004,80.101571,80.226571,79.789071,79.835946,337865,1004252
05/24/2004,79.804696,79.960946,79.695321,79.914071,359124,1100693
05/25/2004,79.976571,80.148446,79.914071,79.976571,606668,1116038
05/26/2004,80.007821,80.445321,79.992196,80.398446,836919,1095451
05/27/2004,80.320321,80.804696,80.320321,80.789071,1004753,1091270
05/28/2004,80.710946,80.820321,80.367196,80.429696,618275,1123677
06/01/2004,80.351571,80.445321,80.085946,80.289071,600529,1121074
06/02/2004,80.304696,80.335946,80.007821,80.085946,467972,1092542
06/03/2004,80.007821,80.242196,79.898446,80.179696,476459,1086458
06/04/2004,80.164071,80.335946,79.804696,79.820321,617639,1108577
06/07/2004,79.804696,80.054696,79.679696,80.007821,354607,1109579
06/08/2004,80.007821,80.117196,79.695321,79.992196,451208,1142506
06/09/2004,80.023446,80.023446,79.554696,79.757821,466554,1133552
06/10/2004,79.773446,79.835946,79.585946,79.804696,330580,1146974
06/14/2004,79.414071,79.601571,79.304696,79.367196,390945,1139792
06/15/2004,79.351571,80.367196,79.335946,80.273446,620295,1148010
06/16/2004,80.320321,80.320321,79.898446,80.054696,379761,1137663
06/17/2004,80.117196,80.304696,79.804696,80.210946,404707,1144781
06/18/2004,80.242196,80.460946,80.148446,80.195321,244953,1129006
06/21/2004,80.195321,80.398446,80.085946,80.351571,166397,1107341
06/22/2004,80.351571,80.414071,80.210946,80.351571,178220,1070609
06/23/2004,80.257821,80.460946,80.179696,80.382821,243103,1079239
06/24/2004,80.398446,80.882821,80.351571,80.679696,437635,1109777
06/25/2004,80.679696,80.851571,80.617196,80.742196,231211,1107176
06/28/2004,80.757821,80.820321,80.148446,80.226571,452165,1107575
06/29/2004,80.257821,80.523446,80.101571,80.445321,332271,1140286
06/30/2004,80.507821,81.148446,80.414071,80.945321,509156,1168183
07/01/2004,81.117196,81.335946,80.804696,81.289071,452648,1185639
07/02/2004,81.226571,82.304696,81.132821,81.851571,452152,1169171
07/06/2004,81.820321,82.023446,81.726571,81.789071,297365,1144543
07/07/2004,81.773446,81.882821,81.664071,81.789071,254527,1138821
07/08/2004,81.773446,81.960946,81.617196,81.882821,276063,1159748
07/09/2004,81.882821,81.960946,81.789071,81.898446,137626,1164472
07/12/2004,81.914071,82.054696,81.898446,81.976571,126242,1170208
07/13/2004,81.945321,81.976571,81.648446,81.820321,255308,1177579
07/14/2004,81.851571,82.070321,81.664071,81.742196,315534,1183958
07/15/2004,81.757821,81.820321,81.585946,81.695321,277441,1203064
07/16/2004,81.710946,82.367196,81.476571,82.320321,453175,1231485
07/19/2004,82.335946,82.382821,82.226571,82.257821,149368,1235146
07/20/2004,82.289071,82.289071,81.664071,81.726571,399306,1250090
07/21/2004,81.695321,81.726571,81.351571,81.554696,443744,1243659
07/22/2004,81.632821,81.773446,81.507821,81.632821,323625,1250614
07/23/2004,81.695321,81.773446,81.585946,81.742196,120023,1224548
07/26/2004,81.726571,81.757821,81.445321,81.570321,180822,1253043
07/27/2004,81.476571,81.507821,80.992196,81.070321,384370,1287718
07/28/2004,80.992196,81.257821,80.882821,81.210946,443184,1296397
07/29/2004,81.242196,81.367196,81.023446,81.320321,316256,1284885
07/30/2004,81.289071,81.789071,81.226571,81.757821,575866,1310767
08/02/2004,82.039071,82.179696,81.789071,81.867196,300439,1318025
08/03/2004,81.835946,82.039071,81.695321,81.992196,351312,1332943
08/04/2004,81.976571,82.164071,81.820321,81.992196,358931,1341823
08/05/2004,82.007821,82.226571,81.976571,82.117196,303682,1351499
08/06/2004,82.164071,83.632821,82.132821,83.242196,738787,1373393
08/09/2004,83.226571,83.351571,82.992196,83.085946,288418,1360362
08/10/2004,83.007821,83.164071,82.632821,82.742196,430819,1350005
08/11/2004,82.695321,82.898446,82.648446,82.835946,388052,1333721
08/12/2004,82.867196,83.070321,82.695321,83.007821,390623,1333221
08/13/2004,83.007821,83.382821,82.992196,83.273446,400751,1341522
08/16/2004,83.195321,83.273446,82.945321,83.148446,358712,1312848
08/17/2004,83.101571,83.476571,83.023446,83.398446,389708,1353497
08/18/2004,83.445321,83.664071,83.226571,83.304696,522358,1360994
08/19/2004,83.242196,83.460946,83.210946,83.445321,364460,1336109
08/20/2004,83.429696,83.539071,83.257821,83.289071,263382,1340568
08/23/2004,83.289071,83.304696,82.992196,83.101571,391743,1332970
08/24/2004,83.085946,83.179696,82.898446,83.117196,410895,1307510
08/25/2004,83.148446,83.335946,82.976571,83.132821,537259,1286700
08/26/2004,83.085946,83.335946,83.054696,83.273446,509690,1310731
08/27/2004,83.335946,83.476571,83.257821,83.273446,710128,1261896
08/30/2004,83.304696,83.523446,83.226571,83.460946,625172,1217551
08/31/2004,83.507821,83.992196,83.414071,83.789071,823424,1237639
09/01/2004,83.882821,84.085946,83.648446,83.867196,715888,1256391
09/02/2004,83.914071,83.960946,83.476571,83.585946,588894,1220005
09/03/2004,83.460946,84.382821,82.507821,83.039071,600479,1227809
09/07/2004,83.023446,83.273446,82.976571,83.226571,347068,1203097
09/08/2004,83.242196,83.789071,83.023446,83.757821,645061,1223553
09/09/2004,83.757821,83.976571,83.570321,83.632821,584590,1210243
09/10/2004,83.632821,84.039071,83.632821,83.726571,412174,1180600
09/13/2004,83.726571,83.867196,83.632821,83.804696,248846,1177090
09/14/2004,83.851571,84.023446,83.695321,83.945321,368791,1190570
09/15/2004,83.960946,83.976571,83.710946,83.757821,377178,1183755
09/16/2004,83.757821,84.304696,83.648446,84.226571,502037,1199882
09/17/2004,84.226571,84.382821,83.898446,83.929696,380917,1189353
09/20/2004,83.960946,84.351571,83.960946,84.320321,305133,1201307
09/21/2004,84.304696,84.351571,83.882821,84.273446,433132,1194214
09/22/2004,84.273446,84.476571,84.101571,84.382821,454145,1131913
09/23/2004,84.414071,84.570321,84.054696,84.101571,515699,1101032
09/24/2004,84.132821,84.226571,83.882821,84.023446,460487,1108862
09/27/2004,84.007821,84.304696,83.914071,84.226571,309145,1110139
09/28/2004,84.273446,84.492196,84.164071,84.257821,405022,1098263
09/29/2004,84.304696,84.335946,83.820321,83.867196,426929,1093124
09/30/2004,83.882821,84.085946,83.460946,83.867196,517047,1080566
10/01/2004,83.851571,83.867196,83.523446,83.601571,398333,1082253
10/04/2004,83.601571,83.664071,83.320321,83.617196,303780,1061025
10/05/2004,83.632821,83.710946,83.539071,83.664071,255396,1069589
10/06/2004,83.679696,83.679696,83.351571,83.398446,293266,1067510
10/07/2004,83.367196,83.460946,83.195321,83.304696,365304,1087623
10/08/2004,83.289071,83.992196,83.289071,83.914071,446428,1088265
10/12/2004,83.914071,84.242196,83.914071,84.070321,280854,1084658
10/13/2004,84.054696,84.382821,83.867196,84.273446,307469,1086802
10/14/2004,84.382821,84.617196,84.257821,84.570321,353859,1096942
10/15/2004,84.539071,84.710946,84.023446,84.320321,548421,1110927
10/18/2004,84.304696,84.382821,84.148446,84.335946,221609,1103877
10/19/2004,84.351571,84.398446,84.007821,84.335946,386916,1099969
10/20/2004,84.367196,84.648446,84.351571,84.570321,322932,1109043
10/21/2004,84.585946,84.757821,84.429696,84.492196,456307,1126174
10/22/2004,84.445321,84.648446,84.320321,84.601571,277908,1117604
10/25/2004,84.679696,84.898446,84.664071,84.695321,303326,1124519
10/26/2004,84.648446,84.820321,84.554696,84.648446,320845,1108302
10/27/2004,84.570321,84.773446,84.117196,84.179696,558094,1129826
10/28/2004,84.164071,84.445321,83.820321,84.273446,523879,1119537
10/29/2004,84.382821,84.539071,84.179696,84.492196,384515,1117740
11/01/2004,84.507821,84.507821,84.195321,84.242196,313213,1120524
11/02/2004,84.289071,84.460946,84.148446,84.335946,239306,1126077
11/03/2004,84.445321,84.476571,83.773446,84.414071,570487,1138434
11/04/2004,84.367196,84.507821,84.226571,84.304696,428053,1146132
11/05/2004,84.242196,84.289071,83.117196,83.632821,778497,1188890
11/08/2004,83.648446,83.648446,83.398446,83.507821,345314,1195410
11/09/2004,83.476571,83.632821,83.445321,83.507821,377267,1228105
11/10/2004,83.460946,83.585946,83.273446,83.351571,476836,1226779
11/12/2004,83.445321,83.664071,83.367196,83.507821,356602,1247749
11/15/2004,83.601571,83.648446,83.429696,83.507821,234922,1256416
11/16/2004,83.492196,83.585946,83.257821,83.398446,475020,1277575
11/17/2004,83.398446,83.804696,83.132821,83.726571,634641,1292736
11/18/2004,83.773446,83.851571,83.585946,83.742196,464975,1301760
11/19/2004,83.757821,83.898446,83.054696,83.351571,670581,1369133
11/22/2004,83.335946,83.445321,83.273446,83.382821,434133,1377166
11/23/2004,83.351571,83.523446,83.179696,83.320321,702310,1413155
11/24/2004,83.257821,83.382821,83.148446,83.195321,440854,1437554
11/26/2004,83.210946,83.210946,82.664071,83.054696,483132,1462977
11/29/2004,83.039071,83.101571,82.632821,82.695321,1102687,1514978
11/30/2004,82.726571,82.867196,82.601571,82.757821,1003229,1496164
12/01/2004,82.820321,83.023446,82.695321,82.757821,910960,1479858
12/02/2004,82.804696,82.835946,82.460946,82.664071,841913,1515059
12/03/2004,82.617196,83.523446,82.585946,83.257821,901698,1528702
12/06/2004,83.320321,83.460946,83.210946,83.382821,352234,1526845
12/07/2004,83.429696,83.445321,83.226571,83.382821,388800,1534596
12/08/2004,83.414071,83.882821,83.273446,83.789071,647505,1541107
12/09/2004,83.820321,84.023446,83.648446,83.742196,573112,1527172
12/10/2004,83.695321,83.960946,83.695321,83.757821,448744,1471847
12/13/2004,83.773446,83.898446,83.601571,83.726571,350581,1440784
12/14/2004,83.726571,83.914071,83.570321,83.835946,330652,1412389
12/15/2004,83.851571,84.070321,83.789071,83.992196,358252,1368470
12/16/2004,83.992196,84.070321,83.539071,83.585946,367091,1358912
12/17/2004,83.585946,83.664071,83.273446,83.554696,527234,1256713
12/20/2004,83.523446,83.679696,83.492196,83.523446,179951,1202047
12/21/2004,83.585946,83.648446,83.445321,83.617196,128252,1139404
12/22/2004,83.617196,83.664071,83.476571,83.601571,183140,1132288
12/23/2004,83.632821,83.710946,83.585946,83.601571,93773,1105015
12/27/2004,83.648446,83.648446,83.226571,83.304696,132459,1100815
12/28/2004,83.273446,83.351571,83.039071,83.289071,152140,1104504
12/29/2004,83.273446,83.304696,83.070321,83.117196,99172,1104447
12/30/2004,83.101571,83.382821,83.070321,83.320321,71241,1105206
12/31/2004,83.320321,83.492196,83.273446,83.460946,134773,1112134
01/03/2005,83.476571,83.476571,83.179696,83.367196,254942,1110111
01/04/2005,83.335946,83.445321,82.835946,82.992196,442986,1144102
01/05/2005,82.929696,83.070321,82.835946,82.960946,335273,1156671
01/06/2005,82.914071,83.101571,82.882821,83.039071,322549,1133191
01/07/2005,83.054696,83.929696,82.492196,82.914071,534686,1146364
01/10/2005,82.960946,82.960946,82.773446,82.882821,239809,1156187
01/11/2005,82.882821,82.976571,82.742196,82.945321,324905,1165069
01/12/2005,82.945321,83.054696,82.882821,82.992196,366136,1157545
01/13/2005,83.007821,83.289071,82.945321,83.195321,392203,1150012
01/14/2005,83.257821,83.320321,82.929696,83.007821,348565,1158267
01/18/2005,83.007821,83.023446,82.835946,82.992196,297653,1169539
01/19/2005,82.992196,83.101571,82.867196,83.007821,436034,1190856
01/20/2005,83.054696,83.242196,82.960946,83.210946,416294,1179868
01/21/2005,83.195321,83.492196,83.179696,83.445321,382734,1138866
01/24/2005,83.429696,83.492196,83.289071,83.398446,262213,1153455
01/25/2005,83.398446,83.398446,83.070321,83.179696,440352,1152438
01/26/2005,83.164071,83.242196,83.054696,83.085946,305837,1156374
01/27/2005,83.054696,83.070321,82.820321,82.992196,349006,1188988
01/28/2005,82.929696,83.320321,82.929696,83.257821,413749,1203160
01/31/2005,83.179696,83.210946,83.023446,83.179696,315337,1193182
02/01/2005,83.179696,83.304696,83.085946,83.195321,384050,1220394
02/02/2005,83.164071,83.273446,83.070321,83.117196,316604,1206760
02/03/2005,83.070321,83.070321,82.867196,82.960946,382215,1255227
02/04/2005,82.945321,83.492196,82.929696,83.351571,643848,1261140
02/07/2005,83.304696,83.414071,83.226571,83.367196,221144,1239916
02/08/2005,83.335946,83.414071,83.164071,83.320321,483961,1257002
02/09/2005,83.367196,83.820321,83.257821,83.789071,649333,1214286
02/10/2005,83.757821,83.804696,83.445321,83.507821,447522,1191245
02/11/2005,83.445321,83.585946,83.210946,83.289071,427198,1184340
02/14/2005,83.289071,83.335946,83.164071,83.304696,327024,1182001
02/15/2005,83.304696,83.382821,83.210946,83.257821,335237,1195690
02/16/2005,83.242196,83.429696,82.851571,82.914071,695058,1264805
02/17/2005,82.914071,82.976571,82.789071,82.929696,425050,1263373
02/18/2005,82.929696,82.992196,82.585946,82.648446,519293,1192968
02/22/2005,82.601571,82.695321,82.539071,82.585946,518215,1286330
02/23/2005,82.585946,82.835946,82.398446,82.585946,762014,1275775
02/24/2005,82.632821,82.726571,82.382821,82.445321,807586,1272438
02/25/2005,82.398446,82.507821,82.304696,82.429696,1039426,1264792
02/28/2005,82.445321,82.492196,81.882821,82.023446,1139770,1274546
03/01/2005,81.945321,82.101571,81.914071,82.007821,766996,1280348
03/02/2005,82.039071,82.132821,81.898446,82.070321,561605,1273981
03/03/2005,82.085946,82.195321,81.976571,82.023446,486706,1249198
03/04/2005,82.039071,82.320321,81.757821,82.273446,708803,1266915
03/07/2005,82.257821,82.382821,82.164071,82.210946,291547,1277511
03/08/2005,82.179696,82.226571,81.804696,81.929696,646959,1325989
03/09/2005,81.882821,81.945321,81.460946,81.507821,751779,1324352
03/10/2005,81.460946,81.679696,81.257821,81.632821,759667,1330574
03/11/2005,81.554696,81.617196,81.210946,81.273446,549638,1340658
03/14/2005,81.257821,81.382821,81.039071,81.320321,386274,1378680
03/15/2005,81.351571,81.539071,81.179696,81.242196,473688,1382558
03/16/2005,81.210946,81.710946,81.132821,81.398446,675922,1382727
03/17/2005,81.429696,81.804696,81.429696,81.632821,625952,1344085
03/18/2005,81.648446,81.679696,81.476571,81.507821,268040,1326211
03/21/2005,81.507821,81.539071,81.367196,81.507821,220332,1320241
03/22/2005,81.507821,81.773446,80.898446,81.039071,615204,1308079
03/23/2005,80.960946,81.070321,80.570321,80.960946,637863,1329406
03/24/2005,81.007821,81.132821,80.945321,80.992196,289319,1289103
03/28/2005,80.992196,80.992196,80.789071,80.851571,180267,1318590
03/29/2005,80.804696,81.070321,80.773446,81.007821,282502,1351750
03/30/2005,81.054696,81.195321,80.960946,81.132821,345511,1367194
03/31/2005,81.179696,81.570321,81.132821,81.539071,493227,1396065
04/01/2005,81.539071,82.070321,81.273446,81.742196,769238,1409493
04/04/2005,81.679696,81.914071,81.554696,81.773446,288014,1398807
04/05/2005,81.757821,81.835946,81.632821,81.710946,294156,1386197
04/06/2005,81.726571,81.976571,81.710946,81.898446,333588,1389323
04/07/2005,81.945321,82.101571,81.695321,81.757821,575739,1408563
04/08/2005,81.726571,81.742196,81.507821,81.648446,347239,1415626
04/11/2005,81.695321,81.851571,81.570321,81.773446,273167,1409670
04/12/2005,81.835946,82.226571,81.664071,82.164071,636121,1416498
04/13/2005,82.164071,82.398446,82.054696,82.242196,541912,1397927
04/14/2005,82.289071,82.664071,82.242196,82.429696,581596,1382028
04/15/2005,82.648446,83.007821,82.539071,82.789071,665305,1336028
04/18/2005,82.945321,83.226571,82.742196,82.851571,525079,1375634
04/19/2005,82.742196,83.195321,82.601571,83.085946,667887,1384136
04/20/2005,83.023446,83.210946,82.585946,83.085946,682266,1370313
04/21/2005,83.226571,83.226571,82.507821,82.617196,694622,1374272
04/22/2005,82.617196,82.867196,82.617196,82.773446,285398,1322156
04/25/2005,82.757821,82.867196,82.617196,82.710946,259294,1361148
04/26/2005,82.695321,82.835946,82.507821,82.664071,432000,1370227
04/27/2005,82.648446,82.976571,82.523446,82.804696,492676,1375746
04/28/2005,82.835946,83.304696,82.804696,83.148446,438749,1387908
04/29/2005,83.242196,83.273446,82.851571,82.898446,529118,1370296
05/02/2005,82.867196,83.070321,82.820321,82.960946,279855,1364609
05/03/2005,82.976571,83.148446,82.773446,82.835946,377239,1376171
05/04/2005,83.023446,83.101571,82.789071,83.054696,587899,1399772
05/05/2005,83.070321,83.492196,82.992196,83.320321,637745,1400855
05/06/2005,83.335946,83.382821,82.601571,82.664071,785875,1387515
05/09/2005,82.648446,82.648446,82.460946,82.523446,292439,1381404
05/10/2005,82.523446,82.914071,82.492196,82.835946,372603,1368034
05/11/2005,82.898446,83.179696,82.710946,82.914071,645516,1343678
05/12/2005,82.898446,83.117196,82.664071,83.039071,587073,1296671
05/13/2005,83.085946,83.335946,82.945321,83.257821,496323,1289534
05/16/2005,83.273446,83.382821,83.132821,83.257821,321989,1302716
05/17/2005,83.195321,83.414071,83.054696,83.289071,456748,1323951
05/18/2005,83.273446,83.820321,83.226571,83.460946,526415,1332872
05/19/2005,83.367196,83.414071,83.101571,83.164071,450231,1341768
05/20/2005,83.132821,83.195321,83.023446,83.054696,282774,1288610
05/23/2005,83.023446,83.429696,82.945321,83.289071,543627,1312183
05/24/2005,83.304696,83.554696,83.273446,83.476571,811958,1270004
05/25/2005,83.507821,83.664071,83.273446,83.367196,1061135,1287275
05/26/2005,83.304696,83.414071,83.148446,83.242196,1077291,1259856
05/27/2005,83.273446,83.335946,83.195321,83.273446,599228,1215056
05/31/2005,83.304696,83.679696,83.304696,83.554696,698019,1196029
06/01/2005,83.648446,84.304696,83.570321,84.117196,929501,1180092
06/02/2005,84.164071,84.179696,83.976571,84.117196,459792,1155990
06/03/2005,84.070321,84.554696,83.695321,83.726571,845192,1161693
06/06/2005,83.710946,83.867196,83.601571,83.742196,280496,1151659
06/07/2005,83.773446,84.023446,83.695321,83.914071,280496,1151659
06/08/2005,83.929696,83.976571,83.726576,83.773446,450147,1133682
06/09/2005,83.757821,83.773446,83.382821,83.601571,463263,1124278
06/10/2005,83.664071,83.679696,83.210946,83.242196,328566,1134595
06/13/2005,83.226571,83.320321,83.039071,83.117196,333620,1141946
06/14/2005,83.101571,83.304696,82.976571,83.023446,411047,1142476
06/15/2005,83.085946,83.289071,82.914071,83.023446,463328,1127897
06/16/2005,83.039071,83.226571,82.867196,83.164071,356249,1133660
06/17/2005,83.164071,83.226571,83.023446,83.101571,252781,1124908
06/20/2005,83.101571,83.179696,82.851571,82.992196,239206,1128543
06/21/2005,82.976571,83.289071,82.882821,83.195321,326056,1123799
06/22/2005,83.242196,83.742196,83.195321,83.695321,375516,1102166
06/23/2005,83.679696,83.695321,83.492196,83.601571,327220,1089175
06/24/2005,83.664071,83.882821,83.632821,83.851571,314958,1091806
06/27/2005,83.851571,83.960946,83.804696,83.914071,225530,1104444
06/28/2005,83.914071,83.914071,83.570321,83.601571,313328,1107935
06/29/2005,83.601571,83.773446,83.445321,83.523446,303532,1106280
06/30/2005,83.570321,83.804696,83.445321,83.679696,445867,1110910
07/01/2005,83.773446,83.773446,83.148446,83.226571,399112,1130154
07/05/2005,83.132821,83.164071,82.898446,82.929696,340012,1139752
07/06/2005,83.023446,83.070321,82.929696,83.054696,280455,1163365
07/07/2005,83.070321,84.289071,83.023446,83.226571,617132,1181194
07/08/2005,83.148446,83.414071,82.882821,82.929696,386398,1183073
07/11/2005,82.976571,83.039071,82.695321,82.914071,326356,1187627
07/12/2005,82.929696,83.039071,82.726571,82.757821,306461,1180961
07/13/2005,82.742196,82.773446,82.585946,82.679696,320624,1196329
07/14/2005,82.695321,82.867196,82.539071,82.617196,356348,1195698
07/15/2005,82.617196,82.757821,82.492196,82.617196,255142,1208405
07/18/2005,82.617196,82.664071,82.398446,82.460946,210412,1211606
07/19/2005,82.429696,82.648446,82.304696,82.554696,377599,1242695
07/20/2005,82.570321,82.664071,82.257821,82.601571,565283,1272942
07/21/2005,82.570321,82.664071,82.117196,82.164071,724401,1315630
07/22/2005,82.164071,82.445321,82.117196,82.351571,283968,1284089
07/25/2005,82.351571,82.429696,82.210946,82.273446,237250,1320528
07/26/2005,82.242196,82.335946,82.210946,82.257821,215830,1331363
07/27/2005,82.304696,82.335946,82.085946,82.132821,399390,1392566
07/28/2005,82.132821,82.382821,82.054696,82.335946,322579,1392612
07/29/2005,82.367196,82.382821,81.914071,81.992196,454058,1423730
08/01/2005,81.976571,82.023446,81.757821,81.898446,373307,1450958
08/02/2005,81.898446,82.007821,81.789071,81.867196,312306,1452166
08/03/2005,81.867196,82.085946,81.851571,82.039071,313291,1457788
08/04/2005,82.039071,82.117196,81.929696,81.960946,232305,1472005
08/05/2005,81.960946,82.054696,81.570321,81.601571,575997,1466814
08/08/2005,81.601571,81.664071,81.398446,81.460946,273441,1526518
08/09/2005,81.429696,81.664071,81.382821,81.617196,362616,1522253
08/10/2005,81.648446,81.804696,81.539071,81.632821,349005,1517240
08/11/2005,81.632821,81.976571,81.539071,81.914071,452556,1506684
08/12/2005,81.976571,82.257821,81.898446,82.242196,372001,1504705
08/15/2005,82.226571,82.242196,81.992196,82.085946,256883,1511208
08/16/2005,82.007821,82.414071,81.992196,82.320321,612172,1487249
08/17/2005,82.382821,82.398446,82.085946,82.132821,438391,1458928
08/18/2005,82.117196,82.460946,82.117196,82.398446,453287,1431046
08/19/2005,82.429696,82.429696,82.195321,82.382821,280298,1418125
08/22/2005,82.382821,82.445321,82.164071,82.382821,444634,1409927
08/23/2005,82.351571,82.585946,82.273446,82.507821,581298,1394901
08/24/2005,82.539071,82.695321,82.429696,82.507821,629051,1417488
08/25/2005,82.523446,82.601571,82.429696,82.539071,683099,1412891
08/26/2005,82.539071,82.601571,82.273446,82.304696,741559,1385949
08/29/2005,82.570321,82.632821,82.335946,82.367196,719273,1394551
08/30/2005,82.367196,82.945321,82.304696,82.914071,1123593,1382277
08/31/2005,82.867196,83.507821,82.789071,83.382821,1281131,1375378
09/01/2005,83.429696,83.820321,83.210946,83.570321,1129211,1359375
09/02/2005,83.507821,83.835946,83.335946,83.523446,733632,1331541
09/06/2005,83.429696,83.460946,83.195321,83.304696,463990,1311608
09/07/2005,83.242196,83.304696,82.960946,83.085946,673267,1269778
09/08/2005,83.054696,83.289071,82.960946,83.023446,452355,1255538
09/09/2005,82.976571,83.195321,82.976571,83.054696,294019,1229126
09/12/2005,83.039071,83.117196,82.757821,82.898446,480418,1209857
09/13/2005,82.867196,83.195321,82.789071,83.085946,443320,1194069
09/14/2005,83.085946,83.273446,82.929696,82.960946,408424,1170812
09/15/2005,82.976571,83.195321,82.742196,82.835946,563022,1170459
09/16/2005,82.804696,82.898446,82.523446,82.601571,442326,1137347
09/19/2005,82.539071,82.835946,82.523446,82.726571,290805,1147691
09/20/2005,82.710946,82.742196,82.320321,82.585946,540350,1136090
09/21/2005,82.539071,82.851571,82.507821,82.742196,426106,1148370
09/22/2005,82.898446,83.085946,82.726571,82.820321,490355,1140510
09/23/2005,82.804696,82.804696,82.398446,82.429696,385363,1122085
09/26/2005,82.304696,82.335946,82.148446,82.273446,416544,1116683
09/27/2005,82.273446,82.398446,82.085946,82.210946,509367,1121888
09/28/2005,82.289071,82.335946,82.007821,82.273446,424935,1127760
09/29/2005,82.257821,82.382821,82.054696,82.117196,426306,1145733
09/30/2005,82.070321,82.179696,81.789071,81.867196,466108,1166287
10/03/2005,81.867196,81.976571,81.601571,81.648446,359462,1180126
10/04/2005,81.679696,81.820321,81.539071,81.664071,317005,1213503
10/05/2005,81.695321,81.882821,81.648446,81.710946,394763,1239303
10/06/2005,81.820321,81.898446,81.617196,81.710946,394436,1270257
10/07/2005,81.664071,81.804696,81.289071,81.726571,539977,1293465
10/11/2005,81.757821,81.789071,81.507821,81.664071,387505,1304536
10/12/2005,81.617196,81.632821,81.398446,81.460946,430270,1326766
10/13/2005,81.445321,81.460946,81.242196,81.367196,441009,1326314
10/14/2005,81.398446,81.570321,81.132821,81.289071,512858,1349574
10/17/2005,81.304696,81.398446,81.210946,81.273446,260253,1359863
10/18/2005,81.226571,81.398446,81.179696,81.335946,385234,1355094
10/19/2005,81.367196,81.585946,81.367196,81.398446,363644,1378600
10/20/2005,81.398446,81.507821,81.210946,81.382821,409706,1408715
10/21/2005,81.476571,81.773446,81.398446,81.648446,370672,1347486
10/24/2005,81.648446,81.648446,81.335946,81.429696,355561,1387882
10/25/2005,81.398446,81.492196,81.007821,81.132821,508185,1408739
10/26/2005,81.007821,81.054696,80.757821,80.835946,598714,1412246
10/27/2005,80.976571,81.070321,80.867196,80.945321,406521,1410440
10/28/2005,80.960946,81.101571,80.742196,80.882821,399355,1428733
10/31/2005,80.820321,81.007821,80.742196,80.898446,323610,1438098
11/01/2005,80.914071,81.039071,80.773446,80.820321,444685,1444029
11/02/2005,80.851571,80.898446,80.632821,80.710946,443379,1452947
11/03/2005,80.695321,80.851571,80.476571,80.523446,494560,1479128
11/04/2005,80.507821,80.726571,80.367196,80.492196,628279,1480944
11/07/2005,80.460946,80.648446,80.445321,80.523446,273651,1481663
11/08/2005,80.570321,80.898446,80.570321,80.820321,457299,1475021
11/09/2005,80.851571,80.914071,80.476571,80.539071,446981,1475943
11/10/2005,80.507821,80.867196,80.492196,80.820321,446981,1475943
11/14/2005,80.820321,80.898446,80.539071,80.617196,378895,1472545
11/15/2005,80.601571,80.851571,80.539071,80.789071,504882,1461677
11/16/2005,80.789071,81.164071,80.742196,81.085946,592771,1457869
11/17/2005,81.132821,81.335946,80.960946,81.257821,743901,1427246
11/18/2005,81.210946,81.273446,81.007821,81.070321,450957,1401605
11/21/2005,81.101571,81.304696,81.039071,81.242196,361670,1398574
11/22/2005,81.210946,81.554696,81.132821,81.523446,864041,1312618
11/23/2005,81.507821,81.570321,81.304696,81.335946,540911,1308861
11/25/2005,81.476571,81.539071,81.398446,81.507821,314522,1279212
11/28/2005,81.476571,81.632821,81.320321,81.570321,925051,1254719
11/29/2005,81.554696,81.617196,81.132821,81.164071,1332336,1223804
11/30/2005,81.195321,81.304696,81.007821,81.085946,832206,1189470
12/01/2005,81.117196,81.289071,80.882821,80.960946,739717,1180306
12/02/2005,80.976571,81.070321,80.882821,80.992196,601827,1187641
12/05/2005,81.007821,81.039071,80.710946,80.789071,408966,1194360
12/06/2005,80.773446,81.210946,80.757821,81.101571,442814,1194864
12/07/2005,81.117196,81.117196,80.960946,81.039071,506736,1193674
12/08/2005,81.039071,81.382821,81.023446,81.335946,373730,1156196
12/09/2005,81.320321,81.367196,80.976571,80.992196,312280,1153721
12/12/2005,81.023446,81.101571,80.835946,80.914071,218063,1144124
12/13/2005,80.914071,81.226571,80.882821,81.007821,374045,1143520
12/14/2005,81.070321,81.445321,81.070321,81.335946,462764,1109376
12/15/2005,81.304696,81.445321,81.070321,81.273446,423066,1118248
12/16/2005,81.289071,81.460946,81.273446,81.351571,251503,1105975
12/19/2005,81.382821,81.429696,81.210946,81.335946,204729,1093078
12/20/2005,81.351571,81.367196,81.132821,81.210946,233269,1101315
12/21/2005,81.210946,81.242196,81.023446,81.085946,172225,1105536
12/22/2005,81.054696,81.382821,81.039071,81.335946,205470,1088502
12/23/2005,81.351571,81.632821,81.226571,81.585946,180735,1093747
12/27/2005,81.585946,81.757821,81.460946,81.726571,134569,1087459
12/28/2005,81.710946,81.726571,81.539071,81.554696,151023,1078021
12/29/2005,81.554696,81.601571,81.429696,81.539071,137417,1070138
12/30/2005,81.570321,81.726571,81.460946,81.492196,141769,1068553
01/03/2006,81.476571,81.773446,81.335946,81.695321,429891,1072607
01/04/2006,81.710946,81.867196,81.617196,81.789071,437167,1072508
01/05/2006,81.804696,81.867196,81.679696,81.773446,387141,1056613
01/06/2006,81.757821,82.054696,81.539071,81.632821,580643,1061221
01/09/2006,81.601571,81.710946,81.570321,81.632821,273908,1071220
01/10/2006,81.664071,81.710946,81.414071,81.445321,486201,1082437
01/11/2006,81.429696,81.539071,81.257821,81.289071,396095,1077695
01/12/2006,81.289071,81.523446,81.289071,81.507821,429254,1094727
01/13/2006,81.492196,81.804696,81.382821,81.757821,416431,1081665
01/17/2006,81.695321,81.835946,81.632821,81.820321,338746,1087800
01/18/2006,81.820321,82.023446,81.695321,81.804696,579641,1103748
01/19/2006,81.820321,81.820321,81.554696,81.617196,549214,1099768
01/20/2006,81.632821,81.742196,81.539071,81.648446,399814,1085077
01/23/2006,81.695321,81.773446,81.492196,81.695321,353165,1080799
01/24/2006,81.695321,81.726571,81.523446,81.585946,318781,1092027
01/25/2006,81.554696,81.585946,81.148446,81.179696,637237,1139484
01/26/2006,81.164071,81.242196,80.960946,81.023446,548726,1161565
01/27/2006,81.054696,81.226571,80.898446,81.023446,623560,1178043
01/30/2006,80.960946,80.992196,80.804696,80.929696,374041,1181970
01/31/2006,80.945321,81.023446,80.773446,80.882821,547650,1220056
02/01/2006,80.914071,80.960946,80.617196,80.664071,555175,1264175
02/02/2006,80.648446,80.742196,80.570321,80.648446,527163,1291183
02/03/2006,80.648446,80.789071,80.382821,80.710946,860194,1306681
02/06/2006,80.726571,80.757821,80.585946,80.632821,329474,1322557
02/07/2006,80.601571,80.726571,80.507821,80.601571,481139,1333645
02/08/2006,80.601571,80.695321,80.460946,80.492196,362750,1362471
02/09/2006,80.507821,80.648446,80.398446,80.476571,616275,1374694
02/10/2006,80.460946,80.617196,80.242196,80.320321,574121,1427000
02/13/2006,80.289071,80.398446,80.226571,80.367196,283997,1414117
02/14/2006,80.382821,80.398446,80.179696,80.257821,471070,1412638
02/15/2006,80.273446,80.398446,80.132821,80.257821,613514,1443634
02/16/2006,80.289071,80.351571,80.210946,80.289071,362202,1459264
02/17/2006,80.304696,80.539071,80.289071,80.476571,456848,1467347
02/21/2006,80.492196,80.507821,80.335946,80.367196,450304,1488875
02/22/2006,80.335946,80.523446,80.195321,80.460946,663926,1489563
02/23/2006,80.460946,80.507821,80.226571,80.242196,835677,1497730
02/24/2006,80.289071,80.429696,80.195321,80.257821,891665,1447392
02/27/2006,80.195321,80.289071,80.101571,80.164071,1270319,1503745
02/28/2006,80.148446,80.445321,80.132821,80.398446,986542,1384451
03/01/2006,80.398446,80.539071,80.273446,80.304696,836452,1347422
03/02/2006,80.320321,80.367196,80.023446,80.132821,677019,1353111
03/03/2006,80.148446,80.148446,79.914071,79.992196,611437,1329957
03/06/2006,79.960946,80.007821,79.789071,79.851571,510092,1332955
03/07/2006,79.789071,79.898446,79.617196,79.851571,589914,1317734
03/08/2006,79.867196,79.960946,79.742196,79.882821,476416,1277030
03/09/2006,79.898446,79.945321,79.804696,79.898446,359699,1257312
03/10/2006,79.898446,79.960946,79.632821,79.804696,454150,1254529
03/13/2006,79.789071,79.789071,79.632821,79.742196,355098,1267584
03/14/2006,79.757821,80.242196,79.742196,80.179696,707139,1251557
03/15/2006,80.226571,80.226571,80.007821,80.117196,495767,1231900
03/16/2006,80.117196,80.648446,80.039071,80.539071,766142,1209203
03/17/2006,80.523446,80.570321,80.382821,80.445321,337453,1177118
03/20/2006,80.445321,80.554696,80.351571,80.492196,325435,1167072
03/21/2006,80.492196,80.492196,80.101571,80.164071,533249,1189232
03/22/2006,80.132821,80.257821,80.085946,80.164071,299523,1195643
03/23/2006,80.164071,80.242196,79.945321,79.992196,409623,1206204
03/24/2006,79.992196,80.398446,79.976571,80.304696,467620,1193113
03/27/2006,80.289071,80.320321,80.117196,80.195321,230508,1205978
03/28/2006,80.164071,80.210946,79.726571,79.835946,490768,1187155
03/29/2006,79.773446,79.898446,79.695321,79.773446,487199,1169919
03/30/2006,79.773446,79.882821,79.507821,79.601571,501192,1184277
03/31/2006,79.601571,79.773446,79.539071,79.648446,409335,1177530
04/03/2006,79.679696,79.710946,79.429696,79.554696,359514,1186595
04/04/2006,79.617196,79.726571,79.554696,79.617196,358076,1207002
04/05/2006,79.632821,79.804696,79.632821,79.773446,326887,1209965
04/06/2006,79.742196,79.757821,79.539071,79.617196,374078,1217923
04/07/2006,79.570321,79.726571,79.257821,79.367196,583358,1218227
04/10/2006,79.273446,79.429696,79.226571,79.382821,290505,1219833
04/11/2006,79.414071,79.539071,79.398446,79.492196,221058,1232301
04/12/2006,79.492196,79.601571,79.273446,79.320321,345690,1247331
04/13/2006,79.304696,79.351571,79.070321,79.132821,374074,1256194
04/17/2006,79.164071,79.320321,79.117196,79.273446,235664,1260327
04/18/2006,79.273446,79.632821,79.257821,79.507821,503577,1268781
04/19/2006,79.507821,79.664071,79.257821,79.398446,520253,1277435
04/20/2006,79.398446,79.460946,79.289071,79.335946,308900,1284594
04/21/2006,79.304696,79.476571,79.226571,79.335946,358013,1274291
04/24/2006,79.320321,79.570321,79.242196,79.429696,434235,1283585
04/25/2006,79.445321,79.507821,79.007821,79.132821,576933,1310454
04/26/2006,79.117196,79.164071,78.929696,78.960946,369317,1299057
04/27/2006,78.945321,79.335946,78.835946,79.210946,608102,1313511
04/28/2006,79.242196,79.414071,79.148446,79.367196,437459,1319427
05/01/2006,79.398446,79.429696,78.960946,79.101571,354073,1342922
05/02/2006,78.992196,79.195321,78.914071,79.148446,391583,1321829
05/03/2006,79.117196,79.148446,78.914071,79.007821,411478,1348449
05/04/2006,79.007821,79.039071,78.851571,78.960946,329354,1353187
05/05/2006,78.914071,79.242196,78.898446,79.117196,409563,1334290
05/08/2006,79.117196,79.148446,78.976571,79.023446,192306,1338922
05/09/2006,79.039071,79.054696,78.914071,79.007821,275724,1328026
05/10/2006,79.007821,79.257821,78.648446,78.960946,481102,1330411
05/11/2006,78.960946,79.054696,78.820321,78.914071,403498,1330072
05/12/2006,78.929696,78.992196,78.726571,78.789071,477369,1339323
05/15/2006,78.742196,79.007821,78.710946,78.929696,341616,1346722
05/16/2006,78.929696,79.148446,78.851571,79.117196,478416,1341598
05/17/2006,79.132821,79.148446,78.804696,78.976571,531961,1370879
05/18/2006,79.023446,79.367196,78.960946,79.273446,784704,1345591
05/19/2006,79.335946,79.398446,79.148446,79.257821,527564,1349318
05/22/2006,79.226571,79.507821,79.226571,79.335946,593710,1344664
05/23/2006,79.320321,79.398446,79.164071,79.210946,704015,1366026
05/24/2006,79.414071,79.617196,79.289071,79.351571,1037608,1340751
05/25/2006,79.351571,79.398446,79.164071,79.195321,669794,1274964
05/26/2006,79.210946,79.570321,79.070321,79.242196,777654,1236743
05/30/2006,79.257821,79.273446,79.054696,79.101571,1084980,1254570
05/31/2006,79.101571,79.226571,78.726571,78.867196,1296045,1232918
06/01/2006,78.851571,78.960946,78.757821,78.914071,598749,1260078
06/02/2006,78.929696,79.507821,78.914071,79.476571,847546,1252812
06/05/2006,79.460946,79.507821,79.226571,79.242196,490190,1270432
06/06/2006,79.257821,79.351571,79.132821,79.273446,594249,1246367
06/07/2006,79.289071,79.351571,79.101571,79.179696,402615,1252017
06/08/2006,79.210946,79.507821,79.179696,79.320321,660390,1246630
06/09/2006,79.304696,79.429696,79.210946,79.320321,330334,1237271
06/12/2006,79.351571,79.367196,79.210946,79.257821,231084,1236148
06/13/2006,79.273446,79.476571,79.257821,79.367196,431294,1244301
06/14/2006,79.351571,79.382821,78.882821,78.960946,657829,1270500
06/15/2006,78.898446,78.945321,78.695321,78.773446,467418,1276541
06/16/2006,78.757821,78.898446,78.632821,78.648446,250971,1278612
06/19/2006,78.648446,78.664071,78.523446,78.570321,277580,1273885
06/20/2006,78.570321,78.664071,78.460946,78.507821,306286,1295778
06/21/2006,78.523446,78.570321,78.460946,78.507821,221753,1284907
06/22/2006,78.476571,78.523446,78.242196,78.320321,319023,1284499
06/23/2006,78.273446,78.429696,78.164071,78.226571,327023,1262589
06/26/2006,78.195321,78.273446,78.164071,78.210946,187283,1271244
06/27/2006,78.195321,78.414071,78.195321,78.304696,337569,1286693
06/28/2006,78.304696,78.367196,78.117196,78.164071,278476,1265265
06/29/2006,78.132821,78.476571,78.132821,78.429696,376763,1245825
06/30/2006,78.460946,78.679696,78.335946,78.664071,453017,1248664
07/03/2006,78.664071,78.664071,78.507821,78.632821,119279,1245227
07/05/2006,78.648446,78.726571,78.242196,78.304696,351264,1270921
07/06/2006,78.335946,78.460946,78.289071,78.445321,332872,1249172
07/07/2006,78.429696,79.289071,78.414071,78.648446,495247,1222955
07/10/2006,78.664071,78.679696,78.554696,78.648446,174418,1237928
07/11/2006,78.679696,78.851571,78.632821,78.773446,355752,1231367
07/12/2006,78.757821,78.789071,78.585946,78.773446,352018,1225361
07/13/2006,78.773446,78.945321,78.710946,78.914071,466031,1229746
07/14/2006,78.960946,79.085946,78.898446,79.023446,410984,1227320
07/17/2006,79.039071,79.070321,78.820321,78.945321,270984,1221934
07/18/2006,78.945321,78.960946,78.617196,78.648446,508612,1242793
07/19/2006,78.648446,79.054696,78.414071,79.007821,767706,1241592
07/20/2006,79.023446,79.242196,78.882821,79.179696,528069,1262195
07/21/2006,79.179696,79.335946,79.085946,79.132821,434647,1253252
07/24/2006,79.101571,79.195321,79.023446,79.117196,252982,1259261
07/25/2006,79.117196,79.226571,78.992196,79.039071,391031,1255428
07/26/2006,79.023446,79.273446,78.945321,79.164071,456588,1303547
07/27/2006,79.179696,79.304696,79.101571,79.164071,420468,1305353
07/28/2006,79.195321,79.445321,79.101571,79.429696,486348,1327653
07/31/2006,79.414071,79.507821,79.320321,79.476571,313055,1353436
08/01/2006,79.492196,79.539071,79.320321,79.492196,390736,1353444
08/02/2006,79.507821,79.617196,79.414071,79.554696,479527,1369859
08/03/2006,79.554696,79.617196,79.382821,79.523446,451470,1366799
08/04/2006,79.492196,79.882821,79.429696,79.789071,488322,1370212
08/07/2006,79.804696,79.820321,79.601571,79.648446,279571,1369765
08/08/2006,79.648446,79.820321,79.554696,79.742196,405924,1374579
08/09/2006,79.773446,79.789071,79.632821,79.726571,440727,1405457
08/10/2006,79.726571,79.835946,79.539071,79.695321,419137,1370660
08/11/2006,79.664071,79.710946,79.445321,79.507821,332204,1355867
08/14/2006,79.460946,79.460946,79.289071,79.320321,317283,1357582
08/15/2006,79.320321,79.664071,79.273446,79.601571,443756,1371593
08/16/2006,79.585946,79.929696,79.570321,79.851571,528553,1428192
08/17/2006,79.867196,80.007821,79.773446,79.820321,433405,1446114
08/18/2006,79.835946,79.976571,79.773446,79.945321,370820,1445975
08/21/2006,79.945321,80.039071,79.914071,80.007821,307977,1445125
08/22/2006,80.007821,80.101571,79.945321,80.023446,534192,1473982
08/23/2006,80.007821,80.023446,79.851571,79.992196,579933,1458847
08/24/2006,79.992196,80.070321,79.914071,79.976571,617147,1467556
08/25/2006,79.976571,80.101571,79.929696,80.039071,415275,1400019
08/28/2006,80.039071,80.085946,79.929696,80.007821,1111113,1453426
08/29/2006,79.992196,80.054696,79.179696,80.023446,1609243,1486843
08/30/2006,80.054696,80.195321,79.960946,80.132821,1355913,1446487
08/31/2006,80.164071,80.320321,80.117196,80.289071,662540,1406465
09/01/2006,80.320321,80.382821,80.085946,80.351571,506964,1395401
09/05/2006,80.335946,80.335946,80.117196,80.164071,325232,1376763
09/06/2006,80.148446,80.179696,79.929696,80.070321,572100,1363509
09/07/2006,80.085946,80.164071,79.945321,80.085946,559215,1339994
09/08/2006,80.085946,80.257821,80.039071,80.195321,356546,1322568
09/11/2006,80.132821,80.195321,79.976571,80.070321,326203,1329478
09/12/2006,80.039071,80.195321,79.945321,80.148446,401550,1324012
09/13/2006,80.164071,80.304696,80.132821,80.210946,345776,1316763
09/14/2006,80.226571,80.414071,80.039071,80.085946,447194,1285505
09/15/2006,80.070321,80.242196,79.976571,80.007821,469221,1286152
09/18/2006,80.023446,80.039071,79.742196,79.929696,416268,1270832
09/19/2006,79.929696,80.304696,79.835946,80.257821,543178,1305676
09/20/2006,80.289071,80.398446,80.210946,80.257821,386838,1297502
09/21/2006,80.257821,80.757821,80.195321,80.679696,563480,1328014
09/22/2006,80.757821,81.007821,80.710946,80.898446,490308,1308168
09/25/2006,80.914071,81.148446,80.882821,81.023446,484771,1363349
09/26/2006,81.085946,81.117196,80.804696,80.851571,533563,1418490
09/27/2006,80.851571,81.085946,80.773446,80.851571,481543,1394005
09/28/2006,80.835946,80.882821,80.710946,80.757821,349214,1399100
09/29/2006,80.804696,80.898446,80.570321,80.695321,466575,1400136
10/02/2006,80.695321,80.914071,80.585946,80.789071,397944,1428930
10/03/2006,80.835946,80.914071,80.710946,80.789071,326863,1420169
10/04/2006,80.773446,81.132821,80.726571,81.054696,487842,1461869
10/05/2006,81.085946,81.101571,80.789071,80.820321,435058,1441882
10/06/2006,80.851571,81.101571,80.382821,80.414071,435058,1441882
10/10/2006,80.414071,80.429696,80.117196,80.179696,572122,1433891
10/11/2006,80.132821,80.320321,79.929696,79.992196,536268,1416686
10/12/2006,80.007821,80.179696,79.992196,80.023446,339070,1392902
10/13/2006,80.054696,80.210946,79.867196,79.914071,412417,1401783
10/16/2006,79.914071,80.039071,79.882821,79.992196,196885,1390053
10/17/2006,80.039071,80.289071,79.960946,80.054696,425548,1398772
10/18/2006,80.054696,80.132821,79.898446,80.070321,426714,1407523
10/19/2006,80.101571,80.132821,79.898446,80.023446,390940,1398953
10/20/2006,80.007821,80.085946,79.945321,79.992196,202637,1399111
10/23/2006,79.976571,79.976571,79.710946,79.820321,340110,1405180
10/24/2006,79.789071,79.835946,79.757821,79.789071,213815,1414851
10/25/2006,79.789071,80.054696,79.710946,79.992196,405585,1422872
10/26/2006,80.023446,80.304696,80.007821,80.257821,533233,1420416
10/27/2006,80.257821,80.507821,80.210946,80.460946,460896,1373664
10/30/2006,80.445321,80.539071,80.382821,80.445321,293623,1406306
10/31/2006,80.460946,80.773446,80.398446,80.742196,430092,1417146
11/01/2006,80.742196,81.007821,80.648446,80.960946,476601,1425094
11/02/2006,80.945321,80.960946,80.757821,80.835946,366370,1406389
11/03/2006,80.820321,80.929696,80.179696,80.226571,708861,1398779
11/06/2006,80.210946,80.304696,80.117196,80.242196,269764,1382538
11/07/2006,80.289071,80.617196,80.257821,80.476571,432442,1391881
11/08/2006,80.476571,80.679696,80.445321,80.601571,367277,1392128
11/09/2006,80.585946,80.664071,80.507821,80.617196,434487,1406284
11/10/2006,80.632821,80.820321,80.601571,80.757821,283162,1407682
11/13/2006,80.742196,80.851571,80.507821,80.648446,341212,1424435
11/14/2006,80.601571,80.929696,80.492196,80.773446,556955,1458894
11/15/2006,80.757821,80.835946,80.445321,80.492196,605560,1460467
11/16/2006,80.476571,80.804696,80.242196,80.289071,819649,1457665
11/17/2006,80.257821,80.710946,80.257821,80.601571,650848,1453203
11/20/2006,80.632821,80.695321,80.523446,80.617196,557574,1500425
11/21/2006,80.601571,80.710946,80.507821,80.679696,698365,1508548
11/22/2006,80.710946,80.789071,80.648446,80.726571,349049,1545975
11/24/2006,80.710946,80.929696,80.679696,80.789071,298240,1568937
11/27/2006,80.789071,80.898446,80.570321,80.851571,1338871,1625560
11/28/2006,80.898446,81.117196,80.789071,80.992196,1466599,1712504
11/29/2006,81.023446,81.085946,80.882821,80.914071,1235000,1644443
11/30/2006,80.898446,81.210946,80.882821,81.179696,878574,1601424
12/01/2006,81.210946,81.601571,81.085946,81.492196,874083,1529821
12/04/2006,81.429696,81.507821,81.351571,81.476571,419197,1476432
12/05/2006,81.507821,81.648446,81.335946,81.460946,837648,1525733
12/06/2006,81.429696,81.460946,81.179696,81.226571,481677,1522878
12/07/2006,81.195321,81.335946,81.101571,81.210946,395354,1540690
12/08/2006,81.210946,81.226571,80.804696,80.835946,650771,1479808
12/11/2006,80.851571,81.023446,80.804696,80.976571,346024,1452628
12/12/2006,80.960946,81.226571,80.929696,81.179696,427595,1439921
12/13/2006,81.179696,81.273446,80.726571,80.773446,684165,1428095
12/14/2006,80.742196,80.851571,80.617196,80.664071,321573,1403829
12/15/2006,80.648446,81.101571,80.570321,80.664071,580483,1417661
12/18/2006,80.664071,80.757821,80.601571,80.679696,276723,1387583
12/19/2006,80.695321,80.835946,80.445321,80.664071,374418,1380085
12/20/2006,80.679696,80.757821,80.617196,80.664071,153030,1378295
12/21/2006,80.664071,80.945321,80.601571,80.898446,284044,1347807
12/22/2006,80.898446,80.914071,80.507821,80.554696,281187,1347002
12/26/2006,80.539071,80.695321,80.507821,80.601571,67136,1345028
12/27/2006,80.617196,80.632821,80.273446,80.335946,177756,1352228
12/28/2006,80.320321,80.429696,79.992196,80.148446,283500,1362169
12/29/2006,80.148446,80.257821,80.007821,80.085946,132070,1358370
01/02/2007,80.085946,80.320321,80.070321,80.164071,152866,1333060
01/03/2007,80.179696,80.445321,80.132821,80.273446,414831,1375241
01/04/2007,80.289071,80.554696,80.242196,80.476571,424107,1393066
01/05/2007,80.523446,80.664071,80.054696,80.320321,589670,1426540
01/08/2007,80.304696,80.335946,80.164071,80.257821,307241,1412924
01/09/2007,80.289071,80.320321,80.164071,80.257821,338607,1424374
01/10/2007,80.242196,80.320321,80.070321,80.195321,494573,1441453
01/11/2007,80.148446,80.179696,79.851571,79.945321,622342,1474207
01/12/2007,79.929696,79.976571,79.742196,79.820321,398881,1487673
01/16/2007,79.804696,79.976571,79.789071,79.898446,278915,1458139
01/17/2007,79.914071,79.992196,79.710946,79.726571,383987,1456071
01/18/2007,79.742196,79.867196,79.539071,79.835946,641061,1485996
01/19/2007,79.835946,79.914071,79.664071,79.742196,403172,1486562
01/22/2007,79.710946,79.851571,79.664071,79.789071,261896,1479999
01/23/2007,79.773446,79.835946,79.585946,79.632821,444980,1507066
01/24/2007,79.585946,79.695321,79.570321,79.632821,382412,1511296
01/25/2007,79.617196,79.664071,79.320321,79.398446,555075,1557690
01/26/2007,79.335946,79.476571,79.210946,79.351571,519492,1535095
01/29/2007,79.351571,79.429696,79.257821,79.304696,296505,1528669
01/30/2007,79.289071,79.398446,79.273446,79.367196,273507,1522284
01/31/2007,79.382821,79.648446,79.257821,79.554696,676938,1531746
02/01/2007,79.601571,79.835946,79.445321,79.492196,620666,1502694
02/02/2007,79.476571,79.695321,79.398446,79.539071,558350,1533288
02/05/2007,79.554696,79.679696,79.523446,79.632821,195207,1547543
02/06/2007,79.632821,79.835946,79.539071,79.804696,462647,1547823
02/07/2007,79.804696,79.960946,79.742196,79.914071,514495,1506602
02/08/2007,79.914071,79.992196,79.804696,79.914071,372153,1512004
02/09/2007,79.898446,79.914071,79.648446,79.726571,480764,1481975
02/12/2007,79.742196,79.757821,79.585946,79.632821,302044,1491189
02/13/2007,79.617196,79.710946,79.539071,79.585946,439116,1491953
02/14/2007,79.585946,80.007821,79.570321,79.960946,641250,1506047
02/15/2007,79.929696,80.179696,79.867196,80.085946,752012,1468609
02/16/2007,80.054696,80.304696,80.039071,80.117196,462780,1469749
02/20/2007,80.117196,80.179696,79.992196,80.164071,380604,1466849
02/21/2007,80.164071,80.242196,79.976571,80.101571,654409,1466991
02/22/2007,80.101571,80.101571,79.882821,79.945321,1075901,1496345
02/23/2007,79.914071,80.257821,79.882821,80.164071,1145169,1469262
02/26/2007,80.195321,80.382821,80.195321,80.351571,1442516,1529224
02/27/2007,80.367196,81.257821,80.335946,80.992196,2114341,1528108
02/28/2007,81.007821,81.023446,80.664071,80.851571,1337830,1475433
03/01/2007,80.757821,81.179696,80.726571,80.851571,1009709,1473072
03/02/2007,80.851571,81.148446,80.789071,81.070321,764289,1457803
03/05/2007,81.148446,81.429696,80.976571,81.023446,847415,1483891
03/06/2007,81.117196,81.117196,80.851571,80.929696,753614,1419277
03/07/2007,80.898446,81.148446,80.867196,81.085946,605852,1442054
03/08/2007,81.117196,81.148446,80.898446,81.070321,474197,1458625
03/09/2007,81.070321,81.070321,80.554696,80.648446,833951,1478849
03/12/2007,80.617196,80.914071,80.554696,80.835946,461971,1409876
03/13/2007,80.804696,81.257821,80.804696,81.210946,744683,1445550
03/14/2007,81.257821,81.382821,81.039071,81.132821,923873,1447423
03/15/2007,81.039071,81.101571,80.882821,81.023446,531948,1440559
03/16/2007,80.992196,81.070321,80.804696,80.976571,496697,1460382
03/19/2007,81.007821,81.054696,80.789071,80.851571,305694,1467848
03/20/2007,80.835946,81.039071,80.804696,80.960946,367765,1472905
03/21/2007,80.929696,81.242196,80.679696,81.195321,643763,1524116
03/22/2007,81.148446,81.195321,80.867196,80.914071,572450,1532177
03/23/2007,80.914071,81.054696,80.757821,80.804696,376326,1502788
03/26/2007,80.804696,81.054696,80.695321,80.914071,442255,1533096
03/27/2007,80.867196,80.960946,80.804696,80.867196,389467,1537059
03/28/2007,80.882821,81.179696,80.820321,80.882821,746949,1534679
03/29/2007,80.882821,80.898446,80.664071,80.757821,518729,1526665
03/30/2007,80.664071,81.070321,80.460946,80.695321,898698,1532197
04/02/2007,80.695321,80.804696,80.648446,80.695321,289180,1516515
04/03/2007,80.710946,80.726571,80.554696,80.570321,349585,1528832
04/04/2007,80.554696,80.789071,80.523446,80.648446,426766,1531683
04/05/2007,80.664071,80.695321,80.523446,80.570321,259549,1556012
04/06/2007,80.539071,80.554696,80.101571,80.132821,259549,1556012
04/09/2007,80.132821,80.210946,80.101571,80.164071,244426,1562841
04/10/2007,80.164071,80.367196,80.164071,80.289071,325274,1566578
04/11/2007,80.304696,80.414071,80.148446,80.210946,456820,1561789
04/12/2007,80.179696,80.320321,80.148446,80.179696,409438,1570564
04/13/2007,80.148446,80.273446,80.007821,80.039071,401983,1570501
04/16/2007,80.007821,80.132821,79.929696,80.101571,403309,1590736
04/17/2007,80.117196,80.414071,80.007821,80.367196,556881,1587706
04/18/2007,80.414071,80.585946,80.351571,80.539071,353087,1604172
04/19/2007,80.554696,80.710946,80.476571,80.523446,535915,1635710
04/20/2007,80.539071,80.585946,80.414071,80.523446,261917,1634341
04/23/2007,80.492196,80.679696,80.445321,80.617196,286976,1661636
04/24/2007,80.648446,80.835946,80.632821,80.757821,442614,1704125
04/25/2007,80.773446,80.804696,80.585946,80.648446,420584,1730095
04/26/2007,80.617196,80.632821,80.367196,80.460946,527556,1748466
04/27/2007,80.382821,80.617196,80.382821,80.414071,423869,1740122
04/30/2007,80.429696,80.773446,80.429696,80.726571,343496,1750567
05/01/2007,80.757821,80.820321,80.492196,80.617196,583886,1766569
05/02/2007,80.617196,80.679696,80.523446,80.570321,393836,1775691
05/03/2007,80.570321,80.789071,80.320321,80.382821,645122,1775788
05/04/2007,80.382821,80.617196,80.164071,80.539071,478330,1772483
05/07/2007,80.539071,80.601571,80.460946,80.539071,201104,1772556
05/08/2007,80.554696,80.664071,80.523446,80.570321,351231,1792231
05/09/2007,80.554696,80.617196,80.335946,80.367196,375901,1748878
05/10/2007,80.367196,80.539071,80.304696,80.492196,498793,1784326
05/11/2007,80.523446,80.757821,80.351571,80.398446,584837,1786035
05/14/2007,80.367196,80.414071,80.242196,80.289071,289858,1761662
05/15/2007,80.242196,80.367196,80.101571,80.195321,594980,1772455
05/16/2007,80.210946,80.335946,80.132821,80.195321,388254,1749855
05/17/2007,80.195321,80.242196,79.945321,79.960946,567348,1751050
05/18/2007,80.007821,80.054696,79.710946,79.773446,592732,1742813
05/21/2007,79.773446,79.851571,79.695321,79.835946,583661,1746602
05/22/2007,79.835946,79.867196,79.632821,79.664071,959913,1749212
05/23/2007,79.648446,79.710946,79.492196,79.585946,875674,1763865
05/24/2007,79.632821,79.695321,79.382821,79.554696,1184294,1763882
05/25/2007,79.601571,79.664071,79.460946,79.507821,679060,1762874
05/29/2007,79.476571,79.507821,79.320321,79.351571,1698756,1828509
05/30/2007,79.320321,79.539071,79.304696,79.335946,1572679,1746933
05/31/2007,79.398446,79.398446,79.101571,79.242196,1021599,1682015
06/01/2007,79.226571,79.335946,78.882821,78.929696,782992,1654949
06/04/2007,78.945321,79.023446,78.898446,78.992196,661071,1632008
06/05/2007,78.976571,79.023446,78.710946,78.789071,688359,1650830
06/06/2007,78.726571,78.929696,78.710946,78.898446,623550,1639409
06/07/2007,78.914071,78.945321,78.289071,78.460946,996252,1627653
06/08/2007,78.320321,78.476571,77.992196,78.382821,710241,1606363
06/11/2007,78.351571,78.429696,78.257821,78.382821,409578,1603665
06/12/2007,78.273446,78.335946,77.757821,77.976571,583788,1594421
06/13/2007,77.757821,78.101571,77.617196,78.054696,869309,1586718
06/14/2007,78.023446,78.117196,77.835946,77.976571,548638,1558591
06/15/2007,77.945321,78.304696,77.851571,78.195321,555050,1575957
06/18/2007,78.242196,78.367196,78.101571,78.351571,390580,1593555
06/19/2007,78.367196,78.695321,78.289071,78.617196,513097,1612847
06/20/2007,78.632821,78.710946,78.335946,78.429696,522610,1612551
06/21/2007,78.414071,78.539071,78.226571,78.335946,545246,1603177
06/22/2007,78.273446,78.570321,78.210946,78.507821,457127,1581966
06/25/2007,78.554696,78.835946,78.539071,78.789071,521361,1570030
06/26/2007,78.742196,78.867196,78.601571,78.679696,473694,1587570
06/27/2007,78.757821,79.054696,78.679696,78.820321,694060,1591511
06/28/2007,78.742196,78.773446,78.539071,78.570321,519143,1590528
06/29/2007,78.570321,78.960946,78.539071,78.882821,540521,1556768
07/02/2007,78.882821,79.101571,78.867196,79.039071,317652,1550799
07/03/2007,79.054696,79.132821,78.820321,78.851571,256868,1552394
07/05/2007,78.742196,78.804696,78.414071,78.445321,450882,1551329
07/06/2007,78.460946,78.554696,78.210946,78.257821,539253,1568432
07/09/2007,78.273446,78.476571,78.242196,78.398446,270907,1556756
07/10/2007,78.476571,79.007821,78.429696,78.914071,708989,1578744
07/11/2007,78.992196,79.195321,78.710946,78.789071,772376,1590604
07/12/2007,78.742196,78.945321,78.492196,78.554696,534752,1564584
07/13/2007,78.523446,78.710946,78.445321,78.601571,437203,1554946
07/16/2007,78.632821,78.898446,78.601571,78.867196,356052,1559876
07/17/2007,78.867196,78.898446,78.617196,78.710946,482018,1563706
07/18/2007,78.867196,79.148446,78.726571,79.039071,682882,1568967
07/19/2007,78.914071,79.007821,78.757821,78.945321,416640,1560266
07/20/2007,78.976571,79.429696,78.929696,79.273446,61645,1598067
07/23/2007,79.320321,79.398446,79.148446,79.226571,311990,1598552
07/24/2007,79.289071,79.523446,79.179696,79.351571,496283,1613284
07/25/2007,79.523446,79.632821,79.351571,79.570321,668581,1608766
07/26/2007,79.554696,80.398446,79.492196,80.335946,1209096,1696292
07/27/2007,80.289071,80.617196,80.054696,80.257821,1119157,1630570
07/30/2007,80.414071,80.492196,80.054696,80.148446,549050,1618342
07/31/2007,80.132821,80.445321,79.804696,80.273446,939471,1640461
08/01/2007,80.445321,80.679696,80.070321,80.273446,908399,1620419
08/02/2007,80.117196,80.289071,79.992196,80.226571,650929,1643826
08/03/2007,80.164071,80.773446,80.039071,80.585946,801112,1666701
08/06/2007,80.757821,80.835946,80.289071,80.429696,615803,1673610
08/07/2007,80.351571,80.679696,80.070321,80.304696,698058,1699782
08/08/2007,80.179696,80.210946,79.632821,79.804696,737297,1675955
08/09/2007,79.679696,80.476571,79.648446,80.273446,937964,1639512
08/10/2007,80.351571,80.710946,80.117196,80.304696,845678,1637089
08/13/2007,80.148446,80.445321,79.960946,80.320321,459256,1573117
08/14/2007,80.414071,80.648446,80.085946,80.601571,712828,1636036
08/15/2007,80.648446,81.023446,80.554696,80.914071,975554,1667015
08/16/2007,80.929696,81.914071,80.867196,81.601571,1443486,1704590
08/17/2007,81.179696,81.617196,80.976571,81.304696,771568,1672798
08/20/2007,81.210946,81.585946,81.117196,81.476571,620342,1677283
08/21/2007,81.492196,81.867196,81.304696,81.585946,703945,1696202
08/22/2007,81.570321,81.585946,81.007821,81.273446,714287,1674408
08/23/2007,81.101571,81.242196,80.695321,81.148446,777815,1648365
08/24/2007,80.976571,81.257821,80.804696,80.929696,914169,1581222
08/27/2007,80.914071,81.351571,80.804696,81.132821,789930,1553679
08/28/2007,81.367196,81.929696,81.289071,81.804696,1741840,1633324
08/29/2007,81.867196,82.054696,81.398446,81.570321,1953963,1668948
08/30/2007,81.492196,81.867196,81.476571,81.867196,1666517,1677878
08/31/2007,81.835946,81.835946,81.289071,81.601571,939255,1581173
09/04/2007,81.632821,81.976571,81.554696,81.648446,585763,1581103
09/05/2007,81.648446,82.195321,81.585946,82.132821,633357,1582511
09/06/2007,82.148446,82.164071,81.835946,81.914071,532958,1569657
09/07/2007,81.820321,82.679696,81.820321,82.632821,940147,1575345
09/10/2007,82.601571,82.914071,82.492196,82.773446,595400,1589500
09/11/2007,82.773446,82.773446,82.382821,82.460946,574572,1560801
09/12/2007,82.429696,82.648446,82.210946,82.289071,536347,1568926
09/13/2007,82.242196,82.382821,81.820321,81.914071,656092,1554952
09/14/2007,82.023446,82.320321,81.804696,82.023446,678995,1512655
09/17/2007,82.054696,82.148446,81.804696,81.945321,393221,1540954
09/18/2007,81.898446,82.320321,81.695321,82.164071,695730,1528941
09/19/2007,82.179696,82.210946,81.773446,82.007821,654340,1541467
09/20/2007,81.945321,82.007821,81.226571,81.429696,732845,1562396
09/21/2007,81.273446,81.648446,81.242196,81.570321,555912,1542610
09/24/2007,81.414071,81.601571,81.382821,81.570321,320179,1564747
09/25/2007,81.523446,81.992196,81.507821,81.742196,489561,1587980
09/26/2007,81.710946,81.835946,81.507821,81.757821,431825,1588094
09/27/2007,81.757821,81.976571,81.585946,81.929696,422827,1595140
09/28/2007,81.945321,82.179696,81.804696,81.929696,477521,1585102
10/01/2007,81.820321,82.070321,81.773446,81.867196,425678,1603085
10/02/2007,81.929696,82.195321,81.710946,82.039071,479940,1616067
10/03/2007,82.054696,82.195321,81.101571,81.914071,465940,1634808
10/04/2007,81.789071,82.070321,81.726571,82.007821,410604,1608088
10/05/2007,82.039071,82.070321,81.414071,81.460946,410604,1608088
10/09/2007,81.445321,81.554696,81.226571,81.320321,411692,1669163
10/10/2007,81.257821,81.492196,81.148446,81.335946,440298,1660456
10/11/2007,81.335946,81.492196,81.085946,81.351571,565267,1648506
10/12/2007,81.492196,81.507821,81.132821,81.164071,506443,1659610
10/15/2007,81.132821,81.304696,80.945321,81.273446,465759,1666598
10/16/2007,81.210946,81.554696,81.132821,81.492196,465822,1659725
10/17/2007,81.476571,82.148446,81.429696,82.054696,722238,1658342
10/18/2007,82.039071,82.367196,81.914071,82.273446,552914,1645998
10/19/2007,82.304696,82.867196,82.273446,82.726571,604643,1645985
10/22/2007,82.835946,82.976571,82.445321,82.648446,777365,1653027
10/23/2007,82.570321,82.773446,82.382821,82.695321,626663,1686921
10/24/2007,82.695321,83.195321,82.679696,83.054696,896395,1709757
10/25/2007,82.976571,83.085946,82.773446,82.914071,697338,1702967
10/26/2007,82.804696,82.992196,82.617196,82.804696,536336,1693596
10/29/2007,82.773446,82.851571,82.570321,82.726571,334424,1724922
10/30/2007,82.726571,82.773446,82.585946,82.726571,336969,1732764
10/31/2007,82.742196,82.757821,82.226571,82.242196,630178,1732531
11/01/2007,82.210946,82.992196,82.054696,82.820321,926851,1771259
11/02/2007,82.835946,83.382821,82.601571,83.320321,1169418,1773898
11/05/2007,83.179696,83.398446,83.023446,83.195321,571888,1773340
11/06/2007,83.132821,83.289071,82.914071,83.054696,594458,1811188
11/07/2007,82.960946,83.492196,82.929696,83.382821,698569,1827752
11/08/2007,83.492196,83.835946,83.367196,83.726571,963340,1849941
11/09/2007,83.648446,83.992196,83.539071,83.898446,963340,1849941
11/13/2007,84.023446,84.085946,83.507821,83.585946,569509,1893270
11/14/2007,83.507821,83.648446,83.273446,83.507821,661543,1895049
11/15/2007,83.632821,84.257821,83.507821,84.132821,810703,1929375
11/16/2007,84.242196,84.304696,83.945321,84.195321,848156,1928998
11/19/2007,84.023446,84.898446,83.992196,84.632821,933122,1956787
11/20/2007,84.648446,84.851571,84.335946,84.695321,999031,1907535
11/21/2007,84.523446,85.304696,84.507821,84.914071,876211,2110287
11/23/2007,84.929696,85.085946,84.742196,84.945321,281135,2101767
11/26/2007,84.804696,85.976571,84.648446,85.710946,1397759,2125108
11/27/2007,85.851571,85.851571,84.914071,85.273446,2049815,2081519
11/28/2007,85.195321,85.367196,84.710946,84.867196,2051703,2026124
11/29/2007,84.835946,85.476571,84.695321,85.257821,1975508,2017753
11/30/2007,85.398446,85.460946,84.851571,85.304696,1469,1984011
12/03/2007,85.414071,85.992196,85.335946,85.789071,926628,1953036
12/04/2007,85.945321,86.148446,85.679696,85.867196,73324,1944481
12/05/2007,85.835946,86.023446,85.492196,85.898446,79625,1884188
12/06/2007,85.601571,85.757821,85.320321,85.523446,627336,1862558
12/07/2007,85.476571,85.617196,84.851571,84.960946,752857,1848543
12/10/2007,85.007821,85.257821,84.695321,84.804696,533994,1852107
12/11/2007,84.710946,85.929696,84.710946,85.695321,620014,1870682
12/12/2007,85.804696,85.804696,84.429696,85.179696,957571,1885232
12/13/2007,85.132821,85.335946,84.617196,84.804696,660969,1840760
12/14/2007,84.601571,84.789071,84.304696,84.460946,516483,1832488
12/17/2007,84.367196,84.992196,84.320321,84.726571,328728,1837014
12/18/2007,84.929696,85.195321,84.726571,85.054696,391139,1846938
12/19/2007,85.007821,85.585946,84.757821,85.242196,558904,1838747
12/20/2007,85.414071,85.664071,85.179696,85.476571,400142,1815234
12/21/2007,85.335946,85.382821,84.695321,84.757821,340838,1790122
12/24/2007,84.726571,84.773446,84.492196,84.554696,75843,1801595
12/26/2007,84.523446,84.648446,84.148446,84.210946,107594,1797466
12/27/2007,84.179696,84.710946,84.179696,84.632821,213868,1777488
12/28/2007,84.664071,85.429696,84.664071,85.148446,294142,1775711
12/31/2007,85.257821,85.570321,85.210946,85.476571,134446,1770564
01/02/2008,85.539071,86.335946,85.257821,86.242196,477499,1794225
01/03/2008,86.195321,86.460946,86.007821,86.242196,439879,1800610
01/04/2008,86.289071,86.945321,86.179696,86.757821,648898,1839911
01/07/2008,86.648446,86.882821,86.507821,86.742196,522369,1861138
01/08/2008,86.726571,87.148446,86.445321,86.757821,531819,1889960
01/09/2008,87.070321,87.273446,86.804696,87.070321,677998,1910070
01/10/2008,86.898446,87.070321,86.695321,86.757821,763530,1931961
01/11/2008,86.773446,87.351571,86.757821,87.179696,638178,1948802
01/14/2008,87.273446,87.429696,87.085946,87.210946,455130,1953752
01/15/2008,87.242196,87.773446,87.210946,87.523446,747903,1977471
01/16/2008,87.710946,87.992196,87.429696,87.617196,889093,1940150
01/17/2008,87.539071,88.195321,87.367196,87.960946,786566,1976302
01/18/2008,88.070321,88.226571,87.820321,88.164071,899763,1999004
01/22/2008,88.820321,89.585946,88.539071,89.054696,1142158,2019535
01/23/2008,89.351571,90.039071,88.335946,89.320321,1101058,2022465
01/24/2008,88.539071,89.085946,87.742196,88.242196,906621,1998174
01/25/2008,87.804696,88.523446,87.398446,88.351571,978793,1965372
01/28/2008,88.414071,88.695321,88.101571,88.335946,460578,1967345
01/29/2008,88.242196,88.398446,87.757821,88.007821,558600,1965833
01/30/2008,87.867196,88.242196,87.632821,87.789071,655340,1973569
01/31/2008,88.320321,88.742196,88.132821,88.195321,945031,2017668
02/01/2008,88.398446,88.835946,88.085946,88.507821,916397,2059366
02/04/2008,88.539071,88.570321,88.257821,88.460946,382064,2002820
02/05/2008,88.445321,89.132821,88.414071,88.898446,711304,2037918
02/06/2008,89.023446,89.179696,88.710946,88.882821,496643,2053834
02/07/2008,89.007821,89.304696,88.007821,88.476571,966260,2097054
02/08/2008,88.289071,88.851571,88.273446,88.773446,690314,2047972
02/11/2008,88.804696,89.164071,88.601571,88.976571,514744,2067136
02/12/2008,89.007821,89.054696,88.445321,88.710946,725141,2092609
02/13/2008,88.835946,89.054696,88.523446,88.851571,731059,2106271
02/14/2008,88.710946,88.882821,88.351571,88.523446,844786,2153258
02/15/2008,88.523446,88.851571,88.414071,88.539071,568867,2154290
02/19/2008,88.523446,88.539071,87.742196,87.960946,966063,2190529
02/20/2008,87.835946,88.132821,87.601571,87.632821,1273718,2168490
02/21/2008,87.726571,88.632821,87.710946,88.507821,1311276,2122235
02/22/2008,88.539071,88.757821,88.257821,88.539071,875660,2071595
02/25/2008,88.335946,88.335946,87.757821,87.898446,1184689,2156047
02/26/2008,87.898446,88.351571,87.664071,88.210946,1615340,2173941
02/27/2008,88.289071,88.867196,88.179696,88.320321,1757102,2133704
02/28/2008,88.757821,89.054696,88.757821,89.023446,1978436,2042971
02/29/2008,89.414071,90.210946,89.398446,90.085946,1304209,2019505
03/03/2008,90.203134,90.289071,89.718759,90.070321,1064213,2022776
03/04/2008,89.953134,90.390634,89.687509,90.000009,1136168,2022887
03/05/2008,90.000009,90.000009,89.546884,89.546884,1179905,2029285
03/06/2008,89.593759,90.078134,89.531259,89.820321,1035445,2021428
03/07/2008,89.984384,90.367196,89.640634,90.187509,973137,2015972
03/10/2008,90.210946,90.546884,90.015634,90.406259,802618,2027266
03/11/2008,90.296884,90.757821,89.125009,89.398446,1318113,1930723
03/12/2008,89.312509,90.156259,89.125009,89.914071,732652,1882836
03/13/2008,90.023446,90.546884,89.679696,89.820321,1068386,1945609
03/14/2008,89.781259,90.953134,89.742196,90.656259,1143094,1909218
03/17/2008,90.515634,91.382821,90.445321,91.156259,737866,1949478
03/18/2008,91.085946,91.148446,90.007821,90.226571,853964,1911967
03/19/2008,90.015634,90.632821,89.718759,90.468759,800326,1900881
03/20/2008,90.632821,90.664071,90.109384,90.492196,507575,1851341
03/24/2008,90.335946,90.335946,89.023946,89.257946,349499,1865880
03/25/2008,89.132821,89.500009,89.085946,89.367196,451577,1853507
03/26/2008,89.335946,89.867196,89.281259,89.656259,435641,1818262
03/27/2008,89.859384,89.890634,89.382821,89.500009,524138,1809850
03/28/2008,89.656259,89.992196,89.390634,89.835946,335622,1807588
03/31/2008,89.953134,90.265634,89.835946,90.070321,441543,1810941
04/01/2008,90.203134,90.234384,89.125009,89.234384,620900,1826793
04/02/2008,89.171884,89.375009,88.656259,88.906259,602046,1841140
04/03/2008,88.859384,89.265634,88.679696,88.851571,509265,1821224
04/04/2008,88.984384,89.523446,88.914071,89.414071,603146,1813659
04/07/2008,89.453134,89.453134,88.539071,88.843759,480663,1864752
04/08/2008,88.882821,89.156259,88.828134,88.960946,420400,1850543
04/09/2008,88.906259,89.804696,88.742196,89.687509,420400,1850543
04/10/2008,89.640634,89.890634,89.250009,89.343759,517292,1798007
04/11/2008,89.304696,89.890634,89.210946,89.789071,449254,1784921
04/14/2008,89.828134,90.093759,89.648446,89.718759,455061,1804315
04/15/2008,89.695321,89.914071,89.187509,89.367196,531249,1787129
04/16/2008,89.218759,89.429696,88.601571,88.687509,665574,1805437
04/17/2008,88.703134,88.796884,88.070321,88.296884,670270,1823210
04/18/2008,88.390634,88.515634,87.484384,88.093759,626437,1835346
04/21/2008,88.234384,88.421884,87.906259,88.171884,626437,1835346
04/22/2008,88.101571,88.226571,87.820321,88.007821,536484,1878780
04/23/2008,88.062509,88.242196,87.843759,87.992196,449397,1884110
04/24/2008,87.992196,88.140634,87.171884,87.304696,777616,1903090
04/25/2008,87.312509,87.414071,86.820321,87.156259,569981,1900766
04/28/2008,87.382821,87.390634,87.171884,87.343759,367919,1929900
04/29/2008,87.382821,87.695321,87.304696,87.476571,587293,1925067
04/30/2008,87.468759,87.945321,87.203134,87.820321,668749,1929623
05/01/2008,87.890634,88.156259,87.578134,87.710946,550142,1919204
05/02/2008,87.617196,87.960946,86.984384,87.304696,829476,1930925
05/05/2008,87.242196,87.679696,87.039071,87.414071,380118,1916099
05/06/2008,87.343759,87.726571,87.164071,87.375009,482740,1911283
05/07/2008,87.312509,87.750009,87.156259,87.601571,467054,1866624
05/08/2008,87.679696,88.250009,87.625009,88.054696,696778,1862421
05/09/2008,88.187509,88.460946,88.140634,88.242196,507874,1858490
05/12/2008,88.273446,88.414071,88.015634,88.164071,412857,1875942
05/13/2008,88.046884,88.203134,87.242196,87.281259,763928,1917823
05/14/2008,87.273446,87.515634,86.851571,87.015634,831013,1911606
05/15/2008,87.164071,87.695321,86.882821,87.554696,935848,1835751
05/16/2008,87.625009,87.890634,87.203134,87.570321,805018,1814486
05/19/2008,87.593759,87.804696,87.421884,87.718759,671446,1816094
05/20/2008,87.710946,88.156259,87.617196,88.125009,1152596,1827223
05/21/2008,88.132821,88.195321,87.750009,87.796884,948489,1815807
05/22/2008,87.828134,87.921884,86.976571,87.140634,915065,1849002
05/23/2008,87.171884,87.734384,86.960946,87.710946,700034,1767918
05/27/2008,87.632821,87.632821,87.156258,87.257821,1139552,1795525
05/28/2008,87.242196,87.367196,86.625008,86.757821,1616266,1788250
05/29/2008,86.718758,86.765633,86.007821,86.468758,1925642,1782824
05/30/2008,86.398446,86.757821,86.398446,86.562508,884299,1761690
06/02/2008,86.507821,87.328133,86.476571,87.187508,983367,1759125
06/03/2008,87.179696,87.757821,86.906258,87.664071,943625,1778050
06/04/2008,87.679696,87.898446,87.234383,87.539071,920213,1797045
06/05/2008,87.343758,87.484383,86.937508,87.179696,878477,1786231
06/06/2008,87.109383,87.867196,86.750008,87.718758,872807,1734283
06/09/2008,87.812508,87.937508,86.570321,86.757821,1020134,1692695
06/10/2008,86.765633,86.781258,85.953133,86.054696,783341,1672811
06/11/2008,85.968758,86.710946,85.843758,86.406258,740383,1677253
06/12/2008,86.382821,86.468758,85.289071,85.523446,696265,1674957
06/13/2008,85.421883,85.867196,85.101571,85.234383,716530,1680649
06/16/2008,85.304696,85.500008,85.117196,85.265633,454033,1660663
06/17/2008,85.125008,85.750008,85.125008,85.507821,692084,1706578
06/18/2008,85.593758,86.085946,85.445321,85.984383,608884,1690168
06/19/2008,86.039071,86.179696,85.492196,85.585946,618458,1688356
06/20/2008,85.656258,86.132821,85.632821,86.093758,524263,1646662
06/23/2008,85.914071,86.085946,85.718758,85.835946,479275,1619256
06/24/2008,85.820321,86.375008,85.726571,86.265633,591997,1566589
06/25/2008,86.281258,86.359383,85.687508,86.265633,584568,1551539
06/26/2008,86.328133,87.031258,86.210946,86.945321,656680,1538486
06/27/2008,86.960946,87.273446,86.828133,87.062508,613609,1542163
06/30/2008,87.171883,87.382821,86.921883,87.179696,520853,1528560
07/01/2008,87.140633,87.656258,86.984383,87.140633,827994,1568520
07/02/2008,87.101571,87.460946,86.960946,87.375008,675794,1551689
07/03/2008,87.359383,87.703133,87.250008,87.523446,7323,0
07/04/2008,87.507821,87.789071,87.507821,87.523446,7323,0
07/07/2008,87.656258,88.171883,87.320321,87.757821,663317,1605034
07/08/2008,87.843758,88.140633,87.718758,88.023446,585766,1629740
07/09/2008,87.945321,88.500008,87.734383,88.320321,553691,1614670
07/10/2008,88.429696,88.570321,88.203133,88.390633,658710,1612608
07/11/2008,88.382821,88.476571,87.382821,87.531258,882951,1590077
07/14/2008,87.421883,88.304696,87.148446,88.000008,738537,1581869
07/15/2008,88.054696,88.859383,88.007821,88.375008,798459,1586866
07/16/2008,88.460946,88.679696,87.906258,88.070321,700954,1567005
07/17/2008,88.054696,88.117196,87.289071,87.398446,734896,1564566
07/18/2008,87.679696,87.796883,86.914071,87.109383,700970,1557711
07/21/2008,87.078133,87.343758,86.750008,87.132821,504073,1577646
07/22/2008,87.296883,87.554696,86.710946,86.890633,565532,1574996
07/23/2008,86.812508,86.820321,86.414071,86.546883,639288,1577994
07/24/2008,86.710946,87.546883,86.617196,87.414071,776114,1591180
07/25/2008,87.500008,87.710946,87.007821,87.054696,703661,1544379
07/28/2008,87.054696,87.750008,87.031258,87.632821,407988,1532919
07/29/2008,87.750008,87.773446,87.187508,87.453133,509586,1512670
07/30/2008,87.492196,87.648446,87.078133,87.453133,580146,1520285
07/31/2008,87.515633,88.156258,87.406258,87.960946,686218,1555840
08/01/2008,88.085946,88.312508,87.859383,88.125008,613608,1563959
08/04/2008,88.179696,88.312508,87.984383,88.007821,439743,1563239
08/05/2008,88.054696,88.156258,87.820321,87.929696,487242,1562520
08/06/2008,87.843758,88.101571,87.453133,87.742196,505795,1552807
08/07/2008,87.703133,88.562508,87.703133,88.437508,719814,1587547
08/08/2008,88.476571,88.617196,88.164071,88.218758,577888,1585238
08/11/2008,88.296883,88.460946,87.773446,88.000008,389145,1566559
08/12/2008,88.015633,88.585946,88.000008,88.507821,483816,1591560
08/13/2008,88.570321,88.710946,88.179696,88.296883,511557,1575157
08/14/2008,88.328133,88.656258,88.148446,88.578133,556729,1602178
08/15/2008,88.593758,89.062508,88.484383,88.781258,486916,1597752
08/18/2008,88.828133,89.023446,88.687508,88.976571,412866,1616847
08/19/2008,88.953133,89.210946,88.890633,88.953133,649610,1618982
08/20/2008,89.023446,89.359383,88.820321,89.242196,633825,1627553
08/21/2008,89.195321,89.390633,88.875008,88.960946,686057,1620662
08/22/2008,88.968758,89.070321,88.500008,88.687508,658712,1623125
08/25/2008,88.703133,89.250008,88.656258,89.148446,1109677,1619466
08/26/2008,89.171883,89.296883,88.953133,89.117196,1507026,1729900
08/27/2008,89.132821,89.359383,88.789071,89.273446,1632119,1666738
08/28/2008,89.312508,89.328133,88.968758,89.140633,1306835,1565097
08/29/2008,89.203133,89.304696,88.734383,89.140633,716572,1566153
09/02/2008,89.117196,89.671883,88.820321,89.625008,898827,1585758
09/03/2008,89.625008,89.898446,89.523446,89.867196,659925,1564464
09/04/2008,89.804696,90.234383,89.632821,90.132821,617951,1553775
09/05/2008,90.265633,91.007821,89.515633,89.945321,857365,1532815
09/08/2008,89.328133,89.781258,88.398446,89.703133,1066825,1530460
09/09/2008,89.617196,90.210946,89.257821,90.062508,883624,1503515
09/10/2008,90.195321,90.273446,89.609383,89.898446,892325,1489746
09/11/2008,89.953133,90.437508,89.835946,90.015633,929454,1503977
09/12/2008,89.898446,90.187508,89.468758,89.703133,1032382,1500895
09/15/2008,90.406258,91.578133,90.406258,91.218758,986150,1520607
09/16/2008,91.476571,92.203133,90.335946,90.757821,1230960,1466969
09/17/2008,91.039071,91.812508,90.335946,91.601571,915718,1433839
09/18/2008,91.546883,92.132821,90.773446,91.476571,887907,1410640
09/19/2008,90.960946,91.000008,88.765633,89.304696,797538,1410221
09/22/2008,89.203133,89.476571,88.664071,89.179696,532255,1422400
09/23/2008,89.210946,89.523446,88.968758,89.117196,644738,1416314
09/24/2008,89.101571,89.703133,88.859383,89.570321,650473,1440603
09/25/2008,89.421883,89.507821,88.718758,88.828133,717107,1459372
09/26/2008,88.906258,89.531258,88.835946,89.359383,499827,1469304
09/29/2008,89.132821,91.515633,89.000008,90.710946,697880,1453097
09/30/2008,90.726571,90.984383,89.320321,89.437508,576136,1457936
10/01/2008,89.562508,90.500008,89.468758,89.976571,558941,1440404
10/02/2008,89.921883,90.859383,89.812508,90.718758,489347,1453557
10/03/2008,90.734383,91.101571,90.046883,90.820321,665561,1442750
10/06/2008,91.156258,92.015633,91.148446,91.937508,573077,1446056
10/07/2008,91.664071,91.859383,91.101571,91.492196,618549,1443849
10/08/2008,91.500008,92.015633,89.789071,90.554696,823736,1394494
10/09/2008,90.851571,90.875008,89.734383,89.742196,431819,1390324
10/10/2008,90.351571,90.929696,89.265633,89.867196,431819,1390324
10/13/2008,89.640633,89.710946,88.562508,88.710946,441928,1414489
10/14/2008,88.601571,89.171883,88.437508,89.015633,425643,1395912
10/15/2008,88.890633,89.492196,88.750008,89.281258,395541,1384981
10/16/2008,89.507821,89.960946,88.835946,89.734383,494629,1353186
10/17/2008,89.609383,90.101571,89.367196,89.726571,376799,1348650
10/20/2008,89.796883,89.976571,89.367196,89.750008,325123,1342731
10/21/2008,89.953133,90.992196,89.835946,90.906258,362715,1338507
10/22/2008,90.640633,91.132821,90.578133,91.039071,313914,1336146
10/23/2008,91.039071,91.359383,90.460946,91.218758,448927,1346254
10/24/2008,90.757821,91.796883,90.742196,91.023446,426677,1347978
10/27/2008,91.171883,91.585946,90.835946,91.000008,359652,1346218
10/28/2008,91.171883,91.265633,90.484383,90.679696,380425,1359140
10/29/2008,90.609383,91.312508,90.570321,90.703133,364045,1360809
10/30/2008,90.945321,90.960946,90.257821,90.601571,352167,1330822
10/31/2008,90.593758,91.343758,90.328133,90.460946,386564,1334772
11/03/2008,90.484383,91.507821,90.265633,91.367196,242373,1340344
11/04/2008,91.445321,92.476571,91.250008,92.281258,404989,1344614
11/05/2008,92.351571,92.828133,92.085946,92.648446,334125,1318528
11/06/2008,92.632821,93.062508,92.312508,92.851571,269741,1311985
11/07/2008,92.906258,93.203133,92.492196,92.562508,207650,1317577
11/10/2008,92.453133,93.085946,92.242196,92.898446,38084,1321003
11/11/2008,92.882821,93.187508,92.843758,93.054696,39067,1309910
11/12/2008,92.968758,93.828133,92.906258,93.710946,333300,1296268
11/13/2008,93.796883,94.031258,93.226571,93.554696,260080,1293522
11/14/2008,93.445321,94.101571,93.328133,93.734383,270730,1283759
11/17/2008,93.937508,94.257821,93.750008,94.062508,269768,1292643
11/18/2008,94.179696,94.632821,94.109383,94.507821,465110,1278853
11/19/2008,94.500008,95.117196,94.250008,94.867196,496044,1279983
11/20/2008,95.062508,95.968758,94.929696,95.664071,606180,1260192
11/21/2008,95.750008,95.867196,95.078133,95.671883,670554,1206583
11/24/2008,95.367196,95.476571,94.562508,94.718758,747475,1197896
11/25/2008,94.695321,95.953133,94.664071,95.718758,1096839,1203361
11/26/2008,95.726570,96.046883,95.445320,95.914070,642046,1170216
11/28/2008,95.859383,96.492195,95.523445,96.375008,281049,1101304
12/01/2008,96.226570,97.648445,96.226570,97.343758,539989,1078792
12/02/2008,97.398445,97.804695,97.273445,97.507820,438916,1072015
12/03/2008,97.664070,98.062508,97.195320,97.851570,339599,1050111
12/04/2008,97.929695,98.437508,97.523445,98.289070,271259,1047364
12/05/2008,98.359383,98.476570,97.273445,97.546883,340633,1053593
12/08/2008,97.531258,97.531258,96.640633,97.257820,236342,1068271
12/09/2008,97.367195,97.867195,96.929695,97.687508,250748,1065225
12/10/2008,97.781258,97.812508,97.023445,97.585945,250302,1044052
12/11/2008,97.601570,98.117195,97.406258,97.890633,265852,1068150
12/12/2008,98.062508,98.585945,97.109383,97.898445,280805,1038371
12/15/2008,97.945320,98.687508,97.703133,98.546883,210002,1040095
12/16/2008,98.554695,99.664070,98.179695,99.429695,202441,1074487
12/17/2008,99.585945,100.257820,99.203133,99.375008,251366,1054909
12/18/2008,99.382820,100.023445,99.218758,99.703133,0,0
12/19/2008,99.718758,99.789070,99.046883,99.328133,135466,1065592
12/22/2008,99.218758,99.468758,98.765633,98.968758,101492,1069562
12/23/2008,98.937508,99.101570,98.710945,99.039070,138538,1055763
12/24/2008,98.882820,99.203133,98.796883,98.875008,11774,1058765
12/26/2008,98.835945,99.414070,98.835945,99.140633,34460,1058082
12/29/2008,99.132820,99.828133,98.953133,99.445320,82758,1058378
12/30/2008,99.468758,99.664070,99.023445,99.250008,86519,1055806
12/31/2008,99.437508,99.531258,98.460945,98.718758,111110,1055122
01/02/2009,98.617195,99.234383,97.781258,97.820320,175510,1058088
01/05/2009,97.953133,98.421883,97.695320,98.265633,235380,1017334
01/06/2009,98.367195,98.632820,97.789070,98.343758,180590,1000848
01/07/2009,98.609383,98.640633,98.195320,98.539070,208930,991400
01/08/2009,98.500008,99.140633,98.445320,98.984383,234400,992809
01/09/2009,98.976570,99.617195,98.773445,99.304695,258079,990721
01/12/2009,99.296883,99.656258,99.093758,99.648445,158815,988808
01/13/2009,99.554695,99.757820,99.265633,99.710945,286560,1001838
01/14/2009,99.703133,100.343758,99.445320,100.148445,349085,981725
01/15/2009,100.210945,100.406258,99.882820,100.070320,211620,963209
01/16/2009,100.000008,100.000008,99.328133,99.718758,222326,950905
01/20/2009,99.570320,99.695320,98.585945,99.640633,195360,945165
01/21/2009,99.437508,99.507820,98.804695,98.867195,202946,942282
01/22/2009,98.906258,99.156258,98.570320,98.796883,277885,933648
01/23/2009,98.820320,99.093758,98.281258,98.664070,289662,945711
01/26/2009,98.664070,98.796883,98.328133,98.601570,215910,925577
01/27/2009,98.640633,99.070320,98.445320,99.062508,248760,928064
01/28/2009,98.929695,99.085945,98.359383,98.484383,269720,931556
01/29/2009,98.343758,98.484383,97.664070,97.921883,286740,918652
01/30/2009,97.765633,98.359383,97.718758,97.835945,192200,926329
02/02/2009,97.945320,98.562508,97.851570,98.492195,217030,917883
02/03/2009,98.539070,98.554695,97.546883,97.796883,308414,953493
02/04/2009,97.695320,97.875008,97.265633,97.492195,274027,960219
02/05/2009,97.453133,97.828133,97.390633,97.640633,216754,961321
02/06/2009,97.562508,97.875008,97.289070,97.414070,248806,974657
02/09/2009,97.351570,97.554695,97.085945,97.218758,176902,981060
02/10/2009,97.281258,98.351570,97.257820,98.171883,350716,979119
02/11/2009,98.242195,98.492195,98.093758,98.250008,222589,980312
02/12/2009,98.265633,98.671883,98.101570,98.476570,209750,989829
02/13/2009,98.210945,98.343758,97.640633,97.734383,218299,999988
02/17/2009,97.859383,98.789070,97.765633,98.648445,354653,989670
02/18/2009,98.703133,98.820320,97.859383,98.156258,444510,1032489
02/19/2009,98.054695,98.226570,97.531258,97.718758,529920,974158
02/20/2009,97.789070,98.570320,97.781258,98.140633,503110,970983
02/23/2009,98.000008,98.148445,97.546883,97.945320,775690,974683
02/24/2009,97.992195,98.257820,97.687508,97.750008,1019600,859011
02/25/2009,97.687508,97.929695,97.109383,97.156258,953140,926136
02/26/2009,97.406258,97.406258,96.898445,97.234383,965554,943614
02/27/2009,97.164070,97.640633,97.054695,97.437508,508111,960163
03/02/2009,97.531258,98.429695,97.523445,98.203133,426014,958061
03/03/2009,98.343758,98.359383,97.859383,97.945320,363860,966455
03/04/2009,98.195320,98.210945,97.382820,97.531258,381020,962281
03/05/2009,97.742195,98.437508,97.546883,98.281258,405581,962318
03/06/2009,98.304695,98.625008,97.867195,98.109383,312080,964417
03/09/2009,97.992195,98.125008,97.578133,97.812508,323950,946421
03/10/2009,97.914070,97.914070,97.195320,97.320320,292340,938244
03/11/2009,97.234383,97.648445,97.039070,97.492195,422620,941238
03/12/2009,97.492195,98.171883,97.375008,97.781258,510830,883436
03/13/2009,97.882820,98.304695,97.476570,98.148445,422586,888798
03/16/2009,98.210945,98.351570,97.804695,97.953133,309010,879840
03/17/2009,97.960945,98.085945,97.523445,97.632820,411410,870782
03/18/2009,97.585945,100.328133,97.539070,99.937508,328090,872875
03/19/2009,99.710945,99.929695,99.234383,99.289070,349345,882724
03/20/2009,99.234383,99.554695,99.234383,99.429695,160450,877662
03/23/2009,99.421883,99.445320,99.148445,99.250008,250440,880712
03/24/2009,99.218758,99.273445,98.882820,99.203133,339160,879249
03/25/2009,99.046883,99.156258,98.546883,98.726570,381804,865231
03/26/2009,98.710945,99.171883,98.570320,99.093758,270725,862126
03/27/2009,98.992195,99.234383,98.843758,98.992195,249844,812615
03/30/2009,99.109383,99.398445,98.976570,99.343758,240240,826313
03/31/2009,99.375008,99.695320,99.226570,99.617195,250631,829712
04/01/2009,99.695320,99.773445,99.507820,99.679695,271540,833034
04/02/2009,99.664070,99.734383,99.070320,99.179695,283868,822026
04/03/2009,99.117195,99.156258,98.335945,98.375008,333428,817826
04/06/2009,98.500008,98.609383,98.210945,98.273445,192300,828001
04/07/2009,98.304695,98.601570,98.289070,98.492195,212942,810041
04/08/2009,98.500008,98.773445,98.367195,98.640633,217991,809373
04/09/2009,98.578133,98.585945,98.179695,98.367195,191305,813268
04/13/2009,98.320320,98.984383,98.273445,98.914070,228750,824066
04/14/2009,98.859383,99.257820,98.750008,99.187508,254410,823366
04/15/2009,99.132820,99.296883,98.953133,99.218758,274529,821466
04/16/2009,99.179695,99.226570,98.796883,98.898445,224050,816406
04/17/2009,98.851570,98.929695,98.132820,98.304695,315130,818679
04/20/2009,98.250008,98.804695,98.203133,98.773445,272550,797408
04/21/2009,98.773445,99.000008,98.445320,98.507820,299268,794379
04/22/2009,98.531258,98.625008,98.171883,98.273445,309004,798390
04/23/2009,98.335945,98.445320,98.109383,98.382820,354767,802814
04/24/2009,98.382820,98.484383,98.070320,98.132820,254334,802592
04/27/2009,98.226570,98.687508,98.210945,98.671883,328159,824664
04/28/2009,98.617195,98.875008,98.132820,98.273445,315920,812550
04/29/2009,98.226570,98.500008,97.257820,98.007820,375450,808645
04/30/2009,97.929695,98.085945,97.687508,97.992195,393117,791847
05/01/2009,98.015633,98.085945,97.773445,97.945320,217818,801459
05/04/2009,97.960945,98.125008,97.820320,97.937508,257660,816462
05/05/2009,97.914070,98.062508,97.695320,97.890633,310800,825112
05/06/2009,97.867195,98.171883,97.718758,97.976570,434460,826064
05/07/2009,97.867195,97.921883,97.289070,97.492195,306530,824301
05/08/2009,97.367195,97.664070,97.117195,97.484383,317027,834441
05/11/2009,97.554695,98.148445,97.539070,98.093758,274898,832150
05/12/2009,97.835945,98.281258,97.835945,98.195320,304722,837335
05/13/2009,98.171883,98.578133,98.007820,98.515633,260630,825068
05/14/2009,98.460945,98.687508,98.406258,98.515633,275952,823873
05/15/2009,98.578133,98.617195,98.320320,98.453133,301000,826416
05/18/2009,98.437508,98.539070,97.835945,97.984383,318404,853746
05/19/2009,97.898445,97.968758,97.695320,97.914070,411393,852222
05/20/2009,97.898445,98.382820,97.796883,98.257820,767220,884643
05/21/2009,98.265633,98.429695,97.625008,97.796883,762340,946990
05/22/2009,97.710945,97.968758,97.484383,97.539070,544118,980660
05/26/2009,97.390632,97.390632,97.250007,97.250007,868331,1024319
05/27/2009,97.007820,97.171882,96.437507,96.625007,1046800,916671
05/28/2009,96.601570,96.851570,96.265632,96.523445,1122927,858676
05/29/2009,96.750007,97.171882,96.593757,97.078132,663125,824584
06/01/2009,96.929695,97.046882,96.085945,96.171882,412520,785384
06/02/2009,96.257820,96.507820,96.117195,96.335945,422020,757224
06/03/2009,96.367195,96.789070,96.296882,96.640632,362770,749312
06/04/2009,96.687507,96.687507,95.882820,96.007820,595390,746692
06/05/2009,95.953132,96.039070,94.570320,94.593757,383620,732949
06/08/2009,94.640632,94.687507,94.000007,94.203132,347960,758280
06/09/2009,94.179695,94.726570,94.148445,94.632820,298240,754942
06/10/2009,94.625007,94.632820,94.117195,94.359382,312829,765880
06/11/2009,94.351570,94.937507,94.015632,94.750007,275140,770525
06/12/2009,94.781257,95.156257,94.710945,95.046882,293000,761511
06/15/2009,95.007820,95.359382,94.976570,95.250007,296450,796135
06/16/2009,95.234382,95.593757,94.914070,95.460945,340560,790028
06/17/2009,95.562507,95.906257,95.250007,95.625007,432970,797248
06/18/2009,95.570320,95.625007,94.671882,94.812507,264880,827058
06/19/2009,94.843757,95.117195,94.640632,95.023445,231660,766907
06/22/2009,95.031257,95.546882,94.953132,95.484382,283020,788280
06/23/2009,95.523445,95.718757,95.281257,95.625007,300711,787547
06/24/2009,95.625007,96.078132,95.367195,95.578132,417306,786260
06/25/2009,95.507820,96.296882,95.296882,96.203132,294590,787001
06/26/2009,96.242195,96.546882,95.992195,96.445320,222380,762523
06/29/2009,96.406257,96.640632,96.242195,96.484382,362930,775792
06/30/2009,96.460945,96.523445,96.078132,96.328132,367544,762284
07/01/2009,96.562507,96.562507,96.562507,96.562507,294229,758405
07/02/2009,96.625007,97.164070,96.429695,97.085945,217990,759604
07/06/2009,97.156257,97.281257,97.015632,97.218757,277950,770875
07/07/2009,97.187507,97.460945,97.062507,97.398445,409180,779339
07/08/2009,97.437507,98.171882,97.203132,98.125007,357390,773545
07/09/2009,98.031257,98.046882,97.484382,97.585945,320380,761230
07/10/2009,97.609382,98.289070,97.601570,98.125007,230150,765228
07/13/2009,98.125007,98.343757,97.851570,97.929695,363310,758651
07/14/2009,97.906257,98.031257,97.453132,97.609382,441350,769086
07/15/2009,97.468757,97.593757,96.656257,96.812507,404640,750835
07/16/2009,96.765632,97.382820,96.765632,97.148445,311920,760716
07/17/2009,97.109382,97.296882,96.718757,96.812507,255240,737761
07/20/2009,96.773445,97.273445,96.460945,97.210945,431210,747470
07/21/2009,97.117195,97.867195,96.843757,97.664070,324860,756189
07/22/2009,97.609382,97.765632,97.281257,97.328132,432500,743249
07/23/2009,97.406257,97.453132,96.507820,96.546882,270110,745941
07/24/2009,96.679695,96.789070,96.476570,96.695320,287410,744708
07/27/2009,96.726570,96.750007,96.250007,96.585945,371470,750825
07/28/2009,96.515632,96.976570,96.343757,96.492195,482880,755907
07/29/2009,96.476570,96.742195,95.945320,96.296882,391330,786540
07/30/2009,96.304695,96.539070,95.992195,96.312507,488250,776373
07/31/2009,96.500007,97.156257,96.187507,96.992195,447900,791158
08/03/2009,97.000007,97.039070,96.046882,96.328132,380080,816980
08/04/2009,96.359382,96.609382,96.070320,96.289070,388626,810804
08/05/2009,96.203132,96.632820,95.875007,96.085945,526897,822439
08/06/2009,96.109382,96.367195,95.960945,96.203132,451250,829595
08/07/2009,96.203132,96.367195,95.437507,95.656257,497500,842014
08/10/2009,95.492195,96.171882,95.476570,96.125007,300587,848168
08/11/2009,96.031257,96.468757,95.921882,96.296882,423928,848436
08/12/2009,96.406257,96.625007,95.968757,96.492195,390687,857616
08/13/2009,96.390632,97.023445,96.164070,96.953132,521463,863063
08/14/2009,96.898445,97.523445,96.851570,97.195320,399275,855234
08/17/2009,97.179695,97.687507,97.171882,97.585945,344707,847086
08/18/2009,97.656257,97.656257,97.375007,97.390632,360663,856549
08/19/2009,97.476570,97.945320,97.421882,97.664070,508946,847676
08/20/2009,97.703132,97.773445,97.390632,97.703132,392279,853017
08/21/2009,97.718757,97.976570,96.984382,97.062507,464288,838352
08/24/2009,97.046882,97.484382,96.882820,97.398445,571405,850280
08/25/2009,97.429695,97.648445,97.242195,97.570320,783547,837667
08/26/2009,97.632820,97.718758,97.484383,97.664070,804019,808746
08/27/2009,97.664070,97.898445,97.406258,97.671883,1020338,789891
08/28/2009,97.742195,97.937508,97.453133,97.835945,661669,776130
08/31/2009,97.867195,98.226570,97.812508,98.179695,392661,770220
09/01/2009,98.164070,98.632820,97.984383,98.531258,531713,803036
09/02/2009,98.585945,98.906258,98.445320,98.859383,471666,796770
09/03/2009,98.835945,98.851570,98.562508,98.757820,286597,800808
09/04/2009,98.695320,98.789070,98.351570,98.429695,317340,807851
09/08/2009,98.492195,98.656258,98.289070,98.406258,338574,825020
09/09/2009,98.304695,98.476570,98.117195,98.390633,348541,807963
09/10/2009,98.429695,98.914070,98.320320,98.835945,422804,816184
09/11/2009,98.804695,99.117195,98.710945,98.828133,358360,804703
09/14/2009,98.804695,98.929695,98.429695,98.523445,300321,804175
09/15/2009,98.468758,98.554695,98.156258,98.343758,394582,790365
09/16/2009,98.375008,98.671883,97.968758,98.140633,532137,788499
09/17/2009,98.140633,98.523445,97.914070,98.460945,511753,809084
09/18/2009,98.429695,98.593758,98.007820,98.062508,336920,796738
09/21/2009,98.125008,98.421883,98.023445,98.062508,342238,798231
09/22/2009,98.132820,98.359383,97.929695,98.257820,333119,802240
09/23/2009,98.304695,98.601570,98.054695,98.554695,468341,800450
09/24/2009,98.554695,98.820320,98.429695,98.734383,415995,794027
09/25/2009,98.781258,98.851570,98.531258,98.726570,358841,789303
09/28/2009,98.804695,98.929695,98.671883,98.875008,247611,789647
09/29/2009,98.921883,98.937508,98.585945,98.875008,367707,787324
09/30/2009,98.882820,99.062508,98.671883,99.023445,543654,792942
10/01/2009,99.039070,99.703133,98.984383,99.632820,558512,820221
10/02/2009,99.710945,100.007820,99.507820,99.585945,590852,810552
10/05/2009,99.585945,99.804695,99.515633,99.531258,353033,808996
10/06/2009,99.593758,99.601570,99.320320,99.453133,388487,806357
10/07/2009,99.367195,99.843758,99.367195,99.820320,367448,798072
10/08/2009,99.804695,99.875008,99.445320,99.523445,428567,778150
10/09/2009,99.500008,99.539070,98.851570,98.945320,538558,760976
10/12/2009,98.875008,99.265633,98.796883,99.109383,54597,764512
10/13/2009,99.125008,99.445320,99.046883,99.382820,328054,768220
10/14/2009,99.203133,99.281258,98.867195,99.023445,419360,760082
10/15/2009,99.046883,99.132820,98.750008,98.781258,479847,748796
10/16/2009,98.796883,98.984383,98.632820,98.914070,429655,754299
10/19/2009,98.859383,99.039070,98.703133,98.968758,302995,749351
10/20/2009,98.945320,99.382820,98.867195,99.281258,386863,766810
10/21/2009,99.250008,99.328133,98.812508,98.843758,417259,753372
10/22/2009,98.960945,99.023445,98.687508,98.882820,369761,753685
10/23/2009,98.882820,98.882820,98.468758,98.578133,369761,753685
10/26/2009,98.484383,98.554695,98.179695,98.281258,448665,757877
10/27/2009,98.265633,98.929695,98.250008,98.882820,498103,770356
10/28/2009,98.898445,99.234383,98.789070,99.117195,481129,759957
10/29/2009,99.117195,99.210945,98.617195,98.773445,437630,748628
10/30/2009,98.781258,99.437508,98.750008,99.382820,569785,773145
11/02/2009,99.460945,99.507820,99.187508,99.335945,377716,778497
11/03/2009,99.359383,99.578133,99.125008,99.218758,431649,784444
11/04/2009,99.234383,99.273445,98.890633,99.140633,501844,807337
11/05/2009,99.156258,99.414070,99.132820,99.351570,422106,825742
11/06/2009,99.335945,99.773445,99.304695,99.585945,613452,831508
11/09/2009,99.593758,99.734383,99.492195,99.640633,286842,838351
11/10/2009,99.625008,99.843758,99.578133,99.664070,324711,836867
11/11/2009,99.703133,99.945320,99.609383,99.929695,96023,838373
11/12/2009,99.835945,99.929695,99.492195,99.843758,464964,838891
11/13/2009,99.820320,99.914070,99.703133,99.859383,314105,841804
11/16/2009,99.898445,100.304695,99.820320,100.273445,412350,859588
11/17/2009,100.234383,100.382820,100.062508,100.328133,419342,866805
11/18/2009,100.328133,100.406258,100.171883,100.242195,438324,868124
11/19/2009,100.257820,100.617195,100.203133,100.492195,660134,894030
11/20/2009,100.531258,100.757820,100.382820,100.437508,461311,869146
11/23/2009,100.445320,100.468758,100.195320,100.445320,694321,876855
11/24/2009,100.445320,100.835945,100.414070,100.757820,936694,862885
11/25/2009,100.796883,100.914070,100.640633,100.851570,1200553,905550
11/27/2009,100.851570,101.632820,100.851570,101.140632,715898,929275
11/30/2009,101.109382,101.437507,101.015632,101.375007,459430,909494
12/01/2009,101.429695,101.453132,101.226570,101.265632,418998,905184
12/02/2009,101.257820,101.320320,100.984382,101.000007,476709,919972
12/03/2009,101.046882,101.054695,100.554695,100.851570,536923,912677
12/04/2009,100.859382,100.976570,99.960945,100.203132,647077,888844
12/07/2009,100.179695,100.625007,100.023445,100.554695,382641,882999
12/08/2009,100.562507,101.078132,100.515632,100.929695,470767,856245
12/09/2009,100.945320,101.031257,100.734382,100.812507,370621,858235
12/10/2009,100.757820,100.820320,100.289070,100.601570,439661,827274
12/11/2009,100.546882,100.593757,100.085945,100.320320,401053,817407
12/14/2009,100.289070,100.476570,99.984382,100.046882,377192,830438
12/15/2009,100.031257,100.148445,99.679695,99.734382,447810,829315
12/16/2009,99.835945,100.078132,99.695320,99.820320,401682,834960
12/17/2009,99.820320,100.445320,99.796882,100.367195,403602,834787
12/18/2009,100.398445,100.476570,100.062507,100.070320,298726,825296
12/21/2009,100.117195,100.164070,99.453132,99.515632,290850,817147
12/22/2009,99.562507,99.578132,99.218757,99.296882,266315,815064
12/23/2009,99.257820,99.445320,99.054695,99.148445,205527,806240
12/24/2009,99.101570,99.234382,98.851570,98.882820,52878,801244
12/28/2009,98.867195,98.898445,98.585945,98.679695,168772,787792
12/29/2009,98.625007,98.781257,98.460945,98.750007,276367,758023
12/30/2009,98.750007,98.867195,98.632820,98.781257,157935,747988
12/31/2009,98.757820,98.781257,98.101570,98.492195,171620,737899
01/04/2010,98.359382,98.742195,98.171882,98.656257,295473,748098
01/05/2010,98.718757,99.117195,98.703132,99.054695,393545,759208
01/06/2010,98.992195,99.039070,98.750007,99.015632,473208,776475
01/07/2010,98.929695,99.039070,98.687507,98.906257,357551,783077
01/08/2010,98.843757,99.304695,98.664070,99.117195,441874,787078
01/11/2010,99.000007,99.234382,98.937507,99.140632,242002,778511
01/12/2010,99.125007,99.578132,99.125007,99.507820,375362,782535
01/13/2010,99.523445,99.562507,99.187507,99.281257,366019,793121
01/14/2010,99.234382,99.648445,99.203132,99.539070,387832,784344
01/15/2010,99.507820,99.929695,99.500007,99.843757,341213,792413
01/19/2010,99.851570,100.000007,99.640632,99.679695,313929,797279
01/20/2010,99.726570,100.000007,99.695320,99.867195,310420,791693
01/21/2010,99.867195,100.250007,99.718757,100.156257,524987,812596
01/22/2010,100.242195,100.351570,100.132820,100.296882,442696,813826
01/25/2010,100.242195,100.320320,100.125007,100.234382,287015,824583
01/26/2010,100.234382,100.531257,100.171882,100.273445,332501,832658
01/27/2010,100.312507,100.578132,100.070320,100.148445,504300,862278
01/28/2010,100.031257,100.421882,99.867195,100.281257,541962,890032
01/29/2010,100.382820,100.710945,100.007820,100.570320,503021,892998
02/01/2010,100.632820,100.679695,100.328132,100.429695,316549,891849
02/02/2010,100.421882,100.546882,100.312507,100.507820,294415,900548
02/03/2010,100.515632,100.515632,100.250007,100.304695,417875,907181
02/04/2010,100.296882,100.882820,100.281257,100.773445,618864,927796
02/05/2010,100.781257,101.289070,100.671882,101.187507,785504,920808
02/08/2010,101.109382,101.164070,100.890632,100.976570,321726,930484
02/09/2010,101.148445,101.156257,100.718757,100.796882,520512,940994
02/10/2010,100.773445,100.953132,100.437507,100.531257,527309,942776
02/11/2010,100.539070,100.632820,100.312507,100.515632,461912,953352
02/12/2010,100.546882,100.820320,100.523445,100.718757,426442,949506
02/16/2010,100.687507,100.937507,100.554695,100.898445,331129,950138
02/17/2010,100.875007,100.875007,100.367195,100.460945,443130,938585
02/18/2010,100.460945,100.609382,100.007820,100.218757,642979,925417
02/19/2010,100.015632,100.242195,99.898445,100.085945,688773,946809
02/22/2010,100.093757,100.226570,100.046882,100.156257,542461,920279
02/23/2010,100.148445,100.695320,100.125007,100.617195,1200731,926340
02/24/2010,100.640632,100.812507,100.515632,100.617195,1526319,982642
02/25/2010,100.625007,101.515632,100.609382,100.953132,1172840,989046
02/26/2010,100.945320,101.226570,100.875007,101.203132,576134,1002273
03/01/2010,101.046882,101.242195,100.984382,101.187507,421876,1001722
03/02/2010,101.179695,101.296882,101.007820,101.250007,373475,1004045
03/03/2010,101.273445,101.328132,101.093757,101.257820,393537,1005518
03/04/2010,101.257820,101.414070,101.000007,101.187507,516029,1006084
03/05/2010,101.203132,101.257820,100.734382,100.890632,591308,987961
03/08/2010,100.921882,100.921882,100.710945,100.843757,289805,980441
03/09/2010,100.765632,101.015632,100.765632,100.921882,361914,984108
03/10/2010,100.921882,100.968757,100.648445,100.710945,442225,969063
03/11/2010,100.703132,100.750007,100.476570,100.546882,467995,955287
03/12/2010,100.523445,100.679695,100.156257,100.515632,596431,923479
03/15/2010,100.570320,100.664070,100.453132,100.593757,299267,914507
03/16/2010,100.617195,100.953132,100.500007,100.882820,457508,935355
03/17/2010,100.851570,100.898445,100.703132,100.773445,352244,941201
03/18/2010,100.773445,100.882820,100.515632,100.546882,435055,932901
03/19/2010,100.523445,100.601570,100.312507,100.359382,402949,917610
03/22/2010,100.320320,100.640632,100.312507,100.562507,354802,911115
03/23/2010,100.578132,100.734382,100.523445,100.578132,321205,901529
03/24/2010,100.539070,100.585945,99.687507,99.835945,816308,921056
03/25/2010,99.781257,99.914070,99.492195,99.664070,627286,899821
03/26/2010,99.781257,99.984382,99.609382,99.929695,398280,890419
03/29/2010,99.921882,100.039070,99.773445,99.929695,298212,895288
03/30/2010,99.914070,99.984382,99.750007,99.882820,378651,896513
03/31/2010,99.882820,100.148445,99.796882,100.109382,496586,899236
04/01/2010,100.085945,100.148445,99.906257,99.992195,496586,899236
04/02/2010,99.945320,100.140632,99.515632,99.531257,169040,905135
04/05/2010,99.507820,99.585945,99.140632,99.210945,375065,892294
04/06/2010,99.234382,99.500007,99.234382,99.375007,476336,919972
04/07/2010,99.445320,99.914070,99.421882,99.867195,509875,908882
04/08/2010,99.890632,100.046882,99.734382,99.781257,453480,913508
04/09/2010,99.773445,99.851570,99.578132,99.765632,331709,898694
04/12/2010,99.718757,100.093757,99.578132,100.007820,396747,913115
04/13/2010,100.023445,100.257820,99.945320,100.132820,495662,928371
04/14/2010,100.062507,100.179695,99.945320,100.000007,404629,925340
04/15/2010,99.976570,100.257820,99.921882,100.179695,404986,942304
04/16/2010,100.242195,100.757820,100.242195,100.656257,595237,951302
04/19/2010,100.726570,100.890632,100.406257,100.414070,377548,942699
04/20/2010,100.421882,100.492195,100.203132,100.335945,394079,944380
04/21/2010,100.343757,100.554695,100.218757,100.539070,393500,951715
04/22/2010,100.546882,100.765632,100.289070,100.335945,511004,952899
04/23/2010,100.359382,100.445320,100.007820,100.101570,457497,959276
04/26/2010,100.132820,100.328132,100.000007,100.203132,336090,963526
04/27/2010,100.242195,100.984382,100.218757,100.851570,679536,979903
04/28/2010,100.898445,101.109382,100.421882,100.476570,616440,971622
04/29/2010,100.546882,100.804695,100.414070,100.796882,408721,974471
04/30/2010,100.796882,101.179695,100.695320,101.125007,487573,986339
05/03/2010,101.093757,101.132820,100.820320,100.835945,327211,986484
05/04/2010,100.914070,101.359382,100.867195,101.218757,652943,1000572
05/05/2010,101.250007,101.945320,101.203132,101.609382,732274,1008988
05/06/2010,101.640632,102.789070,101.460945,102.164070,951784,1024786
05/07/2010,102.210945,102.695320,101.523445,102.164070,863727,995884
05/10/2010,101.789070,101.968757,101.265632,101.859382,606877,1014833
05/11/2010,101.796882,102.234382,101.703132,101.890632,492108,1029788
05/12/2010,101.953132,102.148445,101.750007,101.804695,484623,1041671
05/13/2010,101.789070,101.976570,101.632820,101.835945,491606,1075416
05/14/2010,101.960945,102.632820,101.914070,102.468757,742181,1084837
05/17/2010,102.414070,102.757820,102.218757,102.328132,496024,1071217
05/18/2010,102.234382,102.851570,102.148445,102.726570,614940,1102263
05/19/2010,102.835945,103.023445,102.531257,102.601570,770866,1101214
05/20/2010,102.515632,103.304695,102.507820,103.000007,904192,1128846
05/21/2010,103.179695,103.609382,102.960945,103.109382,845694,1105576
05/24/2010,102.984382,103.296882,102.929695,103.007820,843680,1108296
05/25/2010,103.210945,103.812507,103.125007,103.179695,1368618,1064314
05/26/2010,103.085945,103.218757,102.546882,102.789070,1937225,1039380
05/27/2010,102.984382,103.023445,102.242195,102.351570,1313463,991473
05/28/2010,102.312507,102.851570,102.289070,102.781257,652942,1002689
06/01/2010,102.742195,103.156257,102.593757,102.796882,604030,926263
06/02/2010,102.984382,103.007820,102.523445,102.585945,517066,941294
06/03/2010,102.570320,102.656257,102.164070,102.460945,516458,943903
06/04/2010,102.476570,103.375007,102.445320,103.343757,696824,938555
06/07/2010,103.531257,103.570320,103.132820,103.359382,418533,930194
06/08/2010,103.531257,103.562507,103.257820,103.421882,399574,928465
06/09/2010,103.328132,103.429695,103.125007,103.382820,433694,930396
06/10/2010,103.437507,103.453132,102.742195,102.789070,501169,926658
06/11/2010,102.765632,103.265632,102.757820,103.257820,441584,931360
06/14/2010,103.109382,103.210945,102.765632,103.101570,352903,945030
06/15/2010,103.156257,103.320320,102.867195,102.945320,372216,940220
06/16/2010,102.945320,103.296882,102.898445,103.046882,366565,932494
06/17/2010,103.132820,103.515632,102.992195,103.421882,466697,947506
06/18/2010,103.429695,103.468757,103.210945,103.265632,289108,948191
06/21/2010,103.054695,103.273445,102.843757,103.226570,444595,935204
06/22/2010,103.210945,103.609382,103.117195,103.554695,436209,956342
06/23/2010,103.546882,103.875007,103.476570,103.796882,575468,940056
06/24/2010,103.789070,104.101570,103.742195,103.851570,475071,931026
06/25/2010,103.812507,104.156257,103.734382,103.976570,424516,912944
06/28/2010,104.062507,104.390632,103.976570,104.328132,345996,903329
06/29/2010,104.359382,104.656257,104.289070,104.539070,536556,909941
06/30/2010,104.593757,104.703132,104.257820,104.460945,594135,908664
07/01/2010,104.546882,104.695320,104.359382,104.453132,558337,911214
07/02/2010,104.398445,104.601570,104.203132,104.445320,474650,918356
07/06/2010,104.468757,104.757820,104.390632,104.710945,397613,934576
07/07/2010,104.734382,104.843757,104.593757,104.664070,424627,916560
07/08/2010,104.609382,104.679695,104.335945,104.562507,413366,922006
07/09/2010,104.492195,104.554695,104.343757,104.414070,296075,920439
07/12/2010,104.421882,104.609382,104.382820,104.468757,317424,921884
07/13/2010,104.398445,104.585945,104.039070,104.164070,509571,901857
07/14/2010,104.117195,104.640632,104.039070,104.570320,628626,934846
07/15/2010,104.593757,105.015632,104.429695,104.945320,650216,952982
07/16/2010,104.835945,105.304695,104.812507,105.187507,557310,948894
07/19/2010,105.335945,105.335945,105.054695,105.125007,313057,940575
07/20/2010,105.156257,105.468757,105.062507,105.296882,467678,932184
07/21/2010,105.242195,105.546882,105.171882,105.445320,390843,932616
07/22/2010,105.453132,105.546882,105.140632,105.343757,377445,938119
07/23/2010,105.320320,105.429695,105.046882,105.085945,365143,931324
07/26/2010,105.078132,105.148445,104.867195,105.109382,312848,941195
07/27/2010,105.101570,105.164070,104.773445,104.820320,379936,933084
07/28/2010,104.796882,105.296882,104.773445,105.242195,508422,985854
07/29/2010,105.273445,105.687507,105.187507,105.484382,658108,1003717
07/30/2010,105.617195,105.968757,105.609382,105.937507,672759,1005337
08/02/2010,105.921882,105.945320,105.710945,105.726570,347308,1042170
08/03/2010,105.750007,106.281257,105.734382,106.179695,443892,1009477
08/04/2010,106.187507,106.320320,105.781257,105.898445,490501,1068329
08/05/2010,105.914070,106.164070,105.773445,106.101570,411730,1065637
08/06/2010,106.125007,106.523445,106.007820,106.414070,532761,1074736
08/09/2010,106.406257,106.515632,106.250007,106.281257,283110,1064249
08/10/2010,106.281257,106.632820,106.023445,106.437507,674007,1092305
08/11/2010,106.578132,106.835945,106.546882,106.671882,613320,1118854
08/12/2010,106.671882,106.710945,106.367195,106.468757,488742,1059252
08/13/2010,106.390632,106.609382,106.343757,106.531257,359010,1059230
08/16/2010,106.539070,106.937507,106.500007,106.914070,459880,1059936
08/17/2010,106.914070,106.914070,106.539070,106.664070,449261,1052130
08/18/2010,106.648445,106.812507,106.554695,106.609382,386722,1106300
08/19/2010,106.632820,106.953132,106.398445,106.843757,482000,1124474
08/20/2010,106.820320,107.046882,106.492195,106.539070,585707,1169749
08/23/2010,106.546882,106.765632,106.484382,106.687507,351368,1164208
08/24/2010,106.734382,107.296882,106.734382,107.140632,688539,1197893
08/25/2010,107.218757,107.414070,106.804695,106.875007,962359,1176276
08/26/2010,106.953132,107.164070,106.851570,107.000007,1208489,1163653
08/27/2010,107.046882,107.101570,106.328132,106.429695,1306679,1101254
08/30/2010,106.539070,107.046882,106.218757,106.953132,837314,1090654
08/31/2010,106.992195,107.273445,106.953132,107.226570,681855,1045206
09/01/2010,107.242195,107.242195,106.601570,106.859382,627606,1015346
09/02/2010,106.867195,106.945320,106.679695,106.828132,503773,973627
09/03/2010,106.828132,107.062507,106.273445,106.539070,557515,978086
09/07/2010,106.484382,107.000007,106.375007,106.960945,420551,945668
09/08/2010,106.992195,107.117195,106.617195,106.679695,430561,916478
09/09/2010,106.679695,106.835945,106.078132,106.085945,584587,927917
09/10/2010,106.109382,106.265632,105.921882,106.046882,428110,905634
09/13/2010,106.031257,106.507820,105.835945,106.453132,346064,893576
09/14/2010,106.390632,106.898445,106.359382,106.851570,463121,881044
09/15/2010,106.773445,107.031257,106.648445,106.789070,502799,889615
09/16/2010,106.789070,106.976570,106.539070,106.679695,466622,887750
09/17/2010,106.640632,106.929695,106.453132,106.820320,382739,884672
09/20/2010,106.820320,106.937507,106.695320,106.890632,290566,889563
09/21/2010,106.906257,107.476570,106.867195,107.445320,484640,927052
09/22/2010,107.445320,107.640632,107.343757,107.406257,501606,924224
09/23/2010,107.421882,107.687507,107.320320,107.382820,423035,919880
09/24/2010,107.398445,107.515632,107.210945,107.273445,367477,917863
09/27/2010,107.273445,107.671882,107.273445,107.625007,326802,931005
09/28/2010,107.585945,107.906257,107.500007,107.898445,540616,941911
09/29/2010,107.859382,107.875007,107.687507,107.726570,393461,951899
09/30/2010,107.742195,107.875007,107.265632,107.773445,584491,932403
10/01/2010,107.812507,107.882820,107.539070,107.812507,519699,940616
10/04/2010,107.875007,108.109382,107.859382,108.000007,275954,937133
10/05/2010,108.000007,108.179695,107.984382,108.093757,336387,946385
10/06/2010,108.132820,108.492195,108.109382,108.265632,473445,966768
10/07/2010,108.273445,108.468757,108.203132,108.390632,365460,977734
10/08/2010,108.437507,108.710945,108.250007,108.562507,452236,988302
10/11/2010,108.554695,108.640632,108.523445,108.609382,40721,986381
10/12/2010,108.546882,108.695320,108.359382,108.390632,321311,992698
10/13/2010,108.390632,108.539070,108.250007,108.523445,456996,1010740
10/14/2010,108.515632,108.546882,108.093757,108.234382,468724,1009856
10/15/2010,108.203132,108.562507,108.156257,108.234382,558660,1029913
10/18/2010,108.218757,108.617195,108.218757,108.554695,357977,1037590
10/19/2010,108.539070,108.765632,108.351570,108.664070,498370,1049113
10/20/2010,108.617195,108.773445,108.507820,108.687507,377932,1051956
10/21/2010,108.656257,108.679695,108.476570,108.562507,421423,1062690
10/22/2010,108.515632,108.601570,108.406257,108.492195,339571,1039442
10/25/2010,108.492195,108.695320,108.281257,108.343757,588432,1076328
10/26/2010,108.304695,108.367195,107.921882,107.976570,617627,1051605
10/27/2010,107.968757,108.031257,107.656257,107.742195,577308,1033045
10/28/2010,107.695320,108.296882,107.664070,108.210945,576649,1028139
10/29/2010,108.218757,108.546882,108.148445,108.484382,581681,1054049
11/01/2010,108.484382,108.648445,108.375007,108.570320,449037,1079480
11/02/2010,108.531257,108.664070,108.500007,108.617195,336228,1078696
11/03/2010,108.578132,108.929695,108.000007,108.773445,700402,1132672
11/04/2010,108.882820,109.265632,108.867195,109.156257,709683,1186339
11/05/2010,109.132820,109.171882,108.757820,108.843757,709683,1185054
11/08/2010,108.828132,108.968757,108.656257,108.679695,370556,1219790
11/09/2010,108.703132,108.867195,107.992195,108.062507,696686,1208127
11/10/2010,108.117195,108.390632,107.601570,108.343757,866532,1185123
11/11/2010,108.382820,108.507820,107.875007,107.929695,138780,1181516
11/12/2010,108.078132,108.359382,107.492195,107.664070,694841,1172920
11/15/2010,107.632820,107.687507,106.804695,107.031257,900286,1161993
11/16/2010,106.906257,107.265632,106.773445,107.171882,736408,1130653
11/17/2010,107.140632,107.406257,106.984382,107.226570,582516,1119749
11/18/2010,107.187507,107.242195,106.773445,107.117195,593158,1118869
11/19/2010,107.078132,107.257820,106.945320,107.031257,401347,1143577
11/22/2010,106.953132,107.500007,106.835945,107.429695,714409,1153342
11/23/2010,107.468757,107.812507,107.421882,107.664070,1059296,1147478
11/24/2010,107.632820,107.664070,106.867195,106.992195,1406164,1116800
11/26/2010,106.968757,107.429695,106.898445,107.195320,753217,1053850
11/29/2010,107.187507,107.382820,106.992195,107.312507,1218680,1056169
11/30/2010,107.265632,107.687507,107.242195,107.492195,926985,1036706
12/01/2010,107.476570,107.492195,106.554695,106.695320,951265,1005024
12/02/2010,106.648445,106.796882,106.289070,106.468757,655656,1003192
12/03/2010,106.500007,107.234382,106.210945,106.812507,694245,1013373
12/06/2010,106.812507,107.367195,106.812507,107.328132,468275,1025700
12/07/2010,107.343757,107.343757,106.203132,106.242195,733736,1012186
12/08/2010,106.382820,106.414070,105.367195,105.710945,779696,1014565
12/09/2010,105.562507,105.843757,105.359382,105.445320,645457,1023271
12/10/2010,105.492195,105.695320,105.007820,105.210945,413576,1025806
12/13/2010,105.109382,105.601570,104.554695,105.523445,534892,1020093
12/14/2010,105.585945,105.625007,104.640632,104.812507,610914,1005813
12/15/2010,104.687507,105.101570,104.390632,104.578132,539989,1008965
12/16/2010,104.492195,104.914070,104.265632,104.718757,550556,1012909
12/17/2010,104.914070,105.343757,104.828132,105.234382,414399,1009064
12/20/2010,105.187507,105.585945,105.148445,105.250007,394034,1022481
12/21/2010,105.265632,105.445320,105.023445,105.234382,359091,1034039
12/22/2010,105.296882,105.335945,104.929695,105.070320,223575,1033255
12/23/2010,105.039070,105.046882,104.734382,104.828132,156727,1024371
12/27/2010,104.757820,105.054695,104.429695,104.914070,130430,1022065
12/28/2010,105.007820,105.132820,104.421882,104.468757,317116,1002092
12/29/2010,104.484382,105.328132,104.468757,105.257820,294974,978874
12/30/2010,105.195320,105.289070,104.773445,105.046882,283157,973136
12/31/2010,105.070320,105.398445,104.992195,105.359382,129685,967656
01/03/2011,105.250007,105.390632,104.835945,105.296882,327909,992417
01/04/2011,105.367195,105.664070,105.187507,105.328132,498268,988426
01/05/2011,105.359382,105.562507,104.617195,104.656257,565205,987336
01/06/2011,104.773445,105.132820,104.734382,104.976570,576907,1028661
01/07/2011,105.015632,105.781257,104.796882,105.632820,672886,1056804
01/10/2011,105.695320,105.828132,105.585945,105.757820,391025,1051597
01/11/2011,105.804695,105.953132,105.531257,105.593757,497675,1051652
01/12/2011,105.601570,105.671882,105.226570,105.593757,497085,1050407
01/13/2011,105.546882,105.945320,105.468757,105.914070,542975,1076360
01/14/2011,105.906257,106.140632,105.671882,105.812507,555261,1088345
01/18/2011,105.828132,106.093757,105.468757,105.742195,553867,1098148
01/19/2011,105.734382,105.906257,105.570320,105.875007,389770,1100549
01/20/2011,105.851570,105.945320,105.242195,105.296882,633036,1101259
01/21/2011,105.312507,105.523445,105.203132,105.484382,469019,1118708
01/24/2011,105.460945,105.656257,105.296882,105.507820,382254,1125664
01/25/2011,105.523445,106.007820,105.429695,105.882820,684803,1132961
01/26/2011,105.835945,105.835945,105.476570,105.609382,519930,1116809
01/27/2011,105.671882,105.937507,105.398445,105.929695,635501,1111554
01/28/2011,105.882820,106.320320,105.632820,106.195320,678802,1126289
01/31/2011,106.281257,106.390632,105.960945,106.054695,581916,1112116
02/01/2011,106.101570,106.125007,105.593757,105.710945,578391,1120310
02/02/2011,105.765632,105.890632,105.265632,105.328132,741073,1190746
02/03/2011,105.328132,105.375007,104.867195,105.039070,775724,1233312
02/04/2011,104.960945,105.140632,104.351570,104.492195,913446,1292457
02/07/2011,104.515632,104.554695,104.210945,104.523445,550347,1296790
02/08/2011,104.539070,104.593757,103.898445,103.984382,668184,1307857
02/09/2011,103.945320,104.406257,103.828132,104.335945,741147,1318860
02/10/2011,104.226570,104.421882,103.906257,103.945320,735863,1330491
02/11/2011,103.992195,104.406257,103.968757,104.109382,609931,1329942
02/14/2011,104.093757,104.242195,104.000007,104.171882,411191,1343609
02/15/2011,104.109382,104.320320,103.851570,104.242195,650194,1360754
02/16/2011,104.281257,104.429695,104.007820,104.179695,740691,1385734
02/17/2011,104.179695,104.687507,104.140632,104.546882,854000,1370651
02/18/2011,104.562507,104.687507,104.328132,104.601570,596222,1357259
02/22/2011,104.632820,105.335945,104.601570,105.304695,1672123,1326630
02/23/2011,105.265632,105.429695,105.046882,105.125007,1521935,1284405
02/24/2011,105.125007,105.468757,105.101570,105.304695,1680085,1255804
02/25/2011,105.203132,105.414070,105.132820,105.359382,1230026,1234972
02/28/2011,105.421882,105.593757,105.375007,105.546882,727836,1243117
03/01/2011,105.500007,105.734382,105.179695,105.640632,941420,1249413
03/02/2011,105.734382,105.820320,105.351570,105.445320,873062,1239905
03/03/2011,105.367195,105.398445,104.703132,104.734382,998571,1250667
03/04/2011,104.812507,105.453132,104.500007,105.406257,906056,1232893
03/07/2011,105.351570,105.539070,105.125007,105.351570,580284,1220317
03/08/2011,105.273445,105.421882,105.078132,105.203132,587908,1212652
03/09/2011,105.210945,105.687507,105.164070,105.554695,611785,1210394
03/10/2011,105.539070,106.171882,105.500007,106.031257,818365,1212616
03/11/2011,106.156257,106.375007,105.960945,106.117195,666873,1201932
03/14/2011,106.195320,106.734382,106.054695,106.500007,805112,1209207
03/15/2011,106.445320,107.335945,106.406257,106.484382,997185,1166238
03/16/2011,106.578132,107.390632,106.328132,107.031257,1102615,1154488
03/17/2011,107.234382,107.351570,106.562507,106.820320,691808,1164021
03/18/2011,106.765632,106.960945,106.500007,106.664070,594956,1185662
03/21/2011,106.695320,106.734382,106.117195,106.265632,677151,1204805
03/22/2011,106.218757,106.289070,105.953132,106.148445,595081,1222237
03/23/2011,106.148445,106.414070,106.070320,106.125007,571364,1243855
03/24/2011,106.101570,106.273445,105.742195,105.796882,668152,1257994
03/25/2011,105.750007,105.953132,105.421882,105.492195,684045,1286990
03/28/2011,105.437507,105.562507,105.242195,105.375007,563110,1264133
03/29/2011,105.468757,105.554695,105.140632,105.226570,573550,1256109
03/30/2011,105.242195,105.531257,105.125007,105.445320,464009,1239649
03/31/2011,105.515632,105.640632,105.156257,105.398445,629534,1251311
04/01/2011,105.171882,105.312507,104.757820,105.257820,863364,1304365
04/04/2011,105.273445,105.664070,105.250007,105.523445,527664,1290400
04/05/2011,105.570320,105.640632,105.117195,105.164070,626201,1302380
04/06/2011,105.187507,105.242195,104.921882,104.960945,565476,1313945
04/07/2011,104.960945,105.281257,104.835945,105.156257,645874,1328658
04/08/2011,105.171882,105.179695,104.812507,105.062507,399771,1338346
04/11/2011,105.000007,105.179695,104.859382,105.093757,355925,1352054
04/12/2011,104.976570,105.656257,104.968757,105.562507,695131,1325636
04/13/2011,105.562507,105.765632,105.351570,105.742195,556733,1329019
04/14/2011,105.726570,105.976570,105.468757,105.539070,707584,1339148
04/15/2011,105.468757,106.062507,105.460945,106.007820,618144,1353570
04/18/2011,106.031257,106.398445,105.921882,106.359382,789898,1344534
04/19/2011,106.312507,106.406257,106.085945,106.359382,522661,1354954
04/20/2011,106.304695,106.312507,106.031257,106.101570,518017,1388410
04/21/2011,106.054695,106.250007,105.984382,106.117195,438177,1410649
04/25/2011,106.140632,106.398445,106.085945,106.375007,252515,1426956
04/26/2011,106.359382,106.664070,106.296882,106.601570,461398,1423930
04/27/2011,106.648445,106.695320,106.203132,106.570320,668599,1455621
04/28/2011,106.632820,107.062507,106.625007,106.960945,732663,1460143
04/29/2011,106.921882,107.125007,106.851570,107.078132,426094,1452755
05/02/2011,107.070320,107.281257,106.914070,107.101570,470103,1448215
05/03/2011,107.101570,107.257820,107.054695,107.203132,498518,1457788
05/04/2011,107.203132,107.367195,107.007820,107.250007,693484,1456130
05/05/2011,107.257820,107.570320,107.179695,107.484382,805744,1451030
05/06/2011,107.507820,107.781257,107.156257,107.648445,913953,1476556
05/09/2011,107.585945,107.820320,107.476570,107.796882,515088,1494972
05/10/2011,107.742195,107.773445,107.421882,107.531257,532537,1504040
05/11/2011,107.429695,107.804695,107.296882,107.757820,693005,1523163
05/12/2011,107.742195,107.890632,107.507820,107.625007,661327,1536467
05/13/2011,107.656257,108.085945,107.554695,107.804695,730751,1545441
05/16/2011,107.859382,108.054695,107.789070,108.015632,441442,1559386
05/17/2011,108.031257,108.265632,107.882820,108.125007,706402,1560694
05/18/2011,108.117195,108.210945,107.773445,107.859382,736967,1587318
05/19/2011,107.804695,107.984382,107.468757,107.976570,881833,1583684
05/20/2011,107.937507,108.156257,107.921882,108.093757,713673,1593819
05/23/2011,108.132820,108.429695,108.109382,108.148445,823346,1570671
05/24/2011,108.140633,108.234383,107.976570,108.179695,1323638,1515861
05/25/2011,108.203133,108.382820,108.179695,108.320320,1697280,1529461
05/26/2011,108.320320,108.773445,108.179695,108.742195,1939968,1524487
05/27/2011,108.734383,108.890633,108.562508,108.781258,1237466,1540920
05/31/2011,108.898445,108.976570,108.578133,108.914070,942280,1556214
06/01/2011,108.843758,109.398445,108.765633,109.289070,934139,1525362
06/02/2011,109.382820,109.406258,109.054695,109.093758,858772,1506695
06/03/2011,109.101570,109.664070,109.085945,109.328133,796146,1514231
06/06/2011,109.382820,109.453133,109.203133,109.390633,531474,1499830
06/07/2011,109.414070,109.617195,109.179695,109.453133,611442,1521271
06/08/2011,109.554695,109.945320,109.476570,109.812508,762216,1532487
06/09/2011,109.882820,109.945320,109.390633,109.460945,850565,1557821
06/10/2011,109.460945,109.765633,109.414070,109.585945,572149,1580234
06/13/2011,109.601570,109.742195,109.312508,109.523445,637449,1588459
06/14/2011,109.554695,109.593758,108.976570,109.015633,824290,1596417
06/15/2011,109.015633,109.773445,109.000008,109.687508,958036,1599567
06/16/2011,109.687508,110.195320,109.593758,109.898445,925284,1611830
06/17/2011,109.773445,109.882820,109.539070,109.796883,547223,1620310
06/20/2011,109.781258,110.015633,109.625008,109.726570,523344,1649232
06/21/2011,109.742195,109.820320,109.578133,109.687508,651600,1700227
06/22/2011,109.710945,110.023445,109.640633,109.726570,559731,1677502
06/23/2011,109.765633,110.343758,109.757820,110.210945,878462,1634952
06/24/2011,110.164070,110.640633,110.054695,110.531258,628800,1605498
06/27/2011,110.593758,110.734383,110.179695,110.257820,663200,1590850
06/28/2011,110.226570,110.335945,109.414070,109.492195,835458,1564841
06/29/2011,109.578133,109.601570,109.078133,109.273445,859952,1542840
06/30/2011,109.304695,109.453133,108.640633,108.968758,1000275,1473491
07/01/2011,108.914070,109.078133,108.531258,108.750008,623520,1462747
07/05/2011,108.757820,109.351570,108.718758,109.265633,578360,1454271
07/06/2011,109.296883,109.656258,109.148445,109.500008,738529,1434089
07/07/2011,109.453133,109.460945,108.937508,109.031258,735348,1469678
07/08/2011,109.078133,110.054695,108.882820,109.914070,940743,1485921
07/11/2011,110.031258,110.429695,109.859383,110.375008,686308,1495556
07/12/2011,110.343758,110.875008,110.164070,110.398445,913787,1532775
07/13/2011,110.539070,110.578133,110.109383,110.515633,778507,1545628
07/14/2011,110.492195,110.617195,110.242195,110.328133,665528,1552710
07/15/2011,110.273445,110.609383,110.203133,110.585945,609783,1538395
07/18/2011,110.593758,110.757820,110.507820,110.656258,482433,1558603
07/19/2011,110.570320,110.710945,110.312508,110.578133,604682,1564850
07/20/2011,110.601570,110.609383,110.335945,110.453133,446857,1571460
07/21/2011,110.437508,110.539070,109.906258,110.109383,680851,1567805
07/22/2011,110.093758,110.390633,110.078133,110.289070,580410,1533413
07/25/2011,110.179695,110.468758,110.046883,110.210945,603632,1523374
07/26/2011,110.210945,110.539070,109.976570,110.468758,553231,1520431
07/27/2011,110.476570,110.578133,110.164070,110.265633,689936,1514312
07/28/2011,110.265633,110.593758,110.265633,110.460945,577961,1493058
07/29/2011,110.453133,111.359383,110.343758,111.218758,823029,1448952
08/01/2011,111.070320,111.664070,110.984383,111.453133,748338,1427774
08/02/2011,111.351570,111.921883,111.335945,111.828133,844392,1462496
08/03/2011,111.851570,112.023445,111.648445,111.757820,808899,1470377
08/04/2011,111.664070,112.476570,111.546883,112.257820,1033604,1448440
08/05/2011,112.453133,112.554695,111.437508,111.726570,1040259,1433317
08/08/2011,111.773445,112.625008,111.757820,112.359383,899317,1431304
08/09/2011,112.406258,113.710945,111.875008,113.140633,1055290,1450881
08/10/2011,112.921883,113.445320,112.781258,113.132820,1062902,1448766
08/11/2011,113.148445,113.304695,112.718758,112.882820,879730,1410838
08/12/2011,112.742195,113.140633,112.742195,113.101570,546515,1403468
08/15/2011,113.046883,113.148445,112.859383,112.953133,341934,1412021
08/16/2011,112.906258,113.265633,112.867195,113.179695,478281,1422470
08/17/2011,113.148445,113.312508,113.054695,113.257820,478137,1423490
08/18/2011,113.242195,113.804695,113.187508,113.289070,708561,1428823
08/19/2011,113.367195,113.492195,113.070320,113.289070,612918,1424748
08/22/2011,113.351570,113.367195,113.015633,113.187508,480568,1391250
08/23/2011,113.210945,113.406258,112.960945,113.148445,828413,1415437
08/24/2011,113.156257,113.257820,112.742195,112.875007,1208305,1414605
08/25/2011,112.765632,113.320320,112.765632,113.171882,1699787,1497352
08/26/2011,113.117195,113.601570,113.085945,113.343757,1843669,1511716
08/29/2011,113.335945,113.343757,112.875007,113.101570,1243850,1468582
08/30/2011,113.093757,113.523445,113.093757,113.414070,1322509,1431167
08/31/2011,113.398445,113.546882,113.140632,113.281257,838145,1389450
09/01/2011,113.218757,113.601570,113.070320,113.468757,797535,1364344
09/02/2011,113.531257,113.890632,113.234382,113.640632,692311,1360748
09/06/2011,113.617195,113.851570,113.476570,113.609382,592916,1351376
09/07/2011,113.585945,113.593757,113.343757,113.484382,458281,1351287
09/08/2011,113.453132,113.726570,113.445320,113.687507,560143,1350126
09/09/2011,113.640632,114.046882,113.562507,113.976570,594181,1383899
09/12/2011,114.039070,114.101570,113.585945,113.703132,473001,1331257
09/13/2011,113.640632,113.828132,113.492195,113.585945,568962,1336571
09/14/2011,113.539070,113.828132,113.429695,113.500007,626046,1352955
09/15/2011,113.570320,113.625007,113.070320,113.312507,689230,1336690
09/16/2011,113.328132,113.484382,113.195320,113.390632,432109,1344485
09/19/2011,113.515632,113.953132,113.515632,113.875007,529135,1359388
09/20/2011,113.843757,113.960945,113.640632,113.820320,438776,1323971
09/21/2011,113.804695,113.992195,113.273445,113.664070,580333,1319547
09/22/2011,113.726570,114.085945,113.695320,114.039070,638659,1313869
09/23/2011,113.976570,114.109382,113.554695,113.671882,637252,1303392
09/26/2011,113.554695,113.710945,113.335945,113.406257,547168,1293489
09/27/2011,113.398445,113.500007,113.093757,113.109382,513160,1294173
09/28/2011,113.234382,113.335945,112.945320,113.187507,605100,1287807
09/29/2011,113.289070,113.343757,113.031257,113.242195,554062,1271037
09/30/2011,113.101570,113.429695,113.085945,113.218757,545090,1231437
10/03/2011,113.234382,113.781257,113.226570,113.664070,583020,1247316
10/04/2011,113.742195,113.804695,113.414070,113.570320,595838,1228941
10/05/2011,113.515632,113.546882,113.203132,113.257820,529713,1216690
10/06/2011,113.320320,113.382820,113.007820,113.039070,492721,1201851
10/07/2011,113.070320,113.125007,112.593757,112.687507,648773,1204086
10/10/2011,112.695320,112.718757,112.109382,112.164070,110655,1207120
10/11/2011,112.195320,112.546882,112.187507,112.390632,473460,1182907
10/12/2011,112.398445,112.531257,112.054695,112.296882,607675,1177226
10/13/2011,112.367195,112.859382,112.328132,112.625007,567888,1165433
10/14/2011,112.570320,112.718757,112.398445,112.648445,468397,1161062
10/17/2011,112.601570,112.890632,112.382820,112.859382,453068,1160225
10/18/2011,112.851570,113.109382,112.765632,112.984382,546240,1172962
10/19/2011,112.867195,113.085945,112.742195,112.984382,495024,1182678
10/20/2011,112.960945,113.187507,112.765632,112.929695,712041,1196235
10/21/2011,112.890632,113.031257,112.671882,112.960945,479233,1232201
10/24/2011,113.046882,113.109382,112.726570,112.812507,386881,1208487
10/25/2011,112.781257,113.320320,112.648445,113.242195,654913,1249117
10/26/2011,113.273445,113.281257,112.867195,112.945320,795627,1202336
10/27/2011,112.945320,113.039070,112.312507,112.421882,815207,1206210
10/28/2011,112.398445,112.859382,112.367195,112.796882,564320,1203296
10/31/2011,112.703132,113.578132,112.687507,113.343757,626319,1199224
11/01/2011,113.539070,113.921882,113.414070,113.781257,808787,1221831
11/02/2011,113.796882,113.906257,113.578132,113.835945,624036,1240451
11/03/2011,113.882820,114.054695,113.625007,113.726570,621966,1230745
11/04/2011,113.695320,113.953132,113.546882,113.859382,551151,1247225
11/07/2011,113.867195,114.070320,113.765632,113.914070,406090,1251667
11/08/2011,113.781257,113.960945,113.656257,113.718757,417143,1263644
11/09/2011,113.687507,114.054695,113.664070,113.960945,595928,1285650
11/10/2011,113.914070,113.953132,113.578132,113.781257,556356,1265722
11/11/2011,113.773445,113.781257,113.484382,113.515632,64325,1260115
11/14/2011,113.554695,113.898445,113.476570,113.812507,390654,1276732
11/15/2011,113.781257,113.960945,113.687507,113.750007,491081,1264166
11/16/2011,113.765632,113.929695,113.710945,113.789070,459680,1273516
11/17/2011,113.882820,113.968757,113.609382,113.914070,683494,1289045
11/18/2011,113.937507,114.007820,113.609382,113.671882,430458,1262538
11/21/2011,113.687507,113.859382,113.687507,113.750007,474320,1254674
11/22/2011,113.796882,113.921882,113.671882,113.890632,782723,1284747
11/23/2011,113.906257,114.046882,113.765632,114.015632,1092283,1296128
11/25/2011,113.976569,113.976569,113.734382,113.804694,788273,1355525
11/28/2011,113.750007,113.914069,113.460944,113.906257,2332163,1365063
11/29/2011,113.851569,113.890632,113.578132,113.804694,1626195,1337169
11/30/2011,113.812507,113.906257,113.382819,113.710944,1123627,1290092
12/01/2011,113.695319,113.812507,113.531257,113.617194,761230,1264252
12/02/2011,113.640632,113.898444,113.335944,113.859382,606185,1255756
12/05/2011,113.859382,113.859382,113.578132,113.789069,433745,1237330
12/06/2011,113.742194,113.859382,113.648444,113.765632,401614,1244361
12/07/2011,113.765632,114.140632,113.671882,114.093757,487348,1292484
12/08/2011,114.039069,114.312507,113.835944,114.281257,508373,1319909
12/09/2011,114.273444,114.343757,114.039069,114.101569,363948,1331331
12/12/2011,114.070319,114.289069,114.000007,114.203132,269516,1328947
12/13/2011,114.164069,114.304694,114.031257,114.210944,405853,1314506
12/14/2011,114.218757,114.250007,114.101569,114.195319,436642,1274711
12/15/2011,114.179694,114.281257,114.070319,114.187507,368668,1258943
12/16/2011,114.195319,114.460944,114.125007,114.382819,363484,1263711
12/19/2011,114.421882,114.468757,114.281257,114.421882,301697,1254190
12/20/2011,114.398444,114.398444,114.039069,114.171882,398451,1228328
12/21/2011,114.179694,114.289069,113.960944,114.023444,385411,1226626
12/22/2011,114.015632,114.148444,113.945319,114.000007,249767,1237113
12/23/2011,114.000007,114.039069,113.593757,113.640632,227251,1229367
12/27/2011,113.664069,113.804694,113.593757,113.726569,117643,1223689
12/28/2011,113.734382,114.046882,113.703132,114.031257,209820,1225079
12/29/2011,113.968757,114.171882,113.898444,114.156257,207620,1239472
12/30/2011,114.101569,114.382819,114.000007,114.328132,312045,1239472
01/03/2012,114.218757,114.250007,114.101569,114.125007,380390,1253368
01/04/2012,114.156257,114.226569,114.070319,114.132819,529370,1274294
01/05/2012,114.179694,114.320319,114.031257,114.179694,451120,1272418
01/06/2012,114.164069,114.335944,113.890632,114.281257,273830,1278814
01/09/2012,114.273444,114.460944,114.203132,114.375007,332100,1303682
01/10/2012,114.343757,114.390632,114.203132,114.312507,450260,1330530
01/11/2012,114.312507,114.531257,114.312507,114.492194,404700,1375377
01/12/2012,114.460944,114.539069,114.382819,114.421882,490720,1401948
01/13/2012,114.414069,114.742194,114.382819,114.671882,375870,1401948
01/17/2012,114.648444,114.742194,113.843757,114.695319,393930,1425200
01/18/2012,114.671882,114.726569,114.531257,114.578132,500330,1419597
01/19/2012,114.570319,114.625007,114.265632,114.367194,453040,1428057
01/20/2012,114.335944,114.437507,114.171882,114.195319,409860,1435893
01/23/2012,114.226569,114.335944,114.054694,114.125007,381430,1450877
01/24/2012,114.156257,114.210944,114.085944,114.179694,880280,1446476
01/25/2012,114.179694,114.867194,114.132819,114.679694,675720,1515884
01/26/2012,114.710944,115.007819,114.695319,114.914069,458690,1494573
01/27/2012,114.890632,115.023444,114.828132,114.960944,420430,1502293
01/30/2012,114.953132,115.125007,114.953132,115.039069,489630,1469113
01/31/2012,115.031257,115.164069,114.906257,115.117194,458180,1477558
02/01/2012,115.132819,115.132819,114.992194,115.070319,379600,1469290
02/02/2012,115.070319,115.148444,115.007819,115.117194,600840,1450003
02/03/2012,115.117194,115.187507,114.765632,114.781257,312670,1464134
02/06/2012,114.867194,114.976569,114.812507,114.929694,463210,1478461
02/07/2012,114.906257,114.921882,114.609382,114.687507,389670,1464817
02/08/2012,114.656257,114.726569,114.578132,114.648444,526530,1467453
02/09/2012,114.609382,114.703132,114.382819,114.460944,436640,1455292
02/10/2012,114.484382,114.742194,114.476569,114.695319,332640,1443754
02/13/2012,114.585944,114.695319,114.492194,114.515632,459940,1444087
02/14/2012,114.531257,114.640632,114.476569,114.625007,550350,1436134
02/15/2012,114.578132,114.781257,114.500007,114.710944,620880,1431399
02/16/2012,114.718757,114.789069,114.281257,114.351569,527670,1400259
02/17/2012,114.375007,114.421882,114.164069,114.367194,513400,1400259
02/21/2012,114.328132,114.328132,114.093757,114.210944,658910,1404544
02/22/2012,114.171882,114.429694,114.101569,114.406257,1170700,1427496
02/23/2012,114.375007,114.445319,114.242194,114.390632,892190,1475411
02/24/2012,114.351569,114.453132,114.296882,114.335944,2008700,1460981
02/27/2012,114.343757,114.632819,114.304694,114.585944,1670700,1469488
02/28/2012,114.578132,114.718757,114.523444,114.648444,1088400,1437506
02/29/2012,114.617194,114.679694,114.304694,114.429694,833620,1414347
03/01/2012,114.515632,114.515632,114.195319,114.335944,548030,1400821
03/02/2012,114.382819,114.703132,114.335944,114.640632,425820,1383130
03/05/2012,114.648444,114.718757,114.445319,114.460944,482210,1360213
03/06/2012,114.453132,114.750007,114.437507,114.710944,403040,1377653
03/07/2012,114.718757,114.726569,114.531257,114.554694,415330,1380964
03/08/2012,114.531257,114.578132,114.351569,114.406257,508190,1376041
03/09/2012,114.390632,114.429694,114.039069,114.281257,304650,1375229
03/12/2012,114.265632,114.445319,114.218757,114.242194,532550,1375503
03/13/2012,114.234382,114.265632,113.835944,113.921882,870770,1380796
03/14/2012,113.875007,113.906257,113.109382,113.179694,867860,1420453
03/15/2012,113.234382,113.445319,112.890632,113.328132,577860,1435102
03/16/2012,113.320319,113.375007,112.968757,113.226569,627550,1426512
03/19/2012,113.226569,113.414069,112.812507,112.882819,619820,1425633
03/20/2012,112.835944,113.109382,112.679694,112.812507,518490,1415106
03/21/2012,112.875007,113.156257,112.789069,113.117194,554370,1411512
03/22/2012,113.101569,113.375007,113.023444,113.242194,383230,1414784
03/23/2012,113.210944,113.507819,113.148444,113.382819,388520,1415307
03/26/2012,113.359382,113.507819,113.171882,113.445319,461840,1387940
03/27/2012,113.445319,113.812507,113.382819,113.742194,534230,1380685
03/28/2012,113.750007,113.875007,113.625007,113.710944,495090,1386561
03/29/2012,113.695319,113.937507,113.648444,113.921882,565870,1355070
03/30/2012,113.914069,114.039069,113.617194,113.796882,443900,1307499
04/02/2012,113.757819,114.015632,113.601569,113.914069,551970,1289039
04/03/2012,113.937507,114.062507,113.421882,113.476569,592760,1274872
04/04/2012,113.429694,113.835944,113.406257,113.765632,470510,1266712
04/05/2012,113.812507,114.156257,113.750007,113.968757,218330,1264388
04/06/2012,113.953132,114.476569,113.875007,114.437507,327960,1278708
04/09/2012,114.507819,114.546882,114.375007,114.429694,612710,1280716
04/10/2012,114.406257,114.742194,114.359382,114.695319,476200,1307839
04/11/2012,114.687507,114.710944,114.476569,114.593757,423510,1292760
04/12/2012,114.570319,114.679694,114.492194,114.562507,370130,1299294
04/13/2012,114.554694,114.796882,114.546882,114.734382,362720,1304973
04/16/2012,114.757819,114.898444,114.679694,114.796882,438660,1303327
04/17/2012,114.765632,114.843757,114.632819,114.695319,360640,1307932
04/18/2012,114.718757,114.812507,114.648444,114.750007,386650,1307088
04/19/2012,114.765632,114.867194,114.695319,114.812507,298480,1323226
04/20/2012,114.765632,114.835944,114.679694,114.781257,310990,1318496
04/23/2012,114.796882,114.968757,114.781257,114.929694,357090,1316024
04/24/2012,114.914069,114.976569,114.765632,114.820319,560690,1321289
04/25/2012,114.781257,114.867194,114.578132,114.843757,472320,1327689
04/26/2012,114.843757,115.039069,114.804694,114.960944,366350,1355989
04/27/2012,115.023444,115.226569,114.945319,115.023444,331330,1368727
04/30/2012,115.031257,115.093757,114.984382,115.054694,284250,1329168
05/01/2012,115.054694,115.125007,114.929694,114.945319,290671,1323793
05/02/2012,115.000007,115.117194,114.898444,115.015632,326220,1320988
05/03/2012,114.992194,115.070319,114.890632,115.039069,400970,1338733
05/04/2012,115.023444,115.273444,114.914069,115.195319,214970,1353076
05/07/2012,115.210944,115.359382,115.187507,115.203132,418210,1349710
05/08/2012,115.210944,115.398444,115.171882,115.312507,556760,1369668
05/09/2012,115.296882,115.460944,115.281257,115.320319,464420,1399346
05/10/2012,115.328132,115.382819,115.179694,115.281257,297360,1408384
05/11/2012,115.375007,115.445319,115.328132,115.390632,435680,1399994
05/14/2012,115.382819,115.570319,115.382819,115.492194,489210,1417976
05/15/2012,115.531257,115.570319,115.382819,115.406257,496020,1408673
05/16/2012,115.445319,115.484382,115.234382,115.367194,484370,1417129
05/17/2012,115.359382,115.437507,115.242194,115.359382,457980,1415620
05/18/2012,115.351569,115.421882,115.234382,115.343757,394330,1409165
05/21/2012,115.265632,115.367194,115.140632,115.343757,559370,1421098
05/22/2012,115.320319,115.335944,115.132819,115.195319,893740,1423810
05/23/2012,115.257819,115.437507,115.117194,115.390632,1226800,1496460
05/24/2012,115.320319,115.414069,115.171882,115.265632,889070,1456194
05/25/2012,115.242194,115.367194,115.171882,115.304694,2223100,1363938
05/29/2012,115.273444,115.406257,115.195319,115.281257,1494000,1311759
05/30/2012,115.226569,115.718757,115.203132,115.679694,929920,1345329
05/31/2012,115.695319,115.960944,115.562507,115.742194,962494,1345329
06/01/2012,115.804694,116.171882,115.750007,115.953132,852119,1239534
06/04/2012,115.992194,116.031257,115.640632,115.656257,425160,1213204
06/05/2012,115.679694,115.804694,115.539069,115.718757,756960,1229067
06/06/2012,115.656257,115.757819,115.359382,115.414069,661950,1192157
06/07/2012,115.367194,115.515632,115.343757,115.476569,408810,1160096
06/08/2012,115.500007,115.765632,115.453132,115.484382,512370,1151711
06/11/2012,115.414069,115.671882,114.820319,115.593757,439320,1140105
06/12/2012,115.609382,115.664069,115.273444,115.320319,493330,1134244
06/13/2012,115.335944,115.562507,115.234382,115.531257,459750,1128733
06/14/2012,115.531257,115.617194,115.351569,115.468757,399450,1118413
06/15/2012,115.367194,115.742194,115.367194,115.703132,404040,1127207
06/18/2012,115.523444,115.773444,115.468757,115.664069,431100,1126064
06/19/2012,115.679694,115.757819,115.476569,115.578132,642670,1115987
06/20/2012,115.546882,115.609382,115.117194,115.343757,500940,1134500
06/21/2012,115.273444,115.531257,115.273444,115.437507,352040,934056
06/22/2012,115.414069,115.468757,115.281257,115.328132,311860,1125302
06/25/2012,115.320319,115.593757,115.304694,115.570319,374030,1133497
06/26/2012,115.570319,115.593757,115.414069,115.507819,397620,1139532
06/27/2012,115.507819,115.578132,115.445319,115.554694,477000,1162228
06/28/2012,115.539069,115.796882,115.507819,115.734382,487707,1162228
06/29/2012,115.742194,115.789069,115.375007,115.523444,467867,1154932
07/02/2012,115.546882,115.914069,115.515632,115.835944,259230,1146114
07/03/2012,115.796882,115.859382,115.632819,115.664069,373300,1138505
07/05/2012,115.656257,115.859382,115.640632,115.789069,317000,1123633
07/06/2012,115.781257,116.023444,115.757819,115.953132,203600,1116819
07/09/2012,115.968757,116.070319,115.960944,116.031257,250550,1130080
07/10/2012,116.000007,116.070319,115.968757,116.054694,391230,1132696
07/11/2012,116.046882,116.140632,115.937507,116.015632,323870,1135440
07/12/2012,115.953132,116.085944,115.945319,116.031257,257560,1151187
07/13/2012,116.039069,116.085944,115.929694,116.031257,350040,1148159
07/16/2012,116.078132,116.304694,116.046882,116.218757,330010,1149350
07/17/2012,116.195319,116.265632,116.070319,116.101569,241160,1133638
07/18/2012,116.085944,116.250007,116.031257,116.242194,323640,1132556
07/19/2012,116.187507,116.281257,116.140632,116.164069,261880,1139257
07/20/2012,116.179694,116.375007,116.171882,116.335944,361470,1151025
07/23/2012,116.328132,116.492194,116.328132,116.429694,335560,1143137
07/24/2012,116.429694,116.531257,116.320319,116.468757,337770,1135700
07/25/2012,116.500007,116.554694,116.367194,116.476569,330280,1164522
07/26/2012,116.476569,116.507819,116.351569,116.406257,563060,1173270
07/27/2012,116.351569,116.367194,115.921882,116.031257,348420,1160886
07/30/2012,116.078132,116.289069,116.007819,116.257819,452260,1181770
07/31/2012,116.265632,116.437507,116.234382,116.335944,433800,1174916
08/01/2012,116.414069,116.429694,116.085944,116.101569,528800,1167825
08/02/2012,116.140632,116.414069,116.031257,116.250007,442740,1157238
08/03/2012,116.234382,116.281257,115.906257,115.937507,275680,1172950
08/06/2012,115.960944,116.148444,115.906257,116.085944,423790,1172221
08/07/2012,116.039069,116.078132,115.757819,115.828132,355370,1188509
08/08/2012,115.820319,115.921882,115.679694,115.750007,391940,1200199
08/09/2012,115.703132,115.789069,115.585944,115.734382,253060,1210693
08/10/2012,115.718757,115.921882,115.710944,115.898444,215220,1220938
08/13/2012,115.835944,115.960944,115.765632,115.882819,355780,1224194
08/14/2012,115.859382,115.882819,115.632819,115.679694,455400,1207505
08/15/2012,115.640632,115.687507,115.406257,115.453132,481770,1211614
08/16/2012,115.421882,115.484382,115.250007,115.359382,290080,1226802
08/17/2012,115.367194,115.507819,115.351569,115.429694,290040,1248175
08/20/2012,115.445319,115.531257,115.289069,115.484382,417900,1258669
08/21/2012,115.507819,115.570319,115.343757,115.492194,588710,1262669
08/22/2012,115.523444,115.968757,115.515632,115.875007,614040,1267791
08/23/2012,115.953132,116.093757,115.867194,115.992194,594180,1279915
08/24/2012,115.921881,116.078131,115.898444,115.921881,674610,1284789
08/27/2012,115.921881,116.054694,115.875006,116.023444,1320400,1290651
08/28/2012,116.125006,116.132819,115.992194,116.070319,1575800,1296213
08/29/2012,116.046881,116.101569,115.945319,116.031256,1203200,1274415
08/30/2012,116.054694,116.281256,116.039069,116.250006,1026500,1321720
08/31/2012,116.265631,116.617194,116.117194,116.570319,765020,1290313
09/04/2012,116.625006,116.632819,116.406256,116.437506,510380,1264148
09/05/2012,116.460944,116.585944,116.414069,116.453131,630090,1267999
09/06/2012,116.429694,116.468756,116.101569,116.140631,717580,1231885
09/07/2012,116.109381,116.531256,115.906256,116.335944,394770,1247997
09/10/2012,116.304694,116.429694,116.226569,116.250006,373710,1250805
09/11/2012,116.320319,116.375006,116.218756,116.234381,583190,1256658
09/12/2012,116.226569,116.281256,116.054694,116.093756,844620,1251099
09/13/2012,116.109381,116.437506,115.851569,116.312506,773110,1249742
09/14/2012,116.343756,116.343756,115.976569,116.023444,335270,1287846
09/17/2012,116.007819,116.140631,115.968756,116.007819,416040,1290298
09/18/2012,115.984381,116.218756,115.953131,116.078131,427910,1296683
09/19/2012,116.070319,116.203131,116.039069,116.125006,574970,1325577
09/20/2012,116.148444,116.312506,116.101569,116.125006,433080,1368053
09/21/2012,116.125006,116.296881,116.070319,116.250006,394880,1400383
09/24/2012,116.226569,116.375006,116.218756,116.304694,430380,1412506
09/25/2012,116.335944,116.382819,116.203131,116.359381,542250,1440242
09/26/2012,116.375006,116.562506,116.328131,116.539069,489830,1485407
09/27/2012,116.515631,116.539069,116.437506,116.507819,582110,1501386
09/28/2012,116.500006,116.656256,116.468756,116.539069,418501,1457752
10/01/2012,116.531256,116.625006,116.468756,116.570319,271800,1442665
10/02/2012,116.570319,116.617194,116.507819,116.609381,292270,1445346
10/03/2012,116.609381,116.679694,116.570319,116.664069,338950,1456276
10/04/2012,116.671881,116.679694,116.515631,116.554694,429440,1437873
10/05/2012,116.531256,116.570319,116.328131,116.367194,108660,1430022
10/08/2012,116.367194,116.585944,116.359381,116.562506,360350,1439133
10/09/2012,116.539069,116.554694,116.343756,116.375006,344810,1426134
10/10/2012,116.382819,116.453131,116.273444,116.382819,441400,1426203
10/11/2012,116.445319,116.468756,116.234381,116.375006,339150,1433238
10/12/2012,116.382819,116.468756,116.335944,116.390631,243420,1441817
10/15/2012,116.398444,116.429694,116.296881,116.406256,422260,1433036
10/16/2012,116.414069,116.421881,116.210944,116.250006,613140,1412528
10/17/2012,116.226569,116.242194,115.812506,115.835944,588280,1402293
10/18/2012,115.804694,115.921881,115.742194,115.796881,507190,1387103
10/19/2012,115.757819,115.945319,115.750006,115.906256,426650,1381079
10/22/2012,115.875006,115.906256,115.710944,115.781256,450058,1381079
10/23/2012,115.710944,115.914069,115.710944,115.882819,489730,1358525
10/24/2012,115.882819,115.984381,115.796881,115.953131,627000,1351905
10/25/2012,115.890631,115.906256,115.609381,115.679694,462630,1346302
10/26/2012,115.648444,115.992194,115.601569,115.960944,159640,1342365
10/29/2012,116.000006,116.070319,115.937506,116.031256,133640,1337778
10/30/2012,116.031256,116.125006,115.820319,115.906256,498560,1337485
10/31/2012,115.906256,116.171881,115.835944,116.156256,501640,1339065
11/01/2012,116.132819,116.179694,116.031256,116.148444,385770,1351025
11/02/2012,116.078131,116.187506,115.835944,116.140631,447900,1341132
11/05/2012,116.179694,116.335944,116.148444,116.289069,364255,1346777
11/06/2012,116.250006,116.289069,115.976569,116.031256,454538,1347859
11/07/2012,115.992194,116.531256,115.992194,116.460944,745167,1362041
11/08/2012,116.390631,116.585944,116.367194,116.546881,489339,1371558
11/09/2012,116.554694,116.656256,116.484381,116.578131,542888,1309370
11/12/2012,116.562506,116.640631,116.515631,116.601569,121996,1385232
11/13/2012,116.609381,116.687506,116.546881,116.679694,431366,1442795
11/14/2012,116.640631,116.695319,116.523444,116.671881,475348,1467803
11/15/2012,116.640631,116.718756,116.609381,116.679694,452893,1488857
11/16/2012,116.671881,116.789069,116.632819,116.742194,577588,1513384
11/19/2012,116.726569,116.734381,116.593756,116.640631,357506,1532579
11/20/2012,116.664069,116.679694,116.468756,116.515631,565265,1512595
11/21/2012,116.484381,116.546881,116.359381,116.390631,504511,1520718
11/23/2012,116.367194,116.437506,116.335944,116.359381,243586,1508141
11/26/2012,116.367194,116.523444,116.320319,116.484381,1043076,1532800
11/27/2012,116.468756,116.593756,116.398444,116.562506,1488611,1598721
11/28/2012,116.570319,116.710944,116.570319,116.695319,2364147,1614994
11/29/2012,116.656256,116.734381,116.593756,116.710944,1297104,1549200
11/30/2012,116.718756,116.804694,116.664069,116.796881,615782,1520365
12/03/2012,116.781256,116.804694,116.640631,116.718756,453034,1523956
12/04/2012,116.734381,116.804694,116.671881,116.742194,376106,1521475
12/05/2012,116.750006,116.882819,116.710944,116.828131,485673,1523622
12/06/2012,116.835944,116.906256,116.789069,116.851569,399885,1505176
12/07/2012,116.843756,116.906256,116.695319,116.765631,539059,1490095
12/10/2012,116.773444,116.882819,116.750006,116.789069,246603,1484434
12/11/2012,116.765631,116.812506,116.648444,116.718756,372812,1484349
12/12/2012,116.695319,116.765631,116.593756,116.664069,640202,1491309
12/13/2012,116.656256,116.726569,116.406256,116.453131,732163,1473028
12/14/2012,116.414069,116.523444,116.367194,116.460944,473225,1468877
12/17/2012,116.453131,116.453131,116.226569,116.281256,463035,1456439
12/18/2012,116.234381,116.273444,116.023444,116.078131,709715,1461674
12/19/2012,116.101569,116.242194,116.031256,116.164069,627563,1497285
12/20/2012,116.164069,116.273444,116.125006,116.156256,493718,1515431
12/21/2012,116.132819,116.375006,116.093756,116.281256,420121,1533378
12/24/2012,116.218756,116.312506,116.179694,116.203131,94481,1540413
12/26/2012,116.210944,116.312506,116.171881,116.250006,113129,1549325
12/27/2012,116.250006,116.484381,116.171881,116.453131,385908,1544523
12/28/2012,116.367194,116.531256,116.351569,116.476569,267818,1551727
12/31/2012,116.468756,116.539069,116.210944,116.492194,254069,1506887
01/02/2013,116.140631,116.312506,116.101569,116.265631,474143,1514127
01/03/2013,116.242194,116.312506,115.953131,116.023444,674873,1498675
01/04/2013,115.960944,116.015631,115.773444,115.968756,721447,1512384
01/07/2013,115.984381,116.078131,115.945319,115.984381,360774,1527248
01/08/2013,116.000006,116.140631,115.960944,116.109381,427773,1511744
01/09/2013,116.093756,116.265631,116.046881,116.242194,566607,1550242
01/10/2013,116.203131,116.210944,116.054694,116.093756,572129,1563959
01/11/2013,116.078131,116.187506,115.968756,116.140631,563657,1551728
01/14/2013,116.140631,116.281256,116.132819,116.210944,410416,1541028
01/15/2013,116.234381,116.375006,116.203131,116.320319,468308,1544548
01/16/2013,116.304694,116.414069,116.289069,116.343756,403150,1560402
01/17/2013,116.351569,116.406256,116.054694,116.101569,665571,1543081
01/18/2013,116.085944,116.265631,116.000006,116.234381,376566,1542786
01/22/2013,116.218756,116.335944,116.117194,116.304694,483252,1537756
01/23/2013,116.265631,116.390631,116.250006,116.296881,397661,1531906
01/24/2013,116.335944,116.398444,116.140631,116.265631,576830,1518834
01/25/2013,116.226569,116.234381,115.796881,115.828131,849376,1523110
01/28/2013,115.804694,115.851569,115.585944,115.695319,766492,1498352
01/29/2013,115.734381,115.820319,115.648444,115.734381,738077,1518520
01/30/2013,115.695319,115.851569,115.601569,115.773444,873868,1554003
01/31/2013,115.804694,115.953131,115.757819,115.812506,835304,1537830
02/01/2013,115.781256,116.125006,115.703131,115.843756,1143202,1566379
02/04/2013,115.812506,116.109381,115.648444,116.000006,695004,1580499
02/05/2013,116.031256,116.046881,115.820319,115.851569,549767,1566469
02/06/2013,115.898444,116.062506,115.859381,116.031256,635175,1576243
02/07/2013,116.039069,116.156256,115.921881,116.085944,660750,1572959
02/08/2013,116.054694,116.156256,115.929694,116.078131,460818,1578307
02/11/2013,116.070319,116.093756,115.945319,116.023444,346738,1587739
02/12/2013,115.984381,116.031256,115.859381,115.890631,521286,1594441
02/13/2013,115.890631,115.921881,115.679694,115.734381,651808,1616612
02/14/2013,115.710944,115.960944,115.687506,115.945319,754064,1624626
02/15/2013,115.945319,116.015631,115.789069,115.898444,526834,1602903
02/19/2013,115.882819,115.968756,115.804694,115.828131,478701,1634321
02/20/2013,115.812506,115.945319,115.757819,115.906256,813678,1649300
02/21/2013,115.945319,116.140631,115.890631,116.046881,981287,1678398
02/22/2013,116.039069,116.117194,115.968756,116.109381,1219572,1676771
02/25/2013,116.093756,116.460944,116.007819,116.367194,2386538,1725839
02/26/2013,116.421881,116.554694,116.375006,116.453131,2898339,1856633
02/27/2013,116.445319,116.585944,116.429694,116.453131,1955319,1876175
02/28/2013,116.437506,116.578131,116.429694,116.515631,1071572,1855715
03/01/2013,116.531256,116.664069,116.500006,116.609381,755440,1841298
03/04/2013,116.648444,116.703131,116.531256,116.539069,501675,1784093
03/05/2013,116.546881,116.578131,116.414069,116.460944,518417,1783542
03/06/2013,116.445319,116.468756,116.289069,116.312506,510181,1757792
03/07/2013,116.320319,116.367194,116.046881,116.070319,628464,1710637
03/08/2013,116.062506,116.085944,115.718756,115.867194,934381,1685942
03/11/2013,115.937506,115.945319,115.812506,115.867194,366140,1667962
03/12/2013,115.875006,116.015631,115.796881,115.992194,445132,1660322
03/13/2013,115.984381,116.070319,115.875006,115.960944,596099,1673230
03/14/2013,115.960944,116.007819,115.804694,115.960944,604166,1689039
03/15/2013,115.976569,116.234381,115.906256,116.179694,569381,1693255
03/18/2013,116.281256,116.523444,116.265631,116.296881,593819,1688430
03/19/2013,116.320319,116.523444,116.257819,116.437506,756084,1690194
03/20/2013,116.445319,116.507819,116.273444,116.398444,645245,1715227
03/21/2013,116.304694,116.437506,116.296881,116.351569,555852,1724729
03/22/2013,116.414069,116.468756,116.296881,116.398444,433733,1732923
03/25/2013,116.359381,116.484381,116.203131,116.414069,572195,1734997
03/26/2013,116.398444,116.507819,116.296881,116.492194,598377,1781608
03/27/2013,116.492194,116.750006,116.468756,116.687506,779402,1833862
03/28/2013,116.687506,116.804694,116.562506,116.585944,606193,1822470
04/01/2013,116.507819,116.757819,116.453131,116.687506,366801,1835359
04/02/2013,116.718756,116.742194,116.578131,116.632819,415313,1817572
04/03/2013,116.632819,116.890631,116.554694,116.843756,604801,1835734
04/04/2013,116.859381,117.039069,116.804694,117.000006,723182,1842947
04/05/2013,116.984381,117.164069,116.898444,117.054694,709747,1818530
04/08/2013,116.984381,117.046881,116.914069,116.968756,474440,1815590
04/09/2013,116.945319,117.039069,116.890631,116.976569,454023,1818121
04/10/2013,116.984381,117.000006,116.765631,116.804694,556001,1814413
04/11/2013,116.804694,116.906256,116.750006,116.843756,490619,1814370
04/12/2013,116.843756,117.046881,116.835944,117.015631,435407,1838079
04/15/2013,117.031256,117.117194,116.968756,117.023444,549748,1838714
04/16/2013,117.070319,117.109381,116.929694,116.984381,458306,1865104
04/17/2013,116.976569,117.085944,116.937506,116.976569,547761,1850324
04/18/2013,116.984381,117.046881,116.929694,116.968756,572631,1861855
04/19/2013,116.953131,116.984381,116.890631,116.929694,419040,1840813
04/22/2013,116.906256,117.046881,116.843756,116.992194,435367,1852063
04/23/2013,117.000006,117.179694,116.945319,116.968756,667667,1836756
04/24/2013,116.953131,117.046881,116.906256,117.023444,450856,1854242
04/25/2013,117.000006,117.031256,116.929694,117.007819,387750,1869099
04/26/2013,117.007819,117.171881,117.000006,117.148444,307660,1911937
04/29/2013,117.132819,117.195319,117.117194,117.179694,308396,1904894
04/30/2013,117.164069,117.312506,117.148444,117.171881,596100,1909627
05/01/2013,117.164069,117.367194,117.125006,117.281256,433048,1924532
05/02/2013,117.289069,117.343756,117.210944,117.304694,431047,1923722
05/03/2013,117.304694,117.320319,116.898444,116.945319,887996,1897311
05/06/2013,116.984381,116.984381,116.843756,116.859381,365269,1888893
05/07/2013,116.914069,116.945319,116.804694,116.835944,379333,1877284
05/08/2013,116.843756,116.914069,116.773444,116.875006,490498,1888277
05/09/2013,116.859381,116.960944,116.820319,116.843756,638335,1878932
05/10/2013,116.820319,116.843756,116.453131,116.523444,907467,1839742
05/13/2013,116.492194,116.585944,116.390631,116.492194,639335,1828002
05/14/2013,116.500006,116.578131,116.296881,116.398444,645046,1794835
05/15/2013,116.328131,116.523444,116.281256,116.445319,734966,1799271
05/16/2013,116.460944,116.742194,116.406256,116.710944,724293,1795223
05/17/2013,116.617194,116.718756,116.390631,116.460944,737540,1787192
05/20/2013,116.468756,116.570319,116.359381,116.437506,703560,1797749
05/21/2013,116.445319,116.539069,116.312506,116.468756,886029,1813570
05/22/2013,116.507819,116.703131,116.125006,116.164069,1676931,1847548
05/23/2013,116.140631,116.367194,115.992194,116.156256,1401735,1850629
05/24/2013,116.164068,116.296881,116.117193,116.210943,961908,1864924
05/28/2013,116.148443,116.210943,115.500006,115.648443,2863943,1880190
05/29/2013,115.523443,115.656256,115.164068,115.593756,3410207,1845787
05/30/2013,115.640631,115.726568,115.445318,115.617193,2166732,1780450
05/31/2013,115.640631,115.851568,115.234381,115.437506,1829223,1723591
06/03/2013,115.507818,115.804693,115.281256,115.539068,1101239,1693912
06/04/2013,115.617193,115.640631,115.390631,115.460943,651395,1666325
06/05/2013,115.414068,115.664068,115.382818,115.554693,794638,1652921
06/06/2013,115.570318,115.992193,115.453131,115.632818,855466,1644418
06/07/2013,115.617193,115.804693,115.171881,115.234381,944535,1620020
06/10/2013,115.234381,115.296881,114.960943,115.046881,1139700,1640045
06/11/2013,115.078131,115.187506,114.656256,115.117193,1144400,1529967
06/12/2013,115.148443,115.218756,114.921881,114.976568,706494,1471498
06/13/2013,114.960943,115.468756,114.921881,115.210943,868613,1511186
06/14/2013,115.406256,115.718756,115.406256,115.625006,721588,1465041
06/17/2013,115.570318,115.726568,115.453131,115.523443,504042,1465173
06/18/2013,115.460943,115.562506,115.335943,115.507818,570672,1442088
06/19/2013,115.476568,115.593756,114.390631,114.648443,978319,1453318
06/20/2013,114.570318,114.593756,114.023443,114.234381,1153495,1447436
06/21/2013,114.250006,114.421881,113.601568,113.734381,957209,1466057
06/24/2013,113.765631,113.765631,113.015631,113.570318,1022947,1475791
06/25/2013,113.585943,113.906256,113.343756,113.468756,890727,1467944
06/26/2013,113.398443,113.898443,113.257818,113.718756,854095,1520121
06/27/2013,113.765631,114.117193,113.679693,114.046881,744917,1531232
06/28/2013,114.070318,114.265631,113.703131,114.070318,795049,1535211
07/01/2013,113.960943,114.132818,113.734381,114.031256,460192,1542994
07/02/2013,114.078131,114.195318,113.976568,114.101568,435829,1535489
07/03/2013,114.101568,114.367193,113.789068,113.929693,431269,1525802
07/05/2013,113.804693,114.148443,112.976568,113.054693,924809,1529532
07/08/2013,113.039068,113.562506,112.875006,113.515631,524429,1518012
07/09/2013,113.539068,113.679693,113.421881,113.617193,460515,1534770
07/10/2013,113.593756,113.804693,113.421881,113.507818,623699,1558375
07/11/2013,113.937506,114.187506,113.898443,114.109381,757336,1566446
07/12/2013,114.093756,114.351568,113.898443,113.914068,517842,1553697
07/15/2013,113.945318,114.203131,113.789068,114.117193,387920,1567072
07/16/2013,114.187506,114.304693,114.101568,114.234381,478611,1586558
07/17/2013,114.210943,114.687506,114.125006,114.500006,628532,1592719
07/18/2013,114.492193,114.671881,114.367193,114.437506,595185,1662912
07/19/2013,114.484381,114.632818,114.382818,114.601568,329774,1642683
07/22/2013,114.601568,114.726568,114.515631,114.570318,421949,1633072
07/23/2013,114.617193,114.625006,114.406256,114.531256,455087,1613914
07/24/2013,114.562506,114.562506,114.140631,114.273443,753519,1623389
07/25/2013,114.265631,114.476568,114.109381,114.226568,597504,1615474
07/26/2013,114.429693,114.539068,114.351568,114.523443,406442,1609914
07/29/2013,114.476568,114.578131,114.359381,114.445318,362711,1617118
07/30/2013,114.390631,114.507818,114.343756,114.375006,387156,1617332
07/31/2013,114.382818,114.468756,113.906256,114.390631,823050,1609311
08/01/2013,114.414068,114.445318,113.867193,113.867193,702352,1628511
08/02/2013,113.945318,114.585943,113.750006,114.570318,803852,1633231
08/05/2013,114.546881,114.578131,114.328131,114.406256,405750,1629859
08/06/2013,114.437506,114.492193,114.328131,114.414068,422702,1631852
08/07/2013,114.398443,114.570318,114.390631,114.500006,404118,1626718
08/08/2013,114.484381,114.625006,114.460943,114.554693,472108,1613050
08/09/2013,114.539068,114.601568,114.460943,114.554693,335587,1598598
08/12/2013,114.546881,114.671881,114.421881,114.484381,363082,1607487
08/13/2013,114.429693,114.437506,113.953131,114.023443,614583,1632710
08/14/2013,114.023443,114.156256,113.968756,114.062506,389262,1633914
08/15/2013,114.054693,114.109381,113.531256,113.835943,820108,1658883
08/16/2013,113.820318,113.859381,113.414068,113.625006,596141,1670192
08/19/2013,113.671881,113.671881,113.375006,113.445318,541606,1679497
08/20/2013,113.460943,113.781256,113.460943,113.734381,666025,1680508
08/21/2013,113.710943,113.765631,113.257818,113.429693,791901,1693801
08/22/2013,113.304693,113.312506,112.960943,113.039068,898086,1699321
08/23/2013,113.085943,113.406256,112.843756,113.273443,1282817,1669419
08/26/2013,113.312506,113.523443,113.250006,113.421881,1367959,1683444
08/27/2013,113.476568,113.875006,113.414068,113.789068,1685255,1650868
08/28/2013,113.789068,113.843756,113.468756,113.531256,2098931,1617870
08/29/2013,113.593756,113.703131,113.289068,113.648443,1461744,1586340
08/30/2013,113.593756,113.710943,113.460943,113.640631,897916,1574999
09/03/2013,113.414068,113.429693,112.960943,113.296881,1105520,1581220
09/04/2013,113.281256,113.320318,112.859381,112.921881,693955,1600277
09/05/2013,112.914068,112.921881,112.320318,112.421881,961798,1609237
09/06/2013,112.328131,113.210943,112.273443,112.789068,910960,1611502
09/09/2013,112.835943,113.195318,112.789068,113.148443,580353,1614117
09/10/2013,113.039068,113.078131,112.781256,112.859381,584502,1637320
09/11/2013,112.804693,113.195318,112.781256,113.164068,839516,1697109
09/12/2013,113.156256,113.398443,113.109381,113.164068,530395,1691435
09/13/2013,113.101568,113.265631,112.835943,113.164068,540569,1705625
09/16/2013,113.531256,114.117193,113.531256,113.554693,819070,1709302
09/17/2013,113.601568,113.789068,113.570318,113.664068,558276,1705040
09/18/2013,113.664068,114.710943,113.398443,114.562506,1115839,1688624
09/19/2013,114.546881,114.812506,114.265631,114.367193,777301,1695539
09/20/2013,114.257818,114.484381,114.179693,114.367193,506539,1679478
09/23/2013,114.343756,114.539068,114.218756,114.437506,363451,1677065
09/24/2013,114.492193,114.742193,114.476568,114.656256,523300,1698197
09/25/2013,114.585943,114.859381,114.570318,114.843756,516088,1700477
09/26/2013,114.765631,114.835943,114.656256,114.773443,476018,1690924
09/27/2013,114.734381,115.015631,114.656256,114.937506,462669,1688509
09/30/2013,115.015631,115.140631,114.820318,115.007818,592719,1689577
10/01/2013,115.023443,115.046881,114.796881,114.835943,564353,1674250
10/02/2013,114.781256,115.140631,114.750006,115.023443,527634,1692096
10/03/2013,115.054693,115.265631,114.898443,115.132818,492892,1679672
10/04/2013,115.179693,115.187506,114.867193,114.921881,370634,1681216
10/07/2013,114.968756,115.125006,114.906256,114.921881,290008,1676272
10/08/2013,114.929693,115.039068,114.757818,114.828131,455542,1713260
10/09/2013,114.804693,115.023443,114.734381,114.898443,491483,1706106
10/10/2013,114.828131,114.898443,114.617193,114.843756,648961,1724188
10/11/2013,114.882818,115.070318,114.828131,114.968756,75477,1753228
10/14/2013,115.085943,115.085943,114.718756,114.804693,430920,1749788
10/15/2013,114.757818,114.960943,114.726568,114.882818,432006,1746144
10/16/2013,114.875006,115.093756,114.679693,115.070318,552053,1742398
10/17/2013,115.078131,115.445318,115.070318,115.406256,539304,1770826
10/18/2013,115.328131,115.546881,115.312506,115.335943,470247,1754239
10/21/2013,115.320318,115.390631,115.195318,115.257818,289986,1750339
10/22/2013,115.257818,115.625006,115.234381,115.609381,543025,1734258
10/23/2013,115.593756,115.742193,115.546881,115.632818,488231,1762980
10/24/2013,115.554693,115.687506,115.492193,115.507818,429733,1763991
10/25/2013,115.531256,115.679693,115.500006,115.640631,282377,1772816
10/28/2013,115.640631,115.687506,115.523443,115.656256,290853,1788292
10/29/2013,115.609381,115.742193,115.585943,115.726568,385044,1816511
10/30/2013,115.718756,115.914068,115.515631,115.640631,558320,1838494
10/31/2013,115.609381,115.796881,115.468756,115.648443,633997,1849283
11/01/2013,115.570318,115.593756,115.351568,115.398443,529150,1854371
11/04/2013,115.375006,115.554693,115.343756,115.507818,288258,1852455
11/05/2013,115.476568,115.531256,115.265631,115.390631,572339,1872456
11/06/2013,115.382818,115.734381,115.375006,115.625006,637285,1908683
11/07/2013,115.609381,115.937506,115.609381,115.742193,725516,1928862
11/08/2013,115.757818,116.125006,115.070318,115.289068,768598,1917443
11/11/2013,115.281256,115.382818,115.218756,115.234381,80437,1911973
11/12/2013,115.226568,115.281256,115.054693,115.109381,475966,1903736
11/13/2013,115.117193,115.640631,115.109381,115.382818,528405,1924733
11/14/2013,115.601568,115.734381,115.468756,115.679693,695153,1959366
11/15/2013,115.687506,115.718756,115.546881,115.640631,426376,1998658
11/18/2013,115.617193,115.843756,115.593756,115.765631,391844,2022974
11/19/2013,115.781256,115.820318,115.570318,115.585943,577248,2029502
11/20/2013,115.585943,115.820318,115.476568,115.585943,1152178,2037478
11/21/2013,115.546881,115.710943,115.382818,115.609381,1148553,2053928
11/22/2013,115.609381,115.679693,115.523443,115.648443,1051378,2055487
11/25/2013,115.671881,115.750006,115.554693,115.718756,1804516,2079981
11/26/2013,115.765631,115.929693,115.656256,115.921881,2402635,2041788
11/27/2013,115.898443,115.906256,115.593756,115.812506,1706549,2017774
11/29/2013,115.765631,115.781256,115.601568,115.757818,435065,2007436
12/02/2013,115.687506,115.742193,115.398443,115.484381,861753,1983204
12/03/2013,115.515631,115.679693,115.445318,115.640631,616398,1959228
12/04/2013,115.625006,115.632818,115.281256,115.367193,813353,1935786
12/05/2013,115.382818,115.429693,115.125006,115.187506,599234,1919720
12/06/2013,115.140631,115.234381,114.828131,115.046881,942809,1894067
12/09/2013,115.085943,115.218756,115.015631,115.085943,434054,1867124
12/10/2013,115.148443,115.359381,115.117193,115.328131,430317,1851254
12/11/2013,115.281256,115.312506,115.062506,115.140631,386619,1844716
12/12/2013,115.070318,115.125006,114.851568,114.921881,606153,1837329
12/13/2013,114.906256,114.992193,114.812506,114.914068,413388,1809282
12/16/2013,114.929693,115.031256,114.882818,114.929693,341233,1785263
12/17/2013,114.906256,115.140631,114.898443,115.117193,405685,1761766
12/18/2013,115.109381,115.296881,114.617193,115.054693,806830,1785897
12/19/2013,114.914068,114.945318,114.398443,114.585943,962193,1854032
12/20/2013,114.625006,114.625006,114.242193,114.453131,602946,1867818
12/23/2013,114.429693,114.468756,114.234381,114.351568,274030,1870337
12/24/2013,114.320318,114.414068,114.062506,114.093756,135344,1877322
12/26/2013,114.101568,114.132818,114.039068,114.093756,83798,1868711
12/27/2013,114.085943,114.250006,114.023443,114.101568,310196,1869111
12/30/2013,114.132818,114.281256,114.046881,114.242193,269187,1870321
12/31/2013,114.257818,114.273443,114.046881,114.148443,246713,1854459
01/02/2014,114.125006,114.281256,114.078131,114.242193,344463,1856832
01/03/2014,114.210943,114.328131,114.125006,114.187506,385391,1867811
01/06/2014,114.140631,114.406256,114.023443,114.343756,430303,1875185
01/07/2014,114.351568,114.453131,114.320318,114.453131,431818,1896310
01/08/2014,114.414068,114.414068,113.945318,114.000006,680545,1942565
01/09/2014,114.007818,114.140631,113.921881,114.085943,688528,1945749
01/10/2014,114.046881,114.718756,114.023443,114.687506,906193,1939481
01/13/2014,114.648443,114.898443,114.648443,114.843756,455787,1948088
01/14/2014,114.828131,114.851568,114.554693,114.585943,461092,1950844
01/15/2014,114.570318,114.648443,114.312506,114.445318,545968,1967936
01/16/2014,114.437506,114.648443,114.406256,114.593756,484494,1957303
01/17/2014,114.601568,114.750006,114.546881,114.664068,449192,1964426
01/21/2014,114.671881,114.773443,114.421881,114.609381,498803,1963679
01/22/2014,114.570318,114.601568,114.304693,114.359381,506031,1984335
01/23/2014,114.320318,115.000006,114.289068,114.890631,915834,1985829
01/24/2014,114.828131,115.437506,114.796881,115.015631,949181,1953986
01/27/2014,115.117193,115.171881,114.890631,114.914068,757155,1968809
01/28/2014,114.992193,115.148443,114.789068,115.085943,625882,1961650
01/29/2014,114.953131,115.468756,114.859381,115.390631,954555,1956750
01/30/2014,115.328131,115.359381,115.132818,115.312506,793319,1924434
01/31/2014,115.296881,115.578131,115.257818,115.460943,817088,1922125
02/03/2014,115.484381,115.835943,115.414068,115.804693,769226,1919098
02/04/2014,115.773443,115.820318,115.648443,115.710943,630343,1932478
02/05/2014,115.664068,115.929693,115.546881,115.593756,744999,1915803
02/06/2014,115.585943,115.625006,115.414068,115.484381,549708,1912026
02/07/2014,115.468756,115.890631,115.289068,115.750006,878739,1951651
02/10/2014,115.695318,115.828131,115.656256,115.671881,385168,1942727
02/11/2014,115.679693,115.695318,115.375006,115.437506,568185,1970055
02/12/2014,115.390631,115.445318,115.179693,115.250006,511367,1975490
02/13/2014,115.273443,115.593756,115.265631,115.570318,554096,2017787
02/14/2014,115.562506,115.679693,115.429693,115.484381,447128,2034538
02/18/2014,115.484381,115.757818,115.398443,115.703131,427430,2055110
02/19/2014,115.695318,115.867193,115.507818,115.539068,613327,2029548
02/20/2014,115.523443,115.742193,115.289068,115.398443,879904,2010216
02/21/2014,115.406256,115.484381,115.265631,115.460943,653450,2002161
02/24/2014,115.429693,115.546880,115.304693,115.398443,1226371,2033630
02/25/2014,115.429693,115.640630,115.398443,115.601568,1839719,2153900
02/26/2014,115.578130,115.789068,115.500005,115.742193,2565366,2116434
02/27/2014,115.765630,115.921880,115.718755,115.851568,2567975,2065276
02/28/2014,115.843755,115.890630,115.507818,115.734380,1209459,2008303
03/03/2014,116.015630,116.203130,115.765630,115.953130,991710,1999517
03/04/2014,115.968755,115.976568,115.578130,115.640630,768687,1944956
03/05/2014,115.601568,115.671880,115.437505,115.609380,667729,1933819
03/06/2014,115.578130,115.609380,115.375005,115.453130,532896,1920425
03/07/2014,115.468755,115.515630,114.960943,115.085943,928436,1935599
03/10/2014,115.125005,115.218755,115.023443,115.171880,521121,1934039
03/11/2014,115.164068,115.281255,115.093755,115.250005,543263,1915981
03/12/2014,115.218755,115.492193,115.203130,115.398443,619645,1905682
03/13/2014,115.375005,115.789068,115.179693,115.718755,1039444,1900835
03/14/2014,115.695318,115.921880,115.593755,115.718755,846353,1914712
03/17/2014,115.679693,115.734380,115.468755,115.484380,521871,1930156
03/18/2014,115.507818,115.664068,115.476568,115.609380,555321,1921154
03/19/2014,115.617193,115.664068,114.578130,114.828130,1211667,1953443
03/20/2014,114.781255,114.859380,114.625005,114.734380,1050478,2003697
03/21/2014,114.796880,114.828130,114.617193,114.703130,651884,1998759
03/24/2014,114.710943,114.718755,114.406255,114.609380,864403,2017288
03/25/2014,114.625005,114.773443,114.554693,114.695318,720533,2014031
03/26/2014,114.640630,115.000005,114.609380,114.921880,851509,1997164
03/27/2014,114.929693,114.968755,114.726568,114.914068,825916,1990392
03/28/2014,114.820318,114.914068,114.679693,114.765630,526074,1967050
03/31/2014,114.687505,114.890630,114.531255,114.828130,820123,2000779
04/01/2014,114.867193,114.875005,114.726568,114.773443,556203,1962418
04/02/2014,114.804693,114.812505,114.468755,114.500005,599879,1980005
04/03/2014,114.500005,114.601568,114.460943,114.515630,553318,1963485
04/04/2014,114.460943,114.968755,114.343755,114.937505,1036331,2010649
04/07/2014,114.929693,115.171880,114.921880,115.085943,610319,2023722
04/08/2014,115.039068,115.156255,114.976568,115.125005,584316,2045106
04/09/2014,115.085943,115.367193,114.906255,115.320318,773437,2067209
04/10/2014,115.328130,115.750005,115.320318,115.609380,988485,2062123
04/11/2014,115.515630,115.734380,115.453130,115.656255,694410,2020254
04/14/2014,115.664068,115.953130,115.406255,115.484380,569686,2027326
04/15/2014,115.421880,115.562505,115.296880,115.398443,707267,2019496
04/16/2014,115.390630,115.429693,115.187505,115.226568,724438,2029633
04/17/2014,115.265630,115.359380,114.843755,114.882818,769687,2070979
04/21/2014,114.882818,115.031255,114.796880,114.937505,285008,2033139
04/22/2014,114.945318,115.023443,114.804693,114.828130,500640,2022393
04/23/2014,114.890630,115.148443,114.875005,115.015630,706312,2035573
04/24/2014,114.937505,115.093755,114.812505,115.000005,714257,2033321
04/25/2014,115.023443,115.234380,114.992193,115.054693,537651,2043225
04/28/2014,115.062505,115.164068,114.898443,115.101568,715810,2096493
04/29/2014,115.023443,115.062505,114.890630,115.023443,609772,2097086
04/30/2014,115.062505,115.343755,114.960943,115.328130,850953,2113892
05/01/2014,115.320318,115.523443,115.250005,115.453130,638853,2069785
05/02/2014,115.398443,115.523443,114.875005,115.335943,1346323,2077125
05/05/2014,115.382818,115.507818,115.289068,115.335943,442511,2063893
05/06/2014,115.335943,115.398443,115.242193,115.328130,533675,2062110
05/07/2014,115.320318,115.562505,115.210943,115.515630,833115,2079971
05/08/2014,115.460943,115.679693,115.414068,115.671880,760881,2079155
05/09/2014,115.625005,115.718755,115.570318,115.656255,484501,2092586
05/12/2014,115.617193,115.632818,115.460943,115.515630,391670,2118863
05/13/2014,115.492193,115.742193,115.437505,115.710943,539088,2152185
05/14/2014,115.718755,116.117193,115.679693,115.992193,798237,2145140
05/15/2014,115.937505,116.257818,115.789068,116.117193,1033788,2124673
05/16/2014,116.125005,116.171880,116.000005,116.070318,519419,2132115
05/19/2014,116.023443,116.265630,116.007818,116.125005,481665,2121378
05/20/2014,116.078130,116.335943,116.046880,116.296880,682052,2184214
05/21/2014,116.250005,116.367193,116.054693,116.210943,873347,2141364
05/22/2014,116.187505,116.218755,116.039068,116.078130,921134,2145623
05/23/2014,116.101568,116.257818,116.078130,116.218755,778279,2189786
05/27/2014,116.203130,116.242193,116.078130,116.218755,3006098,2199370
05/28/2014,116.218755,116.562505,116.210943,116.531255,2806502,2225825
05/29/2014,116.453130,116.671880,116.335943,116.437505,1718789,2136723
05/30/2014,116.359380,116.421880,116.218755,116.382818,883620,2109501
06/02/2014,116.320318,116.335943,115.976568,116.015630,810732,2080307
06/03/2014,116.046880,116.078130,115.789068,115.828130,732954,2043721
06/04/2014,115.804693,115.953130,115.718755,115.804693,665332,2010998
06/05/2014,115.843755,116.039068,115.679693,115.898443,775573,1988359
06/06/2014,115.906255,116.117193,115.734380,115.757818,828680,2030091
06/09/2014,115.781255,115.781255,115.531255,115.585943,487289,2062103
06/10/2014,115.609380,115.664068,115.414068,115.468755,545815,2077516
06/11/2014,115.437505,115.617193,115.367193,115.539068,607841,2070175
06/12/2014,115.523443,115.812505,115.421880,115.742193,693836,2075973
06/13/2014,115.578130,115.609380,115.328130,115.554693,707717,2080163
06/16/2014,115.562505,115.625005,115.468755,115.515630,428598,2079927
06/17/2014,115.515630,115.562505,115.234380,115.250005,745750,2113529
06/18/2014,115.250005,115.718755,115.187505,115.421880,970144,2102573
06/19/2014,115.640630,115.789068,115.453130,115.578130,790487,2104680
06/20/2014,115.617193,115.679693,115.414068,115.523443,471227,2103978
06/23/2014,115.601568,115.640630,115.468755,115.484380,384128,2117474
06/24/2014,115.484380,115.671880,115.445318,115.617193,608630,2122197
06/25/2014,115.664068,115.960943,115.609380,115.781255,713975,2093687
06/26/2014,115.757818,116.015630,115.695318,115.976568,646225,2067730
06/27/2014,115.937505,116.117193,115.937505,116.015630,475984,2038903
06/30/2014,116.023443,116.093755,115.937505,116.085943,512673,2019441
07/01/2014,116.054693,116.085943,115.882818,115.929693,452251,2035624
07/02/2014,115.906255,115.953130,115.632818,115.640630,671757,2033364
07/03/2014,115.671880,115.718755,115.250005,115.484380,760060,2053427
07/07/2014,115.421880,115.507818,115.312505,115.492193,393344,2075013
07/08/2014,115.492193,115.765630,115.445318,115.671880,590578,2088816
07/09/2014,115.687505,115.820318,115.390630,115.781255,800390,2118988
07/10/2014,115.789068,116.164068,115.773443,115.937505,989673,2110436
07/11/2014,115.906255,116.078130,115.835943,115.976568,436739,2112093
07/14/2014,115.984380,115.992193,115.789068,115.812505,320814,2132447
07/15/2014,115.828130,116.007818,115.640630,115.703130,865735,2151041
07/16/2014,115.718755,115.789068,115.593755,115.648443,490425,2158947
07/17/2014,115.687505,116.070318,115.679693,115.890630,842581,2185304
07/18/2014,116.031255,116.117193,115.765630,115.812505,573047,2161772
07/21/2014,115.765630,115.898443,115.710943,115.718755,487193,2162532
07/22/2014,115.750005,115.898443,115.648443,115.867193,656725,2174021
07/23/2014,115.875005,115.960943,115.835943,115.914068,400756,2157094
07/24/2014,115.929693,115.945318,115.609380,115.671880,630382,2171935
07/25/2014,115.695318,115.812505,115.585943,115.789068,536425,2151073
07/28/2014,115.757818,115.789068,115.617193,115.664068,666030,2168116
07/29/2014,115.664068,115.804693,115.609380,115.773443,666660,2138536
07/30/2014,115.757818,115.765630,115.234380,115.429693,1144319,2143630
07/31/2014,115.445318,115.515630,115.250005,115.460943,1008380,2189507
08/01/2014,115.492193,116.023443,115.398443,115.929693,1394863,2201610
08/04/2014,115.906255,116.078130,115.875005,115.992193,485999,2193977
08/05/2014,116.031255,116.085943,115.812505,115.953130,627961,2167154
08/06/2014,115.945318,116.164068,115.906255,116.031255,690433,2185514
08/07/2014,116.039068,116.312505,115.976568,116.273443,685466,2184722
08/08/2014,116.265630,116.609380,116.156255,116.234380,866496,2176287
08/11/2014,116.156255,116.257818,116.085943,116.218755,467872,2180345
08/12/2014,116.195318,116.289068,116.148443,116.234380,532330,2170870
08/13/2014,116.218755,116.460943,116.093755,116.429693,658654,2142446
08/14/2014,116.414068,116.593755,116.367193,116.468755,761429,2137077
08/15/2014,116.437505,116.843755,116.406255,116.609380,903071,2158991
08/18/2014,116.593755,116.609380,116.429693,116.500005,425186,2162262
08/19/2014,116.460943,116.625005,116.414068,116.437505,442204,2170252
08/20/2014,116.453130,116.468755,116.132818,116.179693,844244,2182884
08/21/2014,116.195318,116.296880,116.125005,116.210943,751642,2192811
08/22/2014,116.203130,116.328130,115.929693,116.046880,1016631,2196121
08/25/2014,116.046880,116.117192,115.960942,116.007817,1270662,2286093
08/26/2014,116.031255,116.164067,116.015630,116.093755,2450976,2293617
08/27/2014,116.093755,116.257817,116.078130,116.210942,2737491,2243713
08/28/2014,116.234380,116.382817,116.210942,116.328130,1681279,2178821
08/29/2014,116.343755,116.398442,116.242192,116.359380,851367,2186479
09/02/2014,116.320317,116.343755,116.046880,116.054692,920766,2157862
09/03/2014,116.070317,116.125005,115.804692,116.046880,751278,2117835
09/04/2014,116.109380,116.265630,115.867192,115.929692,890508,2126384
09/05/2014,115.953130,116.390630,115.820317,116.093755,992806,2104772
09/08/2014,116.054692,116.242192,115.914067,115.945317,637590,2087428
09/09/2014,115.890630,115.914067,115.671880,115.726567,856227,2129801
09/10/2014,115.710942,115.765630,115.578130,115.640630,718348,2129465
09/11/2014,115.609380,115.796880,115.578130,115.648442,736271,2144635
09/12/2014,115.601567,115.632817,115.445317,115.500005,941652,2170343
09/15/2014,115.523442,115.679692,115.468755,115.625005,540521,2147627
09/16/2014,115.656255,115.820317,115.640630,115.742192,722310,2112037
09/17/2014,115.710942,116.023442,115.421880,115.578130,1142346,2115005
09/18/2014,115.406255,115.460942,115.210942,115.367192,996267,2169096
09/19/2014,115.367192,115.500005,115.179692,115.453130,728050,2176760
09/22/2014,115.476567,115.703130,115.460942,115.656255,611531,2145700
09/23/2014,115.656255,115.796880,115.656255,115.781255,603642,2127285
09/24/2014,115.773442,115.789067,115.601567,115.617192,577390,2120706
09/25/2014,115.625005,115.929692,115.609380,115.898442,780729,2120284
09/26/2014,115.921880,115.992192,115.617192,115.687505,1019278,2118800
09/29/2014,115.710942,115.914067,115.656255,115.828130,661960,2115938
09/30/2014,115.882817,115.890630,115.687505,115.781255,766324,2094865
10/01/2014,115.882817,116.335942,115.812505,116.273442,1101160,2109333
10/02/2014,116.312505,116.445317,116.179692,116.195317,995919,2122317
10/03/2014,116.273442,116.281255,115.843755,116.007817,1104216,2137143
10/06/2014,116.039067,116.343755,115.992192,116.265630,685448,2084074
10/07/2014,116.250005,116.625005,116.210942,116.546880,783397,2079846
10/08/2014,116.593755,117.070317,116.453130,116.898442,1163419,2071724
10/09/2014,116.968755,117.210942,116.859380,116.914067,1265237,2109981
10/10/2014,116.937505,117.109380,116.750005,116.976567,721364,2110922
10/13/2014,117.117192,117.523442,117.078130,117.406255,288806,2111215
10/14/2014,117.531255,117.710942,117.289067,117.523442,1066074,2087055
10/15/2014,117.562505,119.226567,117.406255,118.234380,2621054,1963309
10/16/2014,118.078130,118.796880,117.796880,117.945317,1627631,1928398
10/17/2014,117.890630,118.117192,117.640630,117.726567,1030765,1901140
10/20/2014,117.726567,117.921880,117.593755,117.867192,623492,1898486
10/21/2014,117.812505,118.093755,117.664067,117.828130,628605,1895951
10/22/2014,117.742192,117.921880,117.546880,117.671880,625922,1878902
10/23/2014,117.757817,117.828130,117.328130,117.437505,668383,1910007
10/24/2014,117.453130,117.679692,117.429692,117.460942,678097,1893401
10/27/2014,117.421880,117.601567,117.328130,117.546880,444024,1900359
10/28/2014,117.515630,117.585942,117.367192,117.453130,507823,1893546
10/29/2014,117.398442,117.476567,116.859380,116.968755,804175,1891399
10/30/2014,117.046880,117.171880,116.882817,117.117192,707919,1915849
10/31/2014,117.132817,117.203130,116.851567,116.953130,715419,1919993
11/03/2014,116.992192,117.078130,116.679692,116.843755,565079,1933298
11/04/2014,116.890630,117.015630,116.812505,116.843755,519544,1932928
11/05/2014,116.867192,116.898442,116.710942,116.859380,523595,1948903
11/06/2014,116.867192,116.960942,116.640630,116.734380,582949,1954227
11/07/2014,116.679692,117.125005,116.570317,117.093755,888441,1979989
11/10/2014,117.085942,117.312505,116.835942,116.851567,532543,1974005
11/11/2014,116.859380,116.898442,116.734380,116.773442,88281,1972733
11/12/2014,116.804692,117.039067,116.765630,116.882817,404706,1967440
11/13/2014,116.828130,117.007817,116.781255,116.992192,481445,1971849
11/14/2014,117.007817,117.140630,116.765630,117.093755,571224,1988970
11/17/2014,117.062505,117.281255,116.960942,116.992192,518350,2012189
11/18/2014,117.023442,117.148442,117.007817,117.093755,440698,2034058
11/19/2014,117.093755,117.132817,116.851567,116.976567,881093,2060711
11/20/2014,116.945317,117.234380,116.945317,117.085942,1062892,2020795
11/21/2014,117.054692,117.195317,116.968755,117.171880,897593,2043624
11/24/2014,117.187505,117.273442,117.046880,117.242192,1827166,2032882
11/25/2014,117.250005,117.437505,117.156255,117.421880,2794684,2079922
11/26/2014,117.414067,117.570317,117.375005,117.562505,1760905,1992325
11/28/2014,117.531255,117.828130,117.531255,117.765630,591809,1972228
12/01/2014,117.828130,118.070317,117.601567,117.710942,878738,1921101
12/02/2014,117.648442,117.671880,117.343755,117.375005,730356,1874885
12/03/2014,117.359380,117.406255,117.218755,117.289067,590385,1848792
12/04/2014,117.312505,117.460942,117.218755,117.390630,651630,1834849
12/05/2014,117.460942,117.468755,116.789067,116.851567,986565,1864607
12/08/2014,116.828130,117.070317,116.601567,116.945317,623121,1861341
12/09/2014,116.968755,117.328130,116.898442,117.156255,771432,1821567
12/10/2014,117.203130,117.539067,117.109380,117.460942,563766,1819696
12/11/2014,117.500005,117.617192,117.085942,117.273442,864819,1832162
12/12/2014,117.296880,117.875005,117.257817,117.671880,781674,1814233
12/15/2014,117.710942,117.851567,117.398442,117.421880,760110,1812891
12/16/2014,117.476567,118.210942,117.468755,117.703130,808196,1819308
12/17/2014,117.742192,117.867192,117.195317,117.234380,1063227,1853548
12/18/2014,117.226567,117.406255,116.914067,117.039067,784579,1844659
12/19/2014,117.031255,117.203130,116.960942,117.062505,463302,1852309
12/22/2014,117.085942,117.164067,116.953130,117.023442,302034,1848776
12/23/2014,117.023442,117.093755,116.617192,116.687505,400012,1838620
12/24/2014,116.687505,116.804692,116.531255,116.671880,196310,1845496
12/26/2014,116.703130,116.750005,116.632817,116.695317,77053,1845438
12/29/2014,116.664067,116.960942,116.648442,116.921880,241305,1830175
12/30/2014,116.921880,117.156255,116.914067,117.046880,234893,1833644
12/31/2014,117.062505,117.210942,117.023442,117.203130,208244,1831164
01/02/2015,117.085942,117.460942,116.945317,117.367192,479043,1841553
01/05/2015,117.359380,117.617192,117.273442,117.585942,472843,1842319
01/06/2015,117.570317,118.382817,117.554692,117.968755,1033923,1815981
01/07/2015,118.023442,118.156255,117.820317,118.070317,855620,1842026
01/08/2015,118.007817,118.054692,117.859380,117.976567,599549,1824457
01/09/2015,117.992192,118.460942,117.890630,118.257817,857878,1837148
01/12/2015,118.390630,118.585942,118.257817,118.539067,554556,1832884
01/13/2015,118.562505,118.820317,118.429692,118.710942,777710,1842354
01/14/2015,118.671880,119.296880,118.648442,119.007817,913145,1842340
01/15/2015,118.914067,119.750005,118.664067,119.398442,931378,1868407
01/16/2015,119.617192,119.750005,119.015630,119.070317,866221,1817603
01/20/2015,119.070317,119.304692,118.937505,119.023442,625013,1837281
01/21/2015,119.054692,119.156255,118.742192,118.820317,909679,1853153
01/22/2015,118.789067,119.039067,118.484380,118.632817,841520,1840677
01/23/2015,118.710942,119.109380,118.671880,118.898442,574265,1832054
01/26/2015,119.023442,119.132817,118.703130,118.750005,524188,1822212
01/27/2015,118.812505,119.164067,118.773442,118.843755,575064,1822324
01/28/2015,118.843755,119.414067,118.765630,119.304692,812922,1846048
01/29/2015,119.296880,119.351567,118.992192,119.156255,657838,1837940
01/30/2015,119.187505,119.789067,119.140630,119.617192,876927,1842227
02/02/2015,119.742192,119.781255,119.460942,119.625005,635494,1812027
02/03/2015,119.640630,119.718755,119.093755,119.171880,697753,1819318
02/04/2015,119.125005,119.406255,118.890630,119.125005,556420,1837396
02/05/2015,119.390630,119.484380,118.953130,119.093755,577876,1835859
02/06/2015,119.078130,119.398442,118.101567,118.242192,1257765,1907904
02/09/2015,118.218755,118.492192,118.000005,118.140630,729550,1962525
02/10/2015,118.039067,118.140630,117.859380,118.015630,738278,1962109
02/11/2015,118.031255,118.164067,117.828130,118.015630,740500,1977417
02/12/2015,117.906255,118.226567,117.781255,118.148442,754298,1978260
02/13/2015,118.171880,118.187505,117.984380,118.070317,513771,1984256
02/17/2015,117.992192,118.187505,117.484380,117.585942,870020,2043148
02/18/2015,117.648442,118.226567,117.460942,118.109380,1014886,2031530
02/19/2015,118.109380,118.265630,117.773442,117.851567,961684,2094369
02/20/2015,117.812505,118.195317,117.656255,117.703130,941380,2122376
02/23/2015,117.789067,118.046880,117.703130,118.007817,1874540,2194234
02/24/2015,118.015629,118.484379,117.726567,118.460942,2609610,2157986
02/25/2015,118.445317,118.515629,118.304692,118.421879,2426338,2073832
02/26/2015,118.437504,118.617192,118.015629,118.125004,1933960,1967394
02/27/2015,118.078129,118.312504,117.976567,118.250004,1137242,1930543
03/02/2015,118.289067,118.882817,117.851567,117.882817,676562,1941515
03/03/2015,117.898442,117.953129,117.679692,117.695317,702039,1946459
03/04/2015,117.742192,117.898442,117.664067,117.804692,524090,1941993
03/05/2015,117.867192,118.023442,117.757817,117.953129,541941,1937693
03/06/2015,117.960942,118.273442,117.257817,117.328129,1080923,1957613
03/09/2015,117.343754,117.585942,117.265629,117.546879,577109,1960924
03/10/2015,117.570317,117.906254,117.468754,117.765629,767773,1973104
03/11/2015,117.757817,117.890629,117.562504,117.757817,750560,2012924
03/12/2015,117.773442,118.195317,117.742192,117.937504,781962,2030723
03/13/2015,117.851567,118.093754,117.703129,117.937504,534084,2010334
03/16/2015,117.906254,118.179692,117.898442,118.015629,412781,2005371
03/17/2015,118.070317,118.265629,118.031254,118.078129,480943,1997826
03/18/2015,118.085942,119.078129,118.062504,118.812504,995545,1993557
03/19/2015,118.937504,119.093754,118.453129,118.531254,485560,2026350
03/20/2015,118.539067,118.921879,118.539067,118.875004,490510,2026331
03/23/2015,118.882817,119.039067,118.835942,118.984379,442628,2014725
03/24/2015,119.015629,119.218754,118.921879,119.156254,607481,2002607
03/25/2015,119.187504,119.304692,118.906254,118.968754,633175,2012054
03/26/2015,118.921879,119.109379,118.656254,118.718754,717723,2044782
03/27/2015,118.812504,119.023442,118.742192,119.000004,532479,2032949
03/30/2015,118.929692,119.101567,118.859379,118.976567,442144,1992732
03/31/2015,119.054692,119.203129,118.992192,119.179692,639222,1981456
04/01/2015,119.179692,119.476567,119.054692,119.398442,634308,2003728
04/02/2015,119.406254,119.585942,119.296879,119.343754,250658,2004297
04/03/2015,119.328129,119.906254,119.312504,119.820317,472332,2021577
04/06/2015,119.812504,119.882817,119.523442,119.570317,365922,2025048
04/07/2015,119.578129,119.585942,119.335942,119.453129,440269,2000105
04/08/2015,119.460942,119.546879,119.265629,119.437504,422798,2005814
04/09/2015,119.375004,119.507817,119.101567,119.156254,512430,2019998
04/10/2015,119.140629,119.273442,119.078129,119.101567,399000,2011237
04/13/2015,119.140629,119.304692,118.976567,119.234379,378052,2031071
04/14/2015,119.312504,119.617192,119.234379,119.414067,570119,2020442
04/15/2015,119.445317,119.601567,119.390629,119.523442,404941,2004823
04/16/2015,119.554692,119.726567,119.421879,119.695317,636781,1995470
04/17/2015,119.632817,119.867192,119.460942,119.671879,634017,1999729
04/20/2015,119.585942,119.703129,119.484379,119.554692,430647,2003764
04/21/2015,119.554692,119.648442,119.429692,119.468754,366988,1992752
04/22/2015,119.507817,119.570317,119.156254,119.242192,592830,2011238
04/23/2015,119.234379,119.453129,119.195317,119.414067,614060,2020516
04/24/2015,119.382817,119.656254,119.289067,119.609379,505650,2021570
04/27/2015,119.640629,119.687504,119.421879,119.531254,404113,2010836
04/28/2015,119.562504,119.578129,119.250004,119.359379,621002,2023889
04/29/2015,119.250004,119.398442,118.843754,119.203129,958963,2060332
04/30/2015,119.218754,119.289067,118.789067,119.101567,1003578,2070212
05/01/2015,119.156254,119.164067,118.781254,118.804692,424889,2059893
05/04/2015,118.875004,118.984379,118.687504,118.843754,490891,2050804
05/05/2015,118.828129,118.968754,118.554692,118.625004,721985,2020988
05/06/2015,118.609379,118.695317,118.398442,118.484379,828751,2016244
05/07/2015,118.445317,118.671879,118.140629,118.562504,985661,1978761
05/08/2015,118.523442,119.109379,118.453129,118.914067,959086,1993043
05/11/2015,118.906254,119.015629,118.429692,118.460942,624341,1972104
05/12/2015,118.421879,118.671879,118.109379,118.585942,922968,1936461
05/13/2015,118.609379,118.976567,118.570317,118.679692,843494,1950712
05/14/2015,118.648442,118.992192,118.625004,118.945317,733788,1956121
05/15/2015,118.945317,119.250004,118.945317,119.164067,591887,1963100
05/18/2015,119.140629,119.218754,118.781254,118.828129,490307,1969737
05/19/2015,118.796879,119.031254,118.453129,118.562504,745231,1988346
05/20/2015,118.492192,118.820317,118.476567,118.750004,852886,2050460
05/21/2015,118.765629,118.976567,118.695317,118.960942,712816,2099340
05/22/2015,118.968754,119.062504,118.539067,118.625004,979515,2162680
05/26/2015,118.718754,118.960941,118.562504,118.937504,2983688,2253914
05/27/2015,118.937504,118.953129,118.718754,118.906254,3241308,2145901
05/28/2015,118.914066,119.109379,118.875004,119.078129,1812126,2090888
05/29/2015,119.046879,119.289066,119.000004,119.281254,984274,2118733
06/01/2015,119.210941,119.281254,118.804691,118.828129,760537,2100419
06/02/2015,118.882816,118.898441,118.507816,118.578129,801142,2093561
06/03/2015,118.585941,118.617191,118.132816,118.210941,945698,2070100
06/04/2015,118.210941,118.492191,118.000004,118.445316,904312,2031283
06/05/2015,118.437504,118.460941,117.679691,117.953129,1009956,2071360
06/08/2015,117.953129,118.187504,117.875004,118.156254,489209,2053160
06/09/2015,118.125004,118.281254,117.851566,118.031254,645451,2077449
06/10/2015,117.929691,117.953129,117.742191,117.804691,614396,2100632
06/11/2015,117.820316,118.109379,117.664066,118.101566,747599,2124844
06/12/2015,118.078129,118.273441,117.937504,118.070316,678841,2105834
06/15/2015,118.117191,118.460941,118.101566,118.242191,531299,2106800
06/16/2015,118.210941,118.453129,118.210941,118.406254,897190,2091340
06/17/2015,118.421879,118.734379,117.945316,118.664066,921126,2097237
06/18/2015,118.632816,118.898441,118.398441,118.570316,906328,2106978
06/19/2015,118.632816,118.992191,118.632816,118.921879,547018,2113643
06/22/2015,118.851566,118.875004,118.476566,118.562504,482296,2110571
06/23/2015,118.492191,118.539066,118.273441,118.367191,555634,2104953
06/24/2015,118.359379,118.570316,118.281254,118.539066,519128,2097309
06/25/2015,118.539066,118.562504,118.265629,118.468754,575016,2120627
06/26/2015,118.437504,118.500004,118.132816,118.203129,483982,2118582
06/29/2015,118.820316,119.148441,118.500004,118.851566,884268,2115709
06/30/2015,118.859379,118.929691,118.609379,118.812504,812453,2104956
07/01/2015,118.718754,118.742191,118.343754,118.421879,603431,2095363
07/02/2015,118.414066,118.859379,118.265629,118.734379,631216,2112870
07/06/2015,119.460941,119.492191,118.921879,119.210941,663288,2122408
07/07/2015,119.132816,119.601566,119.054691,119.359379,676339,2138549
07/08/2015,119.242191,119.593754,119.210941,119.546879,640840,2146506
07/09/2015,119.554691,119.609379,119.109379,119.195316,551824,2167855
07/10/2015,119.109379,119.117191,118.617191,118.671879,639896,2125797
07/13/2015,118.968754,119.007816,118.437504,118.554691,632302,2138616
07/14/2015,118.492191,118.820316,118.445316,118.757816,497429,2139897
07/15/2015,118.804691,118.992191,118.531254,118.953129,566942,2171468
07/16/2015,118.914066,118.937504,118.617191,118.773441,494261,2155908
07/17/2015,118.765629,118.804691,118.554691,118.687504,544142,2177988
07/20/2015,118.695316,118.703129,118.421879,118.523441,462262,2231624
07/21/2015,118.539066,118.804691,118.460941,118.742191,548763,2228777
07/22/2015,118.796879,118.859379,118.679691,118.710941,407871,2226504
07/23/2015,118.687504,118.906254,118.585941,118.875004,534420,2248184
07/24/2015,118.859379,119.093754,118.835941,118.976566,495440,2236575
07/27/2015,118.992191,119.328129,118.984379,119.257816,435634,2265962
07/28/2015,119.273441,119.281254,119.054691,119.187504,461882,2297943
07/29/2015,119.140629,119.195316,118.968754,119.101566,563896,2299662
07/30/2015,119.054691,119.062504,118.757816,119.023441,666131,2320163
07/31/2015,119.039066,119.500004,118.882816,119.398441,949966,2368722
08/03/2015,119.445316,119.609379,119.296879,119.546879,510129,2379706
08/04/2015,119.507816,119.554691,119.015629,119.125004,617143,2349769
08/05/2015,119.046879,119.125004,118.718754,118.882816,819673,2332976
08/06/2015,118.882816,119.101566,118.859379,119.023441,436876,2322915
08/07/2015,119.023441,119.273441,118.835941,119.164066,706131,2313946
08/10/2015,119.203129,119.203129,118.968754,119.007816,383303,2311041
08/11/2015,119.054691,119.625004,119.023441,119.476566,773629,2362321
08/12/2015,119.460941,119.953129,119.406254,119.593754,802425,2389321
08/13/2015,119.531254,119.734379,119.210941,119.257816,690446,2372603
08/14/2015,119.250004,119.367191,119.062504,119.140629,440358,2356307
08/17/2015,119.164066,119.414066,119.148441,119.351566,354276,2357961
08/18/2015,119.281254,119.460941,119.171879,119.257816,384067,2350999
08/19/2015,119.250004,119.718754,119.078129,119.664066,861523,2394067
08/20/2015,119.632816,119.796879,119.617191,119.695316,664646,2422404
08/21/2015,119.789066,120.070316,119.750004,119.968754,942519,2448788
08/24/2015,120.062504,120.765629,120.039067,120.375004,1860385,2441603
08/25/2015,120.304692,120.359379,119.828129,119.843754,2607873,2515839
08/26/2015,120.117192,120.265629,119.687504,119.890629,3587286,2561716
08/27/2015,119.820317,119.937504,119.562504,119.789067,3067409,2506436
08/28/2015,119.710942,119.937504,119.515629,119.546879,1481918,2457016
08/31/2015,119.460942,119.757817,119.343754,119.421879,1481918,2457016
09/01/2015,119.406254,119.710942,119.367192,119.601567,863282,2373823
09/02/2015,119.671879,119.750004,119.460942,119.507817,713223,2367907
09/03/2015,119.554692,119.796879,119.515629,119.687504,628092,2386649
09/04/2015,119.710942,120.109379,119.562504,119.804692,773802,2329449
09/08/2015,119.812504,119.820317,119.500004,119.539067,504618,2323275
09/09/2015,119.562504,119.625004,119.265629,119.593754,694022,2292294
09/10/2015,119.539067,119.656254,119.390629,119.476567,568723,2297191
09/11/2015,119.476567,119.742192,119.445317,119.710942,407811,2297729
09/14/2015,119.679692,119.796879,119.609379,119.718754,365943,2291762
09/15/2015,119.718754,119.835942,119.179692,119.234379,721355,2251548
09/16/2015,119.203129,119.414067,119.148442,119.187504,805280,2248450
09/17/2015,119.218754,119.921879,119.179692,119.796879,620310,2300194
09/18/2015,119.843754,120.156254,119.835942,120.093754,664831,2354590
09/21/2015,120.046879,120.062504,119.765629,119.789067,439844,2345852
09/22/2015,119.804692,120.226567,119.796879,120.164067,501414,2385794
09/23/2015,120.125004,120.289067,119.992192,120.101567,468591,2405080
09/24/2015,120.046879,120.398442,119.992192,120.195317,606227,2459835
09/25/2015,120.000004,120.085942,119.742192,120.039067,637339,2436831
09/28/2015,120.054692,120.328129,120.015629,120.320317,509809,2430870
09/29/2015,120.304692,120.570317,120.210942,120.531254,678818,2432541
09/30/2015,120.476567,120.570317,120.242192,120.500004,725045,2434756
10/01/2015,120.562504,120.656254,120.398442,120.484379,936960,2371954
10/02/2015,120.515629,121.320317,120.406254,120.945317,413760,2429969
10/05/2015,120.875004,120.992192,120.617192,120.648442,446175,2418637
10/06/2015,120.656254,120.781254,120.585942,120.734379,435235,2414214
10/07/2015,120.742192,120.781254,120.468754,120.554692,465616,2416875
10/08/2015,120.507817,120.726567,120.312504,120.414067,617267,2417677
10/09/2015,120.421879,120.539067,120.234379,120.375004,456153,2399964
10/12/2015,120.421879,120.546879,120.343754,120.523442,77421,2393633
10/13/2015,120.546879,120.679692,120.453129,120.609379,1178900,2404009
10/14/2015,120.632817,121.046879,120.617192,121.023442,496930,2414404
10/15/2015,121.046879,121.085942,120.695317,120.726567,309160,2397627
10/16/2015,120.718754,120.828129,120.609379,120.664067,733310,2391435
10/19/2015,120.609379,120.734379,120.539067,120.695317,421243,2396834
10/20/2015,120.734379,120.734379,120.398442,120.460942,399410,2404404
10/21/2015,120.453129,120.664067,120.429692,120.578129,446078,2409942
10/22/2015,120.593754,120.710942,120.468754,120.640629,581438,2425481
10/23/2015,120.609379,120.609379,120.242192,120.304692,609545,2431693
10/26/2015,120.296879,120.445317,120.242192,120.382817,408357,2430011
10/27/2015,120.406254,120.679692,120.375004,120.593754,503817,2463695
10/28/2015,120.562504,120.570317,119.984379,120.039067,850550,2503223
10/29/2015,120.031254,120.093754,119.734379,119.765629,920224,2476707
10/30/2015,119.773442,119.875004,119.601567,119.757817,527010,2473168
11/02/2015,119.835942,119.843754,119.546879,119.570317,563781,2411105
11/03/2015,119.640629,119.648442,119.367192,119.414067,624645,2384266
11/04/2015,119.437504,119.468754,119.093754,119.187504,982654,2428982
11/05/2015,119.187504,119.289067,119.031254,119.132817,919547,2375287
11/06/2015,119.210942,119.257817,118.460942,118.687504,1266770,2423183
11/09/2015,118.718754,118.726567,118.484379,118.687504,589480,2415173
11/10/2015,118.656254,118.929692,118.632817,118.890629,636202,2387282
11/11/2015,118.757817,118.757817,118.757817,118.757817,138931,2382069
11/12/2015,118.812504,118.812504,118.812504,118.812504,659288,2375346
11/13/2015,118.835942,119.109379,118.781254,119.046879,589432,2358931
11/16/2015,119.265629,119.320317,119.101567,119.156254,1556500,2355984
11/17/2015,119.132817,119.187504,118.875004,119.132817,763980,2370639
11/18/2015,119.125004,119.148442,118.898442,119.062504,848343,2437074
11/19/2015,119.000004,119.164067,118.937504,119.085942,935139,2491245
11/20/2015,119.062504,119.171879,118.984379,119.031254,1025179,2562435
11/23/2015,119.000004,119.109379,118.796879,119.070317,2524412,2775162
11/24/2015,119.093754,119.304692,119.046879,119.140629,1723600,2782951
11/25/2015,119.164067,119.210942,119.039067,119.156254,1874466,2619340
11/27/2015,119.093754,119.273442,119.078129,119.195317,778292,2525938
11/30/2015,119.195317,119.234379,119.007817,119.148442,771281,2521029
12/01/2015,119.187504,119.546879,119.039067,119.468754,763143,2508295
12/02/2015,119.476567,119.484379,119.156254,119.257817,648372,2475065
12/03/2015,119.250004,119.273442,118.585942,118.757817,879078,2449486
12/04/2015,118.796879,119.039067,118.578129,118.890629,999029,2390390
12/07/2015,118.875004,119.164067,118.796879,119.101567,545570,2382496
12/08/2015,119.101567,119.257817,119.007817,119.117192,600107,2399794
12/09/2015,119.195317,119.445317,119.070317,119.382817,709592,2423520
12/10/2015,119.320317,119.390629,119.148442,119.156254,478766,2420782
12/11/2015,119.156254,119.812504,119.132817,119.726567,874359,2445237
12/14/2015,119.695317,119.734379,119.289067,119.304692,679467,2423799
12/15/2015,119.320317,119.414067,119.000004,119.093754,532894,2389027
12/16/2015,119.101567,119.148442,118.625004,118.851567,701146,2354295
12/17/2015,118.812504,118.992192,118.796879,118.882817,616062,2332843
12/18/2015,118.992192,119.226567,118.945317,119.125004,322110,2319259
12/21/2015,119.109379,119.281254,119.015629,119.195317,284980,2314178
12/22/2015,119.164067,119.242192,118.968754,118.976567,328487,2303159
12/23/2015,119.000004,119.015629,118.875004,118.914067,270371,2296897
12/24/2015,118.929692,118.992192,118.875004,118.968754,115897,2288298
12/28/2015,118.937504,119.070317,118.867192,118.984379,192084,2306063
12/29/2015,118.968754,119.007817,118.562504,118.640629,399811,2301288
12/30/2015,118.648442,118.710942,118.523442,118.648442,415404,2311937
12/31/2015,118.687504,118.875004,118.625004,118.789067,302917,2317400
01/04/2016,118.820317,119.156254,118.734379,118.937504,534057,2277209
01/05/2016,118.937504,119.132817,118.851567,119.015629,510416,2294334
01/06/2016,119.070317,119.429692,119.031254,119.398442,587840,2305030
01/07/2016,119.390629,119.710942,119.304692,119.609379,774828,2356206
01/08/2016,119.632817,119.921879,119.281254,119.812504,926426,2403497
01/11/2016,119.890629,120.039067,119.640629,119.843754,666682,2410480
01/12/2016,119.757817,120.140629,119.601567,120.023442,697491,2422746
01/13/2016,119.968754,120.296879,119.781254,120.148442,897087,2435425
01/14/2016,120.078129,120.328129,120.007817,120.156254,752288,2481693
01/15/2016,120.187504,120.828129,120.132817,120.507817,752288,2481693
01/19/2016,120.515629,120.593754,120.250004,120.445317,709477,2520393
01/20/2016,120.382817,120.945317,120.382817,120.726567,869706,2527068
01/21/2016,120.718754,120.898442,120.546879,120.664067,861277,2579115
01/22/2016,120.601567,120.687504,120.296879,120.460942,587407,2628422
01/25/2016,120.421879,120.687504,120.296879,120.507817,453220,2647630
01/26/2016,120.585942,120.812504,120.476567,120.656254,513031,2635834
01/27/2016,120.640629,120.742192,120.328129,120.695317,672217,2657250
01/28/2016,120.726567,120.859379,120.539067,120.820317,741205,2653066
01/29/2016,120.812504,121.195317,120.750004,121.140629,815739,2687949
02/01/2016,121.140629,121.242192,120.867192,120.875004,546439,2673467
02/02/2016,120.953129,121.484379,120.945317,121.382817,646253,2698198
02/03/2016,121.460942,121.828129,121.250004,121.429692,1287600,2814410
02/04/2016,121.429692,121.656254,121.359379,121.546879,955380,2726659
02/05/2016,121.632817,121.804692,121.281254,121.507817,728470,2701274
02/08/2016,121.523442,122.031254,121.398442,122.023442,812268,2730114
02/09/2016,121.953129,122.257817,121.914067,122.000004,1038720,2758677
02/10/2016,122.000004,122.179692,121.726567,122.062504,837610,2778473
02/11/2016,122.187504,122.960942,122.109379,122.273442,778840,2787849
02/12/2016,122.156254,122.242192,121.679692,121.781254,1475200,2756992
02/16/2016,121.695317,121.843754,121.500004,121.703129,804740,2750052
02/17/2016,121.726567,121.875004,121.335942,121.468754,893497,2753709
02/18/2016,121.500004,121.812504,121.398442,121.703129,765526,2767921
02/19/2016,121.804692,121.921879,121.476567,121.609379,895576,2682493
02/22/2016,121.578129,121.625004,121.367192,121.507817,1454041,2779354
02/23/2016,121.546879,121.750004,121.296879,121.617192,2937600,2697958
02/24/2016,121.726567,122.093755,121.593755,121.656255,2871380,2710794
02/25/2016,121.648442,122.039067,121.578130,121.960942,2627772,2734130
02/26/2016,121.820317,121.820317,121.335942,121.453130,1452127,2698896
02/29/2016,121.453130,121.625005,121.351567,121.554692,965374,2669615
03/01/2016,121.593755,121.750005,121.039067,121.054692,808310,2644923
03/02/2016,121.078130,121.171880,120.835942,120.921880,762806,2655128
03/03/2016,120.976567,121.054692,120.835942,120.992192,623536,2645316
03/04/2016,120.921880,121.031255,120.585942,120.687505,841034,2589896
03/07/2016,120.750005,120.765630,120.445317,120.500005,533939,2563299
03/08/2016,120.531255,120.976567,120.492192,120.851567,614252,2514518
03/09/2016,120.890630,120.929692,120.625005,120.671880,789020,2500694
03/10/2016,120.726567,120.875005,120.289067,120.406255,506100,2488712
03/11/2016,120.414067,120.492192,120.109380,120.203130,530665,2481699
03/14/2016,120.164067,120.320317,120.117192,120.218755,386345,2460896
03/15/2016,120.210942,120.429692,120.101567,120.148442,599701,2403380
03/16/2016,120.132817,120.757817,119.921880,120.617192,906316,2408386
03/17/2016,120.718755,121.062505,120.640630,120.757817,659646,2388630
03/18/2016,120.757817,121.039067,120.750005,120.992192,477126,2399929
03/21/2016,120.992192,121.039067,120.750005,120.765630,350900,2391970
03/22/2016,120.765630,120.976567,120.570317,120.601567,484713,2380107
03/23/2016,120.585942,120.929692,120.531255,120.921880,470179,2400241
03/24/2016,120.890630,120.960942,120.687505,120.820317,355838,2388651
03/28/2016,120.796880,120.953130,120.671880,120.929692,259063,2392236
03/29/2016,120.851567,121.406255,120.820317,121.351567,769071,2461580
03/30/2016,121.367192,121.562505,121.281255,121.515630,730671,2473946
03/31/2016,121.546880,121.835942,121.468755,121.734380,766377,2488176
04/01/2016,121.796880,121.804692,121.492192,121.601567,763370,2443557
04/04/2016,121.710942,121.804692,121.601567,121.687505,401277,2442600
04/05/2016,121.773442,121.984380,121.750005,121.906255,496196,2445959
04/06/2016,121.914067,121.953130,121.703130,121.835942,462800,2449188
04/07/2016,121.835942,122.171880,121.773442,122.140630,721750,2447443
04/08/2016,122.125005,122.156255,121.937505,122.046880,748620,2446582
04/11/2016,122.085942,122.156255,121.921880,122.062505,442950,2438862
04/12/2016,122.023442,122.054692,121.750005,121.773442,468339,2452195
04/13/2016,121.781255,121.843755,121.632817,121.773442,581015,2469030
04/14/2016,121.757817,121.804692,121.539067,121.664067,506076,2488030
04/15/2016,121.617192,121.875005,121.570317,121.812505,387374,2503451
04/18/2016,121.914067,121.953130,121.664067,121.718755,416526,2497197
04/19/2016,121.710942,121.718755,121.523442,121.593755,528994,2516029
04/20/2016,121.570317,121.734380,121.195317,121.218755,623528,2496391
04/21/2016,121.257817,121.304692,121.078130,121.156255,685860,2505621
04/22/2016,121.218755,121.281255,121.023442,121.070317,466387,2501581
04/25/2016,121.078130,121.203130,120.968755,121.023442,455592,2518992
04/26/2016,120.984380,121.093755,120.851567,120.898442,1251700,2503026
04/27/2016,120.914067,121.296880,120.882817,121.203130,677970,2495234
04/28/2016,121.289067,121.500005,121.171880,121.390630,658800,2475120
04/29/2016,121.445317,121.523442,121.242192,121.484380,410770,2484926
05/02/2016,121.414067,121.546880,121.250005,121.281255,432914,2467776
05/03/2016,121.273442,121.726567,121.257817,121.617192,707552,2462327
05/04/2016,121.640630,121.765630,121.523442,121.703130,565756,2475444
05/05/2016,121.734380,121.937505,121.578130,121.859380,568026,2498981
05/06/2016,121.875005,122.156255,121.710942,121.750005,831328,2535772
05/09/2016,121.773442,121.984380,121.726567,121.921880,473902,2549910
05/10/2016,121.968755,121.984380,121.820317,121.914067,525136,2574628
05/11/2016,121.890630,122.046880,121.835942,121.921880,582265,2571591
05/12/2016,121.906255,121.945317,121.656255,121.703130,685845,2587994
05/13/2016,121.703130,121.882817,121.617192,121.867192,733005,2590742
05/16/2016,121.914067,121.937505,121.578130,121.593755,457065,2586628
05/17/2016,121.578130,121.648442,121.382817,121.468755,785665,2617804
05/18/2016,121.382817,121.421880,120.812505,120.843755,1313900,2606537
05/19/2016,120.945317,121.093755,120.789067,121.015630,1178763,2581048
05/20/2016,121.015630,121.085942,120.906255,121.023442,658302,2549988
05/23/2016,121.046880,121.148442,120.929692,121.023442,1332346,2563673
05/24/2016,121.054692,121.085942,120.804692,120.921879,1981999,2722744
05/25/2016,120.851567,121.007817,120.750004,120.867192,2688083,2689002
05/26/2016,120.867192,121.171879,120.851567,121.156254,2832359,2677980
05/27/2016,121.148442,121.156254,120.750004,121.062504,1521453,2610726
05/31/2016,120.812504,121.078129,120.687504,121.070317,1224021,2554079
06/01/2016,120.984379,121.171879,120.890629,120.921879,780523,2519007
06/02/2016,120.945317,121.156254,120.906254,121.085942,595682,2554494
06/03/2016,121.101567,121.859379,121.046879,121.765629,1134765,2567935
06/06/2016,121.750004,121.796879,121.546879,121.742192,698853,2555993
06/07/2016,121.679692,121.875004,121.648442,121.804692,414659,2558386
06/08/2016,121.773442,121.867192,121.726567,121.789067,438706,2580895
06/09/2016,121.796879,121.968754,121.781254,121.890629,607542,2572232
06/10/2016,121.843754,122.195317,121.843754,122.156254,635153,2603261
06/13/2016,122.335942,122.398442,122.195317,122.335942,564680,2590071
06/14/2016,122.343754,122.609379,122.281254,122.359379,876567,2603093
06/15/2016,122.328129,122.757817,122.195317,122.554692,839206,2653556
06/16/2016,122.664067,122.914067,122.554692,122.664067,933693,2662279
06/17/2016,122.601567,122.632817,122.429692,122.453129,571539,2691987
06/20/2016,122.273442,122.335942,122.132817,122.257817,578717,2713736
06/21/2016,122.148442,122.296879,122.046879,122.101567,392620,2728468
06/22/2016,122.070317,122.226567,122.062504,122.171879,485990,2732372
06/23/2016,122.156254,122.156254,121.835942,121.882817,546177,2691441
06/24/2016,121.796879,123.843754,121.765629,122.718754,1204400,2688794
06/27/2016,122.859379,123.312504,122.859379,123.179692,477680,2661724
06/28/2016,123.257817,123.343754,123.000004,123.164067,517215,2666596
06/29/2016,123.117192,123.171879,122.843754,123.039067,515400,2667855
06/30/2016,122.843754,123.179692,122.726567,123.117192,902533,2690323
07/01/2016,123.156254,123.546879,123.070317,123.093754,529650,2644192
07/05/2016,123.187504,123.531254,123.039067,123.437504,481497,2630738
07/06/2016,123.429692,123.640629,123.257817,123.304692,600372,2642023
07/07/2016,123.398442,123.445317,123.125004,123.320317,516592,2647400
07/08/2016,123.296879,123.484379,122.921879,123.351567,693521,2663322
07/11/2016,123.382817,123.382817,122.960942,122.984379,446053,2671372
07/12/2016,122.968754,123.039067,122.593754,122.695317,664199,2706155
07/13/2016,122.648442,122.929692,122.648442,122.812504,555255,2702610
07/14/2016,122.773442,122.875004,122.492192,122.625004,669649,2695998
07/15/2016,122.601567,122.703129,122.273442,122.320317,665248,2668459
07/18/2016,122.351567,122.539067,122.242192,122.421879,346849,2682205
07/19/2016,122.437504,122.625004,122.406254,122.484379,410697,2671029
07/20/2016,122.500004,122.531254,122.257817,122.335942,409227,2661459
07/21/2016,122.343754,122.593754,122.187504,122.539067,449500,2682733
07/22/2016,122.570317,122.687504,122.335942,122.445317,373090,2667473
07/25/2016,122.437504,122.468754,122.273442,122.351567,570580,2685695
07/26/2016,122.320317,122.484379,122.226567,122.375004,652304,2691406
07/27/2016,122.398442,122.687504,122.210942,122.640629,614857,2691746
07/28/2016,122.671879,122.734379,122.515629,122.656254,490788,2703583
07/29/2016,122.718754,123.031254,122.390629,122.968754,781083,2709952
08/01/2016,123.015629,123.023442,122.765629,122.890629,554830,2725416
08/02/2016,122.765629,122.875004,122.585942,122.796879,401800,2755966
08/03/2016,122.734379,122.859379,122.640629,122.828129,412751,2759111
08/04/2016,122.828129,123.093754,122.765629,123.023442,517905,2772928
08/05/2016,123.054692,123.054692,122.445317,122.484379,726424,2768791
08/08/2016,122.429692,122.507817,122.312504,122.453129,469809,2764640
08/09/2016,122.421879,122.632817,122.390629,122.593754,388390,2782028
08/10/2016,122.578129,122.828129,122.578129,122.796879,466060,2792347
08/11/2016,122.773442,122.828129,122.351567,122.382817,529348,2785964
08/12/2016,122.382817,122.890629,122.343754,122.648442,602018,2805725
08/15/2016,122.656254,122.742192,122.460942,122.500004,354756,2794497
08/16/2016,122.500004,122.781254,122.273442,122.351567,726743,2803489
08/17/2016,122.351567,122.585942,122.234379,122.390629,729206,2819598
08/18/2016,122.453129,122.648442,122.406254,122.585942,501862,2828921
08/19/2016,122.617192,122.625004,122.265629,122.335942,584784,2834666
08/22/2016,122.289067,122.507817,122.156254,122.476567,555263,2866290
08/23/2016,122.468754,122.546879,122.351567,122.421879,740818,2949150
08/24/2016,122.460942,122.523442,122.382817,122.437504,2235723,3018182
08/25/2016,122.414067,122.460942,122.250004,122.320317,3814922,3229358
08/26/2016,122.281254,122.476567,121.843754,121.851567,3213496,3230441
08/29/2016,121.867192,122.210942,121.828129,122.187504,2037755,3046079
08/30/2016,122.210942,122.226567,122.000004,122.171879,1606860,2938424
08/31/2016,122.195317,122.312504,122.078129,122.187504,1091298,2855637
09/01/2016,122.101567,122.250004,121.906254,122.187504,761277,2833053
09/02/2016,122.179692,122.453129,121.992192,122.171879,750894,2830308
09/06/2016,122.148442,122.585942,122.046879,122.531254,714538,2820777
09/07/2016,122.578129,122.640629,122.484379,122.523442,411288,2805041
09/08/2016,122.515629,122.570317,122.132817,122.164067,732618,2818346
09/09/2016,122.195317,122.250004,121.953129,121.992192,608305,2794734
09/12/2016,121.953129,122.179692,121.898442,122.125004,590362,2771465
09/13/2016,122.140629,122.304692,121.765629,121.851567,701467,2771965
09/14/2016,121.890629,122.203129,121.882817,122.179692,567823,2771936
09/15/2016,122.117192,122.476567,122.039067,122.226567,721644,2784646
09/16/2016,122.273442,122.406254,122.085942,122.109379,500586,2780894
09/19/2016,122.171879,122.242192,122.031254,122.125004,280882,2774328
09/20/2016,122.062504,122.242192,122.031254,122.140629,1299900,2768378
09/21/2016,122.156254,122.250004,121.820317,122.132817,492620,2778484
09/22/2016,122.195317,122.398442,122.156254,122.265629,527569,2799180
09/23/2016,122.296879,122.406254,122.250004,122.398442,356984,2793902
09/26/2016,122.414067,122.632817,122.367192,122.546879,434902,2805736
09/27/2016,122.593754,122.750004,122.445317,122.640629,657829,2805086
09/28/2016,122.640629,122.726567,122.539067,122.601567,497386,2845207
09/29/2016,122.570317,122.726567,122.445317,122.664067,660425,2838084
09/30/2016,122.648442,122.781254,122.414067,122.453129,826216,2809795
10/03/2016,122.484379,122.484379,122.257817,122.281254,488573,2788628
10/04/2016,122.289067,122.312504,122.031254,122.070317,639686,2765799
10/05/2016,122.054692,122.132817,121.835942,121.906254,547868,2753064
10/06/2016,121.929692,121.992192,121.726567,121.742192,612619,2753626
10/07/2016,121.765629,121.906254,121.625004,121.804692,736590,2743716
10/10/2016,121.867192,121.867192,121.554692,121.617192,736590,2743716
10/11/2016,121.632817,121.750004,121.585942,121.679692,564117,2742931
10/12/2016,121.671879,121.695317,121.492192,121.640629,572699,2753634
10/13/2016,121.687504,121.898442,121.679692,121.875004,567914,2752942
10/14/2016,121.812504,121.953129,121.687504,121.765629,626358,2749013
10/17/2016,121.757817,121.960942,121.695317,121.914067,458195,2729241
10/18/2016,121.898442,122.062504,121.835942,122.007817,559467,2734150
10/19/2016,122.046879,122.109379,121.914067,122.007817,464580,2731205
10/20/2016,122.039067,122.085942,121.906254,121.968754,351530,2749630
10/21/2016,121.914067,122.007817,121.867192,121.992192,351530,2749630
10/24/2016,122.007817,122.070317,121.835942,121.890629,521880,2740809
10/25/2016,121.867192,121.968754,121.757817,121.882817,556024,2760581
10/26/2016,121.890629,121.937504,121.726567,121.773442,588873,2785840
10/27/2016,121.750004,121.765629,121.476567,121.578129,814392,2787861
10/28/2016,121.531254,121.734379,121.429692,121.671879,693929,2790050
10/31/2016,121.703129,121.781254,121.648442,121.734379,583743,2788347
11/01/2016,121.757817,121.914067,121.531254,121.875004,673610,2779984
11/02/2016,121.820317,122.125004,121.820317,122.000004,743467,2811847
11/03/2016,121.984379,122.210942,121.890629,122.007817,639200,2830742
11/04/2016,122.000004,122.195317,121.921879,122.117192,457090,2870174
11/07/2016,121.937504,121.945317,121.773442,121.875004,646030,2883583
11/08/2016,121.875004,121.921879,121.554692,121.648442,726743,2918639
11/09/2016,121.656254,122.609379,120.835942,120.960942,2413609,2872979
11/10/2016,120.984379,121.265629,120.554692,120.718754,1614888,2883939
11/11/2016,120.570317,120.726567,120.390629,120.445317,269080,2905741
11/14/2016,120.460942,120.460942,119.757817,120.109379,1338769,2895314
11/15/2016,119.968754,120.281254,119.875004,119.960942,1111301,2944750
11/16/2016,120.023442,120.085942,119.671879,119.945317,1049685,2942348
11/17/2016,119.945317,120.140629,119.625004,119.781254,1129761,2948238
11/18/2016,119.632817,119.843754,119.398442,119.515629,1437900,2986464
11/21/2016,119.406254,119.664067,119.359379,119.468754,2091500,3052771
11/22/2016,119.609379,119.726567,119.429692,119.578129,2218201,3154875
11/23/2016,119.578129,119.664067,119.054692,119.281254,3738051,3317269
11/25/2016,119.265629,119.289067,118.906254,119.226567,1737121,3102034
11/28/2016,119.328129,119.523442,119.281254,119.453129,2872803,3133430
11/29/2016,119.468754,119.562504,119.289067,119.546879,1936527,3026123
11/30/2016,119.554692,119.562504,119.109379,119.265629,1552307,2926637
12/01/2016,119.218754,119.234379,118.789067,118.984379,1020307,2941074
12/02/2016,118.953129,119.406254,118.953129,119.335942,932804,2878619
12/05/2016,119.484379,119.640629,119.023442,119.242192,829191,2869931
12/06/2016,119.250004,119.343754,119.210942,119.273442,512155,2844573
12/07/2016,119.304692,119.531254,119.257817,119.492192,470214,2864036
12/08/2016,119.539067,119.539067,119.187504,119.414067,742040,2870820
12/09/2016,119.312504,119.429692,119.054692,119.132817,801685,2897025
12/12/2016,119.046879,119.226567,118.875004,119.148442,827620,2920337
12/13/2016,119.164067,119.265629,118.976567,119.015629,800894,2894866
12/14/2016,119.015629,119.234379,118.312504,118.578129,1054268,2935249
12/15/2016,118.335942,118.382817,117.968754,118.195317,1262805,2946942
12/16/2016,118.078129,118.390629,118.062504,118.210942,847829,2927126
12/19/2016,118.218754,118.515629,118.195317,118.437504,543195,2933733
12/20/2016,118.453129,118.507817,118.226567,118.367192,425370,2937579
12/21/2016,118.414067,118.523442,118.320317,118.460942,359984,2961775
12/22/2016,118.492192,118.531254,118.304692,118.445317,400347,2964517
12/23/2016,118.429692,118.554692,118.375004,118.500004,168500,2964517
12/27/2016,118.500004,118.515629,118.359379,118.406254,179410,2966451
12/28/2016,118.375004,118.695317,118.343754,118.679692,523470,2980788
12/29/2016,118.695317,118.992192,118.671879,118.921879,538105,2970368
12/30/2016,118.921879,119.109379,118.843754,119.085942,450437,2965908
01/03/2017,118.976567,119.070317,118.671879,118.968754,837943,2957964
01/04/2017,118.992192,119.062504,118.820317,118.953129,604181,2958992
01/05/2017,119.015629,119.523442,118.968754,119.367192,1016866,2993396
01/06/2017,119.460942,119.671879,119.007817,119.062504,804637,2983760
01/09/2017,119.054692,119.304692,118.960942,119.273442,493674,2986168
01/10/2017,119.289067,119.359379,119.187504,119.273442,519772,2992408
01/11/2017,119.296879,119.539067,119.148442,119.281254,737623,2986022
01/12/2017,119.242192,119.601567,119.242192,119.328129,792453,2958907
01/13/2017,119.328129,119.609379,119.000004,119.265629,809243,2962183
01/17/2017,119.210942,119.671879,119.203129,119.578129,843672,2980581
01/18/2017,119.585942,119.601567,119.000004,119.281254,757362,2952126
01/19/2017,118.992192,119.093754,118.789067,118.976567,840700,2994432
01/20/2017,118.929692,119.148442,118.765629,119.101567,866090,3013618
01/23/2017,119.085942,119.554692,119.078129,119.453129,935962,3026899
01/24/2017,119.468754,119.507817,119.093754,119.109379,680241,3037553
01/25/2017,119.140629,119.203129,118.851567,118.898442,800796,3083255
01/26/2017,118.968754,119.070317,118.789067,119.039067,661750,3107461
01/27/2017,119.031254,119.156254,118.921879,119.148442,583705,3125511
01/30/2017,119.164067,119.265629,119.078129,119.171879,669203,3153477
01/31/2017,119.117192,119.398442,119.101567,119.289067,1198203,3127308
02/01/2017,119.273442,119.281254,118.898442,119.210942,965384,3119068
02/02/2017,119.187504,119.414067,119.140629,119.242192,714172,3128516
02/03/2017,119.218754,119.523442,119.007817,119.187504,1139708,3182174
02/06/2017,119.281254,119.632817,119.250004,119.578129,764537,3216369
02/07/2017,119.609379,119.757817,119.460942,119.617192,783180,3237562
02/08/2017,119.593754,119.867192,119.554692,119.765629,915937,3256631
02/09/2017,119.835942,119.835942,119.460942,119.500004,796171,3260842
02/10/2017,119.507817,119.515629,119.343754,119.414067,768350,3286323
02/13/2017,119.390629,119.390629,119.218754,119.304692,575070,3287038
02/14/2017,119.273442,119.328129,118.906254,119.054692,1061200,3390137
02/15/2017,119.039067,119.070317,118.765629,118.875004,964359,3415257
02/16/2017,118.898442,119.234379,118.875004,119.171879,932434,3456753
02/17/2017,119.171879,119.453129,119.117192,119.343754,743760,3496629
02/21/2017,119.351567,119.375004,119.148442,119.328129,1577557,3557180
02/22/2017,119.296879,119.468754,119.132817,119.359379,3734346,3540088
02/23/2017,119.367192,119.640629,119.335942,119.562504,4287598,3447334
02/24/2017,119.617191,119.945316,119.585941,119.921879,2745232,3302708
02/27/2017,119.945316,119.945316,119.554691,119.578129,1745786,3216035
02/28/2017,119.617191,119.687504,119.132816,119.492191,1776040,3155100
03/01/2017,119.234379,119.234379,118.859379,118.921879,1319120,3153350
03/02/2017,118.960941,118.984379,118.640629,118.734379,1123891,3117727
03/03/2017,118.796879,118.859379,118.593754,118.812504,954975,3078910
03/06/2017,118.804691,118.976566,118.765629,118.835941,647041,3078200
03/07/2017,118.812504,118.867191,118.664066,118.710941,873170,3082637
03/08/2017,118.664066,118.734379,118.359379,118.539066,647240,3087683
03/09/2017,118.476566,118.546879,118.296879,118.375004,868290,3093942
03/10/2017,118.320316,118.570316,118.273441,118.476566,919934,3096853
03/13/2017,118.500004,118.609379,118.312504,118.375004,520019,3057762
03/14/2017,118.312504,118.476566,118.296879,118.406254,525435,3041263
03/15/2017,118.382816,119.007816,118.367191,118.945316,1078831,3025797
03/16/2017,119.007816,119.046879,118.757816,118.867191,735736,2989550
03/17/2017,118.742191,119.015629,118.710941,118.929691,485256,2978354
03/20/2017,118.921879,119.125004,118.890629,119.085941,909090,2992139
03/21/2017,119.117191,119.359379,118.937504,119.250004,980538,3003478
03/22/2017,119.328129,119.523441,119.281254,119.414066,835019,3001099
03/23/2017,119.375004,119.500004,119.226566,119.382816,703288,3011479
03/24/2017,119.304691,119.492191,119.234379,119.453129,515025,2970102
03/27/2017,119.382816,119.687504,119.375004,119.539066,608498,2972504
03/28/2017,119.515629,119.617191,119.265629,119.320316,812941,3006166
03/29/2017,119.281254,119.531254,119.250004,119.476566,596387,3011142
03/30/2017,119.500004,119.531254,119.281254,119.351566,693073,3002255
03/31/2017,119.343754,119.539066,119.296879,119.515629,707745,2981811
04/03/2017,119.539066,119.890629,119.460941,119.765629,619410,2965057
04/04/2017,119.867191,119.945316,119.687504,119.765629,872300,2975040
04/05/2017,119.710941,119.984379,119.625004,119.812504,569830,3063326
04/06/2017,119.890629,119.960941,119.734379,119.843754,609498,3021562
04/07/2017,119.843754,120.257816,119.539066,119.601566,1151292,3002585
04/10/2017,119.585941,119.773441,119.492191,119.687504,637173,3009544
04/11/2017,119.671879,120.109379,119.664066,120.046879,747257,3024155
04/12/2017,120.046879,120.375004,119.960941,120.062504,686294,3044360
04/13/2017,120.343754,120.492191,120.210941,120.414066,692242,3066402
04/17/2017,120.757816,120.757816,120.296879,120.351566,520899,3089996
04/18/2017,120.343754,120.750004,120.304691,120.687504,783168,3161488
04/19/2017,120.726566,120.742191,120.468754,120.601566,601261,3198882
04/20/2017,120.562504,120.625004,120.328129,120.390629,725998,3173626
04/21/2017,120.437504,120.578129,120.367191,120.460941,541875,3155246
04/24/2017,120.039066,120.312504,119.867191,120.257816,756802,3165973
04/25/2017,120.265629,120.289066,119.953129,120.031254,574190,3178951
04/26/2017,120.007816,120.148441,119.906254,120.109379,796035,3238911
04/27/2017,120.109379,120.250004,120.046879,120.179691,638519,3229349
04/28/2017,120.179691,120.234379,119.953129,120.195316,913144,3209907
05/01/2017,120.187504,120.242191,119.984379,120.054691,508902,3200154
05/02/2017,120.101566,120.273441,119.984379,120.226566,604539,3238721
05/03/2017,120.250004,120.257816,119.984379,120.054691,673990,3210527
05/04/2017,120.007816,120.039066,119.796879,119.875004,661430,3198390
05/05/2017,119.851566,119.984379,119.664066,119.898441,710481,3197870
05/08/2017,119.820316,120.000004,119.726566,119.820316,568440,3194539
05/09/2017,119.773441,119.820316,119.617191,119.656254,578366,3191942
05/10/2017,119.710941,119.875004,119.625004,119.648441,604502,3201925
05/11/2017,119.640629,119.773441,119.578129,119.710941,734996,3216295
05/12/2017,119.765629,120.148441,119.750004,120.085941,778596,3228851
05/15/2017,120.109379,120.179691,120.015629,120.070316,530879,3203846
05/16/2017,120.062504,120.218754,119.984379,120.109379,705836,3209472
05/17/2017,120.117191,120.625004,120.109379,120.601566,1238092,3257225
05/18/2017,120.625004,120.789066,120.429691,120.484379,1309158,3253249
05/19/2017,120.468754,120.515629,120.351566,120.437504,764799,3281595
05/22/2017,120.453129,120.484379,120.343754,120.414066,1001814,3339472
05/23/2017,120.382816,120.531254,120.210941,120.242191,2620207,3348510
05/24/2017,120.257816,120.492191,120.179691,120.382816,2322087,3354413
05/25/2017,120.460941,120.492191,120.375003,120.414066,3395620,3428424
05/26/2017,120.398441,120.539066,120.382816,120.414066,2245806,3382942
05/30/2017,120.421878,120.593753,120.343753,120.578128,2566209,3308891
05/31/2017,120.554691,120.640628,120.460941,120.625003,1194940,3314934
06/01/2017,120.593753,120.593753,120.421878,120.554691,819269,3277127
06/02/2017,120.570316,120.890628,120.507816,120.781253,962028,3257773
06/05/2017,120.773441,120.804691,120.648441,120.679691,596424,3245226
06/06/2017,120.679691,120.929691,120.671878,120.835941,733341,3216254
06/07/2017,120.820316,120.851566,120.664066,120.687503,680960,3198339
06/08/2017,120.695316,120.703128,120.500003,120.625003,709442,3176233
06/09/2017,120.734378,120.781253,120.445316,120.593753,679892,3130383
06/12/2017,120.578128,120.648441,120.468753,120.531253,590897,3153438
06/13/2017,120.500003,120.562503,120.453128,120.531253,581515,3173532
06/14/2017,120.515628,121.085941,120.500003,120.781253,1552927,3195245
06/15/2017,120.820316,120.882816,120.562503,120.593753,811092,3183729
06/16/2017,120.593753,120.742191,120.500003,120.703128,619893,3132961
06/19/2017,120.726566,120.781253,120.453128,120.492191,701302,3095393
06/20/2017,120.484378,120.648441,120.429691,120.648441,654258,3099716
06/21/2017,120.593753,120.671878,120.507816,120.609378,631745,3051718
06/22/2017,120.585941,120.734378,120.585941,120.648441,490178,3062888
06/23/2017,120.648441,120.695316,120.593753,120.671878,412319,3057612
06/26/2017,120.671878,120.750003,120.570316,120.695316,508242,3079949
06/27/2017,120.679691,120.734378,120.375003,120.437503,948766,3113882
06/28/2017,120.421878,120.523441,120.273441,120.492191,925612,3118368
06/29/2017,120.476566,120.500003,120.156253,120.320316,872072,3090752
06/30/2017,120.320316,120.398441,120.101566,120.148441,977602,3058237
07/03/2017,120.140628,120.203128,119.851566,119.914066,457131,3057170
07/05/2017,119.929691,120.117191,119.835941,119.937503,840447,3033088
07/06/2017,119.992191,120.031253,119.726566,119.867191,792213,3014289
07/07/2017,119.890628,119.984378,119.781253,119.804691,649291,3005770
07/10/2017,119.843753,119.984378,119.828128,119.937503,454497,2997634
07/11/2017,119.906253,120.031253,119.820316,119.992191,531173,2986911
07/12/2017,119.992191,120.359378,119.976566,120.187503,853878,3004643
07/13/2017,120.187503,120.265628,120.046878,120.140628,571271,3009925
07/14/2017,120.132816,120.500003,120.085941,120.289066,784727,3010917
07/17/2017,120.257816,120.367191,120.234378,120.328128,420880,3006420
07/18/2017,120.289066,120.515628,120.281253,120.460941,701487,3001676
07/19/2017,120.468753,120.500003,120.382816,120.445316,483281,3006161
07/20/2017,120.421878,120.562503,120.406253,120.453128,608079,2991400
07/21/2017,120.445316,120.617191,120.429691,120.570316,499521,2958099
07/24/2017,120.562503,120.609378,120.421878,120.468753,403618,2978011
07/25/2017,120.468753,120.500003,120.140628,120.179691,728374,2973111
07/26/2017,120.148441,120.539066,120.140628,120.507816,998444,3017115
07/27/2017,120.476566,120.500003,120.304691,120.414066,840603,3006017
07/28/2017,120.390628,120.492191,120.257816,120.468753,617712,2983657
07/31/2017,120.460941,120.515628,120.414066,120.460941,547615,2958766
08/01/2017,120.429691,120.617191,120.343753,120.609378,654855,2979000
08/02/2017,120.593753,120.609378,120.445316,120.515628,635884,2995432
08/03/2017,120.484378,120.710941,120.476566,120.656253,541794,3010961
08/04/2017,120.671878,120.687503,120.421878,120.507816,647034,3009081
08/07/2017,120.531253,120.593753,120.429691,120.578128,420364,3023426
08/08/2017,120.570316,120.585941,120.421878,120.492191,480794,3016821
08/09/2017,120.562503,120.804691,120.554691,120.664066,605964,3050093
08/10/2017,120.632816,120.796878,120.578128,120.734378,604068,3046591
08/11/2017,120.781253,121.000003,120.734378,120.960941,716210,3072937
08/14/2017,120.921878,120.945316,120.750003,120.812503,561183,3074966
08/15/2017,120.820316,120.820316,120.507816,120.578128,674521,3121190
08/16/2017,120.554691,120.804691,120.492191,120.765628,724597,3148003
08/17/2017,120.742191,120.914066,120.640628,120.851566,626713,3160613
08/18/2017,120.890628,121.023441,120.757816,120.851566,718138,3145870
08/21/2017,120.843753,120.953128,120.781253,120.921878,510466,3166462
08/22/2017,120.914066,120.921878,120.734378,120.757816,1089900,3206004
08/23/2017,120.757816,120.953128,120.726566,120.937503,1449343,3266499
08/24/2017,120.945315,120.945315,120.781253,120.804690,2271652,3266499
08/25/2017,120.781253,120.914065,120.718753,120.882815,2867820,3274856
08/28/2017,120.867190,120.992190,120.828128,120.968753,2625418,3418108
08/29/2017,120.992190,121.312503,120.992190,121.101565,2545071,3365343
08/30/2017,121.140628,121.140628,120.953128,121.015628,1585686,3275548
08/31/2017,121.046878,121.109378,120.945315,121.085940,985634,3231092
09/01/2017,121.101565,121.257815,120.882815,120.953128,852910,3183182
09/05/2017,121.109378,121.429690,121.007815,121.406253,972208,3225663
09/06/2017,121.421878,121.476565,121.195315,121.203128,788730,3207862
09/07/2017,121.210940,121.554690,121.210940,121.429690,827197,3176474
09/08/2017,121.492190,121.632815,121.351565,121.421878,655132,3177032
09/11/2017,121.195315,121.335940,121.062503,121.132815,518021,3177032
09/12/2017,121.093753,121.125003,120.867190,120.929690,694159,3146416
09/13/2017,120.937503,121.000003,120.773440,120.796878,522083,3146416
09/14/2017,120.828128,120.859378,120.593753,120.718753,936260,3106658
09/15/2017,120.773440,120.812503,120.585940,120.632815,655145,3050407
09/18/2017,120.585940,120.609378,120.492190,120.531253,449812,3015741
09/19/2017,120.523440,120.617190,120.460940,120.484378,531910,2980492
09/20/2017,120.476565,120.609378,120.171878,120.234378,896258,2999465
09/21/2017,120.257815,120.351565,120.171878,120.203128,768916,2979467
09/22/2017,120.187503,120.390628,120.187503,120.281253,633855,2950341
09/25/2017,120.296878,120.507815,120.250003,120.453128,629647,2950341
09/26/2017,120.445315,120.484378,120.296878,120.406253,660658,2975757
09/27/2017,120.367190,120.382815,120.054690,120.148440,1055181,2996265
09/28/2017,120.140628,120.265628,119.976565,120.250003,850889,3007864
09/29/2017,120.242190,120.289065,120.007815,120.085940,1089239,2957188
10/02/2017,120.031253,120.117190,119.867190,120.039065,695659,2950017
10/03/2017,120.015628,120.140628,119.953128,120.093753,562556,2960992
10/04/2017,120.117190,120.250003,120.007815,120.093753,579943,2960992
10/05/2017,120.117190,120.148440,119.945315,119.976565,562962,2951030
10/06/2017,119.984378,120.015628,119.703128,119.875003,969683,2974289
10/09/2017,119.898440,119.953128,119.867190,119.914065,110988,2966205
10/10/2017,119.937503,120.085940,119.875003,119.992190,590492,2968723
10/11/2017,119.914065,120.031253,119.890628,119.937503,628531,2979315
10/12/2017,119.906253,120.054690,119.890628,120.000003,604711,2969957
10/13/2017,120.007815,120.234378,119.929690,120.164065,811172,2964203
10/16/2017,120.164065,120.164065,119.906253,119.929690,668093,2937093
10/17/2017,119.960940,120.007815,119.828128,119.929690,618209,2960660
10/18/2017,119.921878,119.929690,119.742190,119.796878,565622,2984970
10/19/2017,119.765628,120.015628,119.757815,119.859378,797900,2983008
10/20/2017,119.960940,120.000003,119.648440,119.679690,827929,2987042
10/23/2017,119.664065,119.804690,119.632815,119.765628,467745,2999181
10/24/2017,119.789065,119.812503,119.570315,119.679690,653989,3027773
10/25/2017,119.601565,119.648440,119.414065,119.546878,1017747,3071227
10/26/2017,119.601565,119.703128,119.429690,119.484378,884438,3122265
10/27/2017,119.437503,119.687503,119.375003,119.617190,942842,3103598
10/30/2017,119.679690,119.859378,119.671878,119.843753,674915,3103598
10/31/2017,119.835940,119.890628,119.726565,119.773440,708340,3064616
11/01/2017,119.734378,119.843753,119.640628,119.710940,693050,3116093
11/02/2017,119.757815,119.906253,119.710940,119.812503,723907,3133842
11/03/2017,119.812503,119.960940,119.703128,119.781253,676922,3120742
11/06/2017,119.828128,119.914065,119.765628,119.859378,495649,3144384
11/07/2017,119.875003,119.898440,119.765628,119.867190,608246,3150570
11/08/2017,119.835940,119.882815,119.726565,119.781253,553672,3163603
11/09/2017,119.734378,119.843753,119.671878,119.796878,886535,3155697
11/10/2017,119.757815,119.789065,119.570315,119.585940,772413,3201991
11/13/2017,119.578128,119.671878,119.453128,119.476565,568235,3208125
11/14/2017,119.476565,119.562503,119.382815,119.523440,844667,3229954
11/15/2017,119.554690,119.750003,119.539065,119.632815,1018482,3284719
11/16/2017,119.656253,119.656253,119.460940,119.515628,754799,3378498
11/17/2017,119.500003,119.609378,119.484378,119.523440,717777,3377363
11/20/2017,119.562503,119.632815,119.351565,119.351565,1513613,3468506
11/21/2017,119.359378,119.398440,119.226565,119.265628,2247147,3508111
11/22/2017,119.289065,119.585940,119.257815,119.570315,1959398,3557817
11/24/2017,119.562502,119.562502,119.437502,119.476565,1140985,3548686
11/27/2017,119.476565,119.593752,119.398440,119.585940,3467510,3486324
11/28/2017,119.578127,119.664065,119.492190,119.500002,3911322,3389401
11/29/2017,119.546877,119.570315,119.265627,119.406252,2413280,3301074
11/30/2017,119.312502,119.359377,119.062502,119.125002,1691885,3236108
12/01/2017,119.156252,119.492190,118.984377,119.242190,2064331,3141079
12/04/2017,119.015627,119.148440,118.945315,119.078127,791933,3115637
12/05/2017,119.085940,119.132815,118.945315,119.046877,992259,3072028
12/06/2017,119.078127,119.312502,119.054690,119.218752,926598,2985236
12/07/2017,119.187502,119.273440,119.117190,119.125002,745589,2968473
12/08/2017,119.156252,119.281252,119.054690,119.148440,709499,2991837
12/11/2017,119.164065,119.289065,119.070315,119.085940,487006,2981333
12/12/2017,119.093752,119.125002,118.960940,119.023440,739527,3013200
12/13/2017,119.023440,119.375002,118.882815,119.343752,1130165,3036706
12/14/2017,119.367190,119.375002,119.070315,119.234377,882641,3018648
12/15/2017,119.179690,119.203127,119.000002,119.101565,624070,3000325
12/18/2017,119.085940,119.148440,118.992190,119.078127,502292,3010617
12/19/2017,119.062502,119.070315,118.781252,118.835940,736921,3046985
12/20/2017,118.843752,118.906252,118.703127,118.734377,720942,3057136
12/21/2017,118.734377,118.820315,118.664065,118.710940,550789,3089144
12/22/2017,118.695315,118.734377,118.648440,118.671877,261377,3091226
12/26/2017,118.671877,118.750002,118.625002,118.742190,214112,3094652
12/27/2017,118.718752,118.937502,118.695315,118.921877,577314,3110027
12/28/2017,118.906252,118.914065,118.804690,118.851565,405231,3117363
12/29/2017,118.835940,118.984377,118.820315,118.945315,464252,3103029
01/02/2018,118.906252,118.929690,118.679690,118.757815,632157,3085886
01/03/2018,118.773440,118.867190,118.718752,118.765627,582585,3072806
01/04/2018,118.750002,118.757815,118.531252,118.648440,725728,3089229
01/05/2018,118.648440,118.789065,118.546877,118.578127,840929,3086075
01/08/2018,118.554690,118.632815,118.515627,118.570315,427507,3109938
01/09/2018,118.570315,118.609377,118.367190,118.421877,883124,3167648
01/10/2018,118.382815,118.445315,118.265627,118.406252,1127964,3171260
01/11/2018,118.390627,118.476565,118.343752,118.460940,994586,3180105
01/12/2018,118.382815,118.414065,118.148440,118.312502,994586,3198772
01/16/2018,118.304690,118.406252,118.210940,118.281252,911863,3195542
01/17/2018,118.289065,118.328127,118.039065,118.093752,894292,3200689
01/18/2018,118.039065,118.078127,117.968752,118.046877,989757,3232368
01/19/2018,118.007815,118.054690,117.843752,117.929690,885297,3256432
01/22/2018,117.898440,117.953127,117.781252,117.820315,792281,3294957
01/23/2018,117.867190,118.046877,117.828127,118.007815,724019,3316705
01/24/2018,118.039065,118.070315,117.882815,117.906252,997063,3340126
01/25/2018,117.937502,118.015627,117.750002,117.992190,882048,3378823
01/26/2018,117.976565,117.984377,117.687502,117.750002,860301,3401559
01/29/2018,117.734377,117.765627,117.460940,117.656252,921746,3394331
01/30/2018,117.664065,117.750002,117.507815,117.617190,883449,3377130
01/31/2018,117.617190,117.726565,117.367190,117.492190,1459461,3423512
02/01/2018,117.523440,117.523440,117.265627,117.328127,1073845,3462832
02/02/2018,117.273440,117.359377,117.070315,117.195315,1341616,3492309
02/05/2018,117.234377,118.015627,117.156252,117.570315,1941113,3492761
02/06/2018,117.968752,118.445315,117.437502,117.609377,2254617,3450680
02/07/2018,117.453127,117.679690,117.265627,117.351565,1350943,3471469
02/08/2018,117.398440,117.539065,117.148440,117.335940,1583784,3488556
02/09/2018,117.453127,117.898440,117.328127,117.601565,1827908,3445015
02/12/2018,117.468752,117.468752,117.265627,117.398440,988971,3433606
02/13/2018,117.367190,117.531252,117.367190,117.421877,820376,3429213
02/14/2018,117.429690,117.554690,116.937502,116.984377,1464217,3490121
02/15/2018,117.023440,117.085940,116.765627,117.000002,1101879,3494492
02/16/2018,116.945315,117.156252,116.921877,117.085940,802328,3483346
02/20/2018,117.070315,117.101565,116.789065,116.992190,1537267,3636538
02/21/2018,117.000002,117.070315,116.789065,116.867190,2586972,3851861
02/22/2018,116.820315,117.031252,116.796877,117.000002,3208860,3956157
02/23/2018,117.000002,117.226565,116.929690,117.164065,2880542,3747111
02/26/2018,117.132815,117.328127,117.093752,117.218752,4416373,3533700
02/27/2018,117.203127,117.242190,116.835940,116.914065,2875076,3469039
02/28/2018,116.945315,117.046877,116.804690,117.007815,1331946,3396643
03/01/2018,117.039065,117.453127,116.968752,117.390627,1536915,3365515
03/02/2018,117.335940,117.476565,117.093752,117.171877,1173421,3398896
03/05/2018,117.140627,117.421877,117.007815,117.085940,863489,3362902
03/06/2018,117.054690,117.179690,116.953127,117.062502,804763,3375246
03/07/2018,117.101565,117.328127,117.023440,117.054690,906743,3364530
03/08/2018,117.046877,117.203127,117.015627,117.125002,664034,3336445
03/09/2018,117.125002,117.156252,116.929690,117.046877,856795,3328650
03/12/2018,117.031252,117.156252,116.976565,117.125002,558686,3339887
03/13/2018,117.125002,117.304690,117.062502,117.164065,1006557,3322739
03/14/2018,117.210940,117.351565,117.070315,117.265627,944503,3345033
03/15/2018,117.250002,117.367190,117.148440,117.210940,728198,3336685
03/16/2018,117.187502,117.257815,117.062502,117.093752,638669,3361122
03/19/2018,117.101565,117.203127,116.945315,117.109377,843719,3368850
03/20/2018,117.054690,117.070315,116.835940,116.929690,718033,3380064
03/21/2018,116.843752,117.007815,116.671877,116.875002,1065852,3412014
03/22/2018,116.953127,117.335940,116.937502,117.179690,1403042,3385863
03/23/2018,117.187502,117.414065,117.140627,117.289065,1108364,3371014
03/26/2018,117.296877,117.343752,117.117190,117.171877,761128,3369390
03/27/2018,117.125002,117.531252,117.101565,117.453127,1169537,3386383
03/28/2018,117.507815,117.695315,117.335940,117.429690,1341345,3389834
03/29/2018,117.398440,117.578127,117.375002,117.539065,880849,3427082
04/02/2018,117.453127,117.726565,117.398440,117.648440,664762,3408805
04/03/2018,117.632815,117.648440,117.359377,117.382815,805078,3397735
04/04/2018,117.437502,117.570315,117.281252,117.375002,740959,3383210
04/05/2018,117.296877,117.312502,117.203127,117.218752,671866,3410710
04/06/2018,117.226565,117.515627,117.210940,117.468752,965364,3423242
04/09/2018,117.460940,117.476565,117.289065,117.390627,565584,3425779
04/10/2018,117.406252,117.445315,117.234377,117.289065,776571,3430716
04/11/2018,117.242190,117.500002,117.242190,117.320315,809225,3432729
04/12/2018,117.343752,117.390627,117.023440,117.062502,828278,3489950
04/13/2018,117.078127,117.164065,116.968752,117.039065,640201,3475158
04/16/2018,117.046877,117.046877,116.882815,117.023440,597287,3496104
04/17/2018,116.992190,117.054690,116.921877,117.046877,584720,3527238
04/18/2018,116.992190,117.023440,116.773440,116.796877,782449,3588963
04/19/2018,116.812502,116.843752,116.617190,116.671877,946167,3562141
04/20/2018,116.695315,116.734377,116.484377,116.523440,669035,3564805
04/23/2018,116.492190,116.500002,116.359377,116.414065,766377,3559386
04/24/2018,116.398440,116.476565,116.296877,116.468752,851241,3576217
04/25/2018,116.382815,116.429690,116.273440,116.375002,1156482,3690554
04/26/2018,116.359377,116.523440,116.343752,116.453127,865547,3690032
04/27/2018,116.453127,116.554690,116.406252,116.523440,688596,3672940
04/30/2018,116.507815,116.593752,116.453127,116.585940,832230,3692225
05/01/2018,116.539065,116.554690,116.421877,116.429690,570621,3685665
05/02/2018,116.476565,116.546877,116.382815,116.515627,821671,3711554
05/03/2018,116.539065,116.710940,116.515627,116.609377,870157,3730511
05/04/2018,116.609377,116.804690,116.539065,116.601565,383730,3712562
05/07/2018,116.562502,116.632815,116.523440,116.593752,411620,3696673
05/08/2018,116.546877,116.593752,116.414065,116.484377,671659,3691999
05/09/2018,116.453127,116.468752,116.328127,116.351565,806721,3759840
05/10/2018,116.328127,116.617190,116.320315,116.359377,935333,3774900
05/11/2018,116.382815,116.429690,116.328127,116.367190,569308,3790040
05/14/2018,116.359377,116.414065,116.257815,116.320315,650329,3787238
05/15/2018,116.265627,116.296877,115.945315,115.984377,1503534,3845338
05/16/2018,116.031252,116.101565,115.906252,115.953127,981420,3865712
05/17/2018,115.929690,116.023440,115.859377,115.976565,997036,3873494
05/18/2018,115.960940,116.187502,115.914065,116.156252,969865,3880041
05/21/2018,116.093752,116.164065,116.039065,116.140627,982922,3875733
05/22/2018,116.117190,116.171877,116.046877,116.148440,1158766,3933642
05/23/2018,116.140627,116.484377,116.125002,116.445315,2987264,3993794
05/24/2018,116.468752,116.664065,116.398440,116.523440,3060262,4019727
05/25/2018,116.523440,116.843752,116.460940,116.773440,3740105,3886844
05/29/2018,116.781252,117.773440,116.656252,117.734377,7629587,3893669
05/30/2018,117.796877,117.851565,117.070315,117.250002,3427956,3747313
05/31/2018,117.210940,117.289065,117.023440,117.265627,1823389,3731361
06/01/2018,117.179690,117.179690,116.750002,116.898440,1257526,3709452
06/04/2018,116.851565,116.882815,116.625002,116.687502,848129,3711813
06/05/2018,116.632815,116.906252,116.632815,116.804690,775120,3680757
06/06/2018,116.757815,116.789065,116.531252,116.562502,813765,3685420
06/07/2018,116.578127,117.007815,116.484377,116.726565,1139226,3688089
06/08/2018,116.804690,116.960940,116.656252,116.750002,884757,3692911
06/11/2018,116.710940,116.750002,116.593752,116.632815,610894,3751491
06/12/2018,116.648440,116.703127,116.507815,116.593752,682881,3760964
06/13/2018,116.578127,116.625002,116.281252,116.429690,988426,3777445
06/14/2018,116.468752,116.632815,116.414065,116.539065,943916,3751145
06/15/2018,116.570315,116.765627,116.546877,116.617190,828536,3761957
06/18/2018,116.625002,116.726565,116.609377,116.617190,481351,3737488
06/19/2018,116.664065,117.000002,116.656252,116.765627,844557,3761757
06/20/2018,116.750002,116.843752,116.578127,116.640627,722415,3748024
06/21/2018,116.578127,116.835940,116.531252,116.796877,835190,3729204
06/22/2018,116.789065,116.820315,116.671877,116.765627,488638,3737118
06/25/2018,116.773440,116.953127,116.773440,116.914065,881309,3737054
06/26/2018,116.859377,116.960940,116.789065,116.898440,644038,3749875
06/27/2018,116.890627,117.140627,116.867190,117.132815,994557,3795389
06/28/2018,117.117190,117.171877,116.992190,117.015627,702160,3816271
06/29/2018,117.054690,117.078127,116.898440,116.992190,617814,3811671
07/02/2018,116.937502,117.125002,116.843752,116.882815,637804,3838532
07/03/2018,116.843752,117.031252,116.781252,116.992190,629290,3838219
07/05/2018,117.015627,117.046877,116.875002,116.921877,592595,3851008
07/06/2018,116.984377,117.187502,116.914065,117.015627,555418,3870349
07/09/2018,117.031252,117.039065,116.859377,116.882815,470661,3876542
07/10/2018,116.890627,116.898440,116.773440,116.781252,544588,3896430
07/11/2018,116.921877,117.023440,116.804690,116.929690,798487,3893970
07/12/2018,116.875002,116.929690,116.765627,116.859377,656481,3877005
07/13/2018,116.921877,117.023440,116.851565,117.007815,530566,3865423
07/16/2018,117.015627,117.015627,116.789065,116.882815,612822,3850245
07/17/2018,116.890627,116.921877,116.812502,116.843752,453547,3837162
07/18/2018,116.828127,116.914065,116.781252,116.820315,468397,3837159
07/19/2018,116.828127,117.031252,116.687502,116.960940,925393,3880128
07/20/2018,116.976565,117.007815,116.820315,116.851565,735665,3923342
07/23/2018,116.859377,116.921877,116.546877,116.554690,854319,3909703
07/24/2018,116.601565,116.664065,116.515627,116.593752,755155,3914191
07/25/2018,116.570315,116.640627,116.453127,116.625002,991513,3942663
07/26/2018,116.476565,116.578127,116.414065,116.453127,710795,3965246
07/27/2018,116.437502,116.539065,116.406252,116.500002,629746,3949523
07/30/2018,116.523440,116.531252,116.414065,116.492190,566269,3959499
07/31/2018,116.500002,116.640627,116.468752,116.500002,1067516,3957790
08/01/2018,116.468752,116.578127,116.328127,116.382815,875198,4010809
08/02/2018,116.390627,116.507815,116.359377,116.500002,715832,4054580
08/03/2018,116.468752,116.679690,116.437502,116.671877,760947,4111194
08/06/2018,116.679690,116.773440,116.609377,116.710940,543093,4173630
08/07/2018,116.710940,116.718752,116.515627,116.539065,565377,4184333
08/08/2018,116.539065,116.617190,116.515627,116.562502,603264,4192929
08/09/2018,116.570315,116.718752,116.554690,116.679690,713863,4227434
08/10/2018,116.695315,117.101565,116.687502,117.078127,1268883,4252624
08/13/2018,117.062502,117.156252,116.929690,116.992190,1176830,4220049
08/14/2018,116.945315,116.992190,116.851565,116.906252,696993,4229925
08/15/2018,116.875002,117.179690,116.859377,117.093752,941072,4263088
08/16/2018,117.031252,117.070315,116.890627,116.976565,732496,4291912
08/17/2018,116.992190,117.101565,116.945315,116.960940,677623,4293499
08/20/2018,116.992190,117.226565,116.968752,117.195315,723407,4314052
08/21/2018,117.210940,117.210940,117.039065,117.078127,1109300,4317064
08/22/2018,117.148440,117.242190,117.101565,117.171877,1214225,4330162
08/23/2018,117.171877,117.203127,117.062502,117.125002,2311301,4275158
08/24/2018,117.078127,117.125002,116.968752,117.078127,1801113,4290402
08/27/2018,117.101565,117.132815,116.960940,116.976565,2561503,4377615
08/28/2018,116.968752,117.000002,116.820315,116.851565,4620391,4414152
08/29/2018,116.843752,116.914065,116.734377,116.789065,2761072,4389599
08/30/2018,116.757815,116.937502,116.750002,116.906252,2118478,4369443
08/31/2018,116.914065,117.039065,116.898440,117.007815,1264632,4292482
09/04/2018,116.968752,117.031252,116.804690,116.812502,950951,4277516
09/05/2018,116.820315,116.921877,116.773440,116.843752,860097,4321070
09/06/2018,116.851565,117.000002,116.828127,116.960940,811968,4331867
09/07/2018,116.992190,117.007815,116.562502,116.585940,1199463,4349789
09/10/2018,116.578127,116.640627,116.554690,116.578127,504741,4335164
09/11/2018,116.585940,116.593752,116.359377,116.375002,773835,4337201
09/12/2018,116.382815,116.468752,116.375002,116.414065,792471,4377149
09/13/2018,116.414065,116.500002,116.289065,116.390627,955528,4400377
09/14/2018,116.351565,116.390627,116.203127,116.242190,774578,4423568
09/17/2018,116.218752,116.304690,116.148440,116.234377,716506,4427901
09/18/2018,116.289065,116.359377,116.031252,116.085940,801234,4429991
09/19/2018,116.046877,116.117190,115.937502,115.976565,911008,4406775
09/20/2018,116.046877,116.070315,115.898440,115.976565,847702,4378383
09/21/2018,116.000002,116.046877,115.921877,116.023440,546606,4368428
09/24/2018,116.039065,116.054690,115.906252,116.007815,673014,4369099
09/25/2018,115.945315,115.968752,115.859377,115.906252,799703,4407198
09/26/2018,115.898440,116.125002,115.898440,116.054690,885395,4440844
09/27/2018,116.117190,116.195315,115.984377,116.031252,879413,4414105
09/28/2018,116.039065,116.187502,116.039065,116.085940,979747,4430224
10/01/2018,116.039065,116.093752,115.945315,116.054690,663978,4441002
10/02/2018,116.031252,116.203127,116.023440,116.132815,884681,4405554
10/03/2018,116.085940,116.164065,115.656252,115.765627,1414895,4423234
10/04/2018,115.687502,115.718752,115.500002,115.632815,1457213,4415712
10/05/2018,115.664065,115.703127,115.468752,115.562502,1226985,4435923
10/08/2018,115.562502,115.671877,115.437502,115.632815,273440,4427030
10/09/2018,115.593752,115.671877,115.523440,115.625002,1043194,4448802
10/10/2018,115.609377,115.890627,115.492190,115.625002,1342492,4485087
10/11/2018,115.898440,115.976565,115.710940,115.945315,2030102,4499110
10/12/2018,115.851565,115.984377,115.726565,115.929690,1053758,4490536
10/15/2018,115.835940,115.937502,115.812502,115.820315,730710,4516912
10/16/2018,115.851565,115.867190,115.742190,115.835940,789564,4518373
10/17/2018,115.781252,115.882815,115.625002,115.726565,736551,4529282
10/18/2018,115.632815,115.890627,115.570315,115.804690,1157661,4541703
10/19/2018,115.773440,115.828127,115.648440,115.671877,995740,4529341
10/22/2018,115.687502,115.765627,115.640627,115.695315,663797,4536782
10/23/2018,115.679690,116.085940,115.679690,115.875002,1460156,4579572
10/24/2018,115.875002,116.257815,115.843752,116.093752,1614370,4650284
10/25/2018,116.195315,116.250002,115.984377,116.031252,1080583,4668414
10/26/2018,116.125002,116.484377,116.125002,116.367190,1661654,4698660
10/29/2018,116.375002,116.445315,116.164065,116.312502,1162701,4666668
10/30/2018,116.296877,116.320315,116.132815,116.210940,1023997,4702228
10/31/2018,116.125002,116.140627,115.937502,115.992190,1111281,4737960
11/01/2018,116.031252,116.132815,115.960940,116.093752,955623,4798705
11/02/2018,116.156252,116.156252,115.726565,115.765627,1302161,4786410
11/05/2018,115.781252,115.882815,115.773440,115.812502,707386,4815317
11/06/2018,115.796877,115.859377,115.648440,115.703127,743257,4803768
11/07/2018,115.664065,115.835940,115.515627,115.648440,831330,4797268
11/08/2018,115.531252,115.648440,115.476565,115.515627,904610,4763292
11/09/2018,115.507815,115.773440,115.507815,115.726565,963604,4789160
11/12/2018,115.765627,115.968752,115.742190,115.921877,320931,4797801
11/13/2018,115.929690,116.031252,115.835940,115.984377,1152745,4844662
11/14/2018,115.984377,116.304690,115.914065,116.148440,1557157,4923232
11/15/2018,116.109377,116.375002,116.062502,116.187502,1421547,4973036
11/16/2018,116.195315,116.500002,116.164065,116.429690,1505257,5076401
11/19/2018,116.507815,116.609377,116.367190,116.554690,1293723,5117693
11/20/2018,116.523440,116.609377,116.429690,116.523440,1632207,5046082
11/21/2018,116.437502,116.476565,116.296877,116.437502,1806889,5044847
11/23/2018,116.421877,116.570315,116.390627,116.492190,1200229,4955306
11/26/2018,116.476565,116.531252,116.351565,116.382815,3205685,5023392
11/27/2018,116.453127,116.523440,116.382815,116.460940,5070752,5016080
11/28/2018,116.437502,116.609377,116.375002,116.578127,5392407,5072976
11/29/2018,116.562502,116.796877,116.515627,116.585940,3445869,5024789
11/30/2018,116.625002,116.765627,116.578127,116.617190,1175831,4897818
12/03/2018,116.562502,116.742190,116.421877,116.632815,1227870,4826276
12/04/2018,116.734377,116.953127,116.648440,116.812502,1227870,4826276
12/06/2018,116.843752,117.406252,116.796877,117.078127,2053341,4696545
12/07/2018,117.070315,117.375002,117.000002,117.351565,1478339,4736331
12/10/2018,117.398440,117.484377,117.250002,117.296877,1363040,4705303
12/11/2018,117.273440,117.359377,117.093752,117.156252,1231956,4714846
12/12/2018,117.156252,117.195315,117.007815,117.062502,894517,4674738
12/13/2018,117.039065,117.140627,117.007815,117.085940,912359,4671478
12/14/2018,117.085940,117.335940,117.078127,117.210940,822581,4694106
12/17/2018,117.210940,117.421877,117.156252,117.367190,722214,4698234
12/18/2018,117.367190,117.578127,117.343752,117.531252,1044170,4722435
12/19/2018,117.578127,117.804690,117.351565,117.664065,1262500,4664533
12/20/2018,117.648440,117.687502,117.468752,117.570315,1433654,4713646
12/21/2018,117.468752,117.710940,117.437502,117.632815,386510,4686078
12/24/2018,117.695315,118.007815,117.671877,117.914065,411377,4610743
12/26/2018,118.007815,118.078127,117.609377,117.710940,731383,4655729
12/27/2018,117.656252,118.054690,117.640627,118.023440,896065,4694559
12/28/2018,117.914065,118.187502,117.843752,118.093752,793515,4706303
12/31/2018,118.125002,118.406252,118.046877,118.343752,637495,4695255
01/02/2019,118.195315,118.562502,118.187502,118.343752,963916,4682837
01/03/2019,118.601565,119.039065,118.367190,118.960940,1778369,4645700
01/04/2019,118.992190,119.015627,118.296877,118.414065,858520,4590743
01/07/2019,118.328127,118.531252,118.140627,118.242190,956715,4582407
01/08/2019,118.156252,118.218752,117.921877,117.992190,893670,4564764
01/09/2019,117.953127,118.132815,117.867190,118.039065,980618,4542687
01/10/2019,118.085940,118.304690,117.976565,118.046877,989895,4490778
01/11/2019,118.000002,118.281252,117.984377,118.187502,613740,4501638
01/14/2019,118.171877,118.398440,118.148440,118.171877,731354,4493419
01/15/2019,118.187502,118.359377,118.109377,118.187502,1119186,4534842
01/16/2019,118.148440,118.187502,118.007815,118.093752,794189,4529855
01/17/2019,118.117190,118.234377,117.882815,117.953127,912748,4537488
01/18/2019,117.945315,117.984377,117.640627,117.710940,1004632,4517213
01/22/2019,117.703127,117.984377,117.695315,117.953127,976421,4505973
01/23/2019,117.898440,117.937502,117.750002,117.843752,818711,4473763
01/24/2019,117.906252,118.109377,117.859377,118.054690,877779,4494189
01/25/2019,118.031252,118.062502,117.781252,117.843752,860944,4482560
01/28/2019,117.804690,117.953127,117.750002,117.890627,922132,4476995
01/29/2019,117.875002,118.070315,117.867190,118.039065,816173,4531425
01/30/2019,118.031252,118.351565,117.906252,118.242190,1277052,4577572
01/31/2019,118.312502,118.593752,118.281252,118.515627,1398465,4582602
02/01/2019,118.515627,118.554690,118.132815,118.187502,1464465,4498427
02/04/2019,118.195315,118.210940,118.015627,118.062502,765098,4509443
02/05/2019,118.054690,118.210940,117.984377,118.156252,740848,4519900
02/06/2019,118.156252,118.296877,118.125002,118.171877,765028,4529275
02/07/2019,118.179690,118.414065,118.171877,118.406252,1002506,4513213
02/08/2019,118.359377,118.539065,118.343752,118.468752,719350,4521100
02/11/2019,118.445315,118.468752,118.257815,118.296877,690726,4501831
02/12/2019,118.335940,118.351565,118.164065,118.234377,698447,4492647
02/13/2019,118.210940,118.226565,118.015627,118.062502,869619,4476565
02/14/2019,118.085940,118.398440,118.023440,118.312502,1094299,4503863
02/15/2019,118.296877,118.335940,118.148440,118.203127,702991,4494429
02/19/2019,118.203127,118.375002,118.140627,118.320315,1200420,4571330
02/20/2019,118.367190,118.398440,118.273440,118.289065,1347557,4585673
02/21/2019,118.320315,118.335940,118.070315,118.125002,3336274,4612114
02/22/2019,118.109377,118.390627,118.101565,118.320315,2515285,4666402
02/25/2019,118.273440,118.289065,118.179690,118.250002,4951657,4573333
02/26/2019,118.281252,118.429690,118.265627,118.421877,4021268,4446488
02/27/2019,118.406252,118.445315,118.164065,118.195315,2747539,4377492
02/28/2019,118.234377,118.359377,117.976565,118.078127,1665169,4316932
03/01/2019,118.070315,118.085940,117.789065,117.835940,1037574,4304166
03/04/2019,117.804690,117.992190,117.742190,117.960940,849370,4247976
03/05/2019,117.968752,117.992190,117.804690,117.953127,755519,4203625
03/06/2019,117.976565,118.164065,117.945315,118.109377,974942,4232612
03/07/2019,118.101565,118.406252,118.093752,118.398440,1080421,4246723
03/08/2019,118.359377,118.585940,118.328127,118.453127,990974,4274931
03/11/2019,118.414065,118.460940,118.335940,118.375002,590934,4261398
03/12/2019,118.351565,118.570315,118.218752,118.507815,856214,4253937
03/13/2019,118.515627,118.531252,118.398440,118.507815,584876,4232742
03/14/2019,118.421877,118.523440,118.359377,118.437502,623949,4240804
03/15/2019,118.429690,118.664065,118.390627,118.578127,811475,4246447
03/18/2019,118.570315,118.625002,118.492190,118.507815,578923,4264479
03/19/2019,118.515627,118.578127,118.398440,118.460940,736711,4230113
03/20/2019,118.445315,118.984377,118.429690,118.882815,1160722,4237133
03/21/2019,118.898440,119.046877,118.804690,118.843752,1076521,4204569
03/22/2019,118.851565,119.406252,118.843752,119.265627,1402937,4241517
03/25/2019,119.304690,119.742190,119.187502,119.539065,1313858,4260563
03/26/2019,119.640627,119.648440,119.335940,119.578127,1171266,4268476
03/27/2019,119.500002,119.960940,119.476565,119.718752,1621082,4334120
03/28/2019,119.734377,119.875002,119.460940,119.570315,1119975,4334253
03/29/2019,119.484377,119.531252,119.257815,119.343752,1299611,4255756
04/01/2019,119.296877,119.351565,118.945315,119.031252,1133590,4236250
04/02/2019,119.015627,119.187502,119.000002,119.132815,724319,4251886
04/03/2019,119.156252,119.179690,118.914065,118.992190,644870,4288427
04/04/2019,118.960940,119.125002,118.945315,119.000002,714084,4286919
04/05/2019,118.992190,119.101565,118.828127,119.007815,804913,4281096
04/08/2019,119.031252,119.093752,118.914065,118.937502,433673,4295384
04/09/2019,118.929690,119.109377,118.898440,119.039065,723299,4314643
04/10/2019,119.015627,119.234377,118.976565,119.148440,824081,4379156
04/11/2019,119.187502,119.187502,118.960940,118.976565,631799,4417842
04/12/2019,118.992190,119.023440,118.656252,118.695315,931469,4443499
04/15/2019,118.671877,118.742190,118.609377,118.710940,560609,4462996
04/16/2019,118.718752,118.750002,118.523440,118.539065,726951,4496281
04/17/2019,118.554690,118.632815,118.445315,118.585940,781915,4546442
04/18/2019,118.578127,118.789065,118.562502,118.726565,782750,4557468
04/22/2019,118.710940,118.750002,118.625002,118.640627,324667,4569514
04/23/2019,118.656252,118.828127,118.617190,118.773440,713185,4599028
04/24/2019,118.773440,119.046877,118.765627,118.992190,865613,4705859
04/25/2019,118.984377,119.023440,118.898440,118.929690,624668,4732614
04/26/2019,118.921877,119.179690,118.851565,119.109377,920828,4776023
04/29/2019,119.117190,119.132815,118.968752,119.000002,693689,4763623
04/30/2019,119.039065,119.179690,118.898440,119.156252,1149135,4784948
05/01/2019,119.164065,119.476565,118.960940,119.046877,1393416,4770324
05/02/2019,119.023440,119.046877,118.773440,118.781252,947031,4762611
05/03/2019,118.812502,118.984377,118.625002,118.882815,918514,4793952
05/06/2019,119.000002,119.367190,119.000002,119.039065,826474,4799561
05/07/2019,119.242190,119.250002,119.023440,119.234377,1067686,4786121
05/08/2019,119.187502,119.335940,119.031252,119.093752,1052635,4803870
05/09/2019,119.070315,119.421877,119.070315,119.242190,1062800,4802300
05/10/2019,119.273440,119.398440,119.140627,119.257815,1137676,4828394
05/13/2019,119.320315,119.640627,119.265627,119.554690,1227844,4892363
05/14/2019,119.539065,119.617190,119.429690,119.484377,935489,4911838
05/15/2019,119.523440,119.820315,119.468752,119.695315,1270543,4994746
05/16/2019,119.718752,119.796877,119.460940,119.531252,1033519,5022425
05/17/2019,119.601565,119.757815,119.484377,119.546877,987381,5053596
05/20/2019,119.562502,119.609377,119.414065,119.437502,1155752,4986689
05/21/2019,119.429690,119.468752,119.265627,119.320315,1183961,4945717
05/22/2019,119.320315,119.539065,119.304690,119.500002,1964158,4889505
05/23/2019,119.531252,120.000002,119.515627,119.968752,3912952,4882976
05/24/2019,119.804689,119.867189,119.734377,119.742189,2564117,4905527
05/28/2019,119.820314,120.078127,119.734377,120.031252,5564931,5000222
05/29/2019,120.039064,120.312502,119.968752,120.148439,4741671,4918811
05/30/2019,119.968752,120.257814,119.851564,120.187502,1846145,4747377
05/31/2019,120.226564,120.789064,120.210939,120.687502,2329579,4654120
06/03/2019,120.671877,121.234377,120.656252,121.093752,1653091,4686057
06/04/2019,121.140627,121.210939,120.710939,120.921877,1332253,4646931
06/05/2019,120.835939,121.335939,120.781252,121.015627,1517826,4630006
06/06/2019,120.960939,121.164064,120.812502,120.890627,1275080,4588917
06/07/2019,120.906252,121.359377,120.820314,121.023439,1203610,4526004
06/10/2019,120.742189,120.937502,120.695314,120.757814,798849,4509757
06/11/2019,120.718752,120.789064,120.585939,120.765627,753089,4509009
06/12/2019,120.726564,120.992189,120.718752,120.906252,951036,4515432
06/13/2019,120.937502,121.195314,120.890627,121.148439,721419,4517503
06/14/2019,121.093752,121.304689,120.945314,121.046877,904611,4520957
06/17/2019,121.109377,121.109377,120.914064,121.039064,580304,4532288
06/18/2019,121.000002,121.382814,120.968752,121.101564,1133563,4526480
06/19/2019,121.109377,121.476564,120.867189,121.437502,1444515,4567406
06/20/2019,121.460939,121.703127,121.250002,121.570314,1583532,4561819
06/21/2019,121.367189,121.492189,121.171877,121.250002,599660,4477893
06/24/2019,121.328127,121.554689,121.265627,121.507814,637047,4441802
06/25/2019,121.523439,121.726564,121.453127,121.617189,1079326,4450788
06/26/2019,121.648439,121.648439,121.265627,121.273439,992029,4499293
06/27/2019,121.304689,121.500002,121.125002,121.476564,849545,4530138
06/28/2019,121.437502,121.500002,121.335939,121.476564,897611,4475582
07/01/2019,121.242189,121.468752,121.171877,121.289064,915636,4426615
07/02/2019,121.320314,121.554689,121.296877,121.515627,692729,4440077
07/03/2019,121.539064,121.695314,121.500002,121.531252,696236,4397794
07/05/2019,121.554689,121.640627,120.914064,121.000002,1154313,4411172
07/08/2019,121.007814,121.171877,120.898439,120.992189,744377,4359815
07/09/2019,120.929689,121.007814,120.773439,120.867189,799991,4343677
07/10/2019,120.828127,121.140627,120.632814,121.062502,1111600,4393963
07/11/2019,121.070314,121.187502,120.695314,120.828127,1250609,4408281
07/12/2019,120.765627,120.937502,120.726564,120.914064,468600,4428138
07/15/2019,120.859377,120.976564,120.765627,120.953127,521212,4445106
07/16/2019,120.968752,120.992189,120.687502,120.789064,792536,4460246
07/17/2019,120.851564,121.140627,120.812502,121.031252,685182,4507627
07/18/2019,121.101564,121.343752,120.968752,121.234377,784240,4531919
07/19/2019,121.312502,121.375002,121.023439,121.132814,524690,4509789
07/22/2019,121.109377,121.218752,121.000002,121.171877,553794,4520618
07/23/2019,121.148439,121.164064,120.992189,121.039064,581392,4542598
07/24/2019,120.984377,121.210939,120.984377,121.078127,958780,4548329
07/25/2019,121.101564,121.257814,120.820314,120.906252,1030770,4532974
07/26/2019,120.882814,120.960939,120.742189,120.859377,701710,4515665
07/29/2019,120.937502,121.031252,120.914064,121.000002,559676,4514469
07/30/2019,120.929689,121.062502,120.882814,120.937502,1400600,4616762
07/31/2019,120.953127,121.117189,120.570314,120.875002,1490670,4601370
08/01/2019,120.945314,121.804689,120.742189,121.710939,2133121,4672872
08/02/2019,121.578127,121.898439,121.484377,121.718752,1455358,4644060
08/05/2019,121.742189,122.421877,121.710939,122.359377,1585240,4684661
08/06/2019,122.492189,122.632814,122.117189,122.304689,1313007,4679299
08/07/2019,122.429689,122.921877,122.265627,122.507814,1711732,4686861
08/08/2019,122.273439,122.406252,122.054689,122.335939,697420,4663131
08/09/2019,122.375002,122.531252,122.093752,122.195314,774279,4682558
08/12/2019,122.179689,122.578127,122.117189,122.546877,1418600,4667922
08/13/2019,122.476564,122.625002,121.992189,122.085939,1266700,4643743
08/14/2019,122.015627,122.570314,122.000002,122.453127,1373064,4636672
08/15/2019,122.406252,122.945314,122.328127,122.757814,1569780,4593914
08/16/2019,122.742189,122.859377,122.515627,122.820314,997498,4580047
08/19/2019,122.789064,122.789064,122.492189,122.578127,837393,4598624
08/20/2019,122.523439,122.835939,122.515627,122.703127,1094555,4677775
08/21/2019,122.718752,122.726564,122.468752,122.523439,1339610,4618224
08/22/2019,122.492189,122.640627,122.304689,122.390627,1752124,4571422
08/23/2019,122.343752,122.890627,122.148439,122.773439,3104732,4449074
08/26/2019,122.906251,123.179689,122.640626,122.664064,3722155,4446787
08/27/2019,122.742189,122.937501,122.703126,122.843751,5381885,4529242
08/28/2019,122.914064,123.046876,122.820314,122.953126,3882193,4384762
08/29/2019,122.968751,123.070314,122.664064,122.757814,1833732,4241897
08/30/2019,122.804689,122.898439,122.632814,122.851564,997700,4129181
09/03/2019,122.914064,123.265626,122.734376,123.117189,1166719,4162661
09/04/2019,123.140626,123.281251,123.015626,123.257814,915015,4106775
09/05/2019,123.210939,123.226564,122.484376,122.640626,1301243,4098860
09/06/2019,122.664064,122.773439,122.351564,122.703126,978239,4120597
09/09/2019,122.656251,122.679689,122.265626,122.382814,728743,4164732
09/10/2019,122.296876,122.375001,121.750001,121.945314,1092710,4157752
09/11/2019,121.820314,121.929689,121.750001,121.828126,1167100,4167305
09/12/2019,121.835939,122.093751,121.500001,121.515626,1251382,4147137
09/13/2019,121.593751,121.625001,120.968751,121.015626,1144494,4128857
09/16/2019,121.171876,121.343751,121.109376,121.289064,944330,4107212
09/17/2019,121.328126,121.523439,121.250001,121.476564,1100432,4115850
09/18/2019,121.515626,121.828126,121.367189,121.507814,1041847,4092391
09/19/2019,121.445314,121.671876,121.343751,121.601564,993110,4113394
09/20/2019,121.546876,121.781251,121.460939,121.609376,880269,4132900
09/23/2019,121.710939,122.046876,121.562501,121.835939,768068,4095858
09/24/2019,121.781251,122.289064,121.742189,122.242189,988041,4111505
09/25/2019,122.140626,122.250001,121.757814,121.789064,1054876,4127075
09/26/2019,121.773439,122.039064,121.765626,121.968751,845509,4126418
09/27/2019,121.945314,122.078126,121.773439,122.070314,732213,4155488
09/30/2019,121.960939,122.054689,121.851564,122.023439,802403,4153337
10/01/2019,122.039064,122.437501,121.656251,122.289064,1131390,4170761
10/02/2019,122.312501,122.703126,122.195314,122.632814,1129153,4198614
10/03/2019,122.593751,123.171876,122.593751,123.062501,1317295,4280353
10/04/2019,123.023439,123.281251,122.851564,123.078126,1041777,4274166
10/07/2019,123.078126,123.132814,122.710939,122.781251,666683,4267078
10/08/2019,122.773439,123.070314,122.593751,122.921876,923071,4282402
10/09/2019,122.929689,122.992189,122.648439,122.656251,771862,4362585
10/10/2019,122.703126,122.960939,122.257814,122.320314,1068091,4366425
10/11/2019,122.281251,122.382814,121.742189,121.835939,1309075,4377772
10/14/2019,121.921876,122.242189,121.882814,121.976564,237629,4353260
10/15/2019,122.023439,122.203126,121.695314,121.734376,824840,4338519
10/16/2019,121.750001,122.023439,121.726564,121.890626,752328,4319180
10/17/2019,121.914064,122.015626,121.617189,121.820314,768517,4324387
10/18/2019,121.835939,122.015626,121.757814,121.937501,508012,4318912
10/21/2019,121.976564,122.015626,121.664064,121.726564,426565,4333946
10/22/2019,121.695314,121.835939,121.601564,121.781251,534033,4341320
10/23/2019,121.828126,121.976564,121.750001,121.812501,599139,4384070
10/24/2019,121.796876,121.929689,121.695314,121.789064,682198,4423397
10/25/2019,121.820314,121.859376,121.484376,121.585939,780409,4476226
10/28/2019,121.609376,121.609376,121.312501,121.390626,588556,4493239
10/29/2019,121.398439,121.500001,121.312501,121.429689,621190,4504463
10/30/2019,121.421876,121.687501,121.312501,121.523439,930202,4524314
10/31/2019,121.671876,122.140626,121.531251,122.078126,1348863,4577059
11/01/2019,122.062501,122.203126,121.796876,121.890626,1088875,4583238
11/04/2019,121.906251,121.921876,121.632814,121.664064,594453,4609314
11/05/2019,121.710939,121.718751,121.289064,121.343751,1068517,4709756
11/06/2019,121.359376,121.585939,121.351564,121.546876,816599,4716268
11/07/2019,121.500001,121.601564,120.789064,121.015626,1416026,4727958
11/08/2019,121.023439,121.218751,120.867189,121.039064,820939,4739409
11/11/2019,120.937501,121.125001,120.929689,120.976564,152182,4745561
11/12/2019,120.984376,121.117189,120.851564,121.101564,845336,4681440
11/13/2019,120.976564,121.328126,120.968751,121.304689,1016080,4633267
11/14/2019,121.226564,121.640626,121.195314,121.554689,968245,4631096
11/15/2019,121.523439,121.546876,121.382814,121.437501,677043,4593440
11/18/2019,121.429689,121.609376,121.328126,121.546876,745539,4605510
11/19/2019,121.500001,121.609376,121.421876,121.570314,1077910,4571928
11/20/2019,121.570314,121.812501,121.570314,121.757814,1785550,4560392
11/21/2019,121.812501,121.906251,121.546876,121.609376,2825580,4544359
11/22/2019,121.585939,121.710939,121.507814,121.531251,2801158,4553748
11/25/2019,121.531251,121.632814,121.406251,121.593751,5436271,4673885
11/26/2019,121.601564,121.742189,121.500001,121.695314,4337928,4635103
11/27/2019,121.703126,121.703126,121.460939,121.507814,2118410,4395455
11/29/2019,121.484376,121.585939,121.375001,121.515626,808894,4361053
12/02/2019,121.429689,121.453126,121.179689,121.312501,1116224,4318244
12/03/2019,121.375001,122.023439,121.250001,121.914064,1408129,4305068
12/04/2019,121.843751,121.953126,121.523439,121.539064,1096377,4229917
12/05/2019,121.570314,121.656251,121.335939,121.468751,826506,4182546
12/06/2019,121.406251,121.554689,121.070314,121.210939,975059,4196260
12/09/2019,121.218751,121.351564,121.203126,121.226564,592095,4180407
12/10/2019,121.281251,121.382814,121.109376,121.156251,726685,4191561
12/11/2019,121.140626,121.398439,121.109376,121.359376,740589,4192181
12/12/2019,121.367189,121.500001,120.757814,120.898439,1311100,4256981
12/13/2019,120.742189,121.312501,120.656251,121.289064,1361774,4261875
12/16/2019,121.226564,121.250001,120.953126,120.960939,552934,4246089
12/17/2019,121.046876,121.125001,120.984376,121.000001,549353,4263708
12/18/2019,121.039064,121.101564,120.812501,120.882814,626877,4282155
12/19/2019,120.906251,121.039064,120.742189,120.976564,607827,4273940
12/20/2019,120.914064,120.953126,120.796876,120.921876,446935,4245109
12/23/2019,120.906251,120.976564,120.773439,120.804689,405733,4231046
12/24/2019,120.820314,120.992189,120.726564,120.953126,346824,4251053
12/26/2019,120.984376,121.023439,120.882814,120.976564,222918,4251442
12/27/2019,120.984376,121.210939,120.976564,121.203126,416179,4293398
12/30/2019,121.179689,121.218751,120.953126,121.179689,590559,4296376
12/31/2019,121.203126,121.210939,121.046876,121.156251,599775,4278094
01/02/2020,121.078126,121.398439,121.007814,121.210939,736657,4270889
01/03/2020,121.226564,121.656251,121.218751,121.609376,869609,4227599
01/06/2020,121.648439,121.757814,121.445314,121.507814,868740,4217007
01/07/2020,121.500001,121.593751,121.453126,121.468751,746779,4251556
01/08/2020,121.523439,122.070314,121.226564,121.242189,627910,4256136
01/09/2020,121.242189,121.320314,121.101564,121.289064,673904,4254865
01/10/2020,121.273439,121.429689,121.203126,121.359376,633090,4248170
01/13/2020,121.382814,121.398439,121.226564,121.296876,475944,4236912
01/14/2020,121.312501,121.460939,121.226564,121.406251,715052,4261167
01/15/2020,121.429689,121.570314,121.398439,121.515626,615816,4286989
01/16/2020,121.523439,121.570314,121.359376,121.414064,656872,4270408
01/17/2020,121.398439,121.476564,121.289064,121.375001,717577,4289129
01/21/2020,121.429689,121.687501,121.414064,121.664064,719755,4296398
01/22/2020,121.640626,121.703126,121.554689,121.664064,690713,4340021
01/23/2020,121.671876,121.929689,121.656251,121.765626,875740,4371907
01/24/2020,121.757814,122.085939,121.664064,122.023439,968040,4392611
01/27/2020,122.187501,122.414064,122.179689,122.343751,1214352,4428459
01/28/2020,122.289064,122.515626,122.109376,122.195314,1037387,4499041
01/29/2020,122.148439,122.515626,122.101564,122.445314,841698,4516271
01/30/2020,122.468751,122.750001,122.445314,122.609376,1209300,4546382
01/31/2020,122.445314,122.953126,122.406251,122.867189,1303501,4565744
02/03/2020,122.984376,123.039064,122.539064,122.781251,1183161,4603771
02/04/2020,122.773439,122.835939,122.296876,122.390626,946371,4596398
02/05/2020,122.414064,122.531251,122.070314,122.210939,1068904,4583564
02/06/2020,122.210939,122.257814,122.015626,122.187501,844090,4542536
02/07/2020,122.187501,122.500001,122.156251,122.468751,988662,4571766
02/10/2020,122.484376,122.664064,122.367189,122.632814,802948,4585082
02/11/2020,122.500001,122.539064,122.359376,122.429689,879251,4637112
02/12/2020,122.367189,122.382814,122.203126,122.257814,744606,4662567
02/13/2020,122.226564,122.531251,122.226564,122.273439,1027965,4686004
02/14/2020,122.250001,122.468751,122.250001,122.398439,738193,4728003
02/18/2020,122.359376,122.609376,122.296876,122.500001,1118409,4769407
02/19/2020,122.468751,122.515626,122.335939,122.406251,1570113,4792882
02/20/2020,122.414064,122.687501,122.328126,122.593751,2601097,4797731
02/21/2020,122.617189,123.015626,122.593751,122.843751,3664476,4901469
02/24/2020,122.914063,123.484376,122.914063,123.359376,4680773,4965704
02/25/2020,123.390626,123.820313,123.148438,123.679688,6141562,4859178
02/26/2020,123.554688,123.867188,123.453126,123.820313,4652677,4795994
02/27/2020,123.679688,124.257813,123.632813,123.914063,3454066,4629991
02/28/2020,124.062501,125.000001,123.968751,124.867188,2800301,4585790
03/02/2020,124.992188,125.554688,124.664063,125.101563,2305454,4558683
03/03/2020,124.687501,126.117188,124.617188,125.539063,2574736,4641287
03/04/2020,125.656251,125.960938,125.375001,125.718751,1889476,4557293
03/05/2020,125.437501,126.101563,125.367188,125.992188,2188400,4563943
03/06/2020,125.984376,126.921876,125.906251,126.585938,2381562,4492534
03/09/2020,126.882813,128.015626,126.843751,127.382813,2096127,4425327
03/10/2020,127.070313,127.320313,125.968751,126.414063,2072017,4441959
03/11/2020,126.132813,126.875001,126.101563,126.429688,1652800,4434415
03/12/2020,126.382813,127.414063,126.132813,126.609376,1849849,4416830
03/13/2020,126.976563,127.195313,126.093751,126.304688,1671093,4383020
03/16/2020,127.804688,127.812501,126.695313,126.929688,1375603,4388941
03/17/2020,126.960938,127.015626,125.578126,126.078126,1354598,4355811
03/18/2020,125.718751,126.195313,125.367188,125.421876,1319800,4371172
03/19/2020,125.648438,126.570313,125.367188,126.179688,1414725,4238619
03/20/2020,126.000001,127.179688,125.945313,126.882813,1027675,4167379
03/23/2020,127.367188,127.593751,127.070313,127.476563,851610,4085646
03/24/2020,127.382813,127.515626,126.773438,126.968751,838620,4015517
03/25/2020,126.820313,126.992188,126.703126,126.867188,922417,4016841
03/26/2020,126.796876,127.242188,126.796876,127.101563,812737,3974395
03/27/2020,126.859376,127.476563,126.851563,127.296876,756538,3917627
03/30/2020,127.492188,127.671876,127.296876,127.523438,760003,3871923
03/31/2020,127.382813,127.695313,127.296876,127.476563,924701,3846802
04/01/2020,127.476563,127.757813,127.429688,127.507813,823969,3789559
04/02/2020,127.562501,127.671876,127.375001,127.429688,696547,3765674
04/03/2020,127.429688,127.632813,127.367188,127.531251,617211,3722949
04/06/2020,127.390626,127.421876,127.085938,127.125001,540822,3733235
04/07/2020,127.117188,127.132813,126.750001,126.929688,620930,3760304
04/08/2020,127.015626,127.171876,126.875001,127.023438,671160,3767088
04/09/2020,127.000001,127.382813,126.945313,127.312501,724787,3755499
04/13/2020,127.257813,127.367188,127.085938,127.195313,355962,3730494
04/14/2020,127.132813,127.398438,127.062501,127.289063,679255,3724769
04/15/2020,127.296876,127.742188,127.281251,127.671876,764196,3702378
04/16/2020,127.656251,127.796876,127.546876,127.648438,731872,3657129
04/17/2020,127.468751,127.757813,127.312501,127.531251,678431,3670059
04/20/2020,127.593751,127.656251,127.500001,127.585938,336274,3673272
04/21/2020,127.625001,127.843751,127.562501,127.664063,538104,3694907
04/22/2020,127.695313,127.726563,127.421876,127.515626,570032,3663718
04/23/2020,127.515626,127.554688,127.398438,127.476563,711686,3629946
04/24/2020,127.507813,127.546876,127.414063,127.523438,431273,3584368
04/27/2020,127.453126,127.476563,127.289063,127.328126,578973,3618393
04/28/2020,127.312501,127.546876,127.281251,127.500001,516029,3575588
04/29/2020,127.484376,127.640626,127.453126,127.531251,631861,3563259
04/30/2020,127.507813,127.710938,127.468751,127.601563,864005,3579021
05/01/2020,127.570313,127.687501,127.453126,127.476563,398290,3572580
05/04/2020,127.625001,127.640626,127.468751,127.546876,423870,3594386
05/05/2020,127.500001,127.554688,127.375001,127.500001,503945,3617662
05/06/2020,127.468751,127.515626,127.320313,127.468751,677364,3618771
05/07/2020,127.507813,127.898438,127.445313,127.882813,755329,3637917
05/08/2020,127.828126,128.023438,127.679688,127.742188,773181,3618711
05/11/2020,127.718751,127.812501,127.562501,127.570313,735186,3655778
05/12/2020,127.609376,127.765626,127.492188,127.687501,820769,3631664
05/13/2020,127.765626,127.867188,127.710938,127.796876,894913,3644572
05/14/2020,127.789063,127.929688,127.765626,127.875001,777166,3642255
05/15/2020,127.851563,127.968751,127.796876,127.843751,738390,3659353
05/18/2020,127.914063,127.914063,127.484376,127.500001,962568,3723541
05/19/2020,127.531251,127.742188,127.507813,127.664063,1030480,3597224
05/20/2020,127.750001,127.812501,127.609376,127.757813,1433806,3692135
05/21/2020,127.710938,127.796876,127.679688,127.726563,1928228,3784305
05/22/2020,127.726563,127.875001,127.718751,127.757813,1881939,3817850
05/26/2020,127.765625,127.781250,127.562500,127.671875,4984611,3955287
05/27/2020,127.695313,127.835938,127.523438,127.726563,3523331,3693498
05/28/2020,127.726563,127.773438,127.625000,127.679688,1604916,3494807
05/29/2020,127.710938,127.937500,127.710938,127.906250,1082446,3508431
06/01/2020,127.945313,127.992188,127.796875,127.914063,606242,3538591
06/02/2020,127.898438,127.945313,127.765625,127.804688,515822,3534431
06/03/2020,127.812500,127.820313,127.453125,127.500000,929349,3481862
06/04/2020,127.531250,127.609375,127.320313,127.382813,811936,3478940
06/05/2020,127.359375,127.453125,126.843750,127.023438,1175049,3466453
06/08/2020,127.015625,127.265625,126.992188,127.148438,674097,3466414
06/09/2020,127.148438,127.453125,127.148438,127.382813,681596,3466509
06/10/2020,127.406250,127.851563,127.375000,127.757813,867770,3481848
06/11/2020,127.828125,127.921875,127.765625,127.875000,865134,3432595
06/12/2020,127.804688,127.859375,127.695313,127.781250,605563,3439488
06/15/2020,127.828125,127.937500,127.679688,127.773438,589220,3436669
06/16/2020,127.703125,127.781250,127.585938,127.679688,502340,3438389
06/17/2020,127.695313,127.773438,127.640625,127.710938,571712,3423657
06/18/2020,127.671875,127.804688,127.671875,127.757813,487953,3433373
06/19/2020,127.703125,127.828125,127.617188,127.765625,415582,3430769
06/22/2020,127.812500,127.843750,127.695313,127.726563,388048,3427330
06/23/2020,127.687500,127.804688,127.664063,127.773438,531712,3447476
06/24/2020,127.734375,127.828125,127.664063,127.812500,598906,3467490
06/25/2020,127.781250,127.882813,127.773438,127.820313,507753,3497915
06/26/2020,127.796875,127.992188,127.789063,127.960938,517194,3502890
06/29/2020,127.960938,128.101563,127.921875,128.054688,502686,3539884
06/30/2020,128.085938,128.132813,127.984375,128.023438,732129,3555414
07/01/2020,128.023438,128.031250,127.851563,127.882813,641723,3487230
07/02/2020,127.882813,128.031250,127.804688,127.984375,438459,3489428
07/06/2020,128.023438,128.046875,127.835938,127.921875,405619,3472514
07/07/2020,127.937500,128.039063,127.914063,127.976563,418179,3456610
07/08/2020,128.007813,128.023438,127.914063,128.007813,438468,3470332
07/09/2020,127.960938,128.117188,127.953125,128.093750,452903,3490518
07/10/2020,128.039063,128.171875,127.929688,127.976563,503337,3480568
07/13/2020,127.953125,128.031250,127.898438,127.976563,364929,3455272
07/14/2020,128.015625,128.109375,127.976563,128.054688,427879,3475237
07/15/2020,127.960938,128.078125,127.929688,128.039063,358300,3485111
07/16/2020,128.015625,128.125000,128.000000,128.085938,323554,3498386
07/17/2020,128.078125,128.125000,128.007813,128.046875,304199,3489099
07/20/2020,128.039063,128.125000,128.007813,128.023438,341887,3486470
07/21/2020,128.070313,128.132813,127.992188,128.101563,384254,3463898
07/22/2020,128.125000,128.148438,128.054688,128.093750,388959,3455188
07/23/2020,128.070313,128.132813,128.054688,128.101563,364770,3466672
07/24/2020,128.085938,128.148438,128.054688,128.085938,392792,3466336
07/27/2020,128.070313,128.156250,128.015625,128.023438,450028,3492611
07/28/2020,128.015625,128.171875,127.984375,128.156250,441469,3504932
07/29/2020,128.132813,128.257813,128.101563,128.226563,471063,3526135
07/30/2020,128.234375,128.351563,128.210938,128.328125,453916,3506581
07/31/2020,128.312500,128.445313,128.273438,128.406250,734940,3481631
08/03/2020,128.406250,128.453125,128.335938,128.359375,394580,3501165
08/04/2020,128.398438,128.523438,128.359375,128.492188,441615,3511951
08/05/2020,128.523438,128.523438,128.343750,128.375000,402940,3469176
08/06/2020,128.335938,128.507813,128.328125,128.406250,420166,3459759
08/07/2020,128.398438,128.453125,128.289063,128.312500,423142,3453350
08/10/2020,128.304688,128.421875,128.273438,128.296875,375513,3485507
08/11/2020,128.281250,128.312500,128.000000,128.007813,803297,3449522
08/12/2020,128.078125,128.132813,127.929688,128.007813,602320,3456587
08/13/2020,127.960938,128.085938,127.875000,127.898438,625302,3460138
08/14/2020,127.875000,128.046875,127.867188,128.015625,546505,3484160
08/17/2020,128.023438,128.125000,128.015625,128.070313,565838,3482104
08/18/2020,128.054688,128.148438,128.031250,128.101563,504420,3478482
08/19/2020,128.125000,128.171875,128.054688,128.117188,767171,3472259
08/20/2020,128.070313,128.218750,128.070313,128.156250,712661,3488244
08/21/2020,128.125000,128.242188,128.101563,128.125000,986302,3469922
08/24/2020,128.148438,128.187500,128.062500,128.085938,2074006,3540662
08/25/2020,128.085938,128.085938,127.890625,128.039063,4243060,3497602
08/26/2020,128.023438,128.039063,127.898438,128.023438,4508189,3386181
08/27/2020,128.031250,128.179688,127.898438,127.937500,2918938,3374544
08/28/2020,127.898438,128.171875,127.835938,128.148438,1665743,3337486
08/31/2020,128.156250,128.210938,128.078125,128.187500,1096779,3302017
09/01/2020,128.171875,128.234375,128.085938,128.226563,693068,3246416
09/02/2020,128.218750,128.242188,128.148438,128.210938,553033,3197332
09/03/2020,128.226563,128.359375,128.156250,128.312500,556869,3209112
09/04/2020,128.242188,128.289063,127.953125,127.968750,771630,3174272
09/08/2020,128.015625,128.187500,127.992188,128.132813,681668,3215386
09/09/2020,128.164063,128.210938,128.062500,128.109375,666596,3273979
09/10/2020,128.093750,128.187500,128.046875,128.171875,617664,3265213
09/11/2020,128.148438,128.257813,128.109375,128.234375,503315,3273864
09/14/2020,128.234375,128.265625,128.171875,128.195313,377718,3280881
09/15/2020,128.195313,128.203125,128.132813,128.156250,354402,3268577
09/16/2020,128.148438,128.218750,128.070313,128.140625,541492,3244817
09/17/2020,128.101563,128.273438,128.101563,128.164063,554810,3253053
09/18/2020,128.132813,128.195313,128.093750,128.132813,405938,3258313
09/21/2020,128.109375,128.250000,128.101563,128.171875,457546,3253744
09/22/2020,128.171875,128.234375,128.148438,128.226563,469476,3297115
09/23/2020,128.187500,128.250000,128.125000,128.164063,536582,3306519
09/24/2020,128.156250,128.210938,128.148438,128.179688,531345,3322391
09/25/2020,128.171875,128.273438,128.148438,128.226563,433854,3342046
09/28/2020,128.226563,128.257813,128.171875,128.218750,407841,3324083
09/29/2020,128.257813,128.296875,128.226563,128.289063,826570,3287173
09/30/2020,128.273438,128.304688,128.132813,128.187500,637833,3228736
10/01/2020,128.140625,128.218750,128.031250,128.179688,678447,3172754
10/02/2020,128.171875,128.265625,128.078125,128.109375,643708,3163559
10/05/2020,128.093750,128.148438,127.851563,127.914063,642787,3179500
10/06/2020,127.859375,128.007813,127.851563,127.945313,825118,3155992
10/07/2020,127.976563,127.984375,127.789063,127.820313,631259,3159873
10/08/2020,127.828125,127.929688,127.820313,127.921875,521110,3142479
10/09/2020,127.859375,127.937500,127.812500,127.867188,563901,3118685
10/12/2020,127.859375,127.906250,127.851563,127.882813,98881,3109879
10/13/2020,127.898438,128.054688,127.890625,128.046875,536601,3111866
10/14/2020,128.023438,128.085938,128.000000,128.046875,464945,3132818
10/15/2020,128.031250,128.125000,127.976563,128.000000,490084,3118936
10/16/2020,128.000000,128.054688,127.937500,127.976563,476681,3121671
10/19/2020,127.960938,127.968750,127.851563,127.914063,576965,3105426
10/20/2020,127.890625,127.929688,127.835938,127.875000,554079,3105650
10/21/2020,127.882813,127.898438,127.750000,127.828125,680551,3105161
10/22/2020,127.804688,127.859375,127.671875,127.726563,703269,3082478
10/23/2020,127.710938,127.796875,127.671875,127.734375,589790,3066041
10/26/2020,127.718750,127.875000,127.718750,127.835938,474958,3061222
10/27/2020,127.812500,127.929688,127.804688,127.914063,475624,3094189
10/28/2020,127.929688,128.007813,127.906250,127.921875,869329,3127724
10/29/2020,127.921875,127.968750,127.773438,127.804688,936402,3172740
10/30/2020,127.812500,127.875000,127.726563,127.757813,1066685,3177906
11/02/2020,127.750000,127.859375,127.734375,127.757813,633240,3117904
11/03/2020,127.773438,127.773438,127.609375,127.695313,1273500,3118607
11/04/2020,127.625000,128.039063,127.539063,128.015625,1355688,3161989
11/05/2020,127.992188,128.078125,127.890625,127.945313,762323,3149076
11/06/2020,127.992188,128.007813,127.742188,127.812500,761697,3121671
11/09/2020,127.789063,127.906250,127.343750,127.429688,1460239,3148581
11/10/2020,127.523438,127.554688,127.351563,127.367188,993556,3175015
11/11/2020,127.398438,127.445313,127.304688,127.406250,224231,3169690
11/12/2020,127.421875,127.687500,127.421875,127.656250,993321,3214430
11/13/2020,127.671875,127.710938,127.601563,127.632813,630249,3212965
11/16/2020,127.625000,127.695313,127.546875,127.609375,709236,3214954
11/17/2020,127.609375,127.726563,127.578125,127.703125,655489,3190461
11/18/2020,127.718750,127.757813,127.609375,127.648438,966526,3208500
11/19/2020,127.656250,127.765625,127.656250,127.710938,1263794,3255832
11/20/2020,127.757813,127.796875,127.710938,127.757813,1470189,3298805
11/23/2020,127.773438,127.781250,127.671875,127.710938,4436955,3326757
11/24/2020,127.726563,127.742188,127.679688,127.710938,3831230,3331595
11/25/2020,127.695313,127.804688,127.656251,127.734376,2450195,3253284
11/27/2020,127.710938,127.835938,127.703126,127.835938,729516,3232325
11/30/2020,127.820313,127.890626,127.773438,127.867188,1165214,3193556
12/01/2020,127.859376,127.882813,127.484376,127.515626,1384217,3135711
12/02/2020,127.554688,127.632813,127.476563,127.554688,859256,3125199
12/03/2020,127.593751,127.718751,127.554688,127.656251,750456,3138977
12/04/2020,127.710938,127.734376,127.507813,127.570313,754936,3145686
12/07/2020,127.585938,127.750001,127.554688,127.734376,585024,3144842
12/08/2020,127.750001,127.828126,127.687501,127.742188,601438,3142036
12/09/2020,127.710938,127.718751,127.601563,127.648438,609995,3135614
12/10/2020,127.687501,127.804688,127.679688,127.789063,637489,3175616
12/11/2020,127.773438,127.968751,127.765626,127.929688,742393,3188132
12/14/2020,127.882813,127.945313,127.773438,127.929688,542301,3188954
12/15/2020,127.929688,127.945313,127.835938,127.851563,542301,3188954
12/17/2020,127.890626,127.968751,127.773438,127.835938,740938,3197036
12/18/2020,127.828126,127.898438,127.804688,127.820313,502573,3206398
12/21/2020,127.812501,128.023438,127.789063,127.812501,674878,3178492
12/22/2020,127.812501,127.914063,127.804688,127.898438,674878,3178492
12/24/2020,127.867188,127.921876,127.843751,127.898438,194743,3183016
12/28/2020,127.921876,127.945313,127.804688,127.914063,507630,3221691
12/29/2020,127.945313,127.953126,127.875001,127.921876,507630,3221691
12/31/2020,127.953126,128.023438,127.937501,128.000001,626736,3292445
01/04/2021,127.976563,128.062501,127.906251,128.039063,776875,3230178
01/05/2021,128.054688,128.054688,127.898438,127.914063,674296,3198001
01/06/2021,127.921876,127.960938,127.578126,127.625001,1519420,3164824
01/07/2021,127.640626,127.679688,127.500001,127.546876,905762,3201295
01/08/2021,127.500001,127.539063,127.359376,127.429688,1179277,3200482
01/11/2021,127.390626,127.484376,127.304688,127.351563,859575,3229431
01/12/2021,127.304688,127.359376,127.187501,127.320313,1188201,3240422
01/13/2021,127.328126,127.484376,127.289063,127.453126,1081422,3185147
01/14/2021,127.460938,127.546876,127.351563,127.414063,994290,3195758
01/15/2021,127.406251,127.585938,127.406251,127.554688,743819,3176076
01/19/2021,127.562501,127.625001,127.453126,127.601563,771688,3228560
01/20/2021,127.617188,127.648438,127.539063,127.609376,681413,3251503
01/21/2021,127.625001,127.640626,127.515626,127.617188,668088,3282861
01/22/2021,127.609376,127.703126,127.601563,127.679688,753000,3309750
01/25/2021,127.695313,127.835938,127.656251,127.796876,700184,3303776
01/26/2021,127.820313,127.835938,127.757813,127.789063,668254,3369438
01/27/2021,127.789063,127.914063,127.757813,127.859376,740561,3406590
01/28/2021,127.843751,127.867188,127.703126,127.765626,1055347,3496728
01/29/2021,127.765626,127.835938,127.656251,127.710938,1338955,3551043
02/01/2021,127.812501,127.859376,127.773438,127.804688,706840,3531503
02/02/2021,127.796876,127.828126,127.695313,127.710938,710300,3537674
02/03/2021,127.734376,127.734376,127.609376,127.640626,767020,3511000
02/04/2021,127.617188,127.671876,127.570313,127.656251,1078400,3505181
02/05/2021,127.648438,127.734376,127.539063,127.632813,693360,3514830
02/08/2021,127.648438,127.648438,127.539063,127.578126,791357,3495538
02/09/2021,127.570313,127.625001,127.539063,127.585938,748102,3451695
02/10/2021,127.570313,127.718751,127.531251,127.687501,919008,3484988
02/11/2021,127.710938,127.742188,127.648438,127.679688,783281,3517455
02/12/2021,127.664063,127.710938,127.531251,127.578126,1786600,3520200
02/16/2021,127.523438,127.539063,127.171876,127.226563,1717000,3520464
02/17/2021,127.171876,127.320313,127.070313,127.242188,1790210,3516766
02/18/2021,127.312501,127.367188,127.203126,127.312501,1387313,3522691
02/19/2021,127.304688,127.335938,127.140626,127.187501,2828393,3770952
02/22/2021,127.195313,127.226563,127.023438,127.109376,3673516,3748410
02/23/2021,127.101563,127.265626,127.093751,127.187501,5347145,3787902
02/24/2021,127.257814,127.320314,126.953126,127.039064,5371255,3820545
02/25/2021,127.078126,127.085939,125.757814,126.125001,4096943,3693764
02/26/2021,126.015626,126.570314,125.898439,126.171876,2437471,3619345
03/01/2021,126.453126,126.671876,126.414064,126.539064,1551649,3533833
03/02/2021,126.625001,126.812501,126.523439,126.742189,980629,3500914
03/03/2021,126.781251,126.796876,126.375001,126.468751,1141732,3517886
03/04/2021,126.437501,126.585939,126.148439,126.210939,1304951,3527161
03/05/2021,126.171876,126.289064,125.882814,126.171876,1496395,3487099
03/08/2021,126.031251,126.070314,125.757814,125.828126,1130602,3457810
03/09/2021,125.804689,126.054689,125.789064,125.984376,1198610,3453939
03/10/2021,126.054689,126.195314,125.929689,126.140626,1127004,3470414
03/11/2021,126.156251,126.429689,126.078126,126.210939,1166108,3436457
03/12/2021,126.148439,126.203126,125.812501,125.890626,1120738,3456355
03/15/2021,125.906251,126.000001,125.835939,125.960939,710735,3444128
03/16/2021,125.976564,126.093751,125.929689,126.007814,1521650,3422108
03/17/2021,125.953126,126.351564,125.812501,126.265626,1521650,3490780
03/18/2021,126.164064,126.250001,125.640626,125.828126,1550489,3532391
03/19/2021,125.835939,126.007814,125.671876,125.796876,1270250,3514922
03/22/2021,125.796876,126.039064,125.765626,125.890626,668209,3530403
03/23/2021,125.875001,126.117189,125.851564,126.031251,729066,3510072
03/24/2021,126.070314,126.203126,126.007814,126.125001,876301,3554165
03/25/2021,126.140626,126.257814,126.046876,126.234376,1011120,3611735
03/26/2021,126.132814,126.242189,125.992189,126.046876,763658,3629127
03/29/2021,125.992189,126.140626,125.835939,125.875001,696397,3634607
03/30/2021,125.882814,125.890626,125.562501,125.765626,1077194,3676923
03/31/2021,125.804689,125.812501,125.578126,125.601564,1335611,3585357
04/01/2021,125.601564,125.859376,125.570314,125.757814,1335611,3585357
04/05/2021,125.398439,125.679689,125.335939,125.585939,600339,3576219
04/06/2021,125.679689,125.960939,125.601564,125.921876,813193,3575476
04/07/2021,125.921876,126.078126,125.875001,126.015626,809304,3535289
04/08/2021,125.937501,126.117189,125.929689,126.085939,580706,3486478
04/09/2021,126.093751,126.109376,125.765626,125.937501,851608,3460663
04/12/2021,125.929689,126.007814,125.781251,125.812501,593830,3435877
04/13/2021,125.859376,126.093751,125.710939,126.078126,820949,3442643
04/14/2021,126.085939,126.101564,125.890626,125.968751,712325,3410435
04/15/2021,125.976564,126.328126,125.937501,126.320314,967811,3363008
04/16/2021,126.203126,126.234376,126.078126,126.164064,690879,3346107
04/19/2021,126.117189,126.242189,126.000001,126.156251,603612,3347780
04/20/2021,126.156251,126.343751,126.046876,126.320314,597523,3354958
04/21/2021,126.351564,126.382814,126.234376,126.296876,585523,3345366
04/22/2021,126.304689,126.406251,126.164064,126.304689,639646,3387945
04/23/2021,126.343751,126.390626,126.179689,126.226564,563677,3367307
04/26/2021,126.187501,126.242189,126.085939,126.156251,764719,3348716
04/27/2021,126.156251,126.171876,125.984376,126.031251,675689,3370020
04/28/2021,126.000001,126.171876,125.898439,126.125001,921920,3402783
04/29/2021,126.164064,126.164064,125.898439,126.101564,761827,3416013
04/30/2021,126.101564,126.203126,126.031251,126.140626,953769,3419549
05/03/2021,126.148439,126.351564,126.054689,126.289064,750012,3428622
05/04/2021,126.289064,126.468751,126.187501,126.312501,938894,3390218
05/05/2021,126.335939,126.460939,126.203126,126.406251,791573,3399703
05/06/2021,126.437501,126.507814,126.390626,126.445314,717817,3396313
05/07/2021,126.390626,126.851564,126.382814,126.601564,1269571,3420186
05/10/2021,126.570314,126.679689,126.523439,126.562501,757672,3443419
05/11/2021,126.539064,126.609376,126.429689,126.460939,821013,3446935
05/12/2021,126.460939,126.500001,126.109376,126.171876,1493797,3456633
05/13/2021,126.171876,126.375001,126.148439,126.312501,931658,3505417
05/14/2021,126.343751,126.476564,126.320314,126.382814,744117,3493181
05/17/2021,126.398439,126.523439,126.296876,126.343751,594746,3493161
05/18/2021,126.304689,126.414064,126.304689,126.390626,705612,3558183
05/19/2021,126.398439,126.500001,126.140626,126.195314,1285845,3600795
05/20/2021,126.203126,126.460939,126.187501,126.437501,1302087,3724620
05/21/2021,126.437501,126.484376,126.343751,126.398439,1227837,3755052
05/24/2021,126.406251,126.531251,126.398439,126.507814,3453117,3874945
05/25/2021,126.523439,126.710939,126.500001,126.671876,5617192,3709069
05/26/2021,126.664064,126.718751,126.593751,126.671876,4392404,3611827
05/27/2021,126.632814,126.687501,126.500001,126.585939,1559612,3558242
05/28/2021,126.562501,126.726564,126.484376,126.648439,1012608,3529094
06/01/2021,126.617189,126.640626,126.507814,126.593751,759824,3500881
06/02/2021,126.601564,126.703126,126.570314,126.648439,565669,3517367
06/03/2021,126.664064,126.671876,126.406251,126.414064,731421,3500608
06/04/2021,126.429689,126.757814,126.398439,126.726564,1052028,3518827
06/07/2021,126.750001,126.750001,126.625001,126.687501,535093,3499361
06/08/2021,126.687501,126.875001,126.679689,126.820314,745805,3487738
06/09/2021,126.789064,127.039064,126.781251,126.937501,722496,3489486
06/10/2021,126.898439,127.093751,126.671876,127.000001,1096769,3511782
06/11/2021,127.093751,127.140626,126.898439,126.914064,453120,3498762
06/14/2021,126.937501,126.953126,126.710939,126.734376,582019,3528571
06/15/2021,126.742189,126.804689,126.703126,126.734376,634833,3537690
06/16/2021,126.742189,126.796876,126.031251,126.203126,1516587,3553101
06/17/2021,126.109376,126.234376,126.023439,126.171876,1672856,3527915
06/18/2021,126.164064,126.335939,125.656251,126.085939,1509483,3464322
06/21/2021,126.148439,126.281251,125.890626,126.117189,1034903,3454728
06/22/2021,126.093751,126.296876,126.031251,126.250001,821276,3446997
06/23/2021,126.265626,126.320314,126.101564,126.140626,864824,3487487
06/24/2021,126.117189,126.210939,126.046876,126.101564,724915,3503448
06/25/2021,126.070314,126.148439,125.953126,126.000001,739660,3549318
06/28/2021,126.000001,126.171876,126.000001,126.140626,508697,3518690
06/29/2021,126.125001,126.171876,126.015626,126.164064,600726,3542026
06/30/2021,126.164064,126.265626,126.132814,126.226564,941341,3524371
07/01/2021,126.148439,126.203126,126.039064,126.093751,639441,3515688
07/02/2021,126.125001,126.343751,125.953126,126.296876,809041,3531190
07/06/2021,126.328126,126.687501,126.250001,126.570314,1056199,3488950
07/07/2021,126.617189,126.726564,126.523439,126.710939,906070,3476737
07/08/2021,126.726564,127.031251,126.664064,126.976564,611680,3468788
07/09/2021,126.921876,126.929689,126.703126,126.726564,557870,3451902
07/12/2021,126.718751,126.835939,126.593751,126.679689,634732,3455033
07/13/2021,126.695314,126.757814,126.351564,126.406251,1167838,3449845
07/14/2021,126.406251,126.687501,126.382814,126.640626,725382,3461554
07/15/2021,126.664064,126.796876,126.578126,126.726564,751508,3438076
07/16/2021,126.734376,126.757814,126.515626,126.726564,587026,3450634
07/19/2021,126.757814,127.312501,126.742189,127.164064,1212872,3462556
07/20/2021,127.085939,127.484376,127.039064,127.289064,1131782,3474656
07/21/2021,127.210939,127.359376,126.960939,127.007814,906380,3456909
07/22/2021,126.984376,127.187501,126.875001,127.117189,715574,3473351
07/23/2021,127.078126,127.148439,126.992189,127.085939,518759,3457250
07/26/2021,127.109376,127.289064,127.046876,127.109376,566870,3457581
07/27/2021,127.078126,127.265626,127.054689,127.210939,912330,3479942
07/28/2021,127.179689,127.257814,126.929689,127.062501,647830,3508873
07/29/2021,127.210939,127.218751,127.023439,127.117189,714860,3510184
07/30/2021,127.078126,127.312501,127.078126,127.242189,986363,3472260
08/02/2021,127.289064,127.570314,127.273439,127.492189,704793,3440639
08/03/2021,127.460939,127.609376,127.398439,127.507814,477074,3441853
08/04/2021,127.507814,127.742189,127.257814,127.367189,898542,3437413
08/05/2021,127.359376,127.375001,127.062501,127.148439,793315,3417981
08/06/2021,127.109376,127.125001,126.867189,126.921876,827681,3411003
08/09/2021,126.882814,127.039064,126.726564,126.781251,696147,3434140
08/10/2021,126.750001,126.820314,126.578126,126.617189,964830,3437983
08/11/2021,126.593751,126.820314,126.484376,126.679689,491201,3448303
08/12/2021,126.703126,126.773439,126.585939,126.593751,527013,3458660
08/13/2021,126.625001,126.882814,126.601564,126.804689,671433,3474004
08/16/2021,126.898439,127.109376,126.859376,127.000001,696119,3511074
08/17/2021,126.937501,127.125001,126.867189,126.929689,812074,3505732
08/18/2021,126.898439,126.960939,126.726564,126.875001,755226,3501152
08/19/2021,126.882814,127.054689,126.859376,126.906251,593126,3504179
08/20/2021,126.890626,126.968751,126.781251,126.820314,1555070,3561630
08/23/2021,126.820314,126.914064,126.726564,126.890626,1802708,3583333
08/24/2021,126.890626,126.890626,126.750001,126.789064,4988184,3596863
08/25/2021,126.765626,126.820314,126.585939,126.648439,3949514,3718408
08/26/2021,126.632814,126.664064,126.492189,126.585939,2192272,3670870
08/27/2021,126.554689,126.843751,126.468751,126.812501,1126745,3599910
08/30/2021,126.820314,127.000001,126.796876,126.976564,1088050,3520129
08/31/2021,126.984376,127.054689,126.906251,126.968751,788859,3472937
09/01/2021,126.945314,127.046876,126.843751,126.929689,458628,3445045
09/02/2021,126.953126,127.039064,126.929689,126.960939,697415,3456976
09/03/2021,127.000001,127.187501,126.906251,126.937501,592192,3475732
09/07/2021,126.937501,126.945314,126.710939,126.765626,633671,3449352
09/08/2021,126.757814,126.882814,126.734376,126.835939,716364,3444557
09/09/2021,126.796876,126.992189,126.765626,126.929689,663473,3456384
09/10/2021,126.898439,126.937501,126.734376,126.796876,481499,3484737
09/13/2021,126.796876,126.914064,126.742189,126.851564,903809,3517841
09/14/2021,126.828126,127.039064,126.734376,126.960939,779648,3551136
09/15/2021,126.921876,126.976564,126.812501,126.859376,801690,3528786
09/16/2021,126.882814,126.890626,126.617189,126.687501,813942,3535084
09/17/2021,126.656251,126.687501,126.453126,126.531251,700463,3554375
09/20/2021,126.554689,126.812501,126.523439,126.765626,715386,3527764
09/21/2021,126.734376,126.835939,126.601564,126.726564,1079852,3563947
09/22/2021,126.718751,126.781251,126.468751,126.507814,1285845,3585907
09/23/2021,126.593751,126.601564,126.101564,126.210939,835637,3617267
09/24/2021,126.109376,126.273439,126.039064,126.070314,992993,3610917
09/27/2021,126.093751,126.164064,125.890626,125.960939,1180725,3617281
09/28/2021,125.945314,126.000001,125.734376,125.835939,942174,3664572
09/29/2021,125.835939,126.031251,125.781251,125.906251,994838,3643062
09/30/2021,126.015626,126.132814,125.820314,125.992189,1010965,3627832
10/01/2021,126.117189,126.335939,126.054689,126.312501,718798,3570673
10/04/2021,126.335939,126.382814,126.140626,126.234376,643769,3557952
10/05/2021,126.242189,126.242189,126.023439,126.093751,756185,3571119
10/06/2021,126.101564,126.101564,125.906251,126.046876,628392,3580787
10/07/2021,126.046876,126.070314,125.828126,125.867189,941019,3592605
10/08/2021,125.851564,126.000001,125.656251,125.726564,220486,3621700
10/11/2021,125.648439,125.664064,125.453126,125.484376,952217,3622901
10/12/2021,125.484376,125.664064,125.460939,125.578126,1198187,3604864
10/13/2021,125.562501,125.679689,125.265626,125.468751,969283,3599154
10/14/2021,125.546876,125.718751,125.484376,125.664064,932458,3582798
10/15/2021,125.648439,125.664064,125.281251,125.320314,1255334,3639128
10/18/2021,125.265626,125.281251,124.914064,125.109376,912920,3644231
10/19/2021,125.046876,125.281251,125.046876,125.164064,826133,3637741
10/20/2021,125.117189,125.296876,124.960939,125.210939,1007789,3613258
10/21/2021,125.109376,125.156251,124.695314,124.859376,1291693,3619240
10/22/2021,124.710939,124.953126,124.648439,124.859376,634299,3600206
10/25/2021,124.921876,125.109376,124.835939,125.046876,690076,3577404
10/26/2021,125.078126,125.101564,124.882814,125.015626,1411751,3586544
10/27/2021,125.031251,125.218751,124.789064,125.179689,1392179,3623808
10/28/2021,125.101564,125.234376,124.812501,124.976564,1438579,3623410
10/29/2021,125.007814,125.109376,124.640626,125.000001,836519,3617131
11/01/2021,124.945314,125.054689,124.796876,124.945314,881758,3578233
11/02/2021,125.023439,125.343751,124.937501,125.218751,1120153,3568732
11/03/2021,125.179689,125.304689,124.828126,125.031251,1119531,3582595
11/04/2021,125.007814,125.546876,124.992189,125.476564,1088396,3564156
11/05/2021,125.406251,125.765626,125.242189,125.703126,665571,3567136
11/08/2021,125.648439,125.703126,125.328126,125.375001,835428,3591201
11/09/2021,125.367189,125.664064,125.359376,125.632814,1363577,3600589
11/10/2021,125.539064,125.554689,124.773439,124.867189,298745,3640373
11/11/2021,124.820314,124.851564,124.546876,124.570314,810989,3646192
11/12/2021,124.601564,124.890626,124.585939,124.734376,709736,3623179
11/15/2021,124.781251,124.906251,124.617189,124.656251,805343,3637458
11/16/2021,124.648439,124.789064,124.500001,124.593751,764198,3630431
11/17/2021,124.570314,124.781251,124.515626,124.726564,789964,3692112
11/18/2021,124.742189,124.851564,124.640626,124.796876,1823976,3718449
11/19/2021,124.789064,125.195314,124.703126,124.875001,3222911,3792378
11/22/2021,124.765626,124.781251,124.257814,124.328126,5500769,3923857
11/23/2021,124.289064,124.398439,124.117189,124.328126,3707109,4093700
11/24/2021,124.289063,124.492188,124.078126,124.242188,2986390,3918462
11/26/2021,124.234376,125.265626,124.156251,125.093751,1848383,3722124
11/29/2021,124.953126,125.187501,124.773438,125.117188,2120499,3588600
11/30/2021,125.304688,125.710938,124.882813,125.250001,1109540,3486538
12/01/2021,125.164063,125.296876,124.757813,125.195313,1109540,3514708
12/02/2021,125.257813,125.281251,124.796876,124.890626,921120,3527044
12/03/2021,124.890626,125.367188,124.773438,125.335938,1125442,3527836
12/06/2021,125.218751,125.234376,124.890626,124.906251,686800,3516533
12/07/2021,124.937501,124.992188,124.632813,124.671876,686101,3532357
12/08/2021,124.687501,124.882813,124.492188,124.648438,853159,3533872
12/09/2021,124.570313,124.796876,124.500001,124.648438,688142,3532741
12/10/2021,124.578126,124.882813,124.390626,124.703126,893239,3565032
12/13/2021,124.671876,124.992188,124.585938,124.906251,524041,3595530
12/14/2021,124.937501,124.953126,124.710938,124.781251,625790,3603997
12/15/2021,124.765626,124.867188,124.437501,124.664063,1006079,3674219
12/16/2021,124.718751,125.140626,124.601563,125.117188,973806,3706880
12/17/2021,125.148438,125.273438,125.000001,125.085938,693509,3659615
12/20/2021,125.117188,125.421876,125.109376,125.187501,718655,3627469
12/21/2021,125.156251,125.234376,124.812501,124.835938,564435,3627469
12/22/2021,124.906251,124.992188,124.773438,124.898438,504921,3626282
12/23/2021,124.906251,124.937501,124.781251,124.812501,324709,3668397
12/27/2021,124.796876,124.820313,124.671876,124.742188,280096,3680092
12/28/2021,124.765626,124.843751,124.726563,124.796876,444333,3741327
12/29/2021,124.789063,124.890626,124.570313,124.656251,493561,3793176
12/30/2021,124.640626,124.812501,124.625001,124.757813,384152,3775137
12/31/2021,124.789063,124.882813,124.710938,124.828126,421311,3760661
01/03/2022,124.726563,124.742188,124.273438,124.289063,837133,3714007
01/04/2022,124.359376,124.398438,124.171876,124.281251,858982,3702047
01/05/2022,124.351563,124.390626,123.937501,123.968751,909380,3734060
01/06/2022,123.984376,124.078126,123.695313,123.718751,1007186,3766232
01/07/2022,123.750001,123.828126,123.484376,123.585938,982287,3792053
01/10/2022,123.593751,123.593751,123.335938,123.414063,834320,3796445
01/11/2022,123.484376,123.585938,123.265626,123.554688,1038571,3830246
01/12/2022,123.593751,123.726563,123.453126,123.625001,887169,3821219
01/13/2022,123.476563,123.796876,123.414063,123.703126,849203,3784346
01/14/2022,123.726563,123.765626,123.304688,123.367188,933884,3791364
01/18/2022,123.312501,123.312501,122.789063,122.867188,1415575,3826115
01/19/2022,122.804688,123.093751,122.640626,123.054688,1060159,3851366
01/20/2022,122.835938,123.195313,122.765626,123.031251,760260,3916685
01/21/2022,123.156251,123.492188,123.148438,123.414063,1096592,3872660
01/24/2022,123.351563,123.687501,123.156251,123.593751,1296519,3945255
01/25/2022,123.429688,123.578126,123.289063,123.343751,1115753,3979852
01/26/2022,123.367188,123.445313,122.710938,122.953126,1150409,4025704
01/27/2022,122.773438,122.968751,122.648438,122.812501,1315699,4039511
01/28/2022,122.804688,123.070313,122.617188,123.015626,1055655,4015813
01/31/2022,122.976563,123.101563,122.851563,123.054688,1269575,4020982
02/01/2022,123.070313,123.289063,122.851563,123.007813,912151,4019069
02/02/2022,123.015626,123.234376,122.960938,123.140626,722188,4021556
02/03/2022,123.093751,123.218751,122.765626,122.835938,898355,4025040
02/04/2022,122.789063,122.851563,122.171876,122.195313,1351651,4027277
02/07/2022,122.234376,122.359376,122.125001,122.304688,836647,4018252
02/08/2022,122.320313,122.335938,122.023438,122.093751,889953,4020579
02/09/2022,122.046876,122.273438,121.992188,122.109376,820812,4010327
02/10/2022,122.023438,122.187501,121.117188,121.367188,2081426,4078970
02/11/2022,121.328126,121.937501,121.109376,121.726563,1997312,4147727
02/14/2022,121.781251,121.945313,121.250001,121.406251,1504589,4083679
02/15/2022,121.429688,121.554688,121.218751,121.343751,1136468,4084291
02/16/2022,121.312501,121.625001,121.265626,121.460938,1268250,4116865
02/17/2022,121.437501,121.851563,121.429688,121.804688,1317768,4110404
02/18/2022,121.875001,122.039063,121.687501,121.945313,1520909,4223977
02/22/2022,122.031251,122.257813,121.679688,121.718751,5079712,4295789
02/23/2022,121.726563,121.773438,121.476563,121.617188,6397051,4229941
02/24/2022,121.570313,122.335938,121.562500,121.828125,5405428,3983416
02/25/2022,121.726563,121.875000,121.437500,121.625000,1741028,3872748
02/28/2022,122.054688,122.554688,122.007813,122.468750,1736964,3918377
03/01/2022,122.453125,123.523438,122.281250,123.375000,1932421,3807232
03/02/2022,123.140625,123.492188,122.195313,122.328125,1497662,3844271
03/03/2022,122.343750,122.585938,122.164063,122.398438,1003744,3860981
03/04/2022,122.406250,123.203125,122.296875,122.960938,1144787,3863255
03/07/2022,123.023438,123.367188,122.507813,122.632813,1073902,3867131
03/08/2022,122.507813,122.617188,121.992188,122.062500,1167936,3845499
03/09/2022,122.203125,122.281250,121.656250,121.687500,933591,3833453
03/10/2022,121.656250,121.882813,121.304688,121.367188,1021007,3817369
03/11/2022,121.437500,121.632813,121.195313,121.250000,754085,3796955
03/14/2022,121.328125,121.351563,120.554688,120.625000,843531,3808723
03/15/2022,120.632813,120.953125,120.406250,120.507813,939109,3796317
03/16/2022,120.523438,120.632813,119.867188,120.054688,1289264,3778606
03/17/2022,120.132813,120.484375,120.031250,120.203125,987962,3781459
03/18/2022,120.296875,120.500000,120.164063,120.296875,761573,3774257
03/21/2022,120.242188,120.273438,119.296875,119.304688,1115168,3786448
03/22/2022,119.367188,119.414063,118.992188,119.101563,1050090,3774450
03/23/2022,119.023438,119.445313,118.875000,119.320313,1017278,3749338
03/24/2022,119.414063,119.429688,118.929688,119.164063,851525,3754202
03/25/2022,119.039063,119.148438,118.125000,118.164063,1183741,3813229
03/28/2022,118.273438,118.476563,117.679688,118.210938,1374534,3809397
03/29/2022,118.203125,118.601563,117.773438,118.570313,1221265,3756307
03/30/2022,118.500000,118.859375,118.382813,118.734375,1121056,3720627
03/31/2022,118.796875,119.054688,118.656250,118.875000,1194589,3730097
04/01/2022,118.679688,118.695313,118.031250,118.210938,1210192,3756849
04/04/2022,118.093750,118.367188,117.945313,118.203125,844612,3764249
04/05/2022,118.210938,118.359375,117.460938,117.562500,939716,3793072
04/06/2022,117.554688,117.820313,117.085938,117.562500,1269535,3786660
04/07/2022,117.664063,117.984375,117.578125,117.695313,1148333,3845689
04/08/2022,117.625000,117.773438,117.226563,117.390625,840279,3831382
04/11/2022,117.312500,117.351563,117.007813,117.312500,840419,3843419
04/12/2022,117.289063,118.078125,117.039063,117.906250,1392677,3862248
04/13/2022,117.804688,118.437500,117.562500,118.062500,1471377,3834112
04/14/2022,118.000000,118.390625,117.359375,117.507813,1048878,3806950
04/18/2022,117.468750,117.546875,117.132813,117.375000,517352,3797613
04/19/2022,117.382813,117.523438,116.726563,116.914063,925403,3814466
04/20/2022,116.789063,117.125000,116.601563,117.046875,906126,3851393
04/21/2022,117.046875,117.062500,116.304688,116.492188,1115881,3854570
04/22/2022,116.484375,116.765625,116.171875,116.632813,1143343,3812107
04/25/2022,116.687500,117.507813,116.578125,117.062500,1119595,3799736
04/26/2022,117.007813,117.710938,116.789063,117.406250,1047715,3795224
04/27/2022,117.710938,117.781250,117.203125,117.351563,1042692,3818139
04/28/2022,117.265625,117.492188,116.882813,117.031250,1108132,3802325
04/29/2022,117.226563,117.289063,116.601563,116.859375,1279377,3777160
05/02/2022,116.656250,116.812500,116.367188,116.445313,760241,3788131
05/03/2022,116.429688,116.757813,116.265625,116.468750,904680,3818836
05/04/2022,116.375000,117.093750,116.171875,117.054688,1371811,3851773
05/05/2022,116.953125,117.140625,116.304688,116.453125,1147440,3844165
05/06/2022,116.484375,116.695313,116.203125,116.414063,1055687,3862821
05/09/2022,116.218750,116.992188,116.109375,116.734375,1043976,3872679
05/10/2022,116.867188,117.289063,116.734375,116.992188,1151187,3813677
05/11/2022,116.984375,117.343750,116.492188,117.140625,1345042,3786234
05/12/2022,117.070313,117.632813,117.039063,117.617188,1155511,3788237
05/13/2022,117.429688,117.437500,117.023438,117.148438,734918,3782202
05/16/2022,117.179688,117.570313,117.070313,117.468750,783187,3779575
05/17/2022,117.460938,117.539063,116.734375,116.859375,1023748,3791540
05/18/2022,116.773438,117.187500,116.632813,117.101563,1138679,3815240
05/19/2022,117.085938,117.640625,116.953125,117.328125,1515767,3860778
05/20/2022,117.382813,117.617188,117.179688,117.515625,1228554,3825918
05/23/2022,117.476563,117.515625,117.117188,117.171875,2161816,3852275
05/24/2022,117.242188,117.945313,117.148438,117.773438,4919740,4011412
05/25/2022,117.820313,118.093750,117.718750,117.976563,6300958,3937563
05/26/2022,117.953125,118.234375,117.820313,118.000000,6461163,3875169
05/27/2022,118.015625,118.101563,117.867188,117.898438,1170570,3810384
05/31/2022,117.968750,117.984375,117.343750,117.531250,1642572,3804715
06/01/2022,117.507813,117.515625,116.820313,116.890625,1181087,3771050
06/02/2022,117.015625,117.085938,116.820313,117.031250,796030,3793496
06/03/2022,117.015625,117.062500,116.710938,116.843750,733894,3820190
06/06/2022,116.851563,116.937500,116.421875,116.445313,666026,3820190
06/07/2022,116.453125,116.796875,116.296875,116.695313,736488,3784732
06/08/2022,116.679688,116.703125,116.390625,116.492188,645108,3809295
06/09/2022,116.484375,116.578125,116.210938,116.335938,826074,3818187
06/10/2022,116.328125,116.398438,115.359375,115.429688,1527619,3852577
06/13/2022,115.359375,115.375000,113.890625,114.382813,1786652,3922957
06/14/2022,114.296875,115.000000,113.757813,113.890625,1395601,3889422
06/15/2022,113.859375,114.968750,113.843750,114.492188,1372546,3864152
06/16/2022,114.945313,115.390625,113.914063,114.929688,1417139,3847476
06/17/2022,115.210938,115.359375,114.664063,115.054688,852750,3847476
06/21/2022,114.929688,115.101563,114.710938,114.937500,767843,3854228
06/22/2022,114.929688,115.804688,114.929688,115.687500,967254,3868678
06/23/2022,115.648438,116.632813,115.593750,116.125000,1384819,3850822
06/24/2022,116.039063,116.437500,115.882813,116.000000,881919,3918438
06/27/2022,115.914063,116.039063,115.484375,115.640625,794284,3936198
06/28/2022,115.640625,115.789063,115.382813,115.617188,652030,3962280
06/29/2022,115.695313,116.187500,115.648438,116.125000,673057,3985237
06/30/2022,116.164063,116.851563,116.093750,116.828125,1123800,4018311
07/01/2022,116.664063,117.960938,116.617188,117.414063,1305820,4007355
07/05/2022,117.546875,118.007813,117.070313,117.789063,1111429,4013995
07/06/2022,117.765625,118.179688,117.031250,117.132813,970168,3999297
07/07/2022,116.968750,117.195313,116.585938,116.656250,802774,3988530
07/08/2022,116.757813,116.914063,116.156250,116.242188,854939,4012097
07/11/2022,116.257813,116.828125,116.179688,116.648438,641325,3990808
07/12/2022,116.578125,117.101563,116.578125,116.804688,824025,3968034
07/13/2022,116.750000,117.039063,116.148438,116.765625,1399106,3978600
07/14/2022,116.703125,116.796875,116.117188,116.570313,1098706,3953178
07/15/2022,116.500000,116.960938,116.437500,116.593750,806611,3940687
07/18/2022,116.585938,116.781250,116.242188,116.539063,574943,3916323
07/19/2022,116.359375,116.554688,116.101563,116.156250,556544,3916097
07/20/2022,116.125000,116.554688,116.023438,116.054688,626964,3937714
07/21/2022,116.085938,117.031250,115.921875,116.875000,1030735,3992484
07/22/2022,116.976563,117.851563,116.835938,117.523438,1110943,3984766
07/25/2022,117.593750,117.640625,117.335938,117.421875,686176,3990068
07/26/2022,117.531250,117.906250,117.367188,117.484375,744699,3988929
07/27/2022,117.382813,117.921875,117.304688,117.875000,889147,3983521
07/28/2022,117.648438,118.562500,117.468750,118.296875,1304090,3926994
07/29/2022,118.304688,118.484375,117.953125,118.304688,1196943,3942475
08/01/2022,118.343750,118.570313,118.195313,118.390625,771054,3917846
08/02/2022,118.531250,118.820313,117.398438,117.453125,1188395,3935263
08/03/2022,117.484375,117.718750,116.882813,117.382813,1114103,3898516
08/04/2022,117.578125,117.953125,117.367188,117.851563,788002,3897531
08/05/2022,117.773438,117.859375,116.781250,116.867188,959755,3899313
08/08/2022,116.851563,117.234375,116.789063,117.148438,527892,3896343
08/09/2022,117.164063,117.226563,116.773438,116.804688,625249,3901253
08/10/2022,116.875000,117.734375,116.718750,117.132813,1206589,3955559
08/11/2022,117.125000,117.515625,116.796875,116.875000,919930,4012692
08/12/2022,116.851563,117.140625,116.789063,116.867188,700275,4048111
08/15/2022,116.929688,117.320313,116.789063,117.140625,538643,4069644
08/16/2022,117.234375,117.289063,116.820313,116.906250,676925,4066730
08/17/2022,116.875000,116.914063,116.304688,116.500000,993883,4120695
08/18/2022,116.484375,116.859375,116.328125,116.593750,908919,4190080
08/19/2022,116.632813,116.664063,116.164063,116.234375,830261,4167674
08/22/2022,116.328125,116.429688,115.882813,115.914063,1003672,4171650
08/23/2022,116.007813,116.328125,115.796875,115.953125,2513587,4125880
08/24/2022,116.023438,116.156250,115.617188,115.718750,3848492,4219569
08/25/2022,115.695313,115.968750,115.640625,115.929688,4334896,4201802
08/26/2022,115.929688,116.031250,115.570313,115.734375,3375813,4077473
08/29/2022,115.546875,115.617188,115.226563,115.406250,2119212,4096538
08/30/2022,115.476563,115.687500,115.164063,115.335938,1362400,4037085
08/31/2022,115.382813,115.460938,115.015625,115.335938,1091683,4011788
09/01/2022,115.031250,115.179688,114.632813,114.804688,960403,4036787
09/02/2022,114.843750,115.484375,114.796875,115.343750,938730,4032146
09/06/2022,115.312500,115.484375,114.585938,114.679688,888065,4009309
09/07/2022,114.640625,115.101563,114.554688,115.062500,699608,4013314
09/08/2022,115.046875,115.406250,114.773438,114.890625,801163,4011029
09/09/2022,114.773438,115.132813,114.632813,114.656250,624226,3998505
09/12/2022,114.648438,114.968750,114.570313,114.656250,626391,3994442
09/13/2022,114.664063,114.992188,113.859375,114.007813,1347462,3982527
09/14/2022,114.054688,114.117188,113.695313,113.960938,950799,4007674
09/15/2022,113.882813,113.953125,113.515625,113.593750,806816,4015842
09/16/2022,113.617188,113.882813,113.460938,113.820313,821619,4005466
09/19/2022,113.781250,113.835938,113.390625,113.476563,620999,4002507
09/20/2022,113.539063,113.585938,113.125000,113.234375,805090,3974321
09/21/2022,113.242188,113.500000,112.695313,113.375000,1182767,3954509
09/22/2022,113.078125,113.109375,112.296875,112.390625,1351335,3954193
09/23/2022,112.351563,112.492188,111.679688,112.093750,1289528,3940238
09/26/2022,112.140625,112.140625,111.156250,111.351563,1367709,3962781
09/27/2022,111.179688,111.875000,111.062500,111.195313,1520365,3999390
09/28/2022,111.289063,112.617188,111.054688,112.578125,1888679,3991715
09/29/2022,112.398438,112.421875,111.773438,112.289063,1190905,4001003
09/30/2022,112.054688,112.531250,111.750000,112.023438,1276835,3973117
10/03/2022,111.773438,113.148438,111.765625,112.695313,1177202,4005598
10/04/2022,112.718750,113.234375,112.679688,112.890625,1130896,3995725
10/05/2022,112.796875,112.976563,112.148438,112.359375,997227,4018729
10/06/2022,112.343750,112.445313,111.828125,111.906250,833921,4025858
10/07/2022,111.859375,111.890625,111.359375,111.578125,827999,4030200
10/10/2022,111.539063,111.726563,111.187500,111.375000,316471,4032334
10/11/2022,111.437500,111.781250,111.164063,111.437500,862577,4040583
10/12/2022,111.460938,111.781250,111.328125,111.687500,774745,4031111
10/13/2022,111.671875,111.929688,110.617188,111.210938,1413366,4026178
10/14/2022,111.226563,111.632813,110.828125,110.921875,1169754,4011032
10/17/2022,110.953125,111.515625,110.906250,111.078125,1242327,4004864
10/18/2022,111.093750,111.382813,110.960938,111.187500,741134,4000027
10/19/2022,111.156250,111.210938,110.570313,110.593750,780610,4009957
10/20/2022,110.570313,110.703125,110.117188,110.179688,958505,4027522
10/21/2022,110.203125,110.859375,109.976563,110.664063,1466071,4037358
10/24/2022,110.726563,111.156250,110.476563,110.679688,1033070,4044082
10/25/2022,110.609375,111.390625,110.609375,111.093750,1082028,4087748
10/26/2022,111.078125,111.507813,111.015625,111.382813,1138587,4120492
10/27/2022,111.406250,112.062500,111.085938,111.859375,1191054,4132764
10/28/2022,112.015625,112.085938,111.296875,111.390625,1171006,4137974
10/31/2022,111.343750,111.375000,110.968750,111.109375,1050443,4125183
11/01/2022,111.210938,111.757813,110.953125,111.046875,1068772,4140760
11/02/2022,110.984375,111.546875,110.742188,111.070313,1253770,4199562
11/03/2022,110.796875,110.828125,110.210938,110.585938,1030954,4246433
11/04/2022,110.515625,110.867188,110.085938,110.718750,1045728,4247811
11/07/2022,110.734375,110.812500,110.390625,110.421875,635284,4263371
11/08/2022,110.421875,110.843750,110.312500,110.789063,699028,4281320
11/09/2022,110.835938,111.171875,110.656250,110.937500,786519,4276377
11/10/2022,111.125000,112.507813,110.921875,112.429688,1689349,4286604
11/11/2022,112.429688,112.484375,112.132813,112.328125,450078,4330997
11/14/2022,112.273438,112.289063,112.015625,112.203125,865311,4324968
11/15/2022,112.210938,112.789063,112.148438,112.531250,1248128,4333912
11/16/2022,112.617188,112.906250,112.320313,112.804688,973150,4336646
11/17/2022,112.781250,112.875000,112.265625,112.398438,1029661,4304342
11/18/2022,112.382813,112.492188,112.070313,112.148438,866599,4346438
11/21/2022,112.101563,112.375000,112.000000,112.078125,2405973,4382559
11/22/2022,112.007813,112.265625,111.992188,112.203125,4822947,4326518
11/23/2022,112.179688,112.437500,111.914063,112.375000,4248651,4321057
11/25/2022,112.382813,112.726563,112.109375,112.382813,1837548,4312536
11/28/2022,112.414063,112.695313,112.328125,112.359375,2796427,4350622
11/29/2022,112.406250,112.625000,112.171875,112.257813,1266919,4303419
11/30/2022,112.234375,113.125000,111.906250,112.710938,1782805,4298378
12/01/2022,113.125000,113.500000,112.882813,113.398438,1201096,4219725
12/02/2022,113.460938,113.601563,112.710938,113.429688,1335538,4190601
12/05/2022,113.367188,113.406250,112.757813,112.828125,825065,4160112
12/06/2022,112.906250,113.132813,112.773438,113.085938,650017,4130322
12/07/2022,113.031250,113.671875,112.937500,113.640625,777978,4103282
12/08/2022,113.554688,113.562500,113.132813,113.195313,680220,4111323
12/09/2022,113.226563,113.445313,112.914063,113.007813,612079,4100477
12/12/2022,112.914063,113.179688,112.734375,112.804688,621487,4088689
12/13/2022,112.859375,113.960938,112.820313,113.515625,1259240,4114021
12/14/2022,113.484375,113.757813,113.195313,113.492188,1109164,4161534
12/15/2022,113.679688,113.742188,113.375000,113.578125,816330,4147034
12/16/2022,113.617188,113.757813,113.171875,113.656250,698026,4146586
12/19/2022,113.601563,113.609375,113.156250,113.226563,466574,4124567
12/20/2022,113.218750,113.250000,112.750000,112.921875,721828,4144602
12/21/2022,112.921875,113.257813,112.796875,112.976563,814835,4141744
12/22/2022,113.023438,113.156250,112.835938,112.914063,455100,4142762
12/23/2022,112.835938,112.882813,112.523438,112.578125,471993,4124700
12/27/2022,112.625000,112.648438,112.093750,112.125000,429885,4134572
12/28/2022,112.234375,112.351563,112.023438,112.070313,531568,4166342
12/29/2022,112.093750,112.257813,112.039063,112.156250,574221,4168666
12/30/2022,112.195313,112.203125,111.796875,112.070313,772823,4219521
01/03/2023,112.203125,112.515625,112.109375,112.156250,817563,4213262
01/04/2023,112.351563,112.718750,112.289063,112.453125,913574,4197829
01/05/2023,112.562500,112.578125,111.960938,112.281250,926448,4187922
01/06/2023,112.250000,113.242188,112.007813,113.164063,1495233,4134154
01/09/2023,113.179688,113.507813,113.031250,113.437500,912098,4108045
01/10/2023,113.335938,113.414063,112.960938,113.093750,820118,4095328
01/11/2023,113.109375,113.453125,113.093750,113.367188,910165,4100390
01/12/2023,113.414063,114.039063,112.984375,113.921875,1477848,4182974
01/13/2023,113.929688,114.101563,113.554688,113.570313,1583544,4169622
01/17/2023,113.570313,113.773438,113.335938,113.632813,901132,4159392
01/18/2023,113.570313,114.437500,113.531250,114.421875,1249320,4200853
01/19/2023,114.382813,114.625000,114.054688,114.164063,1019942,4211899
01/20/2023,114.171875,114.171875,113.671875,113.804688,778487,4188989
01/23/2023,113.820313,113.921875,113.492188,113.515625,857611,4167648
01/24/2023,113.546875,113.765625,113.367188,113.695313,720670,4162628
01/25/2023,113.757813,113.984375,113.632813,113.804688,824632,4165523
01/26/2023,113.851563,113.882813,113.492188,113.601563,886579,4184405
01/27/2023,113.562500,113.609375,113.320313,113.453125,669594,4191677
01/30/2023,113.476563,113.539063,113.125000,113.171875,742435,4170771
01/31/2023,113.257813,113.609375,113.203125,113.382813,1230400,4177919
02/01/2023,113.484375,114.109375,113.296875,114.015625,1319829,4217217
02/02/2023,113.929688,114.406250,113.906250,114.093750,1451272,4230999
02/03/2023,114.039063,114.156250,113.179688,113.226563,1613495,4256621
02/06/2023,113.203125,113.203125,112.375000,112.531250,1400878,4243488
02/07/2023,112.484375,112.875000,112.382813,112.406250,1279456,4241276
02/08/2023,112.429688,112.679688,112.390625,112.523438,859409,4250334
02/09/2023,112.656250,112.734375,112.187500,112.210938,894822,4257569
02/10/2023,112.320313,112.343750,111.992188,112.046875,925412,4256666
02/13/2023,112.000000,112.085938,111.882813,111.992188,808716,4261976
02/14/2023,112.046875,112.546875,111.460938,111.609375,1683271,4292464
02/15/2023,111.609375,111.765625,111.296875,111.460938,1348009,4356136
02/16/2023,111.429688,111.695313,111.226563,111.429688,1539967,4307638
02/17/2023,111.304688,111.539063,110.984375,111.492188,1186663,4299116
02/21/2023,111.476563,111.492188,110.851563,110.898438,3239857,4387851
02/22/2023,110.890625,111.164063,110.835938,110.976563,5479510,4429101
02/23/2023,110.968750,111.148438,110.726563,111.085938,5709920,4478870
02/24/2023,111.062500,111.164063,110.414063,110.585938,3642326,4392149
02/27/2023,110.570313,110.835938,110.414063,110.765625,1603272,4225520
02/28/2023,110.796875,110.820313,110.507813,110.757813,1227593,4182168
03/01/2023,110.695313,110.718750,110.257813,110.343750,1277845,4281553
03/02/2023,110.382813,110.406250,109.976563,110.093750,1128236,4239126
03/03/2023,110.140625,110.445313,110.078125,110.375000,992992,4218801
03/06/2023,110.390625,110.625000,110.257813,110.289063,732262,4217173
03/07/2023,110.351563,110.531250,110.015625,110.078125,1259725,4232280
03/08/2023,110.070313,110.351563,109.781250,109.953125,1498741,4235289
03/09/2023,109.906250,110.687500,109.882813,110.531250,1402126,4270856
03/10/2023,110.632813,111.843750,110.617188,111.718750,2687064,4247717
03/13/2023,111.718750,113.632813,111.500000,113.046875,3738101,4296136
03/14/2023,112.906250,113.601563,111.960938,112.429688,2512021,4350652
03/15/2023,112.156250,114.132813,111.898438,113.453125,2828911,4442988
03/16/2023,113.578125,113.992188,112.625000,112.679688,2053039,4411561
03/17/2023,112.710938,113.992188,112.492188,113.929688,1516994,4401191
03/20/2023,113.578125,114.671875,113.132813,113.406250,1038815,4360748
03/21/2023,113.320313,113.671875,112.554688,112.609375,1205157,4350302
03/22/2023,112.593750,113.757813,112.367188,113.421875,1241444,4379192
03/23/2023,113.656250,114.335938,113.406250,114.164063,1428842,4440877
03/24/2023,114.078125,115.007813,113.921875,114.187500,947927,4346094
03/27/2023,114.273438,114.273438,113.257813,113.335938,855868,4334196
03/28/2023,113.359375,113.531250,112.937500,113.023438,831924,4378900
03/29/2023,112.976563,113.234375,112.718750,112.945313,726399,4364582
03/30/2023,112.890625,113.109375,112.695313,112.984375,1214449,4369251
03/31/2023,112.890625,113.367188,112.734375,113.210938,979800,4415975
04/03/2023,113.234375,113.734375,112.976563,113.601563,1054657,4439059
04/04/2023,113.718750,114.273438,113.375000,114.250000,1116073,4493575
04/05/2023,114.218750,114.882813,113.992188,114.453125,888825,4438460
04/06/2023,114.343750,114.789063,114.265625,114.375000,526676,4432904
04/07/2023,114.304688,114.343750,113.773438,113.796875,526676,4432904
04/10/2023,113.804688,113.937500,113.546875,113.640625,730414,4461264
04/11/2023,113.617188,113.828125,113.359375,113.468750,1079964,4446566
04/12/2023,113.578125,114.195313,113.406250,113.820313,825561,4473915
04/13/2023,113.921875,114.117188,113.625000,113.671875,1066715,4478705
04/14/2023,113.710938,113.843750,113.070313,113.171875,715904,4467803
04/17/2023,113.156250,113.234375,112.734375,112.804688,660035,4484641
04/18/2023,112.765625,113.000000,112.726563,112.867188,824775,4472642
04/19/2023,112.835938,112.859375,112.492188,112.648438,821838,4462736
04/20/2023,112.703125,113.132813,112.679688,113.015625,751196,4499279
04/21/2023,113.062500,113.296875,112.867188,112.929688,616646,4481115
04/24/2023,112.929688,113.281250,112.906250,113.187500,1149506,4503940
04/25/2023,113.335938,114.062500,113.335938,113.953125,1345630,4576091
04/26/2023,113.914063,114.046875,113.578125,113.804688,974986,4607163
04/27/2023,113.703125,113.820313,113.117188,113.179688,1359855,4650698
04/28/2023,113.218750,113.703125,113.054688,113.445313,1450990,4717075
05/01/2023,113.656250,113.656250,112.945313,113.031250,1159756,4715682
05/02/2023,113.039063,113.898438,113.007813,113.789063,1225242,4760542
05/03/2023,113.812500,114.562500,113.765625,114.039063,1694544,4846031
05/04/2023,114.640625,115.054688,114.187500,114.703125,1001007,5004196
05/05/2023,114.453125,114.523438,113.898438,114.007813,729901,5043253
05/08/2023,114.031250,114.054688,113.601563,113.609375,824687,5082275
05/09/2023,113.648438,113.812500,113.468750,113.617188,1375584,5086319
05/10/2023,113.601563,114.234375,113.492188,114.179688,1139285,5126806
05/11/2023,114.101563,114.562500,114.031250,114.187500,738572,5060520
05/12/2023,114.203125,114.296875,113.742188,113.757813,759494,5084946
05/15/2023,113.765625,113.843750,113.593750,113.710938,1231762,5083933
05/16/2023,113.703125,113.937500,113.312500,113.460938,1187292,5100803
05/17/2023,113.421875,113.531250,113.078125,113.132813,1601203,5089154
05/18/2023,113.156250,113.242188,112.601563,112.640625,1971755,5071475
05/19/2023,112.703125,112.812500,112.218750,112.390625,1819525,5067644
05/22/2023,112.507813,112.679688,112.218750,112.312500,3821693,5126733
05/23/2023,112.312500,112.429688,112.007813,112.382813,6292266,5105531
05/24/2023,112.429688,112.492188,112.039063,112.242188,5943257,5086194
05/25/2023,112.062501,112.203126,111.414063,111.546876,3045923,5144557
05/26/2023,111.453126,111.687501,111.070313,111.281251,2211459,4894057
05/30/2023,111.281251,111.960938,111.046876,111.835938,1593348,4871724
05/31/2023,111.859376,112.296876,111.828126,112.179688,1160147,4847273
06/01/2023,112.132813,112.585938,111.882813,112.390626,1182693,4853684
06/02/2023,112.390626,112.398438,111.656251,111.726563,1012077,4869968
06/05/2023,111.648438,111.960938,111.367188,111.773438,721231,4845260
06/06/2023,111.835938,112.000001,111.539063,111.640626,835132,4850014
06/07/2023,111.835938,111.859376,111.179688,111.367188,1184221,4852611
06/08/2023,111.289063,111.703126,111.156251,111.632813,994695,4874097
06/09/2023,111.617188,111.625001,111.234376,111.312501,830416,4854773
06/12/2023,111.273438,111.515626,111.164063,111.343751,1382169,4858392
06/13/2023,111.375001,111.781251,110.812501,110.843751,1452883,4917172
06/14/2023,110.976563,111.242188,110.484376,110.859376,1278308,4940291
06/15/2023,110.929688,111.320313,110.554688,111.226563,1037391,4943920
06/16/2023,111.242188,111.281251,110.671876,110.882813,1037391,4943920
06/20/2023,110.914063,111.210938,110.687501,111.039063,872233,4948670
06/21/2023,111.070313,111.171876,110.789063,111.070313,896841,4981363
06/22/2023,111.039063,111.187501,110.625001,110.664063,941894,4985811
06/23/2023,110.664063,111.195313,110.625001,110.875001,667413,4978735
06/26/2023,110.890626,111.171876,110.890626,111.000001,954807,5014000
06/27/2023,110.960938,111.101563,110.625001,110.671876,906462,5022642
06/28/2023,110.687501,110.984376,110.648438,110.945313,1286060,5073587
06/29/2023,110.953126,110.968751,110.132813,110.195313,1482381,5100064
06/30/2023,110.265626,110.367188,109.937501,110.195313,741799,5085321
07/03/2023,110.078126,110.375001,109.890626,109.945313,1043194,5080588
07/05/2023,109.945313,110.109376,109.656251,109.679688,1602116,5140494
07/06/2023,109.703126,109.726563,108.710938,109.218751,1306388,5191509
07/07/2023,109.367188,109.820313,109.078126,109.382813,972478,5213752
07/10/2023,109.304688,109.843751,109.226563,109.773438,818506,5246203
07/11/2023,109.781251,109.992188,109.695313,109.781251,1401809,5257885
07/12/2023,109.828126,110.578126,109.796876,110.515626,1361002,5260191
07/13/2023,110.476563,111.140626,110.468751,111.117188,959769,5303365
07/14/2023,111.046876,111.093751,110.609376,110.671876,655674,5297966
07/17/2023,110.578126,110.890626,110.562501,110.789063,999810,5312455
07/18/2023,110.742188,111.179688,110.718751,110.789063,882249,5333980
07/19/2023,110.734376,111.109376,110.710938,110.898438,1076446,5334832
07/20/2023,110.812501,110.867188,110.210938,110.335938,1162333,5324609
07/21/2023,110.320313,110.460938,110.257813,110.359376,808131,5315584
07/24/2023,110.382813,110.546876,110.085938,110.195313,993126,5324606
07/25/2023,110.078126,110.179688,109.851563,109.921876,1101337,5348725
07/26/2023,110.007813,110.351563,109.914063,110.328126,1431276,5401295
07/27/2023,110.195313,110.390626,109.593751,109.632813,1095199,5466054
07/28/2023,109.671876,110.093751,109.515626,109.859376,1062226,5484116
07/31/2023,109.953126,110.062501,109.710938,109.921876,1023143,5513928
08/01/2023,109.929688,110.007813,109.609376,109.632813,1140726,5557476
08/02/2023,109.718751,109.921876,109.468751,109.679688,1237970,5560134
08/03/2023,109.656251,109.726563,109.375001,109.468751,1542767,5626212
08/04/2023,109.492188,110.132813,109.062501,110.000001,862250,5660135
08/07/2023,110.101563,110.109376,109.726563,110.070313,914514,5682777
08/08/2023,109.992188,110.359376,109.960938,110.210938,753435,5711857
08/09/2023,110.210938,110.320313,110.054688,110.125001,1461395,5734073
08/10/2023,110.078126,110.484376,109.687501,109.828126,1104490,5749428
08/11/2023,109.703126,109.882813,109.351563,109.390626,966360,5745775
08/14/2023,109.382813,109.460938,109.078126,109.171876,1401343,5748623
08/15/2023,109.132813,109.390626,108.773438,109.078126,1217957,5768718
08/16/2023,109.093751,109.359376,108.867188,108.953126,1324704,5755289
08/17/2023,108.953126,109.039063,108.734376,108.859376,940210,5787192
08/18/2023,108.976563,109.210938,108.953126,109.054688,1184837,5799742
08/21/2023,109.046876,109.078126,108.648438,108.718751,1256529,5788000
08/22/2023,108.703126,108.820313,108.546876,108.625001,3056551,5810640
08/23/2023,108.585938,109.171876,108.562501,109.101563,5468926,5727920
08/24/2023,109.046875,109.132813,108.828125,108.906250,6059916,5589565
08/25/2023,108.851563,108.945313,108.531250,108.781250,5993813,5609546
08/28/2023,108.742188,108.945313,108.648438,108.890625,3827388,5474140
08/29/2023,108.914063,109.453125,108.750000,109.375000,1526622,5381737
08/30/2023,109.382813,109.601563,109.203125,109.414063,1295488,5384538
08/31/2023,109.421875,109.578125,109.335938,109.531250,1351757,5356509
09/01/2023,109.500000,109.898438,109.210938,109.335938,979723,5428404
09/05/2023,109.289063,109.320313,108.914063,108.929688,1065900,5415832
09/06/2023,108.953125,109.078125,108.609375,108.648438,860475,5366148
09/07/2023,108.695313,108.960938,108.601563,108.921875,661903,5362877
09/08/2023,108.937500,109.125000,108.804688,108.835938,606714,5368586
09/11/2023,108.718750,108.828125,108.664063,108.773438,550132,5386257
09/12/2023,108.765625,108.812500,108.656250,108.757813,1114799,5391830
09/13/2023,108.679688,108.953125,108.242188,108.851563,1173279,5433047
09/14/2023,108.867188,109.023438,108.656250,108.726563,844153,5498946
09/15/2023,108.703125,108.812500,108.492188,108.578125,638300,5520152
09/18/2023,108.523438,108.578125,108.375000,108.515625,897531,5495872
09/19/2023,108.554688,108.601563,108.234375,108.257813,1249229,5511115
09/20/2023,108.328125,108.539063,108.000000,108.265625,1260840,5509732
09/21/2023,108.007813,108.007813,107.687500,107.851563,914907,5526496
09/22/2023,107.843750,108.187500,107.820313,108.054688,855272,5512154
09/25/2023,108.101563,108.156250,107.867188,107.890625,946161,5582532
09/26/2023,107.906250,108.070313,107.789063,107.859375,1312491,5579726
09/27/2023,107.914063,108.062500,107.460938,107.523438,1341096,5565417
09/28/2023,107.640625,107.898438,107.359375,107.812500,1651647,5568914
09/29/2023,107.867188,108.171875,107.781250,107.968750,1041408,5578261
10/02/2023,107.859375,107.867188,107.468750,107.523438,1402045,5590507
10/03/2023,107.562500,107.601563,107.132813,107.171875,1491735,5630744
10/04/2023,107.164063,107.562500,106.875000,107.523438,1086350,5656977
10/05/2023,107.484375,107.742188,107.421875,107.679688,1457139,5675653
10/06/2023,107.664063,107.671875,106.992188,107.398438,559488,5691965
10/09/2023,107.625000,108.195313,107.562500,108.101563,1377242,5729337
10/10/2023,108.093750,108.171875,107.734375,107.945313,1328995,5746430
10/11/2023,107.953125,108.226563,107.835938,107.960938,1440029,5728980
10/12/2023,108.054688,108.250000,107.507813,107.562500,954013,5718507
10/13/2023,107.585938,107.984375,107.570313,107.781250,843544,5709953
10/16/2023,107.718750,107.757813,107.468750,107.492188,1401747,5715542
10/17/2023,107.492188,107.515625,106.750000,106.835938,1303735,5702366
10/18/2023,106.843750,107.031250,106.570313,106.632813,1636845,5624961
10/19/2023,106.585938,106.750000,106.343750,106.531250,1260047,5607209
10/20/2023,106.554688,107.078125,106.531250,106.960938,1252756,5583426
10/23/2023,106.835938,107.234375,106.625000,107.226563,1251487,5578000
10/24/2023,107.187500,107.335938,106.929688,107.078125,1179544,5571039
10/25/2023,107.085938,107.179688,106.671875,106.726563,1416888,5659816
10/26/2023,106.710938,107.226563,106.617188,107.179688,1069256,5698691
10/27/2023,107.148438,107.375000,107.054688,107.296875,951422,5715542
10/30/2023,107.328125,107.328125,107.000000,107.164063,1438131,5704443
10/31/2023,107.078125,107.382813,106.984375,107.085938,1751506,5746137
11/01/2023,106.960938,107.765625,106.953125,107.562500,1755650,5850611
11/02/2023,107.757813,108.093750,107.671875,107.789063,1988667,5868779
11/03/2023,107.773438,108.609375,107.679688,108.398438,1199621,5928863
11/06/2023,108.335938,108.343750,107.867188,107.882813,1313862,5963770
11/07/2023,107.968750,108.281250,107.914063,108.164063,1160907,6019834
11/08/2023,108.164063,108.265625,107.976563,108.187500,1430274,5997953
11/09/2023,108.234375,108.296875,107.640625,107.726563,1098345,5984530
11/10/2023,107.750000,107.960938,107.500000,107.593750,863650,6023208
11/13/2023,107.539063,107.664063,107.359375,107.609375,1786110,6038943
11/14/2023,107.593750,108.664063,107.484375,108.625000,1619111,6084468
11/15/2023,108.515625,108.656250,108.078125,108.179688,1267621,6098000
11/16/2023,108.218750,108.648438,108.187500,108.578125,1358860,6133899
11/17/2023,108.601563,108.828125,108.343750,108.421875,1637925,6157602
11/20/2023,108.421875,108.523438,108.273438,108.468750,4135293,6212107
11/21/2023,108.468750,108.671875,108.398438,108.554688,5985359,6172960
11/22/2023,108.617188,108.757813,108.312500,108.445313,3455177,6371764
11/24/2023,108.484375,108.531250,108.132813,108.187500,11763231,6447968
11/27/2023,108.210938,108.593750,108.054688,108.562500,4641100,6271031
11/28/2023,108.546875,109.062500,108.421875,109.054688,2362540,6081130
11/29/2023,109.062500,109.476563,109.046875,109.328125,1855763,5895901
11/30/2023,109.351563,109.437500,108.898438,108.976563,1762792,5827180
12/01/2023,109.109375,109.703125,108.968750,109.601563,1143444,5810044
12/04/2023,109.703125,109.710938,109.179688,109.234375,1327750,5768046
12/05/2023,109.335938,109.726563,109.304688,109.656250,1131034,5775249
12/06/2023,109.640625,109.757813,109.453125,109.695313,1112368,5787444
12/07/2023,109.757813,109.828125,109.453125,109.742188,1439411,5790199
12/08/2023,109.625000,109.664063,108.953125,109.085938,879095,5736460
12/11/2023,109.109375,109.140625,108.882813,109.093750,1247842,5722440
12/12/2023,109.125000,109.531250,109.039063,109.203125,1763056,5737034
12/13/2023,109.234375,110.390625,109.179688,110.187500,2018829,5689109
12/14/2023,110.359375,110.890625,110.328125,110.585938,1366707,5688547
12/15/2023,110.593750,110.750000,110.281250,110.484375,732181,5736529
12/18/2023,110.546875,110.679688,110.367188,110.382813,665087,5706087
12/19/2023,110.453125,110.609375,110.359375,110.460938,803808,5740862
12/20/2023,110.429688,110.851563,110.406250,110.710938,911323,5720140
12/21/2023,110.843750,111.000000,110.625000,110.695313,591133,5710524
12/22/2023,110.695313,110.851563,110.593750,110.664063,329770,5733262
12/26/2023,110.703125,110.757813,110.601563,110.726563,646861,5742599
12/27/2023,110.671875,111.109375,110.625000,111.062500,616275,5783183
12/28/2023,111.031250,111.054688,110.757813,110.812500,766770,5813655
12/29/2023,110.843750,110.929688,110.632813,110.898438,908525,5793012
01/02/2024,110.789063,110.875000,110.375000,110.468750,1119962,5797311
01/03/2024,110.507813,110.640625,110.187500,110.593750,909329,5747705
01/04/2024,110.531250,110.656250,110.179688,110.234375,1376778,5763844
01/05/2024,110.203125,110.484375,109.687500,110.093750,1014393,5771585
01/08/2024,110.109375,110.492188,109.929688,110.328125,823831,5785044
01/09/2024,110.179688,110.328125,110.101563,110.234375,844298,5798901
01/10/2024,110.265625,110.421875,110.179688,110.218750,1570680,5805202
01/11/2024,110.234375,110.671875,110.062500,110.617188,1404182,5833643
01/12/2024,110.664063,111.031250,110.460938,110.898438,1636260,5852784
01/16/2024,110.835938,110.851563,110.312500,110.429688,1345390,5913271
01/17/2024,110.468750,110.554688,109.929688,110.023438,938309,5919179
01/18/2024,110.007813,110.195313,109.890625,109.929688,969385,5903772
01/19/2024,109.929688,109.968750,109.640625,109.804688,1114976,5911353
01/22/2024,109.867188,110.078125,109.796875,110.023438,792439,5941481
01/23/2024,109.968750,110.046875,109.812500,109.882813,1293743,5998809
01/24/2024,109.937500,110.140625,109.687500,109.726563,1388994,5967084
01/25/2024,109.718750,110.062500,109.570313,109.968750,955113,5944105
01/26/2024,110.046875,110.156250,109.750000,109.773438,910110,5942790
01/29/2024,109.945313,110.171875,109.859375,110.062500,1181201,5948997
01/30/2024,110.078125,110.234375,109.859375,110.007813,2652085,5937929
01/31/2024,110.117188,110.726563,110.085938,110.515625,1681120,5958277
02/01/2024,110.679688,111.062500,110.476563,110.828125,2064085,5949849
02/02/2024,110.757813,110.796875,109.843750,109.976563,1374975,5900332
02/05/2024,109.945313,109.960938,109.375000,109.437500,1221531,5876694
02/06/2024,109.453125,109.843750,109.406250,109.765625,1005577,5833253
02/07/2024,109.765625,109.953125,109.640625,109.687500,852207,5838891
02/08/2024,109.640625,109.726563,109.390625,109.414063,984536,5830932
02/09/2024,109.453125,109.570313,109.218750,109.273438,652208,5853663
02/12/2024,109.304688,109.476563,109.273438,109.375000,1812905,5915591
02/13/2024,109.351563,109.703125,108.492188,108.554688,1988296,5900715
02/14/2024,108.570313,108.945313,108.484375,108.851563,1244394,5896555
02/15/2024,108.867188,109.203125,108.843750,108.968750,1262939,5944760
02/16/2024,108.968750,108.984375,108.390625,108.640625,1370989,5961131
02/20/2024,108.671875,108.937500,108.562500,108.804688,1466535,6000253
02/21/2024,108.812500,108.921875,108.539063,108.585938,3437861,6104031
02/22/2024,108.570313,108.656250,108.320313,108.421875,7039361,6050635
02/23/2024,108.445313,108.664063,108.250000,108.601563,7498030,6189187
02/26/2024,108.554688,108.742188,108.367188,108.414063,4299979,6126233
02/27/2024,108.484376,108.601563,108.335938,108.382813,1710045,6059054
02/28/2024,108.406251,108.648438,108.382813,108.601563,1830935,5896531
02/29/2024,108.632813,108.796876,108.343751,108.617188,1643074,5822423
03/01/2024,108.695313,109.117188,108.515626,109.078126,826006,5810423
03/04/2024,109.078126,109.078126,108.796876,108.835938,914715,5832772
03/05/2024,108.867188,109.273438,108.820313,109.148438,1322025,5815202
03/06/2024,109.109376,109.421876,109.031251,109.203126,1077790,5796797
03/07/2024,109.242188,109.437501,109.117188,109.367188,1575369,5790066
03/08/2024,109.390626,109.765626,109.085938,109.460938,871319,5862320
03/11/2024,109.500001,109.578126,109.281251,109.335938,961954,5843129
03/12/2024,109.320313,109.437501,108.968751,109.031251,810568,5857325
03/13/2024,109.039063,109.117188,108.843751,108.890626,1536428,5875645
03/14/2024,108.835938,108.875001,108.398438,108.421876,1012608,5851229
03/15/2024,108.437501,108.476563,108.210938,108.273438,771159,5833690
03/18/2024,108.234376,108.312501,108.085938,108.132813,966951,5827705
03/19/2024,108.203126,108.398438,108.132813,108.359376,1267865,5838981
03/20/2024,108.359376,108.742188,108.343751,108.648438,1154905,5841728
03/21/2024,108.640626,108.890626,108.507813,108.585938,833736,5858344
03/22/2024,108.585938,108.867188,108.578126,108.789063,802165,5902606
03/25/2024,108.851563,108.890626,108.601563,108.648438,878493,5912310
03/26/2024,108.671876,108.773438,108.531251,108.695313,875168,5941972
03/27/2024,108.703126,108.914063,108.648438,108.843751,1260580,6000501
03/28/2024,108.835938,108.843751,108.570313,108.726563,1006706,6000490
04/01/2024,108.695313,108.812501,108.132813,108.171876,1210872,6003609
04/02/2024,108.257813,108.296876,107.960938,108.132813,1303954,6088816
04/03/2024,108.171876,108.242188,107.882813,108.195313,1196184,6075908
04/04/2024,108.250001,108.421876,108.085938,108.382813,1419100,6092365
04/05/2024,108.335938,108.406251,107.921876,108.039063,1494668,6114091
04/08/2024,107.890626,107.906251,107.671876,107.742188,1182862,6090485
04/09/2024,107.757813,108.031251,107.710938,107.976563,1156961,6070390
04/10/2024,107.968751,108.101563,106.898438,106.937501,2697242,6095381
04/11/2024,106.960938,107.156251,106.671876,106.914063,1956956,6093686
04/12/2024,106.867188,107.359376,106.859376,107.281251,1774000,6048886
04/15/2024,107.257813,107.289063,106.601563,106.851563,1511900,6047633
04/16/2024,106.953126,106.984376,106.500001,106.687501,1254993,6016477
04/17/2024,106.593751,107.023438,106.546876,106.953126,1307836,6003164
04/18/2024,106.929688,107.062501,106.625001,106.656251,1318721,5958711
04/19/2024,106.687501,107.281251,106.671876,106.773438,847425,5951505
04/22/2024,106.617188,106.835938,106.554688,106.757813,1186700,5953954
04/23/2024,106.796876,107.015626,106.609376,106.914063,1179500,5960804
04/24/2024,106.882813,106.906251,106.671876,106.750001,1448335,6011144
04/25/2024,106.796876,106.953126,106.343751,106.500001,944310,6063060
04/26/2024,106.507813,106.796876,106.460938,106.585938,202,6014627
04/29/2024,106.578126,106.820313,106.578126,106.804688,1649335,6008206
04/30/2024,106.765626,106.820313,106.437501,106.453126,1553900,6015556
05/01/2024,106.484376,106.984376,106.421876,106.914063,1367670,6016124
05/02/2024,106.765626,107.125001,106.718751,107.117188,1619676,6084844
05/03/2024,107.078126,107.812501,107.031251,107.453126,2301385,6095303
05/06/2024,107.398438,107.570313,107.367188,107.445313,1123893,6111917
05/07/2024,107.437501,107.625001,107.382813,107.476563,835550,6059408
05/08/2024,107.460938,107.500001,107.335938,107.359376,1133000,6087370
05/09/2024,107.359376,107.546876,107.257813,107.546876,1237894,6151412
05/10/2024,107.484376,107.546876,107.281251,107.296876,1085609,6179789
05/13/2024,107.304688,107.484376,107.304688,107.375001,830586,6195599
05/14/2024,107.343751,107.554688,107.148438,107.546876,1351264,6235670
05/15/2024,107.554688,108.062501,107.500001,107.968751,1873475,6313246
05/16/2024,107.992188,108.132813,107.734376,107.773438,1241907,6311825
05/17/2024,107.757813,107.835938,107.562501,107.585938,836733,6362483
05/20/2024,107.585938,107.648438,107.445313,107.523438,944261,6380767
05/21/2024,107.476563,107.664063,107.468751,107.601563,2650900,6431140
05/22/2024,107.593751,107.617188,107.375001,107.437501,7082518,6490240
05/23/2024,107.476563,107.523438,107.078126,107.195313,5537039,6499748
05/24/2024,107.179688,107.242188,107.046876,107.156251,9232795,6533059
05/28/2024,107.195313,107.335938,106.898438,106.953126,4044700,6644814
05/29/2024,106.898438,106.945313,106.593751,106.656251,1416300,6255963
05/30/2024,106.703126,106.992188,106.648438,106.945313,2276278,6111325
05/31/2024,106.960938,107.289063,106.835938,107.117188,1214800,6180091
06/03/2024,107.210938,107.617188,107.195313,107.585938,1433774,6169827
06/04/2024,107.625001,107.976563,107.531251,107.867188,1397600,6248427
06/05/2024,107.882813,108.101563,107.742188,108.062501,1152154,6287500
06/06/2024,108.109376,108.148438,107.945313,108.125001,1600405,6277114
06/07/2024,108.093751,108.296876,107.382813,107.421876,921793,6295033
06/10/2024,107.375001,107.390626,107.265626,107.304688,921243,6277694
06/11/2024,107.296876,107.617188,107.296876,107.578126,2190285,6259966
06/12/2024,107.554688,108.343751,107.539063,108.070313,1693367,6266097
06/13/2024,107.992188,108.453126,107.945313,108.359376,1477200,6321920
06/14/2024,108.304688,108.523438,108.164063,108.382813,992890,6248076
06/17/2024,108.296876,108.320313,108.015626,108.054688,1003673,6206531
06/18/2024,108.023438,108.390626,107.937501,108.335938,1003673,6206531
06/20/2024,108.289063,108.343751,108.023438,108.187501,782603,6194164
06/21/2024,108.125001,108.351563,108.078126,108.171876,710589,6190013
06/24/2024,108.117188,108.242188,108.070313,108.156251,926955,6222539
06/25/2024,108.210938,108.289063,108.078126,108.179688,1097851,6200123
06/26/2024,108.140626,108.156251,107.835938,107.867188,1046695,6199635
06/27/2024,107.828126,108.078126,107.757813,108.007813,1741900,6213333
06/28/2024,108.000001,108.226563,107.671876,107.898438,1448498,6242629
07/01/2024,107.664063,107.781251,107.375001,107.437501,1001742,6263941
07/02/2024,107.500001,107.726563,107.484376,107.617188,1132695,6267434
07/03/2024,107.617188,108.046876,107.523438,107.968751,1259901,6299759
07/05/2024,107.898438,108.375001,107.648438,108.359376,864204,6321613
07/08/2024,108.328126,108.367188,108.171876,108.328126,955328,6367069
07/09/2024,108.242188,108.312501,108.101563,108.242188,802848,6356121
07/10/2024,108.250001,108.359376,108.179688,108.265626,1749055,6369495
07/11/2024,108.273438,108.867188,108.195313,108.765626,1154936,6406044
07/12/2024,108.687501,108.890626,108.531251,108.828126,1228184,6430434
07/15/2024,108.742188,108.921876,108.609376,108.765626,1272547,6450171
07/16/2024,108.742188,109.007813,108.734376,108.914063,1152866,6503048
07/17/2024,108.976563,109.000001,108.765626,108.992188,1047829,6514280
07/18/2024,108.960938,108.984376,108.773438,108.851563,1013762,6521764
07/19/2024,108.796876,108.851563,108.562501,108.601563,854225,6500347
07/22/2024,108.656251,108.679688,108.421876,108.515626,778417,6470437
07/23/2024,108.546876,108.710938,108.515626,108.640626,1671193,6455578
07/24/2024,108.570313,108.882813,108.546876,108.617188,1615044,6518179
07/25/2024,108.570313,108.960938,108.570313,108.617188,1158908,6488677
07/26/2024,108.671876,108.937501,108.554688,108.890626,866276,6543226
07/29/2024,108.921876,109.070313,108.867188,108.937501,1077232,6542213
07/30/2024,108.898438,109.132813,108.851563,109.070313,2131293,453
07/31/2024,109.078126,109.554688,108.992188,109.210938,2129641,6585855
08/01/2024,109.554688,109.937501,109.390626,109.890626,3043237,6690435
08/02/2024,109.929688,111.085938,109.843751,110.914063,3114767,6733795
08/05/2024,110.921876,111.640626,110.617188,110.820313,2103190,6657428
08/06/2024,110.742188,110.820313,110.265626,110.390626,1653524,6612926
08/07/2024,110.460938,110.507813,110.031251,110.125001,1687630,6664361
08/08/2024,110.265626,110.515626,109.843751,109.960938,983193,6732700
08/09/2024,109.976563,110.242188,109.968751,110.078126,1011596,6743806
08/12/2024,110.046876,110.312501,109.945313,110.265626,1068774,6760029
08/13/2024,110.289063,110.562501,110.187501,110.539063,1393083,6805101
08/14/2024,110.578126,110.875001,110.343751,110.593751,1681794,6817481
08/15/2024,110.531251,110.554688,109.906251,109.968751,1122946,6838599
08/16/2024,110.015626,110.250001,109.921876,110.078126,992356,6796846
08/19/2024,110.085938,110.210938,109.984376,110.109376,1185040,6807090
08/20/2024,110.117188,110.398438,110.046876,110.351563,1305899,6855335
08/21/2024,110.390626,110.726563,110.289063,110.617188,4998744,6900774
08/22/2024,110.531251,110.601563,110.156251,110.234376,5884065,6870851
08/23/2024,110.265626,110.593751,110.203126,110.546876,5994281,6884491
08/26/2024,110.546876,110.695313,110.421876,110.460938,7822964,6955406
08/27/2024,110.453126,110.531251,110.250001,110.500001,3254618,6894857
08/28/2024,110.515626,110.578126,110.429688,110.460938,1533468,6652539
08/29/2024,110.468751,110.562501,110.234376,110.343751,1387739,6564893
08/30/2024,110.351563,110.359376,110.085938,110.140626,1379100,6494836
09/03/2024,110.140626,110.570313,110.054688,110.382813,1640297,6440182
09/04/2024,110.437501,110.867188,110.398438,110.796876,1379932,6455254
09/05/2024,110.851563,111.039063,110.718751,110.898438,2434064,6412662
09/06/2024,110.914063,111.390626,110.523438,111.148438,977464,6372117
09/09/2024,111.117188,111.187501,110.882813,111.140626,1233967,6359049
09/10/2024,111.148438,111.460938,111.007813,111.414063,1823835,6357260
09/11/2024,111.437501,111.640626,111.125001,111.328126,1488705,6378335
09/12/2024,111.335938,111.492188,111.078126,111.242188,1142309,6381601
09/13/2024,111.257813,111.500001,111.234376,111.406251,880363,6426646
09/16/2024,111.390626,111.546876,111.328126,111.468751,1157597,6440727
09/17/2024,111.460938,111.523438,111.218751,111.320313,1487691,6396093
09/18/2024,111.250001,111.460938,110.992188,111.148438,1438170,6388761
09/19/2024,111.078126,111.179688,110.820313,110.992188,1095093,6392716
09/20/2024,111.085938,111.148438,110.812501,111.070313,1018491,6410097
09/23/2024,110.992188,111.078126,110.757813,111.023438,1290024,6414271
09/24/2024,110.976563,111.148438,110.765626,111.101563,1175522,6425290
09/25/2024,111.148438,111.156251,110.867188,110.921876,1208371,6431306
09/26/2024,110.890626,111.046876,110.656251,110.734376,1277124,6434366
09/27/2024,110.703126,111.015626,110.632813,110.992188,1649778,6379730
09/30/2024,110.992188,110.992188,110.585938,110.625001,1684706,6389190
10/01/2024,110.703126,111.101563,110.671876,110.859376,1534272,6381426
10/02/2024,110.906251,110.953126,110.593751,110.718751,1274638,6366437
10/03/2024,110.703126,110.718751,110.343751,110.343751,2255632,6332241
10/04/2024,110.367188,110.437501,109.492188,109.515626,1652129,6289562
10/07/2024,109.453126,109.507813,109.179688,109.257813,1027805,6283957
10/08/2024,109.281251,109.468751,109.195313,109.289063,1070299,6261504
10/09/2024,109.367188,109.421876,109.046876,109.093751,1890414,6240211
10/10/2024,109.046876,109.265626,108.695313,109.070313,991085,6280004
10/11/2024,109.210938,109.265626,109.031251,109.242188,353201,6250555
10/14/2024,109.156251,109.156251,108.914063,108.976563,990363,6238907
10/15/2024,109.054688,109.343751,109.039063,109.289063,890746,6229963
10/16/2024,109.304688,109.453126,109.273438,109.351563,1058437,6215268
10/17/2024,109.343751,109.359376,109.031251,109.078126,805282,6207977
10/18/2024,109.117188,109.250001,109.031251,109.203126,1012435,6206865
10/21/2024,109.187501,109.203126,108.742188,108.781251,1190752,6208155
10/22/2024,108.718751,108.835938,108.601563,108.664063,1044290,6237556
10/23/2024,108.617188,108.671876,108.382813,108.406251,1139404,6246360
10/24/2024,108.398438,108.679688,108.390626,108.562501,1030502,6259039
10/25/2024,108.500001,108.671876,108.335938,108.414063,1269421,6256560
10/28/2024,108.343751,108.414063,108.101563,108.195313,1369899,6276117
10/29/2024,108.164063,108.304688,107.937501,108.226563,1595397,6248417
10/30/2024,108.312501,108.460938,107.968751,108.117188,2171306,6257813
10/31/2024,107.960938,108.070313,107.742188,107.976563,1873842,6195313
11/01/2024,107.953126,108.359376,107.648438,107.757813,1218099,6225451
11/04/2024,107.937501,108.140626,107.843751,107.914063,1234141,6245262
11/05/2024,108.000001,108.000001,107.609376,107.875001,2488249,6263013
11/06/2024,107.945313,108.039063,107.226563,107.468751,1745053,6350434
11/07/2024,107.460938,107.945313,107.398438,107.789063,1323507,6338046
11/08/2024,107.859376,108.000001,107.695313,107.750001,499719,6365816
11/11/2024,107.718751,107.718751,107.414063,107.484376,1549713,6379328
11/12/2024,107.554688,107.632813,107.164063,107.242188,1835725,6429420
11/13/2024,107.210938,107.609376,107.132813,107.312501,1627563,6520448
11/14/2024,107.289063,107.507813,107.078126,107.343751,1728290,6559568
11/15/2024,107.187501,107.460938,106.945313,107.328126,1831266,6635070
11/18/2024,107.289063,107.437501,107.132813,107.406251,2293759,6791509
11/19/2024,107.398438,107.734376,107.398438,107.523438,3279444,6800137
11/20/2024,107.453126,107.515626,107.312501,107.414063,6207506,6851263
11/21/2024,107.382813,107.539063,107.242188,107.257813,6348510,6763443
11/22/2024,107.273438,107.445313,107.218751,107.281251,8718225,6724029
11/25/2024,107.382813,107.820313,107.359376,107.804688,4767303,6699134
11/26/2024,107.773438,107.828126,107.570313,107.710938,1776297,6339674
11/27/2024,107.703126,108.054688,107.687501,108.000001,1111253,6196103
11/29/2024,107.890626,108.179688,107.859376,108.140626,1323281,6145973
12/02/2024,108.156251,108.164063,107.828126,108.062501,1004806,6087983
12/03/2024,108.085938,108.226563,107.960938,108.015626,1082180,6035339
12/04/2024,107.976563,108.234376,107.773438,108.210938,907330,6025765
12/05/2024,108.171876,108.171876,107.953126,108.140626,1122440,5978403
12/06/2024,108.117188,108.437501,107.914063,108.320313,727260,6020622
12/09/2024,108.351563,108.375001,108.148438,108.171876,811716,6025492
12/10/2024,108.171876,108.234376,107.960938,108.054688,1088744,6049139
12/11/2024,108.039063,108.226563,107.851563,107.882813,1013640,6035855
12/12/2024,107.867188,107.976563,107.640626,107.703126,745868,6044095
12/13/2024,107.679688,107.734376,107.367188,107.398438,724006,6064499
12/16/2024,107.398438,107.539063,107.335938,107.375001,950536,6074028
12/17/2024,107.351563,107.445313,107.171876,107.390626,1602092,6063191
12/18/2024,107.335938,107.476563,106.695313,106.804688,1700182,6094899
12/19/2024,106.703126,106.835938,106.601563,106.679688,1264072,6114622
12/20/2024,106.679688,107.070313,106.671876,106.867188,715252,6122193
12/23/2024,106.859376,106.906251,106.593751,106.601563,538950,6119741
12/24/2024,106.640626,106.679688,106.460938,106.625001,562204,6149822
12/26/2024,106.625001,106.687501,106.429688,106.664063,538915,6121011
12/27/2024,106.656251,106.742188,106.531251,106.578126,733641,6131698
12/30/2024,106.585938,106.968751,106.546876,106.937501,860134,6127196
12/31/2024,106.976563,107.062501,106.812501,106.843751,921691,6127191
01/02/2025,106.875001,107.109376,106.757813,106.882813,665134,6175390
01/03/2025,106.937501,107.007813,106.726563,106.757813,1093561,6181267
01/06/2025,106.695313,106.875001,106.601563,106.710938,1199207,6176698
01/07/2025,106.679688,106.773438,106.445313,106.539063,1212815,6177901
01/08/2025,106.531251,106.671876,106.398438,106.554688,569317,6173595
01/09/2025,106.585938,106.726563,106.570313,106.617188,1701629,6175562
01/10/2025,106.609376,106.664063,105.992188,106.007813,997549,6154065
01/13/2025,106.054688,106.062501,105.867188,105.914063,1047020,6134118
01/14/2025,105.984376,106.140626,105.914063,106.007813,1607469,6121014
01/15/2025,105.968751,106.648438,105.960938,106.617188,1425708,6125585
01/16/2025,106.585938,106.867188,106.382813,106.804688,931867,6184377
01/17/2025,106.796876,106.914063,106.640626,106.703126,1184419,6190110
01/21/2025,106.632813,107.039063,106.546876,106.765626,844278,6169526
01/22/2025,106.757813,106.835938,106.593751,106.648438,980417,6202435
01/23/2025,106.609376,106.687501,106.476563,106.609376,1075283,6227741
01/24/2025,106.570313,106.804688,106.554688,106.679688,1797704,6264877
01/27/2025,106.710938,107.234376,106.703126,107.101563,995393,6281544
01/28/2025,107.039063,107.117188,106.890626,107.039063,1297813,6338020
01/29/2025,107.101563,107.179688,106.804688,106.976563,1030507,6359460
01/30/2025,107.062501,107.250001,107.007813,107.156251,1629433,6384748
01/31/2025,107.117188,107.187501,106.906251,106.929688,1887383,6414579
02/03/2025,106.960938,107.265626,106.773438,106.929688,1146366,6435713
02/04/2025,106.906251,107.132813,106.773438,107.109376,1354768,6446832
02/05/2025,107.101563,107.492188,107.031251,107.398438,1210698,6465804
02/06/2025,107.375001,107.398438,107.187501,107.273438,1640991,6393842
02/07/2025,107.250001,107.539063,106.882813,107.000001,1083522,6463069
02/10/2025,106.937501,107.140626,106.906251,107.015626,1138666,6537808
02/11/2025,106.992188,107.054688,106.812501,106.867188,2177493,6570886
02/12/2025,106.859376,107.015626,106.351563,106.414063,1961457,6685178
02/13/2025,106.476563,106.843751,106.453126,106.804688,1275013,6707230
02/14/2025,106.773438,107.148438,106.734376,107.046876,2200066,6718128
02/18/2025,107.039063,107.078126,106.726563,106.796876,2474913,6986784
02/19/2025,106.750001,106.937501,106.718751,106.898438,3027194,7019366
02/20/2025,106.921876,107.078126,106.914063,107.015626,5225679,7154663
02/21/2025,107.000001,107.398438,106.976563,107.359376,0,7196444
02/24/2025,107.296876,107.500001,107.179688,107.492188,11176478,6998751
02/25/2025,107.445313,107.992188,107.437501,107.921876,3981059,6686222
02/26/2025,107.921876,108.148438,107.726563,108.132813,2091956,6324680
02/27/2025,108.085938,108.125001,107.859376,108.031251,2117457,6393898
02/28/2025,108.148438,108.468751,108.078126,108.367188,1532580,6304550
03/03/2025,108.320313,108.687501,108.164063,108.515626,2421748,6230792
03/04/2025,108.632813,109.031251,108.265626,108.484376,1883173,6195904
03/05/2025,108.265626,108.679688,108.101563,108.250001,1944667,6186197
03/06/2025,108.148438,108.382813,107.945313,108.234376,1990756,6149880
03/07/2025,108.250001,108.617188,107.992188,108.085938,1433729,6159712
03/10/2025,108.187501,108.679688,108.171876,108.617188,2065605,6209549
03/11/2025,108.648438,108.929688,108.312501,108.335938,1654713,6279229
03/12/2025,108.351563,108.578126,108.070313,108.156251,1650171,6279213
03/13/2025,108.195313,108.468751,108.015626,108.382813,1133863,6340621
03/14/2025,108.375001,108.382813,108.070313,108.125001,1280674,6375728
03/17/2025,108.109376,108.273438,107.929688,108.031251,986639,6314290
03/18/2025,108.054688,108.234376,107.953126,108.156251,1250445,6319900
03/19/2025,108.125001,108.398438,107.898438,108.351563,1171741,6285311
03/20/2025,108.382813,108.679688,108.312501,108.445313,989468,6292866
03/21/2025,108.406251,108.656251,108.351563,108.445313,856008,6322091
03/24/2025,108.429688,108.429688,108.031251,108.054688,950472,6351129
03/25/2025,108.062501,108.250001,107.937501,108.226563,1123380,6333096
03/26/2025,108.156251,108.187501,107.992188,108.117188,1116593,6402074
03/27/2025,108.078126,108.195313,107.914063,108.101563,1420656,6448195
03/28/2025,108.125001,108.648438,108.125001,108.617188,2150109,6547839
03/31/2025,108.664063,108.945313,108.523438,108.585938,1458949,6487006
04/01/2025,108.710938,109.015626,108.679688,108.898438,1700248,6520272
04/02/2025,108.796876,109.070313,108.437501,108.695313,3016807,6556116
04/03/2025,109.164063,109.828126,109.148438,109.554688,4191895,6635080
04/04/2025,109.640626,110.625001,109.625001,109.765626,4330332,6610288
04/07/2025,110.210938,111.125001,108.757813,109.242188,3243793,6605595
04/08/2025,109.101563,109.390626,108.656251,108.960938,4085989,6489726
04/09/2025,108.960938,109.203126,107.804688,108.109376,2646273,6329609
04/10/2025,108.320313,108.812501,108.195313,108.382813,2438636,6435356
04/11/2025,108.226563,108.476563,107.570313,107.835938,1300552,6411862
04/14/2025,107.843751,108.546876,107.601563,108.507813,1268337,6392848
04/15/2025,108.453126,108.765626,108.320313,108.679688,1222689,6403165
04/16/2025,108.593751,109.015626,108.570313,108.929688,1140121,6474554
04/17/2025,108.953126,109.023438,108.695313,108.843751,996372,6474771
04/21/2025,108.867188,109.078126,108.679688,108.789063,1165738,6612295
04/22/2025,108.718751,108.804688,108.531251,108.687501,1806110,6661258
04/23/2025,108.585938,109.046876,108.437501,108.507813,1019665,6744037
04/24/2025,108.460938,108.890626,108.460938,108.875001,942104,6793292
04/25/2025,108.851563,109.109376,108.757813,109.054688,933030,6792905
04/28/2025,109.125001,109.390626,108.945313,109.359376,1131050,6836287
04/29/2025,109.367188,109.554688,109.203126,109.523438,1924848,6859544
04/30/2025,109.539063,109.828126,109.367188,109.625001,1407993,6947782
05/01/2025,109.710938,109.937501,109.265626,109.343751,1663199,7028624
05/02/2025,109.367188,109.437501,108.734376,108.789063,870982,7035216
05/05/2025,108.851563,109.000001,108.664063,108.757813,960800,7041277
05/06/2025,108.757813,108.992188,108.671876,108.953126,1218000,7102291
05/07/2025,108.960938,109.148438,108.781251,109.039063,1413000,7077087
05/08/2025,109.054688,109.070313,108.437501,108.500001,921470,7109187
05/09/2025,108.507813,108.742188,108.460938,108.523438,1656400,7115203
05/12/2025,108.335938,108.359376,107.914063,108.000001,1286400,7116168
05/13/2025,107.953126,108.242188,107.890626,107.921876,1324600,7152021
05/14/2025,108.015626,108.117188,107.679688,107.734376,1482041,7225118
05/15/2025,107.710938,108.218751,107.687501,108.109376,1002700,7283690
05/16/2025,108.179688,108.375001,108.093751,108.140626,1715400,7266494
05/19/2025,107.976563,108.203126,107.789063,108.093751,1648000,7218894
05/20/2025,108.156251,108.281251,107.976563,108.156251,4134400,7225242
05/21/2025,108.125001,108.242188,107.734376,107.789063,5990900,7170454
05/22/2025,107.773438,108.054688,107.742188,107.968751,5860600,7167742
05/23/2025,108.046876,108.460938,108.000001,108.117188,9091100,7164461
05/27/2025,108.093751,108.359376,107.906251,108.351563,3500200,7037906
05/28/2025,108.289063,108.320313,108.062501,108.148438,1951900,6835436
05/29/2025,108.132813,108.453126,107.859376,108.421876,1561500,6791806
05/30/2025,108.398438,108.640626,108.343751,108.507813,970297,6814911
06/02/2025,108.609376,108.640626,108.312501,108.335938,771680,6809917
06/03/2025,108.390626,108.539063,108.234376,108.289063,1253200,6810389
06/04/2025,108.296876,108.773438,108.218751,108.710938,1334700,6867824
06/05/2025,108.734376,108.914063,108.375001,108.437501,1613800,6867943
06/06/2025,108.414063,108.507813,107.820313,107.828126,852390,6831134
06/09/2025,107.867188,108.070313,107.843751,108.023438,655910,6783794
06/10/2025,108.031251,108.171876,107.953126,108.023438,1179010,6788814
06/11/2025,108.007813,108.375001,107.765626,108.359376,1139200,6823586
06/12/2025,108.304688,108.687501,108.304688,108.562501,1265752,6864602
06/13/2025,108.523438,108.796876,108.187501,108.296876,755181,6883560
06/16/2025,108.398438,108.421876,108.125001,108.242188,1003500,6900529
06/17/2025,108.242188,108.570313,108.234376,108.445313,1098200,6949193
06/18/2025,108.460938,108.742188,108.367188,108.437501,1038568,6957768
06/20/2025,108.414063,108.648438,108.265626,108.578126,1258200,6970728
06/23/2025,108.656251,109.023438,108.445313,108.921876,1282901,7031936
06/24/2025,108.773438,109.070313,108.726563,109.031251,1006400,7075063
06/25/2025,108.984376,109.125001,108.843751,109.070313,1240900,7084863
06/26/2025,109.054688,109.359376,109.054688,109.328126,1192400,7122722
06/27/2025,109.320313,109.335938,109.093751,109.187501,1380230,7117263
06/30/2025,109.179688,109.367188,109.117188,109.320313,1305175,7117573
07/01/2025,109.312501,109.476563,109.015626,109.093751,1246400,7120675
07/02/2025,109.125001,109.179688,108.929688,108.976563,1523800,7088997
07/03/2025,108.976563,109.125001,108.453126,108.671876,739490,7056303
07/07/2025,108.757813,108.812501,108.531251,108.539063,969630,7036400
07/08/2025,108.578126,108.609376,108.406251,108.460938,916760,7008745
07/09/2025,108.515626,108.765626,108.429688,108.734376,988150,7042611
07/10/2025,108.781251,108.828126,108.578126,108.687501,888050,7041219
07/11/2025,108.664063,108.710938,108.406251,108.414063,830430,7073410
07/14/2025,108.492188,108.570313,108.382813,108.460938,1463859,7039709
07/15/2025,108.429688,108.554688,108.148438,108.156251,1803900,7028838
07/16/2025,108.210938,108.500001,108.148438,108.453126,0,7018161
07/17/2025,108.421876,108.515626,108.203126,108.351563,710380,6995398
07/18/2025,108.429688,108.632813,108.406251,108.539063,712370,6996545
07/21/2025,108.593751,108.820313,108.515626,108.765626,843990,6999051
07/22/2025,108.703126,108.921876,108.640626,108.890626,843990,6999051
07/24/2025,108.640626,108.664063,108.382813,108.468751,758520,6980497
07/25/2025,108.500001,108.585938,108.406251,108.562501,956600,6989377
07/28/2025,108.492188,108.617188,108.429688,108.460938,1179500,6981278
07/29/2025,108.468751,108.789063,108.445313,108.765626,1456700,6994626
07/30/2025,108.773438,108.820313,108.468751,108.507813,1424200,7038046
07/31/2025,108.484376,108.664063,108.437501,108.492188,2369300,7032256
08/01/2025,108.437501,109.453126,108.320313,109.343751,1355324,7082966
08/04/2025,109.414063,109.515626,109.234376,109.460938,1032500,7096782
08/05/2025,109.460938,109.523438,109.296876,109.375001,972640,7132049
08/06/2025,109.289063,109.390626,109.164063,109.375001,879790,7163431
08/07/2025,109.296876,109.375001,109.203126,109.242188,694510,7176408
08/08/2025,109.226563,109.257813,109.031251,109.062501,655506,7165386
08/11/2025,109.046876,109.148438,109.007813,109.085938,1316300,7166750
08/12/2025,109.015626,109.296876,108.976563,109.101563,982547,7238056
08/13/2025,109.093751,109.406251,109.046876,109.320313,1278400,7296753
08/14/2025,109.359376,109.500001,109.070313,109.093751,959800,7301715
08/15/2025,109.117188,109.195313,108.976563,109.000001,1167088,7303169
08/18/2025,109.031251,109.132813,108.906251,108.945313,1649300,7355384
08/19/2025,108.984376,109.109376,108.929688,109.070313,2246600,7350661
08/20/2025,109.070313,109.234376,109.000001,109.132813,3489900,7364458
08/21/2025,109.109376,109.140626,108.867188,108.921876,6321200,7448982
08/22/2025,108.945313,109.421876,108.882813,109.367188,6413900,7453683
08/25/2025,109.351563,109.351563,109.156250,109.234375,7827300,7463237
08/26/2025,109.226563,109.468750,109.171875,109.460938,4173100,7476821
08/27/2025,109.437500,109.640625,109.367188,109.601563,1507000,7182433
08/28/2025,109.632813,109.679688,109.492188,109.632813,1422800,7034115
08/29/2025,109.640625,109.718750,109.523438,109.625000,1377200,7003357
09/02/2025,109.632813,109.632813,109.304688,109.414063,1148700,6935798
09/03/2025,109.492188,109.710938,109.343750,109.656250,1048900,6912030
09/04/2025,109.609375,109.835938,109.601563,109.789063,1939900,6923599
09/05/2025,109.812500,110.312500,109.789063,110.085938,1313300,6856680
09/08/2025,110.078125,110.187500,109.960938,110.140625,1192600,6799709
09/09/2025,110.164063,110.218750,109.921875,109.984375,1068700,6791488
09/10/2025,109.914063,110.109375,109.867188,110.062500,1565600,6842941
09/11/2025,109.976563,110.304688,109.859375,110.054688,980500,6843049
09/12/2025,109.960938,110.000000,109.765625,109.851563,823880,6819688
09/15/2025,109.804688,109.992188,109.703125,109.960938,1044554,6784537
09/16/2025,109.929688,110.062500,109.867188,110.039063,1741656,6756912
09/17/2025,110.023438,110.195313,109.710938,109.750000,1319800,6751627
09/18/2025,109.703125,109.921875,109.546875,109.687500,794939,6745905
09/19/2025,109.695313,109.695313,109.515625,109.562500,698730,6725815
09/22/2025,109.617188,109.671875,109.500000,109.539063,843308,6734202
09/23/2025,109.507813,109.656250,109.492188,109.617188,936050,6750842
09/24/2025,109.656250,109.679688,109.421875,109.468750,1522594,6742231
09/25/2025,109.414063,109.476563,109.125000,109.195313,1189701,6709413
09/26/2025,109.218750,109.304688,109.132813,109.203125,815436,6730388
09/29/2025,109.210938,109.359375,109.195313,109.312500,1629613,6684865
09/30/2025,109.328125,109.500000,109.273438,109.351563,1528096,6642089
10/01/2025,109.304688,109.671875,109.273438,109.593750,941680,6721311
10/02/2025,109.632813,109.664063,109.460938,109.601563,813610,6685709
10/03/2025,109.617188,109.632813,109.406250,109.445313,838648,6689967
10/06/2025,109.390625,109.414063,109.265625,109.289063,914447,6715000
10/07/2025,109.335938,109.507813,109.234375,109.453125,890778,6718828
10/08/2025,109.476563,109.546875,109.343750,109.390625,865395,6756689
10/09/2025,109.406250,109.468750,109.281250,109.296875,1534300,6785724
10/10/2025,109.320313,109.757813,109.320313,109.710938,498848,6794228
10/13/2025,109.679688,109.796875,109.585938,109.773438,1329300,6772389
10/14/2025,109.789063,109.984375,109.710938,109.906250,945898,6748253
10/15/2025,109.875000,109.968750,109.765625,109.789063,1507003,6777534
10/16/2025,109.828125,110.187500,109.757813,110.140625,1503861,6868739
10/17/2025,110.156250,110.359375,109.906250,109.945313,704809,6877581
10/20/2025,109.921875,110.023438,109.851563,109.992188,825755,6898091
10/21/2025,110.000000,110.140625,109.953125,110.062500,892220,6895929
10/22/2025,110.046875,110.148438,109.984375,110.093750,865428,6917962
10/23/2025,110.078125,110.117188,109.820313,109.890625,1220500,6911359
10/24/2025,109.835938,110.093750,109.781250,109.875000,991031,6876643
10/27/2025,109.734375,109.875000,109.687500,109.828125,928060,6946041
10/28/2025,109.882813,109.906250,109.726563,109.835938,1323337,6935268
10/29/2025,109.843750,109.859375,109.359375,109.460938,1551275,7020042
10/30/2025,109.398438,109.484375,109.226563,109.367188,1335765,6993891
10/31/2025,109.367188,109.476563,109.289063,109.367188,981595,6990134
11/03/2025,109.468750,109.507813,109.312500,109.375000,830477,6982817
11/04/2025,109.335938,109.515625,109.328125,109.429688,1273858,7007877
11/05/2025,109.445313,109.609375,109.140625,109.148438,1525848,7007452
11/06/2025,109.156250,109.562500,109.148438,109.492188,1300456,7065573
11/07/2025,109.507813,109.664063,109.406250,109.523438,969683,7093522
11/10/2025,109.421875,109.476563,109.281250,109.390625,459270,7131368
11/11/2025,109.359375,109.632813,109.351563,109.617188,995230,7154161
11/12/2025,109.593750,109.617188,109.476563,109.562500,1345146,7152084
11/13/2025,109.546875,109.570313,109.359375,109.414063,1508491,7109284
11/14/2025,109.390625,109.671875,109.257813,109.281250,1127946,7028272
11/17/2025,109.273438,109.406250,109.265625,109.328125,3053436,7026095
11/18/2025,109.296875,109.617188,109.273438,109.453125,3224447,7227410
11/19/2025,109.492188,109.570313,109.367188,109.382813,6064544,7118415
11/20/2025,109.375000,109.664063,109.164063,109.539063,8528412,7051306
11/21/2025,109.656250,109.898438,109.562500,109.773438,6407944,7331163
11/24/2025,109.734375,109.882813,109.687500,109.820313,5679012,7507253
11/25/2025,109.875000,110.054688,109.765625,110.000000,2154076,6964442
11/26/2025,109.984375,109.992188,109.765625,109.945313,830778,6691894
11/28/2025,109.953125,109.960938,109.757813,109.828125,1307465,6762521
12/01/2025,109.796875,109.835938,109.484375,109.492188,1093779,6725899
12/02/2025,109.515625,109.601563,109.421875,109.562500,1145015,6696583
12/03/2025,109.554688,109.781250,109.554688,109.703125,989118,6706610
12/04/2025,109.679688,109.679688,109.421875,109.445313,1096449,6728252
12/05/2025,109.476563,109.531250,109.265625,109.296875,1162410,6774270
12/08/2025,109.281250,109.343750,109.007813,109.125000,1128027,6735075
12/09/2025,109.156250,109.226563,108.953125,108.992188,1569643,6714507
12/10/2025,108.960938,109.281250,108.882813,109.109375,1287549,6691324
12/11/2025,109.218750,109.460938,109.195313,109.289063,983609,6634970
12/12/2025,109.203125,109.281250,109.109375,109.156250,929148,6644454
12/15/2025,109.171875,109.367188,109.156250,109.242188,1360462,6646944
12/16/2025,109.273438,109.531250,109.210938,109.421875,788489,6666992
12/17/2025,109.406250,109.414063,109.257813,109.398438,1178113,6677376
12/18/2025,109.390625,109.781250,109.382813,109.562500,785759,6720177
12/19/2025,109.539063,109.539063,109.375000,109.406250,483365,6721040
12/22/2025,109.398438,109.406250,109.265625,109.296875,850172,6720130
12/23/2025,109.312500,109.375000,109.062500,109.218750,371729,6725829
12/24/2025,109.203125,109.351563,109.179688,109.343750,511032,6729558
12/26/2025,109.343750,109.484375,109.273438,109.429688,705013,6698812
12/29/2025,109.421875,109.539063,109.359375,109.500000,682331,6729431
12/30/2025,109.515625,109.562500,109.421875,109.484375,955602,6705650
12/31/2025,109.500000,109.570313,109.257813,109.367188,779966,6697537
01/02/2026,109.289063,109.359375,109.187500,109.226563,966461,6698756
01/05/2026,109.226563,109.421875,109.203125,109.359375,998180,6733958
01/06/2026,109.359375,109.390625,109.218750,109.304688,1292641,6737810
01/07/2026,109.328125,109.500000,109.320313,109.398438,1065537,6741194
01/08/2026,109.359375,109.468750,109.195313,109.226563,1774637,6691303
01/09/2026,109.250000,109.273438,108.992188,109.109375,1300032,6687108
01/12/2026,109.117188,109.242188,108.992188,109.078125,1217446,6715767
01/13/2026,109.117188,109.304688,109.015625,109.179688,1074561,6720965
01/14/2026,109.132813,109.343750,109.125000,109.289063,1305336,6742599
01/15/2026,109.312500,109.312500,109.023438,109.070313,1524919,6766015
01/16/2026,109.039063,109.093750,108.781250,108.789063,1964812,6827242
01/20/2026,108.968750,108.976563,108.617188,108.687500,1253441,6749172
01/21/2026,108.664063,108.812500,108.664063,108.781250,1146062,6743793
01/22/2026,108.804688,108.851563,108.632813,108.703125,1050640,6727627
01/23/2026,108.710938,108.804688,108.640625,108.750000,966946,6785941
01/26/2026,108.835938,108.906250,108.757813,108.843750,1268349,6758407
01/27/2026,108.828125,108.921875,108.742188,108.875000,1142267,6777146
01/28/2026,108.812500,108.898438,108.695313,108.781250,1351840,6793216
01/29/2026,108.828125,108.976563,108.750000,108.945313,2060973,6825988
01/30/2026,108.898438,109.031250,108.773438,108.992188,1488402,6886752
02/02/2026,108.968750,109.164063,108.773438,108.820313,1238657,6900127
02/03/2026,108.804688,108.851563,108.695313,108.804688,1264655,6896712
02/04/2026,108.812500,108.898438,108.718750,108.820313,1972213,6891565
02/05/2026,108.828125,109.320313,108.804688,109.187500,1376903,7057706
02/06/2026,109.320313,109.445313,109.078125,109.156250,1131367,7027981
02/09/2026,109.039063,109.234375,108.992188,109.218750,1371368,7030859
02/10/2026,109.195313,109.445313,109.187500,109.390625,1984723,6991253
02/11/2026,109.367188,109.445313,108.992188,109.195313,1458147,7034308
02/12/2026,109.164063,109.554688,109.156250,109.500000,2069625,7059520
02/13/2026,109.515625,109.789063,109.414063,109.750000,2188760,7077755
02/17/2026,109.750000,109.906250,109.648438,109.695313,2708227,7431251
02/18/2026,109.671875,109.718750,109.523438,109.585938,3416031,7598270
02/19/2026,109.562500,109.625000,109.445313,109.562500,6161129,7382009
02/20/2026,109.601563,109.671875,109.437500,109.554688,8004324,7434093
02/23/2026,109.562500,109.882813,109.523438,109.835938,9122618,7914552
02/24/2026,109.812500,109.851563,109.687500,109.757813,4927833,7376192
02/25/2026,109.765625,109.781250,109.617188,109.671875,2099590,7073185
02/26/2026,109.640625,109.875000,109.632813,109.820313,2075156,6933105
02/27/2026,109.867188,110.179688,109.859375,110.140625,2350859,7005488
03/02/2026,110.343750,110.382813,109.523438,109.617188,2614363,6874977
03/03/2026,109.679688,109.710938,109.179688,109.578125,1532272,6769879
03/04/2026,109.546875,109.593750,109.320313,109.398438,2001623,6746392
03/05/2026,109.335938,109.367188,109.046875,109.062500,2419112,6755695
03/06/2026,109.125000,109.359375,108.890625,109.187500,1827766,6693632
03/09/2026,109.023438,109.335938,108.781250,109.101563,1549994,6758785
03/10/2026,109.343750,109.398438,109.070313,109.195313,1322053,6756942
03/11/2026,109.070313,109.187500,108.789063,108.898438,1891193,6737152
03/12/2026,108.789063,108.898438,108.390625,108.414063,1414237,6767500
03/13/2026,108.484375,108.710938,108.406250,108.476563,1151158,6704101
03/16/2026,108.515625,108.820313,108.476563,108.789063,877871,6681751
03/17/2026,108.804688,108.937500,108.679688,108.851563,1352386,6692876
03/18/2026,108.828125,108.976563,108.398438,108.507813,2784530,6686011
03/19/2026,108.437500,108.500000,107.906250,108.226563,2116263,6652525
03/20/2026,108.406250,108.445313,107.718750,107.804688,2670063,6599614
03/23/2026,107.640625,108.218750,107.375000,108.085938,2048194,6586489
03/24/2026,107.984375,108.078125,107.546875,107.718750,1676938,6569294
03/25/2026,107.890625,108.132813,107.875000,108.000000,1634044,6527311
03/26/2026,107.976563,107.976563,107.421875,107.484375,1851811,6510435
03/27/2026,107.507813,107.695313,107.281250,107.625000,1851811,6510435
