01/02/1990,2932.4,2933.6,2886.6,2907.8,3152,21744
01/03/1990,2925.4,2951.2,2916.0,2948.9,3885,21684
01/04/1990,2954.8,2972.4,2928.9,2937.1,4276,21867
01/05/1990,2928.9,2932.4,2907.8,2925.4,3653,22604
01/08/1990,2925.4,2925.4,2903.1,2912.5,3348,22668
01/09/1990,2907.8,2930.1,2897.2,2924.2,3660,22728
01/10/1990,2901.9,2912.5,2877.2,2890.1,3505,23068
01/11/1990,2870.2,2893.7,2861.9,2890.1,3556,23284
01/12/1990,2866.6,2866.6,2823.2,2829.0,6198,23873
01/15/1990,2804.4,2816.1,2792.6,2816.1,5356,23434
01/16/1990,2816.1,2816.1,2764.4,2795.0,8033,23940
01/17/1990,2807.9,2834.9,2802.0,2831.4,5741,24132
01/18/1990,2792.6,2800.9,2755.0,2772.7,7806,23010
01/19/1990,2798.5,2798.5,2745.6,2753.9,6379,23333
01/22/1990,2784.4,2789.1,2723.3,2726.8,6043,23249
01/23/1990,2710.4,2731.5,2698.6,2706.9,6373,23638
01/24/1990,2678.7,2688.1,2655.2,2688.1,8944,23269
01/25/1990,2725.7,2738.6,2712.7,2716.3,4852,22886
01/26/1990,2719.8,2752.7,2719.8,2740.9,4738,22869
01/29/1990,2746.8,2772.7,2746.8,2760.9,3449,22755
01/30/1990,2753.9,2760.9,2739.8,2752.7,5001,23201
01/31/1990,2745.6,2770.3,2745.6,2768.0,4813,21939
02/01/1990,2783.2,2792.6,2769.1,2775.0,3264,22067
02/02/1990,2769.1,2792.6,2766.8,2792.6,3081,21925
02/05/1990,2783.2,2785.6,2769.1,2772.7,2461,21871
02/06/1990,2768.0,2768.0,2739.8,2740.9,4145,22252
02/07/1990,2735.1,2738.6,2706.9,2724.5,4615,22324
02/08/1990,2749.2,2766.8,2740.9,2762.1,2348,22103
02/09/1990,2750.3,2756.2,2722.1,2724.5,4781,22691
02/12/1990,2729.2,2729.2,2685.7,2686.9,5510,22958
02/13/1990,2708.0,2709.2,2678.7,2692.8,5580,23304
02/14/1990,2710.4,2719.8,2698.6,2713.9,3434,23145
02/15/1990,2704.5,2737.4,2695.1,2735.1,3756,23102
02/16/1990,2738.6,2758.6,2733.9,2749.2,3473,22981
02/19/1990,2731.5,2731.5,2691.6,2693.9,3366,23749
02/20/1990,2685.7,2691.6,2672.8,2683.4,4610,24589
02/21/1990,2654.0,2666.9,2639.9,2661.0,7017,24375
02/22/1990,2657.5,2668.1,2645.8,2668.1,4365,24374
02/23/1990,2643.4,2643.4,2621.1,2631.7,5720,24638
02/26/1990,2601.1,2656.3,2601.1,2654.0,6820,24428
02/27/1990,2658.7,2669.3,2650.5,2662.2,4779,24193
02/28/1990,2654.0,2676.3,2649.3,2665.7,6047,24727
03/01/1990,2643.4,2643.4,2629.3,2636.4,4938,24777
03/02/1990,2645.8,2659.9,2644.6,2656.9,2946,25094
03/05/1990,2635.2,2641.7,2623.4,2639.9,1988,24879
03/06/1990,2643.4,2643.4,2603.5,2616.4,5582,24869
03/07/1990,2627.0,2641.1,2612.9,2624.6,4382,25721
03/08/1990,2638.7,2658.7,2638.7,2650.5,4421,26046
03/09/1990,2661.0,2661.0,2615.2,2615.2,4623,26242
03/12/1990,2604.7,2623.4,2604.7,2614.1,4249,26153
03/13/1990,2607.0,2616.4,2600.0,2615.2,5572,26314
03/14/1990,2622.3,2638.7,2615.2,2628.1,4211,26270
03/15/1990,2633.9,2637.4,2627.0,2629.9,2669,26083
03/16/1990,2638.5,2670.9,2638.5,2670.9,4395,24809
03/19/1990,2653.6,2659.3,2618.9,2618.9,4672,24727
03/20/1990,2650.1,2651.3,2637.4,2640.3,2753,24669
03/21/1990,2605.0,2640.9,2605.0,2639.7,8167,25390
03/22/1990,2629.3,2673.2,2629.3,2661.1,8063,23877
03/23/1990,2670.9,2695.2,2670.9,2687.1,6952,23819
03/26/1990,2709.0,2732.1,2706.7,2713.6,8282,22526
03/27/1990,2698.6,2710.2,2667.4,2667.4,6820,23736
03/28/1990,2680.1,2692.8,2674.4,2682.4,7625,23961
03/29/1990,2684.8,2685.3,2652.4,2658.2,11076,23157
03/30/1990,2651.3,2660.5,2609.7,2610.8,7977,23335
04/02/1990,2584.3,2593.5,2568.1,2591.2,8122,18042
04/03/1990,2610.8,2631.6,2590.0,2625.8,4564,17785
04/04/1990,2631.6,2636.2,2599.3,2601.6,4429,17673
04/05/1990,2597.0,2625.8,2593.5,2623.5,3996,17075
04/06/1990,2632.8,2632.8,2588.9,2590.0,5166,17894
04/09/1990,2591.2,2607.4,2585.4,2597.0,3026,17755
04/10/1990,2584.3,2584.3,2565.8,2578.5,4103,17862
04/11/1990,2580.8,2588.9,2570.4,2578.5,2703,18488
04/12/1990,2573.9,2594.6,2568.1,2592.3,2290,18506
04/17/1990,2587.7,2599.3,2572.7,2577.3,2347,18597
04/18/1990,2580.8,2599.3,2562.3,2562.9,2823,18751
04/19/1990,2547.3,2561.1,2536.9,2548.4,6230,18908
04/20/1990,2556.5,2557.7,2538.0,2541.5,3437,19163
04/23/1990,2540.4,2541.5,2518.4,2519.6,5240,19929
04/24/1990,2521.9,2539.2,2510.3,2526.5,6317,19850
04/25/1990,2524.2,2539.2,2489.5,2493.0,6447,20015
04/26/1990,2503.4,2511.5,2481.4,2490.7,5132,19522
04/27/1990,2499.9,2505.7,2453.7,2466.4,8209,19480
04/30/1990,2443.3,2464.1,2424.8,2459.5,7039,19658
05/01/1990,2476.8,2491.8,2474.5,2479.1,5860,21021
05/02/1990,2483.7,2504.5,2483.7,2493.6,3992,21253
05/03/1990,2497.6,2510.3,2483.7,2502.2,2496,21563
05/04/1990,2518.4,2539.2,2512.6,2528.8,5920,22159
05/08/1990,2542.7,2561.1,2542.7,2554.2,5341,23021
05/09/1990,2555.4,2555.4,2526.5,2530.0,4571,23390
05/10/1990,2530.0,2543.8,2525.3,2534.6,3274,24075
05/11/1990,2530.0,2568.1,2525.3,2558.8,5930,23906
05/14/1990,2588.9,2603.9,2583.1,2601.6,7297,24114
05/15/1990,2597.0,2601.6,2581.9,2594.6,5603,24154
05/16/1990,2597.0,2627.0,2597.0,2608.5,4886,24111
05/17/1990,2618.9,2691.7,2618.9,2690.5,11781,21761
05/18/1990,2706.7,2731.0,2648.9,2651.3,8290,21954
05/21/1990,2651.3,2673.2,2639.7,2667.4,5669,21248
05/22/1990,2697.5,2743.7,2684.8,2707.9,9442,21841
05/23/1990,2705.5,2744.8,2661.7,2669.7,9546,21346
05/24/1990,2658.2,2685.9,2645.5,2662.8,7005,21573
05/25/1990,2655.9,2662.8,2633.9,2643.2,5041,20704
05/29/1990,2640.9,2680.1,2640.9,2680.1,4645,20529
05/30/1990,2743.7,2754.1,2721.7,2746.0,11177,21264
05/31/1990,2750.6,2766.8,2726.3,2748.3,10237,22758
06/01/1990,2750.6,2785.3,2728.7,2785.3,6170,23284
06/04/1990,2803.7,2808.4,2785.3,2798.0,5163,24584
06/05/1990,2814.1,2819.9,2769.1,2799.1,10535,26107
06/06/1990,2776.0,2779.5,2758.7,2771.4,5495,26936
06/07/1990,2762.2,2807.2,2757.5,2801.4,6329,26752
06/08/1990,2795.7,2806.1,2761.0,2762.2,5103,26953
06/11/1990,2739.6,2749.4,2720.6,2737.9,5972,27602
06/12/1990,2766.8,2784.1,2758.7,2770.2,5932,27481
06/13/1990,2795.7,2813.0,2788.7,2808.9,7426,27683
06/14/1990,2809.5,2836.1,2801.4,2814.1,7102,27522
06/15/1990,2816.4,2822.0,2774.7,2782.6,5757,27507
06/18/1990,2789.4,2792.2,2760.1,2763.5,4333,28018
06/19/1990,2745.5,2761.2,2735.3,2761.2,5876,28545
06/20/1990,2762.4,2774.7,2756.7,2766.9,5069,28338
06/21/1990,2752.2,2769.1,2746.6,2760.1,3467,28770
06/22/1990,2762.4,2774.7,2755.6,2765.7,3752,28897
06/25/1990,2724.1,2782.6,2724.1,2780.4,6590,28930
06/26/1990,2797.3,2806.3,2777.0,2780.4,6657,30018
06/27/1990,2771.4,2775.9,2743.2,2745.5,6592,30008
06/28/1990,2745.5,2745.5,2724.1,2726.3,6093,30600
06/29/1990,2723.0,2764.6,2720.7,2753.4,11495,32012
07/02/1990,2752.2,2770.2,2736.5,2747.7,3180,17612
07/03/1990,2752.2,2762.4,2730.8,2739.8,3477,18356
07/04/1990,2735.3,2735.3,2721.8,2728.6,2046,18664
07/05/1990,2723.0,2723.0,2690.3,2693.7,4511,19359
07/06/1990,2689.2,2717.3,2679.1,2715.1,4065,20139
07/09/1990,2706.1,2717.3,2699.3,2705.0,3095,20641
07/10/1990,2695.9,2701.6,2679.1,2689.2,2691,21051
07/11/1990,2688.1,2735.3,2684.7,2731.4,5448,21649
07/12/1990,2769.1,2771.4,2744.4,2745.5,5149,22648
07/13/1990,2746.6,2766.9,2738.7,2759.0,4114,23282
07/16/1990,2779.2,2798.4,2777.0,2796.1,3563,23204
07/17/1990,2792.8,2813.0,2780.4,2787.1,3972,23289
07/18/1990,2787.1,2809.6,2772.5,2779.2,4697,23893
07/19/1990,2777.0,2790.5,2764.6,2764.6,2860,24152
07/20/1990,2768.0,2782.6,2765.7,2775.9,1395,24330
07/23/1990,2764.6,2789.4,2690.3,2714.0,6824,24601
07/24/1990,2741.0,2741.0,2701.6,2721.8,5288,24977
07/25/1990,2742.1,2747.7,2725.2,2727.5,3743,25650
07/26/1990,2723.0,2735.3,2681.3,2684.7,5539,25585
07/27/1990,2672.3,2688.1,2662.2,2675.7,3540,25335
07/30/1990,2667.8,2671.2,2649.8,2660.5,2950,25377
07/31/1990,2684.7,2701.6,2679.1,2687.5,4788,25141
08/01/1990,2695.9,2705.0,2681.3,2688.6,3594,25334
08/02/1990,2667.8,2677.9,2629.5,2632.9,10499,24617
08/03/1990,2635.2,2639.7,2577.8,2599.7,7786,23409
08/06/1990,2555.2,2555.2,2487.7,2511.3,11381,24635
08/07/1990,2532.7,2572.1,2511.3,2546.2,9569,25001
08/08/1990,2542.9,2572.1,2513.6,2549.6,8009,25382
08/09/1990,2569.9,2577.8,2538.4,2547.4,4596,24411
08/10/1990,2555.2,2555.2,2530.5,2533.9,3558,23913
08/13/1990,2515.8,2522.6,2494.5,2519.2,5547,24580
08/14/1990,2560.9,2560.9,2528.2,2532.7,2834,24514
08/15/1990,2538.4,2559.7,2536.1,2548.5,2733,24377
08/16/1990,2542.9,2544.0,2508.0,2532.7,3491,24342
08/17/1990,2479.8,2496.7,2462.9,2473.1,8081,24151
08/20/1990,2468.6,2479.8,2440.4,2452.8,5825,24281
08/21/1990,2453.9,2457.3,2358.3,2363.9,8001,24133
08/22/1990,2403.3,2407.8,2375.1,2378.5,5712,24903
08/23/1990,2335.7,2350.4,2302.0,2348.1,10785,26131
08/24/1990,2357.1,2386.4,2352.6,2372.9,4792,26395
08/28/1990,2453.9,2453.9,2372.9,2372.9,4561,25534
08/29/1990,2407.8,2419.0,2388.6,2411.2,2916,25388
08/30/1990,2437.0,2462.9,2433.7,2452.8,4678,25862
08/31/1990,2437.0,2464.1,2437.0,2462.9,2608,25680
09/03/1990,2476.4,2476.4,2447.2,2449.4,2306,25536
09/04/1990,2432.5,2444.9,2415.7,2444.9,4581,25830
09/05/1990,2447.2,2456.2,2438.2,2440.4,3050,25999
09/06/1990,2438.2,2438.2,2388.6,2389.8,5106,26841
09/07/1990,2379.6,2406.7,2375.1,2403.8,4612,26841
09/10/1990,2424.7,2448.3,2424.7,2435.9,3695,26838
09/11/1990,2420.2,2442.7,2414.5,2429.2,3380,26587
09/12/1990,2438.2,2461.8,2421.3,2432.5,5417,27123
09/13/1990,2432.5,2432.5,2403.3,2405.5,3634,27268
09/14/1990,2392.0,2396.5,2345.9,2347.0,9574,27566
09/17/1990,2343.7,2367.8,2328.3,2363.5,7831,28476
09/18/1990,2359.1,2359.1,2319.6,2322.9,7553,29630
09/19/1990,2342.6,2343.7,2316.3,2328.3,5888,29721
09/20/1990,2328.3,2328.3,2249.3,2249.3,12160,31448
09/21/1990,2250.4,2273.5,2205.4,2271.3,11760,31174
09/24/1990,2253.7,2257.0,2209.8,2213.1,9536,31803
09/25/1990,2231.8,2238.4,2210.9,2227.4,13134,31841
09/26/1990,2227.4,2258.1,2220.8,2232.9,10056,32232
09/27/1990,2240.6,2274.6,2214.2,2236.2,8988,32313
09/28/1990,2217.5,2225.2,2194.5,2215.3,13440,33744
10/01/1990,2238.4,2293.2,2238.4,2274.6,7940,27144
10/02/1990,2326.1,2340.4,2304.2,2320.7,8131,25617
10/03/1990,2311.9,2368.9,2296.5,2368.9,6285,25674
10/04/1990,2364.5,2364.5,2327.2,2336.0,5284,25281
10/05/1990,2304.2,2452.3,2275.7,2413.9,6708,24981
10/08/1990,2567.5,2567.5,2477.6,2486.3,12365,24983
10/09/1990,2446.8,2463.3,2413.9,2413.9,11472,24635
10/10/1990,2388.7,2406.2,2364.5,2393.1,9339,25159
10/11/1990,2397.5,2399.7,2353.6,2393.1,5897,25725
10/12/1990,2363.5,2378.8,2354.7,2366.7,0,25814
10/15/1990,2378.8,2406.2,2364.5,2371.1,4954,25818
10/16/1990,2403.0,2403.0,2326.1,2329.4,6816,25173
10/17/1990,2328.3,2328.3,2300.9,2324.0,5380,25638
10/18/1990,2333.8,2349.2,2310.8,2347.5,3708,25594
10/19/1990,2334.9,2366.7,2328.3,2333.8,4593,25913
10/22/1990,2347.0,2370.0,2326.1,2361.3,4907,26029
10/23/1990,2392.0,2398.6,2379.9,2392.0,5233,26279
10/24/1990,2381.0,2384.3,2362.4,2366.7,2930,26103
10/25/1990,2359.1,2366.7,2327.2,2334.9,3526,26005
10/26/1990,2326.1,2326.1,2276.8,2286.6,4770,26010
10/29/1990,2281.2,2297.6,2275.7,2292.1,2926,26099
10/30/1990,2280.1,2280.1,2258.1,2262.5,4641,25872
10/31/1990,2276.8,2307.5,2263.6,2291.0,5593,25405
11/01/1990,2279.0,2289.9,2249.3,2251.5,4585,25735
11/02/1990,2237.3,2264.7,2237.3,2260.3,4240,26092
11/05/1990,2276.8,2295.4,2276.8,2295.4,3267,25605
11/06/1990,2306.4,2320.7,2291.0,2315.2,4466,25714
11/07/1990,2304.2,2313.0,2283.4,2292.1,3022,25862
11/08/1990,2279.0,2279.0,2248.2,2249.3,4633,25647
11/09/1990,2264.7,2277.9,2257.0,2261.4,4570,26315
11/12/1990,2271.3,2298.7,2271.3,2297.6,2289,26514
11/13/1990,2309.7,2314.1,2279.0,2279.5,4834,26820
11/14/1990,2265.8,2274.6,2253.7,2268.0,3358,27089
11/15/1990,2271.3,2297.6,2269.1,2297.6,2739,27084
11/16/1990,2292.1,2319.6,2292.1,2311.9,3617,27292
11/19/1990,2321.8,2351.4,2317.4,2333.8,5304,27756
11/20/1990,2334.9,2370.0,2330.5,2359.1,5215,27492
11/21/1990,2344.8,2386.5,2344.8,2362.4,5267,27436
11/22/1990,2373.3,2413.9,2348.1,2365.6,9326,27700
11/23/1990,2367.8,2418.3,2364.5,2412.8,4590,27084
11/26/1990,2442.5,2442.5,2383.2,2393.1,6109,27034
11/27/1990,2397.5,2412.8,2381.0,2401.9,4663,27582
11/28/1990,2386.5,2390.9,2367.8,2382.1,4761,27712
11/29/1990,2364.5,2388.7,2362.4,2376.6,4959,27940
11/30/1990,2372.2,2386.5,2372.2,2384.3,3197,27943
12/03/1990,2399.7,2417.2,2395.3,2409.5,4671,27533
12/04/1990,2397.5,2401.9,2374.4,2382.1,5035,27777
12/05/1990,2377.7,2397.5,2371.1,2395.3,5991,27871
12/06/1990,2403.0,2440.3,2401.9,2424.9,6032,28003
12/07/1990,2421.6,2435.9,2417.2,2431.5,4081,27417
12/10/1990,2432.6,2432.6,2398.6,2399.7,5283,27564
12/11/1990,2404.1,2415.0,2383.2,2386.5,5263,28519
12/12/1990,2381.0,2396.4,2368.9,2376.6,4027,29373
12/13/1990,2383.2,2401.9,2362.4,2399.7,7369,28558
12/14/1990,2394.2,2410.6,2389.8,2392.0,5345,29797
12/17/1990,2383.4,2396.3,2382.3,2382.3,3714,29363
12/18/1990,2384.4,2396.3,2379.0,2390.9,4390,29864
12/19/1990,2403.8,2408.2,2396.3,2408.2,5276,30435
12/20/1990,2397.4,2400.6,2366.1,2373.6,8163,30581
12/21/1990,2379.0,2388.7,2371.0,2382.3,3585,29598
12/24/1990,2375.8,2378.0,2371.5,2373.6,1882,29209
12/27/1990,2383.4,2398.5,2378.0,2394.1,4659,28803
12/28/1990,2383.4,2390.9,2379.0,2383.4,4648,29480
12/31/1990,2368.3,2373.6,2344.5,2345.6,2279,21265
01/02/1991,2349.9,2349.9,2323.0,2332.7,2869,21901
01/03/1991,2321.9,2356.4,2312.2,2331.6,4478,22944
01/04/1991,2329.4,2345.6,2329.4,2337.0,2749,23399
01/07/1991,2332.7,2332.7,2306.8,2314.3,3443,24231
01/08/1991,2297.1,2315.4,2286.3,2305.7,4806,24999
01/09/1991,2310.0,2354.2,2310.0,2352.1,4624,24523
01/10/1991,2313.3,2332.7,2305.7,2325.1,3399,24490
01/11/1991,2340.2,2347.8,2325.1,2326.2,2724,24977
01/14/1991,2314.3,2314.3,2269.0,2280.9,4837,25084
01/15/1991,2274.4,2280.9,2262.6,2263.6,3500,25822
01/16/1991,2241.0,2256.1,2239.9,2252.9,2780,26270
01/17/1991,2318.6,2344.5,2288.5,2316.5,10314,28119
01/18/1991,2317.6,2323.0,2288.5,2315.4,4648,27446
01/21/1991,2307.9,2318.6,2282.0,2288.5,3680,27711
01/22/1991,2276.6,2287.4,2265.8,2276.6,4052,27540
01/23/1991,2279.8,2300.3,2273.4,2287.4,3313,27986
01/24/1991,2306.8,2308.9,2290.6,2304.6,3780,28814
01/25/1991,2306.8,2320.8,2303.5,2311.1,3400,29167
01/28/1991,2307.9,2326.2,2298.2,2323.0,2827,29550
01/29/1991,2316.5,2321.9,2304.6,2318.6,2619,29583
01/30/1991,2333.7,2365.0,2330.5,2361.8,5385,30296
01/31/1991,2386.6,2395.2,2365.0,2383.4,8605,31006
02/01/1991,2374.7,2381.2,2358.5,2368.3,5883,31281
02/04/1991,2374.7,2387.7,2370.4,2380.1,2888,31517
02/05/1991,2404.9,2426.5,2396.3,2418.9,5347,31311
02/06/1991,2415.7,2421.1,2396.3,2406.0,4434,31475
02/07/1991,2423.3,2469.6,2423.3,2466.4,8790,33122
02/08/1991,2455.6,2475.0,2450.2,2463.2,5475,34445
02/11/1991,2471.8,2485.8,2458.8,2480.4,4768,34983
02/12/1991,2512.8,2512.8,2468.5,2480.4,9522,36377
02/13/1991,2464.2,2502.0,2463.2,2482.6,6259,35974
02/14/1991,2497.7,2513.8,2489.0,2500.9,7084,35754
02/15/1991,2489.0,2534.3,2489.0,2510.6,8772,36962
02/18/1991,2520.3,2539.7,2518.2,2528.9,4307,37092
02/19/1991,2536.5,2548.4,2502.0,2514.9,6132,36917
02/20/1991,2506.3,2519.2,2495.5,2496.6,4879,36779
02/21/1991,2491.2,2525.7,2491.2,2517.1,5946,37007
02/22/1991,2517.1,2534.3,2505.2,2521.4,6122,36687
02/25/1991,2534.3,2555.9,2531.1,2536.5,6928,34953
02/26/1991,2528.9,2538.6,2516.0,2520.3,5908,35522
02/27/1991,2518.2,2567.8,2504.1,2558.6,8347,37102
02/28/1991,2582.9,2590.4,2565.6,2576.9,9358,36981
03/01/1991,2571.0,2588.3,2563.5,2581.8,10514,35237
03/04/1991,2593.6,2598.0,2573.2,2577.5,7049,33877
03/05/1991,2571.0,2629.2,2563.5,2620.6,11571,33159
03/06/1991,2658.4,2683.2,2645.4,2662.7,12440,32661
03/07/1991,2650.8,2660.5,2629.2,2631.4,8267,31154
03/08/1991,2636.8,2672.4,2636.8,2649.7,8343,31095
03/11/1991,2648.6,2685.3,2648.6,2651.9,7035,31528
03/12/1991,2640.0,2667.0,2635.7,2651.9,6288,30791
03/13/1991,2660.5,2660.5,2637.9,2645.4,6199,31495
03/14/1991,2664.8,2699.3,2663.7,2697.2,8327,31611
03/15/1991,2708.3,2724.2,2683.9,2688.2,10058,31299
03/18/1991,2678.6,2693.5,2678.6,2683.9,5546,31838
03/19/1991,2687.1,2690.3,2635.1,2648.9,11087,31331
03/20/1991,2637.2,2651.0,2618.1,2630.9,11391,31088
03/21/1991,2642.5,2670.1,2637.2,2669.1,5179,30803
03/22/1991,2662.7,2671.2,2631.9,2631.9,7542,30624
03/25/1991,2621.3,2621.3,2601.1,2617.1,6452,30936
03/26/1991,2610.7,2629.8,2600.1,2626.6,10665,31502
03/27/1991,2650.0,2665.9,2636.7,2657.4,10002,29613
03/28/1991,2653.1,2674.4,2646.8,2657.4,6355,23981
04/02/1991,2641.5,2699.8,2636.2,2698.8,4127,24108
04/03/1991,2727.4,2743.3,2716.8,2723.2,4588,23830
04/04/1991,2723.2,2755.0,2718.9,2725.3,4797,24818
04/05/1991,2740.2,2757.1,2725.3,2755.0,4891,25524
04/08/1991,2755.0,2759.3,2716.8,2726.4,5115,24994
04/09/1991,2739.1,2742.3,2712.6,2714.7,4176,24977
04/10/1991,2692.4,2726.4,2692.4,2718.9,4427,25513
04/11/1991,2718.9,2735.9,2713.6,2722.1,5327,25723
04/12/1991,2727.4,2739.1,2713.6,2714.7,6092,25979
04/15/1991,2721.1,2748.6,2721.1,2734.9,4488,24820
04/16/1991,2743.3,2750.8,2697.7,2697.7,5489,25446
04/17/1991,2716.8,2741.2,2704.1,2738.0,5168,24515
04/18/1991,2739.1,2746.5,2717.9,2725.3,4154,25281
04/19/1991,2720.0,2722.1,2698.8,2699.8,3870,25141
04/22/1991,2688.2,2689.2,2663.7,2664.8,5315,25778
04/23/1991,2672.2,2690.3,2666.9,2681.8,3429,26166
04/24/1991,2681.8,2693.5,2658.4,2668.0,4234,26177
04/25/1991,2671.2,2679.7,2651.0,2655.3,5517,27119
04/26/1991,2657.4,2665.9,2642.5,2643.6,3889,27184
04/29/1991,2645.7,2678.6,2645.7,2675.4,5092,26528
04/30/1991,2661.6,2669.1,2640.4,2662.7,5714,26713
05/01/1991,2662.7,2693.5,2645.7,2691.3,4249,26399
05/02/1991,2699.8,2723.2,2686.0,2708.3,4789,26667
05/03/1991,2706.2,2715.8,2692.4,2693.5,3363,26518
05/07/1991,2695.6,2718.9,2691.3,2718.9,2749,26471
05/08/1991,2721.1,2721.1,2690.3,2695.6,3828,25884
05/09/1991,2707.3,2720.0,2703.0,2717.9,2917,26011
05/10/1991,2730.6,2734.9,2690.3,2691.3,4558,26222
05/13/1991,2662.7,2671.2,2646.8,2646.8,6201,27251
05/14/1991,2648.9,2660.6,2614.9,2616.0,9386,26904
05/15/1991,2609.6,2631.9,2605.4,2619.2,6702,27062
05/16/1991,2621.3,2644.6,2608.6,2629.8,5291,27326
05/17/1991,2627.7,2634.0,2598.0,2610.7,4965,27369
05/20/1991,2612.8,2631.9,2610.7,2630.9,2428,27476
05/21/1991,2637.2,2645.7,2628.2,2642.5,4669,28082
05/22/1991,2659.5,2659.5,2621.3,2624.5,3936,28253
05/23/1991,2627.7,2651.0,2625.5,2647.8,3318,28197
05/24/1991,2635.1,2641.5,2614.9,2634.0,3518,28769
05/28/1991,2642.5,2648.9,2634.0,2643.6,2140,28341
05/29/1991,2652.1,2657.4,2640.4,2651.0,4052,28231
05/30/1991,2653.1,2657.4,2637.2,2651.0,4346,27833
05/31/1991,2658.4,2679.7,2654.2,2671.2,6730,28142
06/03/1991,2671.2,2689.2,2669.1,2681.8,5941,28177
06/04/1991,2682.9,2686.0,2653.1,2657.4,6608,28956
06/05/1991,2668.0,2689.2,2660.6,2683.9,5251,29707
06/06/1991,2673.3,2687.1,2673.3,2682.9,5910,30981
06/07/1991,2676.5,2679.7,2656.3,2659.5,6656,32513
06/10/1991,2668.0,2677.5,2653.1,2666.9,6014,33286
06/11/1991,2680.7,2711.5,2676.5,2710.4,14726,32779
06/12/1991,2696.6,2703.0,2677.5,2678.6,9214,33656
06/13/1991,2675.4,2687.1,2662.7,2668.0,9566,33188
06/14/1991,2685.0,2689.2,2673.3,2685.0,4771,33709
06/17/1991,2688.1,2688.1,2674.5,2678.7,3646,34193
06/18/1991,2665.2,2673.0,2662.0,2668.3,7785,34263
06/19/1991,2654.7,2654.7,2631.8,2632.8,12147,35131
06/20/1991,2636.0,2640.1,2616.2,2624.5,8532,35107
06/21/1991,2637.0,2642.2,2629.7,2636.0,6119,34929
06/24/1991,2631.8,2631.8,2601.6,2601.6,10629,36246
06/25/1991,2597.4,2620.3,2596.3,2605.7,9607,36195
06/26/1991,2603.6,2603.6,2565.1,2572.4,14811,37889
06/27/1991,2575.5,2597.4,2575.5,2593.2,10339,37751
06/28/1991,2591.1,2591.1,2551.5,2552.6,9929,31608
07/01/1991,2557.8,2585.9,2557.8,2579.7,6684,31594
07/02/1991,2583.8,2598.4,2570.3,2592.2,5207,31292
07/03/1991,2585.9,2596.3,2571.3,2584.9,7051,31412
07/04/1991,2591.1,2606.8,2591.1,2606.8,3544,31795
07/05/1991,2610.9,2638.1,2610.9,2632.8,5688,32104
07/08/1991,2615.1,2615.1,2591.1,2598.4,5628,31882
07/09/1991,2625.5,2640.1,2623.5,2633.9,5401,31977
07/10/1991,2633.9,2663.1,2633.9,2659.9,7980,31066
07/11/1991,2656.8,2672.5,2642.2,2645.4,6952,31325
07/12/1991,2645.4,2656.8,2634.9,2645.4,5185,31541
07/15/1991,2650.6,2680.8,2650.6,2679.8,4944,31668
07/16/1991,2695.4,2707.9,2692.3,2698.5,6175,31882
07/17/1991,2692.3,2712.1,2683.9,2709.0,7334,32733
07/18/1991,2704.8,2704.8,2678.7,2680.8,5093,33001
07/19/1991,2698.5,2700.6,2676.6,2677.7,3394,32885
07/22/1991,2674.5,2711.0,2669.3,2703.2,5953,33216
07/23/1991,2714.2,2750.7,2714.2,2737.1,11038,36306
07/24/1991,2735.0,2740.2,2723.6,2729.8,6464,36492
07/25/1991,2722.5,2727.7,2707.9,2723.6,5522,37056
07/26/1991,2732.9,2744.4,2732.9,2739.2,3589,37084
07/29/1991,2742.3,2756.9,2738.2,2741.3,5073,36826
07/30/1991,2744.4,2754.8,2735.0,2740.2,5456,37391
07/31/1991,2748.6,2751.7,2732.9,2735.0,4491,37238
08/01/1991,2730.9,2744.4,2726.7,2737.1,3320,37651
08/02/1991,2729.8,2760.0,2729.8,2750.7,4020,37604
08/05/1991,2755.9,2755.9,2734.0,2735.0,3936,38386
08/06/1991,2722.5,2725.6,2714.2,2717.3,3875,39027
08/07/1991,2742.3,2745.5,2735.0,2741.8,3816,39118
08/08/1991,2740.2,2746.5,2730.9,2743.4,3972,39847
08/09/1991,2731.9,2731.9,2709.0,2710.0,4242,39927
08/12/1991,2700.6,2703.7,2688.1,2702.7,4119,38151
08/13/1991,2707.9,2719.4,2705.8,2719.4,3363,38000
08/14/1991,2732.9,2751.7,2729.8,2746.5,4747,37758
08/15/1991,2746.5,2767.3,2746.5,2753.8,4945,38120
08/16/1991,2750.7,2769.4,2744.4,2752.8,3920,37788
08/19/1991,2627.6,2670.4,2608.9,2648.5,16925,35813
08/20/1991,2688.1,2702.7,2672.5,2679.8,7357,35647
08/21/1991,2690.2,2744.4,2690.2,2736.6,8579,34864
08/22/1991,2744.4,2788.2,2739.2,2771.5,11500,36521
08/23/1991,2770.5,2788.2,2760.0,2784.0,7873,37783
08/27/1991,2780.9,2814.3,2758.0,2760.0,3605,38103
08/28/1991,2763.2,2772.6,2756.9,2760.0,3766,38542
08/29/1991,2775.7,2787.2,2771.5,2777.8,4497,38637
08/30/1991,2774.6,2789.2,2766.3,2788.2,4251,38602
09/02/1991,2799.7,2820.5,2798.6,2818.4,4569,38821
09/03/1991,2819.5,2821.6,2801.8,2803.8,6130,39249
09/04/1991,2789.2,2815.3,2789.2,2793.4,12628,40195
09/05/1991,2787.2,2802.8,2787.2,2796.5,7852,39661
09/06/1991,2804.9,2810.1,2793.4,2800.7,5484,39490
09/09/1991,2800.7,2805.9,2773.6,2785.1,6345,40321
09/10/1991,2773.6,2773.6,2753.8,2755.4,7171,41100
09/11/1991,2760.0,2770.5,2747.5,2754.8,16513,44995
09/12/1991,2770.5,2777.8,2759.0,2773.1,6468,44844
09/13/1991,2790.3,2793.4,2750.7,2750.7,8184,44922
09/16/1991,2734.3,2741.4,2731.2,2735.3,15142,48026
09/17/1991,2748.6,2748.6,2719.9,2723.0,10756,47813
09/18/1991,2725.0,2736.3,2710.7,2715.3,8903,47602
09/19/1991,2720.9,2723.0,2690.2,2708.1,13632,44875
09/20/1991,2719.9,2731.2,2704.5,2726.1,9372,43816
09/23/1991,2716.8,2718.9,2698.9,2699.4,8290,42181
09/24/1991,2696.3,2709.7,2696.3,2702.5,9121,41399
09/25/1991,2717.9,2725.0,2711.7,2724.5,10417,41045
09/26/1991,2723.0,2743.5,2723.0,2730.2,13775,43298
09/27/1991,2728.1,2739.4,2716.8,2731.2,12269,43689
09/30/1991,2726.1,2741.4,2714.8,2741.4,15800,45004
10/01/1991,2773.2,2773.2,2754.8,2768.1,5822,34850
10/02/1991,2763.0,2770.1,2754.8,2767.1,3634,34194
10/03/1991,2760.9,2763.0,2731.2,2732.2,5274,34835
10/04/1991,2726.1,2735.3,2718.9,2732.2,6940,33782
10/07/1991,2718.9,2718.9,2701.5,2703.0,6531,33920
10/08/1991,2699.4,2716.8,2699.4,2704.5,4780,33690
10/09/1991,2710.7,2710.7,2675.8,2684.0,8207,35443
10/10/1991,2672.7,2689.2,2668.6,2683.5,4844,35054
10/11/1991,2691.2,2695.3,2658.4,2659.4,7272,35451
10/14/1991,2648.1,2686.1,2643.0,2682.0,5933,35572
10/15/1991,2699.4,2699.4,2674.8,2682.0,5868,35848
10/16/1991,2686.1,2695.3,2678.9,2689.2,4340,35544
10/17/1991,2703.5,2710.7,2686.1,2695.3,6250,36130
10/18/1991,2689.2,2713.8,2688.1,2712.7,3887,36476
10/21/1991,2701.5,2716.8,2682.0,2683.0,5281,37117
10/22/1991,2674.8,2682.0,2662.5,2667.6,4915,37011
10/23/1991,2667.6,2673.8,2661.5,2664.5,2900,36997
10/24/1991,2668.6,2675.8,2623.5,2624.6,7344,36446
10/25/1991,2626.6,2632.8,2607.1,2613.3,8019,36459
10/28/1991,2619.4,2653.3,2619.4,2653.3,6399,36012
10/29/1991,2672.7,2672.7,2636.9,2643.0,7235,36078
10/30/1991,2655.3,2684.0,2647.1,2675.8,9306,36358
10/31/1991,2678.9,2684.0,2649.2,2650.2,6785,35763
11/01/1991,2643.0,2648.1,2627.6,2630.7,6714,34975
11/04/1991,2632.8,2647.1,2615.3,2618.4,4485,35273
11/05/1991,2626.6,2649.2,2620.5,2632.8,7526,35581
11/06/1991,2622.5,2636.9,2615.3,2634.8,7309,36103
11/07/1991,2631.7,2652.2,2629.7,2634.8,6132,36119
11/08/1991,2639.9,2669.7,2632.8,2666.6,7662,35065
11/11/1991,2663.5,2671.7,2648.1,2649.2,4630,35402
11/12/1991,2658.4,2679.9,2651.2,2670.7,7019,36094
11/13/1991,2670.7,2670.7,2634.8,2636.9,8277,36121
11/14/1991,2655.3,2664.5,2646.1,2650.2,6529,35364
11/15/1991,2639.9,2649.2,2621.5,2626.6,6208,35312
11/18/1991,2578.4,2595.9,2568.2,2585.6,14836,35072
11/19/1991,2601.0,2601.0,2527.2,2538.4,16609,36306
11/20/1991,2555.9,2571.3,2544.6,2556.9,8651,35869
11/21/1991,2548.7,2551.8,2532.3,2544.6,8943,36115
11/22/1991,2552.8,2555.9,2516.9,2519.0,9791,37253
11/25/1991,2506.7,2538.4,2506.7,2538.4,9333,36887
11/26/1991,2545.6,2566.1,2536.4,2551.8,8188,36236
11/27/1991,2548.7,2554.8,2524.1,2526.1,11536,36327
11/28/1991,2532.3,2538.4,2499.5,2503.6,6185,36674
11/29/1991,2509.7,2516.9,2474.9,2498.5,10268,38001
12/02/1991,2481.0,2488.2,2456.4,2488.2,11885,38303
12/03/1991,2511.8,2514.9,2472.8,2495.4,15495,39748
12/04/1991,2497.4,2527.2,2495.4,2501.5,8392,39133
12/05/1991,2491.3,2498.5,2470.8,2484.6,11617,39895
12/06/1991,2482.1,2495.4,2446.2,2463.1,12358,40142
12/09/1991,2449.3,2488.2,2442.1,2483.1,10017,40692
12/10/1991,2484.1,2484.1,2450.3,2455.4,12078,40489
12/11/1991,2472.8,2473.9,2439.0,2440.0,8591,41616
12/12/1991,2451.3,2507.7,2441.0,2503.6,11274,42548
12/13/1991,2524.1,2542.5,2511.8,2532.3,9145,41188
12/16/1991,2521.2,2525.2,2510.0,2515.1,5764,40566
12/17/1991,2502.9,2518.1,2496.9,2502.9,9795,41486
12/18/1991,2492.8,2509.0,2485.7,2489.8,8180,42879
12/19/1991,2482.7,2482.7,2450.3,2467.5,12646,42412
12/20/1991,2448.3,2459.4,2427.0,2427.0,15173,42232
12/23/1991,2421.9,2421.9,2393.6,2411.8,10812,40027
12/24/1991,2435.1,2474.6,2435.1,2471.5,3625,41465
12/27/1991,2492.8,2516.1,2492.8,2506.0,5700,40970
12/30/1991,2511.0,2514.1,2474.6,2490.8,11435,40521
12/31/1991,2526.2,2601.1,2526.2,2587.0,9574,32230
01/02/1992,2566.7,2621.4,2566.7,2579.9,7872,34050
01/03/1992,2614.3,2614.3,2568.7,2578.9,5829,34055
01/06/1992,2613.3,2624.4,2553.6,2560.6,8407,34626
01/07/1992,2542.4,2559.6,2536.3,2553.6,6934,34437
01/08/1992,2534.3,2537.4,2499.9,2533.3,10628,34049
01/09/1992,2540.4,2580.9,2537.4,2573.8,7126,34692
01/10/1992,2607.2,2607.2,2533.3,2534.3,8349,34570
01/13/1992,2520.1,2564.7,2509.0,2563.7,6879,35004
01/14/1992,2575.8,2597.1,2549.5,2593.0,8462,35014
01/15/1992,2628.5,2632.5,2602.2,2605.2,10624,35982
01/16/1992,2602.2,2629.5,2589.0,2604.2,8923,35819
01/17/1992,2610.3,2632.5,2602.2,2607.2,7663,36264
01/20/1992,2590.0,2627.5,2582.9,2624.4,5906,36386
01/21/1992,2632.5,2636.6,2594.1,2609.2,7363,36539
01/22/1992,2587.0,2612.3,2582.9,2590.0,7153,36947
01/23/1992,2597.1,2606.2,2583.9,2588.0,8741,37062
01/24/1992,2559.6,2591.0,2552.5,2589.0,9102,36539
01/27/1992,2612.3,2612.3,2591.0,2605.2,6471,36185
01/28/1992,2614.3,2628.5,2600.1,2626.5,7665,36011
01/29/1992,2617.3,2617.3,2594.1,2610.3,6320,35824
01/30/1992,2605.2,2622.4,2593.0,2616.3,8016,35884
01/31/1992,2632.5,2648.7,2624.4,2636.6,8951,37765
02/03/1992,2625.4,2632.5,2608.2,2621.4,8449,39128
02/04/1992,2621.4,2628.5,2610.3,2615.3,5408,39547
02/05/1992,2629.5,2631.5,2597.1,2599.1,7453,39906
02/06/1992,2593.0,2617.3,2581.9,2599.1,8290,40310
02/07/1992,2593.0,2594.1,2573.8,2576.8,7618,40260
02/10/1992,2559.6,2599.1,2559.6,2595.1,8610,40982
02/11/1992,2602.2,2602.2,2582.9,2583.9,6893,40792
02/12/1992,2580.9,2590.0,2566.7,2571.3,5961,40024
02/13/1992,2568.7,2581.9,2562.7,2566.7,6101,39922
02/14/1992,2557.6,2563.7,2549.5,2561.7,10877,40390
02/17/1992,2563.7,2599.1,2563.7,2598.1,4724,40000
02/18/1992,2602.2,2613.3,2594.1,2610.3,7929,40223
02/19/1992,2597.1,2608.2,2575.8,2581.9,7537,39446
02/20/1992,2596.1,2604.2,2576.8,2597.1,7835,39496
02/21/1992,2602.2,2602.2,2583.9,2587.0,6238,39435
02/24/1992,2581.9,2619.4,2581.9,2610.3,10619,40360
02/25/1992,2611.3,2628.5,2595.1,2595.1,10717,41451
02/26/1992,2598.1,2619.4,2598.1,2616.3,5320,41524
02/27/1992,2614.3,2622.4,2597.1,2605.2,7902,41608
02/28/1992,2599.1,2612.3,2597.1,2608.2,6368,42143
03/02/1992,2596.1,2605.2,2588.0,2601.1,7562,41712
03/03/1992,2603.2,2615.3,2595.1,2606.2,6693,40853
03/04/1992,2613.3,2614.3,2599.1,2601.1,6715,40700
03/05/1992,2588.0,2596.1,2572.8,2573.8,8427,40550
03/06/1992,2567.7,2580.9,2564.7,2578.9,6837,39845
03/09/1992,2567.7,2604.2,2567.7,2602.2,8059,39372
03/10/1992,2609.2,2624.4,2598.1,2613.3,13846,43049
03/11/1992,2597.1,2604.2,2555.6,2556.6,12987,43103
03/12/1992,2546.5,2551.5,2513.1,2520.1,15636,43120
03/13/1992,2525.2,2533.3,2494.8,2497.9,14646,42618
03/16/1992,2512.8,2515.8,2485.9,2494.4,10839,42279
03/17/1992,2519.8,2526.8,2512.8,2520.3,7628,41534
03/18/1992,2502.9,2511.8,2491.9,2491.9,7848,40987
03/19/1992,2503.9,2507.8,2488.9,2501.9,13531,41310
03/20/1992,2504.8,2507.8,2469.9,2473.9,10200,41100
03/23/1992,2469.0,2481.9,2449.0,2470.9,14368,42395
03/24/1992,2477.9,2488.9,2466.0,2484.9,8809,42074
03/25/1992,2475.9,2500.9,2469.9,2497.9,8438,41550
03/26/1992,2498.9,2503.9,2490.9,2497.4,11610,41106
03/27/1992,2490.9,2491.9,2466.0,2472.9,14414,41530
03/30/1992,2463.0,2485.4,2463.0,2482.9,16016,41031
03/31/1992,2487.9,2491.9,2457.0,2466.0,12979,41697
04/01/1992,2418.1,2440.0,2415.1,2437.0,11527,35814
04/02/1992,2448.0,2448.0,2413.1,2420.1,7939,35399
04/03/1992,2412.1,2419.1,2399.1,2406.1,6417,35124
04/06/1992,2407.1,2435.0,2404.1,2421.1,8280,34933
04/07/1992,2432.1,2434.1,2415.1,2421.1,7505,34996
04/08/1992,2402.1,2431.1,2393.2,2421.1,9286,36113
04/09/1992,2432.1,2472.9,2418.1,2469.0,9523,35704
04/10/1992,2672.4,2672.4,2577.6,2594.6,22973,38181
04/13/1992,2600.6,2637.5,2600.6,2621.5,9584,37970
04/14/1992,2614.5,2637.5,2614.5,2635.5,7607,37698
04/15/1992,2659.4,2684.3,2649.4,2676.4,7982,38869
04/16/1992,2707.3,2707.3,2660.4,2667.4,8998,39605
04/21/1992,2640.5,2664.4,2640.5,2661.4,5681,39768
04/22/1992,2671.4,2679.3,2634.5,2641.5,7721,40662
04/23/1992,2647.4,2669.4,2637.5,2639.5,9647,40261
04/24/1992,2647.4,2682.3,2630.5,2680.3,10863,40453
04/27/1992,2689.3,2691.3,2668.4,2681.3,7201,40184
04/28/1992,2674.4,2676.4,2658.4,2675.4,8245,41006
04/29/1992,2682.3,2699.3,2669.4,2688.8,7941,41078
04/30/1992,2689.3,2690.3,2664.4,2668.4,9128,41307
05/01/1992,2680.3,2699.3,2667.4,2689.3,6104,41190
05/05/1992,2700.3,2709.3,2675.4,2694.3,12304,43803
05/06/1992,2689.3,2732.2,2678.4,2729.2,11618,44024
05/07/1992,2734.2,2742.2,2722.2,2732.2,8135,44463
05/08/1992,2726.2,2764.1,2722.2,2758.1,12628,44783
05/11/1992,2758.1,2764.1,2743.2,2756.1,8881,45238
05/12/1992,2752.1,2752.1,2730.2,2733.2,7706,44821
05/13/1992,2728.2,2746.2,2726.2,2732.2,6750,45008
05/14/1992,2736.2,2746.2,2695.3,2703.3,12784,44682
05/15/1992,2687.3,2697.3,2681.3,2691.3,9547,44634
05/18/1992,2696.3,2722.2,2687.3,2721.2,8842,44866
05/19/1992,2719.2,2719.2,2702.3,2709.3,6375,45198
05/20/1992,2723.2,2742.2,2717.2,2726.2,12825,46030
05/21/1992,2721.2,2722.2,2706.3,2710.3,7467,45706
05/22/1992,2707.3,2735.2,2698.3,2731.2,14015,46231
05/26/1992,2725.2,2736.2,2704.3,2705.3,8899,45874
05/27/1992,2694.3,2702.3,2686.3,2699.3,10367,44334
05/28/1992,2697.3,2712.3,2690.3,2697.3,6114,44123
05/29/1992,2714.2,2718.2,2702.3,2711.3,10934,44276
06/01/1992,2698.3,2706.3,2691.3,2695.3,6851,43903
06/02/1992,2713.3,2719.2,2706.3,2709.3,12693,43593
06/03/1992,2698.3,2716.2,2664.4,2672.4,19700,43841
06/04/1992,2664.4,2685.3,2649.4,2679.3,13355,42665
06/05/1992,2680.3,2680.3,2658.4,2665.4,10062,41772
06/08/1992,2657.4,2659.4,2639.5,2640.5,9623,42894
06/09/1992,2644.4,2652.4,2630.5,2635.5,10649,41869
06/10/1992,2632.5,2649.4,2628.5,2641.5,11483,41896
06/11/1992,2628.5,2634.5,2608.6,2615.5,14107,42493
06/12/1992,2625.5,2625.5,2604.6,2605.6,11965,42436
06/15/1992,2590.8,2598.7,2571.1,2586.9,11153,42750
06/16/1992,2596.7,2614.4,2596.7,2613.4,12321,41499
06/17/1992,2593.8,2603.6,2585.9,2593.8,13444,40610
06/18/1992,2566.2,2569.2,2542.6,2547.5,21688,41067
06/19/1992,2564.3,2596.7,2561.3,2582.9,14255,42850
06/22/1992,2564.3,2564.3,2536.7,2539.7,8454,37259
06/23/1992,2557.4,2557.4,2524.9,2547.5,8822,37351
06/24/1992,2548.5,2548.5,2523.0,2529.9,10678,37869
06/25/1992,2545.6,2565.2,2540.7,2559.3,8976,39180
06/26/1992,2526.9,2549.5,2526.9,2534.8,10730,40290
06/29/1992,2532.8,2544.6,2499.4,2500.4,7906,39238
06/30/1992,2504.3,2511.2,2488.6,2502.3,8875,39118
07/01/1992,2513.1,2518.1,2458.1,2464.0,13395,40999
07/02/1992,2479.7,2492.5,2438.4,2447.3,12864,41748
07/03/1992,2443.3,2489.5,2443.3,2487.6,7047,41613
07/06/1992,2482.7,2482.7,2442.3,2448.2,9307,41665
07/07/1992,2468.9,2481.7,2445.3,2477.7,8682,41356
07/08/1992,2458.1,2464.0,2440.4,2455.1,9851,42005
07/09/1992,2458.1,2481.7,2443.3,2478.7,9699,43078
07/10/1992,2484.6,2494.5,2463.0,2467.4,9180,43008
07/13/1992,2457.1,2465.0,2445.3,2451.2,6369,42957
07/14/1992,2438.4,2472.8,2430.5,2466.9,8366,43804
07/15/1992,2482.7,2482.7,2454.1,2460.5,6366,43200
07/16/1992,2461.0,2494.5,2447.3,2464.0,11899,42844
07/17/1992,2463.0,2463.0,2395.1,2397.1,14123,43024
07/20/1992,2372.5,2395.1,2327.3,2369.6,15298,43944
07/21/1992,2379.4,2399.1,2369.6,2383.4,9723,43676
07/22/1992,2357.8,2372.5,2344.0,2360.7,9536,43992
07/23/1992,2366.6,2376.5,2342.1,2373.5,8871,44734
07/24/1992,2373.5,2378.4,2328.3,2344.0,9874,43716
07/27/1992,2341.1,2350.9,2313.5,2315.5,7876,41995
07/28/1992,2322.4,2353.9,2321.4,2346.5,8121,44231
07/29/1992,2354.8,2409.9,2350.9,2405.0,15324,45262
07/30/1992,2405.0,2412.8,2378.4,2385.3,9662,45591
07/31/1992,2378.4,2384.3,2360.7,2373.5,9168,47214
08/03/1992,2361.7,2407.9,2359.8,2404.0,9528,47639
08/04/1992,2414.8,2418.7,2375.5,2377.5,9739,47512
08/05/1992,2369.6,2379.4,2362.7,2374.5,5494,47267
08/06/1992,2365.7,2368.6,2325.3,2348.0,8559,48395
08/07/1992,2337.1,2344.0,2313.5,2320.4,11999,47500
08/10/1992,2302.7,2304.7,2282.1,2290.4,8439,48016
08/11/1992,2290.9,2295.8,2262.4,2278.6,14313,48102
08/12/1992,2287.0,2300.8,2255.5,2262.4,9165,49276
08/13/1992,2265.9,2298.8,2256.5,2290.4,12467,49469
08/14/1992,2285.0,2340.1,2278.1,2335.2,11937,49035
08/17/1992,2341.1,2355.8,2322.4,2348.9,11779,47859
08/18/1992,2332.2,2339.1,2321.9,2323.4,8496,47387
08/19/1992,2316.5,2345.0,2310.6,2339.1,7964,47556
08/20/1992,2335.2,2358.8,2330.3,2333.2,13575,48352
08/21/1992,2345.0,2354.8,2331.2,2334.2,10458,48475
08/24/1992,2278.1,2300.8,2269.3,2277.2,15381,48594
08/25/1992,2269.3,2275.2,2218.2,2245.7,21993,51408
08/26/1992,2248.6,2266.3,2236.8,2254.5,13347,49697
08/27/1992,2274.2,2294.9,2269.3,2279.1,11196,48967
08/28/1992,2274.2,2289.5,2257.5,2274.2,10142,49144
09/01/1992,2272.2,2277.2,2254.5,2262.4,6883,48813
09/02/1992,2255.5,2290.9,2248.6,2288.0,11032,48809
09/03/1992,2306.7,2378.4,2301.7,2370.6,20167,47334
09/04/1992,2375.5,2382.4,2316.5,2337.1,16290,46721
09/07/1992,2333.2,2355.8,2333.2,2338.6,8198,46777
09/08/1992,2351.9,2361.7,2295.8,2298.8,14576,48918
09/09/1992,2287.0,2307.6,2284.0,2296.8,16536,48744
09/10/1992,2302.7,2318.5,2294.9,2313.5,10990,49585
09/11/1992,2327.3,2347.0,2310.6,2343.0,14616,49653
09/14/1992,2433.5,2433.5,2359.8,2387.3,23589,50951
09/15/1992,2380.0,2380.0,2323.1,2325.0,25110,51955
09/16/1992,2283.5,2365.6,2254.5,2362.7,39128,53204
09/17/1992,2375.2,2471.8,2368.5,2451.5,44950,49933
09/18/1992,2456.3,2552.9,2456.3,2519.1,35197,59747
09/21/1992,2529.7,2580.9,2500.7,2517.1,16521,44563
09/22/1992,2510.4,2562.5,2504.6,2544.2,11996,44871
09/23/1992,2549.0,2564.5,2520.0,2544.2,8263,44330
09/24/1992,2563.5,2585.7,2537.4,2585.7,9251,43402
09/25/1992,2606.9,2606.9,2553.8,2566.4,11263,45456
09/28/1992,2549.0,2550.9,2524.9,2530.7,8966,45406
09/29/1992,2519.1,2536.5,2483.4,2535.5,13146,47191
09/30/1992,2514.3,2529.7,2496.9,2526.8,9152,47596
10/01/1992,2529.7,2552.9,2505.6,2529.7,9565,47639
10/02/1992,2520.0,2545.1,2486.3,2486.3,9864,48203
10/05/1992,2462.1,2462.1,2365.6,2375.2,20440,45469
10/06/1992,2409.0,2436.0,2401.3,2424.5,9688,44598
10/07/1992,2449.6,2482.4,2438.0,2468.9,9156,43910
10/08/1992,2473.7,2500.7,2460.2,2489.1,11484,44762
10/09/1992,2503.6,2513.3,2475.6,2486.3,11970,44052
10/12/1992,2479.5,2520.0,2472.7,2513.3,7351,43908
10/13/1992,2524.9,2556.7,2498.8,2550.9,12256,45060
10/14/1992,2539.4,2547.1,2515.2,2530.7,8675,45508
10/15/1992,2494.0,2513.3,2481.4,2500.7,8889,45210
10/16/1992,2500.7,2563.5,2486.3,2517.1,13403,45375
10/19/1992,2504.6,2518.1,2478.5,2505.6,8718,44775
10/20/1992,2522.0,2578.0,2522.0,2564.5,10631,45485
10/21/1992,2592.5,2611.8,2581.8,2595.4,12054,46199
10/22/1992,2598.3,2634.9,2591.5,2603.1,10331,46145
10/23/1992,2586.7,2630.1,2584.7,2625.3,9185,47359
10/26/1992,2626.3,2630.1,2593.4,2606.0,6305,47031
10/27/1992,2600.2,2627.2,2583.8,2616.6,9291,46520
10/28/1992,2614.7,2616.6,2587.6,2590.5,6690,46919
10/29/1992,2603.1,2607.9,2566.4,2580.9,8851,46793
10/30/1992,2589.6,2605.0,2583.8,2595.4,6633,45635
11/02/1992,2583.8,2623.4,2574.1,2620.5,7941,44119
11/03/1992,2640.7,2649.4,2625.3,2646.5,8296,44578
11/04/1992,2639.8,2645.6,2621.4,2633.0,6482,44903
11/05/1992,2626.3,2650.4,2619.5,2641.7,8559,44598
11/06/1992,2640.7,2643.6,2627.2,2630.1,6373,44230
11/09/1992,2634.0,2639.8,2623.4,2630.1,3932,44464
11/10/1992,2627.2,2654.3,2619.5,2647.5,5789,44913
11/11/1992,2650.4,2650.4,2621.4,2623.4,6720,45214
11/12/1992,2632.0,2669.7,2632.0,2650.4,11433,46572
11/13/1992,2641.7,2642.7,2610.8,2616.6,11550,45191
11/16/1992,2595.4,2614.7,2587.6,2591.5,10038,43607
11/17/1992,2589.6,2606.9,2583.8,2592.0,6713,42911
11/18/1992,2592.5,2638.8,2579.9,2635.4,9137,42733
11/19/1992,2633.0,2640.7,2620.5,2623.4,7420,42166
11/20/1992,2624.3,2662.0,2616.6,2656.2,8655,42223
11/23/1992,2652.3,2671.6,2630.1,2634.0,7187,42569
11/24/1992,2632.0,2662.0,2620.5,2655.2,10041,42882
11/25/1992,2656.2,2657.2,2622.4,2623.4,6982,43271
11/26/1992,2631.1,2666.8,2631.1,2662.9,5963,43214
11/27/1992,2665.8,2696.7,2649.4,2689.0,7874,43914
11/30/1992,2680.3,2706.4,2675.5,2696.7,8996,43911
12/01/1992,2690.0,2718.0,2684.2,2713.2,12215,44509
12/02/1992,2694.8,2705.4,2677.4,2681.3,6307,44709
12/03/1992,2687.6,2708.3,2685.2,2690.9,10835,46080
12/04/1992,2690.9,2697.7,2670.7,2672.6,7300,46219
12/07/1992,2685.2,2695.8,2661.0,2664.9,10439,45787
12/08/1992,2669.7,2695.8,2658.1,2689.0,18061,46253
12/09/1992,2687.1,2693.8,2661.0,2671.6,9084,44959
12/10/1992,2665.8,2672.6,2637.8,2638.3,18693,46306
12/11/1992,2637.8,2644.6,2623.4,2634.9,17378,46061
12/14/1992,2632.0,2644.6,2621.4,2636.4,13132,44945
12/15/1992,2622.0,2635.9,2622.0,2624.9,12587,44774
12/16/1992,2622.0,2648.8,2621.1,2645.5,14389,44519
12/17/1992,2638.3,2671.8,2638.3,2660.8,18487,44525
12/18/1992,2666.1,2703.4,2665.1,2691.9,13310,48151
12/21/1992,2691.9,2726.3,2688.1,2725.4,7133,39416
12/22/1992,2722.5,2766.5,2718.7,2763.7,8953,41516
12/23/1992,2755.1,2758.9,2735.9,2748.4,4932,42049
12/24/1992,2759.8,2759.8,2736.9,2742.6,1156,42338
12/29/1992,2744.5,2767.5,2738.8,2765.6,2770,43042
12/30/1992,2758.9,2760.8,2735.9,2741.7,3995,44450
12/31/1992,2756.0,2757.9,2736.9,2740.7,1728,43988
01/04/1993,2735.9,2764.6,2727.3,2757.0,8459,45031
01/05/1993,2759.8,2773.2,2727.3,2733.0,11630,45695
01/06/1993,2729.2,2745.5,2719.6,2724.4,7269,46277
01/07/1993,2723.5,2735.9,2703.4,2715.3,12169,46350
01/08/1993,2705.3,2717.7,2695.7,2702.4,7478,46156
01/11/1993,2700.5,2704.3,2658.4,2670.8,14442,46277
01/12/1993,2678.5,2682.3,2650.7,2655.5,8817,46398
01/13/1993,2658.4,2669.9,2636.4,2640.2,11157,45398
01/14/1993,2656.5,2677.5,2656.5,2665.6,10762,47204
01/15/1993,2671.8,2676.6,2647.9,2665.1,10140,47707
01/18/1993,2669.9,2673.7,2646.9,2656.5,5962,47053
01/19/1993,2648.8,2655.5,2624.9,2625.9,10015,46572
01/20/1993,2630.6,2640.2,2617.3,2639.3,11610,45400
01/21/1993,2645.0,2668.9,2634.5,2665.1,10264,45593
01/22/1993,2665.1,2691.9,2660.3,2683.3,10527,46017
01/25/1993,2674.7,2680.4,2652.7,2662.2,8762,45098
01/26/1993,2673.7,2739.7,2663.2,2738.8,23485,51333
01/27/1993,2738.8,2756.0,2724.4,2734.0,13786,53244
01/28/1993,2717.7,2735.0,2707.2,2713.9,6752,53085
01/29/1993,2712.0,2715.8,2690.9,2701.5,8987,53775
02/01/1993,2720.6,2745.5,2720.6,2744.5,11690,55615
02/02/1993,2745.5,2749.3,2708.2,2715.8,16579,57115
02/03/1993,2715.8,2760.8,2713.9,2759.8,12265,56890
02/04/1993,2785.7,2792.4,2742.6,2751.2,15790,57160
02/05/1993,2751.2,2772.3,2733.0,2750.3,11404,57478
02/08/1993,2750.3,2770.4,2742.6,2751.2,7129,57302
02/09/1993,2746.4,2746.4,2696.7,2706.2,15309,57161
02/10/1993,2706.2,2714.9,2687.1,2695.7,11092,55713
02/11/1993,2713.9,2720.6,2698.6,2707.2,10278,54436
02/12/1993,2699.5,2742.6,2689.0,2724.4,14009,55137
02/15/1993,2717.7,2736.9,2710.1,2723.5,5183,55397
02/16/1993,2731.1,2731.1,2677.5,2683.3,15125,55792
02/17/1993,2672.8,2705.3,2668.0,2690.0,13385,56358
02/18/1993,2702.4,2731.1,2701.5,2716.8,11075,56384
02/19/1993,2712.9,2724.4,2705.3,2720.6,10406,55402
02/22/1993,2719.6,2723.5,2707.2,2720.6,4973,55404
02/23/1993,2730.2,2735.9,2689.0,2696.7,16191,54849
02/24/1993,2692.9,2702.4,2683.3,2691.4,8983,55271
02/25/1993,2707.2,2714.9,2688.1,2709.1,8830,54809
02/26/1993,2712.9,2757.0,2710.1,2756.0,18030,54898
03/01/1993,2755.1,2773.2,2749.3,2766.5,8606,54416
03/02/1993,2760.8,2765.6,2749.3,2764.6,6768,54348
03/03/1993,2787.6,2807.7,2780.9,2803.9,19338,55338
03/04/1993,2797.2,2803.9,2779.0,2784.7,12852,54117
03/05/1993,2800.0,2811.5,2782.8,2804.8,11543,53203
03/08/1993,2806.7,2846.0,2801.9,2846.0,13393,53625
03/09/1993,2856.5,2856.5,2823.0,2830.7,14417,52992
03/10/1993,2824.9,2845.0,2824.9,2834.5,10705,51671
03/11/1993,2829.7,2839.3,2815.3,2824.0,10418,50443
03/12/1993,2815.3,2818.2,2777.1,2794.3,15799,50621
03/15/1993,2795.2,2809.5,2790.5,2796.7,15627,50697
03/16/1993,2802.4,2808.6,2773.4,2783.8,17265,50989
03/17/1993,2764.8,2772.4,2749.6,2759.1,28827,52296
03/18/1993,2761.0,2785.7,2750.5,2755.8,21913,51778
03/19/1993,2755.3,2787.6,2745.8,2774.3,18367,57820
03/22/1993,2763.8,2763.8,2715.3,2725.8,14582,41801
03/23/1993,2729.6,2739.1,2715.3,2734.3,11262,40030
03/24/1993,2731.5,2739.1,2716.3,2733.4,8739,39941
03/25/1993,2727.7,2735.3,2702.0,2725.8,11686,40343
03/26/1993,2751.5,2752.4,2721.0,2725.8,11040,41864
03/29/1993,2709.6,2727.7,2709.6,2726.7,5809,41936
03/30/1993,2735.3,2743.9,2723.9,2741.0,9084,40634
03/31/1993,2743.9,2771.5,2741.0,2759.1,10423,42428
04/01/1993,2757.2,2767.6,2747.7,2754.3,11070,42610
04/02/1993,2745.8,2774.3,2735.3,2742.0,9474,42932
04/05/1993,2730.5,2732.9,2705.8,2712.5,9036,42577
04/06/1993,2714.4,2728.6,2698.2,2703.9,8887,42622
04/07/1993,2705.8,2715.3,2672.0,2687.7,11216,42971
04/08/1993,2695.3,2703.9,2686.8,2697.2,7102,42080
04/13/1993,2707.7,2730.5,2707.7,2725.8,7287,41707
04/14/1993,2731.5,2734.3,2713.4,2715.3,6902,42260
04/15/1993,2718.2,2737.2,2713.4,2717.2,8826,42499
04/16/1993,2714.4,2721.0,2682.0,2696.3,8715,43193
04/19/1993,2701.0,2719.1,2699.1,2703.9,7999,42664
04/20/1993,2705.8,2732.4,2705.8,2731.5,11198,42097
04/21/1993,2735.3,2750.5,2733.4,2745.8,10295,42447
04/22/1993,2752.4,2759.1,2737.2,2752.4,11443,42773
04/23/1993,2743.9,2743.9,2706.8,2709.6,15727,43052
04/26/1993,2710.6,2710.6,2683.0,2683.9,10421,44341
04/27/1993,2681.1,2696.3,2681.1,2694.4,12008,45958
04/28/1993,2707.7,2711.5,2641.1,2656.3,23593,48818
04/29/1993,2647.8,2659.2,2632.5,2652.5,14949,47715
04/30/1993,2656.3,2683.0,2656.3,2681.1,8563,45969
05/04/1993,2685.8,2696.3,2679.2,2682.0,13049,47603
05/05/1993,2678.2,2678.2,2648.7,2660.1,10137,48353
05/06/1993,2663.9,2675.4,2644.9,2647.8,9034,49173
05/07/1993,2640.2,2665.8,2633.5,2663.0,9505,49165
05/10/1993,2664.9,2704.9,2661.1,2701.0,12731,50444
05/11/1993,2704.9,2708.7,2685.8,2703.0,11510,49429
05/12/1993,2712.5,2740.1,2712.5,2736.3,13912,48525
05/13/1993,2738.2,2741.0,2718.2,2719.1,10436,49872
05/14/1993,2709.6,2725.8,2703.0,2719.1,9393,49840
05/17/1993,2713.4,2730.5,2707.7,2729.6,6002,50393
05/18/1993,2727.7,2739.1,2709.6,2718.2,9308,50793
05/19/1993,2719.1,2722.9,2681.1,2683.9,16464,51221
05/20/1993,2700.1,2708.7,2678.2,2683.9,11424,51873
05/21/1993,2692.5,2694.4,2666.8,2676.3,11732,51287
05/24/1993,2670.6,2701.0,2665.8,2696.3,7521,50345
05/25/1993,2703.0,2707.7,2691.5,2705.8,10170,49673
05/26/1993,2701.0,2718.2,2698.2,2713.4,9182,49973
05/27/1993,2718.2,2729.6,2711.5,2721.0,11880,49931
05/28/1993,2722.9,2722.9,2698.2,2706.8,7808,48753
06/01/1993,2703.0,2722.9,2697.2,2722.0,9001,48935
06/02/1993,2727.7,2739.1,2723.9,2732.4,8587,48240
06/03/1993,2723.9,2730.5,2714.4,2716.3,6763,48526
06/04/1993,2716.3,2723.9,2687.7,2692.5,16780,51848
06/07/1993,2697.2,2718.2,2693.4,2711.5,12178,49875
06/08/1993,2710.6,2722.0,2703.9,2712.5,7790,50282
06/09/1993,2703.9,2735.3,2703.9,2730.5,12971,51162
06/10/1993,2732.4,2732.4,2713.4,2722.9,10995,51613
06/11/1993,2715.3,2733.4,2713.4,2726.7,11346,51514
06/14/1993,2729.6,2762.9,2728.6,2755.3,18890,52595
06/15/1993,2755.8,2755.8,2730.2,2735.9,14693,51900
06/16/1993,2734.0,2756.7,2731.7,2746.3,22683,51478
06/17/1993,2749.1,2753.9,2734.0,2737.3,16618,49202
06/18/1993,2742.5,2756.7,2740.6,2747.2,12785,52851
06/21/1993,2735.9,2770.9,2735.9,2768.0,11284,44072
06/22/1993,2778.4,2778.4,2760.5,2761.4,9312,43528
06/23/1993,2760.5,2774.6,2752.9,2754.8,6733,43230
06/24/1993,2744.4,2759.5,2742.5,2752.4,8148,43388
06/25/1993,2746.3,2752.0,2740.6,2747.2,5844,43339
06/28/1993,2760.5,2766.1,2753.9,2757.6,6880,43749
06/29/1993,2759.5,2764.3,2740.6,2743.9,8861,45020
06/30/1993,2747.2,2760.5,2739.7,2755.8,9002,44894
07/01/1993,2758.6,2773.7,2740.0,2743.5,10556,45449
07/02/1993,2738.7,2738.7,2700.0,2701.0,12340,43780
07/05/1993,2697.2,2701.9,2678.3,2681.1,9648,43728
07/06/1993,2688.7,2700.0,2688.7,2693.4,4750,42859
07/07/1993,2680.2,2698.1,2671.7,2693.9,9969,42971
07/08/1993,2701.0,2708.5,2684.9,2691.5,9732,43381
07/09/1993,2702.8,2713.2,2681.1,2682.1,10731,42753
07/12/1993,2686.8,2692.5,2668.8,2684.0,8830,43135
07/13/1993,2684.9,2694.3,2678.3,2687.7,8490,43328
07/14/1993,2679.2,2692.5,2673.6,2683.0,8715,43559
07/15/1993,2687.7,2691.5,2680.2,2683.0,8065,42436
07/16/1993,2684.0,2690.6,2670.7,2689.6,8671,43174
07/19/1993,2684.9,2704.7,2681.1,2696.2,8075,44902
07/20/1993,2699.1,2704.7,2664.1,2667.9,15119,48075
07/21/1993,2676.4,2676.4,2647.1,2662.2,13085,48530
07/22/1993,2669.8,2673.6,2655.1,2671.7,10553,49585
07/23/1993,2653.7,2688.7,2653.7,2677.3,10281,50223
07/26/1993,2682.1,2701.9,2682.1,2700.0,7856,49369
07/27/1993,2708.5,2736.9,2707.6,2734.0,14213,49336
07/28/1993,2733.1,2749.1,2728.4,2734.0,13423,48558
07/29/1993,2735.9,2767.1,2726.5,2764.3,11083,49945
07/30/1993,2758.6,2799.2,2758.6,2781.3,14627,52737
08/02/1993,2777.5,2808.7,2772.8,2789.3,13584,53129
08/03/1993,2790.7,2801.1,2775.6,2796.4,10291,53063
08/04/1993,2791.7,2791.7,2772.8,2788.8,8050,53204
08/05/1993,2774.6,2793.5,2768.0,2791.7,9329,54056
08/06/1993,2796.4,2824.7,2795.4,2820.5,9684,53998
08/09/1993,2823.8,2834.2,2815.3,2833.2,6605,54055
08/10/1993,2836.1,2839.8,2816.2,2818.1,6860,54838
08/11/1993,2819.0,2855.9,2811.5,2852.1,11349,56147
08/12/1993,2849.3,2868.2,2841.7,2853.1,15206,55617
08/13/1993,2842.7,2856.8,2830.4,2854.0,9352,55203
08/16/1993,2850.2,2863.9,2844.6,2846.4,9473,55878
08/17/1993,2852.1,2870.1,2839.8,2863.5,8675,55536
08/18/1993,2872.0,2919.2,2872.0,2914.9,17720,56929
08/19/1993,2916.4,2930.5,2895.6,2903.1,13168,56255
08/20/1993,2897.5,2919.2,2892.7,2900.3,8933,56056
08/23/1993,2891.8,2902.2,2876.7,2884.2,6724,55392
08/24/1993,2888.0,2899.3,2885.2,2887.1,7032,56543
08/25/1993,2905.0,2925.8,2900.3,2917.3,11248,56339
08/26/1993,2921.1,2928.6,2892.7,2926.7,15109,55876
08/27/1993,2931.5,2950.4,2931.5,2936.2,10059,56125
08/31/1993,2942.8,2957.0,2931.5,2935.2,12290,56622
09/01/1993,2929.6,2934.3,2907.9,2923.9,12138,56737
09/02/1993,2923.0,2930.5,2910.7,2915.4,10700,57059
09/03/1993,2909.7,2916.4,2896.5,2898.4,9047,56787
09/06/1993,2892.7,2900.3,2881.4,2893.7,9166,56483
09/07/1993,2898.4,2900.3,2867.2,2874.3,15721,55969
09/08/1993,2860.6,2880.5,2856.8,2871.0,15681,57275
09/09/1993,2870.1,2888.0,2858.7,2871.0,21439,57411
09/10/1993,2867.2,2880.5,2865.3,2872.4,11895,56523
09/13/1993,2877.6,2883.3,2848.3,2852.1,19030,57018
09/14/1993,2852.1,2876.7,2849.3,2865.3,34844,60235
09/15/1993,2866.7,2868.6,2810.5,2821.7,36557,58215
09/16/1993,2825.5,2836.7,2821.7,2835.8,16717,58585
09/17/1993,2833.0,2859.2,2824.6,2826.9,19760,62100
09/20/1993,2829.2,2844.2,2818.0,2838.6,7435,50042
09/21/1993,2826.4,2836.7,2820.8,2833.9,8953,49848
09/22/1993,2824.6,2840.5,2801.1,2836.7,15751,51261
09/23/1993,2850.8,2850.8,2826.4,2835.8,11120,52240
09/24/1993,2841.4,2847.1,2830.2,2843.3,7595,53363
09/27/1993,2845.2,2874.2,2844.2,2865.8,10908,54006
09/28/1993,2864.9,2886.4,2861.1,2882.2,9546,54931
09/29/1993,2873.3,2881.7,2857.4,2870.5,9107,55027
09/30/1993,2880.8,2881.7,2860.2,2861.1,8307,54156
10/01/1993,2856.4,2879.9,2854.6,2877.1,7824,53560
10/04/1993,2869.6,2914.6,2868.6,2912.7,11898,55835
10/05/1993,2919.2,2931.4,2916.4,2923.0,9116,57245
10/06/1993,2934.2,2951.1,2926.7,2936.1,11200,58567
10/07/1993,2936.1,2944.6,2918.3,2926.7,5793,58206
10/08/1993,2917.4,2947.4,2914.6,2946.4,7820,59346
10/11/1993,2938.9,2948.3,2924.9,2932.4,6279,58629
10/12/1993,2936.1,2945.5,2917.4,2923.9,12046,59571
10/13/1993,2920.2,2928.6,2894.9,2908.0,14673,58557
10/14/1993,2916.4,2918.3,2893.9,2915.5,9030,59339
10/15/1993,2934.2,2965.2,2926.7,2953.0,14273,61716
10/18/1993,2952.1,2968.9,2949.2,2958.6,8611,62569
10/19/1993,2953.9,2961.4,2941.7,2951.1,9514,63260
10/20/1993,2953.0,2984.9,2949.2,2978.8,9484,65315
10/21/1993,2975.5,3018.6,2966.1,3017.7,18624,69891
10/22/1993,3016.7,3034.6,3009.2,3026.1,8893,69033
10/25/1993,3022.4,3022.4,2996.1,3006.0,11089,69303
10/26/1993,3005.5,3016.7,2981.1,2983.0,11120,67834
10/27/1993,2983.9,2998.0,2968.9,2973.6,10140,68005
10/28/1993,2977.4,2996.1,2962.4,2983.9,13637,68813
10/29/1993,2990.5,2997.1,2983.0,2985.8,10438,70289
11/01/1993,2980.2,2980.2,2953.9,2972.7,9849,70330
11/02/1993,2986.7,2992.4,2964.2,2972.7,12321,69975
11/03/1993,2968.9,2981.1,2963.3,2977.4,10625,69834
11/04/1993,2954.9,2968.9,2946.4,2957.7,14489,69338
11/05/1993,2935.2,2937.1,2880.8,2891.6,27787,67116
11/08/1993,2898.6,2910.8,2874.2,2885.5,13749,66510
11/09/1993,2900.5,2910.8,2879.9,2903.3,14157,66429
11/10/1993,2888.3,2934.2,2888.3,2908.0,15172,66760
11/11/1993,2919.2,2926.7,2907.1,2908.0,7296,66630
11/12/1993,2893.9,2922.1,2882.7,2918.3,19668,66171
11/15/1993,2916.4,2927.7,2899.6,2903.3,13663,65890
11/16/1993,2897.7,2925.8,2897.7,2911.7,13468,67335
11/17/1993,2921.1,2945.5,2911.7,2932.8,16012,67909
11/18/1993,2938.9,2955.8,2927.7,2937.5,14729,69223
11/19/1993,2930.5,2935.2,2907.1,2916.4,12108,68918
11/22/1993,2909.9,2909.9,2872.4,2875.2,16248,67906
11/23/1993,2869.6,2909.9,2855.5,2875.2,26856,69218
11/24/1993,2879.9,2893.0,2870.5,2878.0,8463,69013
11/25/1993,2878.0,2914.6,2875.2,2913.6,15696,69578
11/26/1993,2914.6,2946.4,2911.7,2929.6,13138,69786
11/29/1993,2934.2,2962.4,2934.2,2959.6,15010,69297
11/30/1993,2960.5,2998.9,2953.0,2985.8,21608,70132
12/01/1993,3013.0,3069.2,2999.9,3055.2,38360,73640
12/02/1993,3058.0,3072.0,3037.4,3040.2,28295,76694
12/03/1993,3040.2,3051.4,3030.8,3043.9,14991,76316
12/06/1993,3048.6,3055.2,3034.6,3048.1,8290,77013
12/07/1993,3051.4,3053.3,3024.2,3043.5,13526,78028
12/08/1993,3036.4,3090.8,3036.4,3085.2,19522,79224
12/09/1993,3090.8,3105.8,3068.3,3075.8,22375,79462
12/10/1993,3068.3,3087.0,3060.8,3063.6,14069,80393
12/13/1993,3070.2,3073.0,3048.6,3055.2,22403,80913
12/14/1993,3066.4,3079.5,3039.2,3045.8,25934,79463
12/15/1993,3054.2,3084.9,3052.3,3081.2,30367,78454
12/16/1993,3105.4,3117.5,3084.9,3113.8,40231,80771
12/17/1993,3129.6,3148.3,3120.3,3129.6,25616,87357
12/20/1993,3138.0,3170.6,3132.4,3163.2,12506,67546
12/21/1993,3166.0,3174.3,3126.8,3132.4,8900,66091
12/22/1993,3125.0,3157.6,3125.0,3145.5,8280,66500
12/23/1993,3166.9,3189.2,3164.1,3184.6,5907,66266
12/24/1993,3182.7,3202.3,3180.9,3199.5,2327,65947
12/29/1993,3218.1,3260.0,3218.1,3243.3,10613,67798
12/30/1993,3260.0,3260.0,3201.4,3210.7,13406,67412
12/31/1993,3206.0,3233.0,3189.2,3191.1,6654,68183
01/04/1994,3197.6,3198.6,3153.8,3185.5,15028,67009
01/05/1994,3196.7,3206.0,3149.2,3154.8,15936,66413
01/06/1994,3140.8,3199.5,3140.8,3189.2,17625,69024
01/07/1994,3192.0,3239.5,3179.0,3227.4,19280,72479
01/10/1994,3243.3,3243.3,3206.9,3225.6,12668,72259
01/11/1994,3218.1,3222.8,3190.2,3191.6,17229,73953
01/12/1994,3186.4,3191.1,3147.3,3152.0,21235,73282
01/13/1994,3161.8,3163.2,3128.7,3137.1,20028,71328
01/14/1994,3148.3,3196.7,3144.5,3181.8,19986,74304
01/17/1994,3190.2,3203.2,3170.6,3178.5,12292,72901
01/18/1994,3187.4,3221.8,3179.0,3220.9,15305,73133
01/19/1994,3234.9,3265.6,3227.4,3261.0,22876,75384
01/20/1994,3246.1,3259.1,3233.0,3245.1,13854,76659
01/21/1994,3247.0,3275.9,3228.4,3253.5,22868,77871
01/24/1994,3253.5,3253.5,3225.6,3249.8,19741,75007
01/25/1994,3254.4,3262.8,3215.3,3215.3,13133,75422
01/26/1994,3206.0,3222.8,3194.8,3205.1,16246,75087
01/27/1994,3212.5,3219.0,3190.2,3192.0,13190,74696
01/28/1994,3189.2,3235.8,3179.0,3230.2,16697,74085
01/31/1994,3238.6,3258.2,3236.7,3248.9,11907,73750
02/01/1994,3271.2,3282.4,3232.1,3242.3,17711,74554
02/02/1994,3240.5,3295.4,3228.4,3288.0,23206,73151
02/03/1994,3300.1,3300.1,3244.2,3254.4,20858,72046
02/04/1994,3258.2,3265.6,3223.7,3236.7,20055,73414
02/07/1994,3164.1,3185.5,3142.7,3179.0,38857,73746
02/08/1994,3197.6,3241.4,3186.4,3204.1,24640,75292
02/09/1994,3185.5,3202.3,3159.4,3194.8,22686,74167
02/10/1994,3210.7,3211.6,3161.3,3166.4,20217,74478
02/11/1994,3152.0,3158.5,3109.1,3139.9,30680,75636
02/14/1994,3137.1,3147.3,3103.5,3124.0,13695,76551
02/15/1994,3125.0,3158.5,3125.0,3157.6,14605,75102
02/16/1994,3159.4,3193.9,3152.9,3179.9,19336,72832
02/17/1994,3183.7,3212.5,3162.2,3189.7,23183,71831
02/18/1994,3165.0,3179.9,3135.2,3137.1,20237,72673
02/21/1994,3127.8,3137.1,3092.4,3103.5,20124,75220
02/22/1994,3125.0,3125.0,3075.6,3095.2,20420,75258
02/23/1994,3112.9,3128.7,3100.8,3109.1,20303,71691
02/24/1994,3079.3,3092.4,3018.8,3023.4,31771,74969
02/25/1994,3013.2,3057.9,3003.9,3043.9,19856,75498
02/28/1994,3057.0,3097.0,3057.0,3091.4,14236,74056
03/01/1994,3092.4,3094.2,3026.2,3028.1,23479,74121
03/02/1994,3001.1,3011.3,2946.1,3005.7,37013,78645
03/03/1994,3030.0,3036.5,2981.5,3011.3,18326,79542
03/04/1994,3017.9,3050.5,3003.9,3047.7,16252,76664
03/07/1994,3055.1,3087.7,3050.5,3069.1,25841,74749
03/08/1994,3065.4,3072.8,3025.3,3026.2,18934,74753
03/09/1994,3032.8,3038.3,3010.4,3015.1,18926,74140
03/10/1994,3028.1,3038.3,2995.5,2997.4,29008,72259
03/11/1994,2982.5,3002.0,2948.0,2953.6,29454,70649
03/14/1994,2991.8,3016.0,2983.4,3011.3,26268,68664
03/15/1994,3004.4,3051.7,3004.4,3048.0,27122,67556
03/16/1994,3041.5,3044.3,3009.9,3015.1,34389,68300
03/17/1994,3022.9,3038.7,3014.6,3021.1,29447,67944
03/18/1994,3004.4,3013.2,2958.0,2984.9,31607,73555
03/21/1994,2977.5,2986.7,2963.5,2969.1,12523,56206
03/22/1994,2978.4,2997.9,2955.2,2981.2,13807,56508
03/23/1994,2999.7,3013.7,2923.6,2924.5,24029,57798
03/24/1994,2929.2,2937.5,2883.7,2901.3,22206,57943
03/25/1994,2898.5,2921.7,2860.5,2913.4,23673,58913
03/28/1994,2900.4,2938.5,2894.8,2907.8,12445,59639
03/29/1994,2920.8,2930.1,2889.2,2894.8,14098,58638
03/30/1994,2857.7,2903.2,2836.3,2840.0,21125,58050
03/31/1994,2864.2,2876.3,2831.7,2847.5,15498,57559
04/05/1994,2835.4,2904.1,2817.8,2903.2,16943,55943
04/06/1994,2919.0,2930.1,2900.4,2908.7,15283,55289
04/07/1994,2908.7,2928.2,2883.7,2912.5,14388,55131
04/08/1994,2919.9,2919.9,2884.6,2897.6,7880,55046
04/11/1994,2905.0,2937.5,2905.0,2932.0,10577,55176
04/12/1994,2947.7,2957.0,2937.5,2943.1,12048,54947
04/13/1994,2940.3,2950.5,2914.3,2916.2,12720,55335
04/14/1994,2907.8,2922.7,2881.8,2908.7,14726,54168
04/15/1994,2921.7,2960.7,2906.0,2958.9,15887,55156
04/18/1994,2964.5,2974.7,2910.6,2913.4,17046,54158
04/19/1994,2920.8,2931.0,2881.8,2904.1,14610,53830
04/20/1994,2913.4,2930.1,2870.7,2873.5,16688,55784
04/21/1994,2889.2,2892.0,2862.3,2892.0,14582,54167
04/22/1994,2906.9,2928.2,2901.3,2915.2,11350,53038
04/25/1994,2913.4,2913.4,2879.0,2880.0,11683,53573
04/26/1994,2902.2,2920.8,2891.1,2909.7,11273,52892
04/27/1994,2919.9,2931.0,2912.5,2927.3,7585,53114
04/28/1994,2944.0,2949.6,2895.7,2896.7,13309,53843
04/29/1994,2885.5,2929.2,2874.4,2914.3,11033,53194
05/03/1994,2905.0,2915.2,2864.2,2869.8,12982,54119
05/04/1994,2866.0,2869.8,2834.5,2838.2,14476,54589
05/05/1994,2833.1,2889.2,2827.0,2882.8,12315,54160
05/06/1994,2879.0,2897.6,2859.5,2880.9,18026,53108
05/09/1994,2873.5,2880.9,2854.0,2879.0,12394,54562
05/10/1994,2893.0,2929.2,2880.9,2919.0,17365,53732
05/11/1994,2921.7,2928.2,2897.6,2908.7,13879,53825
05/12/1994,2897.6,2930.1,2887.4,2925.5,13361,55131
05/13/1994,2919.0,2928.2,2887.4,2894.8,16023,55792
05/16/1994,2901.3,2916.2,2881.8,2883.7,14573,55543
05/17/1994,2887.4,2906.0,2880.9,2900.4,8365,54752
05/18/1994,2922.7,2933.8,2883.7,2887.4,18821,54949
05/19/1994,2896.7,2914.3,2892.0,2901.3,10551,55065
05/20/1994,2909.7,2915.2,2893.0,2897.6,10627,55426
05/23/1994,2906.0,2906.0,2867.0,2868.8,7457,54934
05/24/1994,2870.7,2880.0,2855.8,2856.8,12646,54894
05/25/1994,2855.8,2869.8,2783.4,2784.3,26629,57909
05/26/1994,2808.5,2808.5,2776.0,2791.8,17118,57811
05/27/1994,2798.3,2807.5,2722.1,2729.6,20896,60378
05/31/1994,2730.5,2750.9,2693.4,2747.2,23285,60151
06/01/1994,2757.4,2761.1,2691.5,2699.9,19121,60950
06/02/1994,2720.3,2759.3,2713.8,2755.6,19553,60589
06/03/1994,2751.8,2783.4,2732.3,2778.8,24889,60912
06/06/1994,2778.8,2803.8,2776.0,2782.5,21071,61981
06/07/1994,2776.0,2798.3,2769.5,2781.6,15392,61296
06/08/1994,2787.1,2829.8,2777.8,2815.9,25413,61048
06/09/1994,2814.0,2821.5,2801.0,2805.7,16326,61302
06/10/1994,2807.5,2834.5,2803.8,2827.0,18694,62781
06/13/1994,2827.0,2827.0,2777.4,2795.5,23021,63564
06/14/1994,2782.5,2826.1,2777.8,2821.5,30197,60950
06/15/1994,2816.4,2831.2,2809.0,2823.8,24883,61055
06/16/1994,2800.7,2815.5,2796.0,2806.2,33627,61837
06/17/1994,2814.5,2827.5,2772.9,2785.9,22665,69388
06/20/1994,2760.0,2763.7,2709.1,2748.9,20761,50891
06/21/1994,2745.2,2757.2,2707.3,2716.5,14340,51221
06/22/1994,2723.9,2747.0,2719.3,2744.3,14301,51861
06/23/1994,2760.0,2764.6,2705.4,2713.8,15568,52127
06/24/1994,2688.8,2695.3,2644.4,2648.1,18822,53047
06/27/1994,2642.6,2697.1,2637.0,2691.6,16681,53717
06/28/1994,2703.6,2717.5,2686.9,2691.6,15087,53754
06/29/1994,2689.7,2743.3,2689.7,2735.9,15002,51807
06/30/1994,2738.7,2748.0,2688.8,2699.0,15211,51961
07/01/1994,2690.6,2739.6,2681.4,2726.7,12332,52051
07/04/1994,2728.6,2762.8,2728.6,2761.8,7695,51233
07/05/1994,2755.4,2761.8,2713.8,2735.9,14101,51919
07/06/1994,2733.2,2746.1,2714.7,2724.9,10812,51064
07/07/1994,2726.7,2757.2,2712.8,2746.1,11746,50846
07/08/1994,2737.8,2751.7,2715.6,2735.9,12720,49489
07/11/1994,2737.8,2785.0,2737.8,2771.1,15922,51277
07/12/1994,2780.3,2783.1,2723.0,2746.1,20080,51227
07/13/1994,2759.1,2801.6,2759.1,2787.7,15737,51254
07/14/1994,2780.3,2838.6,2780.3,2838.6,15405,51997
07/15/1994,2833.0,2866.3,2831.2,2858.0,19519,51208
07/18/1994,2852.4,2870.9,2834.0,2864.5,10737,50821
07/19/1994,2869.1,2881.1,2843.2,2864.5,11180,51094
07/20/1994,2866.3,2883.9,2844.1,2844.1,14327,50992
07/21/1994,2842.3,2884.8,2834.9,2879.3,13454,52984
07/22/1994,2888.5,2904.2,2871.9,2891.3,12242,51957
07/25/1994,2877.4,2893.1,2870.9,2891.3,7579,52315
07/26/1994,2885.7,2917.2,2885.7,2897.8,10155,53474
07/27/1994,2883.0,2901.5,2851.5,2854.3,17373,56548
07/28/1994,2851.5,2883.9,2842.3,2869.1,11568,57360
07/29/1994,2877.4,2888.5,2833.0,2861.7,21008,58154
08/01/1994,2856.1,2883.9,2856.1,2873.7,7402,58586
08/02/1994,2889.4,2946.8,2882.0,2943.1,19281,60600
08/03/1994,2938.4,2944.0,2925.5,2935.7,8206,59393
08/04/1994,2947.7,2947.7,2919.0,2919.9,9527,59631
08/05/1994,2909.8,2951.4,2909.8,2943.1,13327,60658
08/08/1994,2935.7,2947.7,2933.8,2944.9,5987,60213
08/09/1994,2954.2,2956.9,2919.0,2934.7,11368,60598
08/10/1994,2937.5,2940.3,2917.2,2934.7,9494,60406
08/11/1994,2942.1,2947.7,2895.0,2908.9,19633,61281
08/12/1994,2899.6,2926.4,2877.4,2920.9,17535,61598
08/15/1994,2919.0,2934.7,2907.0,2914.4,5797,59708
08/16/1994,2914.4,2930.1,2914.4,2915.3,6766,60486
08/17/1994,2932.9,2977.3,2932.9,2965.3,19102,63430
08/18/1994,2963.4,2975.4,2948.6,2957.9,13428,62051
08/19/1994,2943.1,2971.7,2943.1,2966.2,10978,62224
08/22/1994,2970.8,2971.7,2928.3,2943.1,11621,61529
08/23/1994,2944.0,2953.2,2932.0,2950.5,8018,61129
08/24/1994,2955.1,2981.9,2945.8,2981.0,13418,61712
08/25/1994,3004.1,3018.0,2991.1,2998.5,12525,61423
08/26/1994,2984.7,3040.1,2984.7,3038.3,14821,61959
08/30/1994,3039.2,3039.2,3011.5,3017.0,9378,61081
08/31/1994,3015.2,3036.4,3008.7,3017.0,11223,63500
09/01/1994,3015.2,3018.9,2971.7,2978.2,16664,62935
09/02/1994,2988.4,3014.3,2980.0,2982.8,16333,62940
09/05/1994,2972.7,3010.6,2963.4,3002.2,18105,64956
09/06/1994,2998.5,3003.2,2955.1,2959.7,22095,63494
09/07/1994,2969.9,2983.7,2958.8,2964.3,30755,63780
09/08/1994,2964.3,2965.3,2919.0,2939.4,27955,60929
09/09/1994,2946.8,2954.2,2885.7,2890.4,28445,61409
09/12/1994,2895.9,2903.3,2867.2,2877.4,25217,62504
09/13/1994,2875.6,2884.8,2843.2,2883.0,34071,61203
09/14/1994,2884.8,2884.8,2829.3,2833.0,33083,60917
09/15/1994,2848.2,2886.0,2843.6,2880.5,28673,61286
09/16/1994,2878.7,2890.6,2818.7,2818.7,30428,69247
09/19/1994,2838.1,2858.4,2815.1,2839.9,11078,54523
09/20/1994,2832.6,2832.6,2794.8,2807.7,19148,53110
09/21/1994,2813.2,2818.7,2779.1,2781.9,15018,53924
09/22/1994,2789.2,2804.0,2771.7,2793.9,10995,52931
09/23/1994,2783.7,2817.8,2772.7,2804.9,13251,53508
09/26/1994,2789.2,2794.8,2753.3,2773.6,17425,53263
09/27/1994,2781.0,2792.9,2765.3,2781.9,10463,52161
09/28/1994,2785.6,2822.4,2781.0,2816.9,14468,53861
09/29/1994,2814.1,2818.7,2758.8,2761.6,16327,55134
09/30/1994,2764.4,2805.8,2761.6,2804.0,16417,55633
10/03/1994,2800.3,2803.1,2752.4,2758.8,16712,55009
10/04/1994,2762.5,2786.5,2762.5,2782.8,11172,55967
10/05/1994,2749.6,2759.8,2723.8,2741.3,17846,56566
10/06/1994,2752.4,2771.7,2746.8,2761.6,13092,58061
10/07/1994,2746.8,2783.7,2742.2,2781.0,15461,57692
10/10/1994,2784.6,2818.7,2784.6,2817.8,11867,57384
10/11/1994,2814.1,2862.1,2800.3,2859.3,19200,58497
10/12/1994,2858.4,2882.3,2852.9,2870.4,15006,58414
10/13/1994,2863.9,2930.3,2863.9,2920.1,18497,60649
10/14/1994,2899.9,2910.0,2869.4,2877.7,14542,60063
10/17/1994,2880.5,2915.5,2871.3,2894.3,12511,60080
10/18/1994,2891.6,2891.6,2848.2,2857.5,14297,58868
10/19/1994,2856.5,2870.4,2825.2,2829.8,13705,58079
10/20/1994,2839.9,2863.9,2829.8,2832.6,11378,57927
10/21/1994,2816.0,2821.5,2781.9,2804.0,14093,57512
10/24/1994,2811.4,2825.2,2792.9,2792.9,6311,56463
10/25/1994,2769.0,2777.3,2747.8,2773.6,20028,58275
10/26/1994,2783.7,2802.2,2757.9,2758.8,12213,57650
10/27/1994,2770.8,2808.6,2769.9,2804.0,12985,57904
10/28/1994,2816.0,2858.4,2786.5,2858.4,18776,57530
10/31/1994,2861.1,2885.1,2845.5,2865.8,12639,56875
11/01/1994,2847.3,2876.8,2843.6,2875.0,12014,57657
11/02/1994,2861.1,2874.1,2830.7,2854.7,13594,57268
11/03/1994,2848.2,2883.3,2835.3,2875.0,12467,57913
11/04/1994,2864.8,2882.3,2853.8,2871.3,12850,57669
11/07/1994,2848.2,2850.1,2820.6,2821.5,9251,58767
11/08/1994,2828.9,2833.5,2809.5,2830.7,13401,57115
11/09/1994,2851.9,2889.7,2846.4,2872.2,17137,59620
11/10/1994,2854.7,2875.9,2840.9,2863.9,14021,58636
11/11/1994,2850.1,2852.9,2830.7,2837.2,8979,58267
11/14/1994,2837.2,2857.5,2825.2,2856.5,9696,59430
11/15/1994,2875.9,2910.9,2869.4,2904.5,20959,59381
11/16/1994,2885.1,2934.9,2885.1,2904.5,19080,60097
11/17/1994,2905.4,2917.4,2880.5,2889.7,11346,59715
11/18/1994,2883.3,2902.6,2883.3,2894.3,12494,59972
11/21/1994,2894.3,2894.3,2875.9,2883.3,8350,60265
11/22/1994,2860.2,2863.0,2836.3,2838.1,14478,65100
11/23/1994,2809.5,2809.5,2769.9,2787.4,21643,60967
11/24/1994,2797.5,2816.9,2793.9,2796.6,8957,60097
11/25/1994,2790.2,2804.0,2773.6,2797.5,8579,59764
11/28/1994,2808.6,2826.1,2804.0,2816.0,10645,60124
11/29/1994,2828.0,2843.6,2823.4,2828.0,11338,61569
11/30/1994,2822.4,2853.8,2822.4,2851.9,17210,63121
12/01/1994,2842.7,2842.7,2798.5,2803.1,15310,63405
12/02/1994,2781.0,2797.5,2769.0,2769.9,18943,63905
12/05/1994,2797.5,2806.8,2774.5,2802.2,18349,65483
12/06/1994,2786.5,2788.3,2754.2,2785.6,19617,64950
12/07/1994,2769.9,2808.6,2767.1,2770.8,26088,67045
12/08/1994,2776.3,2794.8,2760.7,2780.0,31080,70618
12/09/1994,2761.6,2769.9,2723.8,2734.9,23916,70358
12/12/1994,2744.1,2757.9,2703.5,2704.4,26033,71570
12/13/1994,2714.6,2719.2,2697.1,2710.0,23556,70529
12/14/1994,2711.8,2751.5,2706.3,2745.0,31198,69714
12/15/1994,2752.3,2766.1,2740.4,2745.0,28159,74660
12/16/1994,2735.8,2789.0,2728.5,2788.1,28035,87130
12/19/1994,2792.6,2826.5,2792.6,2806.4,9932,57426
12/20/1994,2800.0,2834.8,2800.0,2827.5,8560,58025
12/21/1994,2820.1,2842.1,2814.6,2833.0,6567,58422
12/22/1994,2844.0,2867.8,2840.3,2863.2,9570,58703
12/23/1994,2858.6,2858.6,2848.5,2852.2,1918,58226
12/28/1994,2868.7,2879.7,2855.9,2856.8,5105,58567
12/29/1994,2845.8,2851.3,2817.4,2819.2,8588,58350
12/30/1994,2823.8,2838.5,2817.8,2833.0,4235,58631
01/03/1995,2812.8,2823.8,2805.5,2822.0,8718,58171
01/04/1995,2830.2,2837.5,2805.5,2806.4,10734,58663
01/05/1995,2806.4,2812.8,2779.8,2787.2,11248,58696
01/06/1995,2784.4,2838.5,2778.0,2832.0,15057,58992
01/09/1995,2820.1,2831.1,2807.3,2813.7,8606,58800
01/10/1995,2808.2,2828.4,2790.8,2827.5,12165,58854
01/11/1995,2818.3,2843.0,2803.6,2807.3,15121,60319
01/12/1995,2817.4,2824.7,2787.2,2789.9,12880,60264
01/13/1995,2786.2,2817.4,2768.8,2811.0,17770,61549
01/16/1995,2828.4,2842.1,2822.0,2840.3,11787,63112
01/17/1995,2851.3,2852.2,2806.4,2808.2,13632,63160
01/18/1995,2811.9,2827.5,2799.1,2806.4,15211,64210
01/19/1995,2809.1,2812.8,2775.2,2776.2,15194,63054
01/20/1995,2760.6,2772.5,2738.6,2745.0,17244,63434
01/23/1995,2723.9,2734.9,2697.4,2701.0,19103,64081
01/24/1995,2726.7,2729.4,2712.9,2723.0,10142,63965
01/25/1995,2722.1,2746.8,2712.9,2742.3,13778,64116
01/26/1995,2748.7,2775.2,2748.7,2769.7,13693,64342
01/27/1995,2768.8,2787.2,2762.4,2775.2,12800,64640
01/30/1995,2778.0,2778.0,2735.8,2740.4,9470,64457
01/31/1995,2736.8,2750.5,2728.5,2742.7,9298,62504
02/01/1995,2748.7,2785.3,2748.7,2768.8,11866,65803
02/02/1995,2759.7,2792.6,2759.7,2784.4,13575,65603
02/03/1995,2793.6,2820.1,2779.8,2807.3,15804,64845
02/06/1995,2819.2,2824.7,2804.6,2811.9,8312,64618
02/07/1995,2818.3,2840.3,2816.5,2819.2,14000,66088
02/08/1995,2811.9,2824.7,2807.3,2822.0,8837,66337
02/09/1995,2815.6,2856.8,2811.0,2851.3,15793,68010
02/10/1995,2848.5,2866.9,2844.0,2861.4,17427,70308
02/13/1995,2850.4,2858.6,2820.1,2823.8,15484,70577
02/14/1995,2825.6,2839.4,2813.7,2813.7,13963,70561
02/15/1995,2815.6,2826.5,2803.6,2817.4,17098,71477
02/16/1995,2831.1,2834.8,2785.3,2789.4,20845,70671
02/17/1995,2796.3,2802.7,2778.9,2789.0,12718,69104
02/20/1995,2769.7,2776.2,2754.2,2759.7,6864,67969
02/21/1995,2762.4,2779.8,2753.3,2773.4,11366,67989
02/22/1995,2756.9,2780.7,2749.6,2764.2,11611,68331
02/23/1995,2773.4,2800.0,2773.4,2796.3,13780,69408
02/24/1995,2790.8,2791.7,2772.5,2773.4,10490,68765
02/27/1995,2748.7,2776.2,2740.4,2763.3,17124,68856
02/28/1995,2765.2,2776.2,2744.1,2758.7,16616,67695
03/01/1995,2774.3,2797.2,2768.8,2786.2,14410,68140
03/02/1995,2786.2,2797.2,2777.1,2779.8,10335,67859
03/03/1995,2774.3,2789.9,2756.9,2771.6,16659,67925
03/06/1995,2763.3,2770.7,2734.0,2745.9,18418,66506
03/07/1995,2750.5,2755.1,2717.5,2723.9,18122,68149
03/08/1995,2714.8,2750.5,2707.4,2745.9,21163,68049
03/09/1995,2755.1,2765.2,2725.8,2735.8,19288,67485
03/10/1995,2744.1,2773.4,2734.0,2772.5,18832,68027
03/13/1995,2773.4,2787.2,2753.3,2756.0,21211,69362
03/14/1995,2755.1,2801.8,2755.1,2800.9,33113,70897
03/15/1995,2801.4,2817.8,2785.8,2790.4,29703,69781
03/16/1995,2791.3,2837.0,2791.3,2835.7,35903,70474
03/17/1995,2839.8,2848.0,2817.8,2827.0,24549,77504
03/20/1995,2827.0,2879.1,2827.0,2874.5,14630,61593
03/21/1995,2878.2,2898.3,2869.1,2889.2,14649,61841
03/22/1995,2880.0,2900.2,2871.8,2890.1,11021,62560
03/23/1995,2893.8,2916.6,2875.5,2884.6,16586,63974
03/24/1995,2898.3,2903.8,2870.9,2901.1,12677,65103
03/27/1995,2910.2,2928.5,2898.3,2907.5,9416,65527
03/28/1995,2908.4,2915.7,2878.2,2879.1,11145,65842
03/29/1995,2878.2,2907.5,2863.6,2902.9,14003,66186
03/30/1995,2897.4,2948.6,2876.4,2934.9,23152,69504
03/31/1995,2927.6,2927.6,2878.2,2887.4,14510,69128
04/03/1995,2894.7,2908.4,2883.7,2899.2,6763,68727
04/04/1995,2909.3,2946.8,2909.3,2937.7,13141,70990
04/05/1995,2950.5,2959.6,2930.3,2940.4,11499,70942
04/06/1995,2934.0,2968.8,2925.8,2955.1,14033,72630
04/07/1995,2954.1,2977.9,2949.6,2959.6,9387,72761
04/10/1995,2955.1,2965.1,2932.2,2955.1,9146,72260
04/11/1995,2959.6,2969.7,2932.2,2936.8,10495,72499
04/12/1995,2937.7,2962.4,2932.2,2959.6,11555,72679
04/13/1995,2964.2,2964.2,2945.9,2963.3,6952,72877
04/18/1995,2952.3,2952.3,2936.8,2944.5,5106,72729
04/19/1995,2930.3,2934.9,2905.6,2909.3,14313,72971
04/20/1995,2921.2,2924.9,2907.5,2916.6,12135,71239
04/21/1995,2925.8,2953.2,2925.8,2940.4,10606,72015
04/24/1995,2945.9,2947.7,2911.1,2943.2,13786,71520
04/25/1995,2967.9,2975.2,2942.2,2950.5,12899,72023
04/26/1995,2945.9,2977.0,2939.5,2956.9,14657,73190
04/27/1995,2966.9,2971.5,2945.9,2946.8,11694,72497
04/28/1995,2956.0,2969.7,2936.8,2946.8,10620,72495
05/01/1995,2947.7,2968.8,2944.1,2954.1,6051,72713
05/02/1995,2952.3,2988.9,2952.3,2980.7,11043,72298
05/03/1995,2996.2,3002.6,2987.1,2999.9,8852,72007
05/04/1995,3015.4,3020.0,2988.0,2996.2,11445,72450
05/05/1995,2997.1,2999.9,2975.2,2985.2,11186,73054
05/09/1995,3000.8,3000.8,2975.2,2992.6,9408,72712
05/10/1995,3009.9,3032.8,3006.3,3026.4,13309,73556
05/11/1995,3019.1,3057.5,3015.4,3048.4,21904,75400
05/12/1995,3051.1,3051.1,3026.4,3039.2,12476,76156
05/15/1995,3047.5,3060.3,3033.7,3037.4,12156,76306
05/16/1995,3045.6,3045.6,3020.0,3034.6,14330,76642
05/17/1995,3034.6,3049.3,3023.7,3029.2,10309,77401
05/18/1995,3023.7,3049.3,3008.1,3012.7,16520,76313
05/19/1995,3000.8,3000.8,2977.9,2986.2,14712,75359
05/22/1995,2998.1,3023.7,2993.5,3017.3,10188,75625
05/23/1995,3031.0,3031.0,2999.0,3024.6,11996,76932
05/24/1995,3037.4,3064.8,3033.7,3056.6,13493,75427
05/25/1995,3061.2,3086.8,3051.1,3052.0,14939,79916
05/26/1995,3054.8,3063.0,3024.6,3033.7,12591,80201
05/30/1995,3038.3,3048.4,3027.3,3029.2,11492,80133
05/31/1995,3038.3,3043.8,3019.1,3042.0,15474,79259
06/01/1995,3070.3,3078.6,3057.5,3061.2,15176,79231
06/02/1995,3062.1,3077.6,3040.1,3065.8,15492,79121
06/05/1995,3064.8,3096.9,3061.2,3093.2,11854,79996
06/06/1995,3096.9,3104.2,3083.1,3099.6,17283,78875
06/07/1995,3087.7,3099.6,3079.5,3092.3,26007,80115
06/08/1995,3083.1,3110.6,3083.1,3094.1,23461,80134
06/09/1995,3085.0,3088.6,3049.3,3055.7,20461,79109
06/12/1995,3053.9,3071.2,3049.3,3062.1,19574,79363
06/13/1995,3070.3,3070.3,3052.9,3059.3,34543,81666
06/14/1995,3072.2,3078.6,3047.5,3052.9,39385,84171
06/15/1995,3057.5,3091.1,3048.4,3083.8,34153,84456
06/16/1995,3077.5,3088.3,3052.9,3072.0,26251,90420
06/19/1995,3074.7,3102.9,3071.1,3101.1,7759,68935
06/20/1995,3108.3,3108.3,3082.0,3089.3,8744,70591
06/21/1995,3088.3,3106.5,3081.1,3082.9,8858,70306
06/22/1995,3082.9,3118.3,3082.9,3114.7,9900,71435
06/23/1995,3100.1,3109.2,3066.6,3074.7,16563,69507
06/26/1995,3062.0,3062.0,3003.0,3003.9,16563,68394
06/27/1995,3000.3,3020.3,2998.5,3015.7,12811,67092
06/28/1995,3006.6,3006.6,2965.8,2985.8,18256,65216
06/29/1995,3001.2,3019.4,2987.6,3003.9,9920,65264
06/30/1995,2991.2,3018.4,2989.4,3015.7,7633,64428
07/03/1995,3011.2,3034.8,3003.0,3033.0,5466,62380
07/04/1995,3034.8,3059.3,3034.8,3054.8,5975,62652
07/05/1995,3072.9,3112.0,3053.9,3109.2,15415,63276
07/06/1995,3106.5,3131.9,3094.7,3102.0,14381,65378
07/07/1995,3133.7,3173.7,3133.7,3169.1,21099,68463
07/10/1995,3180.0,3193.7,3151.9,3161.0,12173,68946
07/11/1995,3148.3,3181.9,3148.3,3166.4,12304,69421
07/12/1995,3155.5,3161.9,3142.8,3153.7,9684,70624
07/13/1995,3175.5,3175.5,3138.3,3140.1,13198,70859
07/14/1995,3143.7,3143.7,3112.0,3121.9,10727,70729
07/17/1995,3131.9,3150.1,3131.9,3141.0,5935,70251
07/18/1995,3141.0,3151.9,3113.8,3120.1,9951,69494
07/19/1995,3108.3,3113.8,3090.2,3105.6,14147,69711
07/20/1995,3089.3,3108.3,3082.0,3098.3,12098,69612
07/21/1995,3113.8,3124.7,3099.2,3106.5,9136,69211
07/24/1995,3110.1,3133.7,3106.5,3132.8,8439,68959
07/25/1995,3135.6,3136.5,3120.1,3121.9,8665,69097
07/26/1995,3141.0,3152.8,3134.6,3145.5,7420,68663
07/27/1995,3144.6,3147.4,3130.1,3144.6,7169,68439
07/28/1995,3150.1,3174.6,3146.4,3151.9,7840,68760
07/31/1995,3154.6,3159.2,3134.6,3154.6,8314,68197
08/01/1995,3154.6,3156.4,3139.2,3140.1,6397,68668
08/02/1995,3148.3,3191.8,3148.3,3185.5,11220,68934
08/03/1995,3173.7,3177.3,3147.4,3161.9,9879,69172
08/04/1995,3166.4,3178.2,3157.3,3173.7,8064,70136
08/07/1995,3167.3,3175.5,3160.1,3172.8,8167,69712
08/08/1995,3171.0,3173.7,3153.7,3158.2,5932,69735
08/09/1995,3155.5,3172.8,3155.5,3156.4,9629,70373
08/10/1995,3155.5,3170.0,3148.3,3167.3,8809,71530
08/11/1995,3163.7,3171.9,3153.7,3157.3,6406,71086
08/14/1995,3146.4,3152.8,3119.2,3127.4,11550,69423
08/15/1995,3141.0,3145.5,3126.5,3131.9,8699,68927
08/16/1995,3139.2,3161.9,3139.2,3161.0,8331,69608
08/17/1995,3164.6,3170.0,3157.3,3164.6,7782,69466
08/18/1995,3174.6,3208.2,3171.0,3201.8,6279,71629
08/21/1995,3205.5,3229.1,3187.3,3223.6,8904,72660
08/22/1995,3220.0,3226.3,3207.3,3222.7,6717,72721
08/23/1995,3233.6,3233.6,3200.0,3205.5,9006,72856
08/24/1995,3201.8,3218.2,3197.3,3204.5,9484,73358
08/25/1995,3207.3,3216.3,3199.1,3215.4,4753,72750
08/29/1995,3211.8,3211.8,3181.9,3188.2,8976,73002
08/30/1995,3190.9,3195.5,3180.0,3184.6,11282,73144
08/31/1995,3181.9,3181.9,3150.1,3152.8,16340,71598
09/01/1995,3168.2,3195.5,3156.4,3192.7,16634,72211
09/04/1995,3196.4,3208.2,3186.4,3200.9,6059,72268
09/05/1995,3200.0,3224.5,3194.6,3217.3,17323,77136
09/06/1995,3226.3,3246.3,3225.4,3239.0,21758,76646
09/07/1995,3232.7,3238.1,3220.9,3229.1,26995,77846
09/08/1995,3234.5,3249.9,3225.4,3233.6,16853,77893
09/11/1995,3232.7,3245.4,3224.5,3226.3,22475,78919
09/12/1995,3222.7,3223.6,3205.5,3206.4,27892,80047
09/13/1995,3225.3,3251.4,3223.0,3247.8,35511,83249
09/14/1995,3247.8,3249.6,3229.8,3231.1,27929,81958
09/15/1995,3252.3,3263.1,3227.1,3228.0,21560,87979
09/18/1995,3222.6,3228.0,3201.9,3213.6,8980,66941
09/19/1995,3225.3,3229.8,3207.3,3211.8,8417,66027
09/20/1995,3224.4,3237.9,3217.2,3232.5,9215,66400
09/21/1995,3233.4,3240.6,3220.8,3227.1,8789,67426
09/22/1995,3216.3,3219.0,3167.6,3171.2,18834,67175
09/25/1995,3189.2,3194.6,3172.1,3178.4,7461,67228
09/26/1995,3188.3,3202.8,3184.7,3201.9,6987,66395
09/27/1995,3194.6,3194.6,3145.1,3153.2,17588,67420
09/28/1995,3164.0,3169.4,3145.1,3154.1,10737,65630
09/29/1995,3166.7,3193.7,3159.5,3185.6,9481,64970
10/02/1995,3191.0,3206.4,3173.0,3205.5,7714,62252
10/03/1995,3193.7,3205.5,3190.1,3193.7,7209,63729
10/04/1995,3199.2,3224.4,3199.2,3220.8,10639,64663
10/05/1995,3224.4,3232.5,3210.0,3216.3,7754,65171
10/06/1995,3217.2,3223.5,3182.0,3199.2,12416,66751
10/09/1995,3202.8,3202.8,3171.2,3173.9,10678,67827
10/10/1995,3173.0,3177.5,3106.4,3114.5,21701,67356
10/11/1995,3130.7,3148.7,3119.0,3140.6,14659,68192
10/12/1995,3148.7,3204.6,3138.8,3202.3,16802,66604
10/13/1995,3212.7,3260.4,3208.2,3236.1,16426,67199
10/16/1995,3234.3,3245.1,3221.7,3232.5,6604,67524
10/17/1995,3236.1,3259.5,3225.3,3227.5,10454,67474
10/18/1995,3237.0,3273.0,3229.8,3268.5,16365,69358
10/19/1995,3261.3,3268.5,3240.6,3250.5,11270,70224
10/20/1995,3258.6,3265.8,3202.8,3216.3,14767,69758
10/23/1995,3201.9,3201.9,3172.1,3198.3,13067,69392
10/24/1995,3201.9,3212.7,3190.1,3195.6,8004,65798
10/25/1995,3207.3,3224.4,3191.9,3207.3,10995,69039
10/26/1995,3189.2,3192.8,3174.8,3182.9,11885,69875
10/27/1995,3157.7,3168.5,3147.8,3165.8,13440,68143
10/30/1995,3191.9,3191.9,3166.7,3174.8,8340,67845
10/31/1995,3186.5,3199.2,3177.5,3190.1,10840,68133
11/01/1995,3175.7,3189.2,3163.1,3188.3,8429,68677
11/02/1995,3193.7,3209.1,3174.8,3185.6,10072,68450
11/03/1995,3205.5,3210.9,3155.0,3162.2,12114,68638
11/06/1995,3167.6,3188.3,3154.1,3186.5,8502,68356
11/07/1995,3184.7,3191.9,3165.8,3180.2,7104,68233
11/08/1995,3182.9,3215.4,3180.2,3205.5,13187,68980
11/09/1995,3217.2,3220.8,3193.7,3197.4,12105,70387
11/10/1995,3188.3,3188.3,3166.7,3182.0,10269,70170
11/13/1995,3183.8,3196.5,3173.0,3191.9,9134,70511
11/14/1995,3196.5,3213.6,3189.2,3201.9,8537,70655
11/15/1995,3197.4,3234.3,3193.7,3234.3,10378,71651
11/16/1995,3250.5,3269.4,3243.3,3261.3,20224,74220
11/17/1995,3273.0,3273.9,3246.0,3264.0,11761,71356
11/20/1995,3276.6,3289.2,3265.8,3269.4,13157,73399
11/21/1995,3256.8,3264.9,3251.4,3256.8,5878,73245
11/22/1995,3281.1,3286.5,3269.4,3282.9,6178,74049
11/23/1995,3282.0,3282.0,3247.8,3252.3,5954,74305
11/24/1995,3265.8,3281.1,3259.5,3267.6,7518,74066
11/27/1995,3277.5,3305.5,3268.5,3303.7,10863,75408
11/28/1995,3293.8,3300.1,3275.7,3290.1,8399,75731
11/29/1995,3296.5,3313.6,3282.0,3292.8,18366,76622
11/30/1995,3302.8,3306.4,3286.5,3304.6,7547,76483
12/01/1995,3303.7,3322.6,3296.5,3315.4,9092,77181
12/04/1995,3301.0,3315.4,3297.4,3312.7,6309,78031
12/05/1995,3324.4,3324.4,3288.3,3310.9,17361,79103
12/06/1995,3320.8,3320.8,3290.1,3308.6,13652,80012
12/07/1995,3303.7,3306.4,3273.9,3284.3,22000,80661
12/08/1995,3281.1,3292.8,3261.3,3273.9,18514,82010
12/11/1995,3276.6,3296.5,3275.7,3294.7,24683,82285
12/12/1995,3308.2,3310.0,3283.8,3290.1,28082,84270
12/13/1995,3290.6,3316.1,3290.6,3298.2,30629,80523
12/14/1995,3303.6,3330.4,3302.7,3312.5,31215,82666
12/15/1995,3298.2,3316.1,3267.8,3273.1,21510,87971
12/18/1995,3274.0,3279.4,3215.0,3219.4,13349,65345
12/19/1995,3208.7,3216.8,3184.5,3207.8,14084,65023
12/20/1995,3232.9,3248.1,3225.7,3246.3,8216,64297
12/21/1995,3226.6,3265.1,3223.9,3262.4,7036,64269
12/22/1995,3270.5,3290.1,3270.5,3280.3,4320,63156
12/27/1995,3284.8,3309.8,3284.8,3306.3,3734,63839
12/28/1995,3300.9,3317.0,3296.4,3303.6,4223,63712
12/29/1995,3299.1,3316.1,3294.6,3314.3,3098,63091
01/02/1996,3318.8,3327.7,3291.9,3326.8,7629,62630
01/03/1996,3340.3,3355.5,3336.7,3353.7,11323,63047
01/04/1996,3353.7,3361.7,3338.5,3349.2,0,62477
01/05/1996,3330.4,3358.2,3327.7,3339.4,9643,63078
01/08/1996,3340.3,3359.1,3340.3,3356.8,5804,63003
01/09/1996,3367.1,3367.1,3332.2,3339.4,10657,63711
01/10/1996,3325.1,3331.3,3296.4,3304.5,13908,64571
01/11/1996,3293.7,3301.8,3277.6,3282.1,16136,64352
01/12/1996,3296.4,3305.4,3283.9,3285.7,7316,63967
01/15/1996,3291.9,3300.9,3289.3,3297.3,4099,64025
01/16/1996,3301.8,3336.7,3301.8,3335.8,11784,63529
01/17/1996,3348.3,3348.3,3317.9,3332.2,10199,63115
01/18/1996,3337.6,3380.5,3332.2,3376.1,18763,64944
01/19/1996,3383.2,3383.2,3357.3,3377.0,12469,65784
01/22/1996,3383.2,3387.7,3369.8,3378.3,8144,66466
01/23/1996,3369.8,3370.7,3358.2,3360.9,7922,66677
01/24/1996,3361.7,3380.5,3354.6,3378.8,11779,67588
01/25/1996,3375.2,3382.3,3347.4,3352.8,10200,67745
01/26/1996,3348.3,3358.2,3325.9,3349.2,11533,67883
01/29/1996,3358.2,3363.5,3346.5,3354.6,8243,67807
01/30/1996,3360.9,3364.4,3329.5,3357.3,15231,67776
01/31/1996,3381.4,3381.4,3352.8,3366.2,11096,66769
02/01/1996,3369.8,3374.3,3360.0,3373.4,8794,65486
02/02/1996,3368.9,3406.5,3360.9,3402.9,14042,67687
02/05/1996,3379.7,3380.5,3357.3,3368.0,11894,65596
02/06/1996,3373.4,3373.4,3358.2,3366.2,9627,66621
02/07/1996,3372.5,3376.1,3338.5,3340.3,13198,66326
02/08/1996,3347.4,3354.6,3319.7,3322.4,11814,65618
02/09/1996,3332.2,3335.8,3304.5,3331.3,14036,65303
02/12/1996,3317.9,3344.7,3308.0,3341.2,10237,65240
02/13/1996,3351.0,3366.2,3343.0,3359.1,12564,64142
02/14/1996,3350.1,3364.4,3349.2,3352.8,11748,64235
02/15/1996,3347.4,3388.6,3347.4,3386.8,11763,64495
02/16/1996,3383.2,3399.3,3366.2,3374.3,13200,64001
02/19/1996,3361.7,3363.5,3343.8,3351.9,7763,64211
02/20/1996,3360.0,3360.0,3308.9,3324.2,20637,66682
02/21/1996,3306.3,3334.9,3306.3,3330.4,15544,67625
02/22/1996,3336.7,3351.0,3330.4,3346.5,13563,67519
02/23/1996,3364.4,3364.4,3337.6,3340.3,15066,68859
02/26/1996,3339.4,3339.4,3309.8,3316.1,12108,68410
02/27/1996,3308.9,3336.7,3308.9,3329.5,17198,70189
02/28/1996,3337.6,3350.1,3331.3,3349.2,13085,69511
02/29/1996,3347.4,3347.4,3311.6,3330.4,18545,69091
03/01/1996,3341.2,3374.3,3339.4,3360.0,17716,68914
03/04/1996,3366.2,3383.2,3365.3,3381.9,10932,67542
03/05/1996,3392.2,3398.4,3373.4,3380.5,16605,67924
03/06/1996,3385.9,3390.4,3361.7,3368.0,16001,68169
03/07/1996,3360.0,3380.5,3360.0,3370.7,17273,67745
03/08/1996,3369.8,3381.4,3279.4,3310.7,32957,68140
03/11/1996,3273.1,3289.3,3241.8,3288.4,33673,68768
03/12/1996,3305.4,3309.8,3245.4,3247.2,40013,71394
03/13/1996,3264.2,3272.3,3244.5,3247.6,32255,72924
03/14/1996,3259.7,3283.9,3251.7,3282.1,30948,73210
03/15/1996,3282.1,3290.2,3223.9,3249.9,22709,79177
03/18/1996,3255.2,3284.8,3255.2,3279.4,7747,65191
03/19/1996,3298.2,3329.6,3296.4,3302.7,16796,63765
03/20/1996,3292.0,3317.9,3287.5,3300.0,11140,62899
03/21/1996,3304.5,3320.6,3300.0,3309.9,8924,63700
03/22/1996,3306.3,3324.2,3292.0,3314.3,12095,63971
03/25/1996,3313.5,3317.9,3291.1,3292.4,9054,64641
03/26/1996,3288.4,3289.3,3262.4,3272.7,13275,65528
03/27/1996,3279.4,3300.0,3279.4,3291.1,10319,63767
03/28/1996,3271.4,3297.3,3264.2,3297.3,12468,62175
03/29/1996,3313.5,3326.0,3292.0,3320.6,12460,61293
04/01/1996,3317.9,3347.5,3317.9,3340.3,8204,60339
04/02/1996,3351.1,3351.1,3332.3,3345.7,11965,60702
04/03/1996,3347.5,3347.5,3333.2,3340.3,6302,60360
04/04/1996,3349.3,3380.6,3345.7,3377.0,9634,59878
04/09/1996,3347.5,3377.0,3347.5,3366.3,8635,60492
04/10/1996,3374.4,3388.7,3366.3,3379.7,10928,61701
04/11/1996,3353.8,3377.9,3343.9,3349.3,14467,62211
04/12/1996,3369.0,3380.6,3359.1,3376.1,10205,62362
04/15/1996,3386.9,3404.8,3381.5,3401.2,9323,61924
04/16/1996,3407.5,3437.0,3407.5,3435.2,15085,63411
04/17/1996,3437.0,3437.0,3413.8,3415.5,12512,64212
04/18/1996,3405.7,3442.4,3405.7,3426.3,17243,64392
04/19/1996,3433.5,3466.6,3433.5,3459.0,16072,64290
04/22/1996,3460.3,3472.0,3453.2,3460.3,8494,63273
04/23/1996,3450.5,3454.9,3430.8,3441.5,9927,64815
04/24/1996,3446.0,3458.5,3423.6,3431.7,13256,64069
04/25/1996,3422.7,3437.9,3417.3,3434.4,10073,62360
04/26/1996,3442.4,3454.9,3439.7,3444.2,8151,63303
04/29/1996,3443.3,3443.3,3406.6,3417.3,11360,63250
04/30/1996,3425.4,3432.6,3412.9,3421.8,7597,63119
05/01/1996,3420.9,3423.6,3408.4,3418.2,6471,63602
05/02/1996,3422.7,3437.0,3371.7,3373.5,17678,63736
05/03/1996,3369.0,3376.1,3337.6,3349.3,27613,63799
05/07/1996,3347.5,3361.8,3324.2,3335.8,13809,64325
05/08/1996,3339.4,3346.6,3317.0,3321.5,13116,64528
05/09/1996,3339.4,3349.3,3328.7,3343.0,12842,64035
05/10/1996,3341.2,3378.8,3341.2,3372.6,12974,64803
05/13/1996,3369.9,3380.6,3351.1,3357.8,8830,63850
05/14/1996,3369.9,3378.8,3360.0,3372.6,11474,64724
05/15/1996,3385.1,3390.5,3372.6,3386.9,11520,65084
05/16/1996,3377.0,3381.5,3346.6,3363.6,15725,62934
05/17/1996,3369.0,3405.7,3357.3,3402.1,18099,63813
05/20/1996,3407.5,3413.8,3381.5,3385.1,9417,63020
05/21/1996,3403.0,3403.9,3388.7,3392.3,7408,62901
05/22/1996,3383.3,3390.5,3363.6,3369.9,13298,63768
05/23/1996,3386.0,3386.0,3342.1,3351.1,14662,64670
05/24/1996,3347.5,3363.6,3342.1,3362.7,10688,63200
05/28/1996,3365.4,3386.0,3365.4,3370.8,7788,63405
05/29/1996,3363.6,3391.4,3360.0,3389.6,10241,63423
05/30/1996,3382.4,3384.2,3346.6,3361.8,15031,62171
05/31/1996,3373.5,3379.7,3343.9,3344.8,11746,62075
06/03/1996,3338.5,3355.5,3335.8,3344.8,14277,62269
06/04/1996,3353.8,3367.2,3341.2,3366.7,18906,61096
06/05/1996,3369.0,3369.0,3351.1,3363.6,8107,61566
06/06/1996,3370.8,3389.6,3364.5,3370.8,18463,62925
06/07/1996,3358.2,3366.3,3300.0,3321.5,21882,64975
06/10/1996,3337.6,3346.6,3326.9,3335.8,11442,64531
06/11/1996,3334.9,3366.3,3327.8,3362.7,16155,64419
06/12/1996,3355.5,3380.6,3351.1,3373.5,20314,65273
06/13/1996,3362.3,3372.1,3355.1,3364.5,41111,67952
06/14/1996,3364.1,3373.0,3341.7,3353.8,16512,67098
06/17/1996,3360.0,3371.2,3357.8,3362.7,16084,67501
06/18/1996,3360.9,3365.4,3353.3,3357.4,22534,68119
06/19/1996,3353.3,3363.2,3348.0,3355.6,25339,67442
06/20/1996,3354.2,3358.7,3321.1,3325.1,30244,65555
06/21/1996,3331.0,3342.6,3323.8,3326.5,17034,68469
06/24/1996,3331.9,3336.3,3310.4,3314.0,7268,58229
06/25/1996,3319.3,3319.3,3279.1,3288.0,16479,61150
06/26/1996,3294.3,3300.5,3286.2,3297.0,6644,60894
06/27/1996,3290.7,3296.1,3271.0,3285.3,8059,61665
06/28/1996,3301.4,3321.1,3294.3,3309.5,11322,60323
07/01/1996,3315.7,3332.7,3306.8,3328.3,8431,60271
07/02/1996,3343.5,3343.5,3321.1,3325.6,9041,59600
07/03/1996,3325.6,3330.1,3312.2,3314.0,7889,59855
07/04/1996,3322.0,3382.0,3316.6,3377.5,14967,59620
07/05/1996,3379.3,3398.1,3323.8,3344.4,21613,58936
07/08/1996,3325.6,3349.7,3323.8,3341.7,10662,59174
07/09/1996,3346.2,3365.0,3339.9,3356.0,9229,58655
07/10/1996,3358.7,3374.8,3356.9,3367.6,11487,58386
07/11/1996,3373.0,3377.5,3346.2,3350.6,11153,59997
07/12/1996,3341.7,3351.5,3314.9,3331.0,16252,61277
07/15/1996,3332.7,3337.2,3300.5,3303.2,9989,61500
07/16/1996,3267.4,3267.4,3228.1,3248.6,27106,62214
07/17/1996,3262.1,3280.9,3256.7,3276.4,13784,64208
07/18/1996,3280.0,3309.5,3276.4,3301.4,13601,63634
07/19/1996,3314.0,3341.7,3311.3,3317.5,17472,63287
07/22/1996,3314.9,3314.9,3277.3,3289.8,9771,63628
07/23/1996,3294.3,3319.3,3294.3,3316.6,10101,62488
07/24/1996,3288.0,3288.0,3252.2,3282.6,18495,63598
07/25/1996,3294.3,3305.0,3280.0,3301.4,11631,62205
07/26/1996,3305.9,3305.9,3279.1,3287.1,8166,62233
07/29/1996,3288.0,3301.4,3283.5,3287.1,4760,61525
07/30/1996,3276.4,3294.3,3268.3,3280.9,9129,61725
07/31/1996,3294.3,3318.4,3284.4,3315.7,11396,62067
08/01/1996,3321.1,3348.0,3305.9,3346.2,15364,60936
08/02/1996,3353.3,3385.5,3333.6,3383.3,16223,62570
08/05/1996,3392.7,3402.5,3380.2,3399.0,9276,62800
08/06/1996,3390.9,3397.2,3378.4,3396.3,8832,63867
08/07/1996,3402.5,3422.2,3402.5,3416.8,12818,65088
08/08/1996,3412.4,3423.1,3408.8,3416.0,8578,65465
08/09/1996,3416.8,3416.8,3392.2,3409.7,9159,65770
08/12/1996,3404.3,3418.6,3399.0,3409.7,5747,65043
08/13/1996,3421.3,3437.4,3418.6,3432.1,12371,66890
08/14/1996,3424.0,3441.0,3419.5,3432.1,10806,67376
08/15/1996,3436.5,3449.1,3435.6,3440.1,9567,66336
08/16/1996,3445.5,3480.4,3445.5,3473.2,16796,69216
08/19/1996,3479.5,3480.4,3463.4,3470.5,6005,68671
08/20/1996,3473.2,3492.0,3472.3,3485.7,8348,67727
08/21/1996,3492.9,3493.3,3466.1,3469.6,11133,67151
08/22/1996,3471.4,3496.5,3465.2,3492.9,13015,67099
08/23/1996,3501.8,3514.4,3488.4,3513.5,12764,66633
08/27/1996,3498.3,3514.4,3492.9,3510.3,8196,66546
08/28/1996,3513.5,3527.8,3510.8,3526.0,11104,66105
08/29/1996,3517.9,3523.3,3481.3,3483.9,15185,66620
08/30/1996,3469.6,3486.6,3465.2,3471.4,15547,66848
09/02/1996,3475.9,3484.8,3471.4,3483.9,4326,66819
09/03/1996,3475.0,3475.0,3435.6,3462.5,19958,66104
09/04/1996,3481.3,3485.7,3469.6,3475.9,13523,65131
09/05/1996,3476.8,3489.3,3467.0,3480.4,11629,64780
09/06/1996,3467.0,3494.7,3455.3,3493.8,19937,64492
09/09/1996,3500.9,3511.7,3494.7,3506.3,13494,64918
09/10/1996,3524.2,3526.9,3500.9,3507.2,23228,63779
09/11/1996,3505.4,3510.8,3491.1,3497.8,28447,64276
09/12/1996,3507.2,3523.3,3499.2,3520.6,20422,63675
09/13/1996,3526.9,3565.1,3518.0,3557.1,26408,66040
09/16/1996,3565.1,3571.8,3560.6,3567.3,20918,65940
09/17/1996,3574.9,3575.8,3549.5,3562.0,25612,66065
09/18/1996,3558.9,3563.3,3541.1,3548.2,26850,66246
09/19/1996,3544.2,3580.2,3544.2,3566.9,38748,67548
09/20/1996,3567.8,3574.9,3545.5,3553.5,21160,72707
09/23/1996,3540.2,3543.8,3501.1,3506.4,9382,56825
09/24/1996,3518.0,3529.5,3502.8,3508.2,10809,58038
09/25/1996,3519.7,3537.5,3515.3,3533.1,12680,59187
09/26/1996,3535.8,3536.6,3517.1,3528.6,9388,59242
09/27/1996,3529.5,3552.6,3528.6,3541.1,11211,58859
09/30/1996,3542.0,3546.4,3523.3,3545.5,9841,58932
10/01/1996,3551.8,3582.9,3547.3,3582.0,14783,59339
10/02/1996,3589.1,3605.1,3587.3,3598.0,12679,59927
10/03/1996,3599.8,3611.3,3579.3,3586.4,10231,60232
10/04/1996,3582.0,3614.0,3570.4,3612.2,18342,61705
10/07/1996,3623.8,3625.6,3611.3,3618.5,9063,62228
10/08/1996,3612.2,3627.3,3576.7,3625.6,15979,63047
10/09/1996,3621.1,3621.1,3585.5,3596.2,15693,62320
10/10/1996,3585.5,3598.0,3558.9,3580.2,16555,61268
10/11/1996,3582.0,3613.1,3571.3,3610.4,11838,63671
10/14/1996,3606.0,3625.6,3599.8,3622.0,6931,62528
10/15/1996,3630.0,3647.8,3624.7,3626.5,13479,64024
10/16/1996,3622.0,3625.6,3598.9,3606.0,14904,64005
10/17/1996,3612.2,3625.6,3605.1,3617.6,14529,64547
10/18/1996,3632.7,3644.2,3622.9,3624.7,14194,64354
10/21/1996,3633.6,3647.8,3628.2,3646.9,9067,63746
10/22/1996,3638.0,3641.6,3626.5,3637.1,9417,63828
10/23/1996,3635.3,3635.3,3594.4,3598.0,13467,63210
10/24/1996,3598.9,3612.2,3577.5,3579.3,13015,63079
10/25/1996,3569.5,3606.0,3557.1,3605.1,17954,64175
10/28/1996,3606.0,3616.7,3598.9,3603.3,7765,64748
10/29/1996,3576.7,3587.3,3561.5,3571.3,13731,64327
10/30/1996,3583.8,3589.1,3534.9,3542.0,19492,64247
10/31/1996,3534.9,3560.6,3534.9,3559.8,11874,63379
11/01/1996,3567.8,3567.8,3515.3,3531.3,15086,64088
11/04/1996,3530.4,3537.5,3508.2,3510.9,9920,62985
11/05/1996,3508.2,3515.3,3486.0,3491.7,25106,61885
11/06/1996,3523.3,3523.3,3481.5,3508.2,20818,61825
11/07/1996,3518.0,3518.0,3466.4,3469.9,26979,63655
11/08/1996,3476.2,3494.8,3474.4,3485.1,13848,63041
11/11/1996,3482.4,3489.5,3469.1,3487.7,5760,62741
11/12/1996,3494.8,3512.6,3493.1,3505.5,11464,62730
11/13/1996,3507.3,3511.7,3493.1,3504.6,10727,63128
11/14/1996,3509.1,3519.7,3485.1,3499.3,15378,62524
11/15/1996,3511.7,3542.0,3510.0,3541.1,16275,62355
11/18/1996,3543.8,3546.4,3526.0,3530.4,11484,62212
11/19/1996,3539.3,3555.3,3523.3,3554.4,10242,61802
11/20/1996,3559.8,3559.8,3531.3,3542.9,10376,61982
11/21/1996,3539.3,3545.5,3524.2,3534.0,8566,62069
11/22/1996,3537.5,3589.1,3530.4,3585.5,12655,62251
11/25/1996,3588.2,3623.8,3588.2,3615.8,15979,64079
11/26/1996,3645.1,3654.9,3625.6,3644.2,14561,65295
11/27/1996,3635.3,3650.5,3598.9,3613.1,20685,66325
11/28/1996,3611.3,3616.7,3597.1,3614.0,9167,66210
11/29/1996,3622.0,3630.0,3612.2,3618.5,8225,66093
12/02/1996,3614.9,3614.9,3591.8,3604.2,12106,66136
12/03/1996,3609.6,3630.9,3609.6,3619.3,18526,67822
12/04/1996,3608.7,3613.1,3592.7,3605.1,15504,67161
12/05/1996,3606.0,3634.5,3602.4,3605.1,21015,68170
12/06/1996,3563.3,3563.3,3423.7,3517.1,42450,69536
12/09/1996,3548.2,3579.3,3542.0,3578.4,21424,67082
12/10/1996,3601.6,3603.3,3580.2,3596.2,18898,66571
12/11/1996,3560.6,3569.5,3518.0,3533.1,32211,66700
12/12/1996,3548.2,3569.5,3530.4,3541.1,19936,68369
12/13/1996,3512.7,3522.5,3483.5,3517.6,30459,69636
12/16/1996,3544.6,3552.2,3530.5,3546.0,20352,70280
12/17/1996,3532.2,3552.6,3524.3,3530.5,35630,69812
12/18/1996,3541.1,3570.3,3540.2,3568.1,28647,68625
12/19/1996,3572.1,3600.4,3566.8,3599.1,35156,70169
12/20/1996,3641.2,3644.7,3607.5,3611.9,26150,78168
12/23/1996,3604.0,3628.8,3599.5,3623.5,3681,56009
12/24/1996,3620.8,3623.5,3614.6,3616.4,1338,55860
12/27/1996,3627.0,3635.9,3611.9,3630.5,2439,55901
12/30/1996,3635.0,3666.9,3635.0,3658.0,5936,56881
12/31/1996,3650.0,3673.1,3649.1,3652.7,3763,56954
01/02/1997,3612.8,3635.0,3595.1,3597.8,12709,57507
01/03/1997,3617.3,3626.1,3610.2,3622.6,7216,58394
01/06/1997,3640.3,3647.4,3627.9,3645.6,12565,59651
01/07/1997,3641.2,3642.9,3611.9,3615.5,11132,60708
01/08/1997,3626.1,3636.7,3616.4,3619.0,10727,61090
01/09/1997,3598.7,3622.6,3587.1,3619.0,11407,62310
01/10/1997,3622.6,3622.6,3569.4,3589.8,15937,62738
01/13/1997,3622.6,3643.8,3613.7,3641.2,12826,63908
01/14/1997,3642.9,3692.5,3635.9,3689.0,16117,64552
01/15/1997,3706.7,3709.4,3668.6,3678.4,16693,65641
01/16/1997,3679.3,3728.0,3679.3,3722.7,18412,65389
01/17/1997,3722.7,3742.1,3715.6,3726.2,16491,64685
01/20/1997,3733.3,3739.5,3707.6,3720.0,10764,65988
01/21/1997,3711.1,3720.9,3689.9,3720.0,12873,66581
01/22/1997,3737.7,3752.8,3724.4,3743.9,14300,66487
01/23/1997,3751.0,3790.9,3746.6,3789.1,16967,67154
01/24/1997,3754.5,3770.5,3732.4,3741.3,20233,66936
01/27/1997,3731.5,3743.9,3725.3,3733.3,9289,67017
01/28/1997,3764.3,3764.3,3705.8,3762.5,17333,67352
01/29/1997,3748.3,3748.3,3709.4,3727.1,16142,67773
01/30/1997,3746.6,3751.9,3734.2,3740.4,11939,66156
01/31/1997,3764.3,3783.8,3750.1,3775.8,13689,66613
02/03/1997,3777.6,3777.6,3757.2,3772.3,8837,66073
02/04/1997,3776.7,3790.9,3767.8,3768.7,8676,66040
02/05/1997,3780.2,3797.9,3776.7,3788.2,10287,66108
02/06/1997,3772.3,3780.2,3766.9,3780.2,12686,65844
02/07/1997,3784.7,3815.7,3778.5,3807.7,13529,66012
02/10/1997,3806.8,3830.7,3799.7,3814.8,8676,65775
02/11/1997,3804.1,3815.7,3797.1,3809.5,9308,66523
02/12/1997,3823.6,3826.3,3791.7,3807.7,11857,67290
02/13/1997,3829.8,3829.8,3814.8,3822.7,10850,66679
02/14/1997,3828.9,3857.3,3828.9,3836.9,15084,68765
02/17/1997,3828.1,3836.9,3813.9,3830.7,8934,67006
02/18/1997,3843.1,3847.5,3829.8,3834.3,11515,66771
02/19/1997,3848.4,3850.2,3831.6,3844.9,13128,65751
02/20/1997,3836.0,3856.4,3832.5,3846.7,12977,66597
02/21/1997,3827.2,3838.7,3798.8,3829.8,18614,67398
02/24/1997,3820.1,3833.4,3813.0,3833.4,10033,66878
02/25/1997,3845.8,3854.6,3834.3,3835.1,13599,66630
02/26/1997,3844.0,3847.5,3802.4,3826.3,12036,67170
02/27/1997,3834.3,3836.9,3820.1,3835.1,9277,67263
02/28/1997,3828.9,3828.9,3783.8,3795.3,19176,68964
03/03/1997,3782.0,3803.3,3782.0,3800.6,12812,68758
03/04/1997,3820.1,3852.0,3813.9,3845.8,21144,71816
03/05/1997,3837.8,3867.9,3831.6,3851.1,18913,71512
03/06/1997,3879.4,3888.3,3874.1,3878.5,20927,74255
03/07/1997,3879.4,3900.7,3852.9,3898.0,12458,74725
03/10/1997,3907.8,3924.6,3901.6,3914.9,15926,75252
03/11/1997,3935.2,3939.7,3920.2,3924.6,21912,74343
03/12/1997,3913.1,3923.7,3900.7,3902.5,19237,74433
03/13/1997,3893.2,3895.8,3872.9,3885.7,22488,75027
03/14/1997,3852.2,3902.0,3847.4,3899.8,25679,75049
03/17/1997,3900.3,3904.7,3865.0,3867.2,25080,75374
03/18/1997,3867.6,3872.0,3842.1,3862.8,30150,76822
03/19/1997,3862.4,3878.2,3828.0,3835.9,36362,79370
03/20/1997,3831.5,3831.5,3750.4,3769.8,49240,80534
03/21/1997,3775.1,3789.2,3760.1,3760.1,24730,84934
03/24/1997,3765.4,3774.2,3730.1,3735.4,10547,61789
03/25/1997,3759.2,3783.9,3754.8,3783.9,11825,61595
03/26/1997,3773.3,3822.7,3773.3,3803.3,16051,61406
03/27/1997,3816.5,3832.4,3798.9,3801.5,12159,62433
04/01/1997,3702.8,3759.2,3702.8,3759.2,17891,64127
04/02/1997,3781.3,3781.3,3724.0,3748.7,14074,64379
04/03/1997,3734.5,3747.8,3714.3,3734.5,13744,65262
04/04/1997,3746.0,3770.7,3729.3,3748.7,15623,64286
04/07/1997,3772.4,3787.4,3761.0,3785.7,9803,62933
04/08/1997,3788.3,3791.8,3768.0,3774.2,9049,63646
04/09/1997,3798.9,3808.6,3785.7,3792.7,13917,63471
04/10/1997,3784.8,3811.2,3775.1,3810.3,11887,63256
04/11/1997,3820.9,3829.7,3765.4,3766.3,16244,63987
04/14/1997,3744.2,3772.4,3738.1,3766.3,12330,64023
04/15/1997,3785.7,3806.8,3768.0,3802.4,13850,63455
04/16/1997,3805.9,3816.5,3779.5,3799.8,8700,63335
04/17/1997,3820.0,3820.0,3790.1,3805.1,9991,64074
04/18/1997,3798.9,3813.9,3790.1,3803.3,10746,65151
04/21/1997,3816.5,3830.6,3794.5,3828.9,7505,65093
04/22/1997,3823.6,3850.0,3823.6,3845.6,10553,64502
04/23/1997,3882.6,3895.8,3866.8,3885.3,14687,63176
04/24/1997,3879.1,3897.6,3872.9,3888.8,11264,62909
04/25/1997,3882.6,3884.4,3861.5,3872.9,9086,62135
04/28/1997,3863.2,3884.4,3859.7,3882.6,7086,61573
04/29/1997,3888.8,3936.4,3883.5,3931.1,14409,62084
04/30/1997,3948.7,3948.7,3894.1,3924.1,15201,63434
05/01/1997,3926.7,3946.1,3918.8,3923.2,8043,64171
05/02/1997,3904.7,3953.1,3896.7,3929.3,15141,64078
05/06/1997,3968.1,4001.6,3941.7,3999.0,19082,66535
05/07/1997,3994.6,4032.5,3993.7,4013.1,13718,68292
05/08/1997,3985.8,4043.9,3985.8,4040.4,15752,70779
05/09/1997,4051.9,4111.8,4051.9,4099.5,22557,72853
05/12/1997,4093.3,4132.1,4078.3,4128.5,15109,75295
05/13/1997,4131.2,4173.5,4128.5,4147.0,22536,76775
05/14/1997,4142.6,4169.1,4112.7,4148.8,19067,75366
05/15/1997,4130.3,4140.9,4110.0,4138.2,14693,75718
05/16/1997,4148.8,4169.1,4133.8,4144.4,14992,73929
05/19/1997,4127.7,4144.4,4093.3,4104.7,8592,73404
05/20/1997,4100.3,4105.6,4055.4,4063.3,13272,74791
05/21/1997,4080.9,4120.6,4080.9,4104.7,18348,76379
05/22/1997,4086.2,4126.8,4086.2,4111.8,12855,75503
05/23/1997,4118.0,4133.8,4101.2,4117.1,10233,75042
05/27/1997,4123.3,4148.8,4123.3,4131.2,7690,74876
05/28/1997,4150.6,4158.5,4120.6,4132.1,12222,75909
05/29/1997,4120.6,4147.0,4120.6,4125.0,10886,76631
05/30/1997,4134.7,4138.2,4042.2,4073.0,17019,75744
06/02/1997,4098.6,4098.6,4006.9,4010.4,20383,78499
06/03/1997,4016.6,4028.9,3990.2,4013.1,18151,79159
06/04/1997,4022.8,4050.1,4006.9,4012.2,20093,80629
06/05/1997,4002.5,4038.6,3992.8,4033.3,19823,81753
06/06/1997,4043.9,4105.6,4028.1,4103.9,17456,83791
06/09/1997,4132.1,4151.5,4106.5,4150.6,15796,82430
06/10/1997,4140.9,4193.8,4130.3,4183.2,22884,83165
06/11/1997,4192.0,4199.1,4160.3,4177.9,20951,84398
06/12/1997,4177.9,4215.8,4164.7,4205.2,19289,85171
06/13/1997,4218.8,4238.5,4213.5,4231.9,20424,86067
06/16/1997,4222.3,4222.3,4184.6,4188.2,38835,90477
06/17/1997,4190.8,4203.9,4109.4,4130.8,45488,89255
06/18/1997,4133.0,4133.0,4072.6,4102.4,55158,88046
06/19/1997,4117.2,4117.2,4062.1,4097.1,37209,85683
06/20/1997,4090.1,4123.4,4026.2,4030.6,24157,92471
06/23/1997,4031.4,4031.4,3961.4,4009.6,14987,65853
06/24/1997,3985.9,4055.1,3978.9,4051.6,13808,64978
06/25/1997,4070.8,4086.6,4063.8,4083.1,12044,64869
06/26/1997,4078.7,4104.1,4064.7,4102.4,9481,65178
06/27/1997,4097.1,4097.1,4053.3,4080.5,10849,65478
06/30/1997,4084.0,4110.2,4027.9,4032.3,12200,66123
07/01/1997,4037.6,4193.4,4033.2,4192.5,15888,68109
07/02/1997,4182.9,4228.4,4136.5,4221.4,15887,68246
07/03/1997,4149.6,4316.0,4114.6,4268.7,24455,70022
07/04/1997,4254.7,4296.7,4218.8,4222.3,10119,71092
07/07/1997,4231.9,4236.3,4189.0,4227.5,9532,70977
07/08/1997,4210.9,4225.8,4170.6,4178.5,12429,71474
07/09/1997,4189.9,4205.2,4132.1,4178.5,12269,73162
07/10/1997,4139.1,4196.9,4139.1,4182.9,11340,74873
07/11/1997,4194.3,4232.8,4194.3,4230.2,10139,75458
07/14/1997,4232.8,4273.1,4214.4,4272.2,12789,75627
07/15/1997,4263.4,4324.7,4263.4,4317.7,15141,76166
07/16/1997,4334.4,4428.0,4329.1,4391.3,23056,79802
07/17/1997,4396.5,4425.4,4347.5,4359.7,18911,80565
07/18/1997,4355.4,4389.5,4228.4,4259.1,22377,78748
07/21/1997,4254.7,4254.7,4197.8,4203.0,11607,78451
07/22/1997,4233.7,4272.2,4224.9,4270.4,9783,78219
07/23/1997,4316.8,4350.1,4259.9,4278.3,15190,77429
07/24/1997,4285.3,4302.8,4245.9,4270.4,10139,78069
07/25/1997,4296.7,4296.7,4234.6,4270.4,8342,78758
07/28/1997,4261.7,4286.2,4242.4,4268.7,5081,78522
07/29/1997,4270.4,4312.5,4246.8,4288.0,9709,78524
07/30/1997,4302.8,4333.5,4302.8,4327.3,7650,78235
07/31/1997,4329.1,4344.9,4302.8,4304.6,8852,78720
08/01/1997,4315.1,4336.1,4245.9,4271.3,9861,78588
08/04/1997,4276.6,4295.8,4255.6,4289.7,6944,78203
08/05/1997,4312.5,4356.2,4309.8,4332.6,9087,81004
08/06/1997,4351.9,4428.9,4351.9,4420.1,13094,81006
08/07/1997,4423.6,4498.1,4386.9,4486.7,19074,78732
08/08/1997,4471.8,4484.9,4386.0,4415.8,13415,77998
08/11/1997,4380.8,4456.0,4371.1,4431.5,11393,78383
08/12/1997,4454.3,4486.7,4426.3,4477.9,9593,78322
08/13/1997,4428.0,4466.5,4351.0,4394.8,16795,79943
08/14/1997,4416.6,4442.9,4368.5,4379.0,10142,79441
08/15/1997,4379.0,4390.4,4243.3,4243.3,15545,79538
08/18/1997,4180.3,4276.6,4180.3,4239.8,12091,78794
08/19/1997,4280.9,4330.8,4270.4,4328.2,8469,79163
08/20/1997,4364.1,4368.5,4323.0,4365.0,9306,78599
08/21/1997,4360.6,4407.9,4360.6,4377.2,8053,78171
08/22/1997,4357.1,4363.2,4245.9,4289.7,18420,78239
08/26/1997,4311.6,4329.1,4228.4,4295.8,9755,78994
08/27/1997,4282.7,4336.1,4268.7,4306.3,7708,79095
08/28/1997,4333.5,4337.9,4235.4,4249.4,12496,79139
08/29/1997,4230.2,4244.2,4167.1,4223.2,11107,79429
09/01/1997,4225.8,4308.1,4195.2,4289.7,9771,79895
09/02/1997,4295.0,4390.4,4284.5,4374.6,12314,78566
09/03/1997,4412.3,4443.8,4357.1,4372.9,17525,77744
09/04/1997,4351.0,4394.8,4338.7,4388.6,9693,77597
09/05/1997,4377.2,4434.2,4364.1,4379.9,15669,77986
09/08/1997,4374.6,4394.8,4346.6,4362.4,13844,78077
09/09/1997,4352.7,4363.2,4307.2,4335.2,22243,80184
09/10/1997,4337.0,4351.0,4289.7,4291.5,19636,80368
09/11/1997,4246.8,4276.6,4235.4,4245.9,21803,81570
09/12/1997,4250.3,4289.7,4209.2,4229.3,21603,83122
09/15/1997,4280.8,4301.5,4250.5,4299.8,24305,80865
09/16/1997,4280.8,4389.7,4271.2,4387.1,40746,84642
09/17/1997,4423.4,4436.4,4376.7,4411.8,37570,83480
09/18/1997,4405.3,4465.8,4381.1,4438.1,31287,83347
09/19/1997,4455.4,4455.4,4393.2,4408.7,21205,83550
09/22/1997,4412.2,4485.7,4412.2,4466.7,8513,65835
09/23/1997,4462.4,4485.7,4398.4,4426.0,7674,65683
09/24/1997,4418.3,4472.7,4400.1,4470.1,7584,66098
09/25/1997,4451.1,4462.4,4426.0,4440.7,6010,66660
09/26/1997,4479.7,4616.3,4479.7,4614.6,14319,68785
09/29/1997,4585.2,4622.3,4566.1,4586.9,7733,68091
09/30/1997,4602.5,4635.3,4571.3,4605.9,10114,69176
10/01/1997,4603.3,4694.1,4592.9,4663.0,10368,69581
10/02/1997,4687.2,4704.5,4635.3,4648.3,11575,71036
10/03/1997,4656.9,4700.2,4605.9,4665.6,14871,71842
10/06/1997,4619.8,4659.5,4610.2,4644.8,8575,72758
10/07/1997,4662.1,4705.4,4613.7,4658.7,10665,74236
10/08/1997,4682.9,4713.2,4540.2,4582.6,12772,74638
10/09/1997,4583.4,4607.6,4501.3,4552.3,14241,74479
10/10/1997,4573.1,4590.4,4505.6,4588.6,11073,74971
10/13/1997,4621.5,4680.3,4621.5,4626.7,8664,74960
10/14/1997,4618.0,4652.6,4602.5,4622.3,7987,75185
10/15/1997,4601.6,4608.5,4547.1,4605.5,12428,75747
10/16/1997,4622.3,4661.3,4589.5,4656.9,10892,75939
10/17/1997,4574.8,4635.3,4574.8,4626.7,9779,75011
10/20/1997,4540.2,4561.8,4496.1,4539.3,10116,74372
10/21/1997,4564.4,4580.0,4545.4,4553.2,6095,74586
10/22/1997,4578.2,4588.6,4463.2,4465.8,12971,74113
10/23/1997,4375.9,4410.5,4280.8,4327.5,17988,74871
10/24/1997,4380.2,4452.8,4298.0,4319.7,14222,75247
10/27/1997,4228.9,4298.0,4220.2,4223.7,14529,75473
10/28/1997,3908.9,4116.4,3787.8,4112.1,35884,78128
10/29/1997,4254.8,4280.8,4198.6,4280.8,22837,76129
10/30/1997,4129.4,4211.6,4096.6,4142.4,18412,76226
10/31/1997,4172.7,4229.7,4142.4,4194.3,13039,74864
11/03/1997,4267.8,4306.7,4250.5,4293.7,8798,74887
11/04/1997,4261.7,4298.0,4244.4,4250.1,8180,74017
11/05/1997,4285.1,4312.8,4226.3,4259.1,11590,75605
11/06/1997,4247.0,4273.8,4209.8,4229.7,10445,74294
11/07/1997,4194.3,4194.3,4086.2,4124.2,24848,74165
11/10/1997,4138.1,4202.9,4138.1,4158.0,9806,73537
11/11/1997,4177.0,4187.4,4131.1,4170.1,6788,73445
11/12/1997,4116.4,4121.6,4064.6,4108.7,14676,72386
11/13/1997,4129.4,4133.7,4086.2,4086.2,9457,72218
11/14/1997,4103.5,4177.0,4101.7,4119.0,12295,72178
11/17/1997,4315.3,4315.3,4188.2,4237.5,11640,71553
11/18/1997,4224.5,4231.5,4194.3,4212.4,7718,71244
11/19/1997,4164.0,4215.0,4153.6,4211.6,9872,72098
11/20/1997,4228.9,4280.8,4224.5,4261.7,14526,71584
11/21/1997,4290.3,4333.5,4279.9,4331.8,10683,69734
11/24/1997,4298.0,4299.8,4244.4,4261.7,8842,69747
11/25/1997,4270.4,4277.3,4211.6,4211.6,7829,69224
11/26/1997,4255.7,4272.1,4212.4,4241.8,5672,69064
11/27/1997,4257.4,4273.0,4228.9,4237.5,4314,68951
11/28/1997,4220.2,4232.3,4207.2,4207.2,5374,69267
12/01/1997,4276.4,4289.4,4215.9,4280.8,10557,68759
12/02/1997,4324.9,4334.4,4280.8,4332.6,10373,68762
12/03/1997,4328.3,4349.1,4298.0,4316.2,8938,69413
12/04/1997,4334.4,4412.2,4334.4,4409.6,15000,69636
12/05/1997,4393.2,4501.3,4375.9,4487.4,16920,68826
12/08/1997,4492.6,4535.9,4492.6,4512.5,9943,69087
12/09/1997,4501.3,4512.5,4469.3,4477.9,17960,67934
12/10/1997,4454.6,4466.7,4416.5,4445.1,17151,66840
12/11/1997,4401.8,4401.8,4350.8,4358.6,14429,66486
12/12/1997,4380.2,4399.2,4357.7,4366.4,14686,67066
12/15/1997,4375.4,4438.7,4375.4,4438.3,28170,67534
12/16/1997,4456.7,4520.9,4456.7,4511.5,32459,70310
12/17/1997,4525.2,4550.9,4485.0,4503.4,27931,70670
12/18/1997,4512.4,4528.6,4461.8,4477.7,16373,71422
12/19/1997,4396.8,4421.6,4306.9,4313.7,16784,73133
12/22/1997,4306.9,4371.1,4306.9,4328.3,4509,57205
12/23/1997,4331.7,4374.5,4328.3,4374.5,3257,57519
12/24/1997,4348.0,4367.7,4299.2,4306.9,1188,57262
12/29/1997,4349.7,4422.5,4349.7,4411.3,2910,57826
12/30/1997,4423.3,4452.4,4415.6,4446.4,3970,58106
12/31/1997,4473.8,4488.4,4431.0,4437.9,2450,58302
01/02/1998,4478.1,4491.0,4435.3,4491.0,2958,59715
01/05/1998,4491.0,4535.5,4473.0,4532.9,9069,61519
01/06/1998,4533.8,4552.6,4496.1,4551.7,8350,61686
01/07/1998,4514.1,4548.3,4496.9,4504.7,12268,60617
01/08/1998,4520.9,4572.3,4498.7,4519.2,10559,60037
01/09/1998,4502.9,4511.5,4418.2,4420.7,13059,59095
01/12/1998,4298.3,4354.0,4290.6,4336.0,12889,60351
01/13/1998,4382.2,4404.5,4367.7,4376.2,8958,60113
01/14/1998,4435.3,4435.3,4392.5,4394.2,7738,60283
01/15/1998,4389.1,4454.1,4389.1,4449.9,10658,61362
01/16/1998,4462.7,4551.7,4462.7,4548.3,12587,62142
01/19/1998,4572.3,4580.9,4525.2,4532.0,7668,62863
01/20/1998,4536.3,4555.2,4514.1,4538.0,10792,64526
01/21/1998,4550.9,4551.7,4496.1,4535.5,11321,64215
01/22/1998,4473.8,4533.8,4473.8,4508.1,9435,63813
01/23/1998,4508.1,4516.6,4443.9,4448.1,7633,64211
01/26/1998,4461.0,4510.6,4437.9,4498.7,7932,64119
01/27/1998,4508.9,4596.3,4499.5,4587.7,13761,65697
01/28/1998,4589.4,4652.8,4589.4,4626.2,12831,64794
01/29/1998,4631.4,4678.5,4607.4,4662.2,10220,64447
01/30/1998,4651.9,4676.8,4632.2,4672.5,10313,64725
02/02/1998,4777.8,4829.2,4769.2,4817.2,11888,63810
02/03/1998,4786.4,4826.6,4780.4,4818.0,8706,63194
02/04/1998,4808.6,4820.6,4778.6,4809.5,9368,63393
02/05/1998,4816.3,4878.0,4786.4,4787.2,13453,63641
02/06/1998,4794.9,4833.4,4767.5,4812.9,9300,64772
02/09/1998,4828.3,4862.6,4794.9,4805.2,5783,64435
02/10/1998,4799.2,4829.2,4790.6,4827.5,7654,64274
02/11/1998,4854.9,4854.9,4791.5,4795.8,9406,63835
02/12/1998,4807.8,4812.9,4743.5,4751.2,10793,64667
02/13/1998,4764.9,4777.8,4743.5,4772.7,7081,65158
02/16/1998,4782.1,4823.2,4764.9,4820.6,5627,65503
02/17/1998,4837.7,4887.4,4820.6,4875.4,12258,68376
02/18/1998,4884.8,4917.4,4863.4,4913.1,12715,68634
02/19/1998,4890.8,4914.8,4879.7,4909.6,8262,69317
02/20/1998,4904.5,4922.5,4884.8,4912.2,7729,69279
02/23/1998,4938.8,4964.4,4876.3,4880.5,7153,69516
02/24/1998,4803.5,4844.6,4794.9,4834.3,10132,69498
02/25/1998,4854.9,4912.2,4837.7,4904.5,6825,69503
02/26/1998,4927.6,4956.7,4882.2,4951.6,13899,72126
02/27/1998,4957.6,4991.0,4914.8,4949.9,16347,75955
03/02/1998,4931.9,5010.7,4913.1,5007.3,9751,76199
03/03/1998,4987.6,5007.3,4957.6,4974.7,15039,77349
03/04/1998,4986.7,4990.1,4889.1,4898.5,14763,78800
03/05/1998,4837.7,4867.7,4812.0,4863.4,21599,81989
03/06/1998,4846.3,4955.0,4846.3,4950.7,14158,85720
03/09/1998,4949.0,4998.7,4931.9,4982.4,15838,90415
03/10/1998,4966.2,5022.7,4954.2,5006.4,23674,96876
03/11/1998,5017.5,5025.2,4974.7,4998.7,19016,102252
03/12/1998,4987.6,4987.6,4946.5,4950.7,17346,103943
03/13/1998,4981.2,5002.4,4934.7,4949.9,21178,108986
03/16/1998,4953.3,4987.1,4944.8,4968.1,39031,120848
03/17/1998,4991.4,5021.0,4976.1,5009.1,51501,132463
03/18/1998,5004.0,5062.4,5003.2,5045.5,59681,148161
03/19/1998,5066.6,5131.8,5059.9,5125.0,52344,157572
03/20/1998,5139.4,5185.1,5092.9,5108.9,39875,166851
03/23/1998,5114.0,5129.3,5089.5,5099.6,15281,152629
03/24/1998,5097.1,5117.4,5084.4,5105.6,17901,152600
03/25/1998,5135.2,5146.2,5097.1,5108.9,19745,153428
03/26/1998,5088.6,5088.6,5004.0,5025.2,26746,153478
03/27/1998,5042.1,5122.5,5031.1,5047.2,21344,155107
03/30/1998,5012.5,5063.3,5012.5,5036.2,13642,155785
03/31/1998,5045.5,5054.0,5019.3,5048.0,20252,156058
04/01/1998,5057.3,5156.3,5049.7,5147.0,26727,158745
04/02/1998,5161.4,5173.2,5127.6,5167.3,17516,157071
04/03/1998,5205.4,5222.3,5141.1,5173.2,26315,152217
04/06/1998,5152.1,5224.8,5138.6,5198.6,21378,152922
04/07/1998,5185.9,5241.8,5158.9,5191.0,26197,155488
04/08/1998,5175.8,5199.5,5152.1,5176.6,19247,155435
04/09/1998,5147.9,5208.8,5147.9,5202.0,18279,158250
04/14/1998,5207.1,5251.1,5185.9,5211.3,23106,157764
04/15/1998,5228.2,5247.7,5180.9,5184.2,18354,159591
04/16/1998,5178.3,5190.2,5090.3,5099.6,25011,162501
04/17/1998,5084.4,5103.0,5048.0,5055.7,21738,162127
04/20/1998,5092.9,5122.5,5059.9,5069.2,11033,161042
04/21/1998,5050.6,5103.9,5015.0,5094.6,18525,162757
04/22/1998,5097.1,5117.4,5043.8,5053.1,15284,162135
04/23/1998,5070.0,5096.3,4986.3,4989.7,23668,164947
04/24/1998,4977.0,5019.3,4923.7,4982.9,20709,165192
04/27/1998,4983.7,4983.7,4856.0,4864.5,25635,164226
04/28/1998,4915.2,4963.4,4895.8,4961.7,23034,164384
04/29/1998,4925.4,4972.7,4915.2,4946.5,23301,167423
04/30/1998,4949.1,5076.0,4930.4,5050.6,29815,165118
05/01/1998,5025.2,5136.9,5008.3,5128.4,19924,166360
05/05/1998,5156.3,5164.8,5078.5,5089.5,20016,165117
05/06/1998,5071.7,5108.9,5056.5,5063.3,20507,164946
05/07/1998,5042.1,5063.3,5016.7,5019.3,19489,164451
05/08/1998,5042.1,5089.5,5021.0,5068.3,20222,164262
05/11/1998,5080.2,5130.9,5050.6,5113.2,14387,165305
05/12/1998,5067.5,5092.9,5061.6,5067.5,14478,165602
05/13/1998,5092.9,5106.4,5052.3,5075.1,20876,169711
05/14/1998,5088.6,5092.0,5013.4,5031.1,26932,169705
05/15/1998,5026.0,5048.9,4982.9,5010.0,18940,169719
05/18/1998,4988.0,4988.0,4919.0,4921.1,24444,170081
05/19/1998,4948.2,5011.7,4948.2,5004.0,16984,168732
05/20/1998,5033.7,5048.9,4997.3,5012.5,19606,169555
05/21/1998,5050.6,5096.3,5034.5,5058.2,21115,171271
05/22/1998,5032.0,5057.3,5010.0,5031.1,16836,169455
05/26/1998,5082.7,5114.0,5059.0,5063.3,19731,170475
05/27/1998,4966.0,4991.4,4949.1,4957.5,29469,172485
05/28/1998,5025.2,5026.0,4930.4,4975.3,24160,171525
05/29/1998,4991.4,5021.0,4981.2,4999.0,32946,172434
06/01/1998,4936.4,4943.1,4892.4,4942.3,26624,175885
06/02/1998,4942.3,4961.7,4912.7,4942.3,26412,177811
06/03/1998,4957.5,5016.7,4957.5,5008.3,21279,179041
06/04/1998,4974.4,4995.6,4933.0,4939.8,48016,185968
06/05/1998,4974.4,5044.7,4966.0,5042.1,26013,182614
06/08/1998,5092.9,5130.9,5076.0,5125.9,36365,182437
06/09/1998,5105.6,5109.8,5081.0,5094.6,27127,181664
06/10/1998,5054.8,5065.8,5033.7,5054.8,48031,182328
06/11/1998,5033.7,5059.0,4950.7,4953.3,46363,185173
06/12/1998,4960.1,4977.0,4864.5,4872.9,57934,192692
06/15/1998,4859.6,4859.6,4771.9,4846.2,84681,194373
06/16/1998,4801.1,4867.9,4801.1,4851.2,71099,195597
06/17/1998,4886.3,4941.4,4866.2,4938.5,81883,191381
06/18/1998,4949.7,4972.3,4879.6,4900.1,76113,194682
06/19/1998,4899.6,4929.7,4852.9,4854.5,39004,192651
06/22/1998,4822.0,4845.4,4793.6,4831.2,16258,159067
06/23/1998,4817.8,4887.1,4812.0,4877.9,19662,158821
06/24/1998,4893.8,4918.0,4839.5,4909.7,15291,159100
06/25/1998,4943.1,4963.9,4928.9,4955.6,22022,158467
06/26/1998,4947.2,4974.8,4914.7,4968.1,13715,157364
06/29/1998,4984.8,5008.2,4952.2,4967.3,18376,159353
06/30/1998,4976.5,4977.3,4911.3,4918.8,18522,159564
07/01/1998,4938.9,5019.9,4938.9,5010.7,22910,161247
07/02/1998,5022.4,5061.6,5009.0,5049.1,22275,164718
07/03/1998,5055.8,5078.3,5027.4,5039.1,15884,166452
07/06/1998,5039.1,5055.8,4997.3,5052.4,21551,169603
07/07/1998,5078.3,5097.5,5049.9,5066.6,20652,170062
07/08/1998,5066.6,5085.0,5034.9,5044.9,17403,172010
07/09/1998,5072.5,5095.9,5011.5,5024.9,30595,171733
07/10/1998,4991.5,5029.1,4972.3,5007.3,23966,174045
07/13/1998,5014.0,5031.6,4997.3,5005.7,10852,173781
07/14/1998,5022.4,5146.0,5022.4,5135.1,29886,180383
07/15/1998,5147.6,5206.9,5143.4,5167.7,28295,184365
07/16/1998,5176.0,5205.2,5120.9,5135.9,31214,177801
07/17/1998,5164.3,5200.2,5156.8,5195.2,19631,179281
07/20/1998,5189.4,5206.1,5174.3,5191.0,13032,180769
07/21/1998,5193.5,5193.5,5143.4,5166.0,14353,184233
07/22/1998,5143.4,5166.0,5027.4,5029.9,27480,187347
07/23/1998,5044.9,5051.6,4974.8,4999.8,29732,187706
07/24/1998,4972.3,4991.5,4931.4,4935.5,21007,189638
07/27/1998,4922.2,4976.5,4888.8,4893.0,20051,188967
07/28/1998,4951.4,4956.4,4872.1,4877.9,29813,186132
07/29/1998,4850.4,4915.5,4849.5,4906.3,23327,186462
07/30/1998,4905.5,4984.0,4905.5,4960.6,19825,185620
07/31/1998,4958.9,4973.9,4891.3,4898.0,23021,184911
08/03/1998,4834.5,4871.2,4805.3,4859.6,22679,188755
08/04/1998,4862.1,4885.4,4796.9,4801.1,26428,189157
08/05/1998,4709.3,4746.0,4668.3,4708.4,39241,194960
08/06/1998,4746.8,4746.8,4644.1,4685.0,25779,194515
08/07/1998,4710.9,4763.5,4671.7,4762.7,17866,194470
08/10/1998,4751.0,4751.0,4662.5,4690.1,18614,194099
08/11/1998,4629.9,4646.6,4528.9,4538.1,42870,196809
08/12/1998,4592.4,4612.4,4525.6,4579.8,39347,200297
08/13/1998,4525.6,4567.3,4479.6,4496.3,31144,203511
08/14/1998,4563.1,4629.1,4542.3,4609.1,27373,203776
08/17/1998,4517.2,4607.4,4500.5,4575.7,21162,202969
08/18/1998,4642.5,4751.0,4629.9,4745.2,38282,208408
08/19/1998,4792.8,4803.6,4751.0,4766.9,29843,202452
08/20/1998,4796.9,4796.9,4721.8,4747.7,30525,203908
08/21/1998,4696.7,4726.0,4571.5,4579.8,34808,203668
08/24/1998,4638.3,4669.2,4560.6,4667.5,22301,203666
08/25/1998,4680.9,4746.0,4680.9,4741.0,26601,206846
08/26/1998,4675.9,4698.4,4605.7,4646.6,27940,208377
08/27/1998,4643.3,4643.3,4483.8,4483.8,48044,217347
08/28/1998,4366.9,4500.5,4266.7,4387.8,55845,218624
09/01/1998,4199.9,4375.3,4199.9,4358.6,52086,220369
09/02/1998,4437.9,4473.8,4356.9,4365.3,45287,219656
09/03/1998,4325.2,4347.7,4254.2,4262.6,38145,219973
09/04/1998,4300.1,4349.4,4244.2,4321.0,25268,219496
09/07/1998,4396.1,4483.0,4396.1,4473.8,27655,219285
09/08/1998,4462.9,4517.2,4437.9,4454.6,41095,222332
09/09/1998,4467.1,4486.3,4383.6,4436.2,56988,228854
09/10/1998,4377.8,4425.4,4275.1,4285.1,68436,236862
09/11/1998,4199.9,4285.1,4175.7,4277.6,81896,240698
09/14/1998,4343.0,4397.4,4331.5,4397.4,107171,242784
09/15/1998,4384.2,4413.9,4337.3,4405.6,97864,254216
09/16/1998,4446.8,4484.7,4410.6,4422.9,85729,255277
09/17/1998,4380.9,4383.4,4255.8,4282.1,99720,253112
09/18/1998,4343.9,4343.9,4213.8,4224.5,36379,251681
09/21/1998,4177.5,4189.1,4084.5,4152.0,27848,203295
09/22/1998,4253.3,4281.3,4216.2,4269.8,26348,205330
09/23/1998,4320.8,4361.2,4292.0,4356.2,27996,208205
09/24/1998,4418.0,4442.7,4301.0,4306.8,35766,209370
09/25/1998,4265.6,4265.6,4180.8,4226.1,27906,208351
09/28/1998,4305.2,4325.8,4182.5,4257.4,18988,205300
09/29/1998,4235.2,4269.8,4208.8,4265.6,30910,205398
09/30/1998,4235.2,4250.0,4170.9,4236.8,39295,212620
10/01/1998,4158.6,4158.6,4068.8,4085.3,46370,215843
10/02/1998,4129.8,4129.8,3936.2,3952.7,38225,222995
10/05/1998,3886.8,3993.1,3867.9,3869.5,28483,223944
10/06/1998,3923.9,4055.7,3915.7,4051.5,32736,226217
10/07/1998,4072.1,4142.1,3969.2,4026.0,37872,225306
10/08/1998,3961.0,4009.5,3819.3,3885.2,42295,230076
10/09/1998,3936.2,4022.7,3895.1,4020.2,34671,230166
10/12/1998,4146.2,4205.5,4096.8,4203.9,36040,227851
10/13/1998,4150.4,4203.9,4133.9,4150.4,33719,225165
10/14/1998,4132.2,4210.5,4097.6,4202.2,34208,228424
10/15/1998,4189.1,4272.2,4173.4,4202.2,38705,225686
10/16/1998,4339.8,4364.5,4236.8,4275.5,40701,233405
10/19/1998,4294.5,4313.4,4203.9,4213.8,38409,235452
10/20/1998,4250.8,4385.0,4246.7,4372.7,52935,232417
10/21/1998,4323.3,4399.0,4323.3,4330.7,41503,230026
10/22/1998,4356.2,4378.5,4335.6,4339.8,20988,229061
10/23/1998,4357.9,4368.6,4285.4,4348.0,17813,226888
10/26/1998,4372.7,4438.6,4331.5,4348.0,20437,226523
10/27/1998,4372.7,4467.4,4362.8,4434.9,28582,225429
10/28/1998,4389.2,4406.5,4353.8,4395.7,26441,224446
10/29/1998,4397.4,4451.7,4370.2,4432.0,20368,223408
10/30/1998,4463.3,4529.2,4442.7,4508.6,27717,223439
11/02/1998,4556.3,4622.2,4534.1,4581.0,23804,222219
11/03/1998,4541.5,4623.9,4525.0,4565.4,23711,218386
11/04/1998,4623.9,4686.4,4612.3,4664.2,25975,219919
11/05/1998,4636.2,4659.3,4529.2,4533.3,36172,219645
11/06/1998,4599.1,4629.6,4525.0,4553.9,26990,222674
11/09/1998,4553.9,4581.0,4473.2,4486.3,21211,223077
11/10/1998,4455.0,4506.9,4442.7,4504.4,26362,223322
11/11/1998,4539.0,4575.3,4520.1,4530.8,25180,220325
11/12/1998,4481.4,4525.9,4471.5,4513.5,21426,219091
11/13/1998,4527.5,4545.6,4446.8,4530.8,21163,217859
11/16/1998,4599.1,4603.3,4545.6,4566.2,21034,215469
11/17/1998,4541.5,4607.4,4529.2,4553.9,19198,215340
11/18/1998,4561.3,4610.7,4520.9,4525.0,27223,214770
11/19/1998,4543.2,4651.9,4523.4,4636.2,28896,217627
11/20/1998,4665.0,4761.4,4652.7,4737.5,34244,223145
11/23/1998,4777.0,4847.8,4777.0,4845.4,24558,227473
11/24/1998,4879.1,4884.9,4772.1,4805.0,26871,225597
11/25/1998,4807.5,4842.1,4739.1,4756.4,19411,223974
11/26/1998,4788.6,4847.8,4777.0,4845.4,13409,224323
11/27/1998,4825.6,4856.1,4769.6,4827.3,13087,222331
11/30/1998,4800.9,4850.3,4757.3,4784.4,24114,220571
12/01/1998,4714.4,4735.0,4558.0,4568.7,48095,222466
12/02/1998,4652.7,4652.7,4533.3,4534.9,42932,220640
12/03/1998,4492.1,4627.1,4438.6,4599.1,60867,219550
12/04/1998,4529.2,4636.2,4512.7,4596.7,51392,220017
12/07/1998,4652.7,4677.4,4595.0,4600.8,38434,220039
12/08/1998,4599.1,4665.0,4589.3,4632.1,48048,220984
12/09/1998,4636.2,4696.3,4595.0,4670.0,51787,220033
12/10/1998,4651.0,4718.6,4609.9,4662.6,54535,224296
12/11/1998,4595.0,4623.9,4547.3,4568.7,51954,230454
12/14/1998,4513.5,4574.0,4484.1,4554.8,76373,230032
12/15/1998,4583.8,4583.8,4542.9,4567.5,76586,230981
12/16/1998,4608.3,4639.4,4579.7,4632.4,76878,229875
12/17/1998,4627.1,4692.5,4561.7,4690.1,70189,223894
12/18/1998,4676.2,4757.9,4654.1,4753.8,34128,236190
12/21/1998,4764.5,4864.2,4729.3,4854.4,14838,198805
12/22/1998,4827.4,4849.5,4786.5,4797.2,13023,200214
12/23/1998,4798.8,4869.9,4797.2,4869.1,7109,198943
12/24/1998,4890.4,4890.4,4790.6,4823.3,2589,198834
12/29/1998,4835.6,4913.3,4835.6,4896.1,10797,197401
12/30/1998,4917.4,4917.4,4762.0,4797.2,13080,194586
01/04/1999,4819.2,4862.6,4774.7,4847.9,34121,194338
01/05/1999,4827.4,4914.9,4808.6,4886.3,23157,198884
01/06/1999,4937.8,5068.6,4913.3,5064.5,31515,195124
01/07/1999,5062.1,5076.8,4962.3,5027.7,30255,194444
01/08/1999,5067.0,5093.1,5022.0,5048.2,29894,191423
01/11/1999,5072.7,5104.6,4975.4,5005.6,28146,189731
01/12/1999,5011.4,5044.1,4941.9,4948.4,30023,190479
01/13/1999,4876.5,4909.2,4708.9,4776.7,50042,192966
01/14/1999,4823.3,4872.4,4745.7,4767.7,39686,192679
01/15/1999,4643.5,4896.9,4643.5,4892.8,36124,190198
01/18/1999,4932.1,5035.1,4901.0,5030.2,15678,188912
01/19/1999,4990.9,5040.8,4925.5,4927.2,23499,187366
01/20/1999,4995.0,5026.9,4958.2,5019.5,20751,187594
01/21/1999,4986.8,5056.3,4921.4,4928.8,25901,186085
01/22/1999,4872.4,4875.7,4774.3,4774.3,25721,182706
01/25/1999,4717.1,4843.8,4704.8,4827.4,23559,184304
01/26/1999,4883.8,4883.8,4759.6,4815.2,23078,183597
01/27/1999,4880.6,4913.3,4795.5,4809.4,19333,182533
01/28/1999,4790.6,4882.2,4764.5,4793.1,23634,181076
01/29/1999,4831.5,4868.3,4762.0,4847.9,25741,181917
02/01/1999,4900.2,4954.1,4885.5,4929.6,25784,185191
02/02/1999,4946.0,4946.0,4834.8,4910.8,31132,184631
02/03/1999,4917.4,4958.2,4841.3,4851.9,26686,184408
02/04/1999,4896.9,4946.0,4838.1,4864.2,30461,182966
02/05/1999,4839.7,4860.1,4767.7,4772.7,28821,184827
02/08/1999,4756.3,4792.3,4725.2,4770.2,21858,186725
02/09/1999,4778.4,4807.0,4700.7,4713.0,25138,186180
02/10/1999,4684.4,4721.1,4652.5,4720.3,27158,188165
02/11/1999,4720.3,4828.2,4711.3,4825.0,24871,189094
02/12/1999,4901.0,4935.3,4794.7,4849.5,34639,191486
02/15/1999,4836.4,4932.1,4815.2,4921.4,16674,189311
02/16/1999,4937.8,5010.5,4933.7,4995.0,34239,188966
02/17/1999,4962.3,4994.2,4938.6,4962.3,25140,188279
02/18/1999,4957.4,4990.1,4905.1,4954.1,34515,191526
02/19/1999,4970.5,4970.5,4896.9,4909.2,26820,192155
02/22/1999,4958.2,4977.0,4892.8,4969.7,22961,194456
02/23/1999,5031.8,5059.6,4986.8,5033.4,29922,190998
02/24/1999,4995.0,5164.2,4995.0,5158.5,38049,193347
02/25/1999,5119.3,5165.1,5048.2,5068.6,29778,192022
02/26/1999,5068.6,5087.4,5028.5,5034.3,24636,191433
03/01/1999,5052.2,5075.9,4925.5,4959.9,26876,190339
03/02/1999,4990.9,5013.0,4932.1,4955.8,33532,189230
03/03/1999,4955.8,5004.8,4932.9,4940.2,34270,188111
03/04/1999,4937.8,5008.1,4914.9,4986.8,56596,199593
03/05/1999,5044.1,5109.5,5002.4,5076.8,40117,205522
03/08/1999,5089.0,5106.2,5060.4,5085.8,19198,206690
03/09/1999,5113.6,5150.3,5065.3,5103.7,39213,209914
03/10/1999,5099.7,5117.6,5041.6,5107.8,41294,210383
03/11/1999,5134.0,5207.6,5134.0,5183.0,50062,216343
03/12/1999,5207.6,5223.9,5127.5,5134.0,45895,216342
03/15/1999,5153.9,5153.9,5038.6,5067.8,73783,218452
03/16/1999,5080.8,5119.8,5056.4,5067.0,114017,220565
03/17/1999,5057.3,5057.3,4993.9,5015.0,118575,218631
03/18/1999,5002.0,5016.7,4963.1,4996.4,85508,215262
03/19/1999,5022.3,5087.3,5008.5,5047.5,42124,219046
03/22/1999,4988.2,5072.7,4988.2,5026.4,26861,197432
03/23/1999,5014.2,5014.2,4940.3,4953.3,31374,192053
03/24/1999,4894.0,4933.0,4876.2,4907.8,34545,191510
03/25/1999,4924.1,5002.0,4907.8,4998.0,28259,189886
03/26/1999,4981.7,5025.6,4946.8,5023.2,17007,188821
03/29/1999,5026.4,5122.2,5026.4,5119.8,19335,190079
03/30/1999,5140.1,5143.3,5088.1,5119.4,28951,190024
03/31/1999,5115.7,5191.2,5115.7,5127.9,28578,193264
04/01/1999,5103.5,5227.8,5091.4,5160.4,35105,200179
04/06/1999,5213.2,5270.0,5193.7,5245.6,32150,202786
04/07/1999,5240.8,5309.8,5240.8,5292.7,28655,203623
04/08/1999,5316.3,5316.3,5225.3,5256.2,24654,203011
04/09/1999,5318.7,5335.0,5235.9,5288.7,27014,206651
04/12/1999,5270.0,5286.2,5205.0,5257.8,20038,206505
04/13/1999,5318.7,5337.4,5278.1,5333.3,33566,206481
04/14/1999,5310.6,5352.8,5278.9,5305.7,23234,204752
04/15/1999,5322.8,5347.1,5257.8,5274.1,30757,205383
04/16/1999,5270.0,5310.6,5233.5,5244.0,25298,208856
04/19/1999,5261.9,5338.2,5241.6,5335.0,24315,211763
04/20/1999,5265.9,5274.1,5127.9,5153.9,35271,209258
04/21/1999,5176.6,5180.7,5132.0,5145.8,28366,208373
04/22/1999,5205.0,5273.3,5191.2,5237.5,28550,208250
04/23/1999,5270.0,5284.6,5235.9,5258.6,23714,204697
04/26/1999,5253.8,5325.2,5248.1,5309.8,15569,203184
04/27/1999,5314.7,5416.2,5297.6,5377.2,30694,204768
04/28/1999,5375.6,5392.6,5360.1,5387.7,22769,204596
04/29/1999,5387.7,5387.7,5289.5,5300.9,29014,204930
04/30/1999,5316.3,5373.9,5316.3,5330.1,17644,206012
05/04/1999,5391.8,5444.6,5305.7,5311.4,35646,209133
05/05/1999,5292.7,5325.2,5196.9,5202.6,32500,214023
05/06/1999,5245.6,5283.8,5168.5,5208.3,29700,216515
05/07/1999,5188.8,5215.6,5156.3,5176.6,26176,216838
05/10/1999,5185.1,5196.5,5100.7,5171.8,22743,218486
05/11/1999,5167.7,5228.6,5156.3,5194.5,20083,219750
05/12/1999,5169.3,5194.5,5048.3,5162.8,25433,221236
05/13/1999,5168.9,5265.1,5168.9,5261.1,24154,218270
05/14/1999,5272.4,5272.4,5081.2,5119.4,34697,216907
05/17/1999,5115.7,5115.7,4977.7,5008.5,31061,212266
05/18/1999,5043.5,5068.6,4999.6,5047.5,33923,214582
05/19/1999,5079.2,5106.0,5035.3,5093.8,37337,211204
05/20/1999,5099.9,5191.2,5079.2,5179.1,30331,209888
05/21/1999,5172.6,5203.4,5141.7,5168.5,23561,209574
05/24/1999,5197.7,5265.9,5068.6,5136.4,30623,206918
05/25/1999,5101.5,5101.5,5027.2,5082.0,49889,208629
05/26/1999,5071.9,5129.5,5022.3,5071.9,35877,210367
05/27/1999,5124.7,5124.7,5004.9,5039.8,34471,207043
05/28/1999,4993.9,5071.9,4965.9,5069.4,39593,203688
06/01/1999,5091.4,5168.1,5047.9,5084.5,31613,206265
06/02/1999,5107.6,5138.5,5067.8,5132.4,49059,203260
06/03/1999,5164.4,5188.8,5120.6,5158.8,40351,205196
06/04/1999,5160.8,5191.2,5092.2,5169.3,40172,205251
06/07/1999,5188.8,5234.3,5177.4,5215.6,28126,207386
06/08/1999,5253.8,5259.4,5205.0,5224.5,36404,207766
06/09/1999,5213.2,5263.9,5213.2,5248.1,53244,209056
06/10/1999,5248.1,5252.1,5179.1,5197.7,62710,210852
06/11/1999,5219.3,5306.5,5217.2,5264.7,63402,219723
06/14/1999,5258.3,5288.9,5196.2,5224.4,63402,219723
06/16/1999,5242.2,5321.2,5223.6,5286.9,89464,244043
06/17/1999,5336.9,5337.3,5240.5,5268.8,81062,244520
06/18/1999,5309.1,5355.0,5266.3,5292.9,39492,244269
06/21/1999,5317.1,5376.8,5302.2,5350.2,20356,200402
06/22/1999,5341.7,5341.7,5279.2,5319.6,21738,199225
06/23/1999,5280.9,5300.2,5250.2,5272.4,29441,201052
06/24/1999,5284.9,5288.1,5184.1,5205.1,36153,212176
06/25/1999,5169.6,5237.7,5168.0,5216.4,21459,212607
06/28/1999,5204.3,5220.4,5174.0,5186.5,23537,212576
06/29/1999,5206.3,5215.5,5101.5,5129.7,51143,212061
06/30/1999,5143.8,5154.7,5087.4,5117.6,37293,211138
07/01/1999,5176.0,5293.8,5173.6,5267.1,37293,211138
07/02/1999,5292.1,5292.1,5222.0,5267.1,52344,205089
07/05/1999,5321.2,5359.1,5305.4,5347.8,24470,204872
07/06/1999,5335.7,5380.8,5303.4,5372.0,31303,207668
07/07/1999,5357.4,5369.5,5306.2,5337.3,21144,205489
07/08/1999,5365.5,5373.6,5263.9,5314.7,22521,206135
07/09/1999,5314.7,5334.1,5293.3,5314.7,15514,208885
07/12/1999,5347.8,5363.9,5277.2,5292.1,20810,208224
07/13/1999,5296.2,5296.2,5186.5,5205.9,33552,207175
07/14/1999,5214.3,5296.2,5197.8,5247.8,31184,212264
07/15/1999,5243.8,5353.4,5243.8,5329.2,31193,210321
07/16/1999,5309.1,5335.7,5292.9,5313.9,17035,211839
07/19/1999,5315.9,5365.5,5214.3,5242.2,27096,211141
07/20/1999,5200.2,5245.4,5125.7,5162.3,31895,208022
07/21/1999,5104.3,5143.0,5076.1,5109.9,33237,206698
07/22/1999,5111.5,5135.7,5018.8,5085.7,34674,207701
07/23/1999,5041.4,5103.9,4980.5,5010.8,27597,206744
07/26/1999,5026.9,5026.9,4918.0,4987.4,36609,203900
07/27/1999,4991.8,5090.2,4991.8,5064.8,29263,202385
07/28/1999,5089.0,5105.1,5051.1,5090.6,29843,202728
07/29/1999,5030.9,5049.1,4905.5,4926.5,30467,204547
07/30/1999,4937.8,5037.0,4937.8,5031.7,25251,201229
08/02/1999,4994.6,5106.7,4968.0,5087.4,29458,198979
08/03/1999,5075.3,5082.9,5016.4,5046.2,38725,192158
08/04/1999,5051.1,5084.1,5008.3,5030.1,21434,192532
08/05/1999,4997.9,4997.9,4902.7,4916.0,31952,193889
08/06/1999,4982.5,4986.6,4918.0,4935.0,22612,195019
08/09/1999,4958.4,4990.2,4938.2,4947.5,25124,196821
08/10/1999,4950.3,4950.3,4806.8,4825.3,34669,198185
08/11/1999,4868.1,4889.0,4833.4,4869.7,21652,195114
08/12/1999,4948.7,4997.1,4912.4,4971.7,25019,192824
08/13/1999,4961.6,5061.6,4941.8,5047.0,29935,192765
08/16/1999,5057.5,5067.2,5019.2,5047.8,25777,191855
08/17/1999,5058.3,5059.9,4970.5,4977.7,40180,192038
08/18/1999,4994.6,5043.0,4971.3,5014.8,30837,189432
08/19/1999,5008.3,5018.0,4930.1,4949.5,38524,187176
08/20/1999,4987.4,5012.8,4950.3,5000.3,19772,187540
08/23/1999,5024.1,5138.1,5024.1,5114.0,26286,189027
08/24/1999,5143.8,5143.8,5075.3,5112.3,19277,188744
08/25/1999,5103.5,5173.6,5096.2,5147.8,24849,188497
08/26/1999,5188.1,5209.9,5128.5,5163.9,23525,186432
08/27/1999,5167.2,5185.7,5128.9,5146.2,23525,186432
08/31/1999,5078.5,5097.8,4952.7,5026.5,35822,185125
09/01/1999,4990.6,5082.5,4990.6,5072.0,33967,182323
09/02/1999,5095.4,5095.4,4979.3,4993.4,51309,186234
09/03/1999,5019.2,5130.1,5008.3,5120.4,51309,186234
09/06/1999,5123.6,5163.9,5120.8,5152.3,38277,188037
09/07/1999,5145.8,5159.1,5083.7,5086.5,48465,191324
09/08/1999,5076.1,5101.9,5011.6,5040.6,71934,198577
09/09/1999,5008.3,5065.6,5008.3,5046.2,49002,200841
09/10/1999,5034.9,5089.8,4986.6,4990.6,63481,198403
09/13/1999,5028.5,5032.5,4938.3,4979.8,80540,196782
09/14/1999,4990.2,5044.5,4911.6,4928.3,93953,200799
09/15/1999,4932.7,4936.3,4867.3,4891.6,97707,208669
09/16/1999,4821.0,4906.4,4777.1,4836.6,88604,206484
09/17/1999,4870.5,4880.9,4837.0,4859.3,45846,212089
09/20/1999,4872.9,4910.4,4842.1,4866.5,22216,175941
09/21/1999,4891.2,4896.0,4770.7,4787.5,38391,178600
09/22/1999,4749.2,4806.6,4718.0,4751.6,44625,180971
09/23/1999,4771.5,4848.1,4751.6,4811.4,40251,181792
09/24/1999,4759.9,4795.5,4735.6,4769.5,43531,182554
09/27/1999,4801.0,4900.4,4792.3,4892.8,31341,182742
09/28/1999,4878.9,4888.8,4809.8,4825.8,29764,177659
09/29/1999,4873.7,4895.6,4775.5,4841.7,33095,172566
09/30/1999,4847.3,4880.1,4795.9,4856.1,31816,173385
10/01/1999,4904.4,4907.2,4791.1,4795.5,35746,175104
10/04/1999,4829.0,4906.8,4810.6,4878.9,22426,175262
10/05/1999,4908.8,4915.2,4855.3,4896.8,26091,176169
10/06/1999,4891.6,4938.3,4829.4,4906.8,29415,176591
10/07/1999,4943.1,5012.6,4932.7,4989.4,35135,178316
10/08/1999,4967.1,5044.5,4951.1,4987.8,32016,179456
10/11/1999,4999.8,5022.1,4971.1,5008.6,13304,179861
10/12/1999,4968.7,5018.1,4938.3,4959.9,31504,184413
10/13/1999,4884.8,4944.7,4877.7,4908.8,34158,186438
10/14/1999,4876.9,4932.7,4839.0,4843.3,39469,185875
10/15/1999,4813.0,4815.4,4693.3,4736.4,48405,191832
10/18/1999,4716.4,4726.8,4650.6,4709.2,30795,192200
10/19/1999,4739.6,4824.2,4714.0,4821.0,40366,193257
10/20/1999,4811.8,4847.3,4787.9,4833.4,24990,192402
10/21/1999,4852.9,4852.9,4725.2,4771.5,32325,193544
10/22/1999,4797.0,4875.7,4797.0,4868.9,28247,191577
10/25/1999,4887.2,4911.6,4804.6,4816.2,26984,192903
10/26/1999,4789.1,4893.6,4789.1,4885.6,29199,195067
10/27/1999,4809.0,4865.3,4809.0,4841.7,35891,198734
10/28/1999,4864.9,4951.9,4797.0,4938.3,43636,201780
10/29/1999,4959.1,5032.5,4959.1,5021.3,30617,201998
11/01/1999,5024.5,5052.5,4999.4,5046.1,22498,202155
11/02/1999,5007.0,5026.1,4999.8,5018.1,25070,202280
11/03/1999,5010.2,5058.5,4993.4,5040.5,29639,206216
11/04/1999,5043.7,5102.0,5025.7,5082.0,26988,203908
11/05/1999,5090.8,5138.3,5051.3,5103.5,27925,204876
11/08/1999,5088.8,5130.7,5064.4,5108.3,16966,203901
11/09/1999,5130.3,5204.1,5118.3,5157.8,33703,208003
11/10/1999,5172.2,5194.5,5140.3,5173.0,35813,197250
11/11/1999,5183.4,5260.4,5171.0,5252.0,26783,201027
11/12/1999,5253.6,5304.7,5199.3,5212.9,40053,201027
11/15/1999,5268.0,5272.0,5216.1,5242.4,26024,205592
11/16/1999,5250.4,5287.9,5238.4,5281.5,25312,206677
11/17/1999,5321.1,5322.2,5230.9,5242.4,31324,208287
11/18/1999,5242.4,5276.0,5222.1,5244.8,33784,212241
11/19/1999,5271.2,5275.6,5163.4,5192.9,46898,217485
11/22/1999,5192.9,5207.3,5135.9,5150.6,31092,218711
11/23/1999,5164.2,5247.6,5134.7,5234.5,52575,229424
11/24/1999,5231.7,5268.4,5198.5,5258.8,26205,230579
11/25/1999,5244.0,5355.0,5244.0,5347.8,35087,230014
11/26/1999,5339.8,5381.3,5327.8,5345.4,21156,228881
11/29/1999,5353.0,5404.5,5317.9,5347.0,29830,228906
11/30/1999,5333.4,5333.4,5264.0,5287.9,42662,227578
12/01/1999,5216.9,5323.8,5216.9,5311.1,32216,227072
12/02/1999,5335.0,5350.6,5289.1,5315.9,45586,227362
12/03/1999,5339.8,5414.0,5316.7,5376.5,51532,226921
12/06/1999,5388.5,5400.5,5318.7,5355.8,35027,226527
12/07/1999,5343.8,5386.5,5303.9,5319.9,48077,225304
12/08/1999,5308.7,5325.4,5271.2,5281.1,66061,233194
12/09/1999,5267.2,5337.8,5267.2,5329.4,43775,239268
12/10/1999,5318.7,5387.7,5318.3,5378.9,65702,237755
12/13/1999,5390.8,5409.4,5351.2,5353.2,47085,238690
12/14/1999,5342.1,5386.4,5324.7,5352.8,63829,246095
12/15/1999,5337.0,5342.1,5262.2,5300.2,60711,240834
12/16/1999,5317.6,5350.0,5302.5,5330.6,59553,231676
12/17/1999,5365.9,5419.7,5315.2,5381.7,31519,185869
12/20/1999,5370.2,5406.2,5350.0,5384.1,13466,185513
12/21/1999,5385.6,5385.6,5339.0,5367.4,22069,187041
12/22/1999,5369.8,5403.1,5359.5,5371.4,12777,189435
12/23/1999,5371.4,5429.2,5371.4,5411.0,12777,189435
12/29/1999,5437.1,5504.4,5437.1,5450.5,7421,191274
12/30/1999,5466.4,5536.0,5462.4,5521.8,7421,191274
01/04/2000,5496.4,5496.4,5293.8,5308.5,41416,194824
01/05/2000,5209.2,5289.9,5170.4,5199.3,43608,198092
01/06/2000,5145.8,5209.6,5106.3,5134.8,31645,199321
01/07/2000,5124.5,5199.7,5124.5,5169.6,39449,198047
01/10/2000,5224.2,5278.8,5215.5,5257.4,34104,200566
01/11/2000,5270.1,5272.9,5153.0,5178.3,30305,201293
01/12/2000,5160.1,5210.0,5132.4,5198.1,30126,201886
01/13/2000,5191.7,5251.1,5172.8,5188.6,32337,201989
01/14/2000,5192.9,5299.4,5192.9,5294.6,32337,201989
01/17/2000,5295.4,5323.1,5268.1,5306.5,34118,202536
01/18/2000,5299.0,5321.5,5144.7,5153.4,33537,207741
01/19/2000,5152.2,5159.7,5084.9,5115.8,36238,208517
01/20/2000,5129.2,5158.5,5014.5,5035.8,44145,205162
01/21/2000,5039.0,5055.6,4982.0,5035.0,37568,205823
01/24/2000,5037.8,5142.7,5037.8,5065.1,21349,206818
01/25/2000,5017.6,5035.8,4962.2,4969.4,28426,209906
01/26/2000,4993.9,5088.9,4986.4,5073.0,28227,209532
01/27/2000,5096.8,5118.1,5071.8,5099.9,21453,208949
01/28/2000,5096.8,5133.2,5015.3,5055.2,32979,210087
01/31/2000,4983.6,5025.5,4945.6,4974.1,38740,209438
02/01/2000,5039.8,5044.9,4936.9,4994.7,33286,210479
02/02/2000,4992.3,5030.3,4948.8,4980.4,34770,215614
02/03/2000,4982.4,5040.2,4950.4,5015.3,31296,217192
02/04/2000,5037.4,5037.4,4868.8,4884.7,47155,223122
02/07/2000,4918.3,4930.6,4828.5,4841.5,42201,219387
02/08/2000,4843.9,5002.6,4843.9,4989.9,70200,244855
02/09/2000,4997.8,5115.8,4982.0,5014.1,51842,246359
02/10/2000,4984.4,5011.3,4904.1,4973.7,55427,246116
02/11/2000,4964.6,5007.3,4847.5,4917.1,104460,235056
02/14/2000,4898.9,4914.7,4762.0,4781.0,36651,234562
02/15/2000,4821.0,4872.0,4720.9,4748.2,41717,233850
02/16/2000,4834.8,4887.0,4775.5,4878.7,38267,229741
02/17/2000,4873.6,4957.5,4827.7,4921.9,80186,242009
02/18/2000,4906.8,4954.3,4822.9,4864.9,48678,233955
02/22/2000,4809.9,4885.1,4733.9,4759.6,51059,233467
02/23/2000,4802.8,4896.2,4780.2,4870.8,37900,232674
02/24/2000,4950.4,4978.1,4795.2,4807.9,44192,229173
02/25/2000,4857.4,4924.2,4822.9,4919.5,30203,227821
02/28/2000,4865.7,4971.7,4780.6,4815.0,35696,228194
02/29/2000,4862.5,4957.9,4837.6,4946.4,50162,232625
03/01/2000,4951.2,5057.2,4951.2,5024.0,69823,236157
03/02/2000,5024.4,5099.2,4994.7,5093.2,69094,239914
03/03/2000,5074.6,5149.8,5058.8,5120.5,54002,238038
03/06/2000,5144.3,5223.4,5100.7,5197.3,43815,233650
03/07/2000,5145.8,5202.0,5102.3,5107.1,68436,231467
03/08/2000,5061.2,5124.5,5046.9,5060.4,58304,222882
03/09/2000,5086.5,5193.3,5086.5,5170.4,65672,229422
03/10/2000,5221.8,5267.3,5179.9,5208.8,77566,231478
03/13/2000,5127.7,5183.7,5053.4,5114.8,105666,231396
03/14/2000,5169.2,5177.4,5094.5,5133.2,101347,232441
03/15/2000,5076.1,5120.7,5054.1,5102.3,105051,240487
03/16/2000,5134.4,5250.6,5134.4,5195.8,106133,239837
03/17/2000,5295.7,5319.5,5137.5,5177.1,62693,257130
03/20/2000,5182.5,5258.9,5172.4,5224.8,19118,201725
03/21/2000,5203.3,5241.6,5176.3,5229.5,27877,204776
03/22/2000,5281.2,5300.8,5182.1,5218.5,32349,201391
03/23/2000,5246.7,5246.7,5165.3,5215.0,19323,200629
03/24/2000,5284.3,5349.7,5234.2,5339.1,28115,206699
03/27/2000,5312.5,5360.6,5249.1,5277.3,26737,206185
03/28/2000,5276.5,5321.9,5233.4,5264.7,20156,208347
03/29/2000,5255.7,5275.7,5183.3,5209.9,23959,209123
03/30/2000,5188.8,5188.8,5047.9,5081.9,42624,209458
03/31/2000,5040.1,5180.6,5040.1,5167.3,38661,204408
04/03/2000,5180.6,5180.6,5085.5,5101.9,33734,205511
04/04/2000,5142.6,5165.3,5022.1,5083.1,37589,211397
04/05/2000,4935.9,5059.2,4935.9,4982.9,35663,212874
04/06/2000,5032.2,5121.5,5012.7,5099.9,31050,207540
04/07/2000,5135.6,5195.1,5101.5,5166.9,26774,206277
04/10/2000,5206.0,5206.0,5132.0,5163.0,19564,210455
04/11/2000,5119.9,5133.2,5013.8,5027.5,30419,212327
04/12/2000,5080.0,5080.0,4999.3,5028.3,19595,213422
04/13/2000,5032.2,5045.5,4949.2,5032.2,24261,211999
04/14/2000,4986.8,4986.8,4813.8,4863.9,24261,211999
04/17/2000,4600.9,4785.2,4600.9,4723.4,71190,205835
04/18/2000,4798.9,4809.9,4695.6,4794.2,38420,204430
04/19/2000,4812.2,4889.4,4810.3,4871.0,40574,206305
04/20/2000,4845.9,4935.9,4838.1,4915.6,40574,206305
04/25/2000,4905.0,4978.2,4860.0,4939.9,22160,212936
04/26/2000,4996.6,5010.3,4881.1,4916.4,26800,212494
04/27/2000,4879.6,4968.4,4825.6,4860.0,29969,215259
04/28/2000,4889.0,5004.8,4888.2,4998.2,29969,215259
05/02/2000,5010.3,5054.5,4969.6,5033.0,24844,219865
05/03/2000,5002.5,5002.5,4855.3,4864.7,33168,223523
05/04/2000,4853.7,4902.3,4842.8,4871.7,26425,225809
05/05/2000,4869.4,4930.8,4865.9,4908.5,28522,223230
05/08/2000,4921.5,4928.9,4850.6,4883.5,28236,224907
05/09/2000,4878.4,4908.5,4802.9,4811.9,25449,225128
05/10/2000,4853.7,4864.7,4782.5,4808.3,36778,228187
05/11/2000,4793.5,4926.9,4762.9,4906.6,45266,233860
05/12/2000,4906.6,4960.6,4883.5,4943.0,28887,234197
05/15/2000,4950.8,4953.9,4881.1,4902.3,25062,233641
05/16/2000,4949.2,4992.3,4936.3,4971.6,30782,235970
05/17/2000,4941.8,4957.5,4853.7,4862.0,26778,239631
05/18/2000,4854.9,4921.1,4854.9,4900.7,26518,240500
05/19/2000,4890.9,4890.9,4731.6,4744.1,34502,242113
05/22/2000,4748.8,4815.0,4699.9,4748.8,52848,242017
05/23/2000,4802.9,4812.2,4728.1,4775.5,36126,245661
05/24/2000,4723.0,4813.4,4703.8,4806.0,61709,243448
05/25/2000,4840.8,4896.8,4801.3,4895.6,42738,242946
05/26/2000,4859.2,4912.5,4816.6,4880.4,37242,243033
05/30/2000,4916.8,5022.1,4916.8,4986.4,35864,243477
05/31/2000,5033.8,5045.5,4951.6,4984.9,45826,241578
06/01/2000,5002.5,5086.6,4979.8,5076.9,51203,244391
06/02/2000,5080.8,5217.4,5044.0,5202.1,70489,245609
06/05/2000,5244.4,5244.4,5124.2,5139.5,45977,253246
06/06/2000,5177.1,5193.1,5104.6,5132.4,52537,258401
06/07/2000,5122.3,5137.1,5081.5,5105.0,62940,260002
06/08/2000,5124.6,5141.0,5070.6,5082.3,61129,263023
06/09/2000,5082.3,5108.2,5044.0,5045.5,53286,265921
06/12/2000,5055.7,5085.5,5045.5,5052.6,99880,265344
06/13/2000,5051.0,5099.5,5024.3,5052.6,114906,268213
06/14/2000,5043.7,5139.4,5043.7,5135.1,127957,275278
06/15/2000,5138.6,5147.2,5078.6,5087.5,119209,275885
06/16/2000,5096.0,5148.7,5082.0,5095.2,50061,288571
06/19/2000,5078.9,5101.4,5054.1,5058.8,17534,249416
06/20/2000,5090.2,5115.4,5082.8,5104.9,16204,251181
06/21/2000,5096.8,5113.8,5028.9,5063.4,18160,250325
06/22/2000,5077.4,5112.3,5008.8,5027.0,23087,248568
06/23/2000,5018.9,5025.8,4978.9,4999.9,20859,251344
06/26/2000,4985.1,5043.3,4965.8,5020.8,20870,251799
06/27/2000,5010.7,5024.7,4970.4,4984.4,21777,253382
06/28/2000,4984.4,4999.9,4924.7,4934.0,24286,254747
06/29/2000,4945.6,4945.6,4859.6,4868.9,24744,258222
06/30/2000,4906.1,4941.7,4890.6,4927.8,22752,261487
07/03/2000,4933.2,5038.6,4920.8,5021.6,21192,262311
07/04/2000,5027.8,5053.7,5002.2,5013.0,28637,262466
07/05/2000,5011.5,5034.8,4947.5,4968.9,25926,264234
07/06/2000,4965.0,5026.2,4934.0,5000.3,27858,263819
07/07/2000,5019.3,5077.8,4979.7,5071.6,31842,264899
07/10/2000,5071.6,5085.9,5040.2,5044.8,19956,266045
07/11/2000,5051.0,5078.9,5028.9,5058.8,27055,266884
07/12/2000,5062.7,5103.7,5047.2,5082.0,22668,267123
07/13/2000,5072.4,5082.8,5033.6,5044.8,27765,265357
07/14/2000,5058.4,5071.2,5027.0,5038.6,19659,266585
07/17/2000,5056.1,5103.4,5056.1,5085.9,23693,269100
07/18/2000,5093.3,5093.7,5008.0,5018.5,28249,269574
07/19/2000,5027.0,5065.8,4997.9,5036.3,30408,269967
07/20/2000,5041.0,5061.1,5015.0,5040.2,17719,272564
07/21/2000,5050.3,5050.3,4953.0,4968.9,25881,273106
07/24/2000,4964.2,4995.2,4923.9,4963.1,26425,275991
07/25/2000,4960.3,4987.5,4943.3,4971.2,18413,275686
07/26/2000,4973.5,5003.0,4957.6,4975.1,18848,277291
07/27/2000,4971.6,5025.5,4936.7,4945.2,35267,276661
07/28/2000,4945.2,4975.5,4916.9,4923.1,19208,274864
07/31/2000,4917.7,4945.6,4872.7,4915.4,39242,274877
08/01/2000,4927.0,4979.3,4920.0,4953.4,26424,275958
08/02/2000,4961.1,4997.2,4891.3,4966.5,23162,277534
08/03/2000,4965.0,4972.7,4892.5,4901.4,23313,277276
08/04/2000,4942.5,4986.7,4920.0,4949.5,22982,278369
08/07/2000,4956.1,4979.7,4946.8,4958.8,18859,277568
08/08/2000,4961.9,4995.2,4933.2,4955.3,22555,278337
08/09/2000,4972.7,5025.8,4968.9,4981.3,35818,281619
08/10/2000,4982.0,4982.0,4941.7,4965.0,23673,281461
08/11/2000,4961.9,4975.5,4928.2,4957.2,15265,281936
08/14/2000,4968.5,5029.7,4954.1,4989.4,23766,285998
08/15/2000,5031.7,5054.1,5016.9,5037.1,23264,288931
08/16/2000,5037.9,5106.1,5035.5,5079.7,27571,291998
08/17/2000,5067.3,5085.1,5049.5,5077.4,30964,291620
08/18/2000,5070.4,5097.9,5063.8,5086.7,20723,292305
08/21/2000,5095.6,5104.1,5044.8,5088.6,45867,293984
08/22/2000,5108.4,5141.0,5085.9,5120.0,23318,295972
08/23/2000,5113.0,5130.5,5078.2,5100.6,25290,298576
08/24/2000,5123.9,5143.3,5086.7,5100.3,20705,300705
08/25/2000,5120.0,5149.5,5075.8,5098.3,20705,300705
08/29/2000,5125.4,5130.9,5093.7,5114.6,21471,299418
08/30/2000,5118.5,5148.7,5106.8,5127.0,26029,300474
08/31/2000,5101.4,5189.8,5101.4,5184.4,59382,303687
09/01/2000,5163.4,5313.8,5163.4,5273.5,59382,303687
09/04/2000,5272.7,5304.5,5268.9,5282.8,53425,308884
09/05/2000,5283.2,5286.3,5233.2,5243.7,63488,309597
09/06/2000,5228.5,5249.1,5193.3,5205.3,88890,320173
09/07/2000,5175.1,5215.4,5165.8,5185.9,83551,321079
09/08/2000,5187.9,5206.8,5084.0,5116.1,82013,316481
09/11/2000,5104.5,5118.5,5059.6,5103.4,103632,310686
09/12/2000,5089.0,5105.3,5057.2,5085.1,125972,307262
09/13/2000,5065.6,5083.6,5002.9,5021.2,122810,313374
09/14/2000,4973.8,5105.4,4973.8,5073.3,85797,310130
09/15/2000,5046.5,5060.3,4988.7,5030.0,49269,319103
09/18/2000,4989.1,5013.2,4926.0,4963.8,36567,260294
09/19/2000,4924.8,4964.6,4917.2,4952.4,32908,254677
09/20/2000,4973.0,4979.1,4813.1,4846.0,28339,251376
09/21/2000,4884.2,4884.2,4755.3,4799.3,46428,251197
09/22/2000,4726.6,4823.8,4685.6,4797.8,39148,251914
09/25/2000,4830.7,4888.1,4802.4,4831.8,43778,251335
09/26/2000,4818.4,4847.1,4786.3,4809.6,27759,252233
09/27/2000,4784.0,4888.8,4778.6,4845.2,30608,252678
09/28/2000,4828.0,4867.4,4795.5,4836.8,42523,255061
09/29/2000,4833.4,4875.1,4819.6,4865.1,34956,253169
10/02/2000,4859.4,4913.3,4839.9,4887.3,45747,249694
10/03/2000,4867.8,4919.1,4860.9,4902.2,29508,249067
10/04/2000,4862.1,4904.5,4849.0,4890.0,29508,249067
10/05/2000,4890.4,4942.4,4890.4,4926.3,31166,242876
10/06/2000,4909.5,4952.4,4893.0,4909.5,36550,237607
10/09/2000,4902.6,4907.2,4822.6,4829.9,23454,237865
10/10/2000,4860.5,4862.8,4803.9,4823.8,42016,237030
10/11/2000,4778.6,4786.7,4702.9,4719.7,44709,233237
10/12/2000,4739.2,4792.4,4676.8,4729.7,41015,231161
10/13/2000,4663.8,4821.5,4660.8,4786.3,29605,230144
10/16/2000,4823.0,4859.8,4793.9,4848.3,32097,232583
10/17/2000,4848.3,4852.1,4779.4,4792.4,37110,234813
10/18/2000,4779.8,4779.8,4636.3,4737.3,40915,234603
10/19/2000,4772.5,4821.1,4757.2,4794.7,30431,234712
10/20/2000,4818.4,4866.6,4785.5,4835.3,27665,234814
10/23/2000,4859.8,4886.5,4827.2,4866.6,21714,235474
10/24/2000,4869.7,4981.8,4849.8,4959.2,28828,235281
10/25/2000,4928.6,4934.4,4873.5,4917.2,37040,238774
10/26/2000,4862.1,4926.7,4807.7,4836.8,31825,233715
10/27/2000,4867.8,4931.7,4859.8,4906.8,36871,239802
10/30/2000,4913.3,4930.9,4845.6,4919.4,19786,238824
10/31/2000,4941.6,4980.7,4935.1,4966.9,24799,240022
11/01/2000,4994.1,5017.0,4919.4,4960.8,32759,237526
11/02/2000,4960.0,4991.8,4908.0,4915.2,25110,238624
11/03/2000,4923.3,4948.9,4907.6,4915.6,29203,246409
11/06/2000,4950.8,4959.2,4913.3,4928.6,19529,247665
11/07/2000,4949.7,4977.6,4922.1,4955.8,24901,249365
11/08/2000,4983.0,5016.6,4955.8,4976.1,24901,249365
11/09/2000,4965.4,4997.5,4926.3,4959.2,20982,252114
11/10/2000,4944.7,4957.7,4870.1,4919.1,33063,253620
11/13/2000,4881.9,4890.8,4787.4,4822.3,25312,254789
11/14/2000,4844.8,4942.0,4842.9,4917.9,34161,255003
11/15/2000,4925.2,4964.2,4891.1,4943.2,40150,257230
11/16/2000,4951.6,4983.7,4923.7,4938.6,45804,258278
11/17/2000,4924.8,4978.4,4915.6,4939.0,27120,258007
11/20/2000,4937.1,4957.7,4857.1,4871.2,32138,260432
11/21/2000,4871.6,4912.2,4857.5,4903.4,29197,262196
11/22/2000,4901.8,4901.8,4758.0,4768.7,29197,262196
11/23/2000,4770.2,4836.8,4769.4,4829.1,50773,265306
11/24/2000,4813.8,4881.6,4785.1,4851.3,22524,269373
11/27/2000,4891.9,4913.3,4868.9,4881.2,22262,271186
11/28/2000,4878.9,4878.9,4777.1,4797.0,27051,270537
11/29/2000,4771.7,4779.4,4707.1,4728.1,50496,277374
11/30/2000,4695.2,4725.8,4647.4,4703.2,38666,275927
12/01/2000,4722.0,4758.0,4696.7,4711.7,31638,278670
12/04/2000,4739.6,4764.1,4683.3,4724.3,27244,280202
12/05/2000,4753.0,4844.4,4752.6,4827.2,87115,286175
12/06/2000,4859.8,4885.0,4790.9,4813.1,42953,288882
12/07/2000,4790.9,4797.4,4703.6,4780.2,76221,284279
12/08/2000,4772.1,4863.6,4771.4,4819.6,88815,275074
12/11/2000,4840.6,4885.0,4826.8,4870.5,118370,274326
12/12/2000,4870.5,4896.1,4845.2,4889.2,116722,287201
12/13/2000,4939.4,4939.4,4871.7,4891.1,124461,295808
12/14/2000,4891.5,4891.5,4769.9,4789.7,83647,295183
12/15/2000,4778.7,4793.5,4711.4,4722.8,64046,319367
12/18/2000,4740.3,4800.3,4738.8,4769.2,17176,242550
12/19/2000,4768.8,4838.3,4731.2,4810.9,26176,245801
12/20/2000,4723.2,4734.2,4684.8,4705.7,23597,246149
12/21/2000,4686.3,4725.1,4644.9,4667.7,20084,249169
12/22/2000,4711.4,4711.4,4662.8,4665.8,20084,249169
12/27/2000,4735.7,4763.1,4711.4,4742.9,9922,250596
12/28/2000,4757.0,4764.6,4725.1,4754.7,14289,255074
12/29/2000,4764.6,4772.2,4709.1,4712.2,10405,258013
01/02/2001,4711.4,4790.1,4693.5,4719.0,25272,254969
01/03/2001,4665.8,4692.4,4588.3,4611.9,35562,254788
01/04/2001,4764.6,4764.6,4688.2,4721.7,41933,257824
01/05/2001,4728.1,4767.6,4696.2,4713.7,37459,255184
01/08/2001,4692.4,4744.1,4678.7,4688.6,41308,255211
01/09/2001,4725.8,4735.7,4622.5,4635.4,38061,253303
01/10/2001,4665.8,4673.4,4606.5,4624.0,32894,255880
01/11/2001,4624.0,4671.9,4614.1,4660.9,32175,258079
01/12/2001,4658.2,4714.1,4655.2,4700.8,32175,258079
01/15/2001,4688.6,4720.9,4681.4,4695.4,35713,258379
01/16/2001,4674.2,4690.5,4626.3,4636.2,35527,256264
01/17/2001,4678.0,4730.0,4670.0,4703.8,41737,259623
01/18/2001,4707.6,4749.4,4704.6,4733.1,35066,261995
01/19/2001,4786.3,4787.8,4706.5,4733.8,31193,265327
01/22/2001,4728.9,4765.0,4692.4,4754.3,40665,260069
01/23/2001,4747.9,4760.8,4713.7,4727.4,24778,262652
01/24/2001,4760.8,4811.7,4760.0,4779.8,32822,265356
01/25/2001,4750.2,4797.7,4738.0,4760.0,41971,271674
01/26/2001,4747.9,4801.8,4743.3,4793.1,52344,280149
01/29/2001,4790.4,4826.9,4771.1,4808.7,27287,280230
01/30/2001,4814.7,4828.0,4789.3,4812.5,26028,279674
01/31/2001,4829.9,4842.5,4765.7,4780.6,33763,276908
02/01/2001,4786.6,4789.3,4738.0,4750.5,27641,278371
02/02/2001,4761.6,4787.0,4750.2,4760.4,20677,276899
02/05/2001,4755.5,4785.9,4741.8,4769.5,22003,277059
02/06/2001,4784.7,4802.2,4769.2,4788.2,25544,279354
02/07/2001,4767.3,4767.6,4712.9,4736.5,46613,281729
02/08/2001,4747.5,4767.6,4701.1,4716.0,41009,290147
02/09/2001,4693.2,4717.5,4674.2,4680.2,22183,287797
02/12/2001,4682.5,4749.4,4677.2,4742.6,24637,287609
02/13/2001,4742.6,4761.2,4718.2,4734.2,25322,288243
02/14/2001,4722.8,4725.1,4655.9,4682.9,33934,289649
02/15/2001,4702.7,4721.7,4674.5,4712.9,28718,291232
02/16/2001,4684.0,4684.0,4613.4,4632.8,28718,291232
02/19/2001,4624.0,4636.2,4608.4,4624.8,39678,294599
02/20/2001,4629.3,4663.5,4529.8,4544.2,33386,297792
02/21/2001,4547.3,4557.5,4496.0,4539.7,56487,299008
02/22/2001,4525.2,4574.6,4501.7,4558.7,37140,298524
02/23/2001,4556.8,4583.7,4472.8,4511.5,29394,301900
02/26/2001,4529.0,4544.6,4475.1,4494.8,46937,303730
02/27/2001,4510.4,4535.9,4478.9,4494.1,40551,302518
02/28/2001,4486.5,4557.1,4472.0,4483.4,38443,303981
03/01/2001,4472.0,4502.4,4450.4,4485.7,48571,307963
03/02/2001,4477.4,4497.9,4420.4,4443.5,38874,310001
03/05/2001,4449.6,4512.3,4449.6,4500.1,32059,303112
03/06/2001,4511.2,4579.6,4503.9,4567.0,66208,303589
03/07/2001,4561.7,4585.3,4535.1,4560.2,65857,295046
03/08/2001,4566.3,4592.5,4542.3,4556.4,64859,290123
03/09/2001,4544.2,4554.1,4481.2,4488.4,89055,291276
03/12/2001,4450.8,4466.7,4390.0,4409.7,148523,312540
03/13/2001,4348.7,4397.7,4331.7,4344.9,142730,328889
03/14/2001,4369.8,4375.1,4149.3,4271.4,151724,339034
03/15/2001,4303.5,4334.7,4250.7,4302.7,124672,346509
03/16/2001,4333.6,4336.6,4207.4,4220.5,39890,287503
03/19/2001,4234.1,4263.1,4198.7,4221.3,35269,290358
03/20/2001,4246.9,4292.1,4234.9,4275.6,44010,291214
03/21/2001,4228.1,4230.0,4167.8,4206.2,55169,299095
03/22/2001,4175.3,4176.8,4001.2,4024.6,65967,308228
03/23/2001,4112.0,4129.7,4077.4,4100.0,39726,309370
03/26/2001,4135.4,4252.2,4129.7,4231.5,38407,314321
03/27/2001,4238.6,4371.3,4207.4,4335.1,42213,312516
03/28/2001,4348.7,4352.4,4245.4,4267.3,36774,318297
03/29/2001,4250.7,4262.0,4187.8,4244.7,38287,318711
03/30/2001,4220.5,4302.3,4213.8,4252.2,41717,318180
04/02/2001,4286.9,4288.8,4212.3,4244.7,30299,317682
04/03/2001,4213.0,4219.0,4130.1,4139.2,43063,318332
04/04/2001,4088.7,4222.8,4056.6,4193.0,46779,320867
04/05/2001,4228.1,4289.5,4207.0,4263.9,35134,322914
04/06/2001,4314.0,4314.0,4199.8,4239.0,35589,324054
04/09/2001,4237.1,4313.3,4220.5,4298.2,30998,321603
04/10/2001,4305.7,4406.0,4288.0,4391.6,45738,322534
04/11/2001,4398.0,4426.3,4360.0,4395.4,44412,329267
04/12/2001,4378.8,4393.9,4341.9,4367.5,44412,329267
04/17/2001,4333.6,4362.6,4279.3,4352.1,30187,326245
04/18/2001,4411.2,4489.6,4399.2,4466.6,34643,331061
04/19/2001,4506.9,4506.9,4426.7,4447.4,42955,332801
04/20/2001,4463.6,4477.2,4410.1,4450.8,31349,333705
04/23/2001,4445.1,4454.9,4418.8,4433.5,18640,335018
04/24/2001,4433.5,4485.1,4407.8,4424.0,36078,333407
04/25/2001,4393.9,4423.7,4380.0,4412.7,34148,328922
04/26/2001,4431.6,4456.8,4372.0,4440.6,35211,332749
04/27/2001,4445.9,4528.0,4420.3,4502.4,38397,337088
04/30/2001,4522.0,4539.4,4503.2,4519.0,21238,336433
05/01/2001,4497.9,4509.6,4469.3,4485.5,21393,337347
05/02/2001,4503.2,4519.4,4451.5,4465.5,36035,341980
05/03/2001,4479.1,4488.5,4341.1,4355.8,50515,335991
05/04/2001,4357.7,4467.4,4349.1,4448.2,50515,335991
05/08/2001,4458.3,4467.4,4420.3,4457.6,42602,344843
05/09/2001,4437.6,4468.5,4405.2,4456.8,27012,347777
05/10/2001,4458.7,4531.8,4443.3,4502.0,34327,351781
05/11/2001,4493.0,4505.4,4432.7,4458.7,28095,347736
05/14/2001,4442.9,4442.9,4346.4,4398.0,36183,346672
05/15/2001,4406.7,4435.3,4390.5,4409.7,35988,349622
05/16/2001,4393.9,4474.5,4358.1,4446.7,36469,351242
05/17/2001,4516.0,4522.0,4458.0,4461.7,47603,356741
05/18/2001,4484.3,4491.9,4450.0,4477.9,30118,358367
05/21/2001,4491.9,4534.1,4453.1,4491.1,26473,361291
05/22/2001,4514.5,4532.2,4488.5,4510.0,25160,361536
05/23/2001,4506.2,4506.2,4435.7,4455.3,29301,362161
05/24/2001,4442.9,4495.3,4436.9,4468.9,26184,365489
05/25/2001,4486.6,4490.4,4421.0,4442.9,28673,364268
05/29/2001,4465.5,4465.5,4405.2,4427.4,27954,368800
05/30/2001,4427.4,4430.4,4360.7,4369.8,47543,370383
05/31/2001,4347.9,4402.9,4326.1,4361.1,41832,368046
06/01/2001,4385.2,4412.7,4339.6,4388.6,39837,368455
06/04/2001,4416.5,4430.1,4393.9,4413.9,54936,378943
06/05/2001,4436.1,4481.3,4401.8,4472.7,58774,381967
06/06/2001,4491.9,4498.3,4432.3,4445.1,95926,400492
06/07/2001,4433.5,4495.6,4433.5,4478.3,98455,389764
06/08/2001,4485.5,4512.2,4473.0,4476.8,103577,398433
06/11/2001,4468.5,4512.2,4412.0,4418.4,178323,407550
06/12/2001,4420.3,4427.8,4347.2,4377.7,164125,412431
06/13/2001,4399.0,4419.9,4382.9,4390.8,103323,420012
06/14/2001,4356.7,4365.0,4318.6,4332.8,114831,406143
06/15/2001,4317.9,4337.3,4258.8,4296.2,62077,426452
06/18/2001,4289.4,4307.4,4263.6,4287.6,24762,308674
06/19/2001,4284.6,4326.1,4271.1,4280.1,28489,308480
06/20/2001,4265.1,4306.3,4226.6,4297.3,38713,309752
06/21/2001,4307.0,4309.3,4246.1,4262.9,27531,309972
06/22/2001,4284.2,4290.6,4240.8,4254.7,24340,311993
06/25/2001,4252.0,4297.7,4239.7,4265.5,31799,313281
06/26/2001,4239.3,4252.8,4168.3,4187.0,42040,320277
06/27/2001,4188.8,4222.9,4179.5,4218.4,28652,327195
06/28/2001,4192.9,4261.0,4149.2,4239.3,48033,327332
06/29/2001,4239.3,4258.0,4210.5,4226.6,43677,328667
07/02/2001,4226.6,4308.1,4219.1,4299.9,34515,327630
07/03/2001,4299.9,4310.0,4230.3,4239.3,32354,328794
07/05/2001,4181.0,4193.3,4136.1,4167.5,30816,321656
07/06/2001,4125.6,4142.5,4085.2,4103.6,44607,323081
07/09/2001,4077.8,4122.6,4069.5,4103.6,35318,321591
07/10/2001,4103.6,4138.3,4089.0,4103.6,29412,320143
07/11/2001,4061.3,4082.3,4037.0,4046.7,37848,325000
07/12/2001,4098.7,4130.9,4085.2,4111.4,44858,329475
07/13/2001,4120.4,4166.4,4079.3,4157.0,32921,335129
07/16/2001,4157.0,4158.5,4123.4,4134.6,20865,335648
07/17/2001,4112.9,4118.2,4058.3,4072.5,36587,340190
07/18/2001,4072.5,4076.3,4032.5,4048.2,28312,341850
07/19/2001,4081.5,4086.0,3988.8,4075.5,47458,346356
07/20/2001,4046.0,4053.8,4011.6,4031.8,38676,347493
07/23/2001,4002.2,4085.6,4002.2,4048.6,31172,350996
07/24/2001,4039.6,4044.9,3975.7,3989.5,34596,343358
07/25/2001,3964.8,4010.5,3930.4,3945.4,35940,347489
07/26/2001,3965.2,3988.8,3945.8,3951.4,32406,350647
07/27/2001,3993.6,4059.1,3992.5,4043.0,28624,350600
07/30/2001,4037.4,4089.7,4021.7,4080.0,25794,353173
07/31/2001,4062.4,4152.6,4050.1,4138.0,25794,353173
08/01/2001,4122.6,4171.6,4117.0,4156.3,32771,357934
08/02/2001,4174.3,4233.7,4144.3,4178.0,44345,361505
08/03/2001,4162.3,4175.4,4124.9,4147.7,38885,356033
08/06/2001,4151.1,4167.9,4125.6,4135.4,19738,357634
08/07/2001,4122.3,4157.0,4075.5,4147.0,48602,358614
08/08/2001,4123.4,4139.5,4066.9,4102.1,37719,352001
08/09/2001,4029.1,4065.1,4025.0,4041.1,40351,349301
08/10/2001,4065.4,4096.5,4038.9,4061.3,33879,352667
08/13/2001,4076.3,4092.7,4046.4,4065.4,27046,350397
08/14/2001,4089.0,4136.9,4083.7,4123.0,37080,346106
08/15/2001,4106.9,4152.9,4062.4,4092.7,45851,347274
08/16/2001,4085.6,4085.6,4029.9,4041.1,33133,349043
08/17/2001,4077.4,4080.4,3968.2,4006.7,36998,349734
08/20/2001,3971.6,4027.7,3959.2,4005.6,29315,350728
08/21/2001,4027.7,4074.8,4010.1,4062.8,24253,349899
08/22/2001,4037.4,4106.2,4016.4,4052.0,42111,352539
08/23/2001,4069.5,4077.8,4023.9,4038.9,27489,348285
08/24/2001,4047.8,4124.9,4040.4,4103.6,27489,348285
08/28/2001,4090.1,4108.8,4042.6,4076.3,40830,355968
08/29/2001,4035.9,4094.2,4032.5,4058.3,50433,358012
08/30/2001,4047.1,4074.4,3984.3,4001.5,41325,355624
08/31/2001,3983.9,4044.1,3965.9,3995.5,41325,355624
09/03/2001,3996.2,4004.5,3949.9,3976.0,39374,352174
09/04/2001,4006.0,4056.1,3960.3,4025.4,53735,352438
09/05/2001,3989.9,4020.5,3968.9,3973.1,53068,355593
09/06/2001,4016.4,4016.4,3875.1,3896.0,66236,362978
09/07/2001,3911.0,3911.0,3783.1,3797.7,94661,359318
09/10/2001,3762.1,3793.5,3661.9,3764.4,83437,369349
09/11/2001,3783.8,3839.2,3474.6,3542.2,99708,377119
09/12/2001,3440.5,3676.9,3409.1,3656.3,112766,376509
09/13/2001,3673.1,3698.9,3618.9,3681.0,98175,383785
09/14/2001,3681.0,3725.5,3540.4,3560.2,155816,381372
09/17/2001,3547.6,3683.4,3484.9,3632.2,122856,387157
09/18/2001,3599.5,3640.3,3569.8,3632.6,157012,390470
09/19/2001,3625.5,3647.8,3510.5,3537.2,165704,387952
09/20/2001,3555.0,3555.0,3376.5,3398.0,165713,386600
09/21/2001,3367.2,3390.2,3147.2,3332.7,121367,399970
09/24/2001,3340.5,3472.6,3340.5,3444.0,51798,309870
09/25/2001,3450.4,3495.6,3368.0,3469.6,61000,313664
09/26/2001,3487.5,3525.3,3436.2,3500.8,56371,318463
09/27/2001,3490.4,3562.4,3472.2,3551.3,45503,317187
09/28/2001,3588.4,3681.9,3575.4,3648.1,68567,330147
10/01/2001,3666.3,3673.7,3558.7,3563.9,63562,336608
10/02/2001,3596.2,3621.8,3532.7,3597.3,56426,344904
10/03/2001,3623.3,3681.2,3551.3,3646.3,46305,347756
10/04/2001,3712.3,3763.5,3693.0,3757.6,62947,352460
10/05/2001,3696.8,3799.9,3690.1,3750.6,59479,356433
10/08/2001,3699.7,3773.9,3652.2,3769.1,51095,359695
10/09/2001,3768.0,3794.7,3722.0,3736.1,52489,353384
10/10/2001,3729.4,3855.6,3712.7,3841.1,58372,357592
10/11/2001,3845.9,3944.6,3829.6,3840.4,69346,354988
10/12/2001,3900.1,3900.1,3787.7,3833.3,43293,353338
10/15/2001,3808.8,3821.4,3760.9,3774.7,37240,351029
10/16/2001,3795.5,3849.6,3771.3,3782.8,49287,348835
10/17/2001,3822.2,3904.2,3817.0,3880.8,52637,351365
10/18/2001,3806.6,3835.5,3791.4,3809.2,58421,351517
10/19/2001,3796.9,3802.1,3720.5,3743.5,53637,349605
10/22/2001,3762.8,3798.4,3743.5,3781.4,39103,348129
10/23/2001,3831.8,3874.9,3815.1,3864.5,52255,348552
10/24/2001,3830.0,3927.6,3820.7,3846.7,49846,353394
10/25/2001,3861.5,3890.1,3753.5,3779.1,47313,353939
10/26/2001,3848.2,3873.4,3809.9,3855.2,32790,347858
10/29/2001,3848.9,3848.9,3767.3,3795.8,36366,346690
10/30/2001,3723.8,3748.0,3701.9,3724.2,56049,350388
10/31/2001,3712.0,3801.0,3682.6,3736.8,65818,362775
11/01/2001,3718.3,3803.6,3707.1,3770.2,38132,363604
11/02/2001,3792.5,3831.8,3782.8,3817.0,51345,356641
11/05/2001,3853.3,3894.9,3840.7,3879.7,47480,355611
11/06/2001,3885.3,3929.1,3856.7,3883.8,46905,366570
11/07/2001,3911.6,3914.9,3837.8,3877.8,54756,364118
11/08/2001,3866.7,3947.6,3866.7,3922.4,46240,363256
11/09/2001,3885.6,3923.5,3877.8,3899.0,37615,367215
11/12/2001,3919.4,3920.1,3765.4,3830.7,45063,365372
11/13/2001,3864.5,3938.7,3864.5,3923.9,50252,367703
11/14/2001,3944.6,3998.1,3878.6,3898.6,58714,367795
11/15/2001,3940.9,3948.3,3866.0,3903.1,58950,373193
11/16/2001,3911.2,3959.1,3883.8,3941.3,44155,377008
11/19/2001,3973.6,4011.8,3953.9,3968.4,36211,376110
11/20/2001,3992.9,3992.9,3912.0,3958.7,32945,376916
11/21/2001,3935.7,3998.4,3923.1,3958.0,32945,376916
11/22/2001,3956.5,3995.1,3949.5,3981.0,41374,376597
11/23/2001,3989.2,3992.5,3881.6,3935.4,39784,377978
11/26/2001,3977.7,3987.7,3921.3,3930.2,34407,384878
11/27/2001,3949.1,3968.4,3890.8,3913.5,42154,388751
11/28/2001,3910.9,3933.9,3853.0,3859.7,44891,389367
11/29/2001,3840.7,3881.6,3828.9,3859.3,47126,395355
11/30/2001,3885.3,3891.9,3826.6,3858.5,43658,401908
12/03/2001,3828.1,3860.4,3824.4,3851.1,43342,410748
12/04/2001,3859.3,3885.6,3845.2,3869.7,40642,415085
12/05/2001,3918.7,3989.2,3901.2,3961.0,71536,426118
12/06/2001,3984.0,4025.9,3959.5,3992.9,161991,478606
12/07/2001,3974.3,3990.3,3889.0,3916.4,71754,480975
12/10/2001,3896.4,3913.5,3836.3,3854.8,84444,487817
12/11/2001,3829.6,3859.3,3820.0,3835.5,90467,497112
12/12/2001,3835.5,3853.7,3786.6,3799.9,116532,494341
12/13/2001,3781.0,3814.0,3739.9,3762.9,78951,486964
12/14/2001,3745.8,3784.4,3738.8,3755.5,82085,491196
12/17/2001,3769.2,3830.3,3744.3,3821.8,133620,497176
12/18/2001,3830.3,3847.3,3802.9,3832.1,169035,509876
12/19/2001,3819.9,3833.3,3780.7,3801.8,141312,535072
12/20/2001,3809.2,3828.1,3764.7,3774.4,70814,522037
12/21/2001,3737.7,3849.6,3731.0,3829.9,40845,539562
12/24/2001,3814.7,3843.6,3813.2,3839.2,3747,353337
12/27/2001,3882.1,3882.1,3819.2,3857.7,13456,356840
12/28/2001,3858.1,3894.7,3858.1,3885.9,21922,357627
12/31/2001,3871.8,3882.1,3850.7,3860.7,4004,358654
01/02/2002,3851.8,3902.9,3838.8,3865.9,26222,362086
01/03/2002,3875.9,3959.9,3869.2,3945.1,24648,363742
01/04/2002,3954.4,3979.2,3924.0,3945.9,30403,366988
01/07/2002,3945.5,3970.3,3913.3,3927.3,30373,368335
01/08/2002,3924.4,3943.3,3882.5,3891.4,48604,378177
01/09/2002,3904.4,3904.4,3855.5,3874.0,36086,381789
01/10/2002,3856.2,3863.6,3836.2,3844.7,37725,383800
01/11/2002,3858.4,3877.0,3830.7,3848.1,36496,386301
01/14/2002,3830.3,3834.0,3767.3,3791.8,37631,385369
01/15/2002,3767.3,3834.4,3761.8,3821.4,39765,384662
01/16/2002,3803.6,3817.3,3780.7,3799.2,44691,392919
01/17/2002,3800.7,3837.0,3790.7,3803.6,44427,395917
01/18/2002,3789.5,3810.3,3775.5,3791.0,44427,395917
01/21/2002,3807.7,3816.2,3758.4,3810.7,34888,397975
01/22/2002,3800.7,3856.2,3786.9,3816.2,40909,403885
01/23/2002,3793.2,3851.0,3787.3,3834.0,48686,410530
01/24/2002,3852.5,3898.1,3835.1,3867.3,42595,417489
01/25/2002,3883.6,3883.6,3819.2,3846.6,38631,420855
01/28/2002,3859.6,3887.3,3848.1,3861.4,36297,424849
01/29/2002,3867.3,3875.1,3771.0,3797.7,38481,426396
01/30/2002,3762.5,3772.5,3735.5,3765.1,56516,427581
01/31/2002,3784.4,3830.3,3778.8,3799.9,42748,430875
02/01/2002,3841.4,3867.3,3818.1,3825.1,42062,435699
02/04/2002,3822.9,3834.0,3794.7,3819.2,28513,438411
02/05/2002,3771.0,3811.0,3736.6,3764.0,50005,440133
02/06/2002,3758.4,3776.9,3721.4,3745.1,46638,439344
02/07/2002,3737.7,3807.7,3720.3,3785.5,49487,438362
02/08/2002,3782.1,3803.6,3768.4,3782.1,28308,439230
02/11/2002,3810.3,3825.1,3787.7,3814.0,45059,432428
02/12/2002,3834.0,3855.8,3778.4,3792.1,44756,436059
02/13/2002,3794.0,3814.7,3764.4,3803.6,36899,441275
02/14/2002,3814.0,3877.0,3802.9,3837.7,41245,441261
02/15/2002,3830.3,3864.7,3817.3,3824.0,41245,441261
02/18/2002,3824.0,3836.6,3795.5,3815.5,35445,439924
02/19/2002,3798.4,3798.4,3746.2,3762.5,40960,448255
02/20/2002,3732.9,3764.4,3690.6,3707.3,51975,449776
02/21/2002,3745.1,3771.0,3725.1,3744.0,44589,459454
02/22/2002,3726.2,3736.2,3704.3,3730.3,30216,459366
02/25/2002,3748.8,3785.8,3728.4,3772.5,25672,459696
02/26/2002,3800.7,3812.5,3776.6,3798.4,49061,465652
02/27/2002,3807.7,3848.8,3802.1,3827.0,44974,465316
02/28/2002,3795.5,3818.8,3768.1,3778.4,70113,464633
03/01/2002,3776.9,3830.7,3770.6,3826.6,54432,467286
03/04/2002,3857.7,3901.4,3838.4,3882.9,80927,478074
03/05/2002,3886.6,3904.4,3851.0,3856.2,77409,491281
03/06/2002,3838.4,3896.2,3838.4,3888.4,88940,495933
03/07/2002,3897.0,3940.3,3893.6,3914.7,136250,496839
03/08/2002,3902.9,3947.3,3898.1,3909.9,116298,499302
03/11/2002,3904.4,3933.3,3882.5,3890.3,144560,500016
03/12/2002,3871.0,3900.7,3847.3,3889.9,195530,515306
03/13/2002,3892.9,3934.6,3877.0,3902.9,142494,540832
03/14/2002,3902.1,3909.9,3878.1,3898.4,96886,543167
03/15/2002,3892.9,3926.5,3883.6,3924.3,41295,553091
03/18/2002,3927.6,3943.5,3916.9,3925.0,28236,349976
03/19/2002,3939.1,3952.4,3926.9,3936.9,31630,349774
03/20/2002,3939.1,3944.2,3899.2,3916.2,36397,351960
03/21/2002,3892.5,3919.5,3874.0,3900.6,38412,352930
03/22/2002,3902.9,3911.0,3885.5,3893.6,23220,353576
03/25/2002,3898.1,3935.4,3849.7,3863.0,42422,363970
03/26/2002,3849.7,3875.5,3833.8,3850.4,38354,363236
03/27/2002,3866.6,3883.6,3850.4,3871.1,32266,365397
03/28/2002,3880.0,3922.8,3873.3,3899.2,32266,365397
04/02/2002,3906.6,3909.1,3878.5,3890.3,35940,368124
04/03/2002,3880.0,3907.3,3880.0,3890.3,32004,368432
04/04/2002,3880.7,3886.6,3844.8,3868.1,41098,372572
04/05/2002,3867.4,3902.9,3864.4,3882.9,29621,377012
04/08/2002,3870.3,3872.6,3816.4,3837.1,35381,380556
04/09/2002,3857.8,3864.4,3827.1,3831.9,27088,381622
04/10/2002,3831.9,3882.9,3817.9,3874.8,32971,386600
04/11/2002,3880.7,3886.2,3796.4,3806.0,54426,385492
04/12/2002,3808.6,3838.6,3802.4,3826.0,33760,383934
04/15/2002,3831.9,3860.4,3816.8,3853.3,32898,381515
04/16/2002,3857.8,3901.0,3855.9,3896.2,51547,379785
04/17/2002,3909.5,3926.1,3895.1,3898.4,35884,379434
04/18/2002,3898.4,3925.0,3843.0,3883.6,40504,378291
04/19/2002,3861.5,3892.9,3861.5,3878.8,29380,372728
04/22/2002,3876.3,3883.6,3859.3,3870.0,26626,369862
04/23/2002,3880.7,3891.0,3830.8,3843.7,46987,364458
04/24/2002,3844.1,3875.5,3830.8,3865.9,36805,362320
04/25/2002,3844.1,3854.1,3787.6,3850.4,48389,361117
04/26/2002,3853.7,3857.8,3806.0,3815.7,41579,359725
04/29/2002,3798.7,3832.7,3792.4,3815.7,32718,358581
04/30/2002,3800.9,3833.0,3792.7,3818.6,33584,357125
05/01/2002,3823.0,3834.1,3781.7,3792.7,18804,354437
05/02/2002,3817.9,3846.7,3807.2,3835.6,44828,354558
05/03/2002,3813.4,3879.6,3809.7,3857.0,44828,354558
05/07/2002,3822.3,3826.7,3761.3,3787.2,50584,348369
05/08/2002,3799.4,3871.5,3799.4,3855.6,36812,350432
05/09/2002,3857.8,3857.8,3831.5,3851.1,32359,349278
05/10/2002,3841.5,3856.3,3815.7,3826.0,33157,348673
05/13/2002,3806.4,3864.1,3800.5,3853.3,31361,350018
05/14/2002,3852.6,3895.1,3830.4,3877.7,42315,347364
05/15/2002,3899.2,3906.2,3878.5,3901.4,40937,346182
05/16/2002,3898.1,3913.2,3880.3,3887.3,30364,346586
05/17/2002,3913.2,3913.2,3854.8,3863.0,30368,346233
05/20/2002,3888.1,3888.8,3849.7,3860.0,27964,347533
05/21/2002,3861.5,3881.8,3838.6,3844.5,27964,347533
05/22/2002,3834.1,3854.1,3800.9,3816.4,36093,350452
05/23/2002,3821.6,3848.9,3796.4,3829.0,40871,350752
05/24/2002,3848.9,3850.4,3822.7,3826.4,42032,349833
05/28/2002,3826.0,3828.6,3743.6,3754.7,43926,354155
05/29/2002,3759.5,3761.7,3738.1,3756.9,33548,357516
05/30/2002,3743.2,3755.8,3707.8,3724.8,37145,362380
05/31/2002,3704.4,3766.5,3704.4,3742.5,37145,362380
06/05/2002,3691.5,3712.9,3669.3,3689.6,40982,368470
06/06/2002,3695.9,3712.2,3662.7,3670.1,48443,369347
06/07/2002,3621.3,3643.5,3586.6,3628.3,61507,367476
06/10/2002,3636.1,3659.0,3626.1,3639.0,34992,368828
06/11/2002,3639.8,3657.1,3614.6,3647.9,54558,372010
06/12/2002,3601.3,3618.3,3562.9,3593.2,107057,380936
06/13/2002,3609.4,3609.4,3521.3,3541.6,108859,385289
06/14/2002,3525.4,3525.4,3373.1,3417.7,189319,404725
06/17/2002,3451.3,3525.4,3421.4,3519.1,195502,416629
06/18/2002,3528.3,3528.3,3468.2,3476.0,210666,440832
06/19/2002,3450.9,3453.1,3408.9,3437.3,216021,433089
06/20/2002,3421.4,3457.2,3358.4,3383.1,165426,418209
06/21/2002,3333.3,3427.3,3322.6,3395.6,86238,414641
06/24/2002,3401.5,3426.9,3327.0,3358.7,65515,293162
06/25/2002,3393.4,3431.0,3387.1,3408.1,65576,307411
06/26/2002,3272.1,3364.6,3264.0,3344.0,87907,322873
06/27/2002,3380.8,3384.5,3331.1,3349.1,93988,355211
06/28/2002,3409.6,3445.7,3388.2,3431.0,75577,359049
07/01/2002,3409.6,3474.1,3404.8,3445.7,80175,363803
07/02/2002,3414.0,3422.5,3316.7,3340.3,60059,367666
07/03/2002,3362.8,3372.7,3234.8,3242.2,78774,371099
07/04/2002,3273.9,3318.2,3255.9,3299.4,80805,372560
07/05/2002,3336.2,3410.3,3332.2,3405.2,49723,376038
07/08/2002,3385.3,3403.3,3352.1,3388.6,41410,375954
07/09/2002,3389.7,3418.8,3307.5,3349.1,69969,378332
07/10/2002,3296.0,3336.6,3231.9,3261.8,83915,387628
07/11/2002,3212.4,3224.2,3092.5,3126.4,93313,393189
07/12/2002,3199.4,3200.9,3061.2,3095.1,79923,402786
07/15/2002,3089.6,3119.8,2914.1,2940.3,124165,421707
07/16/2002,2993.7,3005.5,2827.8,2939.9,163540,454277
07/17/2002,2905.2,3097.7,2890.5,3076.3,124300,464850
07/18/2002,3071.5,3178.1,3063.8,3146.4,99424,463025
07/19/2002,3074.8,3110.2,2973.4,3018.1,67622,459254
07/22/2002,2958.0,3000.4,2820.4,2867.6,91064,455366
07/23/2002,2905.2,2937.7,2779.1,2824.1,118685,480670
07/24/2002,2765.1,2820.4,2657.1,2757.4,162414,508101
07/25/2002,2838.9,2945.8,2805.0,2908.9,127461,534534
07/26/2002,2908.2,2960.9,2826.3,2948.0,83394,524581
07/29/2002,2953.2,3115.4,2942.5,3091.8,75674,513654
07/30/2002,3144.9,3150.8,3034.3,3063.0,68592,511019
07/31/2002,3097.7,3168.5,3058.6,3117.2,111418,497702
08/01/2002,3104.3,3151.9,2964.2,2970.5,71419,500729
08/02/2002,2979.0,3016.2,2952.8,2987.8,62499,501052
08/05/2002,2984.9,2985.6,2897.1,2945.8,63712,502297
08/06/2002,2886.4,3054.2,2852.1,3035.8,99437,500401
08/07/2002,3048.3,3098.1,2989.3,2999.3,66661,505493
08/08/2002,3030.6,3119.8,3030.6,3109.9,60819,506072
08/09/2002,3162.6,3211.2,3075.9,3177.0,53829,507961
08/12/2002,3161.8,3167.0,3082.2,3103.6,64401,509735
08/13/2002,3119.1,3158.9,3051.6,3141.9,94225,510679
08/14/2002,3082.2,3125.7,3065.2,3074.8,61589,510551
08/15/2002,3148.2,3210.5,3138.6,3192.1,63389,509113
08/16/2002,3228.9,3235.2,3159.6,3193.2,56059,507190
08/19/2002,3189.5,3275.8,3181.8,3272.4,47832,506951
08/20/2002,3273.9,3285.7,3212.7,3227.5,62799,507128
08/21/2002,3240.7,3300.5,3111.7,3218.6,69030,499207
08/22/2002,3248.9,3280.6,3237.8,3276.9,73798,494556
08/23/2002,3288.3,3288.3,3221.2,3241.5,73798,494556
08/27/2002,3225.3,3296.8,3119.1,3287.2,50171,495095
08/28/2002,3261.0,3261.0,3135.7,3155.9,58158,492432
08/29/2002,3139.0,3150.4,3081.8,3097.7,48926,496381
08/30/2002,3114.7,3145.6,3078.9,3126.4,56844,502123
09/02/2002,3099.2,3109.1,3063.8,3079.3,58810,497433
09/03/2002,3067.1,3067.1,2936.2,2975.7,89125,506950
09/04/2002,2949.5,3007.0,2936.6,2967.9,85949,512579
09/05/2002,2967.9,2995.6,2887.5,2949.1,78206,519349
09/06/2002,2970.9,3055.7,2931.4,3022.5,78630,521645
09/09/2002,3016.6,3028.7,2974.6,2993.0,55020,521737
09/10/2002,3019.5,3084.1,3015.8,3075.9,67727,525995
09/11/2002,3094.0,3133.1,3042.8,3113.5,95476,520766
09/12/2002,3067.5,3082.2,3006.3,3008.8,136755,531635
09/13/2002,2997.1,2997.5,2892.5,2947.9,167469,530897
09/16/2002,2972.1,3003.3,2926.6,2986.8,131682,540412
09/17/2002,3064.6,3067.5,2961.5,2968.5,226451,535886
09/18/2002,2927.4,2933.6,2832.3,2858.4,227095,548670
09/19/2002,2858.4,2874.5,2787.9,2807.0,225407,571063
09/20/2002,2788.7,2931.8,2763.4,2834.9,112886,581463
09/23/2002,2825.4,2896.6,2731.4,2755.7,85592,409979
09/24/2002,2759.3,2773.3,2655.5,2696.6,111796,446379
09/25/2002,2656.6,2777.3,2653.6,2716.0,100951,447404
09/26/2002,2748.3,2848.1,2736.9,2836.4,99192,447343
09/27/2002,2836.4,2888.5,2810.7,2875.6,91245,449693
09/30/2002,2782.8,2809.6,2696.2,2719.7,108716,482064
10/01/2002,2744.6,2810.3,2711.3,2789.4,110797,462293
10/02/2002,2879.3,2898.0,2827.9,2882.6,84153,451937
10/03/2002,2826.5,2920.0,2826.5,2859.5,78384,469488
10/04/2002,2847.4,2865.0,2787.9,2796.8,67585,460057
10/07/2002,2760.8,2811.4,2744.6,2782.8,54352,466199
10/08/2002,2793.8,2828.7,2721.2,2744.3,73422,471785
10/09/2002,2763.0,2780.2,2723.4,2752.0,78032,479079
10/10/2002,2737.3,2794.6,2692.2,2781.3,82898,489061
10/11/2002,2810.7,2926.6,2799.7,2899.5,72850,490809
10/14/2002,2905.0,2934.4,2873.1,2896.9,44091,490406
10/15/2002,2920.8,3040.0,2915.6,3031.2,75452,491191
10/16/2002,2994.2,3078.6,2965.2,2986.1,75593,495890
10/17/2002,3037.8,3084.4,3016.2,3063.1,79494,492883
10/18/2002,3093.2,3097.3,2996.0,3028.3,62690,493199
10/21/2002,3041.5,3075.3,3003.0,3031.6,32626,490897
10/22/2002,3031.6,3080.4,3016.2,3036.0,45136,490479
10/23/2002,3060.2,3069.0,2932.5,2954.5,63387,491845
10/24/2002,2972.1,3035.3,2967.7,3012.5,55874,490724
10/25/2002,2994.2,3007.0,2955.6,2980.2,51112,491958
10/28/2002,3001.5,3055.1,2985.4,3001.5,47987,493915
10/29/2002,2987.6,2996.7,2880.4,2897.3,78108,500128
10/30/2002,2926.6,2943.9,2893.3,2936.2,58105,496685
10/31/2002,2942.8,2998.2,2923.0,2955.6,73108,496068
11/01/2002,2945.0,2960.8,2905.0,2931.8,84400,475051
11/04/2002,2982.4,3056.5,2977.3,3040.8,56886,468537
11/05/2002,3025.7,3049.6,3001.9,3045.5,155146,470182
11/06/2002,3058.0,3084.8,3002.2,3019.5,126689,464860
11/07/2002,3031.6,3051.4,2978.0,2990.5,58644,460059
11/08/2002,2981.7,3010.7,2953.8,2969.9,62353,457473
11/11/2002,2953.8,2964.8,2908.7,2953.1,42692,451587
11/12/2002,2953.1,3014.0,2953.1,3000.0,60913,451763
11/13/2002,2975.1,2994.5,2929.6,2967.0,62500,459568
11/14/2002,2956.7,2990.5,2931.0,2986.1,61136,464786
11/15/2002,3025.4,3034.9,2979.5,3004.1,51520,460035
11/18/2002,3016.9,3064.6,3010.7,3019.8,40584,456994
11/19/2002,2994.9,3028.7,2986.1,3018.4,51256,455063
11/20/2002,3023.5,3034.5,2992.3,3005.2,51326,453200
11/21/2002,3046.3,3089.2,3043.3,3088.1,83722,454357
11/22/2002,3100.6,3110.1,3062.8,3081.5,59691,458174
11/25/2002,3082.2,3089.6,3013.6,3036.7,60745,469347
11/26/2002,3025.7,3048.1,2983.9,2995.6,70729,469783
11/27/2002,2993.4,3063.1,2983.9,3043.3,70729,469783
11/28/2002,3058.4,3090.7,3040.0,3082.6,48659,468578
11/29/2002,3095.4,3095.4,3034.9,3060.2,43128,473858
12/02/2002,3088.8,3102.4,3044.1,3049.2,58180,476218
12/03/2002,3034.5,3048.8,2972.1,2988.7,68058,476493
12/04/2002,2975.1,2987.2,2955.3,2972.9,86745,468315
12/05/2002,2977.6,3022.4,2953.8,2964.4,107203,472990
12/06/2002,2965.5,2977.6,2887.4,2947.2,89527,472357
12/09/2002,2947.2,2961.5,2872.7,2891.1,95987,481337
12/10/2002,2887.8,2928.5,2873.4,2878.9,121883,490813
12/11/2002,2884.1,2936.9,2873.8,2919.3,124280,474145
12/12/2002,2909.0,2929.6,2870.9,2890.0,134484,475447
12/13/2002,2873.0,2873.4,2815.9,2848.7,122341,481392
12/16/2002,2828.4,2929.7,2826.6,2921.3,186955,482705
12/17/2002,2932.3,2936.0,2869.0,2871.2,219961,484962
12/18/2002,2866.7,2876.3,2807.8,2817.0,176699,485437
12/19/2002,2824.4,2869.0,2790.5,2810.0,147595,509810
12/20/2002,2842.4,2876.3,2819.2,2862.3,61419,511738
12/23/2002,2855.0,2897.0,2852.7,2890.3,18639,422248
12/24/2002,2897.7,2906.5,2881.1,2898.4,32140,422230
12/27/2002,2863.8,2877.1,2794.5,2807.8,17607,421813
12/30/2002,2807.1,2868.2,2796.0,2859.4,28899,431023
12/31/2002,2873.4,2901.4,2855.0,2881.8,10733,432529
01/02/2003,2857.2,2960.3,2857.2,2940.4,38093,436060
01/03/2003,2943.4,2955.9,2927.9,2933.8,40659,430965
01/06/2003,2954.4,2957.4,2882.6,2931.6,59088,428515
01/07/2003,2943.4,2943.4,2877.4,2899.9,57425,426888
01/08/2003,2891.8,2898.8,2863.1,2873.4,54622,427360
01/09/2003,2869.7,2897.3,2832.9,2881.1,48668,427405
01/10/2003,2882.6,2933.1,2877.1,2906.2,62052,433094
01/13/2003,2929.7,2951.5,2873.7,2892.2,58331,433999
01/14/2003,2882.2,2923.8,2876.3,2891.4,55897,431264
01/15/2003,2906.5,2913.9,2829.9,2849.4,62754,431002
01/16/2003,2846.9,2861.6,2829.9,2840.2,49776,433198
01/17/2003,2823.3,2838.4,2797.9,2799.7,62132,434877
01/20/2003,2804.9,2823.3,2761.4,2770.6,63286,438436
01/21/2003,2778.3,2792.3,2730.4,2736.7,61235,448162
01/22/2003,2736.3,2749.6,2676.3,2687.3,73705,462298
01/23/2003,2708.3,2716.1,2642.0,2652.3,98842,483370
01/24/2003,2667.1,2681.8,2617.0,2637.6,101942,491847
01/27/2003,2615.5,2626.6,2524.5,2549.2,135602,506224
01/28/2003,2549.9,2586.8,2531.1,2547.7,131013,499271
01/29/2003,2530.8,2564.7,2476.3,2534.5,175873,500656
01/30/2003,2554.0,2621.4,2552.9,2617.0,115904,504234
01/31/2003,2563.9,2620.3,2561.7,2603.4,92185,522262
02/03/2003,2653.1,2705.4,2649.8,2686.2,96856,513550
02/04/2003,2682.6,2695.4,2617.4,2631.7,88514,509849
02/05/2003,2622.9,2707.2,2604.5,2681.1,79683,513018
02/06/2003,2660.5,2698.4,2600.4,2619.6,73666,506002
02/07/2003,2632.1,2660.8,2604.1,2622.9,51252,503997
02/10/2003,2631.0,2649.0,2604.5,2611.8,54471,504472
02/11/2003,2642.8,2685.9,2629.1,2682.6,63446,500008
02/12/2003,2659.7,2670.8,2632.1,2637.2,63237,499027
02/13/2003,2607.4,2660.1,2602.6,2641.7,77371,505286
02/14/2003,2652.3,2692.9,2615.5,2641.7,68545,510348
02/17/2003,2681.8,2721.6,2664.9,2696.2,46143,506584
02/18/2003,2692.9,2739.7,2678.9,2722.3,69419,512864
02/19/2003,2730.8,2734.9,2663.4,2674.1,75994,537475
02/20/2003,2689.2,2724.9,2672.2,2694.3,100170,540195
02/21/2003,2674.4,2733.4,2671.9,2713.9,69762,545304
02/24/2003,2722.3,2739.3,2696.9,2707.6,41735,543289
02/25/2003,2688.4,2688.4,2621.4,2638.3,76255,547312
02/26/2003,2668.6,2676.3,2606.7,2635.0,76884,550476
02/27/2003,2640.6,2660.5,2588.6,2614.8,97253,562616
02/28/2003,2618.8,2686.6,2601.9,2675.2,81841,566196
03/03/2003,2691.8,2723.4,2666.0,2694.3,79259,576414
03/04/2003,2669.3,2682.9,2644.6,2654.6,83133,574295
03/05/2003,2633.9,2643.1,2608.1,2618.5,83133,574295
03/06/2003,2635.4,2635.4,2583.8,2612.2,129468,584914
03/07/2003,2589.0,2593.4,2538.9,2555.8,108960,597025
03/10/2003,2560.6,2565.8,2499.1,2520.8,105118,606948
03/11/2003,2519.7,2541.5,2491.0,2530.0,171613,627038
03/12/2003,2527.1,2549.9,2394.5,2407.7,269875,660138
03/13/2003,2438.0,2580.1,2433.6,2555.4,272093,686535
03/14/2003,2609.6,2658.3,2603.3,2656.1,232842,651484
03/17/2003,2584.2,2779.8,2584.2,2738.0,239337,657830
03/18/2003,2748.8,2808.5,2732.9,2750.2,428200,666812
03/19/2003,2753.2,2829.9,2741.0,2789.3,379113,651713
03/20/2003,2775.3,2800.4,2742.8,2776.1,257681,644601
03/21/2003,2796.7,2886.0,2795.3,2842.9,114995,655368
03/24/2003,2852.8,2852.8,2750.6,2757.2,114995,655368
03/25/2003,2744.0,2796.4,2698.6,2788.6,94766,495747
03/26/2003,2780.9,2815.2,2754.7,2801.5,63050,492383
03/27/2003,2783.4,2790.1,2738.8,2756.5,69727,487980
03/28/2003,2772.4,2776.8,2719.6,2741.4,51846,484520
03/31/2003,2704.8,2704.8,2639.9,2666.5,83988,481977
04/01/2003,2678.6,2725.5,2663.9,2721.1,74785,484044
04/02/2003,2742.1,2796.0,2738.4,2775.3,88061,481944
04/03/2003,2789.0,2816.7,2765.7,2784.2,63100,484399
04/04/2003,2784.2,2840.3,2772.0,2815.9,58226,481057
04/07/2003,2869.1,2930.3,2866.1,2907.4,76651,472334
04/08/2003,2888.6,2895.3,2853.6,2857.3,72600,471868
04/09/2003,2841.8,2888.3,2825.5,2851.4,67072,474671
04/10/2003,2827.0,2860.2,2806.3,2807.8,53003,471905
04/11/2003,2813.7,2860.2,2808.5,2817.4,47099,472329
04/14/2003,2831.4,2854.7,2805.2,2847.7,46004,469682
04/15/2003,2863.9,2898.6,2860.9,2886.0,64494,479631
04/16/2003,2922.9,2937.7,2838.8,2848.8,73827,481790
04/17/2003,2833.6,2891.9,2823.3,2873.9,73827,481790
04/22/2003,2873.9,2919.6,2861.7,2896.7,36809,473725
04/23/2003,2944.4,2953.2,2924.4,2930.0,54951,471850
04/24/2003,2915.6,2941.0,2875.0,2877.6,55544,470062
04/25/2003,2889.0,2898.2,2850.6,2862.1,43189,473846
04/28/2003,2859.1,2914.8,2844.0,2909.3,45590,471146
04/29/2003,2930.3,2937.7,2889.7,2897.9,55286,479740
04/30/2003,2897.9,2913.7,2879.8,2888.3,59917,477671
05/01/2003,2892.7,2894.9,2859.1,2863.2,23247,477190
05/02/2003,2878.7,2927.4,2863.9,2915.6,23247,477190
05/06/2003,2931.1,2973.1,2911.9,2957.6,58901,483540
05/07/2003,2941.4,2983.5,2936.6,2954.7,56345,483507
05/08/2003,2948.8,2949.9,2885.3,2898.2,74651,479203
05/09/2003,2916.3,2945.5,2887.1,2936.2,55298,479696
05/12/2003,2952.5,2955.1,2909.7,2948.4,52488,481232
05/13/2003,2953.2,2963.5,2934.0,2953.2,74974,476754
05/14/2003,2945.1,2974.6,2934.4,2943.6,67409,481523
05/15/2003,2952.5,2973.1,2927.4,2960.6,51613,488754
05/16/2003,2962.8,3018.2,2961.0,2992.0,63163,495045
05/19/2003,2959.9,2973.5,2902.3,2911.1,63213,484516
05/20/2003,2915.6,2944.7,2899.7,2935.5,65567,483534
05/21/2003,2933.7,2938.4,2884.6,2900.4,63639,477511
05/22/2003,2922.2,2947.3,2906.0,2942.1,49403,477142
05/23/2003,2952.5,2964.7,2919.3,2934.8,0,483548
05/27/2003,2934.8,2960.2,2893.4,2951.0,68862,475727
05/28/2003,2972.8,3014.8,2972.4,3006.0,63078,475072
05/29/2003,2987.2,3026.3,2983.8,3016.3,43244,472365
05/30/2003,3003.8,3026.3,2990.1,3004.1,47743,464939
06/02/2003,3021.5,3057.3,3009.3,3049.9,53193,464857
06/03/2003,3026.3,3048.1,3007.5,3039.2,73246,460101
06/04/2003,3048.8,3062.8,3023.3,3047.7,68341,456656
06/05/2003,3065.8,3065.8,3015.2,3029.2,115827,459339
06/06/2003,3051.4,3088.3,3048.1,3061.7,75112,463514
06/09/2003,3049.2,3060.6,3028.1,3048.1,54208,464221
06/10/2003,3030.7,3054.0,3030.7,3041.4,157320,467207
06/11/2003,3052.9,3074.6,3038.1,3063.2,140646,468340
06/12/2003,3088.3,3099.0,3063.2,3070.2,128293,470074
06/13/2003,3084.6,3088.3,3044.3,3048.0,132293,465412
06/16/2003,3039.5,3082.0,3034.4,3068.4,209429,474189
06/17/2003,3095.7,3099.4,3075.4,3089.8,286437,478583
06/18/2003,3075.0,3115.6,3075.0,3101.6,213402,484599
06/19/2003,3103.4,3109.4,3042.5,3050.6,212938,490744
06/20/2003,3037.0,3079.8,3035.1,3074.6,68798,499795
06/23/2003,3055.4,3061.7,3005.2,3015.9,53073,398542
06/24/2003,3024.0,3024.4,2987.8,2996.0,53004,399764
06/25/2003,3003.3,3020.0,2987.1,3006.3,46045,399281
06/26/2003,2981.9,3009.2,2970.8,2983.8,49235,401084
06/27/2003,2984.9,3005.2,2978.6,2989.3,35391,397780
06/30/2003,2981.2,3025.9,2962.7,2965.7,66241,395936
07/01/2003,2978.2,2983.8,2912.5,2922.1,88201,409615
07/02/2003,2959.0,2970.1,2945.3,2957.2,53910,413222
07/03/2003,2981.2,2981.2,2932.4,2959.4,53910,413222
07/04/2003,2959.0,2971.2,2949.4,2959.7,55757,411442
07/07/2003,2981.2,3007.0,2980.1,3003.3,48150,413454
07/08/2003,3006.3,3014.8,2984.1,3001.1,58802,414151
07/09/2003,3004.8,3013.3,2979.0,2987.8,53480,410221
07/10/2003,2984.5,2990.8,2957.2,2967.9,55206,413176
07/11/2003,2962.7,2997.8,2958.6,2990.0,40075,413298
07/14/2003,2999.6,3051.4,2990.4,3042.9,57611,416322
07/15/2003,3021.8,3047.3,3018.5,3024.4,57262,421657
07/16/2003,3033.6,3045.8,3001.1,3008.9,55510,419094
07/17/2003,2997.1,3003.0,2966.4,2987.5,55403,415579
07/18/2003,2994.5,3012.2,2990.8,2997.8,29277,415279
07/21/2003,3027.7,3027.7,2971.9,2979.0,36872,413150
07/22/2003,2990.8,3021.4,2975.6,3001.9,59671,413870
07/23/2003,3021.4,3030.7,2999.6,3009.6,51255,417427
07/24/2003,3010.7,3056.9,3010.7,3055.1,57464,427191
07/25/2003,3020.7,3052.8,3019.2,3037.3,45787,419095
07/28/2003,3065.0,3078.3,3042.9,3051.7,41313,419671
07/29/2003,3054.3,3063.6,3032.9,3042.5,41782,420861
07/30/2003,3044.0,3063.6,3039.2,3044.3,46215,417331
07/31/2003,3060.2,3072.0,3027.0,3054.7,66514,425981
08/01/2003,3045.1,3053.6,3010.4,3020.7,52098,424461
08/04/2003,3009.2,3052.8,2999.3,3012.6,55875,420266
08/05/2003,3018.9,3040.3,3005.9,3031.0,47702,419737
08/06/2003,3010.7,3015.2,2973.0,2993.0,63127,415408
08/07/2003,2999.6,3018.1,2984.1,3010.0,46776,416879
08/08/2003,3025.5,3062.4,3015.5,3049.9,47005,417871
08/11/2003,3061.3,3078.0,3055.8,3076.1,38724,420440
08/12/2003,3069.8,3093.5,3066.1,3079.4,43938,420720
08/13/2003,3100.9,3115.3,3080.9,3085.3,53515,420354
08/14/2003,3100.9,3139.7,3084.6,3130.4,54267,424905
08/15/2003,3134.1,3151.5,3127.8,3128.6,34095,424398
08/18/2003,3147.0,3163.3,3133.0,3154.1,34095,424398
08/19/2003,3162.9,3167.7,3134.5,3143.7,44632,433519
08/20/2003,3142.2,3145.9,3103.8,3120.1,68365,436641
08/21/2003,3134.5,3145.9,3117.5,3126.4,38581,438895
08/22/2003,3126.7,3154.4,3121.6,3128.9,38581,438895
08/26/2003,3111.6,3126.7,3080.9,3092.0,52149,441545
08/27/2003,3107.9,3117.9,3095.7,3110.5,40061,443011
08/28/2003,3117.9,3130.4,3091.3,3103.4,51674,436915
08/29/2003,3109.0,3122.3,3072.8,3082.8,51674,436915
09/01/2003,3100.9,3122.7,3094.6,3114.2,63064,439243
09/02/2003,3116.0,3119.3,3095.3,3110.5,53026,447264
09/03/2003,3125.2,3166.3,3121.2,3153.0,111629,456992
09/04/2003,3140.8,3155.5,3133.0,3141.1,90011,460389
09/05/2003,3143.7,3151.1,3124.1,3146.3,45516,461302
09/08/2003,3136.0,3178.1,3135.6,3173.3,45516,461302
09/09/2003,3171.1,3173.3,3142.2,3156.3,112523,456789
09/10/2003,3140.8,3150.0,3133.0,3142.2,81089,462916
09/11/2003,3121.2,3154.8,3120.4,3128.6,106579,467361
09/12/2003,3145.6,3158.1,3124.5,3133.7,208576,479371
09/15/2003,3145.5,3159.5,3143.7,3148.5,185559,486737
09/16/2003,3149.2,3180.9,3143.7,3175.0,303344,484242
09/17/2003,3187.5,3200.7,3172.8,3173.5,210630,492376
09/18/2003,3173.1,3193.0,3168.3,3184.2,177893,492615
09/19/2003,3194.1,3195.9,3133.0,3135.2,114926,511946
09/22/2003,3120.9,3123.8,3099.9,3120.9,66968,423186
09/23/2003,3133.7,3141.5,3101.0,3123.8,80800,419231
09/24/2003,3133.0,3151.8,3109.4,3132.6,80800,419231
09/25/2003,3098.8,3121.6,3083.7,3110.2,67492,417294
09/26/2003,3084.8,3102.5,3059.4,3067.5,60605,418563
09/29/2003,3068.2,3095.1,3053.1,3061.6,45894,416018
09/30/2003,3070.4,3076.3,3011.9,3022.6,45894,416018
10/01/2003,3023.0,3079.3,3021.1,3069.3,81077,431975
10/02/2003,3089.2,3108.3,3081.5,3098.4,65544,425466
10/03/2003,3109.4,3165.4,3102.5,3158.8,76848,427088
10/06/2003,3146.3,3164.3,3144.0,3150.3,36159,430185
10/07/2003,3142.6,3156.6,3130.4,3147.0,46508,432569
10/08/2003,3139.6,3186.7,3138.5,3153.2,62083,438727
10/09/2003,3149.9,3191.2,3141.5,3179.0,51401,432366
10/10/2003,3168.0,3194.1,3162.5,3182.0,45169,426141
10/13/2003,3185.3,3224.3,3183.8,3219.1,46474,423606
10/14/2003,3228.0,3231.3,3187.1,3197.0,61314,420591
10/15/2003,3220.6,3243.8,3208.1,3220.2,80138,429329
10/16/2003,3214.3,3226.9,3183.8,3195.6,52904,424971
10/17/2003,3206.3,3216.6,3196.3,3200.7,55185,419486
10/20/2003,3199.3,3225.8,3190.4,3207.7,42166,422576
10/21/2003,3225.8,3229.8,3206.3,3208.1,50036,417945
10/22/2003,3216.9,3218.4,3144.8,3155.5,82194,416899
10/23/2003,3134.1,3138.5,3074.1,3120.9,82194,408343
10/24/2003,3120.9,3131.9,3108.7,3124.9,35197,407979
10/27/2003,3133.4,3144.8,3123.4,3132.6,39564,406905
10/28/2003,3147.7,3155.1,3133.7,3145.5,50444,408450
10/29/2003,3170.5,3171.7,3136.7,3146.3,37272,410885
10/30/2003,3150.3,3196.3,3142.2,3172.8,62721,413650
10/31/2003,3158.0,3170.2,3149.2,3163.2,44242,414913
11/03/2003,3156.6,3197.8,3155.5,3189.7,54247,417897
11/04/2003,3182.3,3209.6,3182.3,3195.6,52543,419509
11/05/2003,3180.9,3187.1,3159.5,3169.1,50961,415731
11/06/2003,3171.7,3197.0,3153.6,3186.0,47293,416292
11/07/2003,3199.3,3235.3,3199.3,3222.8,51559,416355
11/10/2003,3201.1,3223.6,3194.1,3195.6,43307,417260
11/11/2003,3178.6,3202.9,3175.7,3199.3,36835,419226
11/12/2003,3205.5,3231.3,3195.2,3220.6,47569,419165
11/13/2003,3244.2,3250.1,3213.6,3227.2,51625,423446
11/14/2003,3228.3,3253.0,3225.4,3237.9,55058,426835
11/17/2003,3215.5,3220.6,3195.2,3197.4,50877,427998
11/18/2003,3211.4,3225.0,3194.5,3208.1,59618,431358
11/19/2003,3187.5,3200.0,3177.5,3191.2,68193,429661
11/20/2003,3200.0,3202.2,3144.8,3170.9,76978,432839
11/21/2003,3175.7,3185.6,3162.5,3179.0,48781,432165
11/24/2003,3187.1,3233.1,3185.6,3228.0,55104,437514
11/25/2003,3228.7,3247.8,3222.8,3235.3,82023,438636
11/26/2003,3233.5,3264.8,3217.7,3226.1,82023,438636
11/27/2003,3228.0,3235.7,3208.1,3212.5,39547,449363
11/28/2003,3220.6,3228.3,3193.7,3199.3,39155,449968
12/01/2003,3216.9,3254.1,3215.8,3250.4,103300,440641
12/02/2003,3255.9,3257.8,3214.3,3223.2,90567,426655
12/03/2003,3217.7,3245.3,3217.7,3233.5,164876,436785
12/04/2003,3233.1,3235.3,3220.2,3231.6,61020,438847
12/05/2003,3226.9,3230.5,3195.6,3221.3,134109,444976
12/08/2003,3207.0,3216.6,3195.2,3211.8,57274,437738
12/09/2003,3231.3,3248.6,3224.3,3228.0,98653,456935
12/10/2003,3219.9,3221.7,3176.1,3190.8,142687,478313
12/11/2003,3197.8,3202.2,3178.6,3187.1,151945,496753
12/12/2003,3200.7,3217.7,3187.8,3200.0,146893,497182
12/15/2003,3241.6,3241.6,3202.9,3206.3,199610,502548
12/16/2003,3193.7,3204.8,3187.5,3190.4,276101,504468
12/17/2003,3198.5,3216.6,3190.8,3207.7,176397,506855
12/18/2003,3203.3,3242.7,3197.0,3232.8,191590,509523
12/19/2003,3237.2,3261.5,3229.8,3254.5,77244,520014
12/22/2003,3230.6,3261.2,3228.0,3247.9,23129,391703
12/23/2003,3261.5,3322.7,3245.3,3258.6,29582,391592
12/24/2003,3263.8,3281.8,3263.0,3268.2,8506,393441
12/29/2003,3282.9,3283.3,3271.1,3275.5,18498,394513
12/30/2003,3298.4,3298.4,3274.1,3281.4,26386,392891
12/31/2003,3287.0,3305.0,3285.9,3292.1,17879,389675
01/02/2004,3302.1,3323.1,3292.1,3315.3,29872,394399
01/05/2004,3315.3,3321.6,3298.4,3312.4,52305,405814
01/06/2004,3322.0,3323.5,3298.4,3308.0,52421,410891
01/07/2004,3323.5,3323.5,3282.5,3289.2,60637,417555
01/08/2004,3307.6,3323.8,3297.7,3302.8,67182,420148
01/09/2004,3309.8,3310.2,3261.5,3280.7,95432,426708
01/12/2004,3276.3,3282.9,3264.9,3267.8,87387,425738
01/13/2004,3284.0,3291.8,3246.4,3261.2,71414,431531
01/14/2004,3260.8,3280.3,3252.7,3274.8,74015,426336
01/15/2004,3272.6,3286.2,3262.6,3270.0,75755,431939
01/16/2004,3278.5,3298.4,3274.8,3288.8,75755,431939
01/19/2004,3291.0,3323.1,3290.3,3317.6,60177,437765
01/20/2004,3307.2,3321.2,3301.3,3307.2,72229,445636
01/21/2004,3298.4,3315.3,3294.0,3309.1,48668,447905
01/22/2004,3320.1,3323.8,3284.0,3287.0,66621,448049
01/23/2004,3273.3,3284.8,3256.7,3273.0,102170,438628
01/26/2004,3279.2,3282.5,3252.7,3261.9,75060,440781
01/27/2004,3272.6,3286.6,3260.8,3261.9,109344,450098
01/28/2004,3256.4,3284.8,3249.4,3277.4,96869,462685
01/29/2004,3249.4,3261.9,3230.2,3237.2,74929,468362
01/30/2004,3244.6,3253.8,3215.5,3224.7,86173,458569
02/02/2004,3226.2,3235.7,3150.2,3215.5,72622,460595
02/03/2004,3208.5,3222.5,3195.2,3218.1,84673,462529
02/04/2004,3198.9,3233.2,3198.5,3225.4,59473,471376
02/05/2004,3216.6,3227.6,3208.5,3210.3,61824,480754
02/06/2004,3214.4,3231.0,3212.5,3225.1,63809,491518
02/09/2004,3229.1,3252.0,3228.0,3246.4,49740,500666
02/10/2004,3238.7,3238.7,3223.2,3227.3,60879,506655
02/11/2004,3230.6,3234.3,3205.2,3216.6,83231,509554
02/12/2004,3233.5,3233.9,3200.0,3209.6,60645,509437
02/13/2004,3215.1,3243.1,3212.9,3229.5,60645,509437
02/16/2004,3228.4,3236.1,3214.4,3228.7,57525,502233
02/17/2004,3228.4,3274.4,3225.1,3270.8,126483,495184
02/18/2004,3271.1,3280.3,3254.5,3259.0,107228,456524
02/19/2004,3259.3,3320.9,3259.3,3313.9,78173,461902
02/20/2004,3306.1,3340.8,3298.4,3313.1,69525,471000
02/23/2004,3321.2,3345.9,3314.2,3315.0,63333,471777
02/24/2004,3322.3,3330.1,3283.3,3296.2,78265,461904
02/25/2004,3303.2,3315.7,3289.2,3312.0,62810,458909
02/26/2004,3314.2,3325.7,3302.8,3314.6,56094,462675
02/27/2004,3329.7,3347.4,3292.9,3300.6,75920,462071
03/01/2004,3320.5,3337.8,3311.7,3329.0,88250,472042
03/02/2004,3344.1,3344.8,3318.3,3332.3,49888,472003
03/03/2004,3317.6,3335.2,3308.7,3324.2,73662,473031
03/04/2004,3327.1,3351.8,3325.7,3344.8,61894,477170
03/05/2004,3351.8,3352.9,3318.3,3338.9,116409,462420
03/08/2004,3342.6,3346.7,3335.6,3342.6,55140,449922
03/09/2004,3324.2,3343.0,3322.7,3340.8,120166,464005
03/10/2004,3323.1,3346.7,3323.1,3343.4,212411,474999
03/11/2004,3311.3,3316.5,3254.9,3272.6,295483,475657
03/12/2004,3257.9,3293.2,3209.6,3285.5,201333,474830
03/15/2004,3278.5,3290.6,3235.1,3256.4,238643,473635
03/16/2004,3242.8,3264.5,3229.2,3253.9,260898,487010
03/17/2004,3262.3,3292.1,3252.0,3291.0,270248,496641
03/18/2004,3286.2,3286.2,3233.3,3243.9,321076,509405
03/19/2004,3258.3,3264.9,3244.7,3255.0,109003,411197
03/22/2004,3227.8,3234.4,3179.9,3191.3,94656,409777
03/23/2004,3190.6,3212.7,3178.1,3184.7,82294,412600
03/24/2004,3185.5,3198.7,3160.8,3171.1,80296,413983
03/25/2004,3177.0,3221.1,3177.0,3213.4,66287,417155
03/26/2004,3227.4,3228.9,3200.9,3213.0,56697,425207
03/29/2004,3216.7,3259.4,3211.6,3253.1,44801,423894
03/30/2004,3247.6,3264.2,3234.7,3247.6,47774,424171
03/31/2004,3255.0,3266.0,3230.7,3234.4,62767,417792
04/01/2004,3248.0,3259.4,3232.2,3251.7,56729,420036
04/02/2004,3249.5,3299.1,3247.6,3293.2,73372,420960
04/05/2004,3293.2,3309.0,3280.0,3300.6,54008,413966
04/06/2004,3309.4,3309.4,3286.2,3296.9,50670,415336
04/07/2004,3300.2,3314.6,3288.8,3294.0,59758,416322
04/08/2004,3305.0,3320.1,3300.6,3302.8,59758,416322
04/13/2004,3326.0,3338.1,3313.4,3327.1,57578,415758
04/14/2004,3312.0,3316.8,3283.3,3306.1,69642,419238
04/15/2004,3302.0,3323.7,3295.4,3316.0,49021,417700
04/16/2004,3312.3,3344.3,3312.3,3337.4,61463,419544
04/19/2004,3332.2,3348.4,3327.8,3344.0,42059,420065
04/20/2004,3355.7,3378.9,3353.2,3357.9,58541,426572
04/21/2004,3345.1,3353.2,3334.4,3344.7,57671,432784
04/22/2004,3346.9,3371.2,3329.3,3364.6,64903,440896
04/23/2004,3386.6,3389.9,3358.3,3362.4,53374,442918
04/26/2004,3374.1,3377.8,3361.6,3366.8,41094,439785
04/27/2004,3367.9,3374.1,3349.9,3371.6,45753,439894
04/28/2004,3365.3,3367.5,3332.9,3339.6,53195,438435
04/29/2004,3338.1,3344.0,3309.4,3332.9,66133,438019
04/30/2004,3324.8,3333.7,3298.0,3306.1,66133,438019
05/04/2004,3324.8,3353.2,3312.0,3346.5,73000,457781
05/05/2004,3335.1,3367.9,3333.7,3362.4,74022,449305
05/06/2004,3351.0,3361.6,3320.1,3324.5,74833,451807
05/07/2004,3326.0,3334.0,3282.2,3312.0,84034,448032
05/10/2004,3260.1,3269.7,3231.4,3236.9,85214,449034
05/11/2004,3250.2,3280.7,3244.7,3277.8,69280,450410
05/12/2004,3273.7,3277.0,3243.9,3249.8,71337,455950
05/13/2004,3266.7,3287.7,3260.1,3278.9,73769,447915
05/14/2004,3271.2,3278.9,3249.5,3265.3,63450,442965
05/17/2004,3236.2,3249.5,3210.1,3245.0,73238,439942
05/18/2004,3248.7,3258.6,3241.4,3248.7,53667,439437
05/19/2004,3269.7,3294.0,3265.6,3288.1,86417,444114
05/20/2004,3258.3,3272.3,3247.6,3261.2,72780,448543
05/21/2004,3266.0,3281.1,3250.6,3262.7,53575,451456
05/24/2004,3273.4,3291.0,3254.2,3263.1,50058,450679
05/25/2004,3252.8,3264.2,3236.6,3255.7,63864,455280
05/26/2004,3291.0,3291.0,3249.8,3268.2,73368,457582
05/27/2004,3280.0,3292.5,3267.8,3280.0,59317,458206
05/28/2004,3289.9,3294.7,3255.0,3256.1,67554,461745
06/01/2004,3270.0,3270.0,3244.7,3255.0,61783,466656
06/02/2004,3268.9,3288.1,3255.0,3264.2,78941,466064
06/03/2004,3260.9,3273.7,3239.5,3262.3,57563,469372
06/04/2004,3265.3,3285.9,3258.6,3281.4,66290,467782
06/07/2004,3297.6,3313.1,3291.7,3304.3,110201,487461
06/08/2004,3310.5,3325.2,3302.4,3317.1,109333,493590
06/09/2004,3319.0,3324.8,3298.7,3302.8,213990,499219
06/10/2004,3309.4,3310.1,3294.0,3297.6,151442,504934
06/11/2004,3302.0,3308.7,3284.0,3303.5,68980,507658
06/14/2004,3293.6,3298.7,3256.9,3269.0,228784,506232
06/15/2004,3269.4,3287.0,3262.4,3280.0,266438,517324
06/16/2004,3285.5,3318.9,3279.3,3303.5,384267,526934
06/17/2004,3296.2,3317.1,3294.0,3301.7,214783,534234
06/18/2004,3286.6,3319.3,3286.6,3308.3,89759,544727
06/21/2004,3326.3,3327.0,3297.6,3306.5,46695,420632
06/22/2004,3301.3,3305.7,3278.2,3283.7,49829,422833
06/23/2004,3294.0,3307.6,3289.2,3293.2,40679,423534
06/24/2004,3319.7,3322.6,3298.4,3307.9,57413,434049
06/25/2004,3300.6,3319.7,3295.8,3302.8,32282,435638
06/28/2004,3299.1,3334.0,3292.5,3321.1,51398,438549
06/29/2004,3312.3,3318.6,3300.9,3313.4,51770,440582
06/30/2004,3308.7,3314.5,3273.8,3280.0,60418,442337
07/01/2004,3295.4,3296.9,3237.1,3259.1,71219,445226
07/02/2004,3243.4,3253.3,3228.3,3236.8,71219,445226
07/05/2004,3236.8,3246.7,3228.3,3233.1,34418,446691
07/06/2004,3241.2,3241.2,3198.2,3208.1,70164,450862
07/07/2004,3208.9,3223.6,3192.0,3197.5,65040,450757
07/08/2004,3194.9,3218.0,3172.2,3212.5,80453,458738
07/09/2004,3200.4,3226.1,3196.0,3223.9,41733,460240
07/12/2004,3216.6,3224.7,3191.3,3202.3,48563,459864
07/13/2004,3208.9,3209.6,3188.7,3192.4,43732,462701
07/14/2004,3183.9,3211.1,3170.0,3206.3,67288,464024
07/15/2004,3192.0,3201.2,3176.6,3187.2,56970,467775
07/16/2004,3177.0,3195.7,3172.9,3182.5,55186,470576
07/19/2004,3183.9,3188.3,3156.8,3170.0,36124,469603
07/20/2004,3162.3,3188.7,3147.6,3182.8,53811,471697
07/21/2004,3194.2,3218.0,3193.8,3209.2,66709,470590
07/22/2004,3179.2,3179.5,3146.9,3159.0,63814,473537
07/23/2004,3168.2,3185.4,3160.8,3171.8,44294,471953
07/26/2004,3166.3,3175.1,3132.2,3139.2,40321,473102
07/27/2004,3149.5,3176.2,3142.1,3163.4,50402,474434
07/28/2004,3176.6,3200.4,3176.6,3189.4,64623,481058
07/29/2004,3200.1,3237.9,3196.4,3232.0,69183,482200
07/30/2004,3231.6,3246.3,3209.6,3235.3,63413,484265
08/02/2004,3221.4,3234.6,3213.6,3229.8,64091,491371
08/03/2004,3233.8,3244.5,3225.0,3239.7,52807,498036
08/04/2004,3226.9,3235.7,3204.8,3229.4,55415,496637
08/05/2004,3240.4,3247.0,3218.4,3233.8,42514,496820
08/06/2004,3207.8,3223.9,3176.2,3181.7,85916,503906
08/09/2004,3181.0,3187.6,3141.8,3157.2,73385,517147
08/10/2004,3164.1,3192.4,3158.6,3186.1,55719,512989
08/11/2004,3194.9,3194.9,3149.8,3168.5,51899,513770
08/12/2004,3178.8,3189.4,3166.7,3183.2,61530,516144
08/13/2004,3168.5,3184.3,3150.6,3162.7,45856,513397
08/16/2004,3148.7,3197.9,3142.5,3192.0,45809,515811
08/17/2004,3188.3,3212.9,3172.9,3201.2,47276,515688
08/18/2004,3204.5,3209.6,3184.7,3203.0,47117,518122
08/19/2004,3213.6,3220.6,3199.7,3204.5,42030,517497
08/20/2004,3203.7,3223.6,3196.4,3214.7,37425,519847
08/23/2004,3228.0,3254.7,3222.5,3237.9,44266,517920
08/24/2004,3244.8,3249.6,3234.6,3239.3,46275,515015
08/25/2004,3248.5,3256.6,3233.1,3241.5,40915,514635
08/26/2004,3261.7,3280.8,3246.3,3272.0,48405,517893
08/27/2004,3278.2,3300.6,3274.9,3298.0,48405,517893
08/31/2004,3287.7,3297.6,3274.9,3282.2,65399,516872
09/01/2004,3294.3,3307.2,3286.6,3303.1,45452,516201
09/02/2004,3296.2,3328.8,3295.1,3312.3,53630,522057
09/03/2004,3320.4,3344.6,3309.0,3339.5,53630,522057
09/06/2004,3343.5,3355.6,3340.2,3349.7,77353,528098
09/07/2004,3348.3,3359.3,3338.7,3353.0,99009,536660
09/08/2004,3350.8,3358.9,3279.3,3343.9,193678,530825
09/09/2004,3342.0,3342.8,3325.9,3329.6,152934,536390
09/10/2004,3333.6,3351.2,3332.1,3336.2,204599,546157
09/13/2004,3351.1,3353.3,3336.9,3348.9,229981,558344
09/14/2004,3344.5,3347.8,3328.9,3334.7,354214,558191
09/15/2004,3342.0,3358.0,3333.2,3339.1,364122,553918
09/16/2004,3338.0,3348.2,3333.6,3342.4,258155,549301
09/17/2004,3340.9,3377.0,3339.1,3368.9,131986,569608
09/20/2004,3367.9,3367.9,3345.3,3356.2,46054,456396
09/21/2004,3357.7,3385.3,3354.7,3380.2,48368,458852
09/22/2004,3375.1,3395.2,3364.6,3369.3,63055,455131
09/23/2004,3369.3,3374.0,3343.8,3348.5,71895,457258
09/24/2004,3349.3,3360.2,3339.4,3357.7,49134,456079
09/27/2004,3358.4,3358.4,3322.0,3331.8,50606,454067
09/28/2004,3325.6,3361.7,3319.4,3347.1,48223,454728
09/29/2004,3354.7,3371.9,3353.6,3365.3,50046,455783
09/30/2004,3376.6,3377.7,3340.9,3354.0,57966,456112
10/01/2004,3358.0,3418.1,3357.7,3413.4,94821,467286
10/04/2004,3424.7,3443.3,3422.9,3429.8,67765,469350
10/05/2004,3431.6,3453.1,3423.9,3442.5,65504,472972
10/06/2004,3440.0,3453.5,3432.7,3443.6,65998,475901
10/07/2004,3457.1,3460.7,3431.6,3432.3,55600,478097
10/08/2004,3435.6,3458.2,3430.5,3441.8,69429,473514
10/11/2004,3442.5,3445.8,3429.0,3429.4,46450,471602
10/12/2004,3432.7,3432.7,3391.2,3403.5,67519,470216
10/13/2004,3420.3,3421.4,3386.4,3394.4,51603,473132
10/14/2004,3385.3,3397.4,3369.3,3388.3,75403,473859
10/15/2004,3380.2,3399.9,3366.4,3381.3,68055,474268
10/18/2004,3392.6,3397.0,3369.7,3378.4,39921,473767
10/19/2004,3398.4,3418.5,3395.2,3401.4,59423,476878
10/20/2004,3377.0,3383.9,3361.3,3373.7,62686,472864
10/21/2004,3392.6,3398.1,3355.5,3376.2,59853,473421
10/22/2004,3382.4,3393.0,3373.0,3376.2,41484,475391
10/25/2004,3345.6,3348.9,3324.5,3336.9,70141,477363
10/26/2004,3340.9,3359.5,3331.1,3349.3,50432,479064
10/27/2004,3369.3,3387.5,3353.6,3378.1,56852,475415
10/28/2004,3402.1,3406.8,3369.3,3386.1,72445,485074
10/29/2004,3383.2,3395.9,3369.3,3379.1,61837,488924
11/01/2004,3380.2,3419.6,3378.4,3413.4,46173,492836
11/02/2004,3417.8,3429.8,3405.7,3425.4,53979,493530
11/03/2004,3444.0,3451.6,3435.2,3441.8,60296,492143
11/04/2004,3433.8,3458.2,3430.9,3445.4,62327,491264
11/05/2004,3477.9,3478.6,3449.8,3453.8,77609,486494
11/08/2004,3461.5,3461.5,3436.0,3437.8,52891,487592
11/09/2004,3448.0,3452.4,3440.0,3442.9,44260,486405
11/10/2004,3456.7,3468.0,3442.2,3461.8,57595,489205
11/11/2004,3458.2,3489.9,3442.2,3487.0,45250,492945
11/12/2004,3497.5,3505.5,3487.3,3499.0,56928,495332
11/15/2004,3518.7,3518.7,3495.3,3503.0,53286,497615
11/16/2004,3509.2,3515.0,3475.7,3479.3,88377,495985
11/17/2004,3493.2,3503.7,3478.6,3497.9,64034,501667
11/18/2004,3496.4,3516.5,3478.6,3502.6,55480,502331
11/19/2004,3497.9,3515.0,3459.6,3474.2,65333,501717
11/22/2004,3458.2,3462.6,3439.2,3454.5,59679,506906
11/23/2004,3469.5,3475.7,3455.3,3459.6,48078,503218
11/24/2004,3475.7,3476.4,3441.8,3449.4,42033,507254
11/25/2004,3452.7,3477.5,3450.9,3468.7,39017,512644
11/26/2004,3460.4,3466.6,3450.2,3459.6,35617,516765
11/29/2004,3459.6,3498.3,3458.2,3473.8,76284,520784
11/30/2004,3475.3,3477.9,3427.6,3429.8,115899,518037
12/01/2004,3436.0,3467.7,3428.3,3456.7,107676,523331
12/02/2004,3466.2,3473.8,3453.1,3466.2,86315,521972
12/03/2004,3475.7,3481.5,3453.8,3457.1,75119,517271
12/06/2004,3453.1,3457.8,3433.1,3445.1,51492,518759
12/07/2004,3450.9,3459.6,3441.4,3446.9,114965,524535
12/08/2004,3425.4,3440.0,3421.4,3428.7,179817,566539
12/09/2004,3430.9,3441.1,3409.0,3418.5,206355,551885
12/10/2004,3437.1,3439.2,3414.1,3420.3,122977,551631
12/13/2004,3426.1,3454.5,3419.2,3450.2,193877,564242
12/14/2004,3457.4,3461.8,3433.4,3445.8,397716,551902
12/15/2004,3441.4,3462.5,3440.7,3441.8,217941,558549
12/16/2004,3449.4,3460.0,3445.4,3457.4,216652,559485
12/17/2004,3452.4,3461.5,3405.0,3422.9,74309,573489
12/20/2004,3429.0,3456.7,3427.6,3448.3,36757,459938
12/21/2004,3450.2,3461.5,3446.9,3450.2,21003,457456
12/22/2004,3469.8,3485.1,3464.7,3477.8,32367,459848
12/23/2004,3480.4,3491.7,3478.2,3484.8,32367,459848
12/24/2004,3478.2,3502.2,3478.2,3496.4,20485,462650
12/29/2004,3512.8,3515.0,3494.2,3505.5,25720,466041
12/30/2004,3510.6,3515.4,3504.1,3505.2,17262,464276
12/31/2004,3508.4,3510.3,3491.7,3494.2,17262,464276
01/04/2005,3510.6,3530.3,3505.9,3521.2,64468,469536
01/05/2005,3505.2,3509.9,3496.4,3501.2,52970,467915
01/06/2005,3498.2,3516.1,3498.2,3507.0,44387,465735
01/07/2005,3507.0,3536.1,3504.4,3528.5,61206,466212
01/10/2005,3519.7,3535.0,3515.0,3517.9,41758,464473
01/11/2005,3516.1,3521.9,3493.9,3503.7,52215,459342
01/12/2005,3500.4,3514.3,3462.9,3476.0,60148,460233
01/13/2005,3493.9,3496.1,3475.3,3487.7,40150,461995
01/14/2005,3474.9,3511.7,3473.5,3501.9,65622,476718
01/17/2005,3507.3,3522.3,3506.6,3515.4,32684,477944
01/18/2005,3512.1,3514.6,3486.6,3504.1,59844,478009
01/19/2005,3512.4,3520.1,3494.6,3500.1,75744,483112
01/20/2005,3482.9,3489.9,3472.4,3486.2,71418,482786
01/21/2005,3484.0,3494.6,3471.7,3486.9,70796,482935
01/24/2005,3471.3,3493.5,3459.6,3487.7,62734,486137
01/25/2005,3484.4,3520.5,3477.8,3512.8,67608,494676
01/26/2005,3511.3,3523.7,3509.2,3512.8,57531,494006
01/27/2005,3514.6,3526.3,3505.2,3517.5,52279,496046
01/28/2005,3523.7,3524.8,3498.6,3506.2,50150,502924
01/31/2005,3528.1,3539.8,3514.3,3515.0,53123,500893
02/01/2005,3519.4,3557.2,3515.7,3548.9,72698,507421
02/02/2005,3555.4,3564.2,3548.9,3560.5,51786,511022
02/03/2005,3561.6,3568.9,3548.5,3554.3,63138,510206
02/04/2005,3568.9,3585.3,3550.7,3583.5,58211,509657
02/07/2005,3590.0,3608.9,3587.1,3607.9,52488,513170
02/08/2005,3606.8,3619.1,3587.1,3615.9,55161,520728
02/09/2005,3616.2,3627.2,3606.0,3617.0,55937,526547
02/10/2005,3613.3,3636.3,3610.0,3624.6,60621,530677
02/11/2005,3630.1,3657.7,3623.5,3655.9,59577,534809
02/14/2005,3654.1,3661.8,3645.7,3652.6,51976,535797
02/15/2005,3658.1,3671.9,3650.1,3666.1,62509,535977
02/16/2005,3665.0,3670.1,3653.0,3663.6,64490,538370
02/17/2005,3666.5,3684.0,3659.9,3670.9,65372,539267
02/18/2005,3667.2,3674.5,3659.9,3669.4,0,0
02/21/2005,3673.8,3681.8,3659.9,3668.7,0,0
02/22/2005,3670.9,3675.6,3634.4,3647.5,73026,537695
02/23/2005,3631.5,3637.7,3606.8,3622.4,87114,538909
02/24/2005,3631.9,3631.9,3605.7,3608.2,50949,537253
02/25/2005,3627.2,3637.7,3617.3,3631.5,54653,542627
02/28/2005,3638.4,3651.2,3598.0,3603.1,95486,538199
03/01/2005,3607.9,3632.3,3603.1,3627.2,96984,548831
03/02/2005,3622.1,3624.6,3603.8,3623.5,106810,553478
03/03/2005,3615.5,3644.6,3614.8,3635.9,76500,548969
03/04/2005,3635.9,3658.8,3631.9,3649.7,66211,552757
03/07/2005,3655.2,3658.1,3637.0,3642.8,54586,550900
03/08/2005,3635.5,3643.9,3623.5,3633.0,184378,572874
03/09/2005,3639.5,3660.3,3618.0,3627.5,201745,579565
03/10/2005,3612.6,3620.2,3600.9,3607.5,220814,564370
03/11/2005,3618.4,3625.3,3610.4,3617.3,283000,588524
03/14/2005,3614.8,3626.0,3591.2,3610.4,192154,592131
03/15/2005,3617.0,3634.7,3614.8,3631.1,401997,608928
03/16/2005,3618.0,3624.2,3590.1,3595.6,309665,606764
03/17/2005,3597.7,3604.3,3582.9,3592.7,196840,594211
03/18/2005,3596.3,3608.6,3556.8,3584.0,77498,497256
03/21/2005,3582.1,3608.6,3572.3,3594.8,51802,500566
03/22/2005,3588.3,3596.6,3570.9,3594.5,58750,501248
03/23/2005,3565.8,3578.5,3555.3,3577.4,69261,503222
03/24/2005,3574.9,3591.2,3568.4,3584.0,69261,503222
03/29/2005,3565.8,3582.5,3559.7,3577.8,52432,515720
03/30/2005,3561.5,3575.6,3557.5,3565.1,44763,516155
03/31/2005,3582.5,3589.4,3553.1,3563.3,61160,520074
04/01/2005,3561.5,3593.4,3559.7,3576.0,82274,526303
04/04/2005,3561.1,3572.3,3536.1,3566.2,57053,523143
04/05/2005,3579.6,3599.6,3570.5,3594.8,53386,516666
04/06/2005,3597.7,3608.6,3572.3,3597.0,49047,521325
04/07/2005,3614.4,3625.3,3601.4,3620.9,53509,521934
04/08/2005,3629.7,3631.5,3616.2,3623.1,48513,523143
04/11/2005,3612.6,3619.1,3608.3,3617.3,37118,523198
04/12/2005,3617.7,3617.7,3592.3,3597.0,48723,521493
04/13/2005,3616.2,3618.0,3597.4,3601.0,42221,522044
04/14/2005,3590.5,3608.6,3572.3,3595.6,48662,520151
04/15/2005,3568.7,3577.1,3546.2,3558.9,93068,524245
04/18/2005,3503.4,3515.4,3479.1,3508.2,130618,532376
04/19/2005,3508.5,3536.1,3499.8,3530.6,79992,536830
04/20/2005,3532.8,3539.0,3497.6,3502.0,73888,534894
04/21/2005,3495.5,3515.0,3492.6,3495.8,65703,533097
04/22/2005,3521.6,3526.3,3511.8,3525.2,43415,531949
04/25/2005,3517.9,3535.4,3514.7,3532.1,34845,530304
04/26/2005,3536.1,3536.4,3506.3,3517.6,52975,529709
04/27/2005,3512.1,3512.5,3469.7,3479.9,77579,526997
04/28/2005,3492.6,3498.4,3465.4,3479.9,67309,528039
04/29/2005,3465.7,3501.6,3461.7,3478.8,67309,528039
05/03/2005,3505.3,3528.8,3499.8,3522.7,68457,506454
05/04/2005,3532.5,3548.1,3515.4,3542.6,64699,501745
05/05/2005,3553.5,3572.3,3536.1,3554.9,73336,493478
05/06/2005,3554.6,3573.8,3548.8,3566.5,51326,492590
05/09/2005,3564.7,3566.2,3548.8,3556.0,51533,493317
05/10/2005,3565.8,3573.8,3537.9,3546.2,72177,502141
05/11/2005,3546.6,3557.1,3526.7,3539.0,75617,508746
05/12/2005,3555.7,3572.3,3546.2,3551.3,73086,518392
05/13/2005,3539.7,3553.9,3523.4,3548.4,62673,519995
05/16/2005,3537.5,3548.1,3536.1,3543.3,49975,518503
05/17/2005,3549.5,3572.3,3536.1,3555.7,54011,517488
05/18/2005,3574.5,3604.6,3566.9,3597.0,75057,520265
05/19/2005,3602.5,3611.9,3596.6,3606.8,97224,513214
05/20/2005,3609.7,3618.8,3604.3,3611.5,54039,512213
05/23/2005,3621.7,3630.4,3610.8,3622.4,35281,511956
05/24/2005,3620.6,3623.1,3612.6,3618.0,47159,514203
05/25/2005,3619.1,3619.5,3602.5,3607.2,45341,521933
05/26/2005,3609.0,3633.3,3605.4,3626.8,64104,526596
05/27/2005,3631.1,3632.6,3610.1,3615.9,36454,526057
05/31/2005,3627.8,3630.7,3599.6,3600.6,81969,528609
06/01/2005,3610.4,3642.3,3605.7,3636.2,74935,532852
06/02/2005,3631.8,3641.3,3627.5,3636.5,66756,537359
06/03/2005,3644.9,3645.6,3620.6,3630.0,63840,541533
06/06/2005,3633.3,3634.7,3608.6,3615.9,100681,546602
06/07/2005,3624.6,3650.3,3608.6,3646.3,147537,561554
06/08/2005,3634.7,3644.9,3626.0,3635.1,102662,554600
06/09/2005,3629.3,3648.1,3608.6,3634.7,90105,556289
06/10/2005,3646.3,3664.1,3644.9,3653.2,244467,579075
06/13/2005,3657.6,3669.1,3648.9,3665.5,215779,633288
06/14/2005,3653.9,3668.1,3653.9,3665.2,320010,629914
06/15/2005,3668.8,3668.8,3637.3,3640.2,272829,609317
06/16/2005,3663.7,3663.7,3648.9,3659.7,193999,628533
06/17/2005,3661.9,3699.1,3661.9,3682.9,137006,637425
06/20/2005,3679.6,3687.2,3667.7,3678.2,45178,495467
06/21/2005,3691.2,3692.6,3670.2,3683.6,44245,495773
06/22/2005,3687.2,3706.0,3681.4,3699.1,50112,494270
06/23/2005,3699.5,3712.9,3693.0,3710.0,52723,493590
06/24/2005,3681.8,3693.7,3673.5,3681.1,52220,490278
06/27/2005,3668.1,3671.3,3649.2,3654.3,61238,479081
06/28/2005,3658.7,3689.7,3658.7,3684.7,51117,478635
06/29/2005,3690.1,3708.9,3685.0,3699.1,48803,480098
06/30/2005,3696.6,3720.1,3694.8,3703.8,61093,485077
07/01/2005,3691.2,3739.3,3691.2,3734.6,61093,485077
07/04/2005,3737.5,3755.6,3732.4,3754.1,68091,488486
07/05/2005,3750.5,3761.3,3742.5,3754.8,61053,489853
07/06/2005,3764.6,3792.1,3760.6,3784.5,88001,493154
07/07/2005,3776.2,3778.7,3630.4,3730.2,232131,493341
07/08/2005,3760.6,3795.0,3754.1,3784.8,102132,493315
07/11/2005,3792.8,3801.8,3778.7,3792.1,53666,494626
07/12/2005,3791.4,3799.7,3774.7,3778.7,66783,495582
07/13/2005,3784.5,3798.6,3778.7,3797.9,64318,496076
07/14/2005,3799.3,3822.1,3798.6,3804.7,83009,506530
07/15/2005,3801.8,3814.9,3775.4,3781.6,88773,513559
07/18/2005,3786.3,3803.3,3768.6,3771.1,104955,532023
07/19/2005,3779.1,3782.3,3751.9,3768.2,156455,510434
07/20/2005,3775.1,3793.9,3742.5,3766.0,87415,510327
07/21/2005,3782.3,3799.7,3740.4,3768.9,106478,500789
07/22/2005,3767.5,3791.0,3757.7,3787.7,58669,500322
07/25/2005,3798.6,3814.9,3791.0,3808.4,57183,495699
07/26/2005,3804.4,3814.9,3794.2,3797.1,58905,497185
07/27/2005,3799.7,3814.9,3778.7,3797.5,77749,497656
07/28/2005,3809.8,3814.9,3797.1,3804.7,66094,486429
07/29/2005,3814.1,3830.4,3809.1,3811.6,65896,486305
08/01/2005,3810.5,3825.0,3807.6,3820.3,39129,479757
08/02/2005,3813.4,3848.5,3813.4,3846.7,62648,476854
08/03/2005,3847.0,3855.7,3833.3,3851.0,56564,477880
08/04/2005,3848.1,3850.3,3827.5,3843.4,54757,480900
08/05/2005,3833.7,3860.8,3831.1,3842.0,71948,478445
08/08/2005,3843.8,3865.8,3841.6,3860.4,52702,475502
08/09/2005,3855.4,3875.6,3851.0,3873.1,58815,476240
08/10/2005,3874.9,3899.5,3873.4,3895.5,55699,475038
08/11/2005,3881.4,3894.1,3870.9,3878.9,60929,472065
08/12/2005,3890.1,3891.9,3860.4,3872.0,59585,473191
08/15/2005,3871.3,3887.2,3851.0,3871.3,37989,472985
08/16/2005,3879.2,3887.2,3848.5,3854.6,55898,473096
08/17/2005,3848.1,3854.6,3829.7,3842.3,73454,475618
08/18/2005,3838.4,3851.0,3814.5,3827.5,70905,477135
08/19/2005,3825.0,3851.0,3814.9,3847.0,74326,475722
08/22/2005,3851.7,3861.9,3845.6,3855.0,39415,474710
08/23/2005,3849.6,3851.0,3829.0,3842.3,58117,475503
08/24/2005,3834.7,3840.9,3817.0,3821.7,70180,478575
08/25/2005,3806.5,3819.2,3800.8,3810.2,54477,478738
08/26/2005,3809.8,3826.1,3784.1,3789.5,54477,478738
08/30/2005,3799.7,3817.4,3798.2,3807.3,69194,478892
08/31/2005,3803.7,3839.1,3803.3,3829.3,86902,487953
09/01/2005,3841.6,3867.3,3841.6,3857.2,81680,488606
09/02/2005,3847.4,3862.6,3846.3,3855.7,30504,499196
09/05/2005,3854.6,3870.5,3849.6,3865.8,30504,499196
09/06/2005,3866.9,3887.2,3861.9,3879.6,114898,494830
09/07/2005,3881.4,3888.6,3874.5,3878.9,102242,497044
09/08/2005,3877.1,3882.1,3863.0,3865.1,165168,491903
09/09/2005,3869.1,3880.7,3866.2,3876.7,199652,512067
09/12/2005,3885.7,3890.8,3875.6,3890.4,235975,516975
09/13/2005,3887.9,3890.1,3854.1,3861.3,461730,541658
09/14/2005,3860.9,3872.1,3852.3,3866.3,264321,554493
09/15/2005,3863.8,3896.5,3861.7,3887.9,224677,562567
09/16/2005,3885.8,3919.6,3885.8,3910.9,125998,573801
09/19/2005,3901.6,3931.1,3892.2,3927.5,54504,443592
09/20/2005,3931.1,3936.5,3901.6,3916.7,57877,445515
09/21/2005,3900.1,3912.4,3873.5,3882.9,62000,447428
09/22/2005,3877.1,3899.1,3870.3,3893.7,48779,446725
09/23/2005,3893.7,3918.1,3887.9,3912.0,42217,450084
09/26/2005,3932.5,3942.9,3924.2,3937.2,51439,453284
09/27/2005,3937.2,3953.0,3931.4,3934.7,52044,456684
09/28/2005,3948.0,3968.5,3937.5,3965.6,64351,454246
09/29/2005,3972.4,3978.5,3937.5,3957.3,66784,453336
09/30/2005,3969.9,3973.9,3943.3,3944.4,78526,459717
10/03/2005,3957.0,3981.4,3951.2,3969.2,60777,453172
10/04/2005,3969.2,3971.0,3953.0,3960.2,48271,453568
10/05/2005,3945.8,3946.5,3909.9,3920.6,65360,453906
10/06/2005,3882.5,3888.3,3865.3,3875.3,89898,452117
10/07/2005,3864.5,3894.0,3861.7,3867.4,71327,450864
10/10/2005,3874.3,3901.6,3873.2,3881.8,52690,453177
10/11/2005,3875.0,3899.4,3870.7,3883.2,65998,446966
10/12/2005,3857.4,3873.2,3832.2,3852.7,73175,447121
10/13/2005,3844.0,3847.3,3776.1,3795.9,112367,446638
10/14/2005,3791.5,3815.6,3779.7,3806.3,92224,448844
10/17/2005,3810.2,3815.6,3793.7,3808.4,61160,447455
10/18/2005,3816.0,3829.7,3789.0,3791.5,73634,448108
10/19/2005,3777.2,3777.2,3715.3,3725.4,127402,453734
10/20/2005,3756.3,3769.3,3707.0,3719.3,109271,442163
10/21/2005,3703.8,3721.8,3691.2,3698.1,94533,446168
10/24/2005,3700.2,3757.7,3698.1,3751.3,94533,444589
10/25/2005,3758.1,3759.9,3727.9,3732.6,95050,472168
10/26/2005,3744.1,3770.3,3738.3,3768.5,81750,483597
10/27/2005,3744.1,3753.8,3719.3,3735.5,86640,488516
10/28/2005,3725.7,3771.4,3712.1,3754.5,81082,489966
10/31/2005,3780.8,3829.3,3778.6,3827.9,95608,488170
11/01/2005,3823.2,3850.2,3815.3,3845.8,83953,496496
11/02/2005,3844.0,3865.6,3826.4,3859.2,92239,503171
11/03/2005,3865.6,3921.7,3865.6,3910.2,91115,508401
11/04/2005,3913.1,3923.2,3900.1,3906.6,84375,512587
11/07/2005,3914.5,3942.2,3900.1,3927.8,68249,511491
11/08/2005,3938.6,3948.7,3923.9,3928.9,63505,508435
11/09/2005,3941.9,3943.7,3916.7,3920.3,59725,506283
11/10/2005,3939.0,3940.1,3903.7,3913.1,61018,498213
11/11/2005,3939.0,3942.9,3920.3,3934.7,50814,500389
11/14/2005,3934.7,3953.0,3925.7,3936.5,54902,498404
11/15/2005,3928.2,3937.5,3901.6,3924.6,77700,498791
11/16/2005,3916.7,3921.7,3882.2,3914.2,80126,500873
11/17/2005,3926.4,3947.3,3925.0,3929.6,64410,500060
11/18/2005,3954.1,3983.9,3950.8,3955.2,102868,507062
11/21/2005,3965.6,3967.7,3948.3,3956.6,45464,507160
11/22/2005,3966.3,3976.7,3961.6,3971.3,40559,510912
11/23/2005,3982.8,3993.3,3969.9,3987.9,0,0
11/24/2005,3997.6,3997.6,3963.1,3977.8,0,0
11/25/2005,3980.0,3987.5,3975.3,3983.2,26310,516379
11/28/2005,3998.7,4004.4,3943.7,3948.3,70988,521569
11/29/2005,3946.9,3969.5,3929.3,3954.8,71550,516217
11/30/2005,3946.2,3946.5,3903.7,3911.3,101057,518239
12/01/2005,3919.6,3958.8,3918.8,3954.1,84005,525473
12/02/2005,3959.1,3985.0,3949.8,3981.1,107747,517589
12/05/2005,3986.4,3986.4,3959.8,3966.3,96094,523814
12/06/2005,3974.6,4001.5,3962.7,3989.7,143789,532791
12/07/2005,3990.8,4013.4,3971.0,3977.5,183859,537058
12/08/2005,3955.5,3983.9,3951.9,3979.6,165898,552291
12/09/2005,3962.0,3980.0,3962.0,3972.1,151765,559565
12/12/2005,3979.3,3994.0,3952.3,3953.4,312198,602243
12/13/2005,3961.6,3976.7,3957.7,3965.6,320830,584783
12/14/2005,3968.8,3981.7,3957.7,3972.0,264975,586576
12/15/2005,3976.7,3979.2,3946.2,3949.1,232696,557105
12/16/2005,3974.5,3994.6,3954.4,3981.4,87685,409350
12/19/2005,3981.0,3990.3,3974.5,3976.0,30989,409879
12/20/2005,3978.1,3997.5,3965.9,3985.7,42855,411773
12/21/2005,4003.6,4019.0,3999.3,4015.8,42922,413009
12/22/2005,4016.2,4024.1,4013.3,4020.8,26217,410230
12/23/2005,4024.1,4037.7,4015.1,4019.0,26217,410230
12/28/2005,4026.6,4042.4,4017.2,4037.7,25312,413970
12/29/2005,4040.9,4054.2,4040.9,4047.4,22568,418839
12/30/2005,4044.9,4052.8,4016.5,4031.2,22471,422293
01/03/2006,4053.5,4088.7,4046.0,4079.3,66311,435015
01/04/2006,4093.3,4110.2,4084.0,4103.0,63012,438110
01/05/2006,4105.9,4109.5,4080.4,4081.1,58900,437247
01/06/2006,4094.4,4121.0,4086.5,4108.4,65536,440606
01/09/2006,4117.4,4128.9,4107.7,4109.8,55860,436468
01/10/2006,4110.9,4110.9,4080.8,4081.1,62923,434581
01/11/2006,4100.9,4116.7,4094.1,4104.8,54009,434785
01/12/2006,4110.2,4120.3,4105.9,4113.4,50965,435004
01/13/2006,4110.2,4110.2,4080.4,4096.9,50807,434113
01/16/2006,4095.5,4122.4,4095.1,4116.7,32764,435768
01/17/2006,4099.8,4109.5,4081.1,4086.9,65942,442578
01/18/2006,4053.5,4073.6,4037.7,4057.8,85849,437706
01/19/2006,4075.0,4092.6,4072.5,4077.9,62929,441095
01/20/2006,4087.2,4109.5,4049.6,4064.3,82135,450851
01/23/2006,4038.8,4060.7,4027.3,4054.2,70033,448742
01/24/2006,4057.1,4066.1,4031.2,4039.9,90436,466343
01/25/2006,4055.7,4086.9,4052.4,4079.7,90377,480288
01/26/2006,4098.4,4115.2,4087.2,4095.8,81482,484823
01/27/2006,4123.8,4147.9,4122.8,4141.8,69170,491175
01/30/2006,4146.1,4150.8,4132.5,4136.0,45745,493181
01/31/2006,4139.3,4148.3,4112.0,4122.0,70528,502156
02/01/2006,4112.7,4161.9,4109.1,4147.9,71992,500193
02/02/2006,4148.3,4159.4,4102.3,4106.6,76360,504583
02/03/2006,4122.0,4129.9,4095.1,4118.1,63932,516676
02/06/2006,4128.2,4145.4,4123.5,4124.9,44536,519002
02/07/2006,4131.4,4136.8,4099.1,4110.6,68834,512050
02/08/2006,4077.2,4114.9,4064.3,4094.4,85174,500898
02/09/2006,4115.2,4163.3,4114.2,4153.6,67245,508520
02/10/2006,4151.1,4156.1,4122.0,4122.8,60680,510887
02/13/2006,4126.7,4153.3,4119.2,4146.5,48379,512248
02/14/2006,4162.6,4169.4,4129.2,4139.6,61272,513626
02/15/2006,4163.3,4163.3,4136.4,4148.6,79002,511501
02/16/2006,4157.9,4178.8,4143.2,4171.6,54288,514399
02/17/2006,4169.8,4194.5,4162.2,4187.7,69212,520274
02/20/2006,4187.7,4201.0,4175.2,4189.9,23215,520776
02/21/2006,4203.9,4212.9,4177.3,4189.9,53689,516102
02/22/2006,4186.3,4210.3,4178.4,4206.8,55225,518228
02/23/2006,4206.4,4208.5,4171.6,4179.1,54858,514465
02/24/2006,4191.3,4199.2,4180.6,4192.8,51877,518137
02/27/2006,4199.2,4216.1,4194.9,4207.1,50199,519366
02/28/2006,4198.5,4202.8,4134.3,4137.8,132941,520268
03/01/2006,4144.7,4190.6,4142.9,4181.6,64827,516995
03/02/2006,4184.9,4210.7,4153.6,4171.6,93897,522487
03/03/2006,4182.7,4207.5,4152.6,4189.9,84227,520864
03/06/2006,4219.3,4241.2,4211.8,4216.4,97381,517029
03/07/2006,4202.1,4203.5,4170.1,4196.3,123306,513322
03/08/2006,4192.0,4194.5,4158.3,4177.7,117529,511495
03/09/2006,4196.0,4207.8,4181.3,4202.1,177106,515495
03/10/2006,4195.6,4244.8,4192.0,4240.8,170167,548890
03/13/2006,4253.4,4276.0,4251.2,4271.3,316026,569282
03/14/2006,4267.7,4291.4,4262.0,4264.5,300838,569293
03/15/2006,4287.8,4293.1,4275.6,4284.2,302057,563884
03/16/2006,4290.6,4308.2,4270.6,4303.9,194206,547469
03/17/2006,4311.1,4340.8,4298.9,4303.5,104206,443459
03/20/2006,4321.1,4333.3,4292.8,4299.6,60518,445684
03/21/2006,4297.8,4307.5,4273.8,4296.7,56356,450073
03/22/2006,4285.3,4319.3,4278.1,4317.9,58056,453490
03/23/2006,4331.5,4332.2,4290.3,4301.0,72042,462868
03/24/2006,4308.5,4337.2,4305.0,4333.3,55384,468897
03/27/2006,4342.2,4352.3,4274.2,4286.3,62340,471459
03/28/2006,4286.7,4312.8,4248.4,4269.9,75515,471407
03/29/2006,4260.5,4293.1,4254.5,4279.2,70054,472603
03/30/2006,4295.3,4335.8,4294.2,4322.5,71458,471193
03/31/2006,4311.1,4319.7,4274.5,4277.0,86924,475018
04/03/2006,4296.4,4330.0,4296.4,4327.9,66414,473145
04/04/2006,4312.1,4320.0,4293.9,4306.4,57492,474187
04/05/2006,4323.6,4341.5,4294.2,4337.2,63793,473645
04/06/2006,4347.2,4360.1,4331.1,4337.9,59864,469830
04/07/2006,4343.7,4360.1,4316.8,4323.2,70715,476789
04/10/2006,4327.2,4355.8,4316.4,4353.3,64069,483010
04/11/2006,4360.5,4366.2,4307.5,4316.4,85329,482876
04/12/2006,4310.7,4316.4,4280.6,4303.5,69671,480075
04/13/2006,4312.1,4327.9,4291.4,4322.9,69671,480075
04/18/2006,4334.3,4352.3,4316.4,4332.5,62544,489694
04/19/2006,4370.2,4377.3,4350.8,4368.0,63165,495351
04/20/2006,4370.9,4388.1,4354.0,4357.3,79899,484186
04/21/2006,4368.0,4403.8,4352.3,4399.5,73614,487311
04/24/2006,4392.0,4401.7,4371.2,4372.3,63337,488103
04/25/2006,4383.1,4395.6,4358.0,4365.9,60261,487042
04/26/2006,4381.3,4393.8,4370.5,4372.3,78291,495704
04/27/2006,4378.0,4378.4,4318.6,4348.0,82726,489626
04/28/2006,4341.9,4342.9,4312.1,4315.7,82726,489626
05/02/2006,4314.6,4365.9,4314.3,4358.7,69758,505632
05/03/2006,4362.3,4370.2,4305.0,4309.3,80331,494886
05/04/2006,4309.3,4332.2,4296.4,4327.9,70517,499221
05/05/2006,4323.6,4375.2,4316.4,4364.1,79102,508207
05/08/2006,4394.2,4397.0,4339.4,4341.5,68442,512965
05/09/2006,4348.3,4379.5,4336.1,4371.6,69186,516054
05/10/2006,4371.2,4388.1,4358.7,4361.6,61453,520820
05/11/2006,4365.1,4388.1,4319.3,4337.2,67831,517607
05/12/2006,4320.0,4321.1,4233.7,4249.4,124771,507803
05/15/2006,4217.6,4232.3,4123.7,4183.2,163408,512907
05/16/2006,4176.4,4220.1,4162.8,4196.8,108942,518177
05/17/2006,4198.2,4212.2,4064.6,4075.7,147000,518028
05/18/2006,4080.7,4106.2,4029.9,4071.1,175133,520496
05/19/2006,4031.7,4101.5,4031.7,4066.4,106996,527523
05/22/2006,4026.6,4040.6,3944.6,3970.4,169227,531370
05/23/2006,3976.1,4092.9,3974.7,4061.7,149631,513459
05/24/2006,4027.0,4055.7,3986.2,4004.1,158187,536664
05/25/2006,4004.8,4089.0,3985.1,4065.0,111230,531417
05/26/2006,4101.5,4155.6,4086.1,4147.0,0,0
05/29/2006,4147.0,4147.0,4147.0,4147.0,0,0
05/30/2006,4139.1,4147.0,4039.2,4043.5,127276,525893
05/31/2006,4024.8,4113.0,4005.1,4102.2,133293,525495
06/01/2006,4085.0,4120.1,4066.8,4112.6,99128,527766
06/02/2006,4151.7,4155.2,4111.5,4122.3,90400,533437
06/05/2006,4139.8,4148.8,4105.8,4129.8,75796,543265
06/06/2006,4086.1,4091.5,4048.8,4064.6,134600,535324
06/07/2006,4073.9,4107.6,4040.3,4092.2,133951,535066
06/08/2006,4004.8,4047.1,3965.0,3996.5,224986,563831
06/09/2006,4036.7,4068.9,4020.9,4057.1,179045,563147
06/12/2006,4047.8,4064.6,4021.3,4029.9,267321,561836
06/13/2006,3973.0,3980.5,3917.3,3953.7,539195,571372
06/14/2006,3959.5,3973.0,3922.3,3948.7,381019,589144
06/15/2006,3977.3,4039.5,3967.3,4038.1,220421,580443
06/16/2006,4075.2,4085.6,4004.8,4008.8,148835,601161
06/19/2006,4046.7,4061.0,4023.1,4035.2,73668,478846
06/20/2006,4014.9,4068.8,4000.2,4050.2,73911,477662
06/21/2006,4071.0,4079.5,4017.7,4061.0,81265,470820
06/22/2006,4101.0,4109.2,4050.2,4071.7,86538,472778
06/23/2006,4065.2,4095.3,4056.7,4072.4,61508,472970
06/26/2006,4090.3,4095.3,4064.2,4073.8,51788,473724
06/27/2006,4098.8,4101.0,4039.9,4049.9,78155,482244
06/28/2006,4037.7,4091.7,4030.9,4068.8,68539,484496
06/29/2006,4091.7,4148.9,4086.3,4143.5,87891,485474
06/30/2006,4185.7,4200.3,4159.6,4163.2,96953,484442
07/03/2006,4191.0,4214.6,4176.7,4207.1,0,0
07/04/2006,4206.8,4213.9,4186.7,4213.2,33286,484484
07/05/2006,4190.7,4198.9,4161.0,4169.9,63163,483358
07/06/2006,4175.7,4222.5,4172.8,4210.0,78773,483143
07/07/2006,4205.3,4229.3,4189.6,4207.1,69728,484653
07/10/2006,4210.3,4223.2,4188.5,4216.0,51867,486350
07/11/2006,4206.4,4213.9,4178.2,4190.7,81130,487540
07/12/2006,4206.0,4219.6,4176.0,4188.2,81529,490325
07/13/2006,4171.0,4172.4,4109.9,4121.0,101394,485240
07/14/2006,4093.1,4120.3,4067.0,4076.7,94799,493373
07/17/2006,4083.1,4086.7,4038.4,4066.3,104215,486101
07/18/2006,4053.8,4091.7,4040.2,4058.5,92070,481530
07/19/2006,4075.2,4134.6,4054.2,4120.3,125474,476396
07/20/2006,4141.4,4163.2,4108.8,4115.6,100474,470107
07/21/2006,4110.6,4114.6,4068.5,4082.4,76903,467739
07/24/2006,4091.0,4173.9,4090.3,4157.8,81597,467707
07/25/2006,4170.7,4194.2,4156.0,4176.0,78833,469983
07/26/2006,4182.8,4210.0,4178.5,4193.2,60397,471058
07/27/2006,4220.0,4237.8,4210.3,4234.6,73842,467117
07/28/2006,4219.6,4272.5,4213.9,4269.3,96705,478790
07/31/2006,4269.6,4270.4,4227.1,4228.2,69271,484593
08/01/2006,4231.1,4246.4,4184.6,4195.0,70337,482954
08/02/2006,4214.3,4249.3,4206.8,4232.1,61478,478508
08/03/2006,4242.5,4243.9,4161.0,4167.8,97016,466253
08/04/2006,4188.2,4210.7,4166.7,4206.4,66529,469197
08/07/2006,4163.9,4182.1,4154.6,4166.0,52781,468941
08/08/2006,4187.5,4189.2,4148.1,4155.7,66396,478157
08/09/2006,4165.3,4201.4,4131.0,4191.7,79263,479404
08/10/2006,4148.1,4176.0,4111.3,4163.2,93709,476354
08/11/2006,4168.9,4183.2,4144.2,4160.7,55872,474976
08/14/2006,4184.2,4206.4,4163.2,4197.1,44106,480962
08/15/2006,4185.7,4221.4,4177.1,4211.8,65770,482471
08/16/2006,4221.4,4234.6,4188.9,4225.7,83389,481837
08/17/2006,4233.9,4237.5,4217.1,4227.8,49766,481346
08/18/2006,4235.3,4252.5,4225.0,4227.5,59583,477978
08/21/2006,4225.3,4253.6,4213.2,4237.5,45244,479551
08/22/2006,4244.6,4251.4,4207.8,4230.3,55921,474336
08/23/2006,4229.6,4232.8,4191.0,4198.9,50317,470710
08/24/2006,4204.6,4220.7,4174.9,4199.6,52838,471746
08/25/2006,4206.8,4221.0,4193.2,4209.6,52838,471746
08/29/2006,4243.9,4244.3,4208.2,4216.0,59943,481803
08/30/2006,4222.8,4256.8,4216.4,4250.3,61513,493983
08/31/2006,4249.6,4251.4,4217.1,4219.3,66780,489480
09/01/2006,4236.4,4270.7,4231.1,4249.6,45185,503791
09/04/2006,4254.6,4286.8,4252.5,4280.0,45185,503791
09/05/2006,4281.1,4287.2,4260.7,4278.2,75156,512526
09/06/2006,4279.7,4281.1,4237.5,4241.8,120689,516586
09/07/2006,4225.3,4230.3,4184.6,4195.0,144016,529476
09/08/2006,4200.7,4218.2,4196.0,4203.9,112987,525922
09/11/2006,4185.0,4199.2,4159.9,4183.5,340157,525512
09/12/2006,4183.5,4220.3,4161.0,4212.5,434778,567113
09/13/2006,4221.7,4228.4,4199.7,4213.5,380253,582228
09/14/2006,4220.3,4250.8,4195.8,4198.6,199072,581939
09/15/2006,4201.5,4219.2,4189.7,4199.0,95668,601004
09/18/2006,4194.0,4226.7,4193.3,4210.0,52710,487571
09/19/2006,4207.1,4213.9,4146.4,4166.7,81415,487479
09/20/2006,4163.5,4202.5,4156.7,4191.5,80430,486887
09/21/2006,4195.4,4217.8,4177.0,4208.6,73736,486801
09/22/2006,4182.6,4194.0,4155.7,4158.1,75095,481327
09/25/2006,4162.1,4177.0,4122.3,4143.6,78409,489266
09/26/2006,4155.7,4198.3,4154.6,4191.2,73597,486083
09/27/2006,4205.0,4244.1,4203.9,4228.1,77316,490711
09/28/2006,4234.5,4268.6,4232.0,4256.1,64154,492913
09/29/2006,4267.1,4286.0,4244.8,4251.2,75557,504358
10/02/2006,4262.2,4278.5,4241.9,4248.7,49114,507839
10/03/2006,4239.5,4255.4,4206.8,4235.5,75628,508440
10/04/2006,4239.5,4258.6,4222.8,4254.4,65605,510976
10/05/2006,4282.1,4292.0,4265.0,4278.5,80112,507780
10/06/2006,4282.1,4288.8,4261.8,4282.1,54805,509475
10/09/2006,4267.9,4308.7,4267.9,4295.9,47709,510242
10/10/2006,4305.5,4333.2,4295.9,4332.1,60911,512807
10/11/2006,4328.2,4340.3,4307.3,4327.9,62981,511655
10/12/2006,4335.3,4365.1,4325.0,4362.7,53623,510971
10/13/2006,4363.7,4397.8,4349.5,4386.5,62521,505662
10/16/2006,4390.0,4408.1,4382.2,4404.9,63564,512831
10/17/2006,4395.7,4398.5,4348.8,4350.2,83861,517061
10/18/2006,4372.2,4393.6,4360.2,4381.5,74675,521408
10/19/2006,4368.3,4404.9,4349.5,4383.6,69630,521814
10/20/2006,4396.4,4420.5,4367.6,4380.4,70061,519904
10/23/2006,4400.3,4402.1,4362.7,4390.4,55939,520707
10/24/2006,4389.6,4407.8,4385.0,4398.9,56223,518604
10/25/2006,4401.4,4426.2,4396.0,4418.8,55830,522909
10/26/2006,4429.8,4456.0,4396.7,4398.9,67928,518108
10/27/2006,4412.7,4420.2,4363.4,4381.5,65135,519722
10/30/2006,4360.2,4370.1,4347.0,4361.6,66803,517184
10/31/2006,4352.0,4376.5,4345.3,4360.5,78734,521904
11/01/2006,4360.5,4401.7,4360.5,4377.6,75724,525484
11/02/2006,4365.9,4393.9,4350.9,4377.2,99593,524649
11/03/2006,4385.7,4397.8,4364.8,4370.5,71853,530478
11/06/2006,4388.6,4436.9,4385.7,4427.3,67818,542079
11/07/2006,4429.8,4445.7,4424.8,4444.3,65740,534791
11/08/2006,4430.1,4446.1,4417.3,4443.6,72880,533470
11/09/2006,4447.2,4449.7,4415.6,4437.2,63513,532045
11/10/2006,4428.3,4436.9,4411.7,4418.4,53335,532756
11/13/2006,4429.1,4441.5,4392.5,4415.6,62455,533204
11/14/2006,4423.4,4430.5,4385.0,4401.4,69164,527753
11/15/2006,4429.4,4436.2,4412.4,4429.1,62573,528524
11/16/2006,4428.0,4456.0,4419.8,4447.9,63197,536173
11/17/2006,4445.4,4456.0,4394.3,4406.3,75938,530117
11/20/2006,4382.5,4431.2,4371.9,4414.9,72972,528389
11/21/2006,4414.5,4428.3,4408.1,4410.6,62788,528060
11/22/2006,4425.5,4437.6,4374.4,4386.5,0,0
11/23/2006,4396.4,4398.5,4352.7,4374.4,0,0
11/24/2006,4363.7,4369.4,4318.3,4359.1,85150,526845
11/27/2006,4350.2,4363.4,4304.8,4308.3,88799,529364
11/28/2006,4306.2,4315.4,4277.8,4288.8,118093,533990
11/29/2006,4307.6,4338.9,4300.2,4327.9,97565,540989
11/30/2006,4339.6,4347.4,4297.0,4304.1,112378,537112
12/01/2006,4316.9,4331.4,4254.7,4292.0,103547,546828
12/04/2006,4289.2,4309.4,4279.9,4301.2,78839,549129
12/05/2006,4308.0,4336.7,4299.8,4330.7,104522,555411
12/06/2006,4327.9,4349.5,4313.0,4332.1,123977,558227
12/07/2006,4327.5,4368.7,4326.4,4353.8,160442,575076
12/08/2006,4348.1,4387.2,4339.2,4368.7,116923,556746
12/11/2006,4387.5,4395.3,4367.3,4377.9,417527,624877
12/12/2006,4374.4,4380.1,4355.2,4373.7,384739,635773
12/13/2006,4369.4,4403.0,4366.2,4394.9,346683,669526
12/14/2006,4410.1,4426.8,4402.7,4419.3,233462,659012
12/15/2006,4434.6,4457.9,4426.4,4442.7,119433,475086
12/18/2006,4433.1,4452.2,4426.8,4434.9,44528,482693
12/19/2006,4417.9,4423.6,4394.2,4403.0,78211,484951
12/20/2006,4421.1,4428.9,4393.1,4396.0,55726,486283
12/21/2006,4391.4,4401.3,4371.5,4386.4,39706,486451
12/22/2006,4376.5,4391.4,4375.1,4384.6,39706,486451
12/27/2006,4402.0,4440.6,4397.7,4430.7,35487,490177
12/28/2006,4442.3,4443.0,4419.3,4425.3,25288,491932
12/29/2006,4426.8,4432.1,4397.0,4400.6,27847,494925
01/02/2007,4436.0,4482.3,4424.6,4478.1,51403,500079
01/03/2007,4473.8,4482.3,4462.2,4478.4,67826,497336
01/04/2007,4456.5,4466.4,4436.0,4451.2,111136,515636
01/05/2007,4430.3,4451.9,4397.4,4405.2,80794,516894
01/08/2007,4414.4,4423.9,4373.7,4383.6,92547,521378
01/09/2007,4401.6,4404.8,4360.9,4388.2,72417,514613
01/10/2007,4363.8,4374.4,4345.7,4359.9,84504,519744
01/11/2007,4368.4,4424.6,4337.9,4413.0,116763,527205
01/12/2007,4404.8,4424.3,4390.0,4408.7,41860,525063
01/15/2007,4435.3,4442.7,4425.3,4436.0,41860,525063
01/16/2007,4427.5,4442.3,4390.0,4391.4,87772,523229
01/17/2007,4398.8,4406.9,4358.8,4382.2,88027,525588
01/18/2007,4398.4,4428.2,4388.2,4391.7,106506,533329
01/19/2007,4390.3,4417.6,4367.7,4408.7,108105,541972
01/22/2007,4421.5,4434.6,4387.8,4399.2,72465,543834
01/23/2007,4405.5,4413.7,4374.4,4398.8,80140,538135
01/24/2007,4420.0,4469.9,4417.6,4458.3,118485,543379
01/25/2007,4468.2,4479.2,4417.6,4432.4,91011,551979
01/26/2007,4409.1,4432.4,4391.4,4402.3,100072,555191
01/29/2007,4403.4,4418.6,4389.6,4410.5,65055,549126
01/30/2007,4403.4,4416.1,4386.4,4407.3,68684,551023
01/31/2007,4409.1,4417.9,4374.4,4380.0,124471,556971
02/01/2007,4412.6,4450.5,4407.6,4431.4,94061,560344
02/02/2007,4435.6,4468.5,4434.2,4453.7,70186,576294
02/05/2007,4448.0,4467.8,4439.9,4456.5,47075,582247
02/06/2007,4463.6,4496.5,4462.2,4480.2,71352,588067
02/07/2007,4483.0,4513.1,4477.7,4496.9,64786,581382
02/08/2007,4498.3,4513.1,4469.9,4484.5,68257,577064
02/09/2007,4506.1,4516.7,4500.7,4507.1,53922,580890
02/12/2007,4491.9,4501.8,4477.7,4486.2,57912,576631
02/13/2007,4499.7,4513.1,4477.7,4501.5,54112,575115
02/14/2007,4517.7,4535.1,4503.2,4530.5,70633,568409
02/15/2007,4535.1,4548.5,4513.1,4544.6,69136,572634
02/16/2007,4535.8,4548.5,4522.3,4532.6,29046,581584
02/19/2007,4543.2,4554.9,4536.8,4545.7,29046,581584
02/20/2007,4548.5,4550.7,4510.3,4524.5,67987,584093
02/21/2007,4538.3,4541.1,4483.4,4492.6,86864,578425
02/22/2007,4522.3,4530.1,4497.9,4505.3,71749,583198
02/23/2007,4520.6,4522.7,4484.8,4513.5,61539,586457
02/26/2007,4532.6,4551.0,4526.9,4542.2,61539,587364
02/27/2007,4523.8,4523.8,4417.9,4441.6,206340,568222
02/28/2007,4379.3,4403.0,4333.0,4359.5,220553,566284
03/01/2007,4349.2,4392.8,4254.4,4320.2,242222,572814
03/02/2007,4325.5,4345.4,4289.4,4314.9,143462,569326
03/05/2007,4246.9,4291.5,4221.5,4278.8,162369,583209
03/06/2007,4294.4,4336.1,4276.7,4329.1,149335,574015
03/07/2007,4333.7,4367.7,4323.1,4360.9,126967,566996
03/08/2007,4375.1,4417.6,4373.7,4405.2,141247,567412
03/09/2007,4403.4,4428.9,4381.1,4423.2,145801,568163
03/12/2007,4437.4,4444.8,4399.9,4413.0,318001,618922
03/13/2007,4413.7,4414.0,4349.8,4356.9,431244,642874
03/14/2007,4301.5,4306.4,4224.2,4254.6,483449,653520
03/15/2007,4307.5,4347.3,4292.3,4331.1,324202,655461
03/16/2007,4330.1,4347.7,4308.9,4335.7,151434,488699
03/19/2007,4369.2,4387.9,4342.8,4376.3,77121,488934
03/20/2007,4382.6,4402.0,4354.7,4398.5,80100,491405
03/21/2007,4395.7,4462.7,4392.1,4431.7,105040,486890
03/22/2007,4486.7,4490.2,4450.4,4469.8,116520,506565
03/23/2007,4476.1,4499.0,4458.5,4488.8,82190,499637
03/26/2007,4489.9,4501.2,4441.2,4458.8,88503,498583
03/27/2007,4482.1,4487.4,4446.1,4452.1,73103,499819
03/28/2007,4441.5,4464.5,4423.5,4438.0,96401,502631
03/29/2007,4449.3,4486.3,4447.2,4482.5,83853,504318
03/30/2007,4478.2,4482.5,4450.0,4463.4,101773,508742
04/02/2007,4461.3,4490.2,4452.5,4465.9,79080,512198
04/03/2007,4493.7,4511.7,4469.8,4495.9,82055,515541
04/04/2007,4516.0,4516.3,4489.5,4505.7,59503,518059
04/05/2007,4508.2,4534.7,4490.2,4523.7,59503,518059
04/10/2007,4530.1,4548.1,4519.5,4534.3,57088,522224
04/11/2007,4538.2,4558.7,4526.2,4539.3,64285,524606
04/12/2007,4531.8,4551.6,4507.5,4537.1,83169,534849
04/13/2007,4543.8,4574.2,4533.3,4566.8,67481,539548
04/16/2007,4583.4,4610.5,4579.1,4604.9,73211,543222
04/17/2007,4596.1,4602.1,4562.9,4597.8,106352,553078
04/18/2007,4586.5,4588.3,4552.7,4561.5,93813,546368
04/19/2007,4526.9,4568.5,4513.9,4552.7,121774,539499
04/20/2007,4574.2,4602.1,4568.5,4580.9,85926,539265
04/23/2007,4592.2,4596.1,4568.5,4580.9,59723,539870
04/24/2007,4581.9,4588.6,4528.0,4549.1,109708,543233
04/25/2007,4563.6,4580.9,4551.2,4567.1,89015,545500
04/26/2007,4591.1,4603.1,4554.1,4569.2,87534,553037
04/27/2007,4566.4,4571.0,4529.0,4537.1,85881,551328
04/30/2007,4523.0,4576.6,4522.7,4563.2,89648,558064
05/01/2007,4547.7,4549.5,4516.0,4532.6,59899,560787
05/02/2007,4560.8,4585.1,4551.6,4579.8,83815,570358
05/03/2007,4589.0,4622.9,4586.9,4619.0,99953,574485
05/04/2007,4621.5,4672.6,4619.3,4660.3,99953,574485
05/08/2007,4659.9,4663.4,4616.5,4627.5,95735,578444
05/09/2007,4651.8,4658.8,4615.5,4628.5,85551,576614
05/10/2007,4628.5,4642.3,4587.9,4610.2,98880,581598
05/11/2007,4591.1,4650.0,4558.0,4641.2,117468,584959
05/14/2007,4656.7,4657.1,4614.0,4631.0,70827,588768
05/15/2007,4621.5,4649.0,4615.1,4632.0,114141,600981
05/16/2007,4629.2,4651.1,4621.8,4634.2,70437,594313
05/17/2007,4652.5,4656.0,4631.0,4646.9,64688,600274
05/18/2007,4647.9,4704.4,4639.1,4690.2,97435,606842
05/21/2007,4703.3,4715.6,4676.1,4689.9,76065,613731
05/22/2007,4690.6,4693.4,4657.8,4668.7,86033,642071
05/23/2007,4669.4,4690.6,4667.0,4674.0,75772,648239
05/24/2007,4651.1,4674.4,4629.2,4633.4,94947,622885
05/25/2007,4621.5,4645.1,4611.6,4633.8,0,621816
05/29/2007,4658.1,4669.4,4637.7,4654.6,74326,634838
05/30/2007,4625.0,4670.5,4610.9,4661.0,96606,635927
05/31/2007,4686.0,4692.0,4661.0,4663.1,111355,630801
06/01/2007,4670.8,4713.2,4670.8,4711.4,105745,644274
06/04/2007,4694.8,4707.5,4685.3,4701.9,47051,645487
06/05/2007,4707.5,4716.0,4647.2,4688.5,105561,644243
06/06/2007,4682.1,4687.4,4597.8,4611.6,183086,650067
06/07/2007,4638.4,4639.4,4572.4,4591.5,192182,653284
06/08/2007,4572.8,4604.5,4554.4,4586.5,202672,654221
06/11/2007,4601.0,4653.9,4601.0,4631.7,357081,686828
06/12/2007,4627.1,4650.4,4597.8,4607.0,472296,689577
06/13/2007,4593.7,4634.7,4576.1,4627.7,474762,705217
06/14/2007,4652.2,4698.5,4650.8,4689.4,320109,722761
06/15/2007,4705.2,4755.3,4700.3,4746.6,164998,740530
06/18/2007,4758.1,4766.2,4721.7,4730.8,81911,556677
06/19/2007,4731.1,4743.4,4689.4,4701.7,89082,547104
06/20/2007,4712.9,4722.0,4680.6,4701.7,83278,540281
06/21/2007,4676.4,4679.2,4629.4,4666.6,122242,525601
06/22/2007,4666.3,4666.3,4601.0,4633.3,72216,526080
06/25/2007,4614.0,4664.5,4598.6,4649.1,89216,527370
06/26/2007,4625.2,4649.4,4611.5,4625.9,103538,523215
06/27/2007,4606.3,4610.8,4579.6,4604.9,105467,524008
06/28/2007,4632.2,4647.0,4618.9,4621.4,69161,530827
06/29/2007,4643.1,4662.4,4594.4,4655.4,118935,537785
07/02/2007,4638.9,4661.0,4629.4,4652.9,87002,545002
07/03/2007,4663.8,4684.1,4661.0,4675.0,38798,550880
07/04/2007,4683.8,4708.3,4680.3,4695.7,38798,550880
07/05/2007,4707.6,4715.7,4663.8,4674.3,86987,548526
07/06/2007,4675.7,4715.0,4672.6,4713.9,76889,543616
07/09/2007,4721.0,4735.3,4716.0,4726.9,50022,540484
07/10/2007,4725.5,4740.2,4658.9,4671.2,109476,539053
07/11/2007,4637.5,4666.6,4625.9,4658.9,113807,541032
07/12/2007,4668.7,4722.0,4640.0,4715.0,96584,541406
07/13/2007,4743.7,4749.4,4718.9,4724.8,72792,544937
07/16/2007,4728.3,4740.6,4699.6,4713.6,55161,546405
07/17/2007,4705.9,4707.6,4661.7,4684.8,87738,542635
07/18/2007,4638.5,4664.1,4596.8,4622.4,117196,541823
07/19/2007,4642.1,4682.7,4638.2,4666.6,95565,543393
07/20/2007,4670.8,4692.6,4602.1,4629.1,106335,534019
07/23/2007,4634.7,4659.2,4625.9,4655.4,74464,534905
07/24/2007,4642.8,4648.7,4561.8,4568.8,126769,525436
07/25/2007,4550.2,4587.4,4517.9,4524.2,132529,521437
07/26/2007,4537.6,4543.9,4371.7,4395.9,197001,520551
07/27/2007,4340.5,4432.4,4335.2,4358.7,231074,507684
07/30/2007,4358.7,4392.0,4338.7,4359.4,143448,510225
07/31/2007,4393.8,4471.6,4386.8,4455.9,157458,521819
08/01/2007,4383.3,4434.1,4343.6,4389.2,178834,516825
08/02/2007,4414.1,4438.3,4401.9,4422.5,116651,510916
08/03/2007,4439.4,4440.4,4358.7,4362.2,109151,515186
08/06/2007,4326.1,4385.4,4323.0,4346.4,116991,516193
08/07/2007,4376.3,4459.4,4365.7,4427.5,109181,523823
08/08/2007,4466.0,4506.0,4442.5,4498.3,129420,524700
08/09/2007,4474.4,4477.6,4377.0,4417.6,193143,527239
08/10/2007,4347.9,4352.8,4239.5,4251.8,234594,502283
08/13/2007,4294.2,4385.7,4287.9,4380.1,136389,515078
08/14/2007,4337.0,4405.0,4307.9,4321.2,125030,512389
08/15/2007,4278.1,4311.4,4251.4,4307.2,139926,514875
08/16/2007,4210.0,4227.6,4097.1,4132.9,234183,517835
08/17/2007,4129.0,4321.6,4095.7,4279.5,296491,536584
08/20/2007,4278.8,4338.4,4259.1,4273.5,113615,528155
08/21/2007,4312.1,4312.1,4243.4,4278.8,121657,516284
08/22/2007,4299.1,4368.5,4299.1,4364.7,108282,520550
08/23/2007,4398.0,4427.5,4344.7,4373.4,96813,529494
08/24/2007,4360.1,4393.8,4350.0,4375.9,96813,529494
08/28/2007,4371.3,4375.6,4278.4,4290.0,96913,531653
08/29/2007,4278.1,4324.4,4257.4,4308.9,114883,530142
08/30/2007,4339.8,4378.4,4302.6,4362.6,103206,524571
08/31/2007,4399.4,4445.7,4369.2,4429.2,42586,531482
09/03/2007,4448.5,4453.4,4431.3,4438.3,42586,531482
09/04/2007,4433.4,4486.7,4407.8,4479.7,100124,531479
09/05/2007,4470.9,4490.6,4399.4,4407.5,164210,538610
09/06/2007,4442.2,4452.0,4366.1,4425.3,124189,545030
09/07/2007,4429.6,4454.5,4337.3,4339.1,134737,549136
09/10/2007,4366.4,4375.9,4296.0,4306.8,116884,548444
09/11/2007,4350.3,4411.7,4337.3,4408.2,113576,549290
09/12/2007,4409.2,4436.6,4374.2,4422.2,130975,545406
09/13/2007,4416.3,4473.9,4409.7,4471.4,159458,571826
09/14/2007,4438.1,4444.7,4355.9,4415.9,221799,568750
09/17/2007,4394.8,4396.2,4308.8,4336.9,406314,605548
09/18/2007,4322.0,4417.7,4318.5,4400.7,487690,629887
09/19/2007,4503.0,4565.4,4485.0,4529.7,465808,649546
09/20/2007,4523.8,4523.8,4482.2,4509.6,272866,636439
09/21/2007,4488.8,4543.2,4488.8,4521.0,165141,491749
09/24/2007,4511.0,4549.1,4510.3,4528.7,61260,489861
09/25/2007,4506.8,4511.3,4457.6,4478.0,110899,498262
09/26/2007,4507.2,4541.5,4493.6,4502.0,113622,493220
09/27/2007,4533.5,4556.8,4526.6,4538.7,125539,489749
09/28/2007,4543.2,4552.6,4485.3,4522.1,126704,492135
10/01/2007,4489.8,4561.6,4485.7,4541.1,117732,486775
10/02/2007,4572.4,4595.2,4539.8,4553.3,117801,485038
10/03/2007,4563.3,4579.3,4544.6,4575.1,87064,483127
10/04/2007,4563.3,4610.9,4554.7,4582.1,109670,485808
10/05/2007,4600.8,4620.9,4582.4,4599.4,77899,485172
10/08/2007,4615.7,4618.5,4563.0,4583.5,60315,489537
10/09/2007,4573.4,4632.4,4561.6,4625.4,104574,488157
10/10/2007,4629.9,4639.6,4604.3,4635.8,84665,478377
10/11/2007,4646.9,4707.3,4642.4,4695.8,118684,489414
10/12/2007,4674.3,4711.1,4654.6,4698.3,97389,485965
10/15/2007,4695.8,4718.0,4631.0,4639.6,85902,483525
10/16/2007,4636.9,4637.2,4608.4,4611.9,99774,481016
10/17/2007,4621.3,4672.6,4603.2,4657.0,118159,481995
10/18/2007,4672.2,4695.8,4595.2,4616.4,118876,482546
10/19/2007,4602.2,4619.2,4550.9,4566.8,101408,486013
10/22/2007,4470.1,4530.7,4466.9,4508.9,116253,485152
10/23/2007,4526.6,4580.0,4526.6,4537.3,103424,491224
10/24/2007,4548.1,4570.6,4504.4,4524.5,107164,492264
10/25/2007,4563.7,4593.9,4548.1,4574.4,100735,484587
10/26/2007,4590.4,4660.8,4577.9,4644.2,96997,488918
10/29/2007,4684.0,4685.1,4650.7,4670.9,72462,490115
10/30/2007,4658.0,4666.0,4636.9,4645.5,75524,485892
10/31/2007,4645.5,4689.2,4627.8,4680.9,81127,489075
11/01/2007,4675.7,4688.2,4565.4,4597.3,148965,485267
11/02/2007,4558.5,4577.2,4518.3,4559.5,135402,493964
11/05/2007,4526.2,4531.4,4472.5,4507.2,127407,495177
11/06/2007,4536.3,4543.2,4497.4,4504.4,85813,492682
11/07/2007,4535.6,4545.7,4439.9,4451.3,126927,492064
11/08/2007,4394.1,4481.5,4379.9,4452.7,176605,487579
11/09/2007,4453.4,4489.5,4367.7,4392.0,150582,483577
11/12/2007,4371.6,4434.3,4365.0,4414.6,111914,473565
11/13/2007,4386.1,4451.0,4369.8,4432.2,119821,460744
11/14/2007,4475.3,4499.5,4443.7,4477.0,124296,459257
11/15/2007,4479.8,4500.6,4404.5,4427.7,120458,455879
11/16/2007,4401.7,4425.0,4372.2,4387.9,127496,449484
11/19/2007,4383.7,4406.2,4253.3,4261.6,156224,445294
11/20/2007,4281.4,4340.7,4229.0,4332.7,165236,445022
11/21/2007,4289.4,4299.4,4207.2,4247.4,69479,466844
11/22/2007,4247.4,4295.3,4195.0,4285.9,69479,466844
11/23/2007,4285.9,4365.3,4283.1,4356.6,103509,459580
11/26/2007,4391.3,4392.0,4298.0,4303.2,108308,458795
11/27/2007,4283.8,4316.8,4219.7,4272.0,152240,464351
11/28/2007,4300.5,4404.9,4252.9,4393.1,132759,465267
11/29/2007,4423.9,4431.2,4366.7,4407.3,107125,469266
11/30/2007,4421.2,4495.0,4408.3,4482.2,145994,473093
12/03/2007,4470.7,4494.0,4439.5,4448.5,86531,471383
12/04/2007,4449.9,4454.8,4375.4,4394.1,132406,479476
12/05/2007,4423.9,4524.8,4421.2,4514.1,119958,482413
12/06/2007,4540.1,4591.8,4477.0,4503.7,160882,487559
12/07/2007,4539.8,4574.4,4532.1,4547.4,99161,485793
12/10/2007,4538.4,4588.3,4538.0,4565.4,110249,498814
12/11/2007,4583.5,4583.5,4528.0,4548.4,100136,499233
12/12/2007,4497.4,4594.2,4464.2,4551.2,183981,527822
12/13/2007,4513.2,4519.4,4417.8,4429.5,202501,521532
12/14/2007,4444.8,4462.7,4402.9,4439.6,175802,528022
12/17/2007,4391.2,4399.8,4348.0,4360.8,364216,554315
12/18/2007,4330.0,4405.4,4327.9,4361.5,400987,557573
12/19/2007,4371.1,4388.8,4335.9,4368.7,414519,591910
12/20/2007,4377.0,4421.9,4367.3,4401.9,203712,531320
12/21/2007,4441.3,4480.0,4441.3,4468.3,116342,543090
12/24/2007,4480.7,4501.8,4471.4,4493.1,116342,543090
12/27/2007,4493.1,4515.6,4489.0,4513.2,38414,402032
12/28/2007,4476.2,4505.2,4459.6,4496.9,42159,409843
12/31/2007,4482.8,4484.5,4456.8,4462.0,18257,415153
01/02/2008,4457.9,4513.5,4427.5,4447.9,82927,421984
01/03/2008,4439.2,4499.7,4427.1,4487.3,105227,432158
01/04/2008,4500.1,4525.6,4382.5,4390.1,146438,430580
01/07/2008,4387.0,4412.3,4338.3,4387.7,127228,438482
01/08/2008,4400.2,4427.8,4380.8,4392.2,106586,442538
01/09/2008,4359.0,4361.5,4313.8,4342.8,137462,447852
01/10/2008,4344.9,4364.9,4286.8,4310.0,141326,450188
01/11/2008,4314.1,4320.0,4246.4,4288.2,133772,459953
01/14/2008,4262.3,4317.6,4260.2,4295.4,91718,473730
01/15/2008,4269.9,4285.8,4147.5,4162.7,165018,484046
01/16/2008,4148.6,4164.4,4075.3,4113.3,199926,491331
01/17/2008,4135.1,4161.3,4048.3,4070.4,187821,499179
01/18/2008,4071.5,4162.4,4041.1,4074.9,0,0
01/21/2008,3992.0,4015.1,3832.6,3876.2,0,0
01/22/2008,3724.1,3997.5,3664.7,3964.0,337523,546873
01/23/2008,4005.1,4039.7,3798.4,3885.5,268321,530436
01/24/2008,3998.9,4067.0,3952.9,4058.3,226727,574395
01/25/2008,4137.8,4137.8,4027.9,4033.5,151945,579784
01/28/2008,4021.4,4026.5,3928.4,3978.2,139627,566253
01/29/2008,4018.9,4062.5,3995.8,4044.2,122111,564417
01/30/2008,4032.8,4044.9,4000.6,4021.4,88026,561426
01/31/2008,4012.7,4073.9,3914.9,4060.4,189347,580800
02/01/2008,4102.6,4165.5,4092.9,4134.4,182206,579065
02/04/2008,4167.9,4179.3,4128.5,4146.8,84700,579149
02/05/2008,4143.0,4143.4,4024.5,4032.8,139639,581513
02/06/2008,4016.5,4063.2,4005.8,4056.6,126598,578991
02/07/2008,4033.1,4036.6,3927.3,3949.5,147186,586543
02/08/2008,3974.4,3995.4,3924.6,3979.5,105958,592178
02/11/2008,3942.2,3986.1,3908.3,3932.2,103937,595611
02/12/2008,3973.7,4070.1,3926.7,4055.2,166173,590650
02/13/2008,4024.8,4073.9,4000.6,4044.2,111959,583237
02/14/2008,4072.2,4086.3,4030.0,4048.0,108487,581894
02/15/2008,4051.4,4078.4,3961.9,3982.0,71204,575314
02/18/2008,4021.7,4096.7,4012.0,4092.2,71204,575314
02/19/2008,4064.6,4151.7,4045.2,4096.0,130672,572647
02/20/2008,4059.0,4090.1,4023.1,4065.3,124997,567060
02/21/2008,4086.7,4134.4,4069.7,4081.2,104725,567626
02/22/2008,4058.3,4109.5,4032.4,4045.6,98083,569918
02/25/2008,4096.0,4137.8,4073.2,4125.7,104802,560776
02/26/2008,4142.3,4209.7,4121.9,4186.6,129324,555258
02/27/2008,4207.7,4207.7,4118.8,4182.1,112246,544767
02/28/2008,4163.1,4189.7,4097.1,4104.7,118843,553844
02/29/2008,4084.3,4116.1,4025.9,4031.4,151818,557026
03/03/2008,3985.8,4031.7,3964.3,3996.5,127992,544583
03/04/2008,3999.2,4036.9,3929.4,3964.7,139651,561277
03/05/2008,4002.4,4051.1,3979.5,4047.6,126441,551370
03/06/2008,4047.6,4047.6,3960.9,3983.0,123723,559042
03/07/2008,3936.7,3976.4,3900.7,3931.2,156401,561350
03/10/2008,3918.0,3947.7,3875.2,3887.3,143707,553596
03/11/2008,3904.9,3994.7,3894.9,3932.5,215760,549704
03/12/2008,3983.3,4017.9,3966.1,3985.1,192350,553661
03/13/2008,3916.1,3964.4,3888.5,3935.8,269045,569593
03/14/2008,3929.9,3995.4,3863.0,3898.5,316264,621388
03/17/2008,3811.3,3825.8,3740.0,3753.4,478360,642414
03/18/2008,3792.7,3875.4,3789.3,3864.1,576248,659114
03/19/2008,3899.9,3912.7,3807.5,3834.4,430163,630727
03/20/2008,3803.1,3833.4,3773.4,3803.4,430163,630727
03/25/2008,3932.7,3946.8,3887.9,3932.0,119174,461565
03/26/2008,3910.3,3933.0,3900.6,3919.2,88697,461581
03/27/2008,3912.0,3970.6,3908.2,3958.9,111489,460887
03/28/2008,3971.3,3975.8,3924.4,3938.2,87172,460577
03/31/2008,3912.0,3955.1,3859.2,3935.8,135643,463104
04/01/2008,3916.1,4059.5,3916.1,4047.8,131416,469626
04/02/2008,4059.9,4098.8,4029.5,4087.8,117136,472870
04/03/2008,4100.9,4102.3,4054.4,4074.4,93694,470058
04/04/2008,4087.8,4120.9,4071.3,4104.0,88469,466675
04/07/2008,4129.9,4169.8,4122.6,4149.8,90855,476922
04/08/2008,4140.2,4143.0,4105.4,4125.7,83703,479164
04/09/2008,4116.4,4158.8,4102.3,4132.3,83703,479164
04/10/2008,4138.1,4149.5,4061.3,4124.3,116328,480460
04/11/2008,4147.4,4157.4,4049.9,4067.8,120714,481951
04/14/2008,4039.9,4057.1,4020.9,4025.4,78159,469507
04/15/2008,4056.4,4105.4,4048.2,4078.1,106910,468925
04/16/2008,4108.1,4183.6,4096.4,4176.0,106672,479293
04/17/2008,4185.0,4205.7,4117.4,4135.0,115503,469138
04/18/2008,4138.8,4192.9,4125.7,4183.6,112745,471013
04/21/2008,4194.0,4203.6,4157.4,4177.1,76176,474464
04/22/2008,4155.7,4194.0,4145.7,4163.6,89327,467466
04/23/2008,4178.1,4208.8,4127.8,4196.7,110191,470861
04/24/2008,4191.2,4205.4,4109.5,4175.7,138391,475964
04/25/2008,4205.7,4221.9,4176.0,4209.5,108814,478394
04/28/2008,4228.4,4238.8,4202.9,4211.9,74368,479124
04/29/2008,4205.0,4236.4,4175.0,4205.7,93450,489942
04/30/2008,4202.2,4227.4,4165.4,4203.6,107976,499179
05/01/2008,4204.7,4224.7,4184.0,4213.3,39709,495239
05/02/2008,4233.3,4300.5,4221.9,4287.7,39709,495239
05/06/2008,4279.5,4309.1,4244.7,4288.1,96362,503390
05/07/2008,4297.0,4327.7,4285.0,4320.1,97133,508691
05/08/2008,4293.3,4328.4,4288.8,4321.5,80555,510715
05/09/2008,4307.4,4310.5,4251.9,4285.0,89390,503196
05/12/2008,4285.0,4312.9,4262.6,4289.5,64729,507462
05/13/2008,4316.4,4323.6,4232.9,4282.9,110250,506478
05/14/2008,4305.3,4318.4,4256.0,4290.2,115490,499608
05/15/2008,4283.9,4321.5,4259.1,4307.0,98457,500966
05/16/2008,4335.3,4384.6,4324.6,4338.8,125092,504301
05/19/2008,4364.3,4409.8,4348.1,4397.0,69639,504779
05/20/2008,4386.3,4386.7,4264.6,4287.1,142056,514231
05/21/2008,4290.5,4320.5,4267.4,4272.6,96092,506814
05/22/2008,4256.4,4296.7,4244.7,4258.8,96619,492135
05/23/2008,4274.0,4274.0,4194.3,4210.5,0,490795
05/27/2008,4221.6,4236.0,4171.2,4188.5,76740,493539
05/28/2008,4192.6,4225.0,4173.6,4184.7,73941,491428
05/29/2008,4215.7,4229.8,4165.7,4188.1,75246,491882
05/30/2008,4186.7,4217.8,4159.5,4165.0,91319,488215
06/02/2008,4166.4,4171.2,4119.9,4147.8,84860,494459
06/03/2008,4136.7,4183.3,4130.9,4181.6,86011,505265
06/04/2008,4162.6,4162.6,4098.8,4133.0,105999,506437
06/05/2008,4128.5,4161.6,4102.3,4137.4,84801,501634
06/06/2008,4167.8,4197.1,4041.6,4080.6,118942,504014
06/09/2008,4067.8,4102.6,4026.8,4058.8,116613,501387
06/10/2008,4041.3,4055.7,4013.3,4032.3,121318,507582
06/11/2008,4036.1,4041.9,3937.8,3954.0,153965,508402
06/12/2008,3954.7,4002.0,3947.1,3991.6,164436,526979
06/13/2008,3987.5,4015.6,3947.0,4006.4,160118,531128
06/16/2008,4018.4,4022.2,3973.4,3993.7,277857,543431
06/17/2008,4002.6,4092.9,4002.6,4047.9,503907,589696
06/18/2008,4026.6,4028.3,3957.0,3967.3,446950,591205
06/19/2008,3967.3,3992.6,3930.2,3937.7,236855,584446
06/20/2008,3938.4,3951.8,3857.4,3890.7,149054,583901
06/23/2008,3878.4,3925.7,3862.6,3916.1,91616,462314
06/24/2008,3912.7,3924.0,3847.8,3897.6,116820,475662
06/25/2008,3891.4,3920.9,3883.5,3906.2,87805,467218
06/26/2008,3884.6,3890.7,3775.4,3806.3,118867,467608
06/27/2008,3797.7,3829.3,3767.5,3807.3,130943,478243
06/30/2008,3812.8,3884.6,3801.2,3876.3,126996,470793
07/01/2008,3844.7,3859.8,3733.9,3775.4,156585,474701
07/02/2008,3776.8,3834.5,3695.1,3741.5,123521,469077
07/03/2008,3702.0,3781.9,3689.6,3775.1,42697,469126
07/04/2008,3768.6,3771.0,3709.5,3725.0,42697,469126
07/07/2008,3766.9,3798.1,3706.8,3785.7,95789,457167
07/08/2008,3704.4,3800.8,3685.5,3753.5,147145,459741
07/09/2008,3781.3,3810.8,3733.6,3808.0,94442,460490
07/10/2008,3744.5,3771.0,3701.3,3712.6,100289,459998
07/11/2008,3735.3,3755.9,3607.3,3619.3,136020,464723
07/14/2008,3658.1,3695.8,3619.3,3648.1,105795,464036
07/15/2008,3620.3,3620.3,3517.7,3567.1,170951,468299
07/16/2008,3566.8,3590.1,3481.7,3531.8,155492,476941
07/17/2008,3579.1,3668.4,3573.0,3632.3,151733,478035
07/18/2008,3604.2,3697.9,3583.6,3685.9,158291,485254
07/21/2008,3686.9,3740.4,3660.8,3705.4,114365,486809
07/22/2008,3669.7,3723.3,3625.8,3688.6,85659,490787
07/23/2008,3729.8,3761.4,3695.8,3751.1,98338,491361
07/24/2008,3754.8,3758.3,3651.5,3679.0,99482,489361
07/25/2008,3650.5,3689.0,3628.2,3675.2,99885,497941
07/28/2008,3677.3,3681.7,3607.3,3646.1,69690,499215
07/29/2008,3610.0,3676.6,3608.0,3648.8,105315,491478
07/30/2008,3689.3,3739.1,3683.5,3725.7,112981,494497
07/31/2008,3736.7,3743.9,3681.7,3709.9,98365,494988
08/01/2008,3682.8,3716.4,3643.3,3667.3,95189,496174
08/04/2008,3670.8,3714.3,3635.8,3639.9,90124,507305
08/05/2008,3653.3,3771.3,3629.9,3741.1,111056,503743
08/06/2008,3754.8,3795.3,3736.3,3770.3,100713,500345
08/07/2008,3757.2,3804.6,3728.8,3762.7,96891,508703
08/08/2008,3744.5,3796.4,3713.7,3760.7,92281,512745
08/11/2008,3786.8,3812.8,3759.6,3800.5,72058,514159
08/12/2008,3789.8,3823.8,3768.6,3804.3,100997,520449
08/13/2008,3788.5,3792.9,3727.4,3748.0,109604,516127
08/14/2008,3777.5,3806.3,3739.4,3777.1,105572,515682
08/15/2008,3794.6,3809.1,3727.4,3739.7,107176,521575
08/18/2008,3733.9,3777.1,3697.5,3745.2,85891,520453
08/19/2008,3703.4,3708.9,3642.3,3659.8,102099,528665
08/20/2008,3673.2,3706.8,3662.5,3699.6,89382,531139
08/21/2008,3664.9,3722.2,3651.9,3693.8,84326,531833
08/22/2008,3708.9,3791.9,3691.4,3784.4,84326,531833
08/26/2008,3740.4,3779.9,3691.4,3770.6,100030,536113
08/27/2008,3755.9,3825.5,3736.0,3796.0,102172,544014
08/28/2008,3796.0,3875.3,3777.1,3849.6,102510,542711
08/29/2008,3865.3,3883.5,3839.3,3876.7,45842,541223
09/01/2008,3846.8,3865.7,3829.0,3849.6,45842,541223
09/02/2008,3843.7,3881.8,3811.8,3864.0,100904,542205
09/03/2008,3825.2,3837.2,3762.7,3781.9,133996,542529
09/04/2008,3786.8,3809.4,3649.5,3684.1,137030,549935
09/05/2008,3661.5,3683.1,3590.8,3599.0,164094,556104
09/08/2008,3720.5,3803.9,3716.4,3755.5,183175,553487
09/09/2008,3748.7,3798.8,3667.7,3723.3,155648,538267
09/10/2008,3703.7,3729.8,3658.4,3687.6,150165,553341
09/11/2008,3682.1,3711.3,3611.7,3652.6,177908,567370
09/12/2008,3696.2,3728.4,3652.9,3719.8,178856,572532
09/15/2008,3634.5,3634.5,3506.5,3574.5,442708,585283
09/16/2008,3491.5,3530.4,3409.3,3441.0,733931,619091
09/17/2008,3480.9,3521.2,3343.1,3376.2,669636,640935
09/18/2008,3365.6,3528.4,3300.8,3357.1,529921,604147
09/19/2008,3575.1,3718.5,3544.4,3653.6,364629,639668
09/22/2008,3658.4,3667.3,3536.9,3602.8,145950,510596
09/23/2008,3579.9,3593.2,3475.1,3541.7,165885,495152
09/24/2008,3536.6,3546.1,3485.7,3505.9,113599,493246
09/25/2008,3502.1,3606.9,3473.1,3584.4,149970,498120
09/26/2008,3530.4,3539.0,3472.8,3513.7,124644,496005
09/29/2008,3456.7,3471.7,3113.7,3334.5,206843,512615
09/30/2008,3236.6,3464.6,3211.7,3394.3,250319,526495
10/01/2008,3429.1,3480.9,3360.5,3402.5,179224,550147
10/02/2008,3421.9,3472.1,3318.5,3348.2,144825,558366
10/03/2008,3361.8,3451.6,3297.7,3416.1,155725,576855
10/06/2008,3255.7,3286.4,3042.4,3156.7,217211,585881
10/07/2008,3199.1,3257.8,3024.7,3162.5,267214,602786
10/08/2008,3042.1,3207.9,2898.4,2993.6,431006,617675
10/09/2008,3040.7,3087.5,2796.7,2964.6,215104,620470
10/10/2008,2709.7,2842.1,2617.5,2690.6,438164,690585
10/13/2008,2856.1,3061.2,2771.8,2890.9,256725,678022
10/14/2008,3046.5,3109.0,2906.6,3002.8,238426,674921
10/15/2008,3001.8,3001.8,2665.3,2797.0,206219,670960
10/16/2008,2664.6,2785.8,2601.2,2624.4,268063,683739
10/17/2008,2774.2,2892.6,2637.0,2754.0,192453,685315
10/20/2008,2839.7,2988.2,2779.0,2911.0,162220,666799
10/21/2008,2972.5,2978.3,2841.4,2876.9,158759,665383
10/22/2008,2818.9,2874.5,2631.2,2753.0,157654,664490
10/23/2008,2762.2,2811.4,2634.6,2780.0,172862,658518
10/24/2008,2649.6,2687.8,2527.4,2628.8,246756,670593
10/27/2008,2521.3,2692.6,2493.0,2617.2,191985,675578
10/28/2008,2682.0,2892.6,2617.9,2669.1,204387,676419
10/29/2008,2852.3,2959.5,2762.9,2874.5,212811,666941
10/30/2008,2955.4,2970.8,2863.6,2915.5,184113,668099
10/31/2008,2924.0,3026.0,2860.5,2988.5,179041,677328
11/03/2008,3033.9,3051.6,2967.3,3024.3,145262,674747
11/04/2008,3023.6,3199.7,3002.5,3169.4,172194,681786
11/05/2008,3163.9,3164.9,3005.9,3095.7,150617,690422
11/06/2008,2987.8,3054.4,2833.6,2912.4,226822,716561
11/07/2008,2944.8,3029.8,2903.5,2972.1,134890,728137
11/10/2008,3105.6,3105.6,2925.0,3004.9,148600,729467
11/11/2008,2950.3,2979.6,2880.3,2898.4,148635,737246
11/12/2008,2966.3,2966.7,2801.5,2844.8,178830,744065
11/13/2008,2782.7,3027.1,2749.6,2843.8,164420,745712
11/14/2008,2962.2,2966.7,2837.3,2888.2,140610,754466
11/17/2008,2857.8,2898.7,2800.1,2803.9,140624,757338
11/18/2008,2816.8,2901.8,2745.2,2857.4,144520,765350
11/19/2008,2870.1,2879.3,2672.1,2732.5,144541,761527
11/20/2008,2648.9,2717.9,2519.3,2637.7,209269,766565
11/21/2008,2644.8,2702.2,2527.4,2579.7,193790,746685
11/24/2008,2651.3,2889.9,2616.2,2839.0,198243,752410
11/25/2008,2810.4,2920.6,2775.2,2834.6,184880,764950
11/26/2008,2796.7,2907.3,2766.7,2846.9,57627,766639
11/27/2008,2881.3,2904.2,2849.6,2901.8,57627,766639
11/28/2008,2905.9,2950.6,2862.9,2926.0,110273,778223
12/01/2008,2908.3,2925.4,2698.1,2758.5,129497,769400
12/02/2008,2730.2,2849.9,2711.0,2811.0,136170,774511
12/03/2008,2813.8,2889.9,2759.5,2850.6,155730,779135
12/04/2008,2851.6,2915.1,2741.4,2846.2,161650,790625
12/05/2008,2816.5,2882.0,2732.5,2746.5,134290,788213
12/08/2008,2952.0,2969.0,2870.1,2937.0,149220,790510
12/09/2008,2910.7,3020.2,2891.9,2994.3,138970,794496
12/10/2008,2980.0,3016.1,2956.4,2980.3,227510,797590
12/11/2008,2977.2,3030.1,2941.7,2995.7,203920,822909
12/12/2008,2866.7,2977.9,2866.3,2915.1,203942,791937
12/15/2008,2966.7,2966.7,2894.8,2918.2,513625,811330
12/16/2008,2923.0,3026.6,2903.1,2947.5,685844,818087
12/17/2008,2983.2,3002.5,2891.7,2947.8,462386,817968
12/18/2008,2945.4,2985.0,2892.4,2961.9,0,0
12/19/2008,2928.2,2966.7,2872.5,2927.2,59177,835424
12/22/2008,2910.3,2949.9,2862.5,2913.7,48167,655958
12/23/2008,2916.5,2951.9,2886.6,2911.3,9155,654064
12/24/2008,2930.3,2930.3,2873.2,2884.2,9155,654064
12/29/2008,2893.8,2964.7,2893.8,2940.6,41416,653921
12/30/2008,2972.2,3045.8,2967.4,3008.7,24209,654472
12/31/2008,3045.8,3045.8,3014.9,3020.4,51957,657601
01/02/2009,3027.3,3164.2,3022.8,3106.4,96995,647284
01/05/2009,3158.0,3158.0,3086.4,3123.9,134560,650773
01/06/2009,3147.3,3198.6,3115.7,3167.3,117840,679746
01/07/2009,3164.9,3164.9,3048.6,3075.8,119000,693949
01/08/2009,3048.3,3100.2,3011.1,3078.5,97259,731289
01/09/2009,3088.2,3101.6,3018.7,3048.3,97275,716424
01/12/2009,3030.7,3056.9,2980.8,3028.6,92193,714550
01/13/2009,2999.8,3014.2,2948.1,2988.4,177040,720406
01/14/2009,3016.6,3019.4,2805.4,2841.9,177059,719140
01/15/2009,2842.9,2874.5,2787.8,2800.6,121590,727390
01/16/2009,2867.0,2903.4,2787.2,2841.2,83138,730023
01/19/2009,2883.1,2904.1,2751.4,2802.3,83138,730023
01/20/2009,2797.5,2856.6,2724.9,2774.1,166640,739091
01/21/2009,2762.7,2841.9,2728.3,2764.4,166666,741267
01/22/2009,2821.9,2833.6,2737.3,2759.6,146105,737728
01/23/2009,2755.8,2806.4,2694.6,2750.7,142814,733384
01/26/2009,2752.1,2881.1,2748.3,2867.0,111500,729358
01/27/2009,2858.7,2874.5,2814.0,2860.1,122010,729435
01/28/2009,2886.9,2955.7,2884.2,2931.3,128420,741140
01/29/2009,2905.1,2914.1,2819.8,2847.0,144800,737247
01/30/2009,2857.3,2883.1,2803.3,2823.6,105030,737656
02/02/2009,2791.6,2805.4,2748.3,2775.8,105036,740985
02/03/2009,2790.6,2879.0,2753.4,2840.1,124663,739002
02/04/2009,2856.3,2916.8,2838.8,2886.2,120289,743477
02/05/2009,2834.6,2933.4,2822.9,2880.7,133960,743587
02/06/2009,2914.4,2967.4,2887.6,2932.0,120179,745939
02/09/2009,2924.1,2965.3,2900.7,2954.7,77544,744918
02/10/2009,2914.4,2947.1,2831.5,2900.3,143504,762196
02/11/2009,2874.2,2904.5,2855.3,2896.2,113287,756178
02/12/2009,2865.6,2914.8,2820.9,2871.1,127030,759124
02/13/2009,2909.6,2936.8,2842.9,2855.6,44689,762542
02/16/2009,2844.3,2863.9,2819.5,2823.3,44689,762542
02/17/2009,2799.5,2809.9,2726.6,2753.4,152672,768362
02/18/2009,2777.5,2781.6,2695.0,2744.8,110860,772625
02/19/2009,2765.8,2772.4,2715.9,2754.8,110917,769841
02/20/2009,2708.4,2719.7,2628.6,2670.5,114270,773082
02/23/2009,2703.9,2714.2,2583.5,2643.7,154010,778178
02/24/2009,2624.8,2674.0,2581.1,2612.7,124160,769621
02/25/2009,2644.7,2686.7,2605.5,2639.9,141810,769124
02/26/2009,2664.3,2706.7,2616.5,2672.6,141818,758615
02/27/2009,2638.9,2656.4,2573.2,2619.6,160374,749342
03/02/2009,2556.0,2567.0,2452.8,2486.1,179821,746092
03/03/2009,2497.5,2520.5,2383.6,2414.2,150670,740571
03/04/2009,2437.3,2531.9,2431.8,2503.3,134240,732995
03/05/2009,2479.3,2485.5,2377.8,2420.1,144580,735165
03/06/2009,2417.0,2463.1,2378.1,2417.0,169310,731458
03/09/2009,2422.2,2443.1,2368.8,2427.7,171280,720994
03/10/2009,2420.4,2566.3,2406.7,2548.4,155310,726914
03/11/2009,2546.3,2589.3,2509.9,2541.9,161500,744936
03/12/2009,2524.3,2598.3,2482.4,2546.0,161534,748308
03/13/2009,2602.8,2624.4,2566.9,2579.5,241152,752354
03/16/2009,2630.0,2680.5,2604.5,2653.7,749610,789852
03/17/2009,2651.9,2696.5,2611.5,2653.3,511950,897621
03/18/2009,2703.8,2703.8,2595.8,2620.9,458530,917571
03/19/2009,2638.3,2693.7,2607.0,2630.7,458574,801455
03/20/2009,2613.3,2654.4,2594.1,2637.6,140520,802173
03/23/2009,2704.5,2773.2,2642.9,2730.0,123580,659603
03/24/2009,2759.9,2766.6,2663.4,2693.7,125420,683004
03/25/2009,2680.8,2717.1,2617.8,2683.6,125527,678851
03/26/2009,2701.1,2731.0,2670.0,2699.0,103464,679728
03/27/2009,2703.8,2723.4,2663.8,2678.8,95355,678632
03/30/2009,2648.1,2650.2,2577.0,2595.5,173630,686704
03/31/2009,2619.2,2728.2,2615.3,2707.3,173649,712100
04/01/2009,2693.4,2759.9,2639.7,2720.6,168840,718422
04/02/2009,2786.1,2870.4,2780.8,2847.0,168882,721883
04/03/2009,2842.9,2850.5,2764.1,2777.0,152495,723258
04/06/2009,2818.8,2825.1,2726.8,2743.2,130150,711458
04/07/2009,2776.3,2785.0,2685.7,2708.0,130174,710948
04/08/2009,2682.9,2722.0,2667.3,2698.6,121547,700360
04/09/2009,2732.4,2765.9,2691.6,2738.3,121547,700360
04/14/2009,2766.6,2784.0,2711.2,2733.8,109652,708267
04/15/2009,2724.7,2771.8,2712.9,2719.5,109656,712527
04/16/2009,2759.6,2827.2,2727.9,2789.2,113877,714186
04/17/2009,2802.8,2841.1,2782.9,2815.7,108419,722712
04/20/2009,2811.5,2835.2,2722.7,2744.6,108932,712239
04/21/2009,2751.6,2782.9,2679.5,2745.3,137010,711078
04/22/2009,2739.7,2795.8,2719.5,2778.8,120149,718813
04/23/2009,2766.6,2818.5,2754.4,2770.0,111151,725717
04/24/2009,2781.9,2879.5,2780.5,2862.4,101009,731157
04/27/2009,2835.6,2883.3,2819.5,2878.1,89923,735974
04/28/2009,2826.5,2846.0,2795.8,2822.3,101610,735683
04/29/2009,2834.2,2913.6,2822.0,2897.2,160778,736202
04/30/2009,2915.3,2965.9,2885.7,2931.7,160797,731270
05/01/2009,2926.8,2936.6,2905.2,2922.3,155543,731184
05/05/2009,3009.4,3020.2,2979.8,2992.3,156169,714459
05/06/2009,2988.9,3076.0,2986.8,3046.0,193806,721610
05/07/2009,3066.2,3133.1,3028.2,3039.7,138523,721067
05/08/2009,3074.6,3123.7,3058.5,3092.0,138523,721903
05/11/2009,3095.5,3097.2,3047.1,3066.9,89753,721339
05/12/2009,3052.3,3089.2,3042.9,3063.8,105190,722830
05/13/2009,3085.0,3086.1,2984.7,3009.8,118813,725394
05/14/2009,3000.7,3041.1,2976.7,3021.6,118832,731139
05/15/2009,3042.5,3056.5,2982.6,3010.5,99970,728502
05/18/2009,2992.3,3101.1,2982.2,3074.9,99971,741041
05/19/2009,3098.6,3125.4,3076.0,3094.4,111696,734126
05/20/2009,3101.1,3135.9,3059.2,3100.0,112753,742503
05/21/2009,3057.9,3063.1,2994.4,3016.7,112758,736690
05/22/2009,3027.9,3051.6,3007.3,3027.2,0,736084
05/26/2009,3017.1,3079.8,2978.4,3064.8,109376,741669
05/27/2009,3083.3,3084.0,3015.3,3066.9,101100,743441
05/28/2009,3031.0,3069.0,3011.9,3041.5,101108,738403
05/29/2009,3073.2,3104.5,3053.3,3059.6,117129,740061
06/01/2009,3122.0,3139.0,3101.8,3124.1,122496,742636
06/02/2009,3103.1,3122.0,3077.7,3114.6,101648,752910
06/03/2009,3114.6,3117.4,3030.3,3056.5,101635,741113
06/04/2009,3061.7,3092.3,3035.6,3059.9,116279,738272
06/05/2009,3085.7,3133.8,3073.9,3089.9,112946,740318
06/08/2009,3078.1,3100.0,3042.2,3067.6,106449,731220
06/09/2009,3081.5,3099.3,3054.7,3063.4,126164,738341
06/10/2009,3099.0,3141.1,3061.0,3086.8,126171,735887
06/11/2009,3080.2,3126.8,3069.7,3112.2,196497,739587
06/12/2009,3105.6,3114.3,3081.5,3090.3,479578,755646
06/15/2009,3079.4,3079.4,3008.1,3017.2,517592,830128
06/16/2009,3025.7,3047.1,2984.6,3019.7,455527,855417
06/17/2009,2998.3,3017.2,2964.6,2978.3,347814,855987
06/18/2009,2983.6,3005.7,2951.3,2988.5,173457,824651
06/19/2009,2990.6,3048.8,2980.4,3030.2,98954,838731
06/22/2009,3028.5,3033.0,2934.4,2954.4,87523,630812
06/23/2009,2941.1,2971.3,2936.2,2943.9,87528,626835
06/24/2009,2961.4,2990.2,2936.9,2982.8,87192,622795
06/25/2009,2974.4,2994.1,2933.4,2962.8,84878,625335
06/26/2009,2983.6,3002.5,2935.5,2953.0,87036,623209
06/29/2009,2945.6,2999.7,2945.3,2988.5,123467,623486
06/30/2009,3001.8,3002.2,2946.0,2961.1,123482,613480
07/01/2009,2970.9,3036.9,2970.2,3014.8,112378,622117
07/02/2009,3009.5,3011.6,2931.3,2947.0,55849,619039
07/03/2009,2956.2,2971.6,2938.3,2946.0,55849,619039
07/06/2009,2928.1,2947.7,2903.5,2924.6,89321,618974
07/07/2009,2934.8,2955.5,2893.3,2910.5,110544,620161
07/08/2009,2901.8,2922.1,2867.0,2879.3,76825,611905
07/09/2009,2885.3,2915.8,2881.4,2889.5,89916,609857
07/10/2009,2878.2,2898.3,2869.5,2879.0,97540,616587
07/13/2009,2867.7,2947.4,2850.5,2918.3,93461,620192
07/14/2009,2929.8,2966.4,2921.8,2944.2,92169,615976
07/15/2009,2968.1,3047.8,2962.8,3025.0,106073,622061
07/16/2009,3029.5,3081.8,3015.5,3043.9,92868,619318
07/17/2009,3062.2,3074.5,3042.5,3062.2,78986,620352
07/20/2009,3078.3,3111.7,3060.8,3099.7,104950,617065
07/21/2009,3096.6,3137.3,3091.3,3127.5,80045,612787
07/22/2009,3126.1,3140.1,3099.7,3129.2,109073,616037
07/23/2009,3135.2,3192.8,3117.3,3181.2,96934,617755
07/24/2009,3177.7,3212.8,3162.6,3189.6,92306,612462
07/27/2009,3218.7,3222.2,3172.7,3189.6,96817,615475
07/28/2009,3205.4,3218.7,3147.8,3154.8,100554,616347
07/29/2009,3154.8,3199.1,3150.3,3172.4,93373,630482
07/30/2009,3193.1,3242.6,3181.2,3233.8,121489,626797
07/31/2009,3217.3,3242.9,3199.4,3212.4,104971,623310
08/03/2009,3211.7,3286.5,3203.3,3265.1,109129,623197
08/04/2009,3265.1,3273.1,3224.7,3254.5,109130,618829
08/05/2009,3254.5,3282.6,3234.9,3244.7,100050,620213
08/06/2009,3260.5,3305.4,3255.6,3274.2,120584,618542
08/07/2009,3260.5,3316.3,3235.2,3301.2,120588,621984
08/10/2009,3293.1,3304.7,3276.3,3299.1,69852,621937
08/11/2009,3310.7,3315.3,3253.8,3265.8,96073,622027
08/12/2009,3264.7,3320.5,3241.9,3305.4,119532,632073
08/13/2009,3308.9,3354.2,3300.9,3330.3,111626,629051
08/14/2009,3337.7,3352.8,3287.9,3294.9,100837,625005
08/17/2009,3284.7,3288.9,3225.0,3254.2,119090,626479
08/18/2009,3272.4,3293.1,3252.8,3269.6,102220,627860
08/19/2009,3261.9,3314.9,3244.7,3283.0,96815,630699
08/20/2009,3324.0,3345.4,3316.3,3336.7,106729,633609
08/21/2009,3322.3,3417.4,3319.1,3398.1,154154,631748
08/24/2009,3432.8,3446.2,3404.4,3431.1,117259,631390
08/25/2009,3417.4,3458.8,3411.1,3454.6,100631,631270
08/26/2009,3446.2,3457.4,3417.7,3430.7,89976,631969
08/27/2009,3422.3,3451.8,3404.1,3418.1,116030,636614
08/28/2009,3447.9,3468.6,3428.6,3452.8,116030,636614
09/01/2009,3446.2,3451.1,3360.2,3381.9,150295,644069
09/02/2009,3375.3,3385.1,3350.4,3380.2,125311,643955
09/03/2009,3387.2,3399.1,3359.5,3370.7,91785,644756
09/04/2009,3384.4,3432.8,3382.3,3402.3,107548,666744
09/07/2009,3430.7,3468.3,3426.5,3459.9,107548,666744
09/08/2009,3475.0,3487.9,3455.7,3475.3,120653,682778
09/09/2009,3458.1,3521.6,3458.1,3510.1,163167,700761
09/10/2009,3536.7,3540.2,3479.5,3503.4,187020,716913
09/11/2009,3522.3,3540.9,3500.9,3518.1,195785,730192
09/14/2009,3493.1,3536.9,3477.2,3522.7,355070,747084
09/15/2009,3540.0,3557.7,3508.2,3540.0,399849,745708
09/16/2009,3553.5,3619.5,3553.1,3590.9,426645,767052
09/17/2009,3625.5,3634.0,3601.5,3629.4,274031,737081
09/18/2009,3617.0,3650.9,3608.6,3631.2,89822,745872
09/21/2009,3636.8,3637.2,3585.2,3606.4,89428,622530
09/22/2009,3620.6,3644.9,3606.8,3616.3,98749,624425
09/23/2009,3619.2,3636.5,3586.3,3608.2,103611,627574
09/24/2009,3597.3,3630.5,3557.7,3571.8,145570,631483
09/25/2009,3586.3,3598.0,3555.9,3581.7,121121,637502
09/28/2009,3577.5,3636.5,3545.3,3626.6,111857,646138
09/29/2009,3630.1,3642.8,3607.1,3626.6,95434,638919
09/30/2009,3627.3,3645.6,3574.6,3596.5,159680,636538
10/01/2009,3604.3,3628.3,3525.6,3548.5,133971,632396
10/02/2009,3518.5,3533.3,3477.5,3508.2,157488,635511
10/05/2009,3514.6,3547.5,3492.7,3526.6,99785,629041
10/06/2009,3544.6,3618.4,3533.3,3605.0,111379,633285
10/07/2009,3596.2,3621.3,3577.8,3594.8,89632,632030
10/08/2009,3629.4,3633.3,3593.4,3616.3,96930,626614
10/09/2009,3601.8,3635.4,3600.1,3622.7,93080,621660
10/12/2009,3638.2,3675.7,3634.3,3658.0,81329,622587
10/13/2009,3663.3,3668.3,3617.7,3630.1,119845,624230
10/14/2009,3663.3,3704.3,3656.2,3689.8,109467,626931
10/15/2009,3705.3,3705.3,3667.5,3677.1,118354,622099
10/16/2009,3690.2,3705.3,3634.0,3657.3,130384,613354
10/19/2009,3661.2,3712.8,3660.8,3708.2,88040,614803
10/20/2009,3725.1,3725.1,3666.5,3688.7,91232,618326
10/21/2009,3704.3,3704.3,3635.4,3693.0,109829,619091
10/22/2009,3645.6,3691.6,3628.7,3661.9,112361,613669
10/23/2009,3685.2,3724.4,3669.7,3686.3,112361,613669
10/26/2009,3693.3,3713.5,3628.3,3649.9,104335,614749
10/27/2009,3662.2,3676.4,3638.2,3661.2,109889,623752
10/28/2009,3643.5,3645.6,3541.8,3576.1,135633,632324
10/29/2009,3552.0,3632.6,3544.3,3612.4,113940,637233
10/30/2009,3610.3,3632.9,3512.1,3533.0,146506,644325
11/02/2009,3526.3,3595.1,3525.2,3579.6,120037,637918
11/03/2009,3558.4,3563.7,3500.1,3544.3,124399,638527
11/04/2009,3561.6,3605.0,3559.8,3592.3,101128,637993
11/05/2009,3560.5,3629.0,3543.9,3617.0,96767,631030
11/06/2009,3608.6,3633.3,3571.5,3619.5,101483,626507
11/09/2009,3652.0,3703.9,3648.5,3683.8,81386,626777
11/10/2009,3690.9,3706.4,3674.3,3688.0,88042,634880
11/11/2009,3711.3,3737.1,3700.8,3707.8,89694,636523
11/12/2009,3710.3,3740.0,3697.6,3716.3,100118,640378
11/13/2009,3721.9,3739.6,3699.3,3728.7,71325,638789
11/16/2009,3758.0,3805.0,3755.1,3789.4,90831,636727
11/17/2009,3779.9,3788.0,3761.9,3771.7,87692,636875
11/18/2009,3790.8,3795.4,3765.0,3775.3,75818,640685
11/19/2009,3765.4,3773.9,3709.6,3719.5,100807,646932
11/20/2009,3735.0,3750.9,3688.4,3714.2,100534,648783
11/23/2009,3740.3,3800.7,3740.3,3780.2,74736,646612
11/24/2009,3753.0,3798.2,3747.7,3764.3,92473,659437
11/25/2009,3787.6,3795.8,3762.9,3790.1,110833,657868
11/26/2009,3769.6,3772.1,3661.2,3667.9,110833,657868
11/27/2009,3603.6,3724.4,3589.5,3704.3,129746,664221
11/30/2009,3711.7,3713.1,3660.1,3671.1,134552,655637
12/01/2009,3700.4,3761.9,3694.0,3748.8,94902,661769
12/02/2009,3751.3,3780.2,3732.2,3761.5,87986,661269
12/03/2009,3788.7,3795.8,3730.4,3756.6,100831,667071
12/04/2009,3743.5,3797.9,3725.1,3758.7,117930,673954
12/07/2009,3748.1,3766.1,3708.9,3749.8,85726,675542
12/08/2009,3733.6,3761.9,3677.1,3695.5,124220,676929
12/09/2009,3680.3,3706.8,3655.5,3679.6,159053,683043
12/10/2009,3672.1,3713.1,3668.6,3700.4,147544,690085
12/11/2009,3711.7,3754.8,3709.9,3714.9,150678,688232
12/14/2009,3763.7,3768.6,3743.7,3752.3,518714,739088
12/15/2009,3766.2,3766.2,3709.5,3730.5,445721,782550
12/16/2009,3743.4,3771.9,3734.1,3758.3,393995,782217
12/17/2009,3737.3,3749.4,3670.0,3696.4,278683,783703
12/18/2009,3694.9,3737.7,3660.4,3672.5,221977,620310
12/21/2009,3682.8,3760.1,3678.6,3737.7,80646,624157
12/22/2009,3746.6,3789.7,3744.8,3767.6,64187,625261
12/23/2009,3792.9,3807.5,3778.6,3785.0,45773,626313
12/24/2009,3797.8,3819.6,3795.0,3812.4,45773,626313
12/29/2009,3852.0,3855.2,3828.1,3834.2,41792,630636
12/30/2009,3837.0,3847.0,3805.7,3807.8,38786,631901
12/31/2009,3845.2,3845.6,3810.7,3818.1,20599,632675
01/04/2010,3823.5,3893.3,3820.6,3885.8,77819,641411
01/05/2010,3882.2,3913.2,3873.0,3900.4,81314,642361
01/06/2010,3908.2,3913.6,3885.8,3906.4,68717,637707
01/07/2010,3898.6,3923.9,3885.8,3908.9,63045,641863
01/08/2010,3911.1,3921.8,3881.9,3909.6,81939,642223
01/11/2010,3931.4,3959.1,3905.7,3908.6,81589,637158
01/12/2010,3915.0,3921.4,3857.3,3885.4,107227,642595
01/13/2010,3869.1,3899.0,3850.9,3868.7,80922,647146
01/14/2010,3895.1,3901.1,3868.0,3882.6,68825,654133
01/15/2010,3888.6,3923.2,3845.6,3850.5,46113,662789
01/18/2010,3876.5,3890.1,3853.7,3883.7,46113,662789
01/19/2010,3868.0,3914.3,3835.6,3897.2,107674,673094
01/20/2010,3881.9,3895.4,3817.4,3830.2,130968,668232
01/21/2010,3855.5,3864.8,3735.5,3770.8,157973,666754
01/22/2010,3755.8,3775.4,3664.7,3748.0,170188,677397
01/25/2010,3714.2,3766.5,3707.0,3720.6,129444,694709
01/26/2010,3698.9,3739.1,3683.5,3727.0,106555,694228
01/27/2010,3696.0,3720.9,3666.5,3686.4,130969,701628
01/28/2010,3729.5,3733.0,3626.6,3645.1,171093,707931
01/29/2010,3646.5,3695.7,3617.7,3666.5,161928,699092
02/01/2010,3643.7,3708.5,3641.9,3700.3,111485,691290
02/02/2010,3703.1,3751.9,3676.8,3729.8,110520,682604
02/03/2010,3729.5,3752.3,3702.4,3711.0,105714,674292
02/04/2010,3716.3,3717.4,3604.5,3634.1,160726,682231
02/05/2010,3613.4,3620.5,3542.9,3578.9,226223,689277
02/08/2010,3588.1,3618.7,3557.9,3600.6,120095,684598
02/09/2010,3600.6,3668.9,3591.7,3604.5,127816,679435
02/10/2010,3634.4,3671.8,3615.5,3633.7,136052,675497
02/11/2010,3664.0,3691.0,3620.9,3658.6,140159,672791
02/12/2010,3675.4,3689.6,3624.1,3646.9,57393,678434
02/15/2010,3663.6,3680.3,3652.6,3658.6,57393,678434
02/16/2010,3688.5,3731.6,3669.3,3714.5,116272,680960
02/17/2010,3743.7,3764.7,3734.8,3740.2,110095,686367
02/18/2010,3742.3,3798.6,3732.3,3777.5,105638,690763
02/19/2010,3759.4,3808.9,3750.1,3806.4,116598,698719
02/22/2010,3818.9,3820.3,3792.1,3795.4,77497,663762
02/23/2010,3813.5,3828.5,3756.9,3765.4,110098,669937
02/24/2010,3780.8,3805.0,3761.2,3795.7,102879,678642
02/25/2010,3773.6,3813.5,3732.7,3747.3,143073,673458
02/26/2010,3781.8,3814.9,3765.4,3800.3,148207,671836
03/01/2010,3839.5,3844.8,3803.2,3837.0,127419,675997
03/02/2010,3852.0,3896.5,3837.0,3891.1,123552,676454
03/03/2010,3889.0,3938.1,3882.2,3931.4,125852,679421
03/04/2010,3919.3,3940.3,3909.3,3924.6,103338,684906
03/05/2010,3944.2,3996.5,3935.6,3978.7,106434,694226
03/08/2010,3990.1,3994.8,3963.8,3980.9,106298,701256
03/09/2010,3988.0,4000.4,3952.7,3984.8,105590,715532
03/10/2010,3977.7,4017.5,3974.1,4008.3,164444,742032
03/11/2010,4004.0,4015.8,3980.2,3994.8,289148,769528
03/12/2010,4006.5,4019.0,3993.7,4006.9,257203,760776
03/15/2010,4000.8,4005.1,3976.7,3978.8,450575,792745
03/16/2010,4002.9,4012.2,3983.5,4006.5,601835,861762
03/17/2010,4029.5,4031.3,4009.0,4017.6,387114,838436
03/18/2010,4004.7,4033.8,4000.0,4018.0,264910,811941
03/19/2010,4033.8,4059.3,4011.5,4024.8,170264,679972
03/22/2010,4013.3,4032.4,3976.0,4019.1,110024,687628
03/23/2010,4028.8,4061.8,4022.3,4050.7,109254,693379
03/24/2010,4055.3,4060.4,4015.1,4050.3,118407,703088
03/25/2010,4050.7,4090.2,4045.7,4080.1,102672,708721
03/26/2010,4069.0,4079.4,4049.2,4061.5,85456,705306
03/29/2010,4079.8,4087.0,4049.6,4071.9,83732,704296
03/30/2010,4085.2,4090.9,4033.1,4043.1,94214,700641
03/31/2010,4036.0,4060.7,4021.6,4030.6,119230,694026
04/01/2010,4057.9,4098.1,4057.5,4082.3,119230,694026
04/06/2010,4101.3,4125.4,4093.1,4116.8,97159,688922
04/07/2010,4114.3,4122.2,4081.9,4111.0,83673,677555
04/08/2010,4090.9,4096.7,4050.0,4067.6,94278,675102
04/09/2010,4102.0,4118.6,4096.3,4111.7,80108,679243
04/12/2010,4132.6,4134.7,4102.0,4119.3,73366,679642
04/13/2010,4112.5,4119.3,4091.6,4109.2,86418,683489
04/14/2010,4124.3,4149.5,4122.5,4136.5,79161,691024
04/15/2010,4143.7,4164.2,4119.6,4151.6,71536,692425
04/16/2010,4131.5,4163.5,4082.3,4091.6,148762,690897
04/19/2010,4084.1,4098.1,4061.1,4084.4,104438,692839
04/20/2010,4098.8,4134.4,4086.6,4122.5,105055,695138
04/21/2010,4132.6,4134.4,4069.7,4080.5,99541,690593
04/22/2010,4071.9,4108.9,4029.1,4046.0,139807,686936
04/23/2010,4058.2,4109.2,4038.1,4076.5,108318,685064
04/26/2010,4121.8,4138.7,4084.8,4107.8,86956,689675
04/27/2010,4098.5,4106.7,3960.9,4017.3,143832,685776
04/28/2010,3982.1,4024.8,3947.2,3984.2,199194,684110
04/29/2010,3996.8,4025.2,3979.9,4020.1,115751,688778
04/30/2010,4010.1,4028.0,3917.4,3956.6,115751,688778
05/04/2010,3956.2,3959.8,3849.2,3862.1,194944,681976
05/05/2010,3877.9,3885.4,3796.0,3828.3,189433,684851
05/06/2010,3771.6,3845.6,3449.0,3781.3,232053,688112
05/07/2010,3671.7,3773.0,3606.4,3664.2,391691,683222
05/10/2010,3779.5,3872.5,3764.4,3844.1,248545,661589
05/11/2010,3789.5,3853.1,3759.4,3816.5,191472,674380
05/12/2010,3793.1,3878.3,3779.8,3851.3,147636,682664
05/13/2010,3886.5,3902.3,3851.3,3883.7,124388,674431
05/14/2010,3870.4,3872.9,3747.2,3766.6,161636,670121
05/17/2010,3740.7,3814.7,3729.9,3763.7,151046,677051
05/18/2010,3801.8,3823.3,3724.9,3801.4,135509,678975
05/19/2010,3739.3,3773.4,3679.3,3699.7,198053,681580
05/20/2010,3708.4,3747.5,3578.0,3637.2,227371,688710
05/21/2010,3613.5,3654.1,3548.9,3620.0,271673,701234
05/24/2010,3639.4,3660.2,3593.4,3629.7,111288,699434
05/25/2010,3534.5,3597.7,3508.3,3546.0,179819,702018
05/26/2010,3585.2,3652.3,3564.7,3604.9,156024,701225
05/27/2010,3639.0,3750.0,3633.6,3720.9,147721,687480
05/28/2010,3744.3,3756.1,3692.6,3726.3,136125,691334
05/31/2010,3726.3,3726.3,3726.3,3726.3,136125,691334
06/01/2010,3701.9,3712.7,3627.2,3697.9,162634,697095
06/02/2010,3651.3,3747.2,3642.6,3696.2,146831,708231
06/03/2010,3761.9,3780.6,3713.0,3737.8,136704,700565
06/04/2010,3747.5,3781.6,3622.9,3682.1,140040,707737
06/07/2010,3620.7,3680.3,3603.5,3638.7,125111,717278
06/08/2010,3646.9,3651.3,3580.1,3611.4,185598,725905
06/09/2010,3632.9,3658.8,3570.4,3652.0,175915,740149
06/10/2010,3603.5,3700.8,3603.1,3679.6,205427,739407
06/11/2010,3689.7,3736.4,3674.6,3708.0,195310,755239
06/14/2010,3740.9,3748.9,3695.0,3735.1,433320,834450
06/15/2010,3707.3,3794.1,3699.3,3748.2,508718,890112
06/16/2010,3782.9,3798.1,3745.3,3767.7,542890,766846
06/17/2010,3768.0,3807.5,3764.1,3774.2,361719,725074
06/18/2010,3778.5,3807.8,3763.3,3773.5,131660,663287
06/21/2010,3838.2,3841.5,3755.4,3806.0,80944,653342
06/22/2010,3769.9,3795.2,3711.3,3776.4,109230,661438
06/23/2010,3736.9,3772.8,3712.7,3729.3,107875,653117
06/24/2010,3742.4,3743.8,3658.1,3665.3,103349,653260
06/25/2010,3674.4,3689.2,3615.8,3634.2,106339,655438
06/28/2010,3648.3,3655.9,3610.3,3644.7,91535,653008
06/29/2010,3598.8,3604.6,3501.5,3543.1,128511,669391
06/30/2010,3544.9,3566.2,3480.5,3530.8,143900,653750
07/01/2010,3487.0,3514.5,3441.4,3450.1,151464,655305
07/02/2010,3471.8,3510.5,3448.6,3471.4,39693,652839
07/05/2010,3491.7,3494.2,3454.4,3466.7,39693,652839
07/06/2010,3485.2,3575.3,3479.8,3554.3,106660,656548
07/07/2010,3526.4,3653.4,3514.1,3597.0,107883,645117
07/08/2010,3642.5,3695.3,3638.9,3663.2,108598,645478
07/09/2010,3686.7,3720.7,3665.7,3696.8,77458,645432
07/12/2010,3696.8,3735.9,3686.3,3706.9,70591,643195
07/13/2010,3722.1,3801.7,3720.7,3782.2,105721,656206
07/14/2010,3804.6,3807.1,3741.6,3775.6,94743,656769
07/15/2010,3762.6,3788.7,3729.0,3752.5,100673,656869
07/16/2010,3763.7,3792.6,3680.5,3714.5,114730,645359
07/19/2010,3693.2,3737.3,3675.1,3701.5,89760,651711
07/20/2010,3721.4,3742.0,3658.1,3695.3,95292,647818
07/21/2010,3726.8,3772.0,3711.6,3748.5,92536,645507
07/22/2010,3729.7,3830.3,3722.8,3818.0,104391,656062
07/23/2010,3816.2,3851.2,3791.2,3821.2,95031,658678
07/26/2010,3850.2,3855.9,3811.8,3842.6,72923,651635
07/27/2010,3858.1,3892.8,3848.7,3853.8,92383,652709
07/28/2010,3877.7,3886.7,3810.4,3831.4,84558,659104
07/29/2010,3837.5,3869.7,3791.2,3824.1,84452,659637
07/30/2010,3808.9,3831.0,3769.5,3794.5,134371,658973
08/02/2010,3817.6,3895.7,3814.0,3874.4,92659,654784
08/03/2010,3866.8,3889.6,3852.0,3878.0,71215,654580
08/04/2010,3877.3,3900.8,3835.7,3889.6,86069,656827
08/05/2010,3884.5,3907.7,3862.8,3874.8,65157,645894
08/06/2010,3892.1,3901.5,3826.6,3846.5,94176,659430
08/09/2010,3892.1,3917.1,3885.6,3896.1,66762,658860
08/10/2010,3890.3,3907.0,3856.3,3876.6,82551,652111
08/11/2010,3852.0,3857.8,3765.9,3791.6,102996,650009
08/12/2010,3773.1,3810.4,3760.1,3804.9,100286,658899
08/13/2010,3828.1,3832.8,3770.9,3808.9,88430,654719
08/16/2010,3819.1,3829.9,3772.8,3800.2,73871,656899
08/17/2010,3812.5,3876.9,3806.8,3862.5,86300,660079
08/18/2010,3853.1,3859.6,3828.8,3838.2,93989,656374
08/19/2010,3857.0,3859.9,3743.8,3770.6,142291,649853
08/20/2010,3767.0,3783.6,3729.7,3757.6,98266,646743
08/23/2010,3773.5,3810.0,3748.5,3776.7,75439,649563
08/24/2010,3755.8,3760.1,3692.1,3730.8,104621,647097
08/25/2010,3722.1,3736.6,3662.1,3700.0,109189,643570
08/26/2010,3719.9,3736.6,3694.3,3722.8,77623,657185
08/27/2010,3714.5,3784.3,3700.0,3767.0,1,661989
08/30/2010,3767.0,3767.0,3767.0,3767.0,110775,661989
08/31/2010,3715.6,3788.7,3706.6,3763.0,129577,654526
09/01/2010,3793.0,3883.4,3776.4,3876.9,138185,653535
09/02/2010,3863.9,3902.2,3861.7,3883.4,87448,667293
09/03/2010,3891.4,3944.2,3883.8,3918.9,37442,666774
09/06/2010,3944.6,3949.3,3926.5,3928.3,37442,666774
09/07/2010,3925.4,3925.8,3889.2,3914.9,139296,696701
09/08/2010,3895.4,3940.6,3877.7,3933.0,132906,708520
09/09/2010,3918.9,3983.3,3914.5,3968.4,187582,708097
09/10/2010,3968.1,3988.7,3961.2,3983.6,145132,704354
09/13/2010,4018.1,4032.6,4001.8,4026.8,403420,719165
09/14/2010,4030.8,4039.9,4008.3,4034.1,571471,746466
09/15/2010,4033.0,4036.6,4004.0,4019.9,372247,728245
09/16/2010,4018.1,4026.8,4002.5,4011.2,238975,684062
09/17/2010,4040.3,4065.3,3972.4,3987.6,151566,628248
09/20/2010,4009.4,4078.0,4004.0,4047.2,92083,630580
09/21/2010,4045.4,4077.7,4025.0,4037.0,96789,622880
09/22/2010,4049.3,4050.8,3989.4,4024.7,123084,620910
09/23/2010,4039.5,4044.6,3946.2,4006.5,129589,621798
09/24/2010,4000.0,4063.9,3990.2,4049.0,105407,629742
09/27/2010,4056.6,4062.8,4026.1,4033.4,77494,624096
09/28/2010,4025.0,4050.8,3980.4,4034.8,143425,617583
09/29/2010,4055.9,4070.4,4009.8,4027.2,110880,613134
09/30/2010,4016.3,4089.6,3997.8,4014.9,165785,617205
10/01/2010,4036.6,4062.8,4021.0,4035.6,135513,617080
10/04/2010,4051.5,4065.3,4003.2,4021.0,97680,619355
10/05/2010,4026.1,4100.2,4013.4,4078.0,121795,625600
10/06/2010,4092.2,4120.5,4085.6,4106.7,92394,626900
10/07/2010,4111.8,4129.9,4074.4,4095.5,97552,630722
10/08/2010,4098.7,4106.7,4052.6,4092.9,106414,624091
10/11/2010,4106.7,4113.2,4090.4,4100.5,51635,620056
10/12/2010,4102.7,4121.6,4046.8,4099.8,106977,619541
10/13/2010,4110.3,4169.1,4105.3,4156.8,99660,622256
10/14/2010,4160.4,4176.4,4125.9,4148.1,108671,620125
10/15/2010,4143.4,4160.1,4098.0,4122.7,109499,617128
10/18/2010,4126.3,4174.2,4101.6,4157.5,79520,622361
10/19/2010,4158.3,4169.9,4095.5,4127.4,104740,613443
10/20/2010,4104.2,4156.4,4095.8,4143.4,84558,614986
10/21/2010,4147.0,4189.5,4123.0,4168.1,109880,616292
10/22/2010,4152.8,4166.6,4141.6,4151.0,65040,613419
10/25/2010,4164.8,4192.7,4146.6,4167.3,74551,614144
10/26/2010,4157.5,4159.7,4106.7,4134.3,104659,613262
10/27/2010,4137.9,4138.3,4075.1,4091.1,105676,624771
10/28/2010,4108.5,4136.8,4092.9,4113.6,106526,625213
10/29/2010,4106.7,4127.4,4087.5,4110.3,94878,630863
11/01/2010,4127.8,4152.4,4092.2,4121.2,113112,625869
11/02/2010,4116.9,4179.3,4115.1,4170.6,102440,632609
11/03/2010,4180.0,4190.6,4151.4,4163.0,81834,629845
11/04/2010,4188.8,4266.1,4188.4,4243.9,131019,626734
11/05/2010,4263.2,4275.2,4227.2,4247.9,106179,632157
11/08/2010,4254.5,4263.9,4232.3,4239.6,80866,628658
11/09/2010,4239.9,4278.4,4230.1,4257.7,111407,615541
11/10/2010,4242.5,4257.0,4199.6,4217.8,97739,617480
11/11/2010,4218.5,4236.3,4197.1,4216.7,80783,615745
11/12/2010,4224.3,4226.9,4138.7,4202.9,133568,623350
11/15/2010,4204.4,4232.3,4169.9,4216.3,94505,628789
11/16/2010,4192.4,4209.1,4099.8,4124.1,142322,614598
11/17/2010,4121.2,4141.6,4103.4,4130.3,89402,615883
11/18/2010,4136.5,4211.3,4136.5,4183.3,98451,621461
11/19/2010,4192.7,4197.1,4125.2,4156.8,111596,614109
11/22/2010,4188.0,4206.2,4098.0,4127.8,125434,623203
11/23/2010,4122.7,4122.7,4048.3,4061.7,104578,622359
11/24/2010,4071.9,4121.6,4045.4,4105.6,46241,624347
11/25/2010,4119.4,4144.8,4103.4,4140.1,46241,624347
11/26/2010,4119.8,4135.0,4063.1,4119.0,90894,620033
11/29/2010,4116.5,4155.7,4017.0,4043.5,154187,615409
11/30/2010,4065.0,4065.0,4005.4,4025.7,153785,623146
12/01/2010,4018.9,4118.3,4009.4,4098.7,125743,622987
12/02/2010,4114.0,4200.4,4102.0,4190.2,145798,641589
12/03/2010,4194.6,4201.8,4153.2,4177.5,96395,643331
12/06/2010,4177.9,4203.3,4159.0,4194.6,85213,646004
12/07/2010,4198.2,4249.0,4188.0,4219.2,151988,667487
12/08/2010,4205.8,4232.3,4186.9,4209.8,115132,673360
12/09/2010,4231.6,4241.0,4209.8,4212.0,178576,672216
12/10/2010,4222.2,4243.2,4206.9,4218.2,193529,685626
12/13/2010,4233.1,4266.4,4232.8,4252.1,323637,742245
12/14/2010,4249.2,4285.8,4246.7,4272.6,497718,754920
12/15/2010,4263.8,4284.7,4253.2,4282.5,416528,778583
12/16/2010,4258.7,4292.0,4257.3,4273.3,276868,775338
12/17/2010,4274.1,4288.7,4254.3,4259.1,97468,650927
12/20/2010,4267.1,4298.9,4258.7,4280.6,71564,650068
12/21/2010,4283.6,4326.7,4280.6,4317.2,50039,650899
12/22/2010,4320.1,4357.4,4310.2,4349.3,45773,651730
12/23/2010,4355.2,4361.4,4344.2,4358.1,4545,653222
12/27/2010,4351.9,4351.9,4351.9,4351.9,0,653222
12/28/2010,4351.9,4351.9,4351.9,4351.9,4545,653222
12/29/2010,4343.1,4373.1,4339.1,4355.9,47351,654353
12/30/2010,4341.7,4364.3,4323.8,4334.7,44239,653713
12/31/2010,4328.9,4347.2,4293.8,4307.0,0,652488
01/03/2011,4307.0,4307.0,4307.0,4307.0,21987,652488
01/04/2011,4318.3,4392.8,4317.9,4355.2,117495,655545
01/05/2011,4366.9,4393.2,4328.2,4380.0,113756,655036
01/06/2011,4385.2,4421.7,4351.5,4368.4,113579,643371
01/07/2011,4363.2,4371.6,4321.2,4343.9,111641,638868
01/10/2011,4341.7,4347.5,4310.2,4328.5,84730,643202
01/11/2011,4339.5,4385.2,4338.8,4369.4,98992,647085
01/12/2011,4360.3,4396.9,4359.6,4387.0,109134,643297
01/13/2011,4387.7,4397.2,4352.3,4368.4,103323,635109
01/14/2011,4365.4,4382.2,4316.5,4355.2,51693,627194
01/17/2011,4370.5,4372.4,4336.2,4343.1,51693,627194
01/18/2011,4348.3,4409.6,4348.3,4399.4,103848,637931
01/19/2011,4407.5,4416.2,4326.0,4340.6,108300,631745
01/20/2011,4341.7,4344.6,4256.5,4260.9,148918,638853
01/21/2011,4268.6,4313.9,4263.1,4284.3,122359,641576
01/24/2011,4285.0,4328.5,4274.1,4319.7,85736,639495
01/25/2011,4331.8,4336.2,4286.5,4299.3,102246,647915
01/26/2011,4303.7,4362.1,4303.7,4341.7,89832,653703
01/27/2011,4340.6,4356.7,4319.4,4334.4,87226,657092
01/28/2011,4334.0,4334.4,4239.7,4275.9,136328,653213
01/31/2011,4239.0,4274.1,4222.2,4263.1,121621,648401
02/01/2011,4276.3,4344.6,4263.5,4321.6,121286,657918
02/02/2011,4343.1,4377.1,4337.7,4358.5,89665,655407
02/03/2011,4359.2,4366.5,4325.2,4349.0,81564,656641
02/04/2011,4359.6,4380.0,4350.8,4354.1,71492,658486
02/07/2011,4374.2,4402.3,4358.5,4393.9,77233,660661
02/08/2011,4401.6,4441.4,4384.8,4419.9,89705,663032
02/09/2011,4440.3,4440.3,4403.4,4408.9,80607,667135
02/10/2011,4415.9,4421.3,4360.3,4388.1,98074,666087
02/11/2011,4388.1,4428.6,4350.4,4417.0,91392,670707
02/14/2011,4423.2,4438.9,4401.2,4418.8,76320,666329
02/15/2011,4412.9,4425.0,4385.9,4395.8,73690,667222
02/16/2011,4395.8,4440.0,4395.8,4435.6,85262,669453
02/17/2011,4438.9,4443.6,4403.4,4430.1,85569,666893
02/18/2011,4429.4,4441.4,4404.9,4423.9,78698,664739
02/21/2011,4418.0,4448.4,4369.4,4383.0,78698,664739
02/22/2011,4366.9,4391.0,4313.9,4369.4,131674,662050
02/23/2011,4338.0,4359.2,4277.4,4322.7,117512,652606
02/24/2011,4303.3,4326.3,4266.8,4317.9,110412,650487
02/25/2011,4312.1,4384.8,4298.9,4368.0,108059,653269
02/28/2011,4369.8,4388.4,4343.5,4365.8,112415,651405
03/01/2011,4377.9,4401.6,4286.9,4322.3,130514,648552
03/02/2011,4281.0,4331.1,4273.7,4315.7,145922,653930
03/03/2011,4304.4,4400.5,4304.0,4373.5,128183,672155
03/04/2011,4392.1,4412.6,4336.9,4362.1,125044,672148
03/07/2011,4363.2,4406.4,4324.9,4359.9,118593,674597
03/08/2011,4341.3,4385.2,4307.0,4352.3,153294,667608
03/09/2011,4361.4,4365.4,4323.4,4337.7,135439,674021
03/10/2011,4335.5,4335.5,4250.7,4267.5,266490,678319
03/11/2011,4269.3,4279.9,4224.7,4258.0,265752,676679
03/14/2011,4259.8,4264.6,4210.5,4219.3,546393,689659
03/15/2011,4210.1,4210.1,4079.8,4160.1,558636,707227
03/16/2011,4181.8,4186.2,4018.7,4100.8,566860,718356
03/17/2011,4072.8,4167.8,4066.2,4155.3,318336,686527
03/18/2011,4162.3,4207.9,4160.1,4180.0,149293,571544
03/21/2011,4188.0,4236.3,4186.2,4223.8,87313,567983
03/22/2011,4214.9,4246.2,4192.8,4219.3,85968,574237
03/23/2011,4192.8,4247.7,4185.5,4228.9,106133,577943
03/24/2011,4236.3,4315.0,4220.4,4303.3,99795,577737
03/25/2011,4316.2,4336.0,4293.7,4318.0,87183,585699
03/28/2011,4307.0,4329.4,4301.8,4313.6,62523,584982
03/29/2011,4296.6,4342.7,4294.8,4332.7,79358,587418
03/30/2011,4340.8,4368.8,4340.8,4346.0,67036,592133
03/31/2011,4353.7,4368.1,4314.7,4332.4,113423,599473
04/01/2011,4333.8,4399.3,4328.7,4397.1,98975,600713
04/04/2011,4390.1,4417.4,4376.2,4400.8,81513,603059
04/05/2011,4400.8,4408.2,4377.6,4394.6,70940,603804
04/06/2011,4396.4,4429.2,4392.4,4418.9,84090,605686
04/07/2011,4413.7,4427.0,4387.6,4400.5,91984,608142
04/08/2011,4415.9,4436.5,4397.1,4416.3,71794,610820
04/11/2011,4427.3,4439.1,4408.9,4425.5,71340,613527
04/12/2011,4413.0,4413.0,4355.2,4361.4,116352,608573
04/13/2011,4365.8,4423.6,4365.8,4393.5,104765,616673
04/14/2011,4390.9,4390.9,4343.8,4365.5,100793,612995
04/15/2011,4376.9,4396.0,4359.6,4382.8,81465,615024
04/18/2011,4384.3,4384.3,4282.7,4301.8,124038,673072
04/19/2011,4308.1,4332.0,4295.2,4309.2,70731,668237
04/20/2011,4340.8,4417.4,4339.7,4404.5,98865,685125
04/21/2011,4424.7,4432.1,4393.5,4403.0,66795,685125
04/25/2011,4429.2,4435.8,4393.1,4403.0,69595,658491
04/26/2011,4395.3,4445.7,4395.3,4440.6,80140,661524
04/27/2011,4438.7,4460.1,4427.0,4446.1,78975,666195
04/28/2011,4461.6,4462.7,4431.4,4441.7,83680,670967
04/29/2011,4441.7,4441.7,4441.7,4441.7,83680,626640
05/02/2011,4441.7,4441.7,4441.7,4441.7,83680,670967
05/03/2011,4454.6,4487.3,4411.5,4449.4,101320,684540
05/04/2011,4421.1,4451.3,4378.7,4385.7,122145,696124
05/05/2011,4404.1,4404.1,4332.7,4336.4,115154,684697
05/06/2011,4329.0,4386.5,4300.3,4381.7,127737,692587
05/09/2011,4355.5,4394.2,4339.0,4354.4,105697,677512
05/10/2011,4363.3,4429.9,4353.3,4410.4,89924,665073
05/11/2011,4424.7,4435.1,4346.3,4386.1,100612,678985
05/12/2011,4366.2,4390.5,4316.5,4362.9,111259,682349
05/13/2011,4385.0,4405.6,4325.0,4347.4,107520,627834
05/16/2011,4329.0,4357.8,4301.1,4347.1,125136,685551
05/17/2011,4304.7,4361.8,4293.3,4309.5,119579,626785
05/18/2011,4336.8,4379.1,4323.9,4353.7,91840,668159
05/19/2011,4379.8,4411.1,4360.3,4379.8,114560,679965
05/20/2011,4391.2,4421.8,4352.6,4365.5,114359,633188
05/23/2011,4307.0,4362.5,4273.1,4291.1,117759,624350
05/24/2011,4287.4,4321.3,4287.4,4296.3,107132,619297
05/25/2011,4261.3,4329.8,4255.0,4312.5,102156,627622
05/26/2011,4336.4,4353.7,4308.1,4324.3,140759,644786
05/27/2011,4343.0,4371.7,4341.6,4364.0,118921,670597
05/30/2011,4364.0,4364.0,4364.0,4364.0,118921,670597
05/31/2011,4402.7,4414.8,4368.8,4392.0,115483,685489
06/01/2011,4414.4,4414.4,4317.6,4375.1,118982,698768
06/02/2011,4324.3,4339.3,4302.2,4310.3,100753,693954
06/03/2011,4319.8,4324.6,4274.2,4307.0,130876,701435
06/06/2011,4307.0,4332.0,4283.8,4316.9,101802,704520
06/07/2011,4292.2,4337.9,4292.2,4321.7,116407,710917
06/08/2011,4307.7,4316.2,4255.0,4276.8,192423,712448
06/09/2011,4268.3,4333.1,4265.4,4309.5,170025,713931
06/10/2011,4315.0,4320.9,4223.8,4250.3,208101,712258
06/13/2011,4247.7,4266.2,4226.6,4254.3,311146,690879
06/14/2011,4242.9,4288.4,4242.9,4276.6,610158,701305
06/15/2011,4280.3,4280.3,4189.9,4232.5,518167,739201
06/16/2011,4211.4,4219.1,4152.5,4196.2,408474,727189
06/17/2011,4170.6,4219.1,4152.8,4208.4,146877,635453
06/20/2011,4192.8,4203.6,4155.8,4192.5,86818,636965
06/21/2011,4197.3,4262.5,4187.7,4248.0,85870,635614
06/22/2011,4242.1,4261.7,4225.8,4251.7,91379,646490
06/23/2011,4230.3,4232.5,4167.3,4174.7,121550,653206
06/24/2011,4215.1,4246.6,4178.0,4192.5,109633,651225
06/27/2011,4179.5,4237.3,4168.4,4208.0,81583,646279
06/28/2011,4239.1,4271.0,4217.7,4246.2,102949,646056
06/29/2011,4268.4,4328.4,4262.1,4317.3,110248,650379
06/30/2011,4316.2,4389.2,4315.4,4372.5,122975,659829
07/01/2011,4375.8,4416.9,4371.7,4407.3,47662,672730
07/04/2011,4418.8,4441.4,4405.1,4435.1,47662,672730
07/05/2011,4436.2,4446.6,4424.3,4435.8,82374,683802
07/06/2011,4436.6,4449.2,4400.3,4420.3,96745,684637
07/07/2011,4435.1,4481.0,4422.1,4459.9,87583,688076
07/08/2011,4466.6,4480.6,4403.2,4411.8,126345,689733
07/11/2011,4406.2,4418.0,4343.2,4365.1,125479,693685
07/12/2011,4335.8,4342.9,4265.1,4325.8,173466,687475
07/13/2011,4309.2,4352.1,4302.1,4345.1,118899,685979
07/14/2011,4300.6,4340.3,4272.1,4308.4,114846,679131
07/15/2011,4289.9,4314.3,4274.7,4308.0,106878,675666
07/18/2011,4289.2,4293.6,4222.5,4239.9,102758,674778
07/19/2011,4246.2,4279.5,4242.9,4259.5,103759,667081
07/20/2011,4275.1,4311.0,4272.1,4301.7,110845,659517
07/21/2011,4308.0,4368.8,4265.4,4347.3,140171,662454
07/22/2011,4361.0,4393.6,4345.1,4364.0,86747,662596
07/25/2011,4351.4,4372.1,4329.2,4363.2,82040,662521
07/26/2011,4347.3,4380.3,4336.9,4363.6,92107,645943
07/27/2011,4356.6,4367.7,4267.3,4315.1,115150,640339
07/28/2011,4271.7,4331.0,4254.7,4321.4,105864,634696
07/29/2011,4293.6,4308.4,4247.7,4285.1,150772,628704
08/01/2011,4300.3,4354.3,4231.4,4268.0,150210,622400
08/02/2011,4259.2,4275.1,4159.5,4218.8,145236,627777
08/03/2011,4163.2,4190.6,4095.4,4125.8,206312,627223
08/04/2011,4150.6,4162.1,3893.6,3991.4,184820,627545
08/05/2011,3912.1,3969.1,3798.0,3874.3,325206,618750
08/08/2011,3822.8,3905.1,3600.6,3759.5,288915,628334
08/09/2011,3561.0,3872.8,3496.5,3825.8,387702,635418
08/10/2011,3891.0,3895.1,3673.6,3699.9,280388,624761
08/11/2011,3677.6,3909.5,3649.1,3815.4,253169,629100
08/12/2011,3868.0,3962.1,3765.8,3926.5,166421,621352
08/15/2011,3949.1,3987.7,3931.0,3950.2,93851,619427
08/16/2011,3979.5,3985.4,3889.5,3962.5,120258,616638
08/17/2011,3933.6,3976.5,3906.9,3948.4,103248,616199
08/18/2011,3926.5,3926.5,3725.4,3763.6,182991,612325
08/19/2011,3742.5,3781.3,3645.8,3730.6,212545,629283
08/22/2011,3696.5,3837.3,3672.1,3772.5,128503,626588
08/23/2011,3787.3,3842.8,3758.4,3795.8,133261,621533
08/24/2011,3848.4,3888.0,3772.8,3849.9,113954,627325
08/25/2011,3874.3,3887.3,3767.3,3800.6,155438,631799
08/26/2011,3789.5,3831.3,3708.7,3794.7,155438,631799
08/30/2011,3903.9,3911.4,3854.7,3893.6,115382,638196
08/31/2011,3892.1,4006.2,3886.9,3989.9,164749,639573
09/01/2011,4000.2,4032.1,3957.3,3995.4,132907,654905
09/02/2011,3951.0,3976.5,3893.2,3913.2,143390,681922
09/05/2011,3870.6,3872.5,3746.9,3786.9,143390,681922
09/06/2011,3738.0,3862.8,3735.0,3822.5,173443,685226
09/07/2011,3861.0,3970.6,3861.0,3943.2,142366,683211
09/08/2011,3979.5,3981.7,3902.5,3949.5,182808,690039
09/09/2011,3921.0,3965.8,3825.4,3866.2,243325,709253
09/12/2011,3808.0,3842.1,3753.2,3805.4,401675,744405
09/13/2011,3854.2,3876.9,3753.7,3833.7,608551,801747
09/14/2011,3855.3,3949.5,3787.9,3884.0,534529,759151
09/15/2011,3922.3,3992.6,3897.0,3958.0,325195,733824
09/16/2011,3987.8,4008.3,3955.8,3968.8,137738,625259
09/19/2011,3951.3,3951.3,3874.6,3898.1,99802,630176
09/20/2011,3893.6,3984.4,3864.2,3975.5,114771,631030
09/21/2011,3945.4,3981.1,3845.6,3905.2,124248,624440
09/22/2011,3844.9,3848.6,3693.8,3733.2,185517,630644
09/23/2011,3755.5,3780.9,3646.5,3743.6,165807,629771
09/26/2011,3760.8,3825.1,3664.7,3767.1,154491,624149
09/27/2011,3814.0,3938.7,3814.0,3911.9,148832,628164
09/28/2011,3878.7,3936.8,3813.2,3869.1,128580,623001
09/29/2011,3824.0,3890.3,3798.0,3843.8,118655,625867
09/30/2011,3838.2,3843.4,3735.4,3789.4,133122,636925
10/03/2011,3736.2,3770.1,3680.0,3754.1,143719,640394
10/04/2011,3687.1,3751.8,3602.6,3657.7,183625,642579
10/05/2011,3742.9,3792.8,3702.3,3777.5,154099,631205
10/06/2011,3799.8,3945.4,3787.2,3912.2,190227,641440
10/07/2011,3932.0,3978.5,3900.0,3929.4,148503,641383
10/10/2011,3951.3,4010.1,3929.7,3997.8,91677,644473
10/11/2011,4005.7,4007.2,3949.1,3987.8,96756,647163
10/12/2011,3982.2,4051.4,3962.1,4025.4,127798,646252
10/13/2011,4014.6,4044.4,3977.7,3997.8,125807,647791
10/14/2011,4023.2,4078.2,3998.6,4044.0,115430,646230
10/17/2011,4083.8,4109.1,4004.9,4024.6,122761,644072
10/18/2011,3995.2,4086.8,3962.9,4001.2,124085,647521
10/19/2011,4053.3,4066.0,3984.4,4033.2,122198,650606
10/20/2011,4006.4,4029.1,3970.3,3985.6,137031,643520
10/21/2011,4010.5,4078.2,3993.8,4067.1,118142,641170
10/24/2011,4070.4,4121.0,4062.2,4112.9,95214,639114
10/25/2011,4106.9,4131.1,4048.8,4092.0,127775,645842
10/26/2011,4068.2,4157.2,4068.2,4111.7,114969,644707
10/27/2011,4148.6,4290.4,4139.7,4234.2,150202,641002
10/28/2011,4273.7,4276.3,4210.7,4219.3,119796,634919
10/31/2011,4206.3,4206.3,4108.8,4122.9,145103,633080
11/01/2011,4093.1,4093.1,3954.7,4012.4,196227,640637
11/02/2011,4039.2,4083.1,4001.2,4080.8,152405,627969
11/03/2011,4029.9,4152.3,4003.1,4128.1,119403,625208
11/04/2011,4125.5,4157.2,4089.0,4117.7,122150,621745
11/07/2011,4138.5,4139.3,4033.2,4091.3,113579,630315
11/08/2011,4124.0,4199.2,4094.6,4141.9,109465,630288
11/09/2011,4182.5,4192.9,3990.4,4057.8,172785,641251
11/10/2011,3980.4,4084.2,3969.6,4039.5,150501,636339
11/11/2011,4056.3,4126.6,4040.3,4118.8,96244,632178
11/14/2011,4129.2,4151.2,4069.7,4099.1,104543,628390
11/15/2011,4095.0,4141.1,4031.3,4111.4,142829,629892
11/16/2011,4117.7,4139.3,4052.2,4101.7,135965,631124
11/17/2011,4049.2,4094.2,3973.3,4029.5,156145,638062
11/18/2011,3992.6,4030.2,3969.9,3997.1,121427,634516
11/21/2011,3962.1,3968.8,3870.9,3891.0,120026,637383
11/22/2011,3907.0,3928.2,3865.7,3878.0,117181,644078
11/23/2011,3883.6,3890.3,3807.3,3833.3,73908,648492
11/24/2011,3817.3,3859.0,3792.8,3823.7,73908,648492
11/25/2011,3803.9,3870.9,3775.3,3844.1,96062,653504
11/28/2011,3874.3,3965.5,3866.1,3954.7,109112,649456
11/29/2011,3939.4,3977.7,3922.3,3965.8,124056,649702
11/30/2011,3956.9,4125.5,3926.8,4089.0,218653,650433
12/01/2011,4115.1,4137.8,4081.6,4090.2,146065,639793
12/02/2011,4098.0,4167.6,4096.5,4131.8,120233,635288
12/05/2011,4131.5,4170.9,4114.3,4150.1,88498,636868
12/06/2011,4116.6,4175.8,4099.1,4153.4,98495,639604
12/07/2011,4161.6,4193.6,4092.0,4134.8,157313,649630
12/08/2011,4159.8,4174.3,4050.7,4089.0,160739,651970
12/09/2011,4074.9,4139.3,4031.7,4120.7,213423,659315
12/12/2011,4128.5,4130.0,4024.3,4050.0,361072,680443
12/13/2011,4051.5,4115.9,4030.8,4084.8,647046,709540
12/14/2011,4053.3,4074.3,3994.1,4003.9,444800,711265
12/15/2011,3999.4,4045.8,3992.6,4028.6,261816,702454
12/16/2011,4039.5,4060.1,3981.7,4020.7,120958,603341
12/19/2011,3988.5,4028.6,3959.3,3991.5,83670,601978
12/20/2011,3982.1,4053.7,3964.9,4033.5,88823,600811
12/21/2011,4054.1,4079.6,3994.1,4006.1,101764,594686
12/22/2011,4024.8,4081.4,4007.2,4061.2,58683,598180
12/23/2011,4081.1,4107.3,4074.3,4104.7,20461,598435
12/27/2011,4104.7,4104.7,4104.7,4104.7,20461,598435
12/28/2011,4106.6,4145.5,4085.2,4105.4,39080,597930
12/29/2011,4096.8,4165.8,4088.9,4129.4,23760,596355
12/30/2011,4155.3,4162.0,4117.1,4150.0,91647,3721
01/03/2012,4198.8,4245.6,4176.3,4237.4,95339,604778
01/04/2012,4234.7,4258.7,4202.1,4221.6,97122,610710
01/05/2012,4234.0,4235.9,4178.9,4188.3,78849,617243
01/06/2012,4193.5,4231.4,4175.5,4201.4,78624,623195
01/09/2012,4188.6,4224.2,4169.2,4178.5,100939,619316
01/10/2012,4198.0,4254.2,4198.0,4248.2,81119,623329
01/11/2012,4231.4,4242.2,4199.5,4209.6,97340,626459
01/12/2012,4226.5,4241.9,4195.0,4209.6,110800,631808
01/13/2012,4239.2,4249.4,4152.3,4184.5,95865,638207
01/16/2012,4183.0,4213.8,4167.7,4210.0,95865,638207
01/17/2012,4214.9,4261.0,4212.3,4235.9,105790,637890
01/18/2012,4222.8,4256.1,4201.8,4237.4,98748,640106
01/19/2012,4253.9,4277.8,4235.5,4275.6,95517,631084
01/20/2012,4271.5,4282.7,4257.2,4264.0,98482,633165
01/23/2012,4273.0,4310.1,4259.5,4301.1,91421,643735
01/24/2012,4303.0,4307.1,4254.6,4275.6,98660,641410
01/25/2012,4288.0,4301.5,4235.9,4255.0,99757,642227
01/26/2012,4286.1,4322.8,4270.4,4313.5,103031,643852
01/27/2012,4293.2,4312.0,4259.5,4268.5,90891,639149
01/30/2012,4260.2,4262.5,4205.1,4216.4,119055,646148
01/31/2012,4237.7,4265.1,4226.5,4231.4,100788,650428
02/01/2012,4248.2,4318.3,4230.2,4309.0,91814,652655
02/02/2012,4306.7,4328.1,4289.5,4309.7,105085,649360
02/03/2012,4319.5,4406.8,4303.7,4389.9,75300,653135
02/06/2012,4394.0,4394.8,4362.6,4382.0,88390,647006
02/07/2012,4391.4,4395.2,4352.8,4379.1,73184,647376
02/08/2012,4384.7,4401.9,4367.8,4368.9,92416,640264
02/09/2012,4380.2,4402.3,4367.8,4384.7,95379,636960
02/10/2012,4387.7,4391.0,4343.4,4351.7,76091,637919
02/13/2012,4362.6,4405.3,4359.6,4387.7,95070,642383
02/14/2012,4395.2,4404.9,4371.6,4389.5,97541,646828
02/15/2012,4392.9,4423.7,4370.8,4404.9,89713,648974
02/16/2012,4373.1,4416.5,4352.1,4393.3,75495,651015
02/17/2012,4413.9,4425.5,4402.3,4409.0,83842,647672
02/20/2012,4445.4,4455.1,4422.9,4438.6,83842,647672
02/21/2012,4429.3,4440.5,4414.7,4430.8,83726,649074
02/22/2012,4421.0,4435.3,4401.5,4422.9,107218,650127
02/23/2012,4410.9,4447.3,4406.0,4434.9,71159,651030
02/24/2012,4445.4,4455.9,4422.9,4434.9,99125,658465
02/27/2012,4422.9,4428.9,4380.2,4420.3,87730,653323
02/28/2012,4420.3,4433.8,4404.9,4426.3,156938,655469
02/29/2012,4429.3,4446.1,4382.8,4387.7,121319,658806
03/01/2012,4392.9,4444.6,4375.7,4433.8,85062,665734
03/02/2012,4439.4,4445.4,4405.7,4421.4,99482,663126
03/05/2012,4422.2,4425.2,4383.9,4393.7,147917,659828
03/06/2012,4400.4,4401.5,4289.1,4316.8,119263,662328
03/07/2012,4300.7,4345.3,4298.8,4339.7,124396,655436
03/08/2012,4335.9,4400.4,4334.1,4388.0,181765,655873
03/09/2012,4382.4,4419.5,4375.7,4414.7,184358,670869
03/12/2012,4403.4,4424.0,4389.2,4412.0,472941,666360
03/13/2012,4426.0,4496.0,4426.0,4463.1,358279,702891
03/14/2012,4488.4,4499.0,4448.3,4463.1,300988,730254
03/15/2012,4454.4,4471.4,4439.3,4454.0,122946,716192
03/16/2012,4454.0,4480.9,4447.2,4475.6,77745,723568
03/19/2012,4482.4,4484.6,4444.6,4468.4,96277,638203
03/20/2012,4466.5,4467.6,4405.2,4413.2,96290,636082
03/21/2012,4418.5,4442.7,4410.9,4428.3,108276,635069
03/22/2012,4426.4,4426.4,4371.6,4381.8,104059,633691
03/23/2012,4395.8,4407.9,4353.0,4400.3,89994,634123
03/26/2012,4425.3,4436.6,4391.6,4425.6,91463,631001
03/27/2012,4443.4,4458.2,4392.7,4407.5,111393,628206
03/28/2012,4395.0,4411.7,4331.1,4362.5,135644,623302
03/29/2012,4350.4,4361.7,4295.2,4305.8,116442,615349
03/30/2012,4323.2,4348.9,4315.2,4333.4,136203,607020
04/02/2012,4342.8,4432.1,4311.4,4408.6,100294,606872
04/03/2012,4419.2,4423.8,4356.4,4378.8,162433,599368
04/04/2012,4378.0,4378.0,4262.7,4267.2,112461,599182
04/05/2012,4285.0,4299.3,4245.6,4293.7,112461,599182
04/10/2012,4249.0,4266.1,4152.2,4206.3,143645,568620
04/11/2012,4165.9,4241.1,4165.1,4218.8,130849,568201
04/12/2012,4218.0,4296.3,4199.9,4284.6,109152,552353
04/13/2012,4295.2,4297.8,4228.2,4232.8,103195,550676
04/16/2012,4228.2,4280.4,4216.9,4261.5,93543,545618
04/17/2012,4252.8,4334.1,4239.6,4330.0,92587,548599
04/18/2012,4326.2,4342.1,4301.2,4313.0,132049,550482
04/19/2012,4316.4,4348.9,4281.6,4311.4,112702,549184
04/20/2012,4306.5,4339.4,4295.6,4328.5,110430,554745
04/23/2012,4320.9,4325.1,4230.1,4249.8,77681,550258
04/24/2012,4261.9,4291.0,4246.4,4287.6,84484,551485
04/25/2012,4290.3,4317.9,4284.6,4304.3,92427,554426
04/26/2012,4305.8,4339.1,4277.0,4317.9,96691,553228
04/27/2012,4321.7,4352.3,4289.1,4336.8,95560,550794
04/30/2012,4342.8,4356.8,4302.7,4322.4,33874,553846
05/01/2012,4323.2,4375.4,4310.3,4370.4,34319,559124
05/02/2012,4364.0,4375.7,4314.8,4323.9,100265,560254
05/03/2012,4342.8,4361.4,4316.4,4336.0,129756,567091
05/04/2012,4318.6,4332.6,4237.7,4250.6,129756,567091
05/08/2012,4254.0,4259.6,4171.9,4176.1,156933,574910
05/09/2012,4208.2,4208.2,4116.3,4168.1,118150,580117
05/10/2012,4159.8,4194.6,4136.7,4179.8,112355,579364
05/11/2012,4161.7,4209.7,4142.4,4203.3,129271,583244
05/14/2012,4159.0,4178.0,4095.5,4122.0,136697,591756
05/15/2012,4108.0,4150.0,4068.7,4092.1,151734,594895
05/16/2012,4077.4,4109.9,4037.3,4076.6,143344,593637
05/17/2012,4070.2,4088.3,3991.9,4031.2,156384,597009
05/18/2012,3999.5,4008.5,3941.6,3969.2,116643,592595
05/21/2012,3951.8,4035.0,3951.1,4007.0,114589,593104
05/22/2012,4031.6,4079.3,4017.6,4074.3,139961,590435
05/23/2012,4026.7,4033.5,3959.4,3977.9,126333,594142
05/24/2012,3995.7,4051.3,3971.1,4043.7,111360,595086
05/25/2012,4038.4,4061.1,4004.0,4032.7,102806,593497
05/28/2012,4041.4,4082.7,4027.1,4034.6,102806,593497
05/29/2012,4030.1,4075.8,4026.7,4067.9,138306,602719
05/30/2012,3986.2,3999.1,3986.2,3999.1,164760,604435
05/31/2012,3985.8,4046.0,3977.1,3999.8,155475,611639
06/01/2012,4038.4,4040.7,3944.2,3973.4,155475,611639
06/06/2012,3990.8,4094.8,3990.8,4074.3,173523,600433
06/07/2012,4095.5,4157.2,4078.1,4115.2,134800,614475
06/08/2012,4123.1,4131.4,4069.8,4105.7,254711,613766
06/11/2012,4184.0,4200.3,4084.9,4101.9,392370,639115
06/12/2012,4123.1,4157.9,4087.2,4137.1,384246,676161
06/13/2012,4158.5,4166.8,4110.8,4143.2,241027,662748
06/14/2012,4132.2,4152.4,4101.3,4140.9,156359,658167
06/15/2012,4143.2,4182.5,4131.0,4156.2,123397,671636
06/18/2012,4188.6,4212.2,4126.8,4153.5,114356,591128
06/19/2012,4158.5,4238.1,4153.5,4229.0,105855,595081
06/20/2012,4228.2,4272.4,4208.4,4251.9,107882,597915
06/21/2012,4251.1,4251.1,4158.1,4217.5,79997,595507
06/22/2012,4167.2,4194.7,4158.8,4166.8,86606,597029
06/25/2012,4177.1,4179.0,4109.7,4123.4,72468,601687
06/26/2012,4114.2,4147.0,4110.8,4120.3,67555,604483
06/27/2012,4134.4,4192.0,4123.0,4176.8,108396,608356
06/28/2012,4188.2,4193.1,4110.8,4151.6,141492,613381
06/29/2012,4165.7,4253.0,4161.1,4210.7,105555,612541
07/02/2012,4238.1,4285.0,4214.9,4261.8,72897,610506
07/03/2012,4273.2,4314.7,4264.0,4304.1,94739,614445
07/04/2012,4304.8,4314.4,4284.6,4294.9,94739,614445
07/05/2012,4301.0,4334.6,4283.5,4310.2,80387,617813
07/06/2012,4307.9,4308.6,4270.9,4281.6,70441,622450
07/09/2012,4292.3,4298.4,4243.1,4256.8,84977,624045
07/10/2012,4274.3,4304.1,4252.2,4291.1,79218,624460
07/11/2012,4263.3,4293.0,4252.6,4277.4,85011,625214
07/12/2012,4287.7,4290.0,4225.9,4245.8,71444,623953
07/13/2012,4255.7,4300.6,4254.1,4279.3,54199,630811
07/16/2012,4296.1,4296.8,4265.6,4286.5,78301,630906
07/17/2012,4272.8,4297.6,4250.3,4253.4,83782,626387
07/18/2012,4276.6,4310.2,4254.1,4296.5,71051,637332
07/19/2012,4305.6,4334.2,4301.0,4318.2,81623,631361
07/20/2012,4320.5,4321.6,4269.0,4277.0,104069,625931
07/23/2012,4254.5,4257.9,4167.2,4183.6,91285,627989
07/24/2012,4189.7,4205.3,4124.5,4164.9,77629,588859
07/25/2012,4131.8,4180.2,4129.5,4154.6,106315,618357
07/26/2012,4156.6,4232.8,4141.7,4213.7,87824,619909
07/27/2012,4222.1,4290.7,4197.3,4255.3,87212,617112
07/30/2012,4268.6,4318.6,4254.5,4310.2,99544,622332
07/31/2012,4299.9,4320.5,4252.2,4274.0,93602,624893
08/01/2012,4252.2,4337.6,4249.2,4321.6,135003,624492
08/02/2012,4326.6,4372.7,4257.2,4288.1,107587,622484
08/03/2012,4282.0,4385.7,4281.2,4377.6,73462,618579
08/06/2012,4380.3,4418.8,4363.9,4397.8,88866,619277
08/07/2012,4395.2,4430.6,4377.3,4417.3,70007,628593
08/08/2012,4415.0,4446.6,4402.8,4438.6,64105,632225
08/09/2012,4437.9,4465.7,4427.6,4442.1,69089,634549
08/10/2012,4437.5,4455.8,4421.9,4450.8,63610,637983
08/13/2012,4452.0,4452.0,4418.1,4429.5,62115,638736
08/14/2012,4439.8,4467.6,4436.0,4453.5,67024,643345
08/15/2012,4450.1,4460.0,4433.7,4444.7,65608,644575
08/16/2012,4448.9,4461.1,4421.9,4440.2,60529,645956
08/17/2012,4451.2,4462.3,4442.8,4455.8,59585,647599
08/20/2012,4456.2,4461.1,4417.7,4435.2,75213,646144
08/21/2012,4442.4,4472.9,4429.5,4468.4,80456,652907
08/22/2012,4440.9,4440.9,4394.0,4400.5,74661,645427
08/23/2012,4410.4,4428.3,4381.8,4404.7,65826,644849
08/24/2012,4395.2,4410.0,4371.5,4399.8,65826,644849
08/28/2012,4387.6,4404.3,4378.4,4392.9,53689,643084
08/29/2012,4392.9,4396.7,4370.0,4376.9,58011,651114
08/30/2012,4372.7,4376.9,4344.5,4361.3,111142,647957
08/31/2012,4350.6,4390.2,4335.3,4344.5,92907,645707
09/03/2012,4344.5,4391.0,4320.5,4376.1,92907,645707
09/04/2012,4383.0,4389.5,4307.9,4317.8,93095,647970
09/05/2012,4325.0,4328.5,4295.3,4312.8,110875,654633
09/06/2012,4318.2,4411.2,4316.7,4399.0,107385,651154
09/07/2012,4409.7,4427.6,4399.4,4410.0,76026,656785
09/10/2012,4413.5,4426.8,4395.9,4416.9,79496,645980
09/11/2012,4393.3,4419.6,4387.9,4413.5,104212,648278
09/12/2012,4403.6,4438.6,4387.6,4406.6,125944,644857
09/13/2012,4410.1,4497.0,4399.7,4436.9,216382,647963
09/14/2012,4488.2,4524.6,4483.2,4501.6,196044,702860
09/17/2012,4487.1,4507.4,4472.9,4488.6,294474,698536
09/18/2012,4478.3,4490.5,4451.8,4487.1,255227,670236
09/19/2012,4474.4,4498.6,4469.8,4496.3,223951,676600
09/20/2012,4487.5,4487.5,4440.7,4464.1,131451,658315
09/21/2012,4476.3,4495.9,4448.4,4469.4,61797,671973
09/24/2012,4454.9,4464.8,4422.7,4454.1,57344,604798
09/25/2012,4471.0,4475.6,4444.9,4471.4,86300,605856
09/26/2012,4436.1,4443.4,4385.9,4403.9,69516,608128
09/27/2012,4399.7,4433.4,4394.4,4409.3,116867,606133
09/28/2012,4425.8,4444.2,4376.3,4377.5,105665,604296
10/01/2012,4377.9,4457.6,4367.5,4439.2,81661,599190
10/02/2012,4412.7,4454.5,4407.8,4425.8,74140,594479
10/03/2012,4430.0,4449.1,4410.4,4440.7,78064,594449
10/04/2012,4441.1,4465.2,4424.2,4439.9,71064,592249
10/05/2012,4454.1,4489.0,4449.9,4473.3,57271,593993
10/08/2012,4457.6,4462.9,4436.9,4455.7,82651,590884
10/09/2012,4463.3,4470.6,4417.3,4425.4,65445,585514
10/10/2012,4414.7,4429.6,4395.5,4412.0,78919,583866
10/11/2012,4393.2,4459.9,4393.2,4449.5,76688,581874
10/12/2012,4438.0,4446.1,4408.1,4420.4,70931,579602
10/15/2012,4417.0,4451.1,4400.1,4428.8,96609,577286
10/16/2012,4451.8,4487.8,4441.9,4483.6,90304,576695
10/17/2012,4483.2,4517.0,4478.6,4507.8,76828,588001
10/18/2012,4512.7,4523.1,4494.7,4517.0,88097,582799
10/19/2012,4505.8,4520.8,4472.1,4497.0,74540,581666
10/22/2012,4467.1,4509.3,4465.6,4483.6,113801,581666
10/23/2012,4501.6,4509.7,4414.3,4422.7,76435,577547
10/24/2012,4425.8,4445.7,4408.5,4441.5,68439,577367
10/25/2012,4421.2,4459.9,4421.2,4430.8,86784,575603
10/26/2012,4436.1,4446.8,4382.9,4436.5,43601,581261
10/29/2012,4429.6,4438.0,4399.0,4423.1,43389,584506
10/30/2012,4419.3,4467.9,4409.7,4458.0,106717,587435
10/31/2012,4453.7,4480.2,4408.1,4416.6,114165,585282
11/01/2012,4416.6,4478.3,4410.4,4472.1,92486,589227
11/02/2012,4471.0,4497.0,4448.4,4474.0,75905,589122
11/05/2012,4461.4,4466.8,4446.1,4458.7,61613,590507
11/06/2012,4458.7,4511.6,4458.7,4488.2,69914,601531
11/07/2012,4497.8,4526.1,4421.9,4425.4,132592,602799
11/08/2012,4453.4,4454.9,4398.2,4414.3,89532,598954
11/09/2012,4403.6,4421.6,4364.5,4413.5,105593,594018
11/12/2012,4398.2,4426.9,4397.0,4412.0,56370,593277
11/13/2012,4404.3,4423.9,4361.4,4419.3,107434,598508
11/14/2012,4400.1,4415.0,4337.7,4394.0,92791,610192
11/15/2012,4347.6,4367.5,4328.1,4340.7,107800,602409
11/16/2012,4340.3,4348.4,4284.4,4291.3,131923,603182
11/19/2012,4323.1,4393.6,4318.9,4390.5,91525,605078
11/20/2012,4386.7,4408.5,4367.2,4399.7,79110,606963
11/21/2012,4404.3,4414.7,4384.4,4407.0,44489,605517
11/22/2012,4416.6,4444.2,4405.8,4441.1,44489,605517
11/23/2012,4435.7,4472.9,4428.5,4458.3,60440,608766
11/26/2012,4457.6,4458.0,4422.3,4428.1,65733,616255
11/27/2012,4454.1,4462.6,4434.2,4444.2,73410,621613
11/28/2012,4435.3,4465.6,4410.1,4449.1,84751,625455
11/29/2012,4459.5,4510.1,4459.5,4501.6,98008,633726
11/30/2012,4490.9,4525.4,4489.8,4500.5,85463,637081
12/03/2012,4505.5,4524.2,4488.2,4502.0,88310,645595
12/04/2012,4486.7,4520.8,4485.2,4494.7,150462,678333
12/05/2012,4499.7,4534.6,4494.7,4506.6,96218,677535
12/06/2012,4517.3,4541.1,4509.3,4524.6,84989,676329
12/07/2012,4535.3,4540.7,4513.5,4530.7,77062,681879
12/10/2012,4538.4,4542.6,4515.4,4537.3,74859,682775
12/11/2012,4536.9,4551.1,4520.8,4543.0,114796,679344
12/12/2012,4544.5,4570.6,4534.2,4558.3,78555,688164
12/13/2012,4550.2,4556.4,4530.6,4536.3,159747,700858
12/14/2012,4540.2,4556.4,4529.0,4540.6,188417,695764
12/17/2012,4544.8,4544.8,4506.6,4524.4,557574,700562
12/18/2012,4547.5,4565.3,4541.4,4557.9,509186,680677
12/19/2012,4564.1,4585.3,4557.9,4574.1,435985,708076
12/20/2012,4566.4,4584.6,4554.9,4573.4,178256,682773
12/21/2012,4586.1,4586.1,4521.3,4553.7,127454,676275
12/24/2012,4561.4,4568.4,4546.0,4563.3,127454,676275
12/27/2012,4556.4,4601.2,4555.2,4565.3,58161,615094
12/28/2012,4582.6,4583.8,4515.9,4544.1,49269,611473
12/31/2012,4514.4,4538.3,4497.0,4512.0,20313,602504
01/02/2013,4526.3,4636.3,4526.3,4619.7,123875,614414
01/03/2013,4627.8,4638.6,4608.9,4629.7,89791,610161
01/04/2013,4630.9,4677.5,4622.0,4657.9,94263,609209
01/07/2013,4667.9,4672.1,4638.2,4645.5,83826,600880
01/08/2013,4651.7,4665.2,4634.7,4640.1,82197,600259
01/09/2013,4645.9,4682.5,4645.1,4672.1,86145,599108
01/10/2013,4668.3,4688.0,4663.6,4671.4,81116,602053
01/11/2013,4687.2,4691.8,4669.8,4684.1,82639,605023
01/14/2013,4687.2,4705.7,4671.4,4685.3,94189,606012
01/15/2013,4678.3,4696.4,4661.7,4681.0,105002,603915
01/16/2013,4692.2,4694.9,4656.3,4679.5,102607,598669
01/17/2013,4687.2,4709.2,4660.2,4697.6,104178,600390
01/18/2013,4706.5,4732.3,4696.1,4723.8,47346,599769
01/21/2013,4731.2,4744.3,4722.3,4735.8,47346,599769
01/22/2013,4738.5,4754.3,4711.9,4739.3,83563,603714
01/23/2013,4757.4,4762.0,4738.1,4753.1,73789,606291
01/24/2013,4750.8,4808.7,4741.2,4801.8,113233,614039
01/25/2013,4791.0,4827.6,4785.6,4808.3,95686,611539
01/28/2013,4823.0,4839.6,4811.4,4830.3,84750,616756
01/29/2013,4832.2,4868.1,4818.7,4865.0,100970,627560
01/30/2013,4860.8,4872.7,4838.0,4846.1,116097,636983
01/31/2013,4834.2,4840.3,4812.6,4829.9,127082,644615
02/01/2013,4820.3,4878.9,4817.2,4864.3,130101,646786
02/04/2013,4870.8,4875.1,4779.4,4783.2,133389,634495
02/05/2013,4792.1,4827.6,4782.9,4813.3,106304,643326
02/06/2013,4819.1,4846.5,4801.4,4824.1,129384,644151
02/07/2013,4828.8,4839.9,4763.6,4780.9,135965,646267
02/08/2013,4789.0,4812.9,4786.3,4797.9,81890,648824
02/11/2013,4802.1,4825.7,4791.7,4807.2,69016,653398
02/12/2013,4810.2,4863.9,4797.5,4855.0,102009,658908
02/13/2013,4853.1,4909.0,4849.2,4887.0,122109,667920
02/14/2013,4880.1,4894.3,4843.0,4867.0,109973,661715
02/15/2013,4868.5,4882.8,4845.3,4867.3,53303,662854
02/18/2013,4862.3,4867.3,4847.3,4856.9,53303,662854
02/19/2013,4856.1,4911.3,4841.9,4909.0,99649,661840
02/20/2013,4902.1,4935.6,4899.4,4916.3,100478,673258
02/21/2013,4897.0,4902.4,4829.1,4841.9,135405,667229
02/22/2013,4856.9,4899.0,4854.2,4876.6,96125,667817
02/25/2013,4877.8,4917.1,4802.9,4894.7,145197,672139
02/26/2013,4814.9,4842.6,4798.7,4825.3,123057,680414
02/27/2013,4832.6,4904.0,4822.2,4874.3,95811,685142
02/28/2013,4899.4,4913.2,4872.4,4905.9,106766,695062
03/01/2013,4883.5,4920.2,4853.8,4910.2,115839,699614
03/04/2013,4898.6,4902.8,4872.7,4882.8,94635,703469
03/05/2013,4908.6,4960.3,4900.1,4950.7,223753,743610
03/06/2013,4947.6,4978.4,4942.9,4944.1,153201,753169
03/07/2013,4959.5,4976.5,4953.4,4964.9,275806,768168
03/08/2013,4964.6,4999.7,4964.2,4989.6,290021,777992
03/11/2013,4990.8,5015.5,4986.5,5007.8,468713,780880
03/12/2013,5010.1,5034.0,4996.2,5014.3,672800,740562
03/13/2013,5005.4,5010.4,4964.0,4995.2,465153,754428
03/14/2013,4998.7,5039.3,4994.4,5037.3,274447,748669
03/15/2013,5039.3,5051.3,4990.2,5000.3,116790,755527
03/18/2013,4953.9,4994.1,4890.8,4985.9,102353,661675
03/19/2013,4974.2,4993.7,4945.3,4969.5,89693,669629
03/20/2013,4971.8,5004.2,4960.1,4976.5,101533,678319
03/21/2013,4966.8,4966.8,4914.6,4933.3,98935,674391
03/22/2013,4921.6,4964.4,4915.7,4941.1,81822,675466
03/25/2013,4959.8,4988.6,4918.1,4936.4,98958,680200
03/26/2013,4937.5,4951.6,4920.0,4946.5,77061,682702
03/27/2013,4952.4,4964.4,4901.7,4934.4,100334,673688
03/28/2013,4942.2,4982.8,4919.6,4950.0,100334,673688
04/02/2013,4939.5,5024.8,4938.7,5016.3,109614,686495
04/03/2013,5002.6,5006.9,4939.1,4966.8,89841,675929
04/04/2013,4946.9,4967.9,4894.3,4908.3,105127,671478
04/05/2013,4911.8,4912.2,4800.8,4831.5,132873,670584
04/08/2013,4858.0,4870.9,4835.4,4847.9,76850,662205
04/09/2013,4876.4,4893.5,4859.2,4876.8,75619,663728
04/10/2013,4883.0,4950.8,4875.2,4937.9,100721,663418
04/11/2013,4932.1,4964.8,4927.0,4957.4,70045,663012
04/12/2013,4942.2,4955.5,4920.0,4931.7,80701,672539
04/15/2013,4943.0,4952.0,4863.5,4900.5,109414,668306
04/16/2013,4869.3,4910.3,4864.3,4872.9,88837,668755
04/17/2013,4885.3,4900.5,4812.1,4823.0,126517,661981
04/18/2013,4836.2,4853.4,4811.7,4823.4,108273,658606
04/19/2013,4828.4,4867.8,4825.3,4858.0,108924,655606
04/22/2013,4868.2,4910.3,4832.3,4849.1,103440,659530
04/23/2013,4870.1,4964.0,4847.1,4948.1,126137,670456
04/24/2013,4949.2,4986.3,4949.2,4982.4,92509,675734
04/25/2013,4975.3,5007.7,4963.3,4978.1,97355,671783
04/26/2013,4974.2,4985.5,4953.1,4969.5,62821,674940
04/29/2013,4971.1,5021.7,4966.8,4998.3,77635,673250
04/30/2013,5007.7,5021.3,4964.0,4975.3,99057,670876
05/01/2013,4985.9,5017.0,4968.3,4989.4,45201,670720
05/02/2013,4988.2,5011.6,4960.9,5009.3,102509,667509
05/03/2013,5003.4,5065.8,4988.2,5045.1,102509,667509
05/07/2013,5052.9,5090.7,5045.1,5074.3,84030,670318
05/08/2013,5082.9,5115.6,5081.0,5111.0,66882,667966
05/09/2013,5112.9,5124.6,5095.8,5115.3,58297,670658
05/10/2013,5111.4,5149.5,5111.4,5135.5,91992,670731
05/13/2013,5133.6,5153.8,5120.3,5139.8,78068,669882
05/14/2013,5155.0,5197.9,5132.0,5180.3,100546,677740
05/15/2013,5194.4,5211.9,5180.3,5199.4,90451,676904
05/16/2013,5205.7,5222.0,5180.3,5188.9,84884,674821
05/17/2013,5192.8,5243.9,5179.6,5220.1,95444,677970
05/20/2013,5238.8,5250.5,5210.7,5243.9,75894,668008
05/21/2013,5242.3,5291.8,5222.0,5271.9,81404,672502
05/22/2013,5279.3,5347.9,5259.8,5314.0,135030,672162
05/23/2013,5280.9,5282.4,5174.9,5213.5,154562,676211
05/24/2013,5208.8,5222.4,5161.6,5171.4,117073,686889
05/28/2013,5208.8,5284.0,5205.3,5268.8,112268,685994
05/29/2013,5242.3,5242.3,5146.8,5156.6,119213,676933
05/30/2013,5168.6,5186.6,5133.2,5172.1,83676,680996
05/31/2013,5169.8,5177.6,5082.1,5123.4,127522,673020
06/03/2013,5090.7,5114.9,5062.3,5072.4,139621,673723
06/04/2013,5085.6,5112.9,5059.9,5098.1,90355,675012
06/05/2013,5079.0,5082.5,4975.0,4999.5,132898,673405
06/06/2013,4980.8,5005.7,4887.7,4932.1,135198,670634
06/07/2013,4937.5,4994.8,4908.7,4985.5,128624,665218
06/10/2013,4973.4,4994.4,4959.8,4974.2,114187,682537
06/11/2013,4964.4,4969.1,4882.6,4934.4,144440,688987
06/12/2013,4903.6,4959.8,4879.9,4917.3,152863,701874
06/13/2013,4866.7,4945.5,4834.5,4915.7,231463,721829
06/14/2013,4942.8,4946.3,4889.8,4918.1,245884,722861
06/17/2013,4910.2,4964.8,4905.9,4928.3,457757,741635
06/18/2013,4925.9,4985.6,4917.3,4963.2,643241,779825
06/19/2013,4971.4,4978.1,4919.2,4949.9,388224,724249
06/20/2013,4914.5,4914.5,4761.9,4810.2,331103,693877
06/21/2013,4769.3,4862.3,4748.2,4768.6,163127,616243
06/24/2013,4778.4,4778.4,4688.1,4692.4,132526,616364
06/25/2013,4713.6,4775.6,4674.0,4742.3,102378,617701
06/26/2013,4754.0,4820.7,4740.3,4799.6,93780,611894
06/27/2013,4810.5,4885.1,4803.9,4865.5,81904,607642
06/28/2013,4845.5,4882.0,4830.2,4835.7,113021,614259
07/01/2013,4838.0,4920.8,4830.2,4905.9,97906,609202
07/02/2013,4891.4,4917.7,4871.0,4907.1,77397,607117
07/03/2013,4895.3,4895.3,4810.9,4854.1,95744,623390
07/04/2013,4862.0,5011.5,4853.3,5004.4,95744,623390
07/05/2013,4996.2,5064.4,4956.5,4980.9,145271,627049
07/08/2013,5026.8,5046.0,4993.8,5025.2,88396,635057
07/09/2013,5036.6,5089.2,5028.3,5081.7,91453,638881
07/10/2013,5082.5,5093.5,5041.7,5060.1,90976,640067
07/11/2013,5119.4,5182.9,5083.3,5104.9,93053,632799
07/12/2013,5111.9,5130.4,5093.9,5100.5,61024,633537
07/15/2013,5107.6,5148.4,5102.1,5127.6,62297,642392
07/16/2013,5131.1,5149.2,5101.3,5115.4,84254,645865
07/17/2013,5112.7,5141.0,5076.2,5120.5,100433,648831
07/18/2013,5117.0,5189.6,5106.8,5167.6,103492,660657
07/19/2013,5164.1,5172.0,5135.9,5169.2,81106,659600
07/22/2013,5172.3,5184.9,5148.4,5161.8,74482,661470
07/23/2013,5160.6,5189.2,5137.0,5152.3,95955,667014
07/24/2013,5150.0,5192.8,5127.2,5159.0,84925,670095
07/25/2013,5159.4,5164.9,5094.3,5131.9,92420,671859
07/26/2013,5149.6,5167.2,5089.9,5107.2,65944,671437
07/29/2013,5134.7,5149.2,5097.4,5106.8,60416,677752
07/30/2013,5123.3,5144.5,5105.2,5119.4,68300,679362
07/31/2013,5122.5,5191.6,5108.0,5151.2,131713,695905
08/01/2013,5161.4,5234.3,5152.3,5199.8,109541,690736
08/02/2013,5226.1,5230.0,5160.6,5183.7,85490,687637
08/05/2013,5185.3,5211.2,5133.5,5159.0,62919,687080
08/06/2013,5153.5,5166.5,5112.3,5143.3,65969,690210
08/07/2013,5142.1,5176.3,5063.7,5089.5,113519,685788
08/08/2013,5084.4,5122.5,5079.3,5090.3,83080,679329
08/09/2013,5110.0,5161.4,5097.4,5139.4,67458,681536
08/12/2013,5144.5,5161.8,5101.3,5132.7,62592,670847
08/13/2013,5136.2,5186.1,5128.0,5162.9,79451,672807
08/14/2013,5182.2,5207.3,5153.1,5170.4,71680,674731
08/15/2013,5157.8,5159.8,5058.2,5079.3,119756,667520
08/16/2013,5066.0,5098.2,5052.3,5081.7,79518,659713
08/19/2013,5097.0,5101.3,5041.7,5060.9,66161,660157
08/20/2013,5052.3,5064.8,5009.1,5048.7,78321,655456
08/21/2013,5052.7,5058.9,4995.0,5010.7,67453,654704
08/22/2013,4995.0,5073.9,4980.9,5046.8,72015,650649
08/23/2013,5072.7,5111.1,5035.0,5090.3,72015,650649
08/27/2013,5084.4,5089.2,5012.6,5052.7,97867,642723
08/28/2013,5015.4,5055.0,5012.6,5041.7,75492,645517
08/29/2013,5033.8,5100.5,5029.1,5089.9,79067,642415
08/30/2013,5083.7,5102.1,5011.5,5029.1,65392,638475
09/02/2013,5050.3,5124.9,5049.1,5099.4,65392,638475
09/03/2013,5099.0,5120.2,5050.7,5068.0,89490,634342
09/04/2013,5069.9,5095.0,5040.5,5080.9,80785,627994
09/05/2013,5093.5,5137.0,5069.5,5117.4,100361,631799
09/06/2013,5130.4,5157.0,5093.9,5134.3,89120,632883
09/09/2013,5136.6,5149.2,5106.4,5124.5,75267,636696
09/10/2013,5144.1,5184.5,5139.0,5175.1,106089,649650
09/11/2013,5182.6,5182.6,5148.0,5158.2,119050,659074
09/12/2013,5173.5,5186.1,5146.4,5169.6,100047,662351
09/13/2013,5162.1,5178.7,5149.9,5167.2,126092,666790
09/16/2013,5209.8,5235.4,5188.5,5198.4,393718,719183
09/17/2013,5191.7,5194.8,5153.4,5164.1,577937,739362
09/18/2013,5165.7,5209.8,5124.3,5139.7,483404,705537
09/19/2013,5205.5,5225.6,5185.0,5196.8,257720,699700
09/20/2013,5195.2,5205.9,5158.2,5175.9,100568,607831
09/23/2013,5158.2,5179.1,5132.2,5141.2,75327,606148
09/24/2013,5140.0,5168.0,5134.5,5156.2,73160,610383
09/25/2013,5146.4,5172.0,5119.9,5144.0,100511,610052
09/26/2013,5135.3,5166.1,5126.3,5146.7,65666,609869
09/27/2013,5159.4,5160.5,5088.8,5107.3,89517,607074
09/30/2013,5075.4,5081.3,5045.9,5067.1,124190,601782
10/01/2013,5064.4,5092.0,5038.4,5060.4,103484,605064
10/02/2013,5068.3,5074.2,5008.4,5046.3,93140,598871
10/03/2013,5043.9,5078.2,5036.0,5053.4,73923,596191
10/04/2013,5048.6,5082.5,5039.6,5064.0,62533,591216
10/07/2013,5063.6,5064.0,5013.2,5046.3,76993,586704
10/08/2013,5031.7,5045.9,4962.3,5000.2,105374,589852
10/09/2013,4975.3,5000.2,4955.2,4965.9,101931,586114
10/10/2013,4975.3,5073.5,4974.9,5043.5,111880,582076
10/11/2013,5062.8,5115.6,5047.8,5089.2,59560,581084
10/14/2013,5087.2,5138.5,5070.3,5104.2,84434,580596
10/15/2013,5144.0,5155.4,5119.6,5138.5,97335,578218
10/16/2013,5146.4,5167.2,5103.0,5151.5,102241,575325
10/17/2013,5153.8,5188.1,5122.7,5157.0,99400,568597
10/18/2013,5190.5,5205.1,5162.1,5196.4,95245,575696
10/21/2013,5209.0,5263.0,5191.3,5220.4,65586,579725
10/22/2013,5221.2,5273.6,5216.5,5253.5,104205,590896
10/23/2013,5249.2,5255.5,5226.0,5232.6,81526,596921
10/24/2013,5252.0,5285.5,5246.4,5272.4,82985,602731
10/25/2013,5279.9,5287.8,5263.8,5278.0,68746,607434
10/28/2013,5293.7,5298.1,5265.0,5285.5,57332,611576
10/29/2013,5285.5,5332.0,5275.2,5322.9,77016,616477
10/30/2013,5326.8,5357.6,5311.5,5320.9,106660,615622
10/31/2013,5307.9,5317.4,5277.6,5287.0,134364,628407
11/01/2013,5298.1,5309.9,5274.0,5280.7,92478,633229
11/04/2013,5307.9,5333.9,5299.6,5313.4,69291,636130
11/05/2013,5327.6,5337.5,5268.5,5292.9,110482,637449
11/06/2013,5300.4,5321.7,5293.3,5301.2,76476,640557
11/07/2013,5297.7,5330.4,5222.4,5262.6,149256,640306
11/08/2013,5233.0,5297.3,5219.6,5266.9,127953,641902
11/11/2013,5293.7,5302.4,5267.3,5290.6,74441,641282
11/12/2013,5289.8,5295.7,5259.1,5283.1,97215,643793
11/13/2013,5282.3,5283.1,5205.9,5224.4,147812,654659
11/14/2013,5257.1,5280.3,5227.9,5253.9,108746,652931
11/15/2013,5251.6,5278.4,5246.4,5266.9,107885,649016
11/18/2013,5267.3,5300.0,5250.4,5292.5,80595,644364
11/19/2013,5272.4,5281.5,5255.1,5274.0,92423,643390
11/20/2013,5257.1,5290.2,5239.7,5267.7,76009,643836
11/21/2013,5255.1,5280.3,5233.8,5272.4,86002,641685
11/22/2013,5280.7,5289.0,5247.6,5258.7,75698,642457
11/25/2013,5281.9,5287.8,5260.2,5278.0,55115,643318
11/26/2013,5268.5,5277.6,5224.0,5229.1,86747,645846
11/27/2013,5229.1,5252.0,5222.4,5241.3,68868,651069
11/28/2013,5238.6,5263.8,5229.5,5244.1,68868,651069
11/29/2013,5242.1,5266.1,5229.1,5241.7,69499,651543
12/02/2013,5238.2,5250.4,5182.2,5196.8,109506,663155
12/03/2013,5188.1,5191.7,5131.4,5152.3,125938,663575
12/04/2013,5148.3,5164.9,5094.7,5131.4,117845,658922
12/05/2013,5127.0,5137.7,5106.6,5116.4,116800,658448
12/06/2013,5118.0,5181.8,5113.6,5159.0,105744,648957
12/09/2013,5180.6,5186.2,5149.1,5170.4,70803,654844
12/10/2013,5162.9,5179.5,5134.5,5151.9,99977,658297
12/11/2013,5151.5,5166.8,5104.6,5134.9,202092,670634
12/12/2013,5109.7,5114.0,5062.8,5075.8,258379,710558
12/13/2013,5071.4,5093.3,5067.5,5073.8,188222,683544
12/16/2013,5077.8,5148.5,5042.5,5138.2,441959,674409
12/17/2013,5129.4,5135.0,5106.8,5116.3,570484,713388
12/18/2013,5121.9,5178.7,5067.9,5115.5,358593,697486
12/19/2013,5171.9,5195.3,5152.5,5179.1,226067,684997
12/20/2013,5193.4,5273.6,5181.4,5192.6,111120,554528
12/23/2013,5214.8,5268.4,5208.4,5260.9,50837,556542
12/24/2013,5260.9,5292.2,5253.7,5275.6,50837,556542
12/27/2013,5302.2,5341.9,5289.5,5324.8,54389,562216
12/30/2013,5320.4,5336.3,5294.2,5316.1,61759,566353
12/31/2013,5315.3,5328.0,5309.7,5319.2,19520,563357
01/02/2014,5326.8,5339.1,5283.1,5295.8,73561,563354
01/03/2014,5303.4,5320.0,5277.9,5299.0,71780,569670
01/06/2014,5311.7,5321.6,5289.9,5302.6,91948,581595
01/07/2014,5301.4,5333.9,5292.2,5320.8,77783,582836
01/08/2014,5321.2,5329.6,5288.3,5292.2,78139,580188
01/09/2014,5296.6,5316.5,5260.5,5270.4,103005,584278
01/10/2014,5285.1,5335.5,5285.1,5311.3,115342,586990
01/13/2014,5321.2,5330.8,5280.7,5320.8,73244,589306
01/14/2014,5291.0,5347.8,5272.0,5331.2,91211,575298
01/15/2014,5343.5,5384.0,5339.9,5370.9,105207,578508
01/16/2014,5385.6,5400.6,5360.9,5370.9,85880,581679
01/17/2014,5382.8,5393.9,5360.9,5381.2,38491,589975
01/20/2014,5373.6,5391.9,5367.7,5386.4,38491,589975
01/21/2014,5392.7,5413.0,5374.4,5383.6,82504,594027
01/22/2014,5393.5,5411.8,5376.8,5384.4,80705,600718
01/23/2014,5399.9,5401.0,5328.8,5341.1,95553,608723
01/24/2014,5348.6,5358.2,5211.2,5246.2,155975,622805
01/27/2014,5204.5,5225.9,5128.2,5167.1,162575,613499
01/28/2014,5153.6,5194.2,5145.3,5179.9,114598,611216
01/29/2014,5207.3,5235.8,5104.8,5153.6,172520,602861
01/30/2014,5142.1,5174.3,5124.7,5152.1,114049,600631
01/31/2014,5156.8,5158.8,5055.2,5129.4,146376,600850
02/03/2014,5119.9,5149.7,5038.9,5090.9,134070,603073
02/04/2014,5052.0,5103.2,5049.6,5082.6,133992,596142
02/05/2014,5077.4,5108.4,5051.2,5091.7,114125,589406
02/06/2014,5110.8,5181.8,5088.1,5164.0,131896,589029
02/07/2014,5172.3,5202.5,5149.7,5175.9,116897,586994
02/10/2014,5201.3,5202.5,5171.1,5191.0,85681,586070
02/11/2014,5200.9,5282.7,5200.9,5254.5,106378,597714
02/12/2014,5267.2,5295.8,5260.1,5266.8,109797,606000
02/13/2014,5267.6,5273.6,5214.0,5258.9,100178,608223
02/14/2014,5266.4,5271.6,5243.0,5258.5,67610,615253
02/17/2014,5263.2,5325.2,5255.7,5313.7,67610,615253
02/18/2014,5316.1,5376.0,5301.0,5371.7,123974,631018
02/19/2014,5365.3,5388.3,5340.7,5376.0,134023,645648
02/20/2014,5349.0,5403.0,5324.0,5382.0,113941,656388
02/21/2014,5402.2,5429.2,5381.6,5409.0,148429,671335
02/24/2014,5393.9,5446.7,5375.2,5427.7,112750,684068
02/25/2014,5420.9,5428.0,5370.1,5415.3,155923,691130
02/26/2014,5395.5,5408.2,5356.6,5391.1,95596,680445
02/27/2014,5372.5,5399.1,5325.2,5393.1,129036,671172
02/28/2014,5396.7,5407.0,5355.4,5381.2,131582,681121
03/03/2014,5345.5,5345.5,5276.4,5306.1,156465,665544
03/04/2014,5315.7,5404.2,5315.7,5396.7,138704,674700
03/05/2014,5392.7,5400.6,5357.0,5360.9,89950,665138
03/06/2014,5367.7,5393.1,5360.5,5372.5,79660,657673
03/07/2014,5372.9,5386.0,5308.5,5318.4,132655,657086
03/10/2014,5323.6,5351.4,5280.7,5289.1,152193,678720
03/11/2014,5306.5,5320.0,5271.6,5289.9,138514,692339
03/12/2014,5276.0,5283.1,5238.2,5262.9,119436,689043
03/13/2014,5269.3,5271.3,5167.5,5204.0,186072,691537
03/14/2014,5186.0,5197.2,5161.5,5175.6,226091,689813
03/17/2014,5178.4,5234.0,5171.5,5215.2,384036,715704
03/18/2014,5210.8,5320.5,5185.6,5238.4,765527,671707
03/19/2014,5243.6,5250.0,5176.0,5219.2,381039,668169
03/20/2014,5190.4,5203.2,5151.1,5201.2,261468,672277
03/21/2014,5188.4,5217.6,5167.5,5209.2,121786,572692
03/24/2014,5171.5,5214.8,5162.3,5169.9,107010,576205
03/25/2014,5185.6,5261.3,5179.6,5235.6,114263,575880
03/26/2014,5251.2,5276.1,5204.8,5241.6,112575,573486
03/27/2014,5212.0,5236.4,5207.6,5230.4,96203,573350
03/28/2014,5235.2,5266.9,5228.0,5250.0,92399,570106
03/31/2014,5256.8,5287.7,5224.4,5240.8,117685,569526
04/01/2014,5248.8,5288.5,5242.8,5275.7,78356,563553
04/02/2014,5284.5,5303.3,5272.9,5292.1,75528,563683
04/03/2014,5298.9,5308.5,5272.1,5275.3,79806,558094
04/04/2014,5294.5,5328.9,5279.7,5314.9,98009,556430
04/07/2014,5286.1,5302.1,5230.4,5258.0,114160,553893
04/08/2014,5240.4,5260.9,5200.0,5229.2,111877,549737
04/09/2014,5236.0,5296.1,5231.2,5266.9,92976,546013
04/10/2014,5294.5,5314.1,5216.4,5272.1,113581,548661
04/11/2014,5224.8,5243.6,5186.0,5212.4,127688,545776
04/14/2014,5184.0,5231.6,5168.3,5224.0,105675,544296
04/15/2014,5225.6,5239.2,5167.5,5195.6,110995,543197
04/16/2014,5213.6,5250.8,5206.0,5235.6,103693,540182
04/17/2014,5235.2,5290.9,5206.0,5266.5,103693,540182
04/22/2014,5294.1,5331.7,5282.5,5314.1,99058,548603
04/23/2014,5314.9,5328.5,5300.1,5312.5,66279,550277
04/24/2014,5322.5,5351.8,5304.5,5328.1,103352,552278
04/25/2014,5320.5,5328.1,5296.5,5316.1,93809,553719
04/28/2014,5318.9,5348.6,5303.7,5328.9,98303,548043
04/29/2014,5343.3,5392.2,5336.5,5379.0,112655,556878
04/30/2014,5378.2,5418.6,5371.8,5401.8,115824,551459
05/01/2014,5414.2,5430.2,5401.4,5424.2,45485,554887
05/02/2014,5424.2,5446.7,5413.8,5417.4,45485,554887
05/06/2014,5428.6,5441.9,5403.0,5414.2,80722,560926
05/07/2014,5413.0,5426.2,5393.8,5415.4,111120,563942
05/08/2014,5421.0,5454.7,5419.0,5447.5,115506,559150
05/09/2014,5431.8,5449.9,5424.6,5435.9,82350,564146
05/12/2014,5443.5,5474.7,5435.9,5459.9,74223,563760
05/13/2014,5475.1,5488.7,5458.3,5478.7,85635,569588
05/14/2014,5488.3,5502.7,5475.9,5496.3,71754,573259
05/15/2014,5491.1,5510.3,5448.7,5462.7,137168,576005
05/16/2014,5472.3,5487.9,5443.1,5476.3,118294,583623
05/19/2014,5486.3,5488.3,5435.5,5473.1,89152,591216
05/20/2014,5473.5,5475.9,5416.2,5435.5,82057,595333
05/21/2014,5427.8,5459.5,5423.4,5451.5,78155,599363
05/22/2014,5454.3,5475.1,5444.3,5458.3,71555,602594
05/23/2014,5453.9,5457.5,5431.8,5445.1,51401,604133
05/26/2014,5445.1,5445.1,5445.1,5445.1,51401,604133
05/27/2014,5457.1,5483.5,5457.1,5469.9,64545,606945
05/28/2014,5471.5,5482.3,5463.1,5473.1,58636,606932
05/29/2014,5468.3,5503.9,5468.3,5494.3,55561,609684
05/30/2014,5499.5,5499.9,5460.7,5464.3,93166,602671
06/02/2014,5479.9,5497.5,5475.5,5494.7,59030,596702
06/03/2014,5483.9,5484.3,5449.5,5459.5,76189,589239
06/04/2014,5471.9,5473.5,5439.1,5452.3,72602,600049
06/05/2014,5455.1,5479.1,5435.5,5450.3,98852,599983
06/06/2014,5456.7,5503.5,5452.7,5483.5,72354,604857
06/09/2014,5500.7,5504.7,5488.3,5499.1,47207,605478
06/10/2014,5490.3,5504.7,5467.5,5493.9,81747,608723
06/11/2014,5498.7,5503.5,5465.5,5477.1,109914,617814
06/12/2014,5479.1,5488.7,5455.9,5483.5,117983,627452
06/13/2014,5460.5,5467.0,5411.3,5435.9,196759,636423
06/16/2014,5414.5,5430.3,5403.3,5412.5,451970,701429
06/17/2014,5420.6,5434.3,5393.2,5417.0,662012,768160
06/18/2014,5427.4,5454.5,5425.4,5429.9,453563,762225
06/19/2014,5455.3,5478.7,5452.0,5455.7,244072,672207
06/20/2014,5457.3,5480.3,5444.8,5469.8,84838,610377
06/23/2014,5469.4,5476.7,5433.9,5446.0,74225,613374
06/24/2014,5454.1,5466.2,5412.1,5443.6,73551,610950
06/25/2014,5414.1,5419.0,5377.4,5397.6,87642,611016
06/26/2014,5401.2,5412.1,5366.1,5387.9,81408,608023
06/27/2014,5399.6,5426.2,5393.2,5416.6,58453,606033
06/30/2014,5428.3,5429.1,5389.5,5412.9,83312,604160
07/01/2014,5407.7,5455.3,5406.9,5447.6,68769,607359
07/02/2014,5444.4,5471.0,5439.5,5461.3,63315,608316
07/03/2014,5464.6,5502.5,5458.9,5498.8,27037,616308
07/07/2014,5503.7,5505.7,5461.3,5468.6,64349,617116
07/08/2014,5468.6,5474.6,5376.6,5397.6,108449,618911
07/09/2014,5395.6,5400.8,5359.7,5381.5,82192,616359
07/10/2014,5387.9,5388.3,5319.8,5342.8,112591,614290
07/11/2014,5349.2,5361.7,5335.1,5346.8,72219,604164
07/14/2014,5362.9,5414.5,5360.9,5404.9,65893,601505
07/15/2014,5400.4,5415.4,5361.3,5381.1,90633,601157
07/16/2014,5382.7,5440.4,5381.9,5434.3,81026,600106
07/17/2014,5423.8,5427.0,5368.6,5393.2,96009,596302
07/18/2014,5363.7,5420.6,5356.5,5401.2,92330,598365
07/21/2014,5405.7,5413.3,5377.0,5393.6,66313,593981
07/22/2014,5398.8,5447.6,5396.4,5442.8,98407,597198
07/23/2014,5428.3,5467.0,5423.4,5444.4,68697,597991
07/24/2014,5443.6,5468.6,5419.4,5460.5,71391,598523
07/25/2014,5452.9,5473.4,5431.9,5437.5,70299,598212
07/28/2014,5437.1,5460.1,5414.9,5438.3,84574,603960
07/29/2014,5448.8,5476.7,5433.5,5454.9,84574,604943
07/30/2014,5447.2,5461.3,5412.5,5427.4,91415,607946
07/31/2014,5433.9,5445.2,5363.3,5389.9,132674,614353
08/01/2014,5364.9,5383.5,5303.6,5344.0,135406,610681
08/04/2014,5344.0,5378.2,5337.9,5351.2,82094,606224
08/05/2014,5363.3,5376.6,5318.6,5350.0,82890,602104
08/06/2014,5334.7,5337.9,5285.1,5319.0,108069,602551
08/07/2014,5323.8,5335.1,5271.0,5292.3,115541,596516
08/08/2014,5280.7,5302.8,5236.3,5272.6,109037,592446
08/11/2014,5292.3,5333.1,5289.1,5323.8,84497,588548
08/12/2014,5316.1,5330.3,5303.6,5318.2,81422,586265
08/13/2014,5325.4,5364.9,5325.4,5362.5,74471,580804
08/14/2014,5358.1,5392.0,5344.8,5379.5,92427,579413
08/15/2014,5388.7,5428.3,5363.7,5381.5,108221,576483
08/18/2014,5404.1,5438.7,5402.0,5431.1,63192,579852
08/19/2014,5437.1,5465.8,5435.5,5458.9,69520,584260
08/20/2014,5465.0,5465.0,5432.3,5445.2,78753,585292
08/21/2014,5454.1,5466.2,5441.6,5459.3,58825,587127
08/22/2014,5464.6,5472.6,5436.3,5459.3,58825,587127
08/26/2014,5479.1,5504.9,5465.0,5503.7,79517,592751
08/27/2014,5493.6,5507.7,5492.4,5504.1,64423,599636
08/28/2014,5506.5,5506.5,5479.9,5488.3,91078,608174
08/29/2014,5492.8,5506.9,5466.6,5485.9,44912,617752
09/01/2014,5499.6,5504.1,5479.5,5499.2,44912,617752
09/02/2014,5502.1,5523.0,5490.0,5501.7,77237,621080
09/03/2014,5507.3,5566.2,5504.9,5546.0,125959,642406
09/04/2014,5539.6,5571.4,5531.5,5547.6,149174,649847
09/05/2014,5552.5,5552.9,5507.7,5528.7,115198,650130
09/08/2014,5532.3,5540.4,5462.1,5509.7,141829,669132
09/09/2014,5500.4,5522.6,5494.4,5506.9,90334,662402
09/10/2014,5501.7,5533.1,5484.7,5514.6,140597,678219
09/11/2014,5528.7,5532.7,5456.1,5481.9,211064,670675
09/12/2014,5494.0,5502.1,5475.8,5489.2,208671,670068
09/15/2014,5477.0,5500.5,5465.3,5484.3,321266,698046
09/16/2014,5486.3,5502.1,5442.2,5478.2,537271,733032
09/17/2014,5496.4,5500.1,5461.2,5476.2,440005,675689
09/18/2014,5490.0,5504.5,5459.2,5498.9,217946,651121
09/19/2014,5540.2,5566.9,5511.0,5517.9,133557,601083
09/22/2014,5521.5,5522.4,5451.9,5463.6,84583,599903
09/23/2014,5459.2,5471.7,5360.4,5385.1,137415,603784
09/24/2014,5368.9,5422.3,5364.5,5407.8,110249,599515
09/25/2014,5417.9,5427.2,5339.4,5356.8,118785,595053
09/26/2014,5353.1,5392.8,5334.9,5365.3,94015,591043
09/29/2014,5368.1,5380.2,5329.2,5359.6,83465,588979
09/30/2014,5358.4,5370.9,5314.3,5348.7,128396,583587
10/01/2014,5321.5,5339.4,5265.3,5292.0,112050,581113
10/02/2014,5271.3,5288.7,5180.2,5206.6,164208,581071
10/03/2014,5217.5,5276.6,5216.7,5262.0,93490,575995
10/06/2014,5273.0,5312.6,5266.5,5284.7,112551,570326
10/07/2014,5291.2,5295.6,5200.1,5243.8,133188,573391
10/08/2014,5202.5,5283.5,5201.7,5237.7,137697,570625
10/09/2014,5273.0,5287.9,5138.1,5188.7,159665,572818
10/10/2014,5129.6,5168.5,5063.6,5119.1,176847,572044
10/13/2014,5062.8,5151.1,5052.7,5131.3,147461,576839
10/14/2014,5096.8,5169.7,5081.0,5160.4,155721,575338
10/15/2014,5150.3,5161.2,4958.8,5011.0,241995,578352
10/16/2014,5020.7,5064.9,4892.8,4999.7,316042,587759
10/17/2014,4987.1,5094.4,4976.6,5084.7,166905,566766
10/20/2014,5101.3,5113.4,5020.3,5052.7,119261,563458
10/21/2014,5058.4,5159.6,5019.1,5137.3,128826,561392
10/22/2014,5156.8,5169.7,5110.2,5157.2,112588,561417
10/23/2014,5126.4,5189.6,5094.8,5179.4,106774,558820
10/24/2014,5168.9,5176.6,5139.3,5153.9,97993,558688
10/27/2014,5174.6,5207.8,5111.8,5135.7,97134,563711
10/28/2014,5149.9,5194.4,5145.8,5169.3,81284,564827
10/29/2014,5187.1,5226.0,5179.4,5203.3,90278,564919
10/30/2014,5207.4,5240.6,5146.2,5209.0,109997,570073
10/31/2014,5230.4,5294.8,5225.6,5267.7,127899,561212
11/03/2014,5279.4,5292.4,5224.8,5230.8,106580,569485
11/04/2014,5222.3,5263.2,5199.3,5209.4,100218,572444
11/05/2014,5232.5,5282.3,5223.6,5272.5,86069,572223
11/06/2014,5275.8,5318.7,5256.0,5294.4,101714,573305
11/07/2014,5303.3,5341.4,5294.8,5309.4,121135,576553
11/10/2014,5313.4,5349.5,5302.1,5340.6,73252,581133
11/11/2014,5345.4,5361.2,5337.7,5351.5,60461,581042
11/12/2014,5357.2,5358.4,5324.4,5335.7,78050,576182
11/13/2014,5347.9,5379.8,5336.9,5373.0,96552,579452
11/14/2014,5378.2,5387.1,5344.2,5378.2,75109,586057
11/17/2014,5355.5,5412.2,5354.7,5397.2,67261,587751
11/18/2014,5415.5,5445.0,5400.1,5424.8,77189,590789
11/19/2014,5431.7,5436.1,5403.3,5415.1,77150,594872
11/20/2014,5415.9,5424.0,5378.6,5407.4,79507,595770
11/21/2014,5430.4,5486.7,5417.9,5469.7,124310,600645
11/24/2014,5472.1,5478.2,5441.0,5449.5,63656,596659
11/25/2014,5447.0,5467.7,5429.2,5433.7,82072,594609
11/26/2014,5451.1,5480.2,5440.2,5456.0,49415,607033
11/27/2014,5451.9,5467.7,5437.7,5441.4,73157,604198
11/28/2014,5435.7,5456.8,5399.3,5450.3,87544,594308
12/01/2014,5402.5,5412.2,5375.4,5392.4,115360,601672
12/02/2014,5417.9,5472.1,5413.8,5453.1,110161,608823
12/03/2014,5453.1,5471.3,5436.5,5444.6,73398,608546
12/04/2014,5453.5,5455.5,5402.5,5406.6,107548,620575
12/05/2014,5433.3,5470.9,5433.3,5458.8,74097,625245
12/08/2014,5447.5,5450.7,5374.6,5411.8,76757,627579
12/09/2014,5372.1,5374.2,5276.6,5297.7,140966,622575
12/10/2014,5301.3,5315.9,5234.5,5269.7,118465,625374
12/11/2014,5254.3,5281.1,5196.0,5245.0,139043,627313
12/12/2014,5196.8,5212.6,5036.1,5102.5,208829,620666
12/15/2014,5086.2,5145.4,4957.5,5009.0,314380,625516
12/16/2014,5041.2,5142.1,4972.2,5122.1,479938,664954
12/17/2014,5074.3,5180.5,5047.8,5146.6,309508,671012
12/18/2014,5189.1,5275.3,5148.7,5232.0,277446,642160
12/19/2014,5274.1,5344.3,5247.1,5315.7,128847,557083
12/22/2014,5340.7,5372.9,5322.7,5333.3,70151,558600
12/23/2014,5351.7,5372.1,5339.8,5342.3,54056,563417
12/24/2014,5363.5,5379.9,5353.7,5369.3,54056,563417
12/29/2014,5395.8,5404.4,5343.5,5378.2,60265,564089
12/30/2014,5357.0,5367.2,5285.5,5305.9,61897,564355
12/31/2014,5334.9,5335.3,5305.1,5328.8,68300,566077
01/02/2015,5358.2,5358.6,5272.0,5299.4,67947,571486
01/05/2015,5287.6,5326.4,5167.9,5184.2,120427,577643
01/06/2015,5192.0,5221.0,5118.4,5151.9,136252,566172
01/07/2015,5180.1,5227.5,5149.5,5185.4,98457,561929
01/08/2015,5247.5,5326.0,5238.1,5317.8,99839,552933
01/09/2015,5305.5,5317.0,5234.0,5243.4,90845,549598
01/12/2015,5277.8,5295.7,5215.3,5253.6,80856,549292
01/13/2015,5238.1,5308.0,5221.8,5293.7,85085,555296
01/14/2015,5229.5,5245.5,5137.2,5170.7,152057,564485
01/15/2015,5216.9,5267.1,5093.5,5239.4,156969,566008
01/16/2015,5218.9,5334.5,5210.3,5301.4,53107,567934
01/19/2015,5303.1,5344.3,5299.8,5329.2,53107,567934
01/20/2015,5350.1,5383.1,5338.6,5354.1,78126,562832
01/21/2015,5383.1,5451.4,5377.4,5440.3,106535,560103
01/22/2015,5456.3,5543.3,5448.1,5503.6,125325,562336
01/23/2015,5526.9,5546.5,5504.1,5530.2,90558,562939
01/26/2015,5509.8,5581.7,5500.8,5551.4,86826,569020
01/27/2015,5554.7,5563.7,5486.9,5524.5,95445,561350
01/28/2015,5557.2,5560.4,5470.2,5518.4,93168,567141
01/29/2015,5486.1,5546.1,5467.7,5517.9,117577,577030
01/30/2015,5527.3,5545.3,5450.5,5478.7,125398,575465
02/02/2015,5494.7,5517.9,5452.6,5485.3,108479,584501
02/03/2015,5520.0,5595.6,5513.9,5563.7,113405,589517
02/04/2015,5571.0,5578.4,5511.4,5553.1,76312,586922
02/05/2015,5533.5,5567.8,5516.3,5558.0,75745,593126
02/06/2015,5555.9,5581.3,5522.8,5553.5,73905,596384
02/09/2015,5527.7,5548.6,5489.8,5545.3,93466,596385
02/10/2015,5545.7,5549.4,5498.7,5531.4,88643,598692
02/11/2015,5542.9,5549.8,5497.1,5522.4,92535,600361
02/12/2015,5530.2,5566.1,5528.2,5538.4,91302,603829
02/13/2015,5564.5,5592.7,5560.4,5584.9,40072,605424
02/16/2015,5588.2,5594.7,5537.6,5564.1,40072,605424
02/17/2015,5551.0,5613.1,5533.1,5595.6,90458,607029
02/18/2015,5611.1,5618.4,5581.7,5598.0,66712,601858
02/19/2015,5601.3,5616.0,5575.1,5604.5,76386,603701
02/20/2015,5598.0,5659.3,5592.7,5618.4,92983,599060
02/23/2015,5642.9,5657.2,5598.0,5613.1,67981,603499
02/24/2015,5623.7,5659.3,5608.6,5651.1,68620,603338
02/25/2015,5647.0,5656.0,5613.5,5633.1,69482,603038
02/26/2015,5642.1,5659.7,5627.4,5649.9,117320,613563
02/27/2015,5651.1,5669.1,5631.1,5653.6,114649,619542
03/02/2015,5665.0,5673.6,5631.9,5641.3,79963,622629
03/03/2015,5647.8,5665.0,5592.3,5610.7,85456,627236
03/04/2015,5613.5,5640.5,5580.4,5618.8,104931,638535
03/05/2015,5633.1,5680.5,5626.2,5671.1,79660,645579
03/06/2015,5674.0,5674.8,5605.8,5634.0,77175,637767
03/09/2015,5607.8,5620.5,5589.0,5605.4,167160,636432
03/10/2015,5592.3,5598.8,5453.4,5468.9,115230,643904
03/11/2015,5473.0,5491.8,5454.6,5472.6,156870,627883
03/12/2015,5492.2,5549.0,5492.2,5516.7,156100,632427
03/13/2015,5523.3,5525.0,5475.1,5496.1,301970,624609
03/16/2015,5526.6,5564.1,5514.7,5552.2,480520,637665
03/17/2015,5550.1,5599.5,5546.4,5580.6,351910,692510
03/18/2015,5592.9,5710.8,5574.8,5666.3,257650,669523
03/19/2015,5689.4,5708.3,5663.4,5699.3,118960,659840
03/20/2015,5708.7,5757.8,5686.1,5738.0,78629,593884
03/23/2015,5748.7,5759.0,5714.1,5744.2,81414,595331
03/24/2015,5745.4,5776.3,5725.6,5750.8,81269,601135
03/25/2015,5734.7,5752.0,5698.4,5725.2,131210,610571
03/26/2015,5686.9,5707.1,5622.2,5634.6,97908,610615
03/27/2015,5635.8,5651.5,5590.1,5600.0,91770,612608
03/30/2015,5626.7,5653.1,5609.0,5637.9,76978,610848
03/31/2015,5633.7,5647.3,5524.1,5543.5,138034,600545
04/01/2015,5508.9,5602.8,5507.2,5562.0,111029,594442
04/02/2015,5562.5,5600.4,5550.1,5574.0,111029,594442
04/07/2015,5605.3,5696.4,5599.5,5681.9,93207,596047
04/08/2015,5669.6,5734.7,5665.5,5669.2,86827,592865
04/09/2015,5687.7,5763.5,5686.9,5733.5,78202,597126
04/10/2015,5747.9,5806.0,5747.5,5804.3,79756,599741
04/13/2015,5793.2,5795.7,5759.4,5778.4,61142,599279
04/14/2015,5774.7,5799.8,5764.4,5787.4,85759,603688
04/15/2015,5790.3,5818.7,5773.0,5808.0,68975,604799
04/16/2015,5817.5,5835.6,5770.5,5787.8,84391,620279
04/17/2015,5793.2,5815.4,5708.7,5724.4,139190,603377
04/20/2015,5743.8,5787.0,5737.2,5772.2,70145,602889
04/21/2015,5772.2,5816.7,5753.6,5785.8,71194,602216
04/22/2015,5785.8,5803.9,5725.2,5754.9,88398,597121
04/23/2015,5764.4,5806.4,5733.5,5775.5,82102,598700
04/24/2015,5782.5,5822.4,5778.8,5795.3,77014,598518
04/27/2015,5797.3,5838.9,5755.3,5810.1,97076,600967
04/28/2015,5796.1,5808.9,5722.3,5748.7,99874,592915
04/29/2015,5768.5,5787.4,5677.8,5702.1,118934,593163
04/30/2015,5707.9,5730.6,5661.3,5710.0,126875,581945
05/01/2015,5693.9,5769.7,5670.0,5722.7,54705,581083
05/04/2015,5722.7,5722.7,5722.7,5722.7,47652,581083
05/05/2015,5777.5,5783.7,5674.1,5690.6,122398,579259
05/06/2015,5696.8,5718.2,5653.5,5685.2,102075,575585
05/07/2015,5672.9,5680.7,5585.1,5659.7,131684,567843
05/08/2015,5719.0,5795.7,5717.4,5778.4,142464,572614
05/11/2015,5786.6,5816.3,5749.1,5767.2,98864,581036
05/12/2015,5765.2,5776.7,5650.2,5692.2,136207,570530
05/13/2015,5698.0,5738.4,5678.6,5699.3,89998,575741
05/14/2015,5697.6,5743.8,5658.5,5735.9,79131,573594
05/15/2015,5735.1,5764.8,5702.1,5727.7,78194,578119
05/18/2015,5733.9,5771.8,5697.2,5730.2,79749,582124
05/19/2015,5742.9,5765.6,5731.8,5747.9,76376,585813
05/20/2015,5756.5,5774.7,5721.1,5760.2,73985,586406
05/21/2015,5754.9,5783.3,5752.4,5773.8,54967,591152
05/22/2015,5769.3,5811.7,5767.6,5790.3,59757,597391
05/26/2015,5786.6,5802.3,5700.1,5716.1,100553,593132
05/27/2015,5728.9,5805.1,5714.5,5788.3,102158,605542
05/28/2015,5782.5,5801.4,5765.2,5791.1,63998,608422
05/29/2015,5801.0,5819.6,5727.7,5739.2,134522,603376
06/01/2015,5778.4,5793.2,5708.3,5712.0,100561,597232
06/02/2015,5728.1,5738.4,5651.0,5697.2,117903,587839
06/03/2015,5697.6,5748.3,5675.4,5720.3,99557,580598
06/04/2015,5697.6,5702.5,5604.1,5651.9,135074,585781
06/05/2015,5632.5,5638.7,5583.5,5605.3,98656,591331
06/08/2015,5601.2,5618.1,5565.8,5593.8,76523,593215
06/09/2015,5583.1,5600.0,5536.1,5557.5,91042,597406
06/10/2015,5546.0,5633.3,5539.8,5615.6,159709,602242
06/11/2015,5618.5,5662.2,5606.5,5642.0,91159,609661
06/12/2015,5629.6,5632.1,5569.9,5595.0,140322,620775
06/15/2015,5571.8,5580.1,5522.4,5531.9,204365,636206
06/16/2015,5534.8,5541.5,5483.3,5530.2,649187,652298
06/17/2015,5530.2,5546.4,5484.2,5509.5,268554,640359
06/18/2015,5488.7,5555.6,5457.6,5522.4,257864,635397
06/19/2015,5501.6,5570.5,5501.6,5529.0,99963,590673
06/22/2015,5549.3,5626.1,5545.2,5621.6,102460,588433
06/23/2015,5621.6,5651.5,5621.6,5638.2,69946,589770
06/24/2015,5644.8,5666.0,5622.8,5644.0,76827,586288
06/25/2015,5635.3,5663.1,5595.8,5615.8,86311,585962
06/26/2015,5595.0,5598.3,5545.2,5568.0,88608,583461
06/29/2015,5435.6,5513.2,5361.7,5460.9,127615,586735
06/30/2015,5412.4,5439.3,5348.8,5391.6,159177,584283
07/01/2015,5391.6,5467.6,5391.6,5435.6,132782,577626
07/02/2015,5421.5,5476.3,5419.8,5462.6,51319,574202
07/03/2015,5465.1,5465.5,5411.9,5427.7,51319,574202
07/06/2015,5367.5,5413.2,5353.4,5380.4,92671,575496
07/07/2015,5391.6,5397.0,5292.8,5299.9,111279,574114
07/08/2015,5321.9,5366.3,5297.8,5342.2,102942,572846
07/09/2015,5355.1,5432.3,5352.2,5416.9,93141,571635
07/10/2015,5453.9,5514.1,5453.5,5498.7,99828,2505
07/13/2015,5487.5,5580.1,5460.1,5543.9,86443,555801
07/14/2015,5547.3,5568.0,5527.3,5559.7,58768,553137
07/15/2015,5557.6,5583.8,5536.9,5567.2,62368,546407
07/16/2015,5578.8,5607.5,5563.0,5594.6,68167,546227
07/17/2015,5593.3,5607.5,5572.6,5580.9,55677,546221
07/20/2015,5583.4,5614.5,5577.2,5596.3,49833,546936
07/21/2015,5605.4,5606.6,5560.1,5572.2,58899,545154
07/22/2015,5556.0,5556.4,5478.4,5491.2,77199,545072
07/23/2015,5527.8,5533.6,5456.8,5477.1,64775,542281
07/24/2015,5469.2,5507.8,5386.2,5415.3,73240,540994
07/27/2015,5408.6,5426.9,5343.4,5364.6,85515,536450
07/28/2015,5370.0,5428.1,5370.0,5400.7,77054,539633
07/29/2015,5416.5,5475.0,5414.0,5457.2,69672,535829
07/30/2015,5468.0,5518.6,5461.8,5498.7,85419,532762
07/31/2015,5498.7,5527.3,5474.2,5524.4,86283,534353
08/03/2015,5500.8,5529.0,5464.7,5505.8,73728,535034
08/04/2015,5495.0,5533.6,5470.9,5505.3,71141,534819
08/05/2015,5506.2,5573.4,5506.2,5558.5,78512,542979
08/06/2015,5536.1,5579.2,5528.2,5563.9,65462,539104
08/07/2015,5567.2,5572.2,5539.8,5548.1,59740,540915
08/10/2015,5568.0,5579.6,5485.8,5551.0,94773,545416
08/11/2015,5543.5,5543.5,5484.6,5497.0,74504,547761
08/12/2015,5463.0,5471.3,5388.3,5415.3,130523,551775
08/13/2015,5476.3,5502.0,5432.7,5443.9,89015,550038
08/14/2015,5438.1,5475.0,5424.4,5438.1,58310,549991
08/17/2015,5462.2,5468.8,5394.1,5433.9,66368,542935
08/18/2015,5439.8,5446.4,5392.0,5418.6,68820,545250
08/19/2015,5390.4,5398.7,5295.7,5311.5,105643,548102
08/20/2015,5305.7,5316.5,5233.4,5283.3,117953,544925
08/21/2015,5212.3,5262.9,5079.0,5149.2,155769,549976
08/24/2015,4981.9,5032.9,4783.0,4900.5,319204,550402
08/25/2015,4922.5,5072.8,4912.1,5054.1,225206,543204
08/26/2015,5010.1,5055.8,4926.2,4977.7,172124,548085
08/27/2015,5052.0,5171.6,5034.2,5146.7,160548,561470
08/28/2015,5138.4,5191.9,5101.4,5161.6,160548,561470
09/01/2015,5089.4,5184.5,4962.8,5019.2,188752,556852
09/02/2015,5029.6,5112.2,4991.0,5057.0,157592,561370
09/03/2015,5085.7,5156.6,5073.6,5140.9,113790,564602
09/04/2015,5067.8,5094.8,4985.6,5021.7,51493,564992
09/07/2015,5025.5,5081.5,5023.8,5040.8,51493,564992
09/08/2015,5048.7,5141.3,5034.2,5103.9,130337,567496
09/09/2015,5172.4,5227.2,5099.4,5158.7,149590,570548
09/10/2015,5129.7,5162.9,5085.2,5112.2,235345,583055
09/11/2015,5123.8,5130.1,5074.4,5084.4,217064,607846
09/14/2015,5113.2,5142.0,5034.8,5064.8,528516,647182
09/15/2015,5066.5,5127.8,4995.5,5106.1,631318,638533
09/16/2015,5116.5,5194.1,5116.5,5181.2,453025,632746
09/17/2015,5195.0,5201.2,5101.5,5146.6,292780,595443
09/18/2015,5137.0,5137.0,5030.6,5061.9,159814,591889
09/21/2015,5042.7,5119.9,5036.0,5078.1,87335,547871
09/22/2015,5073.1,5083.2,4917.5,4929.2,140269,552298
09/23/2015,4910.0,5035.6,4893.7,5008.1,121937,551996
09/24/2015,4988.5,5025.2,4932.5,4941.3,118446,551049
09/25/2015,5010.6,5089.0,5005.6,5076.5,119189,551687
09/28/2015,5037.7,5062.7,4903.8,4951.7,103992,550179
09/29/2015,4893.3,4940.5,4872.9,4914.6,121266,547627
09/30/2015,4957.6,5048.1,4948.4,5021.8,142829,547028
10/01/2015,5036.0,5126.1,5009.3,5044.8,134656,550359
10/02/2015,5054.4,5177.0,5022.2,5089.0,139038,557863
10/05/2015,5175.8,5268.4,5157.4,5221.7,127485,557763
10/06/2015,5265.9,5268.4,5192.5,5258.8,97393,560128
10/07/2015,5225.8,5312.6,5221.7,5251.3,118238,558734
10/08/2015,5288.4,5343.5,5235.0,5298.8,94503,562590
10/09/2015,5333.5,5361.8,5305.5,5332.2,107224,556124
10/12/2015,5311.8,5328.1,5275.9,5293.4,72434,554404
10/13/2015,5298.4,5302.2,5225.8,5267.1,95752,558873
10/14/2015,5227.5,5246.3,5196.2,5215.0,95808,562818
10/15/2015,5209.6,5313.4,5205.4,5267.6,108778,559844
10/16/2015,5314.7,5323.5,5278.8,5297.2,85963,513776
10/19/2015,5303.9,5323.0,5258.0,5271.7,61308,551523
10/20/2015,5275.1,5289.3,5247.5,5276.7,60151,549059
10/21/2015,5263.8,5305.9,5243.8,5269.2,79031,549835
10/22/2015,5246.7,5329.3,5241.7,5304.7,105385,550878
10/23/2015,5332.2,5396.5,5321.4,5356.4,107369,552405
10/26/2015,5358.1,5367.3,5325.1,5339.7,64779,551302
10/27/2015,5334.7,5335.6,5286.3,5297.2,73465,549336
10/28/2015,5295.9,5369.4,5284.7,5358.5,90224,553946
10/29/2015,5361.0,5362.3,5286.3,5312.6,99499,558063
10/30/2015,5324.7,5336.4,5268.4,5273.4,90327,558965
11/02/2015,5255.9,5324.3,5248.8,5289.3,76163,559064
11/03/2015,5319.3,5332.6,5274.2,5298.8,77561,564501
11/04/2015,5315.1,5372.3,5313.9,5331.4,105706,564004
11/05/2015,5316.0,5344.7,5288.0,5293.8,108202,565016
11/06/2015,5296.8,5322.2,5267.6,5284.2,97117,566704
11/09/2015,5300.9,5310.5,5223.3,5236.3,91984,571151
11/10/2015,5244.6,5267.6,5198.3,5216.2,86586,577449
11/11/2015,5228.8,5264.6,5216.7,5236.3,75686,576857
11/12/2015,5226.3,5252.5,5106.1,5155.3,118950,586369
11/13/2015,5119.9,5137.8,5071.9,5097.8,124257,580671
11/16/2015,5054.8,5192.9,5038.1,5114.0,104871,578274
11/17/2015,5182.0,5232.9,5172.9,5217.9,102966,574900
11/18/2015,5210.4,5263.8,5188.7,5236.3,89936,571691
11/19/2015,5267.1,5312.6,5258.4,5286.3,121110,578069
11/20/2015,5277.6,5308.0,5260.9,5285.9,101388,581425
11/23/2015,5272.6,5279.2,5226.7,5269.2,81172,593050
11/24/2015,5250.0,5266.7,5189.1,5236.7,103783,581714
11/25/2015,5246.7,5296.3,5246.3,5285.9,66032,580144
11/27/2015,5325.5,5333.1,5294.3,5323.5,61734,580319
11/30/2015,5314.3,5331.8,5281.7,5300.5,93239,579586
12/01/2015,5323.9,5361.8,5312.2,5338.9,95353,582419
12/02/2015,5357.3,5381.5,5318.5,5362.7,88748,575079
12/03/2015,5338.1,5379.4,5172.4,5250.0,187304,580031
12/04/2015,5205.8,5253.0,5188.7,5199.1,120033,582760
12/07/2015,5244.6,5247.1,5180.4,5186.6,91985,585787
12/08/2015,5202.9,5220.4,5105.7,5126.1,157827,598232
12/09/2015,5126.1,5152.4,5046.9,5119.5,140158,595370
12/10/2015,5075.2,5111.9,5062.3,5088.2,221629,596462
12/11/2015,5071.5,5079.0,4938.4,4976.8,349151,606735
12/14/2015,4953.2,5015.0,4891.0,4901.1,485731,622314
12/15/2015,4962.5,5037.8,4934.7,5025.1,649562,645228
12/16/2015,5029.8,5132.4,5024.7,5054.6,394879,631832
12/17/2015,5113.1,5148.0,5082.3,5103.8,276264,591722
12/18/2015,5064.7,5095.4,5004.5,5051.6,149236,589814
12/21/2015,5015.9,5102.5,5002.0,5046.6,82804,532790
12/22/2015,5062.6,5116.0,5030.2,5070.6,76019,533908
12/23/2015,5109.7,5231.2,5105.9,5211.9,81015,531911
12/24/2015,5223.7,5231.7,5203.1,5225.8,81015,531911
12/29/2015,5226.6,5279.6,5199.7,5260.3,74949,527145
12/30/2015,5265.7,5267.0,5218.2,5237.6,52980,525377
12/31/2015,5220.7,5232.5,5201.0,5214.0,15678,525377
01/04/2016,5194.2,5209.4,5060.9,5065.9,157751,532493
01/05/2016,5131.6,5146.7,5069.7,5108.0,107832,534386
01/06/2016,5126.5,5132.0,5013.8,5057.5,130501,541819
01/07/2016,5047.4,5059.6,4899.0,4958.7,201908,550443
01/08/2016,4918.3,5013.8,4900.2,4940.2,145484,547716
01/11/2016,4879.2,4954.5,4869.9,4905.3,123846,551430
01/12/2016,4932.6,4991.9,4884.7,4942.7,122202,551729
01/13/2016,4957.8,5011.7,4864.0,4957.0,124281,554054
01/14/2016,4880.4,5003.7,4856.1,4944.0,168500,563693
01/15/2016,4977.6,4977.6,4780.3,4825.3,189625,568696
01/18/2016,4818.2,4877.9,4803.9,4818.6,103360,574777
01/19/2016,4832.1,4930.9,4827.5,4892.2,125771,579307
01/20/2016,4864.5,4868.7,4665.1,4714.7,178168,591071
01/21/2016,4801.4,4853.1,4713.9,4804.7,181070,583007
01/22/2016,4822.0,4962.9,4801.8,4928.4,150056,575106
01/25/2016,4950.7,4965.4,4861.9,4896.9,108946,575829
01/26/2016,4872.9,4953.2,4808.9,4933.9,129335,583988
01/27/2016,4928.8,5026.0,4893.5,4974.7,132627,590163
01/28/2016,4938.9,5021.4,4908.6,4945.2,159602,594413
01/29/2016,4947.7,5111.4,4931.3,5053.3,175312,598743
02/01/2016,5100.4,5105.9,4996.1,5050.0,141844,600353
02/02/2016,5031.0,5045.3,4891.0,4931.8,147868,601856
02/03/2016,4899.8,4937.2,4824.5,4868.3,161900,602967
02/04/2016,4920.8,4959.1,4861.1,4922.1,163965,607814
02/05/2016,4914.9,4958.7,4853.9,4873.7,141277,628362
02/08/2016,4896.0,4908.6,4716.0,4742.5,160334,620385
02/09/2016,4752.2,4785.4,4662.6,4707.2,187780,634237
02/10/2016,4705.9,4762.7,4679.4,4724.8,151129,634964
02/11/2016,4672.2,4696.6,4583.1,4623.9,200605,645302
02/12/2016,4652.1,4782.4,4637.3,4755.9,89059,647343
02/15/2016,4782.4,4875.8,4782.0,4864.9,89059,647343
02/16/2016,4867.8,4923.8,4847.2,4881.3,135833,637610
02/17/2016,4926.7,5061.7,4891.8,5025.1,147032,641568
02/18/2016,5047.0,5051.6,4980.1,5001.6,126220,635957
02/19/2016,4992.8,5026.4,4953.2,4974.7,99153,638822
02/22/2016,4984.8,5079.8,4984.3,5057.9,99610,635312
02/23/2016,5034.0,5044.5,4981.4,4987.7,93044,633699
02/24/2016,4980.6,4992.8,4891.0,4906.5,137101,632640
02/25/2016,4994.9,5072.7,4955.7,5040.7,143394,635766
02/26/2016,5078.6,5126.5,5064.3,5114.7,120119,626787
02/29/2016,5102.5,5118.1,5055.8,5096.6,128763,619550
03/01/2016,5068.5,5182.9,5055.8,5152.2,137201,612707
03/02/2016,5175.3,5207.7,5110.5,5149.6,129346,610067
03/03/2016,5145.9,5184.6,5127.8,5138.7,107178,612236
03/04/2016,5167.3,5222.8,5163.1,5199.7,120844,615303
03/07/2016,5189.2,5218.6,5142.1,5187.5,102177,611807
03/08/2016,5179.1,5184.6,5121.5,5144.2,151282,607338
03/09/2016,5140.8,5185.8,5135.3,5167.7,118826,605235
03/10/2016,5161.0,5214.0,5047.0,5079.8,236670,612274
03/11/2016,5097.1,5180.8,5093.3,5160.2,258205,621376
03/14/2016,5168.7,5209.0,5160.2,5187.8,415861,627684
03/15/2016,5182.7,5182.7,5138.5,5163.1,657879,671235
03/16/2016,5185.7,5206.9,5156.3,5192.9,515931,671280
03/17/2016,5214.1,5245.6,5154.6,5207.8,352591,656584
03/18/2016,5225.6,5251.1,5194.2,5215.4,142867,653870
03/21/2016,5198.8,5231.6,5177.2,5203.5,80742,592233
03/22/2016,5212.9,5218.0,5140.2,5211.2,131700,598397
03/23/2016,5201.0,5232.9,5183.5,5218.0,88574,600288
03/24/2016,5193.7,5195.9,5126.2,5150.0,88574,600288
03/29/2016,5154.2,5186.1,5110.0,5134.2,101426,607960
03/30/2016,5178.9,5240.1,5174.2,5226.5,117180,611053
03/31/2016,5223.1,5226.0,5178.9,5197.1,116964,613306
04/01/2016,5185.7,5192.0,5116.4,5173.8,132839,618227
04/04/2016,5171.2,5225.2,5161.0,5189.5,98510,612156
04/05/2016,5177.6,5185.2,5103.2,5135.9,115483,611864
04/06/2016,5132.5,5212.4,5130.8,5186.5,113258,619609
04/07/2016,5214.6,5232.0,5149.1,5166.5,117672,622286
04/08/2016,5152.9,5242.2,5152.9,5229.4,103927,621997
04/11/2016,5228.6,5253.3,5196.3,5235.8,91675,619598
04/12/2016,5209.5,5281.3,5201.8,5262.2,113627,617696
04/13/2016,5283.9,5376.1,5275.8,5357.4,149056,625940
04/14/2016,5377.4,5381.2,5345.9,5369.7,117467,625465
04/15/2016,5368.9,5381.6,5340.0,5353.6,110396,615941
04/18/2016,5335.7,5365.1,5282.6,5360.4,88104,611625
04/19/2016,5357.4,5415.6,5349.3,5404.6,117822,607887
04/20/2016,5399.1,5427.1,5370.2,5416.1,102814,597313
04/21/2016,5414.8,5430.1,5355.7,5391.8,123178,588586
04/22/2016,5355.3,5375.7,5305.5,5314.9,123047,579142
04/25/2016,5335.3,5337.0,5271.1,5280.5,115765,571114
04/26/2016,5294.9,5314.0,5286.4,5305.1,103338,570439
04/27/2016,5303.8,5352.7,5275.8,5328.9,115697,566235
04/28/2016,5342.1,5351.9,5254.1,5331.0,148771,564766
04/29/2016,5303.4,5313.6,5260.5,5281.3,148771,564766
05/03/2016,5311.1,5317.4,5198.4,5226.9,150609,569157
05/04/2016,5234.1,5238.8,5147.0,5152.1,143853,574857
05/05/2016,5174.2,5199.3,5153.4,5159.7,87169,579263
05/06/2016,5169.1,5203.1,5113.4,5175.5,108473,582205
05/09/2016,5204.4,5220.9,5159.3,5164.4,87947,583065
05/10/2016,5165.7,5223.5,5163.1,5195.0,96135,583108
05/11/2016,5203.1,5216.7,5179.7,5211.2,97079,581641
05/12/2016,5192.5,5240.9,5150.0,5160.2,129469,577419
05/13/2016,5182.7,5196.3,5124.5,5190.3,111892,578111
05/16/2016,5144.0,5225.2,5144.0,5203.5,67936,582895
05/17/2016,5215.4,5259.2,5185.2,5211.6,123508,577592
05/18/2016,5195.9,5221.4,5169.5,5216.7,150078,590022
05/19/2016,5196.3,5204.4,5129.1,5138.9,147402,591220
05/20/2016,5167.8,5223.5,5163.6,5215.8,91530,582217
05/23/2016,5223.9,5235.8,5190.8,5213.7,81734,584220
05/24/2016,5201.4,5294.1,5179.3,5285.1,126685,580755
05/25/2016,5297.0,5325.5,5296.6,5314.9,107298,582321
05/26/2016,5314.5,5329.3,5297.0,5316.2,85641,580006
05/27/2016,5316.6,5325.1,5301.7,5314.5,69154,577853
05/31/2016,5322.1,5337.4,5266.0,5287.7,126318,569618
06/01/2016,5279.6,5289.8,5216.7,5244.8,132362,576663
06/02/2016,5269.0,5282.2,5239.7,5258.4,128750,568535
06/03/2016,5283.4,5308.5,5236.3,5266.9,116139,565211
06/06/2016,5283.0,5351.0,5283.0,5335.7,121005,566318
06/07/2016,5322.1,5368.9,5317.4,5328.9,148903,566494
06/08/2016,5314.0,5355.3,5312.8,5349.8,117427,562453
06/09/2016,5345.1,5353.6,5286.0,5295.8,155525,564194
06/10/2016,5297.0,5297.9,5166.5,5203.1,241315,569160
06/13/2016,5166.2,5188.1,5113.9,5151.2,480509,589912
06/14/2016,5137.9,5137.9,5018.6,5033.2,738861,636737
06/15/2016,5037.1,5105.7,5037.1,5082.1,453993,611254
06/16/2016,5063.7,5095.4,5008.3,5067.5,304930,592307
06/17/2016,5030.6,5146.9,5030.6,5107.4,168281,588072
06/20/2016,5200.9,5303.5,5200.1,5277.7,118720,533680
06/21/2016,5238.7,5343.0,5231.8,5314.2,128450,526577
06/22/2016,5304.8,5374.7,5291.0,5364.4,115190,532286
06/23/2016,5375.6,5435.2,5337.8,5393.6,297380,528988
06/24/2016,5313.4,5334.8,4869.7,5237.0,212080,550758
06/27/2016,5066.7,5209.1,4996.3,5078.7,150520,556247
06/28/2016,5109.6,5274.7,5081.2,5208.7,180150,560083
06/29/2016,5266.2,5424.9,5237.8,5391.0,211730,573563
06/30/2016,5402.6,5602.5,5365.3,5511.2,229023,579584
07/01/2016,5578.9,5630.4,5530.5,5599.1,83001,592082
07/04/2016,5598.7,5641.2,5542.5,5550.6,83001,592082
07/05/2016,5585.4,5586.2,5507.7,5578.1,198889,623416
07/06/2016,5574.7,5601.3,5472.1,5505.1,162622,626787
07/07/2016,5562.6,5601.7,5536.5,5569.5,143599,628760
07/08/2016,5561.4,5624.4,5544.2,5619.7,110805,636203
07/11/2016,5623.1,5701.2,5612.0,5689.6,126413,641921
07/12/2016,5678.9,5708.1,5669.0,5684.5,129964,653444
07/13/2016,5683.2,5721.0,5658.7,5698.2,124924,660296
07/14/2016,5693.1,5742.8,5658.7,5671.2,150814,667013
07/15/2016,5668.2,5685.8,5627.4,5672.0,112231,661707
07/18/2016,5682.3,5718.0,5672.9,5708.5,92580,655547
07/19/2016,5707.2,5714.1,5669.0,5699.9,86036,653674
07/20/2016,5705.9,5736.4,5695.2,5730.8,87438,650834
07/21/2016,5707.7,5731.3,5683.6,5711.5,83739,648983
07/22/2016,5697.8,5736.4,5670.8,5727.4,86557,655231
07/25/2016,5734.3,5751.8,5695.2,5709.8,71244,652650
07/26/2016,5716.7,5742.4,5703.8,5730.8,77602,653592
07/27/2016,5736.8,5771.6,5727.8,5744.1,87607,652966
07/28/2016,5740.7,5759.1,5713.2,5735.5,95079,656865
07/29/2016,5742.4,5742.4,5695.6,5729.1,109060,655672
08/01/2016,5739.0,5763.9,5674.2,5705.1,100406,653602
08/02/2016,5686.2,5699.5,5644.2,5659.2,106001,659665
08/03/2016,5669.0,5683.6,5633.4,5648.9,114040,647834
08/04/2016,5667.8,5762.1,5636.4,5740.3,159607,650550
08/05/2016,5755.3,5799.0,5741.6,5784.0,112075,645233
08/08/2016,5790.9,5821.4,5778.9,5804.2,73020,645821
08/09/2016,5811.1,5850.1,5802.5,5838.5,77719,647504
08/10/2016,5829.9,5852.7,5809.8,5845.8,101982,657309
08/11/2016,5842.0,5928.6,5835.1,5911.9,102459,668241
08/12/2016,5919.6,5940.2,5909.3,5930.8,84436,669049
08/15/2016,5928.6,5961.7,5921.8,5957.8,73568,679296
08/16/2016,5942.3,5948.4,5904.2,5917.0,89307,684434
08/17/2016,5910.2,5930.3,5869.0,5882.7,94125,691286
08/18/2016,5916.2,5920.9,5876.3,5892.1,89588,693851
08/19/2016,5903.7,5903.7,5868.6,5883.1,81275,694866
08/22/2016,5887.0,5908.0,5843.7,5846.2,90171,695484
08/23/2016,5872.0,5907.2,5867.3,5898.6,82607,699979
08/24/2016,5890.0,5891.3,5842.8,5860.4,78011,696680
08/25/2016,5854.4,5859.1,5815.8,5850.5,85609,695277
08/26/2016,5850.5,5885.7,5808.9,5872.8,85609,695277
08/30/2016,5869.4,5880.1,5841.1,5857.8,105133,698941
08/31/2016,5856.5,5862.1,5802.5,5823.1,120543,700803
09/01/2016,5819.6,5858.3,5768.2,5787.9,115174,703717
09/02/2016,5810.6,5946.6,5795.6,5942.8,86368,722311
09/05/2016,5914.0,5943.2,5893.0,5908.0,86368,722311
09/06/2016,5910.6,5919.6,5849.7,5852.2,124468,717831
09/07/2016,5867.7,5882.3,5846.2,5867.3,153673,718168
09/08/2016,5870.3,5912.7,5851.0,5886.6,275695,711575
09/09/2016,5878.4,5887.0,5777.2,5814.5,246502,720306
09/12/2016,5755.7,5806.3,5710.7,5751.4,714853,746533
09/13/2016,5794.6,5798.0,5702.7,5722.1,742940,770886
09/14/2016,5738.9,5766.5,5710.0,5736.3,442724,756720
09/15/2016,5734.2,5791.6,5697.5,5779.0,270023,731030
09/16/2016,5772.1,5789.8,5741.5,5751.9,158817,735802
09/19/2016,5804.1,5850.7,5795.9,5844.2,101922,674768
09/20/2016,5820.5,5896.0,5820.5,5866.7,80759,670267
09/21/2016,5850.7,5904.2,5850.3,5872.7,99671,669072
09/22/2016,5898.2,5955.6,5888.2,5931.0,77212,682962
09/23/2016,5928.4,5940.5,5907.7,5933.1,104830,674300
09/26/2016,5927.1,5928.8,5839.9,5854.6,91048,675093
09/27/2016,5849.0,5897.3,5808.0,5836.4,95515,678914
09/28/2016,5855.4,5927.1,5839.5,5873.1,109400,686927
09/29/2016,5920.6,5959.4,5880.9,5936.6,140900,696048
09/30/2016,5896.0,5942.6,5844.2,5919.3,148527,695937
10/03/2016,5930.5,6006.5,5920.2,5995.7,104501,707312
10/04/2016,5981.9,6121.3,5981.9,6110.9,251803,748199
10/05/2016,6051.4,6079.4,6029.4,6038.9,126316,747523
10/06/2016,6039.7,6062.6,6010.8,6022.5,110283,752666
10/07/2016,6049.2,6080.7,6022.9,6056.6,155733,751507
10/10/2016,6068.2,6101.4,6031.1,6094.5,155733,751507
10/11/2016,6101.4,6123.0,6057.0,6065.2,106741,764823
10/12/2016,6087.6,6091.5,6022.9,6025.9,127010,767373
10/13/2016,6043.6,6043.6,5949.1,5994.0,141330,778836
10/14/2016,6006.9,6059.1,5996.1,6021.6,99436,779526
10/17/2016,6021.6,6036.7,5955.6,5958.2,108923,777280
10/18/2016,5965.9,6040.2,5965.9,6005.6,106031,783566
10/19/2016,6017.7,6040.2,5989.2,6027.6,82259,781286
10/20/2016,6034.5,6060.0,6015.6,6033.3,94771,780110
10/21/2016,6050.5,6068.6,6025.9,6029.4,94771,780110
10/24/2016,6053.1,6076.8,6000.5,6007.4,109124,777324
10/25/2016,6018.6,6076.0,6016.0,6028.1,107194,784884
10/26/2016,6019.9,6020.7,5943.5,5979.3,121863,779213
10/27/2016,5960.3,6028.1,5940.5,6004.8,113640,784334
10/28/2016,6000.9,6024.6,5952.1,6014.7,135103,789502
10/31/2016,5979.3,6006.5,5957.7,5981.0,99953,788253
11/01/2016,5958.2,6011.7,5913.3,5935.7,120325,790081
11/02/2016,5930.5,5938.3,5867.5,5887.8,119762,789204
11/03/2016,5893.8,5910.7,5803.2,5842.5,119512,787771
11/04/2016,5817.9,5825.2,5721.2,5754.0,131807,777265
11/07/2016,5766.1,5860.6,5764.8,5838.6,113535,767177
11/08/2016,5860.6,5912.0,5837.3,5884.4,92931,764279
11/09/2016,5926.6,5983.6,5603.4,5934.0,199392,763993
11/10/2016,5958.6,6032.8,5859.8,5892.6,166612,761931
11/11/2016,5892.1,5906.8,5781.6,5795.0,158039,750823
11/14/2016,5828.7,5875.3,5802.3,5824.8,136578,751943
11/15/2016,5840.3,5880.9,5831.3,5855.0,107801,748005
11/16/2016,5890.4,5893.4,5803.6,5819.2,115043,739590
11/17/2016,5819.2,5869.7,5814.9,5854.6,96668,740224
11/18/2016,5869.2,5873.1,5810.1,5847.2,101524,739741
11/21/2016,5849.4,5882.2,5821.8,5839.0,94608,739640
11/22/2016,5862.3,5908.1,5856.7,5877.0,88550,744409
11/23/2016,5908.5,5933.1,5843.4,5877.0,52207,746213
11/24/2016,5888.7,5901.6,5859.8,5890.4,52207,746213
11/25/2016,5889.1,5914.1,5882.6,5901.6,57850,748336
11/28/2016,5894.3,5905.1,5840.3,5862.3,110821,755221
11/29/2016,5857.2,5868.8,5806.7,5840.3,105932,751787
11/30/2016,5845.5,5909.0,5832.1,5853.7,154640,754637
12/01/2016,5850.7,5861.0,5770.8,5824.8,162667,747760
12/02/2016,5798.5,5821.8,5762.6,5817.5,99386,740393
12/05/2016,5779.9,5869.7,5767.4,5831.7,154704,754498
12/06/2016,5822.2,5881.8,5800.2,5849.0,152160,768011
12/07/2016,5869.7,5989.7,5865.8,5949.5,206370,800235
12/08/2016,5972.0,5999.2,5948.2,5981.5,210504,800160
12/09/2016,5981.5,6022.5,5979.7,6001.7,272158,795984
12/12/2016,6030.2,6038.9,5928.4,5936.6,685847,838871
12/13/2016,5936.1,6026.3,5930.9,6024.1,809410,837950
12/14/2016,6010.2,6032.8,5979.3,6012.8,471913,853656
12/15/2016,5983.2,6053.7,5979.7,6042.4,294524,817748
12/16/2016,6049.4,6076.8,6027.2,6035.5,146594,822497
12/19/2016,6049.4,6069.9,6031.5,6054.2,59418,756242
12/20/2016,6055.5,6085.1,6038.5,6081.2,55180,752558
12/21/2016,6073.8,6093.4,6065.5,6075.5,54414,754623
12/22/2016,6070.7,6098.6,6059.4,6088.2,18036,756897
12/23/2016,6088.2,6106.0,6084.7,6101.7,18036,756897
12/28/2016,6101.2,6139.6,6099.5,6133.5,50183,763695
12/29/2016,6113.9,6152.6,6109.1,6143.9,44242,767508
12/30/2016,6132.6,6165.3,6120.0,6141.7,52110,764684
01/03/2017,6158.7,6223.6,6154.4,6195.3,120201,769821
01/04/2017,6211.0,6218.4,6188.3,6202.7,77067,768035
01/05/2017,6214.5,6227.1,6191.8,6206.2,83735,762470
01/06/2017,6211.9,6240.6,6198.8,6218.0,75023,768436
01/09/2017,6241.9,6254.6,6221.4,6251.1,89426,775652
01/10/2017,6245.4,6290.7,6237.1,6286.8,88481,780743
01/11/2017,6276.8,6327.7,6265.0,6292.4,109672,776446
01/12/2017,6302.0,6329.5,6271.1,6299.4,128837,791221
01/13/2017,6327.7,6337.7,6308.6,6329.5,75277,793664
01/16/2017,6336.0,6356.9,6318.6,6322.9,75277,793664
01/17/2017,6316.4,6323.8,6229.7,6240.2,141250,812559
01/18/2017,6229.3,6265.9,6227.5,6255.4,102966,806792
01/19/2017,6268.1,6269.8,6208.8,6218.0,119857,809812
01/20/2017,6232.8,6237.1,6197.5,6213.2,111190,809233
01/23/2017,6194.0,6204.0,6156.1,6172.7,92922,806942
01/24/2017,6191.8,6204.9,6168.3,6175.7,85545,801478
01/25/2017,6195.3,6222.3,6174.8,6192.3,101846,793277
01/26/2017,6193.6,6209.7,6172.7,6176.6,82605,790022
01/27/2017,6182.2,6204.5,6172.7,6201.8,74816,787007
01/30/2017,6179.2,6185.3,6132.6,6137.4,96227,785760
01/31/2017,6152.2,6183.6,6125.2,6137.8,116589,785378
02/01/2017,6155.2,6190.1,6127.4,6130.8,98084,785996
02/02/2017,6133.9,6184.0,6120.0,6166.1,113591,786163
02/03/2017,6177.9,6217.5,6152.6,6214.9,81288,784134
02/06/2017,6195.3,6222.8,6182.7,6192.7,78347,779632
02/07/2017,6192.7,6238.9,6181.4,6196.2,92180,783176
02/08/2017,6195.3,6210.6,6166.6,6207.1,104722,783995
02/09/2017,6205.8,6252.8,6199.2,6247.6,98667,784789
02/10/2017,6246.7,6280.7,6246.3,6262.4,115525,782137
02/13/2017,6281.1,6300.7,6264.1,6292.9,84522,783235
02/14/2017,6287.2,6296.4,6258.9,6279.4,90047,786248
02/15/2017,6296.8,6322.9,6289.8,6313.8,106581,793966
02/16/2017,6318.6,6326.4,6290.7,6304.6,93243,786305
02/17/2017,6316.0,6339.5,6284.6,6318.1,51677,776781
02/20/2017,6337.3,6346.5,6309.9,6329.0,51677,776781
02/21/2017,6321.2,6326.4,6296.8,6309.9,76500,773651
02/22/2017,6319.0,6338.2,6301.2,6326.4,114282,777141
02/23/2017,6335.1,6355.2,6312.9,6317.7,94862,771572
02/24/2017,6328.2,6328.2,6251.5,6304.6,109629,773446
02/27/2017,6316.0,6333.4,6293.3,6312.0,86081,779578
02/28/2017,6322.9,6334.3,6299.4,6329.5,102429,781593
03/01/2017,6328.2,6431.8,6325.1,6414.4,143617,790471
03/02/2017,6411.8,6429.2,6409.2,6420.5,93619,793687
03/03/2017,6411.8,6421.8,6392.2,6409.6,90688,797770
03/06/2017,6392.2,6406.6,6381.3,6392.2,73888,797773
03/07/2017,6402.2,6408.7,6375.2,6382.6,85600,801043
03/08/2017,6371.3,6396.1,6360.4,6392.6,139517,802404
03/09/2017,6373.0,6373.9,6320.3,6368.2,294848,816209
03/10/2017,6384.8,6415.3,6379.6,6397.0,373726,826990
03/13/2017,6385.1,6419.9,6385.1,6414.1,595317,826701
03/14/2017,6411.1,6430.0,6385.1,6400.5,734541,845150
03/15/2017,6411.9,6438.4,6402.7,6416.3,532007,829275
03/16/2017,6424.7,6487.6,6424.7,6462.6,298542,821084
03/17/2017,6459.9,6490.7,6450.2,6467.0,117867,754280
03/20/2017,6461.2,6479.7,6448.9,6477.1,103700,755078
03/21/2017,6469.2,6485.0,6398.3,6431.3,108500,756145
03/22/2017,6393.0,6400.1,6362.2,6386.4,80937,753942
03/23/2017,6395.2,6401.8,6366.6,6397.9,74879,749913
03/24/2017,6407.1,6408.4,6368.4,6389.1,96366,749038
03/27/2017,6366.6,6369.7,6319.5,6354.3,75735,749835
03/28/2017,6371.9,6417.7,6345.9,6398.3,81020,752764
03/29/2017,6407.5,6433.1,6369.7,6419.4,88172,750840
03/30/2017,6427.4,6439.7,6397.0,6424.7,72463,748059
03/31/2017,6419.0,6419.0,6380.7,6403.1,111361,748031
04/03/2017,6397.4,6408.9,6328.8,6356.9,90061,750698
04/04/2017,6369.7,6401.4,6356.5,6379.4,84175,749302
04/05/2017,6404.5,6419.4,6358.3,6393.9,92710,753171
04/06/2017,6352.5,6390.4,6333.2,6376.7,112676,752712
04/07/2017,6376.7,6422.9,6340.2,6411.9,95105,756248
04/10/2017,6424.7,6426.9,6402.3,6419.0,68339,759089
04/11/2017,6413.7,6466.5,6397.9,6432.2,140729,768860
04/12/2017,6446.3,6461.7,6403.6,6415.9,87658,764174
04/13/2017,6404.5,6415.9,6370.6,6391.7,87658,764174
04/18/2017,6410.6,6415.0,6202.9,6250.5,176187,755092
04/19/2017,6204.7,6241.6,6190.2,6213.5,140806,749366
04/20/2017,6204.7,6223.6,6195.4,6217.9,121689,734941
04/21/2017,6216.6,6229.8,6201.6,6220.1,111807,733309
04/24/2017,6250.0,6359.1,6236.8,6344.6,139491,733419
04/25/2017,6338.9,6367.5,6338.0,6358.7,92566,734761
04/26/2017,6349.5,6378.5,6341.5,6374.1,78034,736174
04/27/2017,6345.5,6352.5,6312.9,6320.0,85941,732430
04/28/2017,6329.7,6334.1,6287.0,6305.9,85941,732430
05/02/2017,6307.2,6347.7,6301.5,6332.7,99140,735096
05/03/2017,6336.3,6341.1,6307.7,6316.5,63233,732275
05/04/2017,6341.1,6365.3,6315.6,6336.7,87165,735046
05/05/2017,6342.4,6393.9,6315.6,6373.2,79249,737230
05/08/2017,6393.0,6412.4,6366.6,6372.8,81277,740022
05/09/2017,6388.6,6434.4,6379.8,6422.5,97125,747114
05/10/2017,6405.3,6468.3,6398.7,6458.6,99394,753967
05/11/2017,6461.7,6481.9,6452.0,6469.6,70422,755164
05/12/2017,6478.0,6515.4,6466.1,6505.7,67856,760787
05/15/2017,6518.4,6538.2,6509.2,6527.2,75777,760578
05/16/2017,6534.7,6599.0,6524.2,6589.7,90961,767771
05/17/2017,6565.5,6598.1,6524.6,6569.0,135298,777863
05/18/2017,6540.0,6573.0,6488.5,6529.9,133949,782708
05/19/2017,6561.6,6573.9,6545.7,6554.1,103620,782017
05/22/2017,6582.7,6602.0,6569.9,6581.8,83289,779284
05/23/2017,6586.2,6606.0,6567.7,6583.6,82506,780253
05/24/2017,6591.5,6605.6,6563.8,6597.6,89284,785552
05/25/2017,6607.8,6622.7,6583.6,6601.6,76508,784650
05/26/2017,6604.2,6634.6,6595.4,6631.5,85788,787171
05/30/2017,6633.7,6633.7,6583.6,6608.2,110815,797854
05/31/2017,6613.1,6663.2,6599.4,6607.8,131843,806835
06/01/2017,6622.7,6657.9,6616.1,6632.4,87276,814847
06/02/2017,6657.9,6679.1,6625.4,6628.0,84804,814493
06/05/2017,6644.7,6647.4,6607.8,6612.6,63540,821075
06/06/2017,6622.7,6629.3,6592.8,6608.7,100785,840443
06/07/2017,6611.7,6639.9,6566.8,6571.2,123070,859814
06/08/2017,6579.6,6592.4,6552.8,6558.0,99717,873387
06/09/2017,6508.3,6640.8,6508.3,6621.4,351812,893694
06/12/2017,6605.1,6635.9,6581.4,6610.0,162903,889621
06/13/2017,6631.3,6645.5,6591.3,6598.0,395732,924167
06/14/2017,6606.9,6640.6,6565.6,6594.0,495575,902746
06/15/2017,6579.8,6588.2,6491.9,6534.5,330009,896164
06/16/2017,6536.7,6601.1,6536.7,6563.4,144102,803997
06/19/2017,6603.8,6636.2,6596.7,6626.8,85979,806482
06/20/2017,6641.9,6656.1,6555.4,6584.2,85377,803581
06/21/2017,6581.6,6581.6,6525.6,6565.6,65307,809735
06/22/2017,6543.4,6567.8,6510.6,6550.5,56325,804733
06/23/2017,6534.5,6550.9,6508.8,6541.6,58866,806122
06/26/2017,6541.6,6585.6,6534.5,6560.7,77365,809337
06/27/2017,6567.8,6567.8,6522.1,6542.5,108180,815788
06/28/2017,6513.2,6554.1,6494.1,6506.1,109660,808671
06/29/2017,6534.5,6562.5,6431.1,6473.3,111590,806073
06/30/2017,6466.6,6495.0,6419.6,6428.5,113027,794860
07/03/2017,6446.2,6501.2,6438.7,6491.0,54291,784662
07/04/2017,6478.2,6497.2,6456.0,6487.0,54291,784662
07/05/2017,6463.1,6500.4,6461.3,6479.5,78768,779734
07/06/2017,6489.7,6495.9,6425.8,6456.0,80101,772500
07/07/2017,6436.4,6486.1,6434.7,6462.2,66871,771860
07/10/2017,6486.1,6504.8,6462.2,6488.4,65524,772186
07/11/2017,6478.2,6500.4,6427.1,6444.0,77241,770644
07/12/2017,6472.4,6549.2,6466.6,6531.0,95216,774313
07/13/2017,6524.8,6540.3,6516.3,6525.2,62698,770664
07/14/2017,6529.6,6541.2,6476.4,6480.4,75273,761997
07/17/2017,6497.2,6538.5,6495.9,6523.4,62346,757588
07/18/2017,6514.6,6528.8,6472.4,6503.9,75703,750875
07/19/2017,6519.0,6551.4,6491.5,6531.0,70139,753392
07/20/2017,6543.0,6603.8,6541.6,6591.3,94893,761273
07/21/2017,6598.9,6614.4,6539.4,6559.8,98929,763936
07/24/2017,6560.3,6560.3,6471.1,6474.6,144133,744127
07/25/2017,6499.5,6558.9,6499.5,6548.7,90402,743977
07/26/2017,6548.7,6588.2,6541.2,6556.7,80451,746922
07/27/2017,6557.2,6566.9,6514.6,6548.7,74088,747170
07/28/2017,6529.6,6532.7,6456.9,6478.6,119346,735900
07/31/2017,6478.6,6532.3,6470.6,6488.4,94090,737112
08/01/2017,6493.7,6546.5,6493.7,6531.0,84306,746418
08/02/2017,6546.1,6549.2,6499.5,6518.1,74052,744446
08/03/2017,6531.9,6593.5,6502.1,6587.3,96010,754047
08/04/2017,6574.0,6625.9,6570.5,6618.4,66666,758572
08/07/2017,6627.7,6641.0,6620.2,6634.4,48229,762206
08/08/2017,6639.7,6653.9,6612.2,6645.0,66103,765183
08/09/2017,6615.3,6621.5,6583.8,6606.4,100910,770823
08/10/2017,6623.7,6627.7,6518.1,6540.3,93173,770823
08/11/2017,6507.0,6514.6,6461.3,6468.4,115134,765514
08/14/2017,6476.8,6534.5,6474.6,6521.7,72200,764908
08/15/2017,6528.8,6570.5,6512.3,6543.8,72325,764606
08/16/2017,6548.3,6596.2,6541.6,6585.1,89826,765638
08/17/2017,6570.9,6591.8,6531.0,6558.0,75524,771513
08/18/2017,6506.1,6526.1,6473.3,6496.8,109917,764697
08/21/2017,6489.3,6501.2,6467.1,6486.6,71575,764697
08/22/2017,6493.3,6554.5,6493.3,6548.3,70737,763716
08/23/2017,6556.3,6560.7,6522.5,6549.6,76423,765257
08/24/2017,6542.5,6598.4,6542.1,6582.0,84828,766202
08/25/2017,6573.6,6600.2,6560.3,6574.9,84828,766202
08/29/2017,6533.6,6542.1,6462.2,6508.8,115239,775763
08/30/2017,6532.7,6547.8,6518.1,6537.2,68110,765475
08/31/2017,6549.6,6603.8,6541.6,6597.1,101206,765206
09/01/2017,6596.7,6618.8,6582.5,6606.9,58276,774843
09/04/2017,6584.2,6595.8,6562.9,6577.6,58276,774843
09/05/2017,6587.8,6597.5,6503.9,6541.2,113767,772394
09/06/2017,6511.9,6545.2,6491.0,6522.5,137281,770221
09/07/2017,6526.1,6580.2,6521.7,6564.3,145705,770891
09/08/2017,6565.1,6565.1,6530.1,6549.6,195641,808532
09/11/2017,6557.2,6599.8,6555.4,6574.9,692607,808532
09/12/2017,6594.9,6600.7,6555.8,6574.9,907639,833235
09/13/2017,6599.9,6599.9,6510.2,6557.5,549077,837063
09/14/2017,6565.1,6568.2,6465.6,6479.0,341626,821510
09/15/2017,6462.0,6473.6,6383.5,6397.8,149602,736147
09/18/2017,6398.7,6444.6,6398.7,6437.5,83872,736147
09/19/2017,6449.1,6465.1,6425.4,6453.1,94618,728371
09/20/2017,6455.8,6469.2,6430.8,6446.0,90675,723439
09/21/2017,6468.3,6471.4,6435.7,6448.6,66006,719440
09/22/2017,6438.4,6496.4,6417.0,6483.0,88055,715256
09/25/2017,6483.4,6495.9,6450.4,6483.9,65281,715734
09/26/2017,6481.2,6487.9,6451.8,6454.4,95870,708890
09/27/2017,6458.4,6503.1,6452.2,6485.2,95870,708890
09/28/2017,6499.5,6504.4,6466.9,6494.1,86011,708551
09/29/2017,6496.4,6551.7,6495.0,6541.0,95875,706130
10/02/2017,6553.9,6603.9,6545.0,6594.1,95875,706130
10/03/2017,6595.9,6629.3,6589.2,6627.1,78788,702330
10/04/2017,6627.1,6635.6,6614.6,6629.8,62910,702330
10/05/2017,6633.8,6669.1,6626.2,6658.4,85745,704926
10/06/2017,6670.0,6683.3,6667.3,6677.5,76018,704041
10/09/2017,6693.2,6700.3,6650.3,6663.3,66378,704041
10/10/2017,6660.1,6701.6,6654.8,6691.4,94407,705115
10/11/2017,6704.8,6706.1,6675.3,6688.2,76088,699961
10/12/2017,6694.5,6722.2,6685.1,6713.7,71660,690132
10/13/2017,6693.2,6714.1,6682.9,6710.1,68147,686523
10/16/2017,6714.6,6715.9,6679.8,6695.8,74810,686523
10/17/2017,6694.5,6710.6,6669.5,6692.7,55050,685453
10/18/2017,6700.3,6714.6,6684.7,6702.1,93122,686323
10/19/2017,6700.3,6703.9,6651.7,6683.3,87411,686102
10/20/2017,6697.2,6718.6,6679.3,6682.0,50480,679966
10/23/2017,6696.7,6703.4,6669.1,6688.2,57844,679966
10/24/2017,6675.8,6698.5,6670.8,6693.2,110668,678924
10/25/2017,6683.8,6690.5,6601.2,6615.5,81424,679285
10/26/2017,6630.7,6663.7,6616.9,6654.8,75715,679285
10/27/2017,6665.9,6685.6,6652.1,6674.9,61389,674949
10/30/2017,6666.4,6668.2,6643.6,6650.8,75841,674949
10/31/2017,6650.8,6681.1,6648.5,6664.2,110444,671845
11/01/2017,6665.9,6695.8,6636.0,6657.0,131198,660680
11/02/2017,6635.1,6729.7,6625.3,6719.0,73904,655309
11/03/2017,6731.5,6738.2,6703.9,6720.4,58046,656126
11/06/2017,6727.1,6732.0,6689.1,6725.7,85236,650673
11/07/2017,6727.5,6746.7,6662.4,6683.3,80858,646163
11/08/2017,6666.8,6700.3,6662.8,6691.4,94023,647426
11/09/2017,6699.4,6711.0,6636.9,6663.7,93975,645835
11/10/2017,6664.2,6676.2,6604.8,6616.9,77987,646876
11/13/2017,6628.0,6652.6,6588.3,6603.0,78367,645360
11/14/2017,6611.5,6620.9,6582.0,6597.7,110665,645042
11/15/2017,6581.2,6599.5,6546.8,6567.8,87417,650613
11/16/2017,6572.7,6598.6,6569.1,6587.4,87859,653897
11/17/2017,6594.5,6603.0,6558.0,6581.6,90620,651094
11/20/2017,6582.0,6598.6,6552.6,6590.5,85425,647350
11/21/2017,6595.4,6617.7,6567.8,6607.5,92543,653114
11/22/2017,6604.8,6652.1,6600.8,6611.5,68242,656737
11/23/2017,6611.5,6625.3,6578.0,6616.4,68242,656737
11/24/2017,6619.5,6626.2,6593.2,6616.9,84447,658391
11/27/2017,6625.3,6638.3,6586.5,6593.2,165000,639379
11/28/2017,6593.2,6669.1,6587.9,6663.3,135617,650364
11/29/2017,6639.2,6642.7,6561.1,6597.7,171551,650127
11/30/2017,6579.8,6618.6,6522.7,6540.6,160463,663560
12/01/2017,6514.7,6562.4,6493.7,6516.9,110321,654602
12/04/2017,6569.6,6577.1,6525.4,6549.9,142642,653843
12/05/2017,6529.8,6579.4,6520.5,6541.9,110752,659864
12/06/2017,6530.7,6576.2,6495.0,6555.7,272768,659687
12/07/2017,6555.7,6577.1,6515.6,6530.3,306054,677476
12/08/2017,6534.3,6615.1,6520.5,6600.3,608788,690676
12/11/2017,6603.9,6658.8,6603.9,6643.2,823685,734679
12/12/2017,6668.2,6695.8,6645.0,6691.8,518865,745600
12/13/2017,6682.8,6702.2,6665.7,6694.5,264974,739075
12/14/2017,6683.7,6687.3,6644.2,6656.3,143230,740632
12/15/2017,6637.9,6693.6,6631.1,6678.3,84946,636347
12/18/2017,6708.0,6732.7,6681.5,6721.0,80372,639567
12/19/2017,6731.8,6748.0,6715.2,6728.7,84076,641751
12/20/2017,6727.3,6735.9,6699.9,6708.5,81242,638397
12/21/2017,6712.9,6789.4,6705.3,6781.7,33674,630308
12/22/2017,6766.9,6793.9,6762.9,6770.0,33674,630308
12/27/2017,6768.7,6810.5,6765.6,6797.9,44494,633797
12/28/2017,6799.7,6817.3,6794.3,6803.3,49267,635579
12/29/2017,6805.6,6878.9,6801.1,6868.1,95689,632088
01/02/2018,6869.4,6879.3,6807.8,6820.9,72298,634433
01/03/2018,6833.0,6866.7,6822.2,6852.3,84798,633680
01/04/2018,6868.1,6874.8,6846.5,6868.1,74765,631382
01/05/2018,6878.4,6897.3,6861.3,6882.0,67270,633372
01/08/2018,6900.4,6900.4,6862.7,6868.1,72900,634149
01/09/2018,6883.3,6902.7,6876.6,6897.3,90091,637050
01/10/2018,6900.4,6922.5,6885.6,6906.3,69105,637355
01/11/2018,6906.7,6936.4,6902.2,6930.1,87979,635409
01/12/2018,6940.0,6955.7,6917.5,6943.1,115124,637042
01/15/2018,6964.3,6964.3,6927.9,6933.7,115124,637042
01/16/2018,6931.0,6955.3,6884.7,6915.3,102028,644198
01/17/2018,6900.0,6916.6,6882.0,6888.3,106859,652467
01/18/2018,6903.1,6911.2,6859.5,6867.2,94560,660400
01/19/2018,6874.4,6904.5,6863.1,6900.4,83525,662622
01/22/2018,6895.9,6909.9,6877.1,6881.5,91886,659061
01/23/2018,6904.9,6916.6,6884.2,6902.7,114477,658174
01/24/2018,6905.8,6908.1,6804.2,6838.4,101385,663850
01/25/2018,6829.4,6840.6,6792.1,6794.3,81746,666086
01/26/2018,6816.8,6850.5,6804.7,6843.8,76279,665100
01/29/2018,6882.0,6884.7,6840.2,6848.7,112550,672035
01/30/2018,6839.7,6839.7,6761.5,6782.2,118171,672578
01/31/2018,6762.0,6788.5,6711.1,6714.3,139741,670594
02/01/2018,6726.9,6750.7,6668.9,6679.2,104166,667274
02/02/2018,6675.6,6690.5,6608.6,6640.6,169635,666718
02/05/2018,6539.0,6593.4,6464.8,6547.0,354511,657279
02/06/2018,6273.2,6475.1,6168.5,6383.8,223342,649436
02/07/2018,6456.2,6520.1,6384.7,6493.1,203322,634101
02/08/2018,6439.1,6474.2,6340.2,6389.2,213338,618094
02/09/2018,6330.3,6392.8,6222.0,6308.8,134261,619518
02/12/2018,6365.9,6430.6,6363.2,6403.2,110331,620535
02/13/2018,6412.6,6434.2,6386.1,6396.4,150822,618757
02/14/2018,6424.8,6460.7,6369.9,6441.8,119005,631652
02/15/2018,6472.0,6503.0,6446.8,6470.6,113423,628198
02/16/2018,6498.9,6537.6,6489.5,6527.3,88569,620190
02/19/2018,6538.1,6558.3,6476.5,6482.3,88569,620190
02/20/2018,6500.7,6503.4,6443.2,6483.2,87061,615190
02/21/2018,6468.4,6531.8,6451.3,6522.8,112165,616489
02/22/2018,6472.9,6517.4,6446.3,6514.7,70110,614599
02/23/2018,6499.8,6519.2,6477.4,6498.5,72136,617356
02/26/2018,6520.1,6562.3,6512.4,6548.8,88868,620803
02/27/2018,6574.0,6581.7,6503.0,6531.3,116953,620486
02/28/2018,6514.2,6543.9,6479.6,6497.6,154920,616582
03/01/2018,6478.3,6491.3,6370.8,6428.4,139865,620410
03/02/2018,6402.7,6431.1,6341.1,6357.3,113838,621316
03/05/2018,6387.4,6415.8,6339.8,6389.7,113688,621709
03/06/2018,6423.9,6463.4,6408.1,6420.7,113133,621027
03/07/2018,6391.5,6447.7,6358.7,6425.2,235613,628679
03/08/2018,6409.0,6486.4,6409.0,6477.4,428083,668845
03/09/2018,6478.3,6500.3,6461.2,6489.9,488978,669644
03/12/2018,6511.1,6520.1,6461.2,6483.7,958544,673283
03/13/2018,6470.9,6494.6,6389.0,6410.4,476524,677032
03/14/2018,6407.7,6449.5,6389.0,6418.6,329679,638018
03/15/2018,6374.0,6440.0,6374.0,6422.7,123456,621247
03/16/2018,6417.7,6461.8,6403.6,6438.6,115353,581040
03/19/2018,6420.9,6430.9,6310.8,6326.7,93460,593013
03/20/2018,6344.9,6363.6,6327.2,6359.0,83948,600337
03/21/2018,6340.4,6356.7,6286.7,6321.7,135699,606712
03/22/2018,6321.3,6327.2,6213.0,6243.0,144008,612538
03/23/2018,6165.7,6248.0,6162.5,6229.4,114578,627851
03/26/2018,6177.5,6252.6,6168.4,6185.7,133856,630192
03/27/2018,6245.3,6329.9,6245.3,6283.5,155839,633648
03/28/2018,6228.5,6347.6,6219.4,6317.2,131883,639155
03/29/2018,6317.2,6392.2,6303.1,6362.7,131883,639155
04/03/2018,6266.7,6352.2,6266.7,6326.7,113306,636716
04/04/2018,6327.2,6374.0,6267.1,6325.3,119098,637290
04/05/2018,6395.9,6501.4,6385.9,6479.6,105395,638170
04/06/2018,6451.4,6496.8,6418.6,6457.3,78743,641078
04/09/2018,6452.3,6501.8,6433.6,6472.3,99915,634736
04/10/2018,6463.2,6549.6,6455.0,6540.5,88855,630120
04/11/2018,6531.9,6552.8,6515.5,6536.0,73578,632258
04/12/2018,6527.3,6549.2,6514.1,6540.1,67978,634184
04/13/2018,6541.4,6557.8,6526.4,6550.5,94190,632424
04/16/2018,6561.4,6576.5,6482.7,6495.5,79801,638398
04/17/2018,6493.2,6530.5,6481.4,6525.5,92123,633800
04/18/2018,6527.3,6611.0,6523.2,6602.8,97526,630240
04/19/2018,6612.4,6631.5,6587.4,6617.8,104753,631593
04/20/2018,6634.7,6660.2,6627.9,6649.7,97982,631053
04/23/2018,6661.5,6690.6,6645.6,6685.2,113151,636092
04/24/2018,6702.5,6717.0,6637.9,6701.1,112022,638852
04/25/2018,6670.6,6688.4,6623.3,6665.6,110082,637706
04/26/2018,6679.3,6733.8,6649.7,6707.0,108959,637380
04/27/2018,6737.0,6797.5,6709.7,6785.7,116641,631952
04/30/2018,6810.7,6822.6,6774.8,6787.1,70849,629736
05/01/2018,6795.3,6825.7,6777.1,6796.6,125524,626886
05/02/2018,6816.2,6846.2,6800.3,6829.4,124747,623372
05/03/2018,6816.6,6833.5,6774.3,6787.5,104213,624448
05/04/2018,6825.3,6860.3,6799.4,6844.4,104213,624448
05/08/2018,6865.3,6875.3,6820.7,6843.5,165032,634037
05/09/2018,6853.0,6971.3,6840.7,6924.9,133626,639244
05/10/2018,6966.3,6996.3,6919.9,6988.6,106924,636644
05/11/2018,6995.9,7010.9,6975.4,7009.1,80746,633853
05/14/2018,7011.8,7011.8,6971.8,6992.7,118105,633354
05/15/2018,6999.1,7030.9,6970.4,7013.6,96449,631431
05/16/2018,6999.1,7038.2,6994.5,7023.2,118913,629960
05/17/2018,7035.4,7079.1,7002.2,7062.3,116737,679219
05/18/2018,7063.2,7072.7,7036.4,7060.9,101531,625439
05/21/2018,7065.5,7146.9,7065.5,7138.7,143178,627979
05/22/2018,7132.3,7174.2,7122.8,7168.7,155041,637300
05/23/2018,7138.7,7147.8,7047.3,7067.7,130438,645470
05/24/2018,7080.9,7092.8,7000.0,7024.5,107883,652456
05/25/2018,7028.2,7053.6,6993.1,7024.1,142345,659776
05/29/2018,7000.0,7000.0,6891.7,6932.6,121065,666170
05/30/2018,6919.0,7009.1,6908.1,6964.0,158167,659504
05/31/2018,6997.7,7020.9,6949.0,6978.1,115434,655716
06/01/2018,6982.2,7037.7,6980.4,6991.3,111653,656970
06/04/2018,7001.8,7060.9,6995.9,7029.5,100325,659220
06/05/2018,7025.9,7034.5,6967.2,6985.4,185325,661912
06/06/2018,6984.5,7034.5,6968.1,7007.7,304749,653392
06/07/2018,7027.7,7069.1,6972.7,7015.9,443922,667196
06/08/2018,6989.0,7019.1,6947.6,6986.3,571732,703460
06/11/2018,6993.1,7071.4,6988.6,7050.5,822654,728162
06/12/2018,7054.5,7067.3,7000.0,7012.7,446609,732923
06/13/2018,6992.5,7047.6,6982.9,7015.5,350217,723292
06/14/2018,7016.4,7096.2,6945.2,7089.4,162496,693333
06/15/2018,7076.0,7083.8,6941.1,6960.4,81020,623975
06/18/2018,6965.0,6976.0,6915.8,6944.8,103891,623750
06/19/2018,6954.9,6954.9,6862.6,6918.6,107212,630806
06/20/2018,6948.4,7012.2,6932.4,6953.5,105842,639073
06/21/2018,6971.8,6993.4,6867.6,6877.3,112177,637344
06/22/2018,6870.9,7006.7,6869.5,6997.6,115050,645607
06/25/2018,6968.2,6986.1,6813.5,6831.8,94732,640272
06/26/2018,6820.4,6900.7,6819.0,6878.2,128429,641596
06/27/2018,6885.1,6953.9,6836.4,6927.8,114059,651609
06/28/2018,6913.1,6973.2,6897.9,6932.4,122124,653996
06/29/2018,6972.3,7020.5,6944.8,6978.7,111371,651301
07/02/2018,6951.6,6953.5,6862.6,6881.9,89563,652343
07/03/2018,6887.8,6951.2,6869.5,6905.7,71795,648306
07/04/2018,6896.1,6910.3,6883.3,6892.4,71795,648306
07/05/2018,6897.5,6944.8,6886.9,6922.7,68519,648339
07/06/2018,6933.3,6967.3,6892.9,6929.6,81542,647640
07/09/2018,6947.1,7024.6,6942.5,7007.2,72752,652176
07/10/2018,7023.3,7027.4,6990.7,7010.4,95837,657259
07/11/2018,6988.4,6988.4,6890.6,6915.4,69857,654503
07/12/2018,6909.4,6986.1,6909.4,6970.9,63765,659779
07/13/2018,6994.3,7029.2,6974.1,6981.9,77044,660008
07/16/2018,6994.3,7003.1,6887.4,6919.5,79057,662340
07/17/2018,6931.4,6997.1,6902.5,6952.6,78968,660763
07/18/2018,6974.1,7001.7,6965.9,6993.4,81383,665373
07/19/2018,6987.5,7016.4,6975.1,7001.7,89007,671243
07/20/2018,7001.7,7017.3,6948.0,6993.4,57424,672128
07/23/2018,6975.1,6992.0,6938.3,6972.8,92837,672482
07/24/2018,6991.6,7049.4,6963.1,7032.4,86511,682812
07/25/2018,7018.2,7026.9,6955.8,6970.9,78114,673909
07/26/2018,6990.7,7001.2,6959.5,6985.6,70296,676689
07/27/2018,6994.8,7030.6,6983.8,7018.2,58402,674462
07/30/2018,6990.7,7030.6,6968.6,7016.8,126211,673923
07/31/2018,7003.1,7090.7,6998.0,7071.9,124408,681739
08/01/2018,7058.1,7066.9,6950.7,6967.3,128501,675168
08/02/2018,6956.7,6971.8,6862.6,6901.6,79947,669579
08/03/2018,6948.0,6997.1,6912.6,6982.9,60088,669276
08/06/2018,6984.2,7009.9,6955.3,6977.8,83485,668683
08/07/2018,6990.2,7063.2,6978.7,7038.9,88498,674939
08/08/2018,7022.8,7098.1,7021.0,7082.0,71225,683624
08/09/2018,7082.0,7121.9,7061.8,7090.3,95896,683019
08/10/2018,7099.5,7099.5,7008.1,7018.7,72280,673783
08/13/2018,7018.2,7018.2,6969.1,7003.1,73405,672908
08/14/2018,7012.2,7025.1,6955.3,6979.2,131494,671969
08/15/2018,6991.1,7001.7,6840.6,6847.0,88305,668826
08/16/2018,6864.0,6946.6,6864.0,6937.0,83558,666257
08/17/2018,6923.6,6951.2,6890.1,6927.8,70855,665860
08/20/2018,6932.4,6986.1,6923.2,6970.9,66150,666504
08/21/2018,6960.4,6971.8,6927.8,6945.7,69088,662520
08/22/2018,6913.1,6977.8,6894.7,6951.6,72053,662197
08/23/2018,6946.1,6975.5,6914.9,6940.6,53965,661953
08/24/2018,6925.0,6961.3,6914.0,6958.1,53965,661953
08/28/2018,6976.9,7007.6,6966.8,6998.5,98618,662380
08/29/2018,6993.0,7014.5,6920.4,6938.3,87791,664937
08/30/2018,6939.3,6949.8,6869.0,6892.4,109191,660879
08/31/2018,6866.3,6889.7,6805.7,6815.8,92984,654494
09/03/2018,6830.5,6896.6,6814.9,6883.7,92984,654494
09/04/2018,6869.0,6912.2,6822.2,6842.9,130288,653850
09/05/2018,6839.6,6842.4,6748.8,6776.8,131572,658706
09/06/2018,6779.0,6793.3,6710.2,6717.5,146537,654746
09/07/2018,6722.1,6736.4,6635.8,6682.2,85944,642114
09/10/2018,6676.2,6711.6,6662.5,6684.0,113639,639516
09/11/2018,6679.9,6698.3,6629.4,6673.9,160778,656152
09/12/2018,6673.5,6725.8,6656.9,6710.7,211505,658335
09/13/2018,6707.4,6718.5,6679.3,6682.5,277760,667930
09/14/2018,6694.5,6723.1,6684.8,6708.8,560112,682667
09/17/2018,6710.7,6719.9,6671.9,6702.3,849273,676909
09/18/2018,6650.2,6722.2,6637.3,6699.1,440633,700149
09/19/2018,6721.3,6744.8,6683.0,6728.6,281310,698219
09/20/2018,6759.1,6783.6,6723.6,6762.3,155416,659573
09/21/2018,6785.4,6889.7,6777.6,6864.8,75713,671803
09/24/2018,6848.6,6874.9,6839.9,6852.3,78121,609638
09/25/2018,6844.0,6902.1,6836.2,6891.5,80218,607288
09/26/2018,6865.2,6908.1,6865.2,6898.9,84686,602295
09/27/2018,6880.9,6942.8,6874.0,6934.4,114318,599887
09/28/2018,6923.4,6941.4,6864.3,6909.1,81818,600697
10/01/2018,6913.2,6913.2,6851.4,6891.5,96376,600768
10/02/2018,6888.3,6888.3,6837.1,6872.2,78079,600594
10/03/2018,6874.9,6920.6,6867.1,6906.8,104829,607931
10/04/2018,6901.2,6921.5,6794.6,6820.0,111929,605864
10/05/2018,6818.2,6843.5,6703.7,6729.1,101536,602103
10/08/2018,6723.6,6728.2,6635.0,6651.1,125486,605157
10/09/2018,6658.5,6663.6,6598.5,6653.0,131995,597210
10/10/2018,6629.0,6653.0,6539.9,6575.9,256190,600446
10/11/2018,6514.5,6517.3,6360.4,6444.4,183981,606845
10/12/2018,6405.6,6503.5,6392.7,6432.4,104936,607086
10/15/2018,6452.2,6474.4,6398.3,6463.3,107179,616148
10/16/2018,6458.7,6513.6,6432.4,6489.6,108718,613774
10/17/2018,6507.6,6522.8,6451.8,6475.8,106983,614565
10/18/2018,6487.8,6508.1,6418.1,6467.0,106716,609098
10/19/2018,6444.9,6501.2,6444.4,6483.2,92697,611989
10/22/2018,6452.2,6541.3,6440.7,6479.5,157238,612736
10/23/2018,6467.0,6470.2,6368.3,6409.8,108338,611473
10/24/2018,6445.3,6481.8,6385.8,6405.6,133129,608794
10/25/2018,6348.4,6462.9,6331.4,6436.1,178733,604798
10/26/2018,6367.8,6418.1,6297.7,6344.7,130600,598896
10/29/2018,6399.6,6515.9,6376.6,6465.2,119243,598837
10/30/2018,6427.8,6516.4,6419.5,6479.5,146549,590674
10/31/2018,6509.0,6586.5,6507.6,6562.5,150724,582677
11/01/2018,6542.2,6588.8,6506.7,6525.6,109878,584077
11/02/2018,6548.2,6617.4,6503.0,6524.7,86247,579058
11/05/2018,6522.8,6567.1,6508.1,6539.9,107235,574209
11/06/2018,6544.1,6551.9,6461.5,6477.2,102709,568749
11/07/2018,6483.6,6580.5,6481.8,6533.0,93342,568428
11/08/2018,6579.1,6600.8,6546.8,6565.3,87488,570605
11/09/2018,6553.8,6566.7,6506.2,6541.3,90450,568984
11/12/2018,6552.4,6603.6,6482.2,6497.9,109089,575420
11/13/2018,6477.6,6536.7,6455.5,6493.3,126660,581211
11/14/2018,6485.9,6547.3,6421.3,6472.1,169798,589580
11/15/2018,6463.8,6546.8,6435.6,6481.3,137832,600729
11/16/2018,6535.3,6541.8,6425.5,6484.1,97595,601475
11/19/2018,6474.4,6521.0,6427.3,6458.2,126105,601707
11/20/2018,6443.9,6463.3,6365.0,6410.7,104266,612657
11/21/2018,6390.9,6516.4,6384.0,6504.9,65169,622578
11/22/2018,6506.2,6514.5,6410.3,6429.6,65169,622578
11/23/2018,6437.0,6450.9,6380.3,6417.6,102546,620970
11/26/2018,6416.7,6508.5,6416.7,6501.6,88850,631037
11/27/2018,6475.3,6540.4,6445.8,6481.8,89587,630488
11/28/2018,6497.0,6531.6,6449.5,6467.9,143900,634548
11/29/2018,6524.7,6536.2,6477.6,6513.6,195170,646849
11/30/2018,6507.6,6507.6,6423.6,6431.5,139588,691925
12/03/2018,6523.3,6597.1,6502.5,6532.5,120004,691098
12/04/2018,6538.5,6552.4,6392.3,6489.6,84805,696425
12/05/2018,6413.0,6441.2,6377.0,6400.1,218315,690996
12/06/2018,6364.6,6364.6,6156.5,6162.5,152127,691299
12/07/2018,6263.5,6340.6,6215.1,6269.5,178022,699598
12/10/2018,6226.1,6293.1,6195.7,6213.7,141544,692616
12/11/2018,6237.7,6331.4,6223.4,6307.8,159710,686080
12/12/2018,6317.0,6372.0,6300.9,6358.6,264350,689863
12/13/2018,6357.2,6375.8,6319.4,6347.4,294032,699263
12/14/2018,6311.5,6339.5,6265.9,6306.9,624727,712814
12/17/2018,6305.9,6323.6,6175.9,6262.6,767048,733903
12/18/2018,6223.0,6242.1,6167.1,6197.4,403058,750948
12/19/2018,6181.5,6266.3,6151.7,6258.9,326499,731867
12/20/2018,6185.3,6243.0,6117.7,6196.9,211734,723693
12/21/2018,6183.4,6229.0,6113.5,6186.6,22489,742854
12/24/2018,6130.7,6180.6,6122.4,6161.0,22489,742854
12/27/2018,6181.1,6236.5,6033.8,6084.6,120599,658329
12/28/2018,6143.8,6238.8,6117.2,6212.3,29667,661284
12/31/2018,6241.6,6241.6,6201.6,6205.3,102197,658280
01/02/2019,6238.8,6244.9,6091.6,6212.7,98047,659481
01/03/2019,6185.3,6236.5,6165.7,6188.5,111305,648835
01/04/2019,6173.6,6338.1,6167.1,6312.9,89113,648372
01/07/2019,6328.3,6347.4,6256.1,6284.0,94084,636683
01/08/2019,6306.9,6374.0,6280.3,6354.9,103148,633248
01/09/2019,6374.0,6415.9,6363.7,6389.3,91390,634007
01/10/2019,6364.6,6438.3,6335.3,6398.2,90973,634621
01/11/2019,6421.9,6468.5,6372.1,6384.2,79756,637161
01/14/2019,6371.2,6380.5,6316.6,6323.2,83231,637237
01/15/2019,6353.0,6411.2,6323.6,6372.1,90285,639393
01/16/2019,6353.0,6384.7,6319.9,6331.6,87590,637372
01/17/2019,6332.0,6336.2,6277.0,6310.6,118560,638059
01/18/2019,6330.6,6468.5,6330.6,6443.4,82297,639529
01/21/2019,6466.2,6466.2,6425.2,6431.3,82297,639529
01/22/2019,6435.9,6442.9,6326.4,6371.6,85157,639260
01/23/2019,6344.6,6370.2,6289.2,6320.8,96633,638675
01/24/2019,6321.8,6332.0,6281.2,6305.9,102360,638386
01/25/2019,6312.0,6335.7,6272.4,6288.7,88071,647494
01/28/2019,6271.4,6292.4,6216.5,6233.7,112797,648347
01/29/2019,6230.4,6347.9,6230.4,6308.7,115926,652731
01/30/2019,6345.1,6436.4,6326.9,6404.2,123381,653227
01/31/2019,6409.8,6460.6,6401.0,6432.2,97197,654289
02/01/2019,6454.6,6496.0,6431.7,6486.7,92390,651038
02/04/2019,6490.4,6526.3,6466.2,6491.8,119966,655766
02/05/2019,6517.0,6638.6,6512.8,6625.6,109781,656240
02/06/2019,6625.1,6635.8,6598.5,6623.7,110227,656986
02/07/2019,6612.0,6639.1,6547.3,6559.4,87334,660393
02/08/2019,6565.0,6572.4,6523.5,6534.7,92099,665016
02/11/2019,6558.0,6603.7,6544.0,6588.7,76993,667544
02/12/2019,6584.6,6621.4,6576.2,6592.5,100273,659416
02/13/2019,6613.0,6655.4,6598.5,6641.9,111898,658387
02/14/2019,6640.0,6698.7,6636.7,6673.5,105520,663446
02/15/2019,6670.8,6725.7,6648.4,6704.3,112606,656774
02/18/2019,6710.8,6712.7,6674.9,6681.0,112606,656774
02/19/2019,6690.8,6699.2,6631.6,6645.1,111934,657005
02/20/2019,6650.3,6708.5,6636.3,6693.1,111405,655682
02/21/2019,6700.1,6722.0,6629.8,6648.4,74829,654805
02/22/2019,6658.2,6705.2,6650.3,6672.2,67637,652365
02/25/2019,6680.5,6696.8,6641.9,6670.3,116329,650626
02/26/2019,6651.2,6656.8,6581.8,6648.4,112887,656448
02/27/2019,6623.2,6641.9,6573.4,6598.1,134502,658335
02/28/2019,6593.9,6603.7,6548.2,6593.4,104653,655342
03/01/2019,6595.7,6632.1,6594.8,6604.1,101046,653567
03/04/2019,6637.7,6666.1,6598.5,6633.9,96824,649494
03/05/2019,6633.0,6688.9,6617.6,6684.7,132153,652136
03/06/2019,6666.1,6707.1,6662.4,6693.6,159933,663875
03/07/2019,6670.3,6701.5,6638.6,6656.3,290219,673276
03/08/2019,6647.9,6654.4,6592.5,6627.4,597380,686710
03/11/2019,6640.0,6691.7,6624.2,6641.9,907437,712427
03/12/2019,6653.5,6677.3,6597.6,6671.2,427716,769434
03/13/2019,6671.2,6692.0,6636.3,6659.4,230856,741331
03/14/2019,6649.1,6725.9,6646.7,6701.4,105138,701002
03/15/2019,6696.7,6752.3,6696.7,6740.0,69373,704095
03/18/2019,6741.0,6808.9,6733.9,6797.6,81417,653043
03/19/2019,6796.6,6852.2,6791.0,6832.0,100665,651638
03/20/2019,6793.3,6844.7,6779.6,6804.6,110909,654752
03/21/2019,6825.4,6877.7,6804.2,6868.7,110714,662108
03/22/2019,6866.4,6866.4,6702.3,6722.6,89236,662868
03/25/2019,6676.9,6723.5,6664.1,6701.4,75077,657963
03/26/2019,6715.5,6736.3,6686.8,6720.2,79201,659998
03/27/2019,6723.1,6742.4,6676.9,6701.4,75699,665405
03/28/2019,6710.3,6782.0,6706.1,6753.2,99815,670686
03/29/2019,6780.6,6807.5,6751.4,6799.4,85450,682181
04/01/2019,6821.6,6863.1,6808.9,6833.9,99669,678241
04/02/2019,6840.9,6912.1,6840.9,6903.6,90295,686869
04/03/2019,6884.8,6934.3,6878.6,6921.5,89483,686550
04/04/2019,6914.0,6934.7,6887.1,6922.0,82608,687822
04/05/2019,6926.3,6977.2,6917.8,6972.9,88829,689092
04/08/2019,6981.4,6981.4,6935.2,6953.6,92450,690846
04/09/2019,6976.2,6990.8,6928.1,6947.5,78193,692822
04/10/2019,6939.0,6956.4,6924.4,6937.1,98077,699273
04/11/2019,6938.0,6964.0,6906.9,6941.3,69152,701754
04/12/2019,6955.5,6975.8,6937.1,6948.9,64641,700878
04/15/2019,6970.1,6970.1,6941.8,6957.4,92439,701673
04/16/2019,6965.4,7005.0,6958.3,6990.8,76471,701902
04/17/2019,6977.2,6997.0,6965.9,6988.5,73233,704635
04/18/2019,6989.4,7012.1,6959.3,6984.2,73233,704635
04/23/2019,7012.5,7046.9,6987.5,7039.9,83397,703130
04/24/2019,7041.8,7041.8,6978.6,6990.4,91761,701393
04/25/2019,6996.0,7010.6,6937.6,6961.6,69992,705793
04/26/2019,6966.8,6977.2,6931.0,6956.0,63510,711191
04/29/2019,6972.0,6989.0,6936.2,6970.6,77560,714960
04/30/2019,6981.9,6984.7,6924.4,6950.3,48394,715942
05/01/2019,6976.7,6987.5,6877.7,6913.1,90685,714302
05/02/2019,6863.6,6928.1,6863.1,6884.3,74288,713783
05/03/2019,6879.6,6950.3,6875.8,6910.2,74288,713783
05/07/2019,6852.2,6907.9,6757.5,6794.3,122957,714410
05/08/2019,6760.8,6823.0,6760.8,6809.3,111247,706144
05/09/2019,6806.0,6815.5,6742.9,6744.8,88404,703495
05/10/2019,6794.3,6829.6,6739.6,6764.6,99081,703833
05/13/2019,6776.3,6780.6,6701.4,6722.6,97995,702977
05/14/2019,6694.3,6809.8,6689.6,6784.4,115206,697719
05/15/2019,6799.9,6861.2,6774.5,6844.2,100171,700224
05/16/2019,6848.9,6929.1,6820.7,6917.8,92883,696282
05/17/2019,6918.7,6921.5,6875.8,6916.4,76291,693242
05/20/2019,6927.7,6936.6,6838.1,6871.6,74708,695682
05/21/2019,6881.0,6935.7,6877.2,6894.7,85415,700180
05/22/2019,6923.4,6939.9,6881.9,6910.2,101308,710702
05/23/2019,6898.0,6898.0,6786.7,6805.6,78582,710662
05/24/2019,6798.0,6875.3,6797.6,6848.5,102401,716665
05/28/2019,6879.1,6885.7,6812.6,6847.5,104322,716529
05/29/2019,6823.0,6823.0,6728.7,6755.6,80978,718263
05/30/2019,6772.6,6815.9,6760.8,6800.9,116325,721804
05/31/2019,6770.7,6779.6,6714.1,6742.4,94648,724551
06/03/2019,6701.9,6773.5,6665.1,6765.0,96166,725708
06/04/2019,6750.9,6806.0,6720.7,6800.4,77405,725983
06/05/2019,6814.5,6836.7,6780.6,6797.6,88380,727553
06/06/2019,6810.3,6867.3,6799.0,6842.3,95482,727571
06/07/2019,6853.2,6926.3,6846.1,6905.5,73566,735457
06/10/2019,6933.8,6960.2,6926.3,6954.5,96836,741596
06/11/2019,6945.1,6996.0,6937.6,6974.3,113218,743686
06/12/2019,6965.4,6969.6,6908.3,6944.6,130814,757589
06/13/2019,6946.6,6977.0,6923.2,6947.0,221653,774243
06/14/2019,6948.0,6960.8,6902.8,6928.0,839762,773756
06/17/2019,6948.0,6951.8,6907.0,6944.2,841826,795344
06/18/2019,6949.9,7046.1,6927.0,7033.2,489798,819747
06/19/2019,7040.8,7040.8,6969.9,6981.3,198908,838677
06/20/2019,7020.8,7038.9,6991.8,7011.8,125559,786395
06/21/2019,7014.2,7035.6,6958.5,6968.5,62724,779899
06/24/2019,6964.2,7014.6,6957.5,6990.4,68321,737368
06/25/2019,6990.4,7008.9,6952.3,7004.6,55893,737459
06/26/2019,6979.4,7015.1,6976.1,6998.9,72681,734902
06/27/2019,6991.3,7024.6,6961.3,6988.9,77543,736257
06/28/2019,7001.3,7023.2,6980.8,7017.0,98817,737525
07/01/2019,7070.3,7110.8,7047.0,7082.2,91648,752465
07/02/2019,7087.0,7144.1,7080.3,7139.9,76193,756979
07/03/2019,7144.1,7198.9,7138.0,7187.5,73976,768027
07/04/2019,7194.1,7200.3,7175.1,7180.3,73976,768027
07/05/2019,7188.4,7188.4,7121.8,7132.7,54629,769844
07/08/2019,7135.6,7151.3,7112.7,7132.7,70064,771914
07/09/2019,7131.3,7133.2,7097.5,7117.5,87884,772467
07/10/2019,7126.5,7138.4,7095.6,7113.2,69477,779696
07/11/2019,7129.4,7138.9,7081.8,7094.1,61440,784626
07/12/2019,7113.2,7123.2,7073.7,7082.2,76109,783997
07/15/2019,7073.2,7126.5,7065.6,7121.3,76194,788080
07/16/2019,7116.1,7166.0,7105.6,7152.2,65680,792801
07/17/2019,7132.2,7153.7,7097.0,7109.9,79678,793097
07/18/2019,7090.3,7101.8,7061.3,7074.2,78905,789600
07/19/2019,7073.7,7123.7,7053.7,7085.6,63148,790123
07/22/2019,7096.1,7127.0,7068.9,7089.9,90904,790470
07/23/2019,7101.3,7173.7,7095.1,7146.0,89545,795066
07/24/2019,7144.1,7145.1,7056.1,7088.0,119412,790429
07/25/2019,7096.5,7121.3,7042.7,7080.3,70434,789434
07/26/2019,7060.8,7140.8,7057.0,7128.4,148325,794270
07/29/2019,7137.0,7281.7,7126.0,7268.9,115857,810328
07/30/2019,7261.7,7299.8,7202.2,7227.5,117641,818176
07/31/2019,7227.5,7234.6,7101.3,7175.6,116513,816978
08/01/2019,7141.8,7183.2,7064.2,7153.7,179044,818113
08/02/2019,7077.5,7086.5,6962.3,6985.6,183671,810097
08/05/2019,6948.9,6961.8,6754.7,6810.9,171011,805049
08/06/2019,6672.3,6828.5,6664.7,6764.7,122857,799081
08/07/2019,6771.3,6842.3,6743.7,6783.2,118481,798474
08/08/2019,6832.3,6914.2,6802.3,6885.1,106264,795639
08/09/2019,6896.1,6921.3,6855.1,6859.9,81276,793861
08/12/2019,6899.9,6921.3,6821.8,6856.1,113027,793184
08/13/2019,6839.9,6899.9,6788.5,6875.1,128909,792002
08/14/2019,6905.1,6905.1,6734.2,6754.7,159869,796584
08/15/2019,6735.6,6794.2,6672.8,6710.9,105092,799789
08/16/2019,6729.9,6779.9,6724.7,6767.1,88186,804932
08/19/2019,6799.0,6860.9,6781.3,6841.3,107313,803090
08/20/2019,6819.9,6876.1,6753.7,6770.4,73669,806181
08/21/2019,6746.6,6860.9,6739.9,6844.2,114147,810481
08/22/2019,6847.5,6855.1,6757.1,6768.0,106443,804235
08/23/2019,6776.1,6839.0,6683.3,6764.7,106443,804235
08/27/2019,6767.5,6768.5,6700.4,6739.0,95986,799926
08/28/2019,6734.2,6785.6,6704.7,6779.4,81884,805301
08/29/2019,6759.9,6850.9,6741.8,6834.2,98165,806080
08/30/2019,6844.7,6888.9,6831.3,6837.5,142640,816088
09/02/2019,6857.0,6960.8,6853.7,6933.7,142640,816088
09/03/2019,6923.2,6961.3,6885.6,6906.6,96573,822042
09/04/2019,6917.5,6976.5,6909.4,6953.7,102688,828704
09/05/2019,6948.9,7002.7,6905.1,6922.3,67499,826109
09/06/2019,6917.0,6951.3,6900.4,6935.6,86285,823622
09/09/2019,6952.7,6979.4,6863.7,6887.0,93831,817515
09/10/2019,6899.9,6939.4,6858.0,6923.2,194304,817116
09/11/2019,6935.1,7003.7,6929.4,6989.4,165454,828524
09/12/2019,7029.9,7032.3,6955.6,6993.2,469713,813751
09/13/2019,7013.3,7030.1,6969.8,7024.3,581156,828212
09/16/2019,6966.9,7017.1,6960.2,6999.0,865744,836738
09/17/2019,6981.2,7001.8,6945.3,6971.2,451534,848856
09/18/2019,6964.0,7002.3,6952.5,6972.2,221249,838813
09/19/2019,6959.2,7023.8,6941.0,7014.8,126197,802783
09/20/2019,6987.9,7027.2,6964.0,6993.2,78025,801895
09/23/2019,7002.8,7012.8,6935.8,6981.2,87622,758482
09/24/2019,7012.4,7013.8,6899.9,6942.5,94785,760315
09/25/2019,6928.6,6965.9,6867.8,6937.7,125082,763900
09/26/2019,6961.1,7037.7,6928.1,7006.6,102366,770885
09/27/2019,7023.4,7089.4,7008.0,7072.7,105881,778067
09/30/2019,7058.3,7088.5,7051.1,7067.9,107767,780349
10/01/2019,7075.1,7082.2,6962.1,7010.9,173891,781743
10/02/2019,6976.9,6985.1,6751.0,6785.5,195950,777908
10/03/2019,6771.6,6785.5,6672.5,6744.3,107471,765784
10/04/2019,6782.1,6834.8,6743.8,6812.3,79724,760499
10/07/2019,6824.3,6877.4,6796.5,6858.7,101711,758477
10/08/2019,6852.5,6887.4,6800.3,6823.3,84001,762703
10/09/2019,6801.8,6859.7,6801.8,6830.0,108885,762963
10/10/2019,6810.9,6881.2,6783.1,6866.4,151752,763975
10/11/2019,6831.9,6920.0,6813.2,6909.9,83665,760837
10/14/2019,6908.5,6924.3,6861.6,6877.9,117649,752517
10/15/2019,6903.2,6910.4,6844.8,6889.8,119858,751506
10/16/2019,6874.5,6886.5,6818.5,6842.4,125796,747458
10/17/2019,6837.7,6907.1,6829.5,6867.8,97750,744989
10/18/2019,6857.3,6867.8,6804.6,6832.9,76230,743696
10/21/2019,6826.7,6868.3,6814.7,6839.1,85183,743424
10/22/2019,6844.8,6899.9,6818.0,6882.2,93153,747235
10/23/2019,6873.1,6932.9,6856.3,6929.6,90678,751639
10/24/2019,6934.3,7005.2,6917.1,6991.8,77772,750081
10/25/2019,6980.3,7001.8,6945.3,6984.6,64971,751027
10/28/2019,6995.1,7011.4,6957.3,7001.8,83375,752298
10/29/2019,7010.9,7010.9,6931.0,6965.5,70006,753091
10/30/2019,6962.6,7006.1,6942.5,6997.0,115664,753570
10/31/2019,7005.7,7005.7,6908.5,6936.3,91749,754218
11/01/2019,6938.2,6979.3,6929.1,6955.4,84053,750507
11/04/2019,6988.4,7055.4,6978.9,7028.6,72153,754767
11/05/2019,7038.7,7069.3,7029.1,7051.1,66036,751840
11/06/2019,7031.5,7065.0,7024.8,7048.7,91017,752961
11/07/2019,7057.8,7098.0,7052.1,7063.6,72451,756452
11/08/2019,7066.4,7066.4,7015.7,7027.7,109061,754550
11/11/2019,7034.9,7038.7,6927.6,6991.3,74766,747550
11/12/2019,7003.7,7056.4,6991.3,7042.0,87909,748909
11/13/2019,7012.8,7030.1,6968.8,7020.5,75862,747436
11/14/2019,7014.8,7034.9,6965.9,6984.1,100828,747874
11/15/2019,7010.9,7021.9,6926.2,6979.3,68685,747564
11/18/2019,6984.1,7015.7,6974.1,6984.1,109939,753178
11/19/2019,6987.0,7082.7,6977.4,6997.0,151340,750710
11/20/2019,7002.3,7002.8,6901.8,6947.7,95769,754164
11/21/2019,6914.7,6938.6,6883.6,6920.9,103190,744954
11/22/2019,6939.1,7026.7,6933.4,7009.0,72595,742021
11/25/2019,7030.1,7081.8,7025.8,7077.0,82069,749275
11/26/2019,7081.3,7107.6,7063.6,7088.0,85301,748187
11/27/2019,7092.8,7123.9,7087.5,7102.8,85980,754141
11/28/2019,7097.6,7104.3,7071.7,7098.0,85980,754141
11/29/2019,7102.8,7107.1,7025.3,7050.2,109793,751650
12/02/2019,7057.8,7087.0,6965.0,6974.1,178296,750106
12/03/2019,6986.5,6997.0,6829.5,6860.6,126139,746255
12/04/2019,6865.4,6894.1,6827.6,6872.6,109094,746129
12/05/2019,6886.5,6894.6,6824.7,6836.7,92733,742341
12/06/2019,6853.0,6936.3,6842.9,6931.0,79526,739130
12/09/2019,6905.1,6946.3,6901.8,6920.5,117781,733615
12/10/2019,6927.6,6933.9,6831.4,6908.0,132581,729458
12/11/2019,6899.4,6943.0,6886.5,6907.1,380568,732759
12/12/2019,6918.1,6997.0,6909.9,6976.5,396448,739130
12/13/2019,6974.0,7117.0,6947.5,7038.8,756043,751185
12/16/2019,7075.0,7237.3,7061.9,7230.0,837987,801553
12/17/2019,7200.1,7230.0,7183.2,7211.2,383845,828913
12/18/2019,7211.7,7244.0,7186.6,7240.6,253623,804463
12/19/2019,7260.9,7275.4,7215.5,7267.7,131369,801226
12/20/2019,7274.5,7296.2,7249.3,7263.8,60597,791906
12/23/2019,7265.8,7315.0,7244.5,7306.3,17852,716646
12/24/2019,7309.2,7324.2,7296.7,7319.9,17852,716646
12/27/2019,7340.1,7365.7,7309.7,7328.1,61351,714868
12/30/2019,7321.8,7328.5,7256.1,7279.3,35560,715469
12/31/2019,7257.5,7263.8,7218.4,7243.5,89571,715029
01/02/2020,7257.1,7313.1,7236.3,7288.5,81555,711281
01/03/2020,7315.5,7316.5,7232.0,7292.3,90338,710983
01/06/2020,7259.0,7279.8,7208.8,7249.3,76382,702558
01/07/2020,7273.5,7300.5,7242.6,7252.7,95317,702759
01/08/2020,7193.3,7288.5,7173.5,7249.8,73873,698019
01/09/2020,7274.5,7307.3,7261.9,7274.9,76766,695159
01/10/2020,7307.3,7312.1,7243.5,7273.0,85690,699423
01/13/2020,7266.7,7314.1,7260.0,7288.5,98331,702129
01/14/2020,7318.9,7328.1,7265.8,7304.4,77380,701853
01/15/2020,7301.0,7322.3,7286.0,7317.0,87952,702238
01/16/2020,7315.5,7333.9,7274.5,7285.1,93516,703277
01/17/2020,7312.1,7367.7,7299.6,7353.2,99104,710384
01/20/2020,7365.7,7369.6,7317.4,7327.6,99104,710384
01/21/2020,7335.3,7335.3,7229.5,7287.5,97727,709005
01/22/2020,7279.8,7317.0,7240.6,7245.0,91370,703281
01/23/2020,7244.0,7253.7,7184.1,7186.1,110301,705080
01/24/2020,7245.5,7320.8,7219.4,7270.1,132602,709097
01/27/2020,7188.0,7198.6,7076.9,7095.8,103032,712392
01/28/2020,7089.5,7173.5,7089.5,7164.8,69026,703964
01/29/2020,7162.4,7196.2,7144.1,7172.5,135418,700646
01/30/2020,7151.3,7151.8,7042.6,7066.8,131115,705663
01/31/2020,7118.9,7126.7,6920.0,6971.6,121401,705193
02/03/2020,6970.7,7051.3,6965.8,7027.2,105469,707216
02/04/2020,7013.2,7127.1,7013.2,7123.8,112761,706659
02/05/2020,7094.8,7193.8,7083.2,7166.7,81464,706482
02/06/2020,7183.7,7219.4,7166.3,7191.4,78382,711143
02/07/2020,7186.6,7194.3,7123.8,7149.4,74323,717012
02/10/2020,7128.1,7150.3,7110.2,7131.0,85311,724981
02/11/2020,7164.3,7210.7,7159.0,7190.9,78841,720852
02/12/2020,7175.0,7236.8,7175.0,7214.6,135871,724930
02/13/2020,7221.8,7225.2,7105.4,7138.3,100750,731100
02/14/2020,7148.9,7171.6,7089.5,7108.3,99377,739285
02/17/2020,7116.0,7149.4,7105.9,7134.4,99377,739285
02/18/2020,7099.6,7122.8,7053.3,7070.6,93668,743457
02/19/2020,7102.5,7169.6,7101.5,7153.7,104901,746174
02/20/2020,7180.8,7186.1,7129.1,7152.7,123249,744926
02/21/2020,7154.2,7156.6,7077.4,7104.9,197546,742401
02/24/2020,7023.3,7046.5,6828.7,6863.0,200518,737540
02/25/2020,6873.6,6914.6,6632.1,6738.4,241992,732902
02/26/2020,6655.8,6766.9,6593.5,6759.6,267346,728951
02/27/2020,6643.7,6694.4,6434.1,6551.9,388167,728775
02/28/2020,6437.5,6439.4,6209.5,6306.1,289485,733892
03/02/2020,6330.7,6518.1,6249.6,6406.1,255920,735636
03/03/2020,6511.8,6591.5,6359.7,6457.3,198197,732532
03/04/2020,6438.0,6637.4,6426.4,6551.4,164219,733311
03/05/2020,6594.9,6608.4,6367.4,6479.5,204139,735270
03/06/2020,6413.3,6415.3,6180.0,6243.3,326661,741340
03/09/2020,6067.5,6068.0,5605.8,5786.4,322802,760826
03/10/2020,5806.2,6012.0,5717.4,5778.2,252691,753906
03/11/2020,5834.2,5893.6,5570.5,5659.9,452745,755223
03/12/2020,5597.6,5617.9,5020.4,5117.0,428928,809736
03/13/2020,5048.3,5549.2,5048.3,5201.0,749288,798351
03/16/2020,5149.4,5204.4,4708.5,4997.2,866930,885042
03/17/2020,5033.6,5257.5,4869.5,5166.6,494644,1007655
03/18/2020,5061.1,5115.6,4829.8,4976.1,302233,1000278
03/19/2020,4959.9,5135.7,4724.2,5035.0,228442,948807
03/20/2020,5014.9,5274.2,4863.6,5006.1,187375,922544
03/23/2020,4710.9,5057.6,4648.5,4819.4,170210,714527
03/24/2020,4935.3,5318.9,4921.6,5235.9,186091,708239
03/25/2020,5234.9,5605.2,5221.6,5494.7,151110,713502
03/26/2020,5472.1,5686.2,5335.1,5641.0,160847,708104
03/27/2020,5598.3,5620.4,5276.6,5368.5,118850,701949
03/30/2020,5252.6,5474.5,5230.0,5455.4,167662,706550
03/31/2020,5478.0,5590.9,5402.8,5534.9,144857,705040
04/01/2020,5401.9,5454.4,5244.7,5322.3,139055,706389
04/02/2020,5272.2,5448.0,5268.3,5361.1,98202,713618
04/03/2020,5363.6,5380.3,5249.1,5299.2,85077,707561
04/06/2020,5347.4,5555.6,5328.7,5474.1,127424,703512
04/07/2020,5564.4,5669.0,5461.8,5575.7,105210,690917
04/08/2020,5519.2,5609.6,5459.8,5537.9,141504,680896
04/09/2020,5599.3,5771.6,5565.4,5715.2,141504,680896
04/14/2020,5711.2,5826.6,5659.7,5672.0,117456,679161
04/15/2020,5666.1,5676.4,5455.9,5473.6,102422,669368
04/16/2020,5428.4,5550.7,5426.9,5533.0,124818,665126
04/17/2020,5638.6,5722.5,5621.9,5642.0,82212,658382
04/20/2020,5678.8,5728.9,5589.0,5683.7,102755,660864
04/21/2020,5616.0,5653.3,5511.9,5528.1,91121,660484
04/22/2020,5547.2,5671.0,5513.8,5657.2,86786,660908
04/23/2020,5641.5,5725.5,5617.9,5704.4,75659,658611
04/24/2020,5624.3,5695.0,5605.2,5639.5,77439,658480
04/27/2020,5661.6,5758.9,5661.6,5712.2,85985,659649
04/28/2020,5739.2,5855.6,5712.2,5829.6,91105,661335
04/29/2020,5806.0,6008.3,5806.0,5998.5,155297,657770
04/30/2020,6002.5,6080.5,5725.0,5780.0,63049,652011
05/01/2020,5719.1,5739.2,5616.5,5631.7,117711,653326
05/04/2020,5564.9,5692.1,5544.3,5631.2,85898,646260
05/05/2020,5674.9,5744.1,5664.1,5728.4,75504,645049
05/06/2020,5699.5,5792.8,5664.6,5727.0,85161,648047
05/07/2020,5687.2,5833.5,5687.2,5817.8,85161,648047
05/11/2020,5883.1,5892.0,5778.5,5815.4,90895,649969
05/12/2020,5824.2,5893.4,5787.9,5881.6,101257,651030
05/13/2020,5751.5,5831.1,5714.7,5778.5,137857,656849
05/14/2020,5749.1,5749.5,5550.2,5622.4,93892,665840
05/15/2020,5686.7,5737.8,5646.9,5689.6,97056,665131
05/18/2020,5740.2,5967.6,5740.2,5938.6,104240,669979
05/19/2020,5965.6,6003.4,5824.2,5892.9,103165,668860
05/20/2020,5833.5,5962.7,5831.1,5957.8,87297,673350
05/21/2020,5940.1,5982.3,5890.5,5904.2,91591,675001
05/22/2020,5910.6,5931.7,5780.0,5889.5,103022,674405
05/26/2020,5967.1,6050.1,5929.8,5955.3,118387,678870
05/27/2020,5948.9,6057.5,5935.7,6023.1,94809,683444
05/28/2020,6061.4,6196.9,6040.8,6112.9,130184,688397
05/29/2020,6058.9,6079.6,5930.8,5952.4,89112,681777
06/01/2020,5970.0,6086.4,5942.5,6057.0,79076,681353
06/02/2020,6054.5,6127.7,6043.2,6108.5,98504,678599
06/03/2020,6137.0,6291.7,6136.5,6269.6,110194,678020
06/04/2020,6276.0,6288.3,6196.9,6221.0,109308,682207
06/05/2020,6222.9,6381.6,6215.6,6369.3,92529,682857
06/08/2020,6367.3,6394.3,6304.5,6360.4,121390,683824
06/09/2020,6380.6,6396.3,6196.4,6221.0,111471,692397
06/10/2020,6239.2,6270.1,6176.3,6209.7,163645,690177
06/11/2020,6140.0,6181.2,5859.5,5981.8,238724,695483
06/12/2020,5918.5,6075.1,5876.7,5982.8,890489,696804
06/15/2020,5950.2,6038.7,5828.1,5959.6,799447,772445
06/16/2020,6063.9,6192.9,6057.5,6138.5,328168,788846
06/17/2020,6146.0,6200.8,6109.4,6143.0,198428,772386
06/18/2020,6100.0,6174.6,6037.7,6105.9,119449,734646
06/19/2020,6130.6,6209.2,6102.0,6181.1,75181,731213
06/22/2020,6079.2,6199.4,6075.8,6134.6,79886,665341
06/23/2020,6185.0,6232.0,6079.7,6217.7,99768,665828
06/24/2020,6173.6,6197.4,5986.8,6024.8,96198,667380
06/25/2020,6006.0,6108.9,5919.5,6052.0,88593,673252
06/26/2020,6102.5,6153.4,6025.3,6066.9,87396,681924
06/29/2020,6029.8,6144.0,5999.6,6133.1,101314,691687
06/30/2020,6144.5,6154.4,6037.2,6078.7,99031,698943
07/01/2020,6066.4,6094.1,5972.9,6049.6,80005,703580
07/02/2020,6064.4,6153.9,6049.1,6129.6,76810,703973
07/03/2020,6123.2,6160.8,6028.8,6035.7,76810,703973
07/06/2020,6089.1,6198.4,6079.2,6177.1,70277,705850
07/07/2020,6208.8,6212.7,6045.6,6087.1,77551,703550
07/08/2020,6054.0,6103.4,6016.9,6049.6,87169,708233
07/09/2020,6092.1,6105.9,5928.9,5947.2,84485,710237
07/10/2020,5974.4,6033.2,5894.3,5995.7,77841,711520
07/13/2020,6043.1,6091.6,5983.8,6082.2,81631,718751
07/14/2020,6016.4,6109.9,5987.3,6069.3,107100,719263
07/15/2020,6150.4,6220.6,6103.9,6200.3,78205,725480
07/16/2020,6200.3,6201.8,6122.7,6153.9,73119,724686
07/17/2020,6158.3,6198.4,6124.7,6184.5,75009,728042
07/20/2020,6204.3,6205.3,6116.8,6157.8,77422,723892
07/21/2020,6158.8,6212.7,6132.1,6162.8,66805,727302
07/22/2020,6147.4,6171.7,6092.6,6105.9,74673,729632
07/23/2020,6101.0,6174.1,6051.0,6114.3,83677,727515
07/24/2020,6074.3,6083.7,5996.2,6020.4,63450,726318
07/27/2020,6002.1,6042.1,5982.8,6008.5,88489,730919
07/28/2020,6032.7,6060.9,5980.8,6033.2,59570,732807
07/29/2020,6007.0,6058.0,6000.6,6032.7,111124,735643
07/30/2020,6046.6,6057.0,5819.2,5875.5,116121,737159
07/31/2020,5956.1,5956.1,5750.4,5820.6,102045,737733
08/03/2020,5811.7,5937.3,5753.9,5933.4,89844,742414
08/04/2020,5914.6,5957.6,5880.5,5926.0,74806,745763
08/05/2020,5937.3,6007.0,5919.5,5995.7,95068,752687
08/06/2020,5963.5,6000.1,5881.9,5934.4,63193,751677
08/07/2020,5951.2,5960.1,5897.8,5925.0,58660,751065
08/10/2020,5953.6,6004.6,5929.4,5952.2,99330,753516
08/11/2020,5980.3,6107.9,5973.9,6047.1,106867,760165
08/12/2020,6053.0,6197.4,6032.2,6188.5,83109,769530
08/13/2020,6175.1,6175.1,6081.7,6117.3,94259,763245
08/14/2020,6101.0,6123.2,5955.6,6012.5,63111,759380
08/17/2020,6008.5,6061.9,5978.9,6058.5,76091,761162
08/18/2020,6050.5,6083.7,5979.8,5989.7,67754,768259
08/19/2020,5992.2,6039.7,5964.0,6033.2,70273,769348
08/20/2020,5984.8,6005.1,5935.8,5945.2,82566,772207
08/21/2020,5950.2,5975.4,5876.5,5926.4,76642,772048
08/24/2020,5941.8,6049.1,5933.9,6033.7,78829,774568
08/25/2020,6051.5,6102.9,5943.3,5966.5,61853,779936
08/26/2020,5973.9,5988.7,5919.0,5970.9,71824,783366
08/27/2020,5972.9,5991.7,5916.6,5939.8,95488,789763
08/28/2020,5938.8,5972.4,5881.9,5894.8,95488,789763
09/01/2020,5878.5,5911.1,5752.4,5786.0,114974,789725
09/02/2020,5815.2,5906.7,5810.8,5870.1,126291,794433
09/03/2020,5909.6,5932.4,5729.7,5780.1,154647,793157
09/04/2020,5715.3,5838.4,5711.9,5720.3,137915,789666
09/07/2020,5745.0,5882.9,5744.0,5868.6,137915,789666
09/08/2020,5879.5,5921.0,5802.8,5861.7,148216,789153
09/09/2020,5800.4,5970.4,5799.4,5960.1,148914,796043
09/10/2020,5954.6,5963.0,5882.9,5947.7,269319,801898
09/11/2020,5898.3,5992.7,5897.8,5977.9,770516,798950
09/14/2020,5994.8,6014.6,5943.6,5966.9,860674,852286
09/15/2020,5969.4,6060.4,5947.6,6052.9,322065,829468
09/16/2020,6032.0,6053.4,5988.8,6013.1,193875,819860
09/17/2020,6012.7,6015.1,5929.7,5992.3,107143,820468
09/18/2020,5968.4,6003.2,5912.3,5954.0,132816,819453
09/21/2020,5932.6,5943.6,5710.5,5730.9,117731,776565
09/22/2020,5797.5,5824.8,5725.9,5781.6,114446,777612
09/23/2020,5813.9,5909.3,5780.1,5840.7,99135,778011
09/24/2020,5768.1,5829.3,5738.3,5761.2,82040,779779
09/25/2020,5788.0,5815.9,5704.5,5767.2,88301,782644
09/28/2020,5815.9,5889.4,5808.4,5877.5,94633,782557
09/29/2020,5899.8,5899.8,5794.5,5835.2,105395,779067
09/30/2020,5839.2,5868.0,5780.6,5805.9,91643,776457
10/01/2020,5808.9,5864.1,5786.0,5814.9,88925,780302
10/02/2020,5815.9,5853.6,5731.4,5826.3,71562,777608
10/05/2020,5860.1,5913.3,5852.6,5886.4,74253,776358
10/06/2020,5885.9,5906.8,5836.7,5879.5,73147,766188
10/07/2020,5836.2,5911.3,5836.2,5887.4,71724,761867
10/08/2020,5886.9,5940.1,5863.1,5923.2,61207,758023
10/09/2020,5948.5,5975.9,5925.2,5953.0,59909,762117
10/12/2020,5941.6,5973.4,5928.2,5940.6,94753,759752
10/13/2020,5958.0,5965.4,5885.9,5899.8,78199,761090
10/14/2020,5919.2,5946.6,5839.2,5875.5,131202,756496
10/15/2020,5862.6,5869.5,5721.9,5765.2,110204,761374
10/16/2020,5810.4,5873.0,5795.0,5866.5,67804,759574
10/19/2020,5869.5,5899.8,5784.1,5827.8,66215,760251
10/20/2020,5820.8,5855.6,5795.0,5837.2,100157,760757
10/21/2020,5827.8,5854.6,5694.1,5710.0,79170,762245
10/22/2020,5680.2,5749.3,5654.3,5727.9,78274,759024
10/23/2020,5732.9,5825.3,5720.4,5790.5,98711,754232
10/26/2020,5779.6,5806.9,5695.6,5730.9,100995,757876
10/27/2020,5741.8,5754.7,5633.0,5677.2,142253,758273
10/28/2020,5634.5,5655.8,5463.5,5505.8,136941,762277
10/29/2020,5514.2,5573.3,5474.0,5515.2,126779,763989
10/30/2020,5516.7,5549.5,5429.7,5529.6,106456,767690
11/02/2020,5495.3,5611.6,5490.8,5597.7,95330,764629
11/03/2020,5619.6,5748.3,5619.6,5720.4,123391,763252
11/04/2020,5694.6,5843.2,5597.7,5818.8,105582,758639
11/05/2020,5800.9,5875.5,5792.5,5846.7,91829,760632
11/06/2020,5824.3,5893.4,5798.5,5848.7,201170,759422
11/09/2020,5910.8,6201.5,5906.8,6138.9,172248,763181
11/10/2020,6077.3,6255.7,6045.9,6245.2,132315,764158
11/11/2020,6204.0,6339.2,6201.0,6335.2,111406,770251
11/12/2020,6301.9,6318.3,6216.4,6298.9,99326,765386
11/13/2020,6225.8,6299.4,6208.0,6274.5,103648,761311
11/16/2020,6314.8,6412.2,6279.0,6378.9,112350,762490
11/17/2020,6362.5,6371.9,6256.7,6309.8,89441,771567
11/18/2020,6298.4,6342.6,6263.1,6336.7,110479,772004
11/19/2020,6259.6,6319.8,6258.1,6285.5,108895,771118
11/20/2020,6288.0,6341.1,6268.1,6295.9,85568,779490
11/23/2020,6313.8,6339.6,6269.1,6293.4,108400,769646
11/24/2020,6324.2,6401.3,6312.8,6371.9,90946,771415
11/25/2020,6405.7,6433.1,6320.3,6334.2,198420,789698
11/26/2020,6347.1,6365.5,6293.9,6313.8,198420,789698
11/27/2020,6309.3,6370.0,6253.2,6322.8,174669,770493
11/30/2020,6340.6,6357.0,6199.0,6254.2,123116,759711
12/01/2020,6247.7,6348.6,6238.8,6340.6,118937,756778
12/02/2020,6325.2,6418.7,6301.9,6409.7,91213,751767
12/03/2020,6388.8,6460.9,6379.9,6439.5,112952,745958
12/04/2020,6425.6,6518.6,6425.6,6501.2,102940,742584
12/07/2020,6508.6,6550.9,6468.9,6509.6,95324,741861
12/08/2020,6485.3,6525.0,6468.4,6514.6,111901,743296
12/09/2020,6535.0,6574.2,6489.7,6526.5,188803,751107
12/10/2020,6521.0,6592.1,6511.6,6563.8,237577,758176
12/11/2020,6553.8,6564.3,6471.8,6504.6,671444,768905
12/14/2020,6536.2,6538.2,6453.6,6493.1,863616,781027
12/15/2020,6468.1,6512.1,6435.1,6471.6,428645,824236
12/16/2020,6492.6,6553.2,6483.1,6518.6,201557,800500
12/17/2020,6525.7,6565.2,6504.6,6513.6,115755,803826
12/18/2020,6519.1,6566.7,6465.6,6478.6,150099,800463
12/21/2020,6435.1,6436.6,6270.0,6376.0,72619,729459
12/22/2020,6365.0,6423.1,6327.0,6411.1,72150,727953
12/23/2020,6387.0,6481.1,6369.0,6450.6,29940,731023
12/24/2020,6451.6,6493.6,6432.6,6459.6,29940,731023
12/29/2020,6523.2,6635.2,6513.1,6565.2,83265,727705
12/30/2020,6546.7,6579.7,6461.6,6511.6,47736,727724
12/31/2020,6476.6,6479.1,6385.5,6425.1,145262,722855
01/04/2021,6443.1,6620.2,6423.6,6534.7,100149,726100
01/05/2021,6521.1,6605.7,6472.1,6555.7,183414,716965
01/06/2021,6568.7,6824.4,6558.7,6814.9,123100,735244
01/07/2021,6806.4,6915.5,6751.8,6834.9,99599,737602
01/08/2021,6839.4,6870.4,6794.9,6823.4,97121,741875
01/11/2021,6843.4,6843.4,6726.8,6763.3,80349,740209
01/12/2021,6781.9,6781.9,6678.8,6714.8,82814,738655
01/13/2021,6710.8,6733.3,6692.3,6710.8,66642,740134
01/14/2021,6713.8,6771.8,6697.3,6756.8,82288,740139
01/15/2021,6751.3,6762.3,6634.7,6689.8,50187,741189
01/18/2021,6681.8,6702.8,6667.8,6684.3,50187,741189
01/19/2021,6705.3,6730.3,6655.3,6671.3,81963,741317
01/20/2021,6685.3,6721.8,6654.8,6693.3,94967,741214
01/21/2021,6720.8,6741.3,6664.3,6683.8,100719,736275
01/22/2021,6685.8,6690.8,6610.7,6649.3,83959,731255
01/25/2021,6669.8,6678.8,6568.7,6594.7,99181,733405
01/26/2021,6626.2,6661.8,6583.2,6621.7,77685,734790
01/27/2021,6620.7,6620.7,6465.1,6528.7,130617,723352
01/28/2021,6486.6,6514.1,6395.6,6484.1,145321,717934
01/29/2021,6464.1,6476.6,6305.0,6366.0,170896,712323
02/01/2021,6330.0,6453.1,6329.0,6426.6,105861,711689
02/02/2021,6447.6,6490.6,6432.6,6476.6,88679,710426
02/03/2021,6504.6,6531.7,6444.1,6457.6,80079,704172
02/04/2021,6478.1,6511.1,6432.1,6456.1,85828,700815
02/05/2021,6450.6,6473.1,6411.1,6447.6,95764,698287
02/08/2021,6484.1,6523.2,6455.1,6486.1,89939,693160
02/09/2021,6483.1,6509.1,6450.6,6486.6,74520,691403
02/10/2021,6507.1,6536.2,6432.6,6473.1,97688,685416
02/11/2021,6462.1,6509.1,6458.1,6481.1,83006,686734
02/12/2021,6481.1,6570.7,6436.1,6537.2,107586,693090
02/15/2021,6581.2,6732.8,6575.2,6720.8,107586,693090
02/16/2021,6720.3,6754.8,6688.3,6701.3,98616,695466
02/17/2021,6689.3,6723.3,6652.8,6666.3,123233,696935
02/18/2021,6685.3,6698.8,6556.2,6575.2,116956,697961
02/19/2021,6589.2,6612.7,6543.7,6610.7,85359,690599
02/22/2021,6591.2,6591.2,6510.6,6587.2,117707,689377
02/23/2021,6546.7,6639.7,6516.6,6581.2,107955,691790
02/24/2021,6578.2,6651.3,6528.2,6628.2,107155,693161
02/25/2021,6651.3,6680.8,6545.2,6632.7,239091,688850
02/26/2021,6553.7,6623.2,6437.1,6444.6,130778,674072
03/01/2021,6506.1,6590.2,6493.6,6555.7,94806,663353
03/02/2021,6579.7,6638.2,6528.2,6599.2,112655,660489
03/03/2021,6617.7,6682.3,6591.2,6643.7,99686,659700
03/04/2021,6618.7,6660.3,6554.7,6637.7,136095,659001
03/05/2021,6564.2,6703.3,6541.7,6614.7,123626,655208
03/08/2021,6705.3,6722.8,6600.7,6713.8,103589,647895
03/09/2021,6700.3,6778.4,6674.3,6730.8,92145,646624
03/10/2021,6714.3,6731.8,6668.3,6720.3,139984,650989
03/11/2021,6716.8,6761.3,6697.3,6731.8,266476,656610
03/12/2021,6730.3,6798.4,6696.3,6759.8,642606,678741
03/15/2021,6800.7,6807.3,6723.5,6748.2,687904,673674
03/16/2021,6768.9,6814.8,6768.9,6801.2,344355,702877
03/17/2021,6799.7,6805.7,6752.3,6768.9,188858,681030
03/18/2021,6800.2,6812.8,6721.5,6788.1,154614,651457
03/19/2021,6751.3,6762.4,6668.5,6728.6,75279,658211
03/22/2021,6721.0,6739.2,6650.9,6734.1,75176,612985
03/23/2021,6722.5,6727.0,6661.5,6709.9,70696,612955
03/24/2021,6673.6,6727.0,6652.4,6722.0,111290,613584
03/25/2021,6705.4,6741.7,6626.6,6684.2,72624,608482
03/26/2021,6716.5,6795.2,6707.9,6751.8,73409,609176
03/29/2021,6763.4,6788.6,6714.9,6753.8,73283,613393
03/30/2021,6790.6,6804.7,6738.6,6792.1,113098,613922
03/31/2021,6791.6,6800.7,6722.0,6739.7,67764,620873
04/01/2021,6738.6,6798.7,6729.6,6752.3,67764,620873
04/06/2021,6821.9,6858.2,6769.4,6834.0,91952,618420
04/07/2021,6848.6,6920.8,6842.1,6904.6,85503,620045
04/08/2021,6931.4,6972.2,6905.6,6954.1,81089,624130
04/09/2021,6976.3,6979.3,6925.8,6940.5,76334,626895
04/12/2021,6942.5,6946.5,6871.3,6912.2,65986,628524
04/13/2021,6915.7,6919.8,6875.9,6910.2,76354,627698
04/14/2021,6910.2,6962.6,6900.1,6956.6,86397,622711
04/15/2021,6953.1,7026.2,6951.0,7014.1,101483,626057
04/16/2021,7026.2,7062.0,7009.1,7037.8,88599,626994
04/19/2021,7037.8,7064.6,7002.5,7028.7,104845,626242
04/20/2021,7020.2,7032.3,6874.9,6880.4,77316,622758
04/21/2021,6896.1,6957.1,6864.8,6925.8,72870,622274
04/22/2021,6944.5,6969.7,6914.7,6966.2,54335,618616
04/23/2021,6930.9,6972.7,6917.7,6962.1,57379,619783
04/26/2021,6940.5,7000.0,6939.9,6996.5,66834,620297
04/27/2021,6997.5,7006.5,6955.1,6958.6,66618,617613
04/28/2021,6974.8,7015.6,6966.7,6993.9,81647,616601
04/29/2021,7004.0,7049.9,6969.7,6993.9,101503,614984
04/30/2021,6990.9,7040.3,6962.1,7000.0,101503,614984
05/04/2021,7031.3,7071.1,6939.9,6943.0,83659,615116
05/05/2021,6981.8,7088.3,6976.3,7079.2,78062,617080
05/06/2021,7073.1,7140.2,7063.0,7104.4,76496,619804
05/07/2021,7134.7,7190.2,7117.5,7167.0,81580,620113
05/10/2021,7185.1,7207.8,7108.4,7166.5,143321,621877
05/11/2021,7115.5,7118.0,6947.0,6974.3,98952,610721
05/12/2021,7011.6,7065.6,6930.4,7046.4,117046,605314
05/13/2021,7014.1,7031.8,6860.2,6999.5,68795,602196
05/14/2021,7020.7,7116.0,7020.7,7087.8,77747,602207
05/17/2021,7106.4,7115.5,7027.2,7077.7,78534,599627
05/18/2021,7102.9,7148.3,7050.9,7089.8,115258,603020
05/19/2021,7039.3,7056.5,6938.4,6991.4,91571,607394
05/20/2021,7011.6,7083.2,6978.3,7068.1,80912,600972
05/21/2021,7081.7,7091.3,7025.2,7071.6,55743,600481
05/24/2021,7072.6,7120.1,7067.6,7109.0,75390,600601
05/25/2021,7114.5,7134.2,7055.0,7089.8,75671,605984
05/26/2021,7078.7,7106.4,7053.5,7080.7,101199,605925
05/27/2021,7080.7,7101.4,7054.0,7073.6,94730,605779
05/28/2021,7102.4,7113.5,7067.1,7086.8,112050,607983
06/01/2021,7105.4,7176.6,7045.4,7141.7,91242,612824
06/02/2021,7134.7,7180.6,7123.6,7158.9,78392,612325
06/03/2021,7170.5,7184.1,7072.6,7132.2,53250,610990
06/04/2021,7121.6,7146.8,7099.4,7129.6,54423,610186
06/07/2021,7140.2,7160.9,7100.4,7145.3,67408,611865
06/08/2021,7148.3,7184.1,7133.7,7163.9,125563,612464
06/09/2021,7160.4,7171.5,7106.4,7144.8,126702,621419
06/10/2021,7147.3,7181.6,7140.2,7146.8,369109,634830
06/11/2021,7150.8,7221.5,7138.2,7201.3,760205,675008
06/14/2021,7222.2,7255.3,7200.3,7219.6,689683,682737
06/15/2021,7232.4,7252.8,7219.1,7231.9,322208,658899
06/16/2021,7242.1,7281.8,7211.5,7252.8,190048,647255
06/17/2021,7215.6,7234.9,7189.6,7214.0,139534,625726
06/18/2021,7222.7,7222.7,7063.1,7069.3,98337,631691
06/21/2021,7067.2,7153.9,7005.5,7125.8,66598,591361
06/22/2021,7149.8,7162.5,7121.8,7159.5,75600,590646
06/23/2021,7148.8,7192.1,7128.4,7148.8,76537,590682
06/24/2021,7145.2,7190.6,7137.1,7184.5,52149,591900
06/25/2021,7191.1,7219.6,7178.3,7204.8,69321,590369
06/28/2021,7222.2,7225.2,7135.5,7139.6,62583,594535
06/29/2021,7144.2,7189.0,7130.9,7156.4,115700,598225
06/30/2021,7159.0,7170.2,7073.3,7116.2,101900,604823
07/01/2021,7128.9,7218.6,7119.2,7188.0,73591,610232
07/02/2021,7212.0,7232.9,7176.3,7183.9,83206,605493
07/05/2021,7194.1,7237.0,7176.8,7231.9,83206,605493
07/06/2021,7231.9,7240.5,7140.1,7159.0,78369,609573
07/07/2021,7162.0,7228.3,7154.4,7216.6,145645,609590
07/08/2021,7220.6,7220.6,7045.8,7095.8,96609,614061
07/09/2021,7087.1,7193.1,7072.3,7180.9,66390,611738
07/12/2021,7187.5,7202.3,7130.9,7200.8,57859,611783
07/13/2021,7197.7,7218.1,7180.4,7189.6,74168,611540
07/14/2021,7187.5,7199.2,7136.5,7164.6,112625,614294
07/15/2021,7150.3,7178.3,7064.2,7071.8,113969,611615
07/16/2021,7077.9,7127.9,7038.7,7065.2,148594,619999
07/19/2021,7034.1,7036.1,6866.4,6899.5,156050,621650
07/20/2021,6915.3,6992.3,6885.3,6945.9,107397,620585
07/21/2021,6983.1,7079.5,6939.8,7066.2,82425,604773
07/22/2021,7074.9,7085.1,7018.3,7027.0,64519,599164
07/23/2021,7049.4,7107.0,7037.1,7096.8,64120,598778
07/26/2021,7096.8,7103.9,7043.3,7086.6,88554,599469
07/27/2021,7092.2,7099.3,6990.3,7061.6,71760,597902
07/28/2021,7066.7,7090.7,7037.7,7085.6,82979,598447
07/29/2021,7083.0,7158.5,7064.7,7143.7,97764,3
07/30/2021,7112.6,7120.7,7057.0,7101.9,86312,592668
08/02/2021,7103.4,7178.3,7103.4,7150.8,82132,588646
08/03/2021,7132.5,7191.6,7126.9,7173.2,75913,583820
08/04/2021,7171.7,7209.4,7170.7,7188.5,59095,586825
08/05/2021,7187.0,7205.9,7170.2,7196.7,62779,590371
08/06/2021,7195.2,7211.5,7177.8,7200.8,52499,592519
08/09/2021,7182.4,7215.0,7162.0,7213.5,53156,593675
08/10/2021,7209.9,7253.8,7189.6,7238.5,74195,592030
08/11/2021,7252.8,7313.4,7244.6,7292.0,65164,600947
08/12/2021,7310.9,7320.6,7285.9,7298.1,52438,604079
08/13/2021,7313.4,7328.7,7298.6,7323.6,88418,603110
08/16/2021,7312.4,7312.4,7217.1,7250.2,84217,604664
08/17/2021,7268.1,7292.0,7212.0,7276.2,65563,608196
08/18/2021,7272.1,7310.9,7227.8,7267.0,120821,611222
08/19/2021,7227.3,7237.5,7106.0,7168.7,86697,614987
08/20/2021,7190.6,7232.9,7146.7,7204.3,63047,615847
08/23/2021,7227.8,7269.6,7201.3,7229.8,68543,612898
08/24/2021,7238.0,7249.7,7190.6,7229.8,51684,605433
08/25/2021,7226.8,7271.6,7222.2,7265.5,61912,605117
08/26/2021,7254.3,7269.6,7215.0,7249.2,52882,605314
08/27/2021,7246.6,7283.3,7230.3,7272.6,52882,605314
08/31/2021,7065.7,7065.7,7065.7,7065.7,90113,611953
09/01/2021,7246.1,7313.4,7246.1,7276.2,64296,615112
09/02/2021,7282.3,7309.8,7261.4,7303.7,70107,622792
09/03/2021,7285.4,7319.5,7257.9,7277.2,80750,626998
09/06/2021,7273.1,7335.8,7257.9,7328.7,80750,626998
09/07/2021,7313.4,7319.0,7251.7,7290.0,114015,625470
09/08/2021,7247.2,7269.6,7194.7,7239.0,146514,625958
09/09/2021,7219.6,7219.6,7126.9,7160.0,296896,655671
09/10/2021,7141.6,7194.7,7137.1,7163.6,385534,655958
09/13/2021,7149.2,7230.6,7149.2,7207.6,550352,719339
09/14/2021,7219.4,7219.4,7154.3,7171.8,249356,662829
09/15/2021,7158.4,7187.6,7145.6,7170.2,171574,647755
09/16/2021,7198.9,7212.7,7159.5,7166.1,164902,648545
09/17/2021,7194.3,7231.1,7064.2,7073.4,134291,609004
09/20/2021,7107.2,7114.9,6955.2,7033.0,113770,608314
09/21/2021,7054.0,7141.5,7045.3,7105.7,105513,606822
09/22/2021,7085.7,7243.4,7064.2,7216.8,92645,603253
09/23/2021,7215.3,7272.6,7206.6,7217.8,74977,600377
09/24/2021,7233.2,7239.9,7175.8,7189.7,74984,599578
09/27/2021,7212.7,7268.5,7179.4,7201.5,102782,602024
09/28/2021,7199.4,7219.9,7143.6,7165.6,99034,603813
09/29/2021,7171.2,7256.2,7144.1,7245.5,120497,604614
09/30/2021,7247.0,7303.9,7203.0,7244.0,116616,602622
10/01/2021,7214.3,7225.0,7126.2,7163.6,86631,598207
10/04/2021,7231.1,7231.1,7139.0,7154.9,74462,595851
10/05/2021,7190.7,7228.1,7144.6,7223.0,117297,598220
10/06/2021,7209.1,7217.3,7082.7,7133.3,83884,599563
10/07/2021,7197.9,7239.3,7183.5,7228.1,63803,604317
10/08/2021,7236.3,7254.7,7205.5,7242.9,67518,607173
10/11/2021,7210.7,7294.6,7196.3,7279.3,75402,607730
10/12/2021,7258.8,7292.6,7202.5,7277.2,69127,612946
10/13/2021,7260.8,7319.7,7229.1,7291.6,75860,612437
10/14/2021,7322.3,7369.4,7316.1,7363.3,73047,614903
10/15/2021,7373.5,7396.0,7357.6,7384.3,76697,613567
10/18/2021,7373.5,7388.3,7330.5,7355.1,59823,617339
10/19/2021,7354.6,7380.7,7339.7,7374.0,55593,616985
10/20/2021,7386.8,7387.3,7348.4,7376.1,59209,617905
10/21/2021,7361.7,7374.5,7330.0,7340.2,73659,618757
10/22/2021,7352.0,7388.3,7340.2,7366.8,52212,621576
10/25/2021,7366.3,7400.6,7359.7,7379.1,72631,618900
10/26/2021,7384.8,7436.0,7380.7,7430.3,70129,625634
10/27/2021,7434.9,7435.5,7398.6,7403.2,72314,623426
10/28/2021,7410.9,7424.2,7370.4,7392.4,89895,620485
10/29/2021,7395.5,7411.4,7340.7,7398.1,77829,622521
11/01/2021,7427.3,7463.6,7405.8,7452.4,82502,621635
11/02/2021,7456.5,7460.5,7393.5,7429.3,59027,623283
11/03/2021,7422.7,7438.5,7388.3,7397.6,91747,622003
11/04/2021,7422.7,7451.3,7403.2,7446.2,77748,627215
11/05/2021,7432.9,7489.7,7415.0,7462.1,50303,628711
11/08/2021,7461.6,7472.8,7448.8,7463.1,68083,627305
11/09/2021,7446.7,7470.3,7417.5,7430.3,85833,626451
11/10/2021,7427.8,7494.9,7411.4,7482.1,75209,629213
11/11/2021,7487.2,7560.9,7473.9,7551.2,82366,630119
11/12/2021,7564.0,7566.5,7501.0,7511.2,66517,628071
11/15/2021,7513.8,7529.2,7493.8,7507.7,68286,623034
11/16/2021,7511.2,7534.3,7483.6,7497.4,70571,619266
11/17/2021,7486.1,7486.1,7438.5,7454.4,70382,623919
11/18/2021,7457.5,7457.5,7405.2,7421.6,96285,623092
11/19/2021,7437.5,7463.6,7361.7,7391.9,70876,624445
11/22/2021,7395.5,7438.5,7371.5,7430.3,82073,625445
11/23/2021,7400.1,7459.5,7366.3,7440.1,74543,619937
11/24/2021,7455.4,7474.4,7408.8,7458.5,173145,619989
11/25/2021,7479.5,7486.1,7460.0,7484.1,173145,619989
11/26/2021,7429.3,7442.1,7158.4,7209.1,121279,615426
11/29/2021,7300.8,7330.0,7249.6,7286.5,193941,604801
11/30/2021,7338.7,7344.3,7135.9,7250.1,113467,599841
12/01/2021,7228.6,7353.5,7207.6,7341.8,113467,600036
12/02/2021,7233.7,7336.6,7230.1,7301.8,106479,592748
12/03/2021,7301.8,7369.4,7260.3,7281.3,89856,597868
12/06/2021,7319.7,7423.2,7313.6,7417.5,85345,596886
12/07/2021,7400.6,7525.6,7391.9,7521.0,87207,600469
12/08/2021,7525.1,7558.3,7501.0,7514.3,91490,609886
12/09/2021,7524.6,7552.2,7474.9,7496.9,124709,616980
12/10/2021,7480.0,7509.7,7455.9,7471.8,139824,633514
12/13/2021,7492.5,7504.9,7398.5,7410.3,314579,663196
12/14/2021,7432.6,7461.5,7380.4,7398.5,348769,653419
12/15/2021,7396.9,7412.4,7337.5,7348.3,255491,645925
12/16/2021,7405.2,7453.7,7387.1,7446.5,196074,660694
12/17/2021,7429.5,7467.2,7404.7,7449.6,106164,600428
12/20/2021,7380.4,7419.6,7269.8,7369.5,96206,599973
12/21/2021,7426.9,7496.6,7414.5,7466.6,71407,599973
12/22/2021,7467.7,7542.6,7448.6,7503.3,58787,601744
12/23/2021,7530.7,7572.0,7513.7,7567.9,58121,601744
12/24/2021,7562.7,7591.7,7517.8,7578.2,9128,599925
12/29/2021,7648.0,7648.0,7589.6,7609.7,70881,602420
12/30/2021,7593.7,7621.6,7567.9,7592.2,47498,598449
12/31/2021,7558.6,7591.1,7539.0,7566.9,24455,598449
01/04/2022,7637.1,7711.5,7611.3,7683.1,107576,599253
01/05/2022,7676.4,7719.8,7634.5,7708.9,74512,599480
01/06/2022,7644.9,7685.7,7588.0,7630.4,99500,603946
01/07/2022,7656.7,7682.6,7616.5,7665.5,79405,605810
01/10/2022,7665.0,7697.6,7606.1,7640.7,80826,600949
01/11/2022,7671.2,7712.0,7643.3,7676.4,74980,603235
01/12/2022,7716.7,7754.9,7702.2,7733.2,76942,602531
01/13/2022,7735.3,7762.6,7713.6,7755.9,70724,600882
01/14/2022,7728.0,7761.6,7696.5,7731.1,81816,603911
01/17/2022,7746.1,7809.1,7739.4,7801.4,55678,603911
01/18/2022,7810.2,7820.5,7720.3,7764.2,98759,603962
01/19/2022,7742.5,7808.6,7706.9,7777.1,103293,604471
01/20/2022,7773.0,7828.8,7717.7,7772.5,79724,602789
01/21/2022,7707.4,7723.9,7610.8,7676.4,135850,602428
01/24/2022,7651.1,7682.6,7406.2,7485.2,166491,608100
01/25/2022,7528.6,7638.7,7487.3,7561.2,133079,607639
01/26/2022,7594.2,7715.6,7578.2,7666.6,114764,605072
01/27/2022,7593.2,7786.9,7504.4,7736.8,140718,609528
01/28/2022,7731.7,7774.0,7602.0,7656.2,192621,613712
01/31/2022,7689.3,7721.3,7633.0,7641.8,116488,609773
02/01/2022,7701.2,7755.4,7667.1,7715.1,90718,599998
02/02/2022,7756.4,7804.5,7748.7,7781.2,85753,591732
02/03/2022,7773.5,7795.2,7703.2,7718.2,91470,590171
02/04/2022,7733.7,7789.0,7682.1,7694.5,99736,593217
02/07/2022,7712.5,7788.5,7691.4,7774.5,74780,592469
02/08/2022,7793.1,7823.1,7736.8,7749.7,75312,590769
02/09/2022,7789.5,7856.1,7781.8,7838.1,85673,592775
02/10/2022,7856.1,7882.5,7808.6,7865.4,91810,596523
02/11/2022,7811.7,7864.4,7767.3,7852.5,94487,595037
02/14/2022,7789.5,7824.1,7667.6,7719.3,133056,595781
02/15/2022,7715.6,7805.0,7681.5,7781.2,92921,593263
02/16/2022,7779.7,7824.1,7751.3,7791.1,73972,594383
02/17/2022,7784.3,7803.5,7688.3,7724.9,83312,591476
02/18/2022,7697.0,7768.8,7686.7,7709.4,88348,591176
02/21/2022,7710.5,7768.8,7603.0,7674.8,81870,591176
02/22/2022,7629.4,7726.0,7546.2,7687.7,120357,594033
02/23/2022,7698.6,7747.7,7657.3,7694.5,91867,600402
02/24/2022,7621.6,7640.2,7377.8,7413.4,238175,607518
02/25/2022,7480.1,7778.7,7456.3,7699.6,154517,607786
02/28/2022,7534.3,7689.3,7534.3,7681.0,147764,602306
03/01/2022,7614.4,7710.5,7475.4,7537.4,132450,596284
03/02/2022,7563.8,7674.8,7500.7,7658.8,126233,593247
03/03/2022,7630.9,7683.1,7426.4,7449.1,118587,601965
03/04/2022,7358.7,7418.1,7104.0,7201.6,163579,603307
03/07/2022,7041.0,7226.4,6945.4,7169.6,175375,604969
03/08/2022,7104.0,7308.6,7031.7,7162.9,184321,602177
03/09/2022,7240.4,7455.8,7228.5,7364.4,153918,602810
03/10/2022,7392.8,7413.4,7290.5,7301.3,134737,615707
03/11/2022,7336.5,7497.1,7279.1,7377.3,176835,638355
03/14/2022,7434.5,7454.3,7371.0,7429.3,759808,694220
03/15/2022,7406.4,7440.2,7301.3,7396.5,947468,653736
03/16/2022,7415.3,7579.6,7397.6,7534.9,336858,646381
03/17/2022,7527.1,7664.4,7497.4,7619.7,179219,634316
03/18/2022,7604.1,7700.3,7555.2,7645.2,120184,636309
03/21/2022,7666.5,7712.8,7629.1,7695.1,74383,574801
03/22/2022,7680.0,7742.5,7663.4,7708.7,65871,567660
03/23/2022,7728.9,7770.6,7671.2,7708.7,76572,566295
03/24/2022,7699.3,7750.3,7684.2,7733.1,66496,565353
03/25/2022,7727.9,7775.2,7693.1,7739.4,59891,564681
03/28/2022,7748.2,7798.7,7714.4,7735.2,61696,566741
03/29/2022,7760.2,7846.5,7754.4,7788.3,103589,571909
03/30/2022,7817.9,7842.9,7781.0,7820.5,73997,575638
03/31/2022,7832.5,7857.4,7747.2,7788.8,101237,572112
04/01/2022,7768.0,7831.4,7759.1,7796.6,66373,574603
04/04/2022,7805.9,7843.4,7789.8,7830.4,61541,575086
04/05/2022,7821.5,7881.9,7795.5,7855.4,81932,581254
04/06/2022,7859.0,7881.9,7793.5,7837.2,113183,584882
04/07/2022,7841.8,7893.3,7800.7,7809.6,85847,584973
04/08/2022,7886.1,7943.8,7854.8,7928.7,81003,591627
04/11/2022,7910.5,7935.0,7845.5,7883.5,84427,592401
04/12/2022,7871.5,7871.5,7797.6,7852.2,92893,591722
04/13/2022,7839.8,7865.8,7810.1,7841.3,78809,593873
04/14/2022,7831.4,7891.8,7815.8,7881.4,87013,593873
04/19/2022,7893.9,7904.3,7832.0,7877.7,89103,593571
04/20/2022,7897.0,7915.7,7860.0,7894.4,81751,597917
04/21/2022,7912.6,7939.6,7815.8,7911.0,86053,599553
04/22/2022,7824.7,7891.8,7756.5,7804.9,100906,601486
04/25/2022,7755.0,7755.5,7605.7,7664.4,146807,601056
04/26/2022,7723.2,7759.6,7615.0,7657.2,100311,603329
04/27/2022,7630.1,7728.9,7609.3,7707.1,101515,598276
04/28/2022,7726.9,7852.2,7711.3,7773.2,88688,601062
04/29/2022,7823.1,7863.2,7713.3,7816.9,110833,601062
05/03/2022,7747.7,7858.0,7733.1,7833.0,117676,620969
05/04/2022,7840.8,7867.8,7766.4,7777.3,73466,623074
05/05/2022,7847.0,7906.3,7737.8,7784.6,104154,627915
05/06/2022,7786.2,7786.2,7623.9,7682.1,134749,631688
05/09/2022,7632.2,7665.5,7447.0,7492.8,123488,637168
05/10/2022,7481.8,7580.2,7420.5,7520.9,105809,631671
05/11/2022,7516.2,7627.5,7501.1,7611.9,143635,623653
05/12/2022,7532.3,7542.7,7418.4,7508.4,127452,627338
05/13/2022,7516.7,7718.5,7513.6,7694.1,102185,627827
05/16/2022,7735.7,7784.6,7632.2,7727.4,98416,625017
05/17/2022,7737.8,7818.4,7734.7,7792.9,89481,622878
05/18/2022,7808.0,7824.1,7661.3,7723.7,92640,616472
05/19/2022,7648.3,7689.4,7508.4,7573.9,129866,616227
05/20/2022,7618.1,7746.1,7607.2,7675.4,112476,615510
05/23/2022,7727.9,7811.7,7702.9,7797.1,80208,618342
05/24/2022,7762.8,7830.4,7715.9,7775.8,85605,617790
05/25/2022,7823.1,7855.9,7785.1,7828.3,69563,623765
05/26/2022,7817.9,7877.7,7796.6,7870.4,79409,627080
05/27/2022,7861.6,7898.0,7835.1,7888.1,80759,624757
05/30/2022,7892.3,7924.6,7870.4,7898.5,54004,624757
05/31/2022,7913.6,7948.0,7875.7,7892.3,120476,620576
06/01/2022,7918.8,7945.9,7819.5,7832.0,99022,620576
06/06/2022,7864.7,7954.7,7864.7,7920.9,90498,621790
06/07/2022,7913.6,7938.1,7873.1,7906.3,85009,627656
06/08/2022,7931.3,7943.3,7850.7,7891.3,99878,620013
06/09/2022,7873.1,7878.8,7718.5,7782.5,115869,641934
06/10/2022,7732.1,7750.3,7585.4,7609.8,219344,634234
06/13/2022,7578.9,7595.7,7460.4,7494.0,341191,680593
06/14/2022,7499.2,7564.7,7418.5,7481.9,512828,717912
06/15/2022,7498.7,7609.8,7472.5,7573.1,293585,682692
06/16/2022,7608.2,7632.4,7277.5,7335.2,278587,692529
06/17/2022,7293.8,7415.4,7270.2,7282.2,162816,589563
06/20/2022,7300.6,7416.4,7244.0,7401.2,56970,586680
06/21/2022,7402.3,7483.0,7391.8,7434.2,79629,585620
06/22/2022,7420.1,7420.1,7309.5,7382.3,99173,588352
06/23/2022,7328.4,7404.4,7271.8,7305.3,95668,590264
06/24/2022,7299.5,7540.1,7295.3,7502.9,94630,588624
06/27/2022,7511.8,7582.0,7500.8,7568.4,82639,582369
06/28/2022,7543.8,7661.7,7530.7,7624.0,80041,583029
06/29/2022,7574.7,7644.4,7539.6,7609.8,77495,581307
06/30/2022,7588.9,7595.7,7393.4,7464.6,134691,575910
07/01/2022,7483.5,7531.7,7382.9,7443.7,100752,577132
07/04/2022,7492.4,7550.6,7465.7,7532.8,52548,577132
07/05/2022,7548.0,7574.7,7289.1,7298.0,119962,580899
07/06/2022,7367.7,7488.7,7350.4,7388.1,127647,586175
07/07/2022,7446.8,7509.7,7422.7,7495.6,104037,587414
07/08/2022,7490.8,7507.1,7417.5,7497.7,82061,588629
07/11/2022,7481.9,7510.2,7383.9,7479.3,81099,589814
07/12/2022,7479.8,7520.7,7430.0,7503.9,71976,590178
07/13/2022,7478.8,7506.6,7391.3,7459.9,92801,591365
07/14/2022,7439.5,7481.4,7291.1,7343.0,119127,591943
07/15/2022,7380.2,7469.9,7323.6,7461.5,103947,592456
07/18/2022,7472.5,7570.5,7451.0,7516.0,77507,597320
07/19/2022,7494.0,7619.8,7468.8,7596.7,92304,602295
07/20/2022,7620.8,7652.3,7535.4,7565.8,93148,601756
07/21/2022,7543.8,7596.7,7494.0,7554.8,92881,609566
07/22/2022,7571.0,7617.2,7527.0,7583.6,81523,611712
07/25/2022,7541.2,7620.8,7533.8,7604.6,64290,612610
07/26/2022,7599.3,7669.0,7587.8,7609.8,74638,614975
07/27/2022,7605.1,7692.6,7603.0,7655.9,70209,619897
07/28/2022,7676.4,7706.8,7608.8,7648.1,79994,617775
07/29/2022,7688.4,7760.8,7655.4,7733.5,103160,620902
08/01/2022,7741.9,7780.7,7698.4,7735.1,85292,625843
08/02/2022,7704.7,7739.8,7678.0,7725.7,70855,629219
08/03/2022,7702.1,7772.8,7672.2,7747.7,76523,635479
08/04/2022,7749.2,7810.0,7730.9,7766.0,81312,638169
08/05/2022,7751.3,7787.0,7730.4,7750.8,70822,637335
08/08/2022,7758.1,7832.0,7758.1,7806.4,72246,644303
08/09/2022,7807.4,7821.0,7786.4,7809.0,58546,640581
08/10/2022,7807.9,7848.3,7779.1,7836.8,81310,646480
08/11/2022,7840.4,7867.2,7796.4,7812.1,82907,649825
08/12/2022,7813.7,7890.2,7802.7,7845.2,74887,648427
08/15/2022,7878.7,7886.6,7803.2,7848.3,67833,645911
08/16/2022,7868.7,7910.1,7863.5,7887.6,75971,653693
08/17/2022,7903.9,7914.9,7842.5,7857.7,74159,659812
08/18/2022,7858.8,7927.4,7850.9,7899.7,74942,663241
08/19/2022,7929.0,7940.5,7871.4,7900.7,97693,666429
08/22/2022,7881.8,7910.7,7846.2,7889.7,83986,662610
08/23/2022,7894.9,7901.8,7821.0,7836.8,92218,659010
08/24/2022,7838.9,7851.4,7760.8,7833.6,83694,655934
08/25/2022,7831.0,7901.2,7825.2,7845.7,78545,657528
08/26/2022,7861.9,7894.4,7747.7,7786.4,93261,657528
08/30/2022,7758.1,7848.8,7682.1,7712.5,134108,654504
08/31/2022,7686.9,7749.2,7611.4,7639.2,143170,644850
09/01/2022,7596.7,7607.7,7477.7,7483.5,129397,635313
09/02/2022,7537.0,7645.5,7500.3,7637.1,124106,628225
09/05/2022,7573.7,7646.5,7534.3,7637.6,70389,628225
09/06/2022,7631.3,7681.1,7605.1,7653.8,98054,635233
09/07/2022,7611.9,7626.6,7533.8,7606.7,123145,627337
09/08/2022,7586.8,7630.3,7522.3,7615.6,143727,640022
09/09/2022,7609.8,7746.6,7609.8,7723.0,227565,643940
09/12/2022,7762.9,7847.2,7727.7,7840.4,326896,667225
09/13/2022,7819.5,7880.2,7675.1,7749.4,459109,700916
09/14/2022,7695.5,7705.9,7608.1,7633.7,308619,667833
09/15/2022,7681.4,7685.5,7608.1,7645.2,171119,661892
09/16/2022,7597.6,7650.5,7569.9,7586.6,124626,661892
09/20/2022,7601.3,7682.4,7505.5,7531.2,110958,584627
09/21/2022,7532.2,7632.2,7509.2,7584.0,96716,584260
09/22/2022,7509.2,7592.9,7484.1,7490.9,108812,584238
09/23/2022,7520.2,7539.0,7311.4,7343.8,159221,577256
09/26/2022,7353.3,7415.5,7277.4,7344.9,167923,574614
09/27/2022,7353.3,7416.0,7268.5,7329.2,132807,568926
09/28/2022,7304.1,7387.8,7163.3,7339.6,178770,572215
09/29/2022,7369.0,7380.5,7160.2,7197.3,156169,571418
09/30/2022,7223.5,7293.1,7147.1,7236.6,155719,567417
10/03/2022,7131.9,7266.4,7109.9,7238.7,131527,553648
10/04/2022,7254.9,7428.6,7242.3,7424.9,132829,549853
10/05/2022,7397.7,7422.3,7309.8,7387.8,104500,545538
10/06/2022,7401.9,7449.0,7293.1,7337.0,117092,546127
10/07/2022,7313.0,7359.0,7292.0,7326.0,87686,548172
10/10/2022,7294.6,7334.9,7252.3,7305.6,92101,552909
10/11/2022,7295.7,7299.4,7175.9,7218.8,118432,555407
10/12/2022,7202.5,7256.4,7112.5,7150.7,117542,556298
10/13/2022,7127.2,7234.5,7025.2,7182.7,150265,561538
10/14/2022,7221.4,7310.9,7150.2,7199.4,126058,558812
10/17/2022,7172.7,7292.0,7157.5,7251.2,83952,560488
10/18/2022,7273.7,7351.2,7249.6,7270.0,89133,557037
10/19/2022,7307.2,7331.8,7217.2,7258.0,75267,556817
10/20/2022,7246.0,7285.2,7217.2,7270.0,82192,558738
10/21/2022,7236.6,7336.5,7186.3,7301.4,120308,565569
10/24/2022,7350.1,7382.6,7239.7,7355.3,99818,567631
10/25/2022,7353.3,7365.8,7276.9,7348.0,91610,570333
10/26/2022,7339.1,7393.5,7286.8,7387.3,92482,567027
10/27/2022,7369.5,7427.6,7354.8,7405.1,84225,562183
10/28/2022,7367.4,7412.9,7319.2,7372.1,87995,561828
10/31/2022,7389.4,7467.3,7356.4,7438.5,112379,562985
11/01/2022,7450.1,7559.4,7450.1,7519.7,101471,556444
11/02/2022,7519.1,7545.3,7424.4,7481.5,104115,553044
11/03/2022,7432.8,7539.0,7401.4,7518.1,98105,551188
11/04/2022,7513.4,7720.1,7508.1,7699.7,140008,560366
11/07/2022,7652.6,7688.2,7590.3,7639.5,102756,557688
11/08/2022,7611.8,7656.8,7575.7,7649.4,85557,558204
11/09/2022,7624.8,7648.4,7598.2,7636.4,79963,558255
11/10/2022,7609.1,7756.7,7596.6,7742.6,136597,563952
11/11/2022,7743.6,7782.9,7661.5,7674.0,119319,558076
11/14/2022,7679.8,7762.5,7673.5,7736.3,89208,560213
11/15/2022,7699.7,7760.9,7654.7,7705.9,90365,559425
11/16/2022,7653.1,7741.0,7645.2,7701.2,77491,561968
11/17/2022,7676.6,7728.5,7640.0,7694.4,78870,565100
11/18/2022,7724.8,7778.2,7698.6,7734.7,96291,562538
11/21/2022,7740.5,7769.8,7690.3,7730.0,65022,569193
11/22/2022,7759.3,7827.9,7745.7,7806.9,69891,573738
11/23/2022,7814.3,7855.1,7804.9,7827.4,80314,583210
11/24/2022,7830.5,7850.9,7803.3,7833.6,47589,583210
11/25/2022,7827.4,7859.8,7819.0,7849.3,58146,588492
11/28/2022,7823.7,7859.8,7779.2,7842.5,85451,596891
11/29/2022,7836.8,7906.9,7832.1,7877.6,88513,596193
11/30/2022,7900.6,7981.2,7887.0,7952.9,135378,600281
12/01/2022,7969.2,7985.4,7911.1,7919.5,106269,596008
12/02/2022,7917.4,7933.6,7865.0,7922.6,82130,596295
12/05/2022,7909.0,7961.3,7902.7,7937.2,78597,594857
12/06/2022,7927.3,7939.9,7859.8,7890.1,96878,598124
12/07/2022,7915.8,7927.8,7843.6,7859.8,92473,601152
12/08/2022,7836.2,7868.2,7808.5,7834.2,107306,604653
12/09/2022,7824.2,7854.0,7780.3,7830.0,162214,612295
12/12/2022,7803.8,7828.9,7789.2,7801.7,244325,666606
12/13/2022,7810.1,7909.0,7776.6,7850.9,424184,703277
12/14/2022,7851.4,7861.9,7810.1,7848.8,301756,697665
12/15/2022,7840.4,7850.9,7754.6,7767.2,204040,682303
12/16/2022,7795.4,7811.7,7641.6,7673.0,182212,549488
12/19/2022,7675.6,7728.4,7675.0,7712.2,75205,551701
12/20/2022,7705.4,7733.7,7633.7,7709.1,81207,558015
12/21/2022,7733.7,7869.2,7719.5,7842.5,81936,562438
12/22/2022,7865.6,7892.8,7768.7,7810.6,82131,557823
12/23/2022,7801.7,7843.6,7800.1,7815.8,29007,557823
12/28/2022,7799.6,7894.9,7799.6,7847.2,65204,558735
12/29/2022,7820.0,7868.7,7771.4,7853.0,59337,561955
12/30/2022,7864.0,7864.0,7792.3,7815.3,41739,562159
01/03/2023,7842.0,7974.4,7751.5,7900.6,157836,572290
01/04/2023,7902.2,7956.6,7896.4,7925.2,89784,577453
01/05/2023,7910.1,8005.8,7901.7,7986.5,89800,579048
01/06/2023,8002.7,8069.7,7987.0,8047.2,78812,585327
01/09/2023,8071.8,8080.2,8022.6,8070.7,87386,592365
01/10/2023,8021.5,8066.0,8012.6,8037.8,74216,592403
01/11/2023,8069.7,8122.6,8044.6,8076.5,89238,600478
01/12/2023,8103.2,8167.6,8087.5,8157.6,96939,605904
01/13/2023,8168.1,8219.9,8152.9,8203.2,94745,614675
01/16/2023,8218.3,8221.5,8191.1,8215.2,46460,614675
01/17/2023,8221.5,8230.4,8182.2,8197.9,85875,623083
01/18/2023,8194.3,8220.4,8134.6,8177.5,85425,621124
01/19/2023,8136.7,8152.9,8069.7,8094.8,102541,617457
01/20/2023,8128.3,8145.6,8093.2,8114.2,91144,615829
01/23/2023,8137.2,8158.7,8112.1,8137.2,79012,620158
01/24/2023,8142.4,8154.5,8084.9,8110.5,81482,617988
01/25/2023,8097.4,8118.9,8051.4,8082.8,74240,618090
01/26/2023,8103.7,8127.8,8087.5,8102.1,74495,619911
01/27/2023,8117.8,8123.1,8080.2,8100.0,72272,626108
01/30/2023,8100.0,8134.1,8049.8,8126.7,80310,634722
01/31/2023,8126.2,8135.1,8041.4,8112.1,106591,639907
02/01/2023,8114.2,8147.2,8074.4,8093.8,93997,634986
02/02/2023,8138.3,8177.0,8106.8,8158.7,113309,640645
02/03/2023,8154.5,8255.5,8144.5,8240.8,108184,653730
02/06/2023,8226.2,8234.6,8141.4,8173.3,102701,646873
02/07/2023,8184.8,8244.5,8177.5,8196.3,99830,642263
02/08/2023,8229.3,8272.8,8204.7,8217.8,97996,642035
02/09/2023,8229.8,8285.9,8220.4,8248.7,91445,650719
02/10/2023,8230.4,8246.1,8179.1,8205.8,93215,651930
02/13/2023,8205.8,8300.0,8197.4,8277.0,80788,654870
02/14/2023,8285.9,8337.1,8279.6,8300.0,116472,655071
02/15/2023,8315.7,8367.0,8252.4,8337.7,98965,661920
02/16/2023,8364.4,8395.8,8322.0,8355.5,99844,663053
02/17/2023,8346.6,8365.4,8296.3,8336.6,109254,657880
02/20/2023,8354.4,8372.7,8335.6,8354.9,49605,657880
02/21/2023,8343.9,8354.9,8289.5,8316.2,103065,656055
02/22/2023,8299.5,8303.1,8212.6,8259.7,112214,652408
02/23/2023,8264.9,8302.6,8241.9,8266.5,86542,653393
02/24/2023,8296.3,8305.7,8220.9,8240.3,103505,654202
02/27/2023,8270.1,8305.7,8258.6,8290.0,90848,657185
02/28/2023,8295.8,8302.6,8202.1,8229.3,121388,647899
03/01/2023,8216.8,8304.7,8199.5,8263.9,119275,649636
03/02/2023,8288.5,8338.2,8237.2,8310.4,101818,649096
03/03/2023,8335.6,8342.9,8282.7,8316.7,98997,645546
03/06/2023,8316.7,8322.5,8259.2,8288.5,87978,642425
03/07/2023,8302.6,8326.2,8247.6,8278.0,104904,644819
03/08/2023,8262.3,8311.5,8249.7,8296.3,113672,650169
03/09/2023,8292.7,8292.7,8173.8,8248.2,122292,677320
03/10/2023,8168.1,8169.1,8033.1,8092.7,319962,666440
03/13/2023,8092.7,8107.4,7873.9,7897.0,849015,698598
03/14/2023,7898.5,7994.8,7842.0,7976.5,889974,736024
03/15/2023,7971.3,7990.7,7646.8,7667.2,472389,703403
03/16/2023,7763.5,7811.7,7666.2,7749.9,315599,694173
03/17/2023,7790.2,7858.8,7644.2,7669.3,151711,697151
03/20/2023,7707.5,7772.9,7534.8,7741.0,107184,591089
03/21/2023,7765.6,7915.8,7753.0,7884.4,87918,595312
03/22/2023,7898.5,7939.9,7846.2,7915.3,99561,590796
03/23/2023,7867.1,7906.4,7763.5,7854.1,116395,591985
03/24/2023,7795.4,7824.2,7674.0,7743.6,82938,594512
03/27/2023,7792.8,7854.6,7770.8,7828.4,62671,599443
03/28/2023,7858.8,7876.0,7797.0,7834.7,71175,604097
03/29/2023,7834.7,7929.4,7816.9,7905.9,71698,600553
03/30/2023,7911.1,7996.9,7911.1,7980.7,86926,602111
03/31/2023,7981.8,8016.3,7973.4,7996.4,81720,601215
04/03/2023,8001.6,8058.2,7997.5,8026.8,78094,595352
04/04/2023,8052.4,8088.0,7981.2,7994.3,72580,598626
04/05/2023,8001.1,8033.1,7988.6,8004.3,66003,597499
04/06/2023,8023.1,8124.1,8011.1,8099.0,66003,597499
04/11/2023,8133.0,8171.8,8114.7,8145.6,82136,595723
04/12/2023,8150.3,8225.7,8136.2,8185.9,66765,596991
04/13/2023,8167.0,8236.1,8164.4,8213.1,64559,596408
04/14/2023,8227.2,8273.3,8215.2,8241.4,66356,593403
04/17/2023,8266.0,8284.8,8240.3,8248.7,68559,594692
04/18/2023,8265.4,8286.9,8247.1,8275.9,64294,595065
04/19/2023,8272.8,8282.2,8236.1,8264.4,65733,592846
04/20/2023,8250.3,8284.3,8240.8,8266.0,87254,596221
04/21/2023,8272.2,8306.8,8250.8,8272.8,56956,592410
04/24/2023,8273.8,8295.3,8240.8,8279.6,67041,591487
04/25/2023,8274.3,8275.9,8217.8,8258.6,95114,593764
04/26/2023,8234.6,8259.2,8176.5,8213.1,75779,593511
04/27/2023,8196.3,8242.4,8179.1,8194.8,91521,593039
04/28/2023,8231.4,8245.5,8150.3,8230.4,91521,593039
05/02/2023,8215.7,8263.9,8120.5,8132.5,76732,605649
05/03/2023,8157.6,8179.1,8117.3,8149.2,101851,606239
05/04/2023,8107.4,8140.9,8047.2,8068.1,75311,609464
05/05/2023,8082.8,8172.8,8076.0,8143.0,75311,609464
05/09/2023,8151.3,8173.3,8093.2,8111.0,76559,605871
05/10/2023,8121.5,8139.8,8062.9,8098.0,102934,601239
05/11/2023,8109.5,8155.5,8043.0,8092.7,79614,604150
05/12/2023,8117.8,8143.5,8102.1,8117.8,59286,604174
05/15/2023,8117.8,8163.9,8112.6,8143.5,79989,605343
05/16/2023,8150.8,8175.4,8090.6,8115.7,86521,603322
05/17/2023,8099.0,8125.7,8073.9,8082.2,81099,603928
05/18/2023,8121.0,8154.0,8097.4,8118.9,97377,602234
05/19/2023,8138.3,8166.5,8119.9,8143.5,67936,602369
05/22/2023,8146.1,8159.7,8121.5,8147.2,75118,602451
05/23/2023,8159.7,8174.4,8094.3,8130.4,141510,600450
05/24/2023,8104.8,8104.8,7950.4,7977.6,107124,605700
05/25/2023,8000.6,8000.6,7920.5,7940.9,89657,607211
05/26/2023,7940.4,8008.5,7914.8,7994.3,94895,610120
05/30/2023,7993.3,8003.7,7871.3,7878.6,145495,613855
05/31/2023,7895.9,7898.0,7790.2,7800.7,108266,618521
06/01/2023,7819.5,7866.6,7799.1,7856.7,103848,623272
06/02/2023,7859.8,7992.7,7849.3,7976.0,90251,613404
06/05/2023,7986.5,8019.4,7941.5,7958.7,89289,610863
06/06/2023,7940.9,8006.9,7911.6,7994.3,120529,612266
06/07/2023,8010.5,8010.5,7961.3,7987.0,125895,616480
06/08/2023,8001.6,8004.8,7948.3,7962.4,241057,611298
06/09/2023,7977.0,7981.2,7903.8,7919.0,387086,627294
06/12/2023,7938.8,7966.1,7913.7,7922.1,403380,657459
06/13/2023,7935.2,7971.7,7912.7,7958.7,352293,669223
06/14/2023,7946.6,8001.0,7932.5,7973.8,175088,624051
06/15/2023,7949.8,7999.9,7937.8,7990.5,137473,605277
06/16/2023,7985.3,8050.1,7970.2,8001.0,50545,555613
06/19/2023,7981.7,7983.2,7935.2,7941.4,74524,556345
06/20/2023,7950.3,7964.4,7915.3,7919.5,78102,553823
06/21/2023,7921.0,7932.5,7868.3,7915.3,104704,555263
06/22/2023,7900.1,7900.1,7801.4,7846.9,77575,560173
06/23/2023,7862.5,7865.1,7785.7,7807.1,77807,563087
06/26/2023,7810.3,7825.4,7741.8,7797.2,70500,561314
06/27/2023,7817.1,7847.4,7772.7,7814.5,70197,563105
06/28/2023,7824.9,7868.3,7820.2,7852.6,68897,562815
06/29/2023,7859.4,7866.7,7804.0,7818.6,87639,568750
06/30/2023,7838.5,7901.7,7823.3,7880.8,66050,569348
07/03/2023,7897.0,7911.1,7858.3,7872.5,93010,566750
07/04/2023,7870.4,7893.4,7858.3,7861.0,93010,566750
07/05/2023,7862.5,7866.2,7769.5,7778.9,125141,568048
07/06/2023,7771.6,7773.2,7590.8,7600.2,102250,573326
07/07/2023,7608.6,7614.3,7548.5,7575.2,83879,574441
07/10/2023,7592.9,7631.1,7548.0,7596.1,76528,573721
07/11/2023,7585.1,7619.0,7557.4,7599.2,96463,571723
07/12/2023,7614.9,7755.4,7612.8,7750.2,70721,562950
07/13/2023,7748.1,7790.9,7738.2,7776.8,66307,559769
07/14/2023,7765.9,7815.0,7746.5,7772.7,65653,553748
07/17/2023,7739.7,7770.0,7722.5,7742.9,64651,558618
07/18/2023,7737.6,7795.6,7726.7,7789.4,121325,563009
07/19/2023,7787.3,7965.5,7783.6,7936.2,98258,559616
07/20/2023,7905.4,7999.9,7905.4,7987.9,81444,553966
07/21/2023,7985.8,8012.0,7972.3,7996.8,71358,552891
07/24/2023,8001.5,8026.1,7953.4,8021.9,64597,557813
07/25/2023,8016.1,8038.1,8005.7,8029.2,80717,555670
07/26/2023,8013.5,8038.6,7959.7,8008.3,87689,556138
07/27/2023,8010.9,8045.4,7988.4,8038.6,81224,563305
07/28/2023,7995.8,8052.2,7978.5,8030.2,82446,564876
07/31/2023,8009.3,8056.9,7985.3,8035.0,77761,558535
08/01/2023,8033.4,8045.9,7977.0,7995.2,126155,557740
08/02/2023,7985.3,7987.9,7840.1,7871.4,106894,562431
08/03/2023,7876.1,7894.4,7758.5,7846.3,73707,559711
08/04/2023,7867.8,7898.6,7809.2,7892.3,65323,559617
08/07/2023,7855.2,7893.9,7826.5,7878.7,69677,556663
08/08/2023,7890.2,7892.3,7806.6,7846.3,82252,549428
08/09/2023,7865.1,7931.0,7865.1,7902.2,91070,546675
08/10/2023,7923.7,7981.7,7917.9,7972.8,90139,547959
08/11/2023,7955.5,7955.5,7856.3,7873.5,76314,546713
08/14/2023,7891.8,7900.1,7822.3,7848.4,109314,545208
08/15/2023,7869.8,7874.5,7709.4,7727.2,87387,545656
08/16/2023,7725.1,7739.2,7672.9,7692.2,77880,547912
08/17/2023,7668.2,7695.9,7615.4,7645.7,104928,545893
08/18/2023,7614.9,7637.9,7549.6,7600.2,71318,548739
08/21/2023,7601.3,7655.6,7585.1,7592.9,63874,549530
08/22/2023,7596.6,7648.8,7590.3,7609.6,75653,552723
08/23/2023,7594.0,7688.5,7594.0,7660.8,79374,552679
08/24/2023,7673.4,7732.4,7654.1,7679.1,72237,552501
08/25/2023,7657.7,7733.5,7652.0,7685.4,72237,552501
08/29/2023,7729.8,7830.1,7710.5,7816.5,71057,551718
08/30/2023,7830.7,7857.8,7809.8,7820.7,98010,551295
08/31/2023,7820.7,7855.2,7768.5,7798.3,80754,553774
09/01/2023,7786.8,7845.3,7778.4,7818.1,82934,558330
09/04/2023,7839.5,7876.6,7794.6,7799.3,82934,558330
09/05/2023,7804.0,7830.1,7731.4,7782.6,76065,564355
09/06/2023,7765.9,7794.1,7709.4,7768.5,103316,564281
09/07/2023,7769.5,7806.6,7723.5,7784.7,107216,590169
09/08/2023,7787.8,7835.9,7740.3,7821.8,444566,605506
09/11/2023,7823.3,7897.0,7808.2,7843.2,363773,638853
09/12/2023,7853.1,7897.5,7840.6,7874.5,311566,668407
09/13/2023,7867.3,7890.1,7830.5,7880.2,227367,655111
09/14/2023,7871.4,8052.9,7864.7,8036.3,162077,661152
09/15/2023,8053.4,8098.5,8043.0,8078.8,88716,502802
09/18/2023,8066.9,8069.0,7983.9,7993.3,72470,504715
09/19/2023,8007.8,8027.5,7983.4,8002.1,90821,500036
09/20/2023,8007.8,8087.1,7977.7,8080.9,109674,502100
09/21/2023,8028.5,8085.5,7974.1,8015.6,112434,499149
09/22/2023,7971.5,8072.1,7967.3,8025.4,85761,501696
09/25/2023,8005.7,8017.6,7907.7,7947.1,82601,502883
09/26/2023,7968.4,7987.6,7916.5,7958.0,76801,501693
09/27/2023,7930.0,7973.6,7883.4,7914.5,96696,492219
09/28/2023,7926.4,7952.3,7848.1,7933.6,119952,490995
09/29/2023,7937.8,8007.3,7902.5,7953.9,114515,486877
10/02/2023,7943.0,7960.6,7807.7,7831.5,97404,487201
10/03/2023,7830.5,7869.4,7777.6,7794.7,111869,490038
10/04/2023,7795.7,7809.2,7696.7,7723.2,92861,493492
10/05/2023,7738.2,7806.1,7720.0,7767.7,91263,490808
10/06/2023,7773.4,7849.1,7734.0,7810.8,70705,488172
10/09/2023,7810.3,7857.4,7782.8,7805.1,99712,484790
10/10/2023,7842.9,7963.2,7840.3,7955.4,75850,487100
10/11/2023,7933.1,7972.5,7925.4,7941.9,77170,484240
10/12/2023,7966.8,8009.9,7921.2,7965.8,80077,486591
10/13/2023,7957.5,7979.8,7904.6,7913.4,69785,487078
10/16/2023,7936.2,7967.3,7896.3,7951.8,86631,487333
10/17/2023,7956.5,8019.2,7932.1,7996.4,96339,492749
10/18/2023,7988.6,8023.3,7874.0,7898.9,110394,485206
10/19/2023,7881.3,7898.9,7771.9,7812.9,111116,488584
10/20/2023,7774.5,7793.1,7682.2,7699.3,98869,485495
10/23/2023,7698.8,7707.1,7632.4,7671.8,93243,488169
10/24/2023,7658.4,7704.0,7616.4,7681.7,82346,485424
10/25/2023,7694.1,7726.3,7661.5,7713.3,93498,488195
10/26/2023,7677.0,7692.1,7612.2,7647.5,96905,487485
10/27/2023,7652.1,7671.8,7542.7,7582.1,83900,486657
10/30/2023,7581.6,7650.1,7580.6,7611.7,97626,486570
10/31/2023,7615.8,7662.5,7593.0,7598.2,96233,488401
11/01/2023,7610.7,7673.9,7588.4,7628.3,121475,492564
11/02/2023,7667.7,7760.0,7656.8,7732.0,104288,494222
11/03/2023,7754.3,7772.4,7679.1,7689.5,74312,499513
11/06/2023,7688.4,7734.6,7679.6,7707.6,76594,500625
11/07/2023,7702.4,7715.4,7677.5,7694.6,76116,504699
11/08/2023,7683.8,7725.2,7660.4,7686.9,90894,502327
11/09/2023,7668.7,7757.9,7652.7,7747.0,99410,513067
11/10/2023,7705.0,7710.7,7602.4,7643.8,74820,507131
11/13/2023,7666.7,7724.2,7642.8,7713.3,100358,513039
11/14/2023,7715.9,7743.4,7669.8,7734.0,115729,512961
11/15/2023,7719.0,7824.8,7713.3,7769.3,92836,511082
11/16/2023,7769.3,7792.6,7697.2,7704.0,97275,507123
11/17/2023,7723.7,7813.9,7718.0,7799.4,70898,505544
11/20/2023,7807.1,7807.1,7764.6,7792.6,61122,502827
11/21/2023,7791.1,7795.2,7737.7,7773.4,65929,505430
11/22/2023,7778.1,7800.9,7742.3,7757.9,54662,502852
11/23/2023,7765.7,7795.2,7745.5,7787.4,54662,502852
11/24/2023,7788.5,7799.4,7744.4,7788.5,58256,504674
11/27/2023,7782.8,7791.6,7746.0,7758.9,74439,504629
11/28/2023,7756.3,7759.5,7693.1,7751.7,75356,508457
11/29/2023,7735.1,7751.2,7697.8,7718.0,128308,509845
11/30/2023,7720.0,7790.6,7672.9,7735.6,110628,507566
12/01/2023,7759.5,7837.2,7756.3,7823.7,79730,510583
12/04/2023,7813.9,7831.0,7764.6,7798.9,82828,505340
12/05/2023,7794.2,7795.2,7746.5,7778.6,103687,506813
12/06/2023,7786.4,7834.6,7773.4,7820.6,92680,505437
12/07/2023,7783.8,7811.3,7762.0,7804.6,198871,512899
12/08/2023,7807.7,7870.4,7793.1,7842.9,340617,535280
12/11/2023,7847.1,7849.1,7774.5,7837.2,336114,566490
12/12/2023,7845.0,7895.8,7824.8,7834.6,304978,616334
12/13/2023,7843.9,7888.4,7826.4,7839.8,262809,628403
12/14/2023,7904.9,8017.5,7891.5,7935.9,142339,630574
12/15/2023,7929.2,7957.1,7830.0,7858.4,72563,503332
12/18/2023,7842.9,7915.2,7833.6,7902.3,69523,501915
12/19/2023,7898.2,7941.1,7885.3,7926.1,105600,505492
12/20/2023,7936.9,8055.3,7932.3,8010.8,66796,514401
12/21/2023,7954.5,8000.5,7944.7,7981.4,29203,518434
12/22/2023,7975.2,8001.0,7944.2,7990.1,29203,518434
12/27/2023,8011.3,8047.0,7992.2,8013.4,54406,521733
12/28/2023,8017.5,8043.4,7985.5,8004.1,34980,526444
12/29/2023,7994.8,8025.8,7994.8,8015.5,94228,527730
01/02/2024,8014.4,8045.4,7958.6,7983.4,89483,528844
01/03/2024,7975.7,8018.1,7915.2,7947.8,68181,527558
01/04/2024,7966.4,7996.9,7940.0,7994.3,71899,526637
01/05/2024,7969.0,7970.0,7902.8,7952.4,63807,522515
01/08/2024,7946.7,7990.7,7895.6,7950.4,57084,528837
01/09/2024,7976.7,7985.5,7930.2,7947.8,60845,529721
01/10/2024,7934.9,7943.1,7903.9,7912.6,100399,527197
01/11/2024,7926.1,7955.0,7827.4,7834.6,81498,530295
01/12/2024,7850.6,7913.7,7849.1,7881.6,82430,530674
01/15/2024,7893.5,7898.2,7829.5,7842.4,82430,530674
01/16/2024,7827.9,7838.2,7778.8,7805.2,133020,534280
01/17/2024,7781.9,7781.9,7644.5,7683.7,96534,540750
01/18/2024,7686.3,7725.6,7668.8,7702.9,88669,537119
01/19/2024,7724.1,7768.0,7691.5,7705.5,76617,539209
01/22/2024,7751.4,7757.1,7695.6,7737.5,68515,541028
01/23/2024,7739.6,7771.1,7706.0,7738.0,79673,543756
01/24/2024,7758.2,7782.4,7736.5,7777.3,84834,546167
01/25/2024,7759.2,7799.0,7743.7,7771.6,107363,543512
01/26/2024,7792.3,7896.1,7789.2,7887.3,70745,541531
01/29/2024,7879.6,7908.0,7871.3,7875.4,71368,543591
01/30/2024,7903.9,7927.1,7882.2,7912.6,106586,547750
01/31/2024,7915.2,7930.2,7840.8,7883.7,101812,545831
02/01/2024,7853.2,7910.6,7835.7,7848.1,79217,543746
02/02/2024,7897.1,7920.9,7840.8,7846.0,83270,542960
02/05/2024,7848.1,7902.3,7827.4,7836.7,92601,550135
02/06/2024,7858.9,7933.8,7850.1,7919.9,78072,542655
02/07/2024,7930.2,7942.6,7853.7,7855.8,83139,538791
02/08/2024,7862.0,7879.6,7813.4,7818.1,72785,540399
02/09/2024,7839.8,7839.8,7777.8,7793.8,71411,538419
02/12/2024,7815.5,7815.5,7776.2,7796.4,103080,543566
02/13/2024,7805.2,7807.8,7679.6,7726.6,106634,547867
02/14/2024,7706.5,7810.9,7696.2,7777.3,85009,547159
02/15/2024,7796.9,7858.4,7789.7,7827.9,119392,543667
02/16/2024,7851.2,7954.5,7846.0,7944.2,91141,542822
02/19/2024,7936.4,7973.1,7919.9,7960.2,91141,542822
02/20/2024,7961.7,7979.8,7930.2,7947.3,118316,537657
02/21/2024,7944.2,7954.0,7864.1,7885.3,94691,533321
02/22/2024,7907.5,7943.6,7888.9,7930.2,69083,533598
02/23/2024,7927.6,7956.6,7911.6,7948.8,60383,533438
02/26/2024,7937.4,7949.3,7912.6,7923.5,57722,533784
02/27/2024,7914.7,7936.9,7904.9,7922.5,83619,536235
02/28/2024,7925.0,7930.7,7845.5,7858.4,108422,539125
02/29/2024,7853.7,7916.8,7852.2,7881.1,96840,541046
03/01/2024,7912.6,7934.9,7879.1,7925.6,75410,541879
03/04/2024,7923.5,7923.5,7854.8,7868.2,84504,541269
03/05/2024,7865.6,7888.9,7827.9,7877.5,96020,536150
03/06/2024,7868.7,7936.9,7867.2,7913.2,116154,536370
03/07/2024,7906.4,7973.1,7898.7,7960.7,153688,539091
03/08/2024,7951.4,7974.6,7901.8,7918.3,685240,546010
03/11/2024,7901.8,7951.4,7865.6,7925.6,695453,607598
03/12/2024,7958.6,8024.3,7955.0,8008.2,329268,602205
03/13/2024,8012.4,8045.8,7992.3,8032.4,210500,583448
03/14/2024,8042.7,8043.2,7966.0,7998.5,123126,604702
03/15/2024,7988.7,8018.0,7970.7,7986.1,55498,582291
03/18/2024,7991.3,8005.7,7965.5,7977.9,71739,522870
03/19/2024,7959.3,7995.4,7943.4,7987.7,59411,522492
03/20/2024,7979.4,8030.4,7958.3,7991.3,138014,521798
03/21/2024,8023.2,8165.7,8023.2,8149.2,99575,529433
03/22/2024,8145.6,8228.0,8137.4,8199.1,73622,534092
03/25/2024,8196.1,8203.8,8151.3,8181.1,71266,532681
03/26/2024,8179.6,8196.1,8149.2,8193.0,75726,531796
03/27/2024,8183.2,8206.3,8144.1,8186.3,89204,532859
03/28/2024,8208.9,8238.8,8204.8,8220.8,89204,532859
04/02/2024,8210.5,8276.3,8176.5,8191.9,89368,540997
04/03/2024,8198.1,8198.1,8131.2,8183.7,81149,535673
04/04/2024,8182.7,8243.9,8127.6,8224.9,105366,534853
04/05/2024,8142.0,8175.5,8102.9,8148.7,64727,531500
04/08/2024,8169.3,8201.7,8131.2,8190.9,72568,531780
04/09/2024,8186.3,8209.9,8161.6,8177.0,83445,530315
04/10/2024,8194.5,8248.5,8158.0,8204.8,86888,532678
04/11/2024,8204.3,8235.7,8137.4,8172.4,119698,533760
04/12/2024,8195.5,8303.6,8174.4,8248.5,95871,539198
04/15/2024,8209.9,8265.5,8151.3,8211.0,147224,536801
04/16/2024,8160.5,8162.6,8036.5,8058.7,113576,531757
04/17/2024,8086.4,8142.5,8035.5,8107.0,78340,537069
04/18/2024,8122.0,8150.8,8091.1,8131.2,96060,541786
04/19/2024,8105.0,8183.2,7992.8,8143.6,111649,537747
04/22/2024,8203.3,8320.1,8198.1,8283.5,82655,545453
04/23/2024,8297.9,8333.4,8270.1,8297.4,72890,549033
04/24/2024,8321.6,8370.5,8276.3,8289.7,93398,549412
04/25/2024,8275.3,8358.1,8274.8,8326.2,79863,548993
04/26/2024,8342.2,8418.9,8329.8,8398.3,67530,549304
04/29/2024,8419.4,8448.7,8385.4,8401.4,95577,551541
04/30/2024,8399.8,8454.4,8382.3,8396.2,58279,553400
05/01/2024,8390.6,8430.2,8345.3,8369.5,84872,551823
05/02/2024,8384.4,8446.1,8370.0,8426.1,78729,552173
05/03/2024,8439.4,8503.2,8437.4,8462.1,78729,552173
05/07/2024,8524.9,8593.8,8524.9,8573.2,79413,555886
05/08/2024,8592.3,8622.1,8581.5,8609.8,77406,561171
05/09/2024,8621.1,8673.1,8606.7,8639.6,79438,567910
05/10/2024,8675.6,8716.3,8656.1,8697.2,62581,570329
05/13/2024,8680.3,8705.5,8653.0,8667.4,74819,566088
05/14/2024,8670.0,8706.5,8647.8,8688.0,77412,564822
05/15/2024,8697.2,8736.3,8685.9,8697.8,80226,565044
05/16/2024,8701.9,8730.7,8675.6,8700.3,75590,568858
05/17/2024,8706.0,8710.6,8668.9,8689.0,47312,568474
05/20/2024,8710.6,8720.4,8663.3,8692.1,74280,554902
05/21/2024,8668.4,8691.1,8625.7,8683.3,85194,555331
05/22/2024,8682.3,8704.4,8593.8,8631.9,77736,551607
05/23/2024,8638.6,8645.3,8533.1,8600.5,64332,548466
05/24/2024,8542.9,8586.6,8501.7,8576.3,75682,543758
05/28/2024,8596.9,8601.0,8492.4,8513.5,93830,544714
05/29/2024,8505.3,8518.2,8425.5,8433.3,99918,545544
05/30/2024,8418.9,8494.0,8389.0,8484.7,115955,545310
05/31/2024,8479.6,8564.0,8471.9,8527.4,89166,539976
06/03/2024,8568.1,8617.5,8483.2,8514.1,86928,545265
06/04/2024,8512.0,8516.6,8444.1,8481.6,72042,540171
06/05/2024,8511.5,8539.3,8480.1,8503.2,66143,544570
06/06/2024,8515.6,8549.6,8498.1,8540.3,66934,547477
06/07/2024,8544.4,8559.3,8459.0,8503.2,72461,545230
06/10/2024,8466.7,8501.2,8420.9,8474.4,99122,545419
06/11/2024,8489.9,8514.6,8357.6,8386.4,97373,536295
06/12/2024,8389.5,8491.9,8389.5,8476.0,129223,541476
06/13/2024,8459.1,8460.6,8389.5,8401.8,216436,534784
06/14/2024,8426.8,8451.9,8352.6,8397.7,281633,547684
06/17/2024,8415.1,8443.7,8360.8,8384.9,379239,591312
06/18/2024,8412.5,8444.8,8397.7,8434.0,203086,563764
06/19/2024,8440.2,8452.9,8402.3,8441.2,166256,564529
06/20/2024,8441.2,8531.2,8440.2,8513.3,127867,565637
06/21/2024,8522.5,8531.8,8422.8,8475.0,78995,498790
06/24/2024,8473.9,8548.1,8441.7,8542.0,77306,505539
06/25/2024,8535.9,8552.7,8452.9,8483.7,80890,506966
06/26/2024,8470.3,8537.9,8435.0,8465.2,76120,506840
06/27/2024,8442.7,8476.0,8397.7,8413.5,109536,502863
06/28/2024,8429.4,8470.9,8375.7,8405.4,91970,499337
07/01/2024,8396.1,8456.5,8377.7,8406.4,86484,495391
07/02/2024,8385.9,8397.2,8327.1,8342.9,61497,481357
07/03/2024,8369.0,8422.2,8363.4,8398.2,75027,478053
07/04/2024,8414.6,8484.7,8399.7,8463.2,75027,478053
07/05/2024,8484.7,8505.7,8401.3,8413.0,56162,479513
07/08/2024,8418.7,8454.5,8394.1,8417.6,80823,475571
07/09/2024,8438.6,8438.6,8346.5,8352.6,58996,475702
07/10/2024,8377.7,8430.9,8356.7,8411.0,60763,478820
07/11/2024,8418.7,8449.9,8402.8,8442.7,66788,481478
07/12/2024,8437.1,8494.4,8437.1,8470.9,74396,482754
07/15/2024,8451.9,8465.2,8369.5,8393.6,68918,480909
07/16/2024,8395.1,8412.5,8331.7,8379.8,76946,484630
07/17/2024,8403.3,8418.1,8336.3,8399.7,74806,484342
07/18/2024,8425.3,8478.0,8364.9,8416.1,77468,486317
07/19/2024,8400.2,8403.8,8332.2,8346.0,63394,485605
07/22/2024,8388.0,8445.8,8363.9,8410.0,72347,481940
07/23/2024,8411.5,8432.0,8349.6,8360.8,66044,475902
07/24/2024,8349.6,8370.6,8306.1,8350.1,99741,480098
07/25/2024,8337.3,8424.8,8245.7,8380.8,78911,477713
07/26/2024,8406.4,8529.2,8391.5,8489.3,82007,482639
07/29/2024,8523.1,8570.7,8477.0,8495.4,69064,488520
07/30/2024,8471.4,8496.4,8427.4,8481.6,90509,488931
07/31/2024,8498.5,8608.0,8484.7,8554.3,106913,486317
08/01/2024,8587.5,8607.0,8451.4,8469.8,120904,484047
08/02/2024,8490.3,8497.0,8345.5,8354.7,183891,479727
08/05/2024,8360.8,8385.9,8094.2,8181.2,127133,473528
08/06/2024,8237.0,8305.0,8128.0,8202.2,105798,464625
08/07/2024,8225.2,8363.4,8218.6,8350.6,82440,457293
08/08/2024,8263.1,8373.1,8259.0,8341.9,57840,458196
08/09/2024,8365.9,8405.9,8335.8,8371.6,51368,455210
08/12/2024,8401.8,8433.0,8382.3,8407.9,55161,451751
08/13/2024,8423.3,8460.1,8383.3,8435.0,71243,456717
08/14/2024,8457.0,8511.8,8441.2,8477.0,71377,457375
08/15/2024,8499.0,8594.7,8493.4,8569.1,74192,463561
08/16/2024,8584.0,8584.0,8512.3,8533.8,52105,460475
08/19/2024,8523.6,8598.8,8495.9,8587.5,66359,462406
08/20/2024,8558.4,8570.7,8456.0,8491.3,52748,457602
08/21/2024,8463.7,8515.9,8454.0,8500.5,50331,455153
08/22/2024,8507.2,8537.4,8482.6,8494.9,49284,452652
08/23/2024,8513.3,8558.4,8502.6,8549.2,49284,452652
08/27/2024,8542.0,8620.8,8541.5,8570.7,46292,461115
08/28/2024,8556.8,8594.7,8535.3,8558.9,56770,459949
08/29/2024,8555.3,8639.7,8553.3,8599.3,64796,462651
08/30/2024,8629.0,8639.2,8581.9,8585.0,73247,463738
09/02/2024,8623.4,8624.9,8567.1,8576.8,73247,463738
09/03/2024,8584.0,8606.0,8454.5,8509.8,83183,463804
09/04/2024,8471.9,8492.9,8413.5,8475.5,65683,462691
09/05/2024,8445.8,8497.5,8424.3,8463.7,84390,460286
09/06/2024,8447.3,8471.9,8369.5,8376.2,94086,463463
09/09/2024,8377.7,8505.1,8377.7,8473.9,73794,466991
09/10/2024,8480.1,8480.1,8377.7,8419.2,106101,476194
09/11/2024,8418.7,8473.4,8372.1,8399.7,98621,482591
09/12/2024,8463.2,8511.3,8421.2,8441.7,120822,482833
09/13/2024,8447.3,8490.5,8431.5,8472.7,251182,507600
09/16/2024,8493.5,8517.4,8448.8,8475.7,348595,551763
09/17/2024,8515.4,8554.5,8473.2,8517.4,205701,554170
09/18/2024,8497.1,8505.2,8435.6,8450.3,170427,547158
09/19/2024,8490.5,8569.8,8477.8,8529.6,130481,515094
09/20/2024,8518.9,8518.9,8388.8,8419.8,73371,463466
09/23/2024,8400.5,8460.5,8395.9,8448.8,67754,463115
09/24/2024,8458.0,8507.3,8439.1,8471.7,71819,460146
09/25/2024,8450.3,8509.8,8417.8,8455.9,80050,456246
09/26/2024,8467.6,8522.5,8452.4,8473.7,71635,456090
09/27/2024,8478.3,8529.1,8461.5,8514.9,87592,455133
09/30/2024,8501.2,8525.6,8413.2,8425.9,96186,454026
10/01/2024,8437.6,8492.5,8411.7,8465.1,71932,453211
10/02/2024,8461.0,8511.8,8443.7,8480.8,83582,449502
10/03/2024,8466.6,8522.5,8433.6,8461.0,72635,445395
10/04/2024,8458.5,8501.2,8414.7,8468.1,67418,443359
10/07/2024,8498.1,8514.9,8440.7,8482.9,91029,440682
10/08/2024,8469.6,8490.0,8361.4,8369.0,66384,443587
10/09/2024,8391.4,8459.5,8368.0,8423.9,69512,441744
10/10/2024,8459.0,8459.0,8394.4,8413.7,52828,441587
10/11/2024,8439.1,8443.7,8386.3,8431.5,58516,439049
10/14/2024,8429.0,8496.1,8409.2,8462.5,82549,442035
10/15/2024,8488.5,8506.7,8407.6,8431.0,91114,441638
10/16/2024,8417.3,8537.2,8410.2,8509.8,85286,445713
10/17/2024,8532.7,8574.9,8494.6,8567.2,76312,446808
10/18/2024,8552.0,8553.5,8486.9,8530.1,52613,448648
10/21/2024,8549.4,8566.7,8486.9,8495.6,74802,446095
10/22/2024,8500.6,8500.6,8419.3,8480.8,60850,444825
10/23/2024,8484.4,8492.0,8407.1,8422.9,67736,443793
10/24/2024,8433.6,8505.7,8421.4,8437.6,51957,445069
10/25/2024,8443.2,8453.9,8383.2,8414.2,78581,443620
10/28/2024,8416.3,8474.2,8370.0,8457.4,79676,444396
10/29/2024,8458.5,8491.0,8360.9,8380.2,91937,449400
10/30/2024,8375.6,8375.6,8311.1,8318.7,125396,449553
10/31/2024,8312.6,8322.2,8222.6,8261.8,96648,449141
11/01/2024,8261.8,8357.3,8258.7,8333.9,58952,443012
11/04/2024,8323.3,8394.4,8315.6,8345.1,55273,441513
11/05/2024,8322.2,8368.0,8298.3,8326.3,112677,441382
11/06/2024,8336.0,8456.9,8293.3,8309.5,77837,441319
11/07/2024,8315.1,8355.8,8291.2,8308.0,77456,444243
11/08/2024,8337.0,8344.6,8216.0,8218.5,64334,445116
11/11/2024,8251.1,8307.0,8234.3,8277.5,78547,445376
11/12/2024,8266.3,8271.4,8165.7,8173.8,65011,449700
11/13/2024,8191.6,8212.4,8145.9,8179.9,70688,446131
11/14/2024,8202.8,8242.4,8160.6,8228.7,68721,445014
11/15/2024,8203.8,8253.1,8184.5,8223.6,61279,446587
11/18/2024,8250.1,8285.1,8209.4,8259.7,66548,447765
11/19/2024,8276.5,8308.0,8206.3,8256.7,66089,448225
11/20/2024,8259.7,8285.6,8227.2,8237.9,72460,445917
11/21/2024,8248.0,8346.6,8221.1,8311.6,88455,449312
11/22/2024,8328.3,8438.6,8328.3,8426.9,83228,452281
11/25/2024,8475.2,8499.6,8426.9,8452.9,63084,452086
11/26/2024,8418.3,8444.2,8393.9,8419.3,57500,449017
11/27/2024,8419.8,8439.1,8393.9,8435.1,63151,457916
11/28/2024,8430.5,8463.0,8429.0,8437.6,63151,457916
11/29/2024,8416.3,8456.9,8409.7,8446.3,78364,456696
12/02/2024,8426.4,8492.0,8417.3,8462.5,82779,457339
12/03/2024,8482.4,8547.9,8468.1,8525.0,80268,458738
12/04/2024,8506.2,8518.4,8468.6,8493.0,57176,468070
12/05/2024,8472.2,8516.9,8468.6,8503.7,65129,470686
12/06/2024,8498.1,8508.8,8441.7,8458.5,73137,470363
12/09/2024,8447.3,8524.5,8445.2,8506.2,72723,483707
12/10/2024,8486.4,8489.0,8396.4,8428.5,88615,485136
12/11/2024,8399.0,8468.1,8382.7,8447.8,85842,492066
12/12/2024,8453.4,8474.7,8430.5,8455.9,135703,503962
12/13/2024,8435.2,8475.1,8424.5,8438.7,393477,522915
12/16/2024,8452.9,8456.4,8375.0,8399.8,356220,548337
12/17/2024,8361.8,8393.2,8326.4,8338.5,263562,544760
12/18/2024,8332.0,8369.9,8247.0,8334.5,232125,537738
12/19/2024,8249.5,8265.2,8210.5,8228.2,144729,522807
12/20/2024,8227.2,8245.9,8126.5,8223.2,60429,440608
12/23/2024,8213.1,8267.2,8170.0,8214.1,18488,434979
12/24/2024,8250.0,8268.2,8236.3,8253.0,18488,434979
12/27/2024,8254.0,8271.2,8225.7,8252.5,54919,437050
12/30/2024,8256.1,8263.6,8203.9,8235.8,24280,434866
12/31/2024,8233.3,8292.0,8201.4,8278.3,82372,433206
01/02/2025,8251.5,8382.6,8251.5,8364.8,57759,429623
01/03/2025,8345.1,8380.5,8325.9,8337.5,80323,428981
01/06/2025,8338.0,8363.8,8303.6,8350.7,75205,426065
01/07/2025,8311.2,8366.4,8294.5,8348.7,78491,427448
01/08/2025,8337.0,8375.5,8293.5,8350.7,62748,431374
01/09/2025,8357.8,8433.2,8347.1,8420.0,80180,434061
01/10/2025,8409.9,8430.6,8344.1,8354.7,75322,430436
01/13/2025,8355.2,8365.9,8289.5,8327.9,75096,439536
01/14/2025,8343.6,8344.1,8280.3,8299.1,88278,441450
01/15/2025,8321.8,8432.6,8313.7,8402.3,96372,446603
01/16/2025,8419.5,8525.7,8404.3,8486.3,107545,452499
01/17/2025,8516.1,8636.0,8512.1,8607.7,64110,456678
01/20/2025,8609.2,8650.7,8583.4,8624.4,64110,456678
01/21/2025,8591.0,8664.9,8591.0,8651.2,68825,459385
01/22/2025,8674.0,8685.1,8611.3,8642.6,64271,467690
01/23/2025,8610.2,8668.9,8605.7,8665.4,68859,473703
01/24/2025,8663.9,8684.6,8570.8,8590.5,76342,471059
01/27/2025,8549.5,8619.4,8520.2,8594.1,57426,472196
01/28/2025,8607.2,8665.4,8588.5,8629.5,50879,470896
01/29/2025,8628.0,8676.0,8607.7,8646.2,68655,473651
01/30/2025,8631.0,8774.2,8631.0,8739.3,81849,479289
01/31/2025,8752.9,8780.8,8717.0,8764.6,110960,483194
02/03/2025,8632.0,8678.0,8590.0,8657.3,71292,478703
02/04/2025,8672.0,8672.0,8603.7,8655.3,66543,472258
02/05/2025,8643.1,8745.8,8620.9,8698.8,88173,473685
02/06/2025,8741.8,8849.6,8741.8,8816.7,66870,476300
02/07/2025,8783.3,8810.6,8761.0,8774.7,58810,474529
02/10/2025,8788.9,8865.3,8778.2,8855.6,56211,478238
02/11/2025,8852.6,8868.8,8825.8,8860.2,61712,484566
02/12/2025,8857.7,8908.3,8834.4,8885.5,79160,486607
02/13/2025,8916.4,8922.4,8809.1,8838.9,62860,492381
02/14/2025,8836.9,8847.5,8778.7,8798.5,61671,491431
02/18/2025,8845.0,8865.8,8832.4,8844.5,65940,493535
02/19/2025,8856.7,8856.7,8768.1,8778.7,56206,491206
02/20/2025,8792.4,8798.5,8735.7,8746.9,67193,493294
02/21/2025,8751.4,8773.7,8699.8,8749.4,63051,483954
02/24/2025,8737.2,8776.7,8699.3,8744.8,68162,0
02/25/2025,8721.1,8799.5,8713.5,8753.9,65791,482531
02/26/2025,8789.9,8826.8,8766.1,8824.8,68857,481779
02/27/2025,8794.4,8877.4,8792.4,8843.5,90390,481892
02/28/2025,8809.1,8934.1,8770.6,8895.6,94128,480950
03/03/2025,8931.5,9003.9,8885.0,8968.5,111191,485173
03/04/2025,8927.0,8962.9,8834.9,8838.4,90847,481020
03/05/2025,8922.4,8928.0,8833.4,8852.6,93943,474008
03/06/2025,8882.5,8914.3,8741.3,8802.5,85441,469893
03/07/2025,8764.1,8864.2,8737.2,8791.4,85441,469893
03/11/2025,8662.9,8741.8,8571.3,8597.1,95258,460521
03/17/2025,8772.7,8836.4,8742.8,8800.5,233337,465288
03/19/2025,8823.8,8841.5,8777.2,8830.9,207173,500500
03/31/2025,8743.8,8755.5,8639.6,8694.7,81353,425921
04/01/2025,8724.1,8784.3,8683.6,8746.9,64803,426995
04/02/2025,8743.8,8743.8,8654.3,8706.4,115616,424263
04/03/2025,8541.4,8645.7,8535.9,8566.2,201488,427843
04/04/2025,8556.6,8586.0,8074.4,8166.5,239732,425642
04/07/2025,7953.0,8110.8,7621.6,7766.3,165270,419700
04/08/2025,7937.3,8073.4,7737.9,7977.3,169924,410798
04/09/2025,7733.4,8279.3,7675.7,7750.6,143858,406908
04/10/2025,8247.0,8265.7,7892.8,8022.8,114938,397848
04/11/2025,8006.1,8216.1,7953.5,8060.8,71881,393900
04/14/2025,8217.1,8269.7,8162.5,8218.1,69324,393690
04/15/2025,8226.2,8365.3,8220.1,8355.2,73834,396629
04/16/2025,8299.1,8379.5,8259.6,8375.0,81199,400638
04/17/2025,8292.0,8430.1,8289.5,8389.1,81199,400638
04/22/2025,8283.9,8480.2,8283.9,8433.7,78960,398913
04/23/2025,8526.8,8572.8,8478.7,8503.5,53650,397086
04/24/2025,8520.7,8541.9,8465.0,8519.7,53766,396256
04/25/2025,8547.5,8555.1,8499.4,8517.6,49448,391593
04/28/2025,8546.0,8558.1,8497.9,8525.7,46790,389433
04/29/2025,8537.4,8606.7,8505.5,8571.8,78284,389841
04/30/2025,8580.4,8604.7,8531.3,8565.2,41332,388818
05/01/2025,8587.0,8625.9,8547.5,8600.1,76904,387761
05/02/2025,8564.7,8739.8,8564.7,8701.8,76904,387761
05/06/2025,8728.6,8788.3,8665.9,8696.3,53257,390543
05/07/2025,8701.3,8714.0,8630.0,8650.7,70950,391146
05/08/2025,8677.0,8724.1,8614.3,8641.6,70950,391146
05/12/2025,8707.9,8742.3,8646.7,8697.3,51511,383657
05/13/2025,8717.0,8725.6,8651.7,8706.4,62378,383770
05/14/2025,8689.7,8716.0,8655.3,8673.0,73323,381312
05/15/2025,8672.5,8767.1,8650.2,8744.8,72370,380369
05/16/2025,8759.0,8815.7,8750.4,8801.0,62805,378807
05/19/2025,8788.3,8853.6,8726.1,8798.5,54918,376459
05/20/2025,8851.1,8914.8,8828.3,8894.6,52660,376223
05/21/2025,8906.2,8913.8,8833.4,8903.2,65938,378403
05/22/2025,8833.9,8885.0,8801.5,8845.0,75818,377324
05/23/2025,8858.2,8891.6,8713.0,8818.2,57408,377977
05/27/2025,8883.5,8939.1,8879.4,8897.1,45038,380803
05/28/2025,8917.9,8920.9,8833.9,8843.0,47660,381021
05/29/2025,8920.4,8931.5,8814.2,8843.5,79472,381253
05/30/2025,8833.9,8914.8,8833.9,8886.5,62231,379337
06/02/2025,8903.2,8924.5,8833.9,8899.2,48404,382975
06/03/2025,8923.4,8933.6,8844.0,8903.7,46207,384789
06/04/2025,8913.3,8937.6,8893.6,8918.4,48476,384203
06/05/2025,8913.8,8955.3,8890.6,8923.4,42225,386003
06/06/2025,8904.7,8965.9,8903.7,8943.7,34102,387779
06/09/2025,8950.8,8965.9,8924.5,8941.2,62064,390313
06/10/2025,8931.5,8999.8,8927.0,8982.6,53133,394508
06/11/2025,8971.0,8999.8,8927.0,8982.6,72295,396732
06/12/2025,8955.3,9011.0,8934.1,8987.7,172355,405302
06/13/2025,8961.5,9010.4,8945.3,8949.4,295020,438069
06/16/2025,8953.4,9010.4,8936.7,8984.2,333945,495953
06/17/2025,8941.3,8967.0,8910.5,8938.3,195694,486508
06/18/2025,8940.3,8967.5,8920.6,8948.3,83630,462837
06/20/2025,8926.1,8949.4,8843.4,8874.7,60893,375980
06/23/2025,8835.3,8887.8,8825.7,8862.1,61465,374601
06/24/2025,8883.8,8923.1,8851.0,8866.6,55447,376598
06/25/2025,8855.5,8892.3,8800.5,8821.7,46567,378984
06/26/2025,8816.1,8863.1,8794.4,8844.4,52075,379957
06/27/2025,8862.1,8902.4,8844.4,8892.3,62205,379196
06/30/2025,8885.3,8918.1,8851.0,8870.1,57308,377727
07/01/2025,8872.2,8905.5,8823.2,8887.3,57027,375936
07/02/2025,8889.8,8926.1,8834.8,8870.6,43738,376160
07/03/2025,8887.3,8934.2,8881.7,8913.0,47535,378032
07/07/2025,8897.9,8926.1,8872.7,8898.4,53959,378823
07/08/2025,8857.5,8969.0,8856.5,8934.7,42890,377851
07/09/2025,8948.3,8998.8,8941.3,8960.0,64935,377773
07/10/2025,8995.8,9084.6,8981.6,9069.4,57665,380903
07/11/2025,9075.5,9076.5,9006.4,9023.0,50458,378007
07/14/2025,9017.0,9113.9,9005.9,9087.6,58321,381975
07/15/2025,9116.4,9130.0,9022.5,9026.6,58875,377925
07/16/2025,9022.5,9072.0,8999.3,9030.6,47416,381121
07/17/2025,9063.9,9080.0,9024.0,9064.9,53731,381765
07/18/2025,9074.5,9097.2,9049.8,9072.5,41922,382357
07/21/2025,9078.5,9096.2,9055.8,9091.6,54962,388333
07/22/2025,9068.9,9128.5,9059.9,9102.2,54962,388333
07/24/2025,9191.6,9238.5,9179.4,9221.8,47437,395186
07/25/2025,9217.8,9228.9,9170.4,9196.6,57643,392807
07/28/2025,9239.0,9252.6,9135.0,9146.1,64354,391369
07/29/2025,9159.8,9240.5,9156.2,9216.3,54849,396102
07/30/2025,9223.9,9239.0,9165.3,9206.2,75438,396264
07/31/2025,9227.9,9266.7,9182.5,9207.7,82091,399726
08/01/2025,9188.0,9202.7,9099.7,9139.6,66165,401328
08/04/2025,9174.4,9229.9,9136.6,9197.6,62813,404054
08/05/2025,9228.9,9253.6,9198.1,9210.2,52483,402848
08/06/2025,9219.8,9257.2,9205.7,9238.5,77711,405607
08/07/2025,9213.3,9237.0,9162.3,9184.5,60808,403012
08/08/2025,9176.9,9212.2,9164.8,9178.9,48002,404167
08/11/2025,9186.5,9223.9,9175.9,9213.8,53910,400573
08/12/2025,9215.3,9256.6,9203.7,9235.5,53178,399980
08/13/2025,9251.1,9272.8,9227.4,9250.1,55740,400694
08/14/2025,9268.8,9326.8,9246.6,9284.9,68958,407660
08/15/2025,9339.9,9341.9,9237.0,9253.1,46844,404866
08/18/2025,9257.7,9292.0,9235.0,9259.7,46668,405945
08/19/2025,9285.9,9306.6,9262.7,9303.1,71298,404014
08/20/2025,9287.4,9428.2,9272.3,9407.5,49243,408063
08/21/2025,9414.6,9427.7,9365.6,9417.1,56523,410949
08/22/2025,9428.7,9469.1,9391.9,9437.8,56523,410949
08/26/2025,9461.0,9461.0,9353.0,9359.6,44898,402463
08/27/2025,9411.6,9413.1,9334.4,9359.1,44150,399752
08/28/2025,9353.0,9378.8,9311.6,9329.8,54964,399516
08/29/2025,9322.2,9341.4,9283.4,9303.1,67890,396272
09/02/2025,9288.9,9312.2,9203.2,9225.4,55400,398046
09/03/2025,9258.7,9284.9,9205.7,9275.3,48260,397985
09/04/2025,9282.9,9332.8,9253.1,9318.2,45710,398350
09/05/2025,9334.4,9352.5,9293.5,9305.6,0,1
09/08/2025,9332.3,9338.9,9287.4,9331.8,0,399237
09/09/2025,9327.3,9362.1,9307.6,9342.4,57898,397661
09/10/2025,9350.0,9389.4,9314.2,9322.7,0,398579
09/11/2025,9346.5,9415.6,9332.8,9388.9,130295,404567
09/12/2025,9417.1,9436.3,9355.0,9380.8,271872,445588
09/15/2025,9356.2,9392.8,9356.2,9367.2,304314,478304
09/16/2025,9376.3,9378.3,9279.9,9288.9,218164,476369
09/17/2025,9299.0,9337.6,9269.4,9299.5,145314,456565
09/18/2025,9300.5,9335.6,9286.4,9324.1,88089,448707
09/19/2025,9332.6,9337.6,9284.9,9312.5,48647,382953
09/22/2025,9303.0,9339.6,9276.9,9319.0,49513,380254
09/23/2025,9323.6,9355.2,9283.4,9319.0,54749,379124
09/24/2025,9287.9,9354.7,9260.3,9340.1,55283,381694
09/25/2025,9324.1,9332.1,9284.4,9293.9,60804,382241
09/26/2025,9324.6,9392.3,9294.4,9363.7,59762,386892
09/29/2025,9391.8,9440.0,9366.7,9396.3,77446,386380
09/30/2025,9385.3,9462.6,9347.7,9443.5,77331,391550
10/01/2025,9453.6,9548.4,9430.0,9537.9,60689,399042
10/02/2025,9536.9,9574.0,9500.2,9515.3,47851,398495
10/03/2025,9511.3,9582.5,9509.3,9569.0,51796,397062
10/06/2025,9576.0,9597.6,9542.4,9562.5,47964,396703
10/07/2025,9544.9,9586.1,9539.9,9560.5,55184,397429
10/08/2025,9567.5,9658.3,9561.5,9639.3,58379,402484
10/09/2025,9637.3,9638.8,9563.5,9595.1,70374,400409
10/10/2025,9584.1,9597.6,9441.5,9499.7,57320,402587
10/13/2025,9502.7,9535.9,9485.2,9519.3,65895,403057
10/14/2025,9522.3,9567.5,9457.1,9519.3,59707,404602
10/15/2025,9560.5,9563.0,9449.0,9507.8,55520,408405
10/16/2025,9490.7,9517.8,9432.0,9507.3,83165,407123
10/17/2025,9428.5,9463.1,9344.1,9425.9,46958,401566
10/20/2025,9445.5,9510.8,9438.5,9486.2,49163,401235
10/21/2025,9506.3,9519.8,9475.1,9501.7,68977,400254
10/22/2025,9487.7,9617.7,9479.7,9593.1,53550,409646
10/23/2025,9580.0,9665.9,9575.0,9656.3,45885,414590
10/24/2025,9668.4,9727.6,9627.2,9709.5,46841,416776
10/27/2025,9754.2,9755.2,9701.0,9719.6,46841,416776
10/29/2025,9762.2,9858.1,9755.2,9824.5,55091,430781
10/30/2025,9824.5,9840.0,9754.2,9825.5,55091,430781
11/03/2025,9811.4,9818.9,9754.2,9758.2,67204,433893
11/04/2025,9759.7,9786.8,9631.2,9769.8,67127,437983
11/05/2025,9738.1,9863.1,9696.5,9843.0,59464,447586
11/06/2025,9840.0,9852.1,9765.7,9790.3,56773,441484
11/07/2025,9787.3,9797.9,9700.0,9737.1,63103,439101
11/10/2025,9812.4,9910.3,9786.8,9863.1,67118,443548
11/11/2025,9905.8,9978.1,9905.3,9975.5,62785,442639
11/12/2025,9975.0,9994.1,9937.9,9969.5,59941,442086
11/13/2025,9953.0,9990.6,9807.9,9878.7,88011,442169
11/14/2025,9820.0,9852.6,9675.9,9763.7,58079,436745
11/17/2025,9763.2,9776.3,9672.4,9749.7,83109,437580
11/18/2025,9686.4,9693.5,9577.0,9607.6,64456,441428
11/19/2025,9635.7,9646.8,9563.5,9577.5,67892,441110
11/20/2025,9632.7,9660.8,9502.7,9610.2,75556,446050
11/21/2025,9523.3,9662.4,9487.7,9596.1,64042,446996
11/24/2025,9665.4,9665.9,9575.5,9617.2,56889,446082
11/25/2025,9595.6,9708.5,9580.5,9674.9,65087,446297
11/26/2025,9708.0,9773.8,9652.3,9753.7,47857,448417
11/28/2025,9766.2,9803.9,9753.7,9783.3,59996,452060
12/01/2025,9756.2,9795.4,9744.7,9767.8,43104,454602
12/02/2025,9746.7,9804.9,9741.2,9758.7,48629,458770
12/03/2025,9767.3,9773.3,9732.6,9747.7,49090,462784
12/04/2025,9763.2,9784.3,9730.1,9777.8,55514,468216
12/05/2025,9766.7,9791.8,9710.5,9723.6,46445,464832
12/08/2025,9729.1,9731.6,9674.4,9693.5,54988,470483
12/09/2025,9700.0,9724.1,9657.8,9697.0,54210,473940
12/10/2025,9661.8,9741.2,9656.8,9703.5,62983,470210
12/11/2025,9725.6,9781.8,9679.4,9737.6,0,484839
12/12/2025,9770.8,9809.9,9677.9,9694.0,391514,506348
12/15/2025,9718.5,9817.6,9714.0,9815.1,408233,556714
12/16/2025,9794.1,9805.6,9697.5,9723.5,0,569483
12/17/2025,9716.5,9897.6,9715.0,9817.1,0,584212
12/18/2025,9808.1,9889.1,9781.5,9881.1,0,558365
12/19/2025,9836.6,9956.2,9831.6,9939.2,47347,467550
12/22/2025,9919.7,9940.7,9864.6,9907.2,39043,464178
12/23/2025,9900.7,9935.2,9876.1,9926.2,13156,464773
12/24/2025,9916.7,9926.2,9889.6,9894.1,13156,464773
12/29/2025,9929.2,9938.2,9889.6,9894.6,42675,463209
12/30/2025,9899.7,9990.2,9889.1,9987.7,21163,468272
12/31/2025,9967.7,9992.7,9943.2,9949.7,73127,468272
01/02/2026,9970.2,10080.3,9920.7,9986.2,63441,473520
01/05/2026,10043.3,10055.3,9980.2,10032.8,72452,472278
01/06/2026,10053.3,10183.9,10047.8,10156.4,61912,476498
01/07/2026,10138.9,10140.4,10037.8,10075.8,54898,469647
01/08/2026,10052.8,10097.3,10015.8,10058.3,1,465368
01/09/2026,10096.8,10160.4,10072.3,10147.4,46249,468217
01/12/2026,10150.9,10166.9,10109.8,10158.4,60259,467536
01/13/2026,10150.4,10169.4,10109.3,10148.4,69192,466344
01/14/2026,10165.9,10235.4,10150.4,10179.9,65785,459743
01/15/2026,10224.9,10265.0,10184.4,10255.0,0,463893
01/16/2026,10240.4,10271.5,10223.9,10234.4,72499,458012
01/19/2026,10152.9,10240.4,10147.4,1190.0,0,457833
01/20/2026,10186.4,10196.9,10054.8,10125.3,76677,454347
01/21/2026,10120.3,10227.9,10097.3,10147.4,65591,453250
01/22/2026,10220.4,10231.9,10144.4,10159.9,0,453716
01/23/2026,10145.4,10185.9,10116.8,10133.9,48524,451607
01/26/2026,10126.3,10185.9,10118.8,10155.9,53025,449323
01/27/2026,10158.4,10227.4,10157.9,10207.9,61301,451677
01/28/2026,10199.4,10231.9,10137.4,10164.9,69262,448983
01/29/2026,10158.9,10274.5,10138.4,10163.9,67106,450237
01/30/2026,10198.4,10198.4,10198.4,10198.4,86594,451143
02/02/2026,10213.9,10362.6,10116.8,10330.5,81980,459467
02/03/2026,10341.5,10365.6,10220.9,10300.5,82355,451228
02/04/2026,10292.0,10475.7,10292.0,10418.1,101447,457829
02/05/2026,10418.1,10418.1,10242.5,10290.0,0,456175
02/06/2026,10235.9,10399.6,10208.4,10352.5,61726,452918
02/09/2026,10395.1,10407.6,10300.5,10367.1,56319,456868
02/10/2026,10378.1,10412.6,10314.5,10343.5,65911,459670
02/11/2026,10367.6,10509.7,10349.5,10464.1,65910,465766
02/12/2026,10499.2,10526.7,10356.1,10374.1,0,466070
02/13/2026,10403.6,10442.6,10355.0,10413.6,70333,469256
02/16/2026,10421.1,10469.1,10415.1,10449.6,70333,469256
02/17/2026,10441.6,10563.7,10419.6,10523.7,79102,477151
02/18/2026,10550.7,10692.8,10534.7,10667.8,73672,488008
02/19/2026,10673.3,10706.4,10592.8,10617.8,0,488433
02/20/2026,10670.8,10747.9,10637.8,10682.8,50264,489613
02/23/2026,10679.3,10735.9,10651.8,10678.3,50510,490933
02/24/2026,10687.3,10718.9,10639.3,10679.8,61080,492955
02/25/2026,10697.3,10814.5,10693.8,10790.4,67356,494470
02/26/2026,10797.9,10864.0,10780.4,10843.5,0,500958
02/27/2026,10834.0,10929.6,10833.5,10915.5,96042,506389
03/02/2026,10822.0,10858.5,10715.4,10756.4,131968,503143
03/03/2026,10773.4,10773.4,10387.1,10434.6,108514,493626
03/04/2026,10509.7,10617.3,10421.1,10535.7,86707,492751
03/05/2026,10604.3,10625.8,10328.5,10392.1,0,484701
03/06/2026,10392.1,10468.1,10216.9,10254.5,121746,484209
03/09/2026,10122.8,10372.1,10059.8,10249.0,93449,482499
03/10/2026,10306.5,10459.1,10262.0,10397.1,71453,478163
03/11/2026,10386.6,10406.6,10273.0,10298.0,68462,481490
03/12/2026,10288.5,10353.0,10249.5,10298.5,0,486317
03/13/2026,10322.0,10370.5,10203.5,10264.5,332408,489884
03/16/2026,10293.0,10382.0,10259.0,10325.0,356670,544753
03/17/2026,10331.5,10442.0,10305.0,10411.5,248526,601453
03/18/2026,10379.0,10454.0,10229.5,10303.0,214554,583744
03/19/2026,10230.5,10263.0,10004.5,10060.0,0,553354
03/20/2026,10076.0,10137.0,9803.0,9924.5,147249,462629
03/23/2026,9795.5,10047.5,9678.0,9906.5,78120,464219
03/24/2026,9890.0,10014.5,9833.5,9958.5,72966,460032
03/25/2026,10038.5,10137.5,10004.0,10095.5,74877,465880
03/26/2026,10119.0,10119.0,9943.0,9977.5,0,459289
03/27/2026,9958.5,10042.5,9893.0,9976.5,0,459289
