01/02/1973,3751.2,3760.3,3705.6,3712.9,8029,63420
01/03/1973,3705.6,3791.4,3696.4,3747.5,7645,61680
01/04/1973,3784.1,3785.9,3734.8,3738.4,4167,61328
01/05/1973,3742.1,3769.5,3650.8,3694.6,8291,61862
01/08/1973,3663.6,3714.7,3641.7,3712.9,4375,60866
01/09/1973,3718.3,3718.3,3674.5,3681.8,5763,61930
01/10/1973,3674.5,3714.7,3672.7,3712.9,4532,62647
01/11/1973,3723.8,3745.7,3718.3,3725.6,5230,62781
01/12/1973,3734.8,3745.7,3727.5,3742.1,4334,62857
01/15/1973,3760.3,3764.0,3700.1,3701.9,8135,60948
01/16/1973,3692.8,3736.6,3674.5,3734.8,3553,60552
01/17/1973,3712.9,3712.9,3665.4,3669.1,3693,61045
01/18/1973,3659.9,3725.6,3647.2,3705.6,4846,70002
01/19/1973,3709.2,3718.3,3669.1,3670.9,3634,60317
01/22/1973,3632.5,3650.8,3570.5,3579.6,6982,59155
01/23/1973,3599.7,3638.0,3566.8,3585.1,4908,53607
01/24/1973,3599.7,3623.4,3570.5,3619.8,4195,58376
01/26/1973,3625.2,3636.2,3594.2,3597.9,2206,58476
01/29/1973,3590.6,3658.1,3570.5,3650.8,5690,58308
01/30/1973,3656.3,3698.3,3643.5,3698.3,4341,57825
01/31/1973,3707.4,3742.1,3691.0,3736.6,6300,56567
02/01/1973,3745.7,3751.2,3723.8,3734.8,3861,55764
02/02/1973,3705.6,3749.4,3705.6,3747.5,3201,55511
02/05/1973,3751.2,3866.2,3738.4,3866.2,7801,56565
02/06/1973,3879.0,3917.3,3838.8,3838.8,7277,55684
02/07/1973,3844.3,3904.5,3833.3,3891.8,4918,55848
02/08/1973,3921.0,4006.8,3921.0,3981.2,7402,55689
02/09/1973,3926.4,3948.3,3908.2,3937.4,4098,55573
02/13/1973,4017.7,4109.0,3979.4,4103.5,7108,55258
02/14/1973,4125.4,4207.6,4070.6,4143.7,7324,55201
02/15/1973,4088.9,4152.8,4061.5,4079.8,5397,56754
02/16/1973,4025.0,4065.2,4003.1,4039.6,5444,57971
02/20/1973,4052.4,4141.8,4052.4,4105.3,3387,58413
02/21/1973,4160.1,4189.3,4145.5,4149.1,6591,59117
02/22/1973,4331.7,4331.7,4331.7,4331.7,1850,60127
02/23/1973,4432.6,4432.6,4292.0,4358.7,6496,60566
02/26/1973,4292.0,4355.1,4263.2,4337.1,6771,60754
02/27/1973,4418.2,4486.6,4407.4,4486.6,8228,60555
02/28/1973,4477.6,4594.7,4438.0,4594.7,6532,60880
03/01/1973,4630.8,4774.9,4627.2,4774.9,6884,60848
03/02/1973,4782.1,4865.0,4684.8,4684.8,6054,61517
03/05/1973,4504.7,4504.7,4504.7,4504.7,1754,61325
03/06/1973,4324.5,4459.6,4324.5,4324.5,6049,60678
03/07/1973,4270.4,4387.5,4243.4,4261.4,5241,59806
03/08/1973,4414.6,4432.6,4342.5,4380.3,4560,59516
03/09/1973,4337.1,4360.5,4256.0,4270.4,3529,59565
03/12/1973,4216.4,4216.4,4090.2,4090.2,5696,58309
03/13/1973,3915.4,4027.2,3913.6,4018.2,7938,58504
03/14/1973,4036.2,4065.0,3985.7,4036.2,3937,57186
03/15/1973,3856.0,3985.7,3856.0,3901.0,4545,57344
03/16/1973,3955.1,3985.7,3929.9,3978.5,3403,56201
03/19/1973,3976.7,4036.2,3915.4,3933.5,6383,56352
03/20/1973,3937.1,4108.2,3924.5,4092.0,6709,56127
03/21/1973,4090.2,4174.9,4065.0,4092.0,4043,56222
03/22/1973,4063.2,4068.6,3964.1,3978.5,3933,56025
03/23/1973,4090.2,4106.4,4047.0,4086.6,2678,56110
03/26/1973,4216.4,4216.4,4153.3,4169.5,3132,56023
03/27/1973,4144.3,4144.3,4018.2,4018.2,6041,55489
03/28/1973,3937.1,4014.6,3913.6,3944.3,4708,54511
03/29/1973,4000.1,4018.2,3947.9,3956.9,2611,54730
03/30/1973,4000.1,4030.8,3928.1,3971.3,2694,54805
04/02/1973,3937.1,4090.2,3922.7,4072.2,3341,54269
04/03/1973,4057.8,4074.0,3994.7,4020.0,2734,54459
04/04/1973,4039.8,4081.2,4003.7,4016.4,2777,54215
04/05/1973,4068.6,4081.2,3991.1,4001.9,2322,54302
04/06/1973,4005.5,4032.6,3985.7,4000.1,2191,54195
04/09/1973,3964.1,4059.6,3960.5,4059.6,2592,53988
04/10/1973,4088.4,4120.9,4029.0,4072.2,3768,53673
04/11/1973,4077.6,4092.0,4036.2,4075.8,2216,53283
04/12/1973,4041.6,4063.2,4014.6,4016.4,2745,52794
04/13/1973,3994.7,4041.6,3991.1,4021.8,2008,52464
04/16/1973,4012.7,4038.0,3928.1,3933.5,3669,52504
04/17/1973,3937.1,3946.1,3756.9,3764.1,6687,52080
04/18/1973,3792.9,3830.8,3711.8,3778.5,3251,51651
04/19/1973,3810.9,3818.1,3774.9,3812.7,2110,51533
04/23/1973,3799.8,3805.2,3732.4,3780.3,1869,50967
04/24/1973,3776.8,3840.7,3751.9,3828.3,3973,51006
04/25/1973,3865.5,3865.5,3805.2,3812.3,3332,50589
04/26/1973,3830.0,3847.8,3801.6,3840.7,2539,50228
04/27/1973,3854.9,3862.0,3831.8,3853.1,2232,48954
04/30/1973,3879.7,3883.3,3862.0,3862.0,2088,48397
05/01/1973,3856.7,3863.8,3817.6,3830.0,1618,48150
05/02/1973,3815.8,3844.2,3746.6,3771.4,3765,48135
05/03/1973,3799.8,3949.0,3785.6,3949.0,4473,47980
05/04/1973,3924.1,4012.9,3895.7,3977.4,4201,47866
05/07/1973,3961.4,3993.4,3934.8,3975.6,2913,47615
05/08/1973,4002.3,4153.2,4002.3,4060.9,5479,47418
05/09/1973,4155.0,4217.1,4155.0,4178.0,4834,47524
05/10/1973,4243.7,4305.9,4217.1,4268.6,4171,47296
05/11/1973,4270.4,4270.4,4149.6,4194.0,4585,46126
05/14/1973,4353.8,4371.6,4318.3,4371.6,3923,46333
05/15/1973,4536.7,4536.7,4194.0,4226.0,17573,49378
05/16/1973,4243.7,4275.7,4172.7,4233.1,4444,49101
05/17/1973,4217.1,4268.6,4202.9,4250.8,3395,49042
05/18/1973,4359.2,4382.2,4309.4,4368.0,3818,49471
05/21/1973,4519.0,4542.1,4458.6,4503.0,5070,49747
05/22/1973,4391.1,4519.0,4385.8,4421.3,4976,49870
05/23/1973,4371.6,4407.1,4304.1,4309.4,6816,49421
05/24/1973,4309.4,4343.2,4234.9,4329.0,3591,49132
05/25/1973,4314.8,4472.8,4284.6,4460.4,4087,48717
05/29/1973,4545.6,4637.9,4403.6,4616.6,7266,50289
05/30/1973,4625.5,4666.3,4559.8,4661.0,5049,50652
05/31/1973,4661.0,4666.3,4590.0,4611.3,4147,50638
06/01/1973,4723.2,4753.4,4700.1,4732.0,5416,51605
06/04/1973,4794.2,4909.6,4787.1,4904.3,8916,52795
06/05/1973,4941.6,4945.1,4726.7,4726.7,7011,52795
06/06/1973,4581.1,4652.1,4549.2,4549.2,6073,53554
06/07/1973,4527.8,4556.3,4403.6,4417.8,6583,52084
06/08/1973,4456.8,4515.4,4435.5,4485.2,3340,51876
06/11/1973,4456.8,4520.7,4314.8,4378.7,4314,52443
06/12/1973,4421.3,4534.9,4421.3,4526.1,3148,52345
06/13/1973,4465.7,4479.9,4391.1,4435.5,2844,51903
06/14/1973,4545.6,4607.7,4465.7,4479.9,6334,52600
06/15/1973,4558.0,4629.1,4527.8,4622.0,2715,52844
06/18/1973,4723.2,4756.9,4684.1,4749.8,4029,53180
06/19/1973,4648.6,4662.8,4604.2,4611.3,4907,52824
06/20/1973,4604.2,4659.2,4524.3,4634.4,4430,52387
06/21/1973,4678.8,4728.5,4664.6,4701.9,3525,52425
06/22/1973,4686.2,4719.5,4658.1,4712.5,2885,43757
06/25/1973,4651.0,4793.3,4651.0,4763.4,4629,52964
06/26/1973,4812.6,4882.9,4772.2,4798.6,7346,53308
06/27/1973,4772.2,4821.4,4728.3,4796.8,5059,53707
06/28/1973,4566.7,4742.4,4566.7,4628.2,3535,51521
06/29/1973,4759.9,4784.5,4719.5,4779.3,2696,51123
07/02/1973,4775.7,4803.8,4726.6,4798.6,3142,51278
07/03/1973,4779.3,4874.1,4777.5,4833.7,3606,51577
07/05/1973,4847.8,4935.6,4800.3,4926.8,3474,51738
07/06/1973,4997.1,5058.5,4977.7,4990.0,6111,52245
07/09/1973,5005.8,5012.9,4909.2,4914.5,3147,51912
07/10/1973,4879.4,4879.4,4786.3,4789.8,4551,52406
07/11/1973,4716.0,4918.0,4689.7,4918.0,4350,52466
07/12/1973,4979.5,5014.6,4865.3,4900.5,5360,52970
07/13/1973,4935.6,4979.5,4874.1,4946.1,3061,53304
07/16/1973,4981.2,5120.0,4953.1,5114.7,2918,53305
07/17/1973,5155.1,5202.6,5067.3,5113.0,4644,53594
07/18/1973,5095.4,5176.2,5041.0,5172.7,4665,53651
07/19/1973,5076.1,5107.7,4997.1,4997.1,5399,54069
07/20/1973,5041.0,5146.4,5021.6,5127.0,3944,54775
07/23/1973,5214.9,5302.7,5202.6,5302.7,5124,54438
07/24/1973,5304.4,5357.1,5200.8,5234.2,5585,55011
07/25/1973,5202.6,5302.7,5141.1,5244.7,5964,56322
07/26/1973,5218.4,5267.5,5163.9,5172.7,4328,56687
07/27/1973,5146.4,5148.1,5000.6,5005.8,6995,56691
07/30/1973,4830.2,4937.3,4830.2,4919.8,7512,57944
07/31/1973,4896.9,5095.4,4896.9,5095.4,4489,57723
08/01/1973,5199.0,5260.5,5155.1,5253.5,5499,58011
08/02/1973,5172.7,5232.4,5093.7,5093.7,4314,58296
08/03/1973,5049.7,5155.1,5049.7,5106.0,2681,58471
08/06/1973,5004.1,5051.5,4953.1,4956.7,3845,58573
08/07/1973,4944.4,5076.1,4847.8,4875.9,7935,60289
08/08/1973,4849.5,4918.0,4742.4,4770.5,6443,60434
08/09/1973,4654.5,4882.9,4647.5,4867.1,6062,60249
08/10/1973,4779.3,4844.2,4716.0,4716.0,4191,60961
08/13/1973,4637.0,4682.7,4540.4,4540.4,5582,61072
08/14/1973,4514.0,4654.5,4426.2,4524.6,7316,62235
08/15/1973,4496.5,4631.7,4496.5,4612.4,5305,62809
08/16/1973,4682.7,4705.5,4603.6,4651.0,3530,62566
08/17/1973,4702.0,4872.3,4630.0,4630.0,2459,62774
08/20/1973,4726.6,4788.0,4717.8,4788.0,2715,62731
08/21/1973,4703.7,4707.2,4612.4,4612.4,3790,63009
08/22/1973,4548.6,4574.2,4447.8,4528.1,5460,62556
08/23/1973,4488.8,4550.3,4442.7,4509.3,4350,62813
08/24/1973,4572.5,4594.7,4517.8,4587.9,3589,62567
08/27/1973,4594.7,4606.7,4493.9,4500.8,2865,62776
08/28/1973,4466.6,4560.5,4459.8,4492.2,5315,63136
08/29/1973,4569.1,4663.0,4550.3,4663.0,4488,63011
08/30/1973,4663.0,4729.6,4616.9,4628.9,5108,62797
08/31/1973,4577.6,4620.3,4553.7,4594.7,2189,62384
09/04/1973,4611.8,4640.8,4488.8,4528.1,3798,62384
09/05/1973,4511.0,4620.3,4499.0,4593.0,3758,62967
09/06/1973,4645.9,4654.5,4458.1,4458.1,4829,63173
09/07/1973,4493.9,4569.1,4441.0,4521.3,6158,61518
09/10/1973,4564.0,4564.0,4350.4,4394.9,6749,61124
09/11/1973,4364.1,4437.6,4312.9,4432.4,5232,60460
09/12/1973,4441.0,4441.0,4382.9,4406.8,3354,61053
09/13/1973,4381.2,4475.1,4355.6,4420.5,4737,60863
09/14/1973,4432.4,4475.1,4403.4,4458.1,3716,61083
09/17/1973,4517.8,4627.2,4500.8,4625.4,6524,61613
09/18/1973,4596.4,4601.5,4552.0,4560.5,2737,61780
09/19/1973,4553.7,4714.3,4517.8,4714.3,6750,60771
09/20/1973,4765.5,4847.5,4734.8,4840.7,4963,60942
09/21/1973,4799.7,4832.1,4774.0,4799.7,4298,60793
09/24/1973,4782.6,4900.4,4751.8,4842.4,6344,61469
09/25/1973,4825.3,4885.1,4782.6,4847.5,7347,61978
09/26/1973,4936.3,4961.9,4898.7,4910.7,5053,62270
09/27/1973,4859.5,4874.8,4816.7,4823.6,2435,63089
09/28/1973,4765.5,4837.2,4753.6,4820.2,2829,64043
10/01/1973,4734.8,4772.3,4714.3,4717.7,2994,63022
10/02/1973,4762.1,4796.3,4731.3,4782.6,3824,62675
10/03/1973,4842.4,4857.7,4731.3,4772.3,4423,63318
10/04/1973,4767.2,4792.8,4688.6,4705.7,4253,63514
10/05/1973,4731.3,4787.7,4698.9,4787.7,4151,63988
10/09/1973,4885.1,4958.5,4856.0,4958.5,5035,64471
10/10/1973,5035.4,5115.7,5004.6,5054.2,6874,64906
10/11/1973,5038.8,5052.5,4979.0,5038.8,4289,64431
10/12/1973,5064.4,5151.5,5064.4,5141.3,7361,66227
10/15/1973,5141.3,5190.8,5102.0,5114.0,7292,66377
10/16/1973,5105.4,5243.8,5069.5,5230.1,6165,67228
10/17/1973,5209.6,5274.5,5059.3,5073.0,11245,67760
10/18/1973,5081.5,5153.2,5038.8,5141.3,3879,68305
10/19/1973,5064.4,5090.0,4996.1,5004.6,3762,68361
10/23/1973,5064.4,5124.2,5049.0,5100.3,3226,67591
10/24/1973,5073.0,5073.0,4996.1,5016.6,4330,68659
10/25/1973,5055.9,5067.8,4932.9,4992.7,4156,68249
10/26/1973,4956.8,5001.2,4915.8,4980.7,3267,68528
10/29/1973,4897.0,4903.9,4842.4,4844.1,4811,68237
10/30/1973,4833.8,4917.5,4823.6,4905.6,4012,68393
10/31/1973,4868.0,4948.3,4868.0,4920.9,4190,68340
11/01/1973,4920.9,4985.8,4902.2,4982.4,3654,67911
11/02/1973,4961.9,5018.3,4948.3,4991.0,4746,68899
11/05/1973,4955.1,5020.0,4924.4,5008.1,3748,69090
11/07/1973,4975.6,5013.2,4886.8,4890.2,5645,70290
11/08/1973,4910.7,4932.9,4873.1,4909.0,4495,70000
11/09/1973,4944.9,4950.0,4910.7,4941.4,2816,69904
11/12/1973,4850.9,4868.0,4780.9,4782.6,5701,70337
11/13/1973,4780.9,4806.5,4705.7,4794.5,6051,71087
11/14/1973,4714.3,4825.3,4690.4,4809.9,8515,72578
11/15/1973,4809.9,4859.5,4765.5,4768.9,5825,71960
11/16/1973,4791.1,4844.1,4733.1,4827.0,3392,71431
11/19/1973,4856.0,4907.3,4811.6,4900.4,3413,72591
11/20/1973,4893.6,4917.5,4850.9,4909.0,7605,74309
11/21/1973,4850.9,4893.6,4806.5,4859.5,3918,74572
11/23/1973,4823.7,4847.2,4803.5,4828.7,2121,74422
11/26/1973,4803.5,4808.6,4677.5,4716.2,7710,73994
11/27/1973,4727.9,4845.5,4702.7,4840.5,10388,74936
11/28/1973,5008.4,5008.4,4979.9,5008.4,7081,76548
11/29/1973,5089.0,5114.2,5033.6,5067.2,11694,75893
11/30/1973,5037.0,5087.4,5025.2,5067.2,3680,74988
12/03/1973,5057.1,5193.2,5055.4,5189.8,8406,76111
12/04/1973,5240.2,5341.0,5157.9,5166.3,15117,76694
12/05/1973,5206.6,5233.5,5042.0,5072.2,6186,77111
12/06/1973,5129.3,5216.7,5104.2,5216.7,4938,76949
12/07/1973,5267.1,5307.4,5183.1,5257.0,6097,76558
12/10/1973,5215.0,5325.9,5215.0,5322.5,6089,77356
12/11/1973,5295.6,5315.8,5240.2,5304.0,4601,77493
12/12/1973,5268.7,5282.2,5230.1,5241.9,4155,77824
12/13/1973,5189.8,5228.4,5080.6,5124.3,7448,78660
12/14/1973,5124.3,5201.6,5099.1,5186.5,4447,79153
12/17/1973,5240.2,5354.4,5216.7,5354.4,7041,80318
12/18/1973,5436.7,5456.9,5361.1,5384.6,10878,81264
12/19/1973,5362.8,5450.1,5325.9,5416.5,6441,81835
12/20/1973,5466.9,5482.1,5374.6,5384.6,8683,83726
12/21/1973,5409.8,5423.3,5337.6,5421.6,4250,84470
12/26/1973,5445.1,5517.3,5441.7,5512.3,9378,86041
12/27/1973,5550.9,5564.3,5482.1,5492.1,7980,85741
12/28/1973,5493.8,5525.7,5445.1,5487.1,5537,85829
12/31/1973,5534.1,5540.8,5500.5,5537.5,7171,85593
01/02/1974,5604.7,5698.7,5604.7,5685.3,8357,82154
01/03/1974,5702.1,5715.5,5592.9,5597.9,8617,78950
01/04/1974,5571.1,5576.1,5477.0,5525.7,4806,75788
01/07/1974,5559.3,5693.7,5542.5,5693.7,5254,75223
01/08/1974,5725.6,5786.1,5628.2,5772.6,11753,74133
01/09/1974,5708.8,5732.3,5611.4,5621.5,5255,73572
01/10/1974,5629.9,5769.3,5577.8,5764.2,4466,72942
01/11/1974,5794.4,5824.7,5725.6,5807.9,6164,72774
01/14/1974,5870.0,5960.7,5833.1,5949.0,8010,67947
01/15/1974,5954.0,5987.6,5886.8,5933.9,10571,70529
01/16/1974,5854.9,6101.8,5819.6,6101.8,6005,70678
01/17/1974,6197.5,6256.3,6115.2,6224.4,5349,70302
01/18/1974,6155.6,6392.4,6138.8,6392.4,6277,70326
01/21/1974,6560.3,6560.3,6543.5,6560.3,2268,69937
01/22/1974,6499.9,6718.2,6392.4,6404.1,11927,65426
01/23/1974,6348.7,6415.9,6264.7,6338.6,5390,66316
01/24/1974,6449.5,6506.6,6439.4,6506.6,3365,65448
01/25/1974,6674.5,6674.5,6674.5,6674.5,2278,65229
01/28/1974,6768.6,6842.5,6642.6,6842.5,6367,65016
01/29/1974,6718.2,6894.6,6674.5,6674.5,6484,64565
01/30/1974,6600.6,6696.4,6592.2,6651.0,4405,64615
01/31/1974,6634.2,6819.0,6612.4,6819.0,7330,64016
02/01/1974,6852.6,6986.9,6852.6,6986.9,4835,64238
02/04/1974,7154.9,7154.9,7154.9,7154.9,1430,64579
02/05/1974,7406.8,7406.8,7406.8,7406.8,2274,65151
02/06/1974,7448.8,7658.7,7222.1,7658.7,6472,64376
02/07/1974,7759.5,7910.7,7645.3,7835.1,6342,65092
02/08/1974,8087.0,8087.0,8003.1,8087.0,2668,65237
02/11/1974,8339.0,8339.0,8339.0,8339.0,3620,64633
02/13/1974,8590.9,8590.9,8590.9,8590.9,3817,63243
02/14/1974,8842.8,8842.8,8649.7,8842.8,5992,63880
02/15/1974,9094.8,9094.8,9094.8,9094.8,4101,64130
02/19/1974,9010.8,9346.7,8842.8,9170.3,5060,63382
02/20/1974,9237.5,9422.3,9212.3,9422.3,4602,62675
02/21/1974,9674.2,9674.2,9674.2,9674.2,2311,61835
02/22/1974,9889.2,9889.2,9835.9,9889.2,2814,61731
02/25/1974,10138.8,10138.8,10093.9,10138.8,4061,59943
02/26/1974,10388.5,10388.5,10388.5,10388.5,3544,59385
02/27/1974,10721.3,10721.3,10068.9,10115.5,6142,57687
02/28/1974,9782.7,9782.7,9769.4,9769.4,4066,57014
03/01/1974,9711.1,9769.4,9449.8,9449.8,4477,56490
03/04/1974,9478.1,9486.4,9117.0,9117.0,4053,55756
03/05/1974,8784.1,8784.1,8784.1,8784.1,3741,55332
03/06/1974,8451.2,8787.4,8451.2,8462.9,4694,55037
03/07/1974,8795.8,8795.8,8720.9,8795.8,2601,54770
03/08/1974,9128.6,9128.6,8487.9,8621.0,3425,53868
03/11/1974,8571.1,8870.6,8522.8,8854.0,3367,53169
03/12/1974,8787.4,9190.2,8787.4,9190.2,3543,53710
03/13/1974,9253.4,9353.3,9070.4,9236.8,3202,51835
03/14/1974,9103.6,9112.0,8920.6,8953.9,3536,52191
03/15/1974,8854.0,8920.6,8621.0,8895.6,3466,51292
03/18/1974,8953.9,9211.8,8804.1,9062.0,4068,51108
03/19/1974,9394.9,9394.9,9394.9,9394.9,3516,50742
03/20/1974,9544.7,9686.1,9428.2,9436.5,4849,50350
03/21/1974,9286.7,9369.9,9103.6,9103.6,3770,50727
03/22/1974,9369.9,9419.9,9170.2,9336.6,3253,49563
03/25/1974,9353.3,9353.3,9003.8,9003.8,2600,49435
03/26/1974,8670.9,8670.9,8670.9,8670.9,4254,49468
03/27/1974,8787.4,8845.7,8338.1,8649.3,4592,49350
03/28/1974,8754.1,8970.5,8754.1,8920.6,3017,49304
03/29/1974,9020.4,9087.0,8820.7,8935.6,3493,48725
04/01/1974,8829.0,8845.7,8602.7,8602.7,2533,48886
04/02/1974,8587.7,8762.5,8269.8,8396.3,4251,48860
04/03/1974,8621.0,8729.2,8437.9,8704.2,3952,48555
04/04/1974,8621.0,8795.8,8404.6,8644.3,3502,47871
04/05/1974,8421.3,8471.2,8311.4,8311.4,2899,47713
04/08/1974,7978.6,7978.6,7978.6,7978.6,1614,47726
04/09/1974,7655.7,7797.2,7645.7,7645.7,2400,47720
04/10/1974,7697.3,7753.9,7344.5,7356.1,4547,47379
04/11/1974,7239.6,7306.2,7023.3,7139.8,4561,47267
04/15/1974,7131.5,7472.6,7131.5,7472.6,2987,47098
04/16/1974,7572.5,7639.1,7206.4,7505.9,4496,46851
04/17/1974,7534.2,7738.9,7339.5,7702.3,3213,46685
04/18/1974,7805.5,8035.2,7680.7,8035.2,6133,47847
04/19/1974,8071.8,8368.0,8038.5,8368.0,6040,48485
04/22/1974,8700.9,8700.9,8700.9,8700.9,3340,49233
04/23/1974,9028.9,9028.9,8823.9,9028.9,5034,51531
04/24/1974,8971.5,9356.9,8856.7,9356.9,4815,49518
04/25/1974,9356.9,9594.8,9192.9,9332.3,6958,49194
04/26/1974,9069.9,9429.1,9024.0,9217.5,5104,49502
04/29/1974,9184.7,9545.6,9127.3,9517.7,3707,46518
04/30/1974,9578.4,9734.2,9397.9,9414.3,4472,46718
05/01/1974,9135.5,9307.7,9086.3,9086.3,3224,46426
05/02/1974,9299.5,9414.3,9063.4,9381.5,3812,46077
05/03/1974,9332.3,9480.0,9201.1,9381.5,2553,46378
05/06/1974,9266.7,9266.7,9053.5,9053.5,2736,46338
05/07/1974,8725.5,8840.3,8725.5,8815.7,3009,46520
05/08/1974,8881.3,9143.7,8545.1,9143.7,3598,46310
05/09/1974,9250.3,9447.1,9250.3,9365.1,3229,46270
05/10/1974,9250.3,9644.0,9250.3,9553.8,4346,46387
05/13/1974,9578.4,9881.8,9578.4,9881.8,5748,47273
05/14/1974,10209.8,10209.8,9562.0,9578.4,6575,47506
05/15/1974,9430.7,9906.4,9365.1,9891.6,5832,46557
05/16/1974,9955.6,10078.6,9644.0,9717.8,6834,44841
05/17/1974,9808.0,9832.6,9529.2,9627.6,2568,44929
05/20/1974,9414.3,9414.3,9299.5,9299.5,3788,44662
05/21/1974,9020.7,9324.1,8971.5,9192.9,4045,44406
05/22/1974,9273.3,9299.5,8864.9,8864.9,3363,44641
05/23/1974,8536.9,8577.9,8536.9,8536.9,2859,44662
05/24/1974,8618.9,8640.2,8208.9,8208.9,3324,43757
05/28/1974,7880.8,7880.8,7880.8,7880.8,3024,43097
05/29/1974,7577.4,8208.9,7561.0,8208.9,6014,42604
05/30/1974,8468.0,8536.9,8200.7,8413.9,4735,42092
05/31/1974,8266.3,8331.9,8094.0,8094.0,2149,42142
06/03/1974,7782.4,7798.8,7766.0,7766.0,1033,41716
06/04/1974,7774.2,8094.0,7610.2,8094.0,3467,41293
06/05/1974,8307.3,8422.1,8299.1,8422.1,2332,41119
06/06/1974,8315.5,8479.5,8135.0,8471.3,3914,40548
06/07/1974,8479.5,8668.1,8372.9,8594.3,3408,40898
06/10/1974,8774.7,8840.3,8610.7,8635.3,2837,40282
06/11/1974,8446.7,8512.3,8307.3,8307.3,2405,39998
06/12/1974,8217.1,8635.3,8044.8,8589.4,3960,40017
06/13/1974,8471.3,8561.5,8261.3,8261.3,2146,40349
06/14/1974,8422.1,8495.9,8061.2,8315.5,2771,40187
06/17/1974,8102.2,8430.3,8061.2,8348.3,2848,40098
06/18/1974,8184.2,8258.1,8020.2,8020.2,3218,40082
06/19/1974,7807.0,8135.0,7741.4,7749.6,3283,39408
06/20/1974,7856.2,7930.0,7684.0,7823.4,5391,39370
06/21/1974,7913.6,7946.4,7798.8,7872.6,2454,39599
06/24/1974,7737.4,7769.6,7544.6,7544.6,3259,39082
06/25/1974,7520.5,7858.0,7512.5,7602.4,5512,38223
06/26/1974,7697.3,7922.2,7408.0,7661.9,5350,37535
06/27/1974,7504.4,7665.1,7504.4,7624.9,3887,36865
06/28/1974,7665.1,7737.4,7616.9,7713.3,3344,35498
07/01/1974,7697.3,7745.5,7391.9,7391.9,2474,35303
07/02/1974,7078.6,7247.3,7078.6,7212.0,3735,34967
07/03/1974,6990.2,7038.4,6890.6,6890.6,3985,34830
07/05/1974,6845.6,7030.4,6709.0,6789.3,3011,35481
07/08/1974,7038.4,7110.7,7022.3,7110.7,2418,35150
07/09/1974,7183.0,7279.5,7134.8,7263.4,2862,34529
07/10/1974,6990.2,7006.3,6942.0,6942.0,2393,34155
07/11/1974,6620.6,6668.8,6620.6,6620.6,2446,33836
07/12/1974,6443.8,6540.3,6339.4,6355.5,4748,33828
07/15/1974,6644.7,6676.8,6596.5,6676.8,2629,34025
07/16/1974,6701.0,6781.3,6355.5,6363.5,4090,33528
07/17/1974,6403.7,6532.2,6395.6,6492.1,3418,33224
07/18/1974,6813.4,6813.4,6813.4,6813.4,2643,32784
07/19/1974,7134.8,7134.8,6942.0,7022.3,2720,32382
07/22/1974,6813.4,7343.7,6789.3,7343.7,4049,32828
07/23/1974,7391.9,7641.0,7279.5,7408.0,3620,32982
07/24/1974,7408.0,7713.3,7343.7,7698.9,3744,33227
07/25/1974,7946.3,8020.3,7841.9,8010.6,4203,33360
07/26/1974,7874.0,8018.6,7817.8,7964.0,3639,33387
07/29/1974,8285.4,8285.4,8285.4,8285.4,3129,34099
07/30/1974,8195.4,8235.6,7964.0,7964.0,3838,33940
07/31/1974,7914.2,8115.1,7858.0,8037.9,2944,34492
08/01/1974,8099.0,8099.0,7716.5,7716.5,4415,34285
08/02/1974,7600.8,7616.9,7395.2,7395.2,2010,34157
08/05/1974,7247.3,7472.3,7075.4,7301.9,3806,34365
08/06/1974,7584.8,7600.8,7279.5,7581.6,3220,34423
08/07/1974,7501.2,7649.0,7400.0,7453.0,3239,34611
08/08/1974,7379.1,7383.9,7131.6,7131.6,2104,34678
08/09/1974,7215.2,7340.5,6942.0,6990.2,2856,34512
08/12/1974,6893.8,6893.8,6668.8,6752.4,3021,34658
08/13/1974,7073.8,7073.8,7073.8,7073.8,1831,35174
08/14/1974,7395.2,7395.2,7030.4,7255.3,2907,35257
08/15/1974,7038.4,7142.9,6942.0,7006.3,2565,35426
08/16/1974,7118.8,7215.2,7054.5,7199.1,1894,35502
08/19/1974,7199.1,7279.5,7130.0,7199.1,2049,35171
08/20/1974,7102.7,7134.8,6974.1,6990.2,2137,35556
08/21/1974,6942.0,7263.4,6869.7,7252.1,2233,35808
08/22/1974,7304.3,7413.2,7179.9,7327.7,3252,35553
08/23/1974,7234.3,7358.8,7189.2,7237.4,3094,35674
08/26/1974,7179.9,7242.1,6954.3,7000.9,1758,35567
08/27/1974,6985.4,6985.4,6689.8,6689.8,4550,35888
08/28/1974,6643.1,6892.0,6510.9,6876.5,4532,35898
08/29/1974,6845.4,6923.2,6596.5,6650.9,3601,35637
08/30/1974,6503.1,6752.0,6472.0,6682.0,2889,34760
09/03/1974,6573.1,6612.0,6370.9,6370.9,4351,34171
09/04/1974,6316.4,6456.4,6075.3,6440.9,6547,33898
09/05/1974,6534.2,6680.5,6332.0,6643.1,3368,33889
09/06/1974,6596.5,6658.7,6495.3,6549.8,4025,33738
09/09/1974,6425.3,6425.3,6246.4,6412.9,2199,33364
09/10/1974,6479.8,6479.8,6285.3,6300.9,4261,34883
09/11/1974,6199.7,6378.6,6145.3,6363.1,3628,34680
09/12/1974,6518.7,6643.1,6300.9,6316.4,3001,34494
09/13/1974,6207.5,6425.3,6168.6,6417.5,4084,34935
09/16/1974,6254.2,6300.9,6114.2,6129.7,2886,35175
09/17/1974,6036.4,6061.3,5865.2,5919.7,3838,34551
09/18/1974,6067.5,6121.9,5958.6,6036.4,2398,34368
09/19/1974,6184.2,6192.0,6090.8,6168.6,3132,34788
09/20/1974,6083.0,6238.6,6051.9,6207.5,2696,34751
09/23/1974,6332.0,6464.2,6324.2,6456.4,2960,34931
09/24/1974,6440.9,6689.8,6347.5,6627.6,5989,36034
09/25/1974,6705.4,6720.9,6425.3,6448.7,4587,35579
09/26/1974,6417.5,6689.8,6347.5,6635.3,2529,70642
09/27/1974,6658.7,6829.8,6549.8,6573.1,5425,70923
09/30/1974,6752.0,6884.3,6736.5,6884.3,4772,71112
10/01/1974,7047.6,7125.4,6969.8,7091.2,14476,72961
10/02/1974,7063.2,7374.3,6969.8,7358.8,8835,72609
10/03/1974,7529.9,7669.9,7436.6,7669.9,6857,72501
10/04/1974,7685.5,7981.1,7607.7,7981.1,9858,73881
10/07/1974,7669.9,7669.9,7669.9,7669.9,4247,73484
10/08/1974,7374.3,7623.3,7358.8,7358.8,4982,73375
10/09/1974,7467.7,7669.9,7428.8,7669.9,4857,74497
10/10/1974,7841.1,7887.7,7374.3,7389.9,7580,79775
10/11/1974,7389.9,7498.8,7094.3,7164.3,6842,79052
10/15/1974,7288.8,7428.8,7239.0,7374.3,4908,78861
10/16/1974,7296.5,7372.8,7117.6,7156.5,7454,78139
10/17/1974,7063.2,7153.4,6977.6,7125.4,5197,77764
10/18/1974,7312.1,7436.6,7304.3,7436.6,3249,77546
10/21/1974,7607.7,7747.7,7522.1,7747.7,4839,77687
10/22/1974,7716.6,7934.4,7506.6,7567.2,12140,78654
10/23/1974,7576.6,7685.5,7452.1,7654.4,14378,85789
10/24/1974,7965.5,7965.5,7903.3,7965.5,3306,85917
10/25/1974,7903.3,8043.3,7864.4,7965.5,4896,86428
10/28/1974,8105.5,8237.8,8090.0,8198.9,10154,91068
10/29/1974,8105.5,8121.1,7887.7,7887.7,6187,91811
10/30/1974,7911.1,7973.3,7576.6,7607.7,10098,92853
10/31/1974,7623.3,7738.4,7491.0,7537.7,7655,93129
11/01/1974,7545.5,7621.7,7265.4,7301.2,9028,95221
11/04/1974,7358.8,7553.2,7358.8,7514.4,9190,95737
11/06/1974,7825.5,7825.5,7825.5,7825.5,3024,96083
11/07/1974,7747.7,7917.3,7657.5,7890.8,13754,100578
11/08/1974,7755.5,8136.7,7755.5,7934.4,14523,102889
11/12/1974,7763.3,7817.7,7623.3,7623.3,5965,101365
11/13/1974,7685.5,7755.5,7312.1,7483.2,6501,101654
11/14/1974,7662.2,7682.4,7389.9,7537.7,5138,101765
11/15/1974,7436.6,7436.6,7226.5,7226.5,5966,102341
11/18/1974,7187.6,7187.6,6915.4,6915.4,10941,103712
11/19/1974,6806.5,6806.5,6604.2,6713.1,22087,103611
11/20/1974,6643.1,6969.8,6503.1,6884.3,19365,103463
11/21/1974,7000.9,7032.1,6573.1,6627.6,8466,105445
11/22/1974,6510.4,6895.6,6495.3,6857.8,6335,106149
11/25/1974,6797.4,6971.1,6767.2,6854.8,5256,106240
11/26/1974,6797.4,7069.3,6737.0,7063.3,8893,107708
11/27/1974,7129.7,7129.7,6880.5,6998.3,8480,104455
11/29/1974,6922.8,7190.1,6895.6,7159.9,4824,105060
12/02/1974,7197.7,7212.8,6857.8,6857.8,9167,105849
12/03/1974,6676.6,6676.6,6555.7,6555.7,12671,106228
12/04/1974,6601.0,6646.3,6283.8,6555.7,23558,115375
12/05/1974,6631.2,6714.3,6517.9,6585.9,7927,118128
12/06/1974,6631.2,6631.2,6404.7,6502.8,7964,118646
12/09/1974,6480.2,6480.2,6255.1,6397.1,8501,119555
12/10/1974,6329.1,6495.3,6283.8,6434.9,9114,119885
12/11/1974,6344.2,6487.7,6306.5,6379.0,14851,121671
12/12/1974,6283.8,6465.1,6276.3,6450.0,13341,119780
12/13/1974,6555.7,6623.7,6502.8,6601.0,9782,120659
12/16/1974,6691.7,6903.1,6653.9,6894.1,11075,123141
12/17/1974,6956.0,7001.3,6752.1,6767.2,16594,125447
12/18/1974,6752.1,6978.7,6737.0,6971.1,13696,126720
12/19/1974,7001.3,7096.5,6986.2,7066.3,10325,127644
12/20/1974,6933.3,6971.1,6805.0,6865.4,9112,127758
12/23/1974,7054.2,7167.5,7008.9,7167.5,12068,128865
12/24/1974,7144.8,7280.8,7144.8,7250.6,8600,128899
12/26/1974,7235.5,7465.1,7235.5,7394.1,17211,130134
12/27/1974,7386.5,7443.9,7311.0,7356.3,8420,129504
12/30/1974,7235.5,7258.1,7054.2,7054.2,16474,131429
12/31/1974,6752.1,6767.2,6752.1,6752.1,11793,130848
01/02/1975,6676.6,6676.6,6450.0,6613.1,19443,123037
01/03/1975,6525.5,6706.8,6480.2,6480.2,7931,119850
01/06/1975,6374.4,6555.7,6178.1,6480.2,11017,117591
01/07/1975,6419.8,6555.7,6314.0,6336.7,6787,115409
01/08/1975,6434.9,6502.8,6208.3,6314.0,6468,114564
01/09/1975,6404.7,6427.3,6268.7,6329.1,8148,112954
01/10/1975,6261.2,6631.2,6261.2,6616.1,9454,113284
01/13/1975,6721.9,6721.9,6502.8,6530.0,11058,109983
01/14/1975,6495.3,6789.8,6465.1,6767.2,13252,106189
01/15/1975,6706.8,6797.4,6510.4,6525.5,6823,105278
01/16/1975,6465.1,6555.7,6336.7,6359.3,16945,103437
01/17/1975,6253.6,6298.9,6057.2,6057.2,9385,102800
01/20/1975,6087.4,6238.5,5936.4,6215.8,7896,102119
01/21/1975,6163.0,6238.5,5996.8,6019.5,8079,101913
01/22/1975,6102.6,6178.1,5951.5,6107.1,8347,102180
01/23/1975,6042.1,6409.2,6011.9,6409.2,6566,101801
01/24/1975,6487.7,6616.1,6427.3,6578.4,8357,100567
01/27/1975,6570.8,6631.2,6348.8,6386.5,7154,100880
01/28/1975,6344.2,6570.8,6314.0,6487.7,3543,100302
01/29/1975,6517.9,6669.0,6427.3,6555.7,9138,98223
01/30/1975,6525.5,6570.8,6336.7,6382.0,6194,96399
01/31/1975,6238.5,6291.4,6147.9,6200.7,11262,95174
02/03/1975,6261.2,6353.3,6215.8,6261.2,5354,95002
02/04/1975,6185.6,6291.4,6163.0,6223.4,5753,93977
02/05/1975,6261.2,6321.6,6230.9,6283.8,4457,93116
02/06/1975,6238.5,6397.1,6208.3,6382.0,8595,90745
02/07/1975,6450.0,6540.6,6436.4,6540.6,4298,90613
02/10/1975,6480.2,6525.5,6321.6,6329.1,5509,90551
02/11/1975,6366.9,6555.7,6366.9,6533.1,5204,89997
02/13/1975,6691.7,6835.2,6688.6,6835.2,5531,90505
02/14/1975,6903.1,6925.8,6691.7,6842.7,7049,89890
02/18/1975,6676.6,6895.6,6676.6,6872.9,8557,92482
02/19/1975,6963.6,7008.9,6767.2,6827.6,8927,91279
02/20/1975,6903.1,7039.1,6857.8,7024.0,9707,91701
02/21/1975,7016.4,7024.0,6872.9,6895.6,5872,90344
02/24/1975,6962.8,7059.4,6918.2,6918.2,5549,90389
02/25/1975,6967.3,6977.7,6621.0,6643.3,7246,89562
02/26/1975,6643.3,6791.9,6583.8,6763.7,8375,89071
02/27/1975,6725.0,6754.8,6569.0,6635.9,7174,85545
02/28/1975,6635.9,6725.0,6569.0,6710.2,4104,85364
03/03/1975,6754.8,6762.2,6583.8,6759.2,3348,84427
03/04/1975,6687.9,6710.2,6462.0,6462.0,5941,84221
03/05/1975,6390.6,6506.6,6353.5,6435.2,7809,83486
03/06/1975,6509.5,6539.3,6412.9,6499.1,6854,84055
03/07/1975,6427.8,6465.0,6360.9,6450.1,5413,83236
03/10/1975,6390.6,6635.9,6390.6,6613.6,8123,83155
03/11/1975,6665.6,6791.9,6646.3,6769.6,9526,80777
03/12/1975,6695.3,6747.3,6650.7,6680.4,4711,80672
03/13/1975,6739.9,6843.9,6705.7,6732.5,4682,80998
03/14/1975,6717.6,6725.0,6628.4,6687.9,3314,81254
03/17/1975,6628.4,6716.1,6603.2,6687.9,2968,80745
03/18/1975,6725.0,6732.5,6405.5,6450.1,8720,81209
03/19/1975,6509.5,6561.6,6390.6,6558.6,7184,81055
03/20/1975,6524.4,6531.8,6265.8,6338.6,10417,77686
03/21/1975,6346.1,6427.8,6271.7,6368.3,6540,78540
03/24/1975,6398.1,6420.4,6197.4,6256.9,8499,78691
03/25/1975,6331.2,6353.5,6212.3,6320.8,5216,78621
03/26/1975,6338.6,6412.9,6286.6,6390.6,4604,79381
03/27/1975,6360.9,6360.9,6200.4,6219.7,6383,81157
03/31/1975,6204.9,6375.8,6197.4,6353.5,21170,88583
04/01/1975,6368.3,6427.8,6316.3,6375.8,3766,88323
04/02/1975,6420.4,6442.7,6242.0,6256.9,5829,87314
04/03/1975,6197.4,6204.9,6111.2,6173.7,7876,85325
04/04/1975,6078.5,6127.6,6056.2,6066.7,6075,84966
04/07/1975,6086.0,6130.6,5996.8,6123.1,6431,83424
04/08/1975,6164.7,6212.3,6086.0,6093.4,9561,81504
04/09/1975,6041.4,6129.1,6034.0,6123.1,11401,78847
04/10/1975,6100.8,6227.2,6063.7,6190.0,13262,73172
04/11/1975,6167.7,6197.4,6115.7,6152.8,5787,72185
04/14/1975,6019.1,6048.8,5974.5,6032.5,8248,73387
04/15/1975,5987.9,6096.4,5987.9,6077.1,7058,71403
04/16/1975,6152.8,6286.6,6133.5,6271.7,9029,72582
04/17/1975,6264.3,6569.0,6256.9,6539.3,12794,71877
04/18/1975,6509.5,6554.1,6435.2,6456.0,8284,71740
04/21/1975,6360.9,6433.7,6288.1,6390.6,3349,73346
04/22/1975,6342.3,6503.4,6269.0,6286.6,5183,75330
04/23/1975,6320.3,6430.2,6314.4,6408.2,5467,75142
04/24/1975,6342.3,6430.2,6320.3,6390.6,3573,73974
04/25/1975,6371.6,6478.5,6371.6,6428.7,7762,75177
04/28/1975,6412.6,6525.4,6400.9,6465.3,7945,75494
04/29/1975,6518.0,6591.3,6474.1,6540.0,6701,74141
04/30/1975,6510.7,6538.5,6356.9,6393.5,5045,73843
05/01/1975,6351.1,6437.5,6342.3,6430.2,3850,74009
05/02/1975,6452.1,6459.4,6368.6,6376.0,3734,74604
05/05/1975,6313.0,6452.1,6313.0,6444.8,5153,75738
05/06/1975,6488.7,6576.6,6472.6,6575.2,8057,76014
05/07/1975,6635.2,6759.7,6635.2,6708.4,6225,76599
05/08/1975,6686.5,6717.2,6642.5,6679.2,4450,77453
05/09/1975,6658.6,6803.7,6644.0,6789.0,3847,78123
05/12/1975,6767.0,6796.3,6715.8,6759.7,4864,78229
05/13/1975,6759.7,6869.6,6746.5,6847.6,7181,80314
05/14/1975,6884.2,6939.9,6759.7,6777.3,7501,77848
05/15/1975,6664.5,6701.1,6532.7,6540.0,3609,77374
05/16/1975,6583.9,6833.0,6583.9,6818.3,8327,82362
05/19/1975,6869.6,6928.2,6812.4,6901.8,5062,82788
05/20/1975,6813.9,6875.4,6767.0,6781.7,6430,82020
05/21/1975,6811.0,7030.7,6803.7,6928.2,6862,83333
05/22/1975,7052.7,7130.3,6833.0,6920.8,15539,82701
05/23/1975,6957.5,6972.1,6854.9,6950.1,6331,82227
05/27/1975,6898.9,6913.5,6693.8,6708.4,5041,81811
05/28/1975,6752.4,6803.7,6620.6,6777.3,10102,85943
05/29/1975,6723.1,6730.4,6591.3,6642.5,5182,85646
05/30/1975,6642.5,6708.4,6605.9,6620.6,5627,85013
06/02/1975,6444.8,6500.5,6386.2,6459.4,7345,85482
06/03/1975,6525.4,6575.2,6525.4,6550.3,3296,85772
06/04/1975,6510.7,6521.0,6434.5,6466.8,8106,82530
06/05/1975,6452.1,6560.5,6437.5,6459.4,4424,83590
06/06/1975,6503.4,6516.6,6466.8,6474.1,3646,84342
06/09/1975,6559.0,6752.4,6540.0,6742.1,5652,84246
06/10/1975,6737.7,6742.1,6635.2,6649.9,8038,84611
06/11/1975,6649.9,6774.4,6629.4,6712.8,5740,84331
06/12/1975,6693.8,6759.7,6569.3,6579.6,5958,84355
06/13/1975,6572.2,6613.2,6518.0,6554.7,5251,83909
06/16/1975,6569.3,6627.9,6496.1,6510.7,5016,83028
06/17/1975,6554.7,6651.3,6547.3,6583.9,7624,82978
06/18/1975,6569.3,6605.9,6532.7,6547.3,6764,84324
06/19/1975,6532.7,6540.0,6459.4,6532.7,6008,84938
06/20/1975,6547.3,6589.8,6540.0,6581.0,3639,85822
06/23/1975,6587.5,6594.8,6529.8,6534.1,4092,85585
06/24/1975,6551.5,6703.0,6537.0,6690.0,8920,86857
06/25/1975,6733.3,6753.5,6659.7,6666.9,12432,87884
06/26/1975,6703.0,6811.2,6638.0,6646.7,14167,88038
06/27/1975,6688.6,6737.6,6674.1,6690.0,6967,85815
06/30/1975,6767.9,6782.4,6698.7,6746.3,3869,85415
07/01/1975,6767.9,6767.9,6602.0,6666.9,6179,84538
07/02/1975,6674.1,6684.2,6609.2,6616.4,3910,83468
07/03/1975,6594.8,6688.6,6573.1,6666.9,4538,83025
07/07/1975,6610.6,6616.4,6537.0,6565.9,3582,82378
07/08/1975,6580.3,6832.9,6565.9,6754.9,10016,83735
07/09/1975,6832.9,6854.5,6739.1,6775.1,5559,83195
07/10/1975,6717.4,6868.9,6717.4,6756.4,6984,82704
07/11/1975,6767.9,6847.3,6767.9,6818.4,5418,83223
07/14/1975,6912.2,6916.6,6782.4,6789.6,8917,82350
07/15/1975,6775.1,6832.9,6739.1,6821.3,6950,83207
07/16/1975,6780.9,6818.4,6760.7,6789.6,5277,82416
07/17/1975,6796.8,6840.1,6724.6,6739.1,5222,82794
07/18/1975,6710.2,6766.5,6695.8,6746.3,3655,82513
07/21/1975,6767.9,6883.4,6767.9,6847.3,4256,83262
07/22/1975,6941.1,6948.3,6840.1,6861.7,7974,84045
07/23/1975,6817.0,6854.5,6814.1,6847.3,3436,83711
07/24/1975,6890.6,6984.4,6890.6,6941.1,7030,83863
07/25/1975,7027.7,7128.7,7006.0,7121.5,10623,84615
07/28/1975,7157.5,7410.1,7121.5,7410.1,15136,86877
07/29/1975,7518.3,7532.7,7273.0,7323.5,19869,86838
07/30/1975,7431.7,7431.7,7143.1,7241.2,10987,86090
07/31/1975,7241.2,7343.7,7186.4,7294.6,8776,87356
08/01/1975,7345.1,7402.9,7317.7,7378.3,6187,86710
08/04/1975,7446.2,7590.5,7424.5,7511.1,7197,86714
08/05/1975,7446.2,7475.0,7374.0,7387.0,4779,87747
08/06/1975,7359.6,7511.1,7323.5,7489.4,10269,88125
08/07/1975,7547.2,7677.0,7547.2,7626.5,7387,88387
08/08/1975,7568.8,7576.0,7337.9,7337.9,10650,88765
08/11/1975,7200.8,7316.3,7193.6,7236.9,15071,96500
08/12/1975,7244.1,7431.7,7236.9,7359.6,10723,102560
08/13/1975,7374.0,7381.2,7071.0,7099.8,11624,104819
08/14/1975,7128.7,7172.0,6926.7,7088.3,22541,114427
08/15/1975,7042.1,7172.0,7013.2,7099.8,7290,114766
08/18/1975,7099.8,7099.8,6883.4,6980.0,6188,114195
08/19/1975,6919.4,7092.6,6897.8,7086.8,8552,114985
08/20/1975,7140.2,7193.6,7020.5,7029.1,7591,114790
08/21/1975,7013.2,7078.2,6905.0,6929.5,5034,114680
08/22/1975,6996.0,7054.9,6935.7,6998.8,7586,115030
08/25/1975,7026.9,7068.9,6963.7,7043.7,4283,115264
08/26/1975,7052.1,7061.9,6774.4,6777.2,9598,115965
08/27/1975,6774.4,6830.5,6665.0,6816.5,19743,116013
08/28/1975,6844.5,6851.5,6676.2,6687.4,9227,113713
08/29/1975,6648.2,6683.2,6514.9,6557.0,16933,115616
09/02/1975,6311.6,6325.6,6276.5,6283.5,21102,118003
09/03/1975,6395.7,6463.0,6359.2,6430.8,11822,118417
09/04/1975,6493.9,6521.9,6423.8,6451.8,5583,117690
09/05/1975,6451.8,6475.7,6402.7,6458.8,4443,119340
09/08/1975,6409.7,6423.8,6367.7,6367.7,6255,120938
09/09/1975,6213.4,6514.9,6213.4,6479.9,21488,128816
09/10/1975,6543.0,6592.1,6472.8,6554.2,5366,129377
09/11/1975,6479.9,6521.9,6430.8,6437.8,6853,131428
09/12/1975,6528.9,6655.2,6521.9,6627.1,6652,131111
09/15/1975,6599.1,6613.1,6564.0,6585.1,2462,130958
09/16/1975,6528.9,6620.1,6527.5,6536.0,5811,132394
09/17/1975,6458.8,6592.1,6367.7,6578.0,10237,134130
09/18/1975,6543.0,6585.1,6367.7,6409.7,8387,135041
09/19/1975,6395.7,6550.0,6360.6,6367.7,7693,135541
09/22/1975,6353.6,6423.8,6227.4,6297.5,11082,135239
09/23/1975,6255.4,6367.7,6244.2,6290.5,11771,136681
09/24/1975,6353.6,6444.8,6339.6,6392.9,6183,136539
09/25/1975,6381.7,6461.6,6381.7,6388.7,7179,137760
09/26/1975,6402.7,6479.9,6402.7,6429.4,5678,138151
09/29/1975,6458.8,6479.9,6311.6,6318.6,6089,138521
09/30/1975,6395.7,6430.8,6339.6,6346.6,7900,139472
10/01/1975,6423.8,6521.9,6374.7,6454.6,12421,140421
10/02/1975,6493.9,6500.9,6325.6,6339.6,11041,145380
10/03/1975,6325.6,6338.2,6185.3,6259.7,11129,145742
10/06/1975,6304.5,6317.2,6224.6,6262.5,7903,146326
10/07/1975,6290.5,6353.6,6262.5,6276.5,10050,145206
10/08/1975,6234.4,6234.4,5996.0,6045.1,26236,148260
10/09/1975,6080.1,6108.2,6010.0,6101.2,13681,148468
10/10/1975,6129.2,6154.5,6087.1,6136.2,12323,150943
10/14/1975,6017.0,6157.3,5981.9,6140.4,21323,161257
10/15/1975,6157.3,6164.3,5960.9,5996.0,12673,164588
10/16/1975,6073.1,6129.2,6031.0,6115.2,13316,166690
10/17/1975,6185.3,6227.4,6089.9,6168.5,6891,166727
10/20/1975,6143.2,6206.4,6108.2,6171.3,5540,166570
10/21/1975,6213.4,6213.4,6007.2,6061.9,12465,166721
10/22/1975,6059.1,6115.2,6038.1,6108.2,8874,167421
10/23/1975,6073.1,6073.1,5946.9,6031.0,18283,166627
10/24/1975,6003.0,6080.1,5974.9,5984.8,6606,166995
10/27/1975,5890.8,5904.8,5820.7,5841.7,22097,168261
10/28/1975,5876.8,5960.9,5855.7,5953.9,17471,168699
10/29/1975,5918.8,6010.0,5918.8,5960.9,12178,174561
10/30/1975,5989.0,5989.0,5911.8,5925.8,7699,174889
10/31/1975,5897.8,5916.0,5827.7,5879.6,6818,175541
11/03/1975,5930.1,5951.1,5897.8,5910.4,6870,176428
11/05/1975,6031.0,6190.9,6024.0,6190.9,29009,185945
11/06/1975,6185.3,6248.4,6143.2,6220.4,16993,188238
11/07/1975,6178.3,6324.2,6178.3,6283.5,28455,195485
11/10/1975,6248.4,6325.6,6199.3,6311.6,27202,201232
11/12/1975,6214.8,6227.4,6119.4,6219.0,13942,201889
11/13/1975,6185.3,6234.4,6126.4,6157.3,10307,205562
11/14/1975,6143.2,6216.2,6108.2,6165.7,11298,203537
11/17/1975,6122.2,6143.2,6017.0,6031.0,9898,206462
11/18/1975,6031.0,6059.1,5996.0,6054.9,9548,205853
11/19/1975,6108.2,6115.2,6052.1,6073.1,7281,206990
11/20/1975,6038.1,6089.9,5963.7,5972.1,16514,208936
11/21/1975,5960.9,5974.9,5876.8,5969.3,20536,205558
11/24/1975,5922.5,6025.4,5922.5,6024.0,26677,212987
11/25/1975,6039.1,6046.0,5922.5,5930.7,14056,212678
11/26/1975,5874.4,5943.0,5860.7,5934.8,33673,207966
11/28/1975,5874.4,5888.1,5723.4,5745.4,32247,211074
12/01/1975,5696.0,5745.4,5654.8,5679.5,45135,214486
12/02/1975,5737.2,5797.6,5724.8,5750.9,31172,225960
12/03/1975,5737.2,5757.8,5613.6,5621.9,25925,231313
12/04/1975,5709.7,5709.7,5599.9,5602.7,22349,232536
12/05/1975,5565.6,5604.0,5531.3,5599.9,32990,234890
12/08/1975,5579.3,5579.3,5464.0,5473.6,30141,234525
12/09/1975,5448.9,5538.2,5394.0,5531.3,36894,238734
12/10/1975,5567.0,5602.7,5545.0,5565.6,19338,240702
12/11/1975,5627.4,5661.7,5601.3,5617.8,12218,241869
12/12/1975,5565.6,5579.3,5490.1,5497.0,11944,242464
12/15/1975,5462.7,5510.7,5418.7,5497.0,12997,241652
12/16/1975,5565.6,5642.5,5553.2,5624.6,22233,248436
12/17/1975,5627.4,5715.2,5602.7,5654.8,21132,250862
12/18/1975,5696.0,5696.0,5613.6,5645.2,9651,251377
12/19/1975,5620.5,5919.7,5620.5,5919.7,49720,259441
12/22/1975,5922.5,6066.6,5833.2,5991.1,46456,259694
12/23/1975,5943.0,5984.2,5890.9,5908.7,14344,256759
12/24/1975,5922.5,5956.8,5895.0,5922.5,5875,257396
12/29/1975,5949.9,5967.8,5808.5,5814.0,24556,258465
12/30/1975,5805.8,5844.2,5764.6,5807.2,16002,254135
12/31/1975,5785.2,5825.0,5772.9,5814.0,9204,254894
01/02/1976,5786.6,5874.4,5771.5,5867.6,18649,249472
01/05/1976,5833.2,5960.9,5786.6,5899.1,17600,244814
01/06/1976,5915.6,6021.3,5908.7,5949.9,19978,239758
01/07/1976,5922.5,6010.3,5915.6,5991.1,11434,237691
01/08/1976,5936.2,5943.0,5840.1,5851.1,18693,231904
01/09/1976,5874.4,5881.3,5822.3,5853.8,12032,229447
01/12/1976,5888.1,5963.6,5826.4,5949.9,13005,226246
01/13/1976,5851.1,5851.1,5675.4,5693.2,23329,224734
01/14/1976,5696.0,5730.3,5648.0,5689.1,12819,221757
01/15/1976,5716.6,5730.3,5517.6,5517.6,12765,219268
01/16/1976,5483.2,5558.7,5435.2,5545.0,18149,218287
01/19/1976,5490.1,5528.5,5394.0,5407.8,8250,218104
01/20/1976,5270.5,5324.0,5218.4,5298.0,15274,216175
01/21/1976,5346.0,5409.1,5314.4,5352.9,11473,214419
01/22/1976,5400.9,5442.1,5352.9,5380.3,8793,213738
01/23/1976,5503.8,5503.8,5381.7,5400.9,7478,212849
01/26/1976,5298.0,5298.0,5215.6,5288.3,10373,210776
01/27/1976,5318.5,5387.2,5314.4,5366.6,13353,205260
01/28/1976,5414.6,5435.2,5361.1,5435.2,9649,200816
01/29/1976,5490.1,5551.9,5470.9,5545.0,9675,199427
01/30/1976,5524.4,5549.1,5380.3,5448.9,9192,199031
02/02/1976,5531.3,5572.5,5494.2,5501.1,5542,197627
02/03/1976,5517.6,5524.4,5387.2,5448.9,7897,196691
02/04/1976,5414.6,5427.0,5366.6,5394.0,8081,195241
02/05/1976,5373.4,5444.8,5373.4,5432.5,13035,190746
02/06/1976,5490.1,5514.8,5462.7,5476.4,6469,190745
02/09/1976,5465.4,5469.5,5417.4,5432.5,4790,190557
02/10/1976,5396.8,5696.0,5394.0,5654.8,19059,191374
02/11/1976,5641.1,5723.4,5599.9,5609.5,6600,191070
02/12/1976,5641.1,5719.3,5623.2,5634.2,10214,188976
02/13/1976,5675.4,5702.9,5593.1,5634.2,10554,187375
02/17/1976,5572.5,5627.4,5565.6,5623.2,5331,187601
02/18/1976,5675.4,5716.6,5624.6,5642.5,14475,187089
02/19/1976,5641.1,5757.8,5634.2,5746.8,8761,186784
02/20/1976,5771.5,5771.5,5709.7,5744.0,8872,185018
02/23/1976,5741.7,5782.4,5741.7,5778.3,448,185404
02/24/1976,5816.3,5816.3,5749.9,5810.9,15112,183435
02/25/1976,5809.5,5810.9,5728.2,5762.1,22835,184145
02/26/1976,5707.8,5728.2,5682.1,5687.5,7573,176766
02/27/1976,5707.8,5796.0,5707.8,5755.3,6453,177261
03/01/1976,5735.0,5739.0,5667.2,5694.3,7664,176401
03/02/1976,5660.4,5678.0,5630.6,5640.1,6680,176520
03/03/1976,5701.1,5705.1,5680.7,5691.6,6602,177982
03/04/1976,5699.7,5789.2,5672.6,5772.9,10124,177670
03/05/1976,5802.7,5884.1,5800.0,5823.1,12068,178191
03/08/1976,5802.7,5817.7,5771.6,5810.9,6804,178279
03/09/1976,5800.0,5870.5,5789.2,5836.6,13488,180002
03/10/1976,5890.9,5909.9,5851.6,5870.5,7412,180006
03/11/1976,5840.7,5843.4,5763.4,5775.6,6737,179752
03/12/1976,5782.4,5827.2,5775.6,5778.3,4521,179856
03/15/1976,5829.9,5833.9,5680.7,5701.1,7526,178714
03/16/1976,5698.4,5714.6,5626.5,5659.0,8289,178457
03/17/1976,5701.1,5745.8,5691.6,5741.7,6095,178427
03/18/1976,5774.3,5789.2,5694.3,5698.4,6455,177624
03/19/1976,5694.3,5758.0,5656.3,5755.3,5775,178807
03/22/1976,5721.4,5729.5,5673.9,5680.7,6805,178892
03/23/1976,5694.3,5735.0,5640.1,5697.0,9953,178192
03/24/1976,5735.0,5736.3,5640.1,5646.8,5955,178195
03/25/1976,5606.2,5631.9,5588.5,5592.6,7547,178521
03/26/1976,5573.6,5599.4,5532.9,5547.9,8338,179111
03/29/1976,5518.0,5520.7,5450.2,5453.0,9001,177855
03/30/1976,5518.0,5550.6,5490.9,5534.3,7483,177643
03/31/1976,5524.8,5556.0,5463.8,5495.0,9208,176674
04/01/1976,5538.4,5688.9,5505.8,5626.5,9945,176701
04/02/1976,5606.2,5645.5,5565.5,5572.3,8542,174545
04/05/1976,5531.6,5623.8,5508.5,5622.4,6201,175783
04/06/1976,5640.1,5701.1,5636.0,5680.7,10777,174195
04/07/1976,5687.5,5762.1,5646.8,5695.6,9968,173418
04/08/1976,5768.9,5842.1,5755.3,5820.4,11974,174180
04/09/1976,5782.4,5823.1,5747.2,5809.5,7295,173336
04/12/1976,5789.2,6046.8,5772.9,6015.6,16770,175384
04/13/1976,5992.6,6033.2,5951.9,5985.8,9075,174806
04/14/1976,5962.7,6040.0,5911.2,5934.3,11563,175035
04/15/1976,5985.8,6003.4,5924.8,6000.7,5286,174464
04/19/1976,5992.6,6114.6,5961.4,6107.8,8858,175416
04/20/1976,6152.5,6247.4,6114.6,6128.1,12688,175094
04/21/1976,6060.3,6090.2,5979.0,5998.0,9072,174774
04/22/1976,6031.3,6040.6,5937.4,5977.6,7534,174527
04/23/1976,5997.7,6043.3,5938.8,5957.5,9396,172590
04/26/1976,5991.0,6071.5,5980.3,6071.5,15517,176149
04/27/1976,6172.0,6185.4,6111.7,6114.4,15196,174453
04/28/1976,6058.1,6084.9,5979.0,6004.4,18679,170408
04/29/1976,5997.7,6042.0,5965.6,6001.8,8067,168596
04/30/1976,6038.0,6070.1,5983.0,6031.3,5387,168589
05/03/1976,5991.0,5991.0,5930.7,5948.2,6705,168604
05/04/1976,5924.0,5969.6,5836.9,5843.6,12204,168255
05/05/1976,5863.7,5910.6,5810.1,5901.2,12564,168859
05/06/1976,5877.1,6017.9,5863.7,6015.2,10966,169984
05/07/1976,6017.9,6111.7,5997.7,6109.0,7449,169378
05/10/1976,6151.9,6162.6,6059.4,6075.5,7637,168975
05/11/1976,6058.1,6088.9,6011.1,6060.7,12230,169908
05/12/1976,6118.4,6205.5,6091.6,6125.1,20245,176595
05/13/1976,6071.5,6114.4,6044.7,6064.8,6655,176493
05/14/1976,6038.0,6091.6,6024.6,6082.2,7916,176482
05/17/1976,6068.8,6118.4,5964.2,5970.9,8726,177521
05/18/1976,5964.2,5996.4,5917.3,5924.0,8132,177549
05/19/1976,5950.8,5950.8,5870.4,5903.9,6833,175885
05/20/1976,5944.1,6017.9,5937.4,6013.8,9515,177220
05/21/1976,6029.9,6031.3,5964.2,5970.9,9397,174632
05/24/1976,5924.0,6145.2,5913.3,6107.6,17251,172938
05/25/1976,6084.9,6158.6,6058.1,6075.5,13916,171515
05/26/1976,6165.3,6299.3,6151.9,6252.4,18880,170660
05/27/1976,6306.0,6332.8,6232.3,6285.9,20588,170014
05/28/1976,6279.2,6328.8,6241.7,6312.7,7719,169928
06/01/1976,6326.1,6393.1,6285.9,6326.1,14024,168040
06/02/1976,6272.5,6346.2,6233.6,6299.3,23770,162107
06/03/1976,6276.5,6401.2,6276.5,6326.1,20784,160684
06/04/1976,6299.3,6366.3,6252.4,6265.8,15392,158192
06/07/1976,6259.1,6493.6,6259.1,6460.1,34370,155137
06/08/1976,6500.4,6540.6,6399.8,6413.2,29162,157119
06/09/1976,6460.1,6513.8,6460.1,6507.1,15125,149666
06/10/1976,6587.5,6674.6,6580.8,6594.2,27546,142012
06/11/1976,6621.0,6654.5,6540.6,6647.8,13730,141619
06/14/1976,6621.0,6688.0,6594.2,6621.0,16179,138753
06/15/1976,6567.4,6574.1,6462.8,6482.9,21130,140367
06/16/1976,6496.3,6508.4,6419.9,6476.2,14996,137805
06/17/1976,6540.6,6574.1,6480.2,6524.5,10863,137693
06/18/1976,6500.4,6540.6,6493.6,6520.5,6823,136989
06/21/1976,6507.1,6537.9,6460.1,6531.2,9299,136176
06/22/1976,6619.4,6639.4,6552.9,6587.5,9786,136024
06/23/1976,6542.2,6546.2,6321.4,6395.9,18876,134598
06/24/1976,6379.9,6459.7,6333.3,6453.1,10716,135244
06/25/1976,6479.7,6490.3,6332.0,6356.0,14493,136536
06/28/1976,6320.0,6357.3,6313.4,6330.7,13233,137834
06/29/1976,6366.6,6479.7,6293.4,6469.1,11657,133999
06/30/1976,6519.6,6552.9,6453.1,6506.3,10599,135216
07/01/1976,6453.1,6759.1,6439.8,6724.5,23521,138362
07/02/1976,6773.7,6838.9,6666.0,6732.5,21487,140959
07/06/1976,6865.5,6934.7,6834.9,6902.8,18072,140689
07/07/1976,6898.8,6898.8,6712.5,6737.8,20995,138547
07/08/1976,6799.0,6845.6,6719.2,6842.9,16510,137667
07/09/1976,6819.0,6852.2,6765.8,6772.4,8767,137067
07/12/1976,6672.6,6719.2,6519.6,6526.3,11457,135596
07/13/1976,6559.5,6610.1,6519.6,6546.2,8488,135612
07/14/1976,6566.2,6705.9,6559.5,6700.6,9540,135907
07/15/1976,6719.2,6731.2,6479.7,6486.3,11642,136042
07/16/1976,6486.3,6493.0,6333.3,6391.9,13464,136344
07/19/1976,6320.0,6330.7,6125.8,6125.8,14738,136848
07/20/1976,6034.0,6157.7,5907.6,5994.1,28556,132005
07/21/1976,6107.1,6153.7,6048.6,6080.5,10462,131305
07/22/1976,6027.3,6047.3,5861.0,5968.8,15842,132250
07/23/1976,6034.0,6145.7,6002.0,6129.8,7124,131734
07/26/1976,6125.8,6153.7,5988.7,6049.9,8124,131713
07/27/1976,6153.7,6213.6,6127.1,6127.1,10967,132085
07/28/1976,6167.0,6197.6,6088.5,6096.5,8642,131053
07/29/1976,6047.3,6107.1,6028.6,6042.0,10311,131015
07/30/1976,6080.5,6100.5,6000.7,6003.4,7913,130032
08/02/1976,5947.5,5964.8,5737.3,5770.5,11326,130237
08/03/1976,5714.6,5827.7,5674.7,5698.7,15683,128541
08/04/1976,5814.4,5854.3,5754.6,5827.7,10692,128560
08/05/1976,5761.2,5787.8,5614.8,5621.5,15730,127544
08/06/1976,5634.8,5701.3,5621.5,5634.8,8585,128857
08/09/1976,5555.0,5614.8,5501.8,5515.1,9149,129281
08/10/1976,5594.9,5688.0,5574.9,5681.4,11804,131362
08/11/1976,5648.1,5761.2,5614.8,5754.6,8881,132097
08/12/1976,5708.0,5811.8,5701.3,5790.5,12034,135446
08/13/1976,5761.2,5854.3,5754.6,5801.1,6316,135282
08/16/1976,5814.4,5825.1,5747.9,5761.2,4936,135279
08/17/1976,5721.3,5742.6,5590.9,5640.1,10372,134822
08/18/1976,5563.0,5648.1,5537.7,5628.2,12407,136270
08/19/1976,5710.6,5801.1,5710.6,5786.5,10780,137660
08/20/1976,5811.8,5843.7,5658.8,5670.7,9749,136758
08/23/1976,5649.4,5734.4,5559.1,5568.3,7435,136247
08/24/1976,5584.0,5608.8,5414.0,5417.9,12593,136253
08/25/1976,5387.8,5505.5,5342.0,5466.3,21579,139235
08/26/1976,5485.9,5567.0,5459.7,5563.0,17959,140785
08/27/1976,5531.7,5567.0,5381.3,5466.3,11012,140844
08/30/1976,5414.0,5476.7,5361.7,5455.8,5436,139290
08/31/1976,5433.6,5539.5,5414.0,5416.6,9724,136947
09/01/1976,5453.2,5676.8,5442.7,5654.6,16978,138392
09/02/1976,5675.5,5725.2,5601.0,5695.1,8952,139193
09/03/1976,5688.6,5706.9,5623.2,5655.9,5274,139500
09/07/1976,5818.1,5871.7,5769.7,5845.5,12435,137487
09/08/1976,5845.5,5852.1,5636.3,5679.4,16060,137014
09/09/1976,5629.7,5686.0,5594.4,5655.9,9247,137597
09/10/1976,5701.7,5710.8,5492.4,5499.0,13192,137836
09/13/1976,5472.8,5551.3,5433.6,5529.0,12182,135571
09/14/1976,5466.3,5590.5,5442.7,5505.5,19608,142315
09/15/1976,5544.7,5603.6,5525.1,5577.4,12004,143915
09/16/1976,5636.3,5655.9,5564.4,5570.9,7442,144884
09/17/1976,5636.3,5697.7,5584.0,5616.7,8934,145275
09/20/1976,5577.4,5590.5,5512.0,5551.3,5595,145623
09/21/1976,5727.8,5786.7,5701.7,5727.8,17038,151645
09/22/1976,5695.1,5806.3,5663.7,5799.7,17624,152361
09/23/1976,5727.8,5793.2,5710.8,5764.4,11451,155510
09/24/1976,5773.6,5845.5,5747.4,5832.4,11507,154349
09/27/1976,5845.5,5871.7,5786.7,5799.7,9566,155011
09/28/1976,5721.3,5747.4,5688.6,5709.5,7264,154284
09/29/1976,5747.4,5784.1,5703.0,5760.5,6969,154167
09/30/1976,5740.9,5740.9,5662.4,5717.4,5772,154330
10/01/1976,5740.9,5773.6,5704.3,5714.7,6476,155728
10/04/1976,5662.4,5725.2,5640.2,5714.7,3771,156174
10/05/1976,5727.8,5747.4,5649.4,5652.0,8961,157232
10/06/1976,5642.8,5649.4,5601.0,5645.4,8368,158076
10/07/1976,5597.1,5636.3,5578.7,5601.0,9971,158338
10/08/1976,5557.8,5564.4,5485.9,5518.6,10652,158618
10/11/1976,5446.7,5463.7,5374.7,5410.0,16804,159171
10/12/1976,5459.7,5476.7,5441.4,5472.8,19567,159370
10/13/1976,5551.3,5565.7,5518.6,5542.1,6871,159561
10/14/1976,5542.1,5542.1,5433.6,5459.7,10032,161602
10/15/1976,5459.7,5531.7,5448.0,5525.1,10530,163174
10/18/1976,5510.7,5544.7,5483.3,5492.4,14464,169700
10/19/1976,5505.5,5516.0,5442.7,5466.3,11941,171686
10/20/1976,5476.7,5499.0,5434.9,5485.9,8394,170565
10/21/1976,5551.3,5564.4,5518.6,5529.0,17545,181712
10/22/1976,5488.5,5512.0,5467.6,5479.4,21736,186147
10/25/1976,5387.8,5445.4,5387.8,5440.1,16493,187547
10/26/1976,5466.3,5476.7,5436.2,5454.5,15503,188181
10/27/1976,5440.1,5623.2,5427.0,5610.1,33435,201521
10/28/1976,5629.7,5649.4,5577.4,5603.6,16491,203502
10/29/1976,5590.5,5684.7,5590.5,5665.1,12115,206707
11/01/1976,5669.0,5688.6,5623.2,5675.5,18742,208057
11/03/1976,5727.8,5734.4,5636.3,5640.2,33036,217543
11/04/1976,5629.7,5706.9,5616.7,5697.7,24566,225806
11/05/1976,5747.4,5759.2,5705.6,5734.4,18620,229210
11/08/1976,5773.6,5790.6,5721.3,5727.8,21919,231370
11/09/1976,5688.6,5835.1,5666.4,5820.7,39678,234318
11/10/1976,5884.7,5950.1,5852.1,5937.1,62619,241143
11/11/1976,5878.2,5920.1,5832.4,5897.8,18459,243406
11/12/1976,5908.3,5935.8,5859.9,5924.0,9362,252244
11/15/1976,5988.1,5989.4,5701.7,5727.8,84258,262465
11/16/1976,5714.7,5780.1,5688.6,5747.4,19253,259203
11/17/1976,5727.8,5773.6,5662.4,5665.1,12814,260952
11/18/1976,5624.5,5674.2,5597.1,5652.0,24124,262951
11/19/1976,5695.1,5734.4,5670.3,5709.5,10279,262018
11/22/1976,5740.0,5785.1,5740.0,5769.7,15250,263120
11/23/1976,5740.0,5746.5,5697.4,5709.0,23582,270185
11/24/1976,5688.4,5701.3,5638.1,5663.9,23960,269542
11/26/1976,5630.4,5656.2,5524.6,5528.5,31780,277295
11/29/1976,5538.8,5607.1,5528.5,5603.3,30127,278965
11/30/1976,5598.1,5617.5,5560.7,5593.0,13976,279842
12/01/1976,5572.3,5687.1,5540.1,5669.1,29823,287194
12/02/1976,5669.1,5680.7,5626.5,5653.6,19270,294954
12/03/1976,5636.8,5720.7,5636.8,5707.8,14508,296757
12/06/1976,5733.6,5746.5,5689.7,5702.6,21063,300383
12/07/1976,5693.6,5731.0,5611.0,5613.6,28382,308628
12/08/1976,5688.4,5765.8,5683.2,5724.5,28175,314642
12/09/1976,5711.6,5765.8,5694.9,5740.0,14408,319524
12/10/1976,5718.1,5761.9,5675.5,5710.3,21622,321329
12/13/1976,5662.6,5684.5,5636.8,5682.0,16396,326335
12/14/1976,5669.1,5759.4,5669.1,5731.0,24322,333365
12/15/1976,5727.1,5789.0,5658.7,5669.1,51938,345536
12/16/1976,5694.9,5738.7,5665.2,5723.2,15113,352951
12/17/1976,5662.6,5669.1,5595.5,5640.7,49551,355221
12/20/1976,5662.6,5667.8,5639.4,5645.8,12475,359683
12/21/1976,5662.6,5714.2,5643.3,5711.6,26587,367099
12/22/1976,5694.9,5705.2,5666.5,5672.9,16979,371078
12/23/1976,5669.1,5705.2,5630.4,5696.1,28052,384398
12/27/1976,5701.3,5733.6,5675.5,5680.7,33415,388054
12/28/1976,5707.8,5714.2,5643.3,5688.4,37917,391359
12/29/1976,5702.6,5733.6,5682.0,5688.4,65060,406704
12/30/1976,5701.3,5714.2,5654.9,5662.6,127887,427663
01/03/1977,5669.1,5765.8,5662.6,5732.3,50639,398107
01/04/1977,5759.4,5767.1,5720.7,5736.1,52698,385817
01/05/1977,5727.1,5733.6,5684.5,5705.2,45873,381183
01/06/1977,5714.2,5737.4,5696.1,5736.1,9636,376652
01/07/1977,5723.2,5725.8,5701.3,5720.7,14470,384588
01/10/1977,5700.0,5701.3,5574.9,5585.2,14801,382645
01/11/1977,5598.1,5634.2,5567.2,5603.3,12257,378824
01/12/1977,5585.2,5635.5,5585.2,5629.1,17179,372357
01/13/1977,5643.3,5661.3,5586.5,5629.1,12865,367136
01/14/1977,5611.0,5630.4,5602.0,5613.6,17707,362789
01/17/1977,5639.4,5701.3,5639.4,5700.0,11055,362171
01/18/1977,5688.4,5698.7,5670.3,5678.1,12779,358518
01/19/1977,5707.8,5740.0,5689.7,5692.3,14302,357524
01/20/1977,5727.1,5737.4,5701.3,5719.4,5676,354800
01/21/1977,5703.9,5737.4,5683.2,5733.6,7492,354545
01/24/1977,5772.2,5849.6,5768.4,5849.6,21005,349642
01/25/1977,5862.5,5879.3,5836.7,5843.2,10483,347867
01/26/1977,5810.9,5898.7,5810.9,5888.3,21656,347112
01/27/1977,5888.3,5901.2,5765.8,5785.1,17307,343866
01/28/1977,5791.6,5821.3,5754.2,5778.7,7555,341571
01/31/1977,5763.2,5810.9,5759.4,5798.0,7876,340956
02/01/1977,5787.7,5816.1,5736.1,5759.4,11753,337889
02/02/1977,5769.7,5801.9,5769.7,5796.8,5574,338334
02/03/1977,5812.2,5847.1,5804.5,5807.1,12561,335433
02/04/1977,5791.6,5836.7,5791.6,5834.2,18856,329489
02/07/1977,5881.9,5912.8,5836.7,5840.6,11537,328532
02/08/1977,5840.6,5861.3,5826.4,5849.6,7010,327600
02/09/1977,5901.2,5901.2,5810.9,5836.7,11325,327235
02/10/1977,5823.8,5836.7,5785.1,5801.9,7673,325573
02/11/1977,5794.2,5814.8,5765.8,5785.1,9162,326027
02/14/1977,5810.9,5830.3,5787.7,5800.6,4417,325247
02/15/1977,5794.2,5803.2,5780.0,5781.3,12439,320038
02/16/1977,5807.1,5849.6,5798.0,5830.3,13439,320012
02/17/1977,5849.6,5862.5,5830.3,5844.5,8499,319899
02/18/1977,5843.2,5862.5,5836.7,5847.1,12414,318762
02/22/1977,5878.0,5889.5,5866.5,5875.4,12617,317386
02/23/1977,5907.3,5971.1,5907.3,5955.8,24246,314132
02/24/1977,5983.9,5986.4,5927.8,5945.6,20542,313087
02/25/1977,5939.2,6024.7,5915.0,6018.3,11812,310617
02/28/1977,6060.4,6117.9,6054.1,6092.3,21900,312151
03/01/1977,6054.1,6130.6,6034.9,6124.2,10029,309487
03/02/1977,6176.5,6199.5,6128.1,6185.5,21562,309158
03/03/1977,6163.8,6198.2,6086.0,6106.4,42012,291565
03/04/1977,6135.7,6263.3,6115.3,6255.7,10156,291588
03/07/1977,6265.9,6337.3,6260.8,6264.6,17931,294212
03/08/1977,6285.0,6327.1,6149.8,6223.8,20537,294171
03/09/1977,6181.7,6268.4,6174.0,6255.7,7820,294152
03/10/1977,6258.2,6258.2,6108.9,6149.8,14785,293821
03/11/1977,6188.0,6203.3,6114.0,6177.8,8358,293388
03/14/1977,6188.0,6188.0,6105.1,6149.8,9705,293903
03/15/1977,6200.8,6264.6,6200.8,6251.8,13654,292703
03/16/1977,6251.8,6273.5,6208.4,6258.2,9671,291409
03/17/1977,6309.2,6320.7,6268.4,6286.3,10532,290900
03/18/1977,6315.6,6328.4,6279.9,6313.1,8111,290396
03/21/1977,6353.9,6398.6,6338.6,6389.6,15784,290344
03/22/1977,6322.0,6338.6,6290.1,6301.6,13924,286041
03/23/1977,6404.9,6411.3,6341.1,6379.4,15071,287319
03/24/1977,6341.1,6343.7,6297.8,6309.2,10660,286002
03/25/1977,6353.9,6359.0,6219.9,6245.4,14301,285168
03/28/1977,6168.9,6181.7,6092.3,6131.9,17302,283432
03/29/1977,6075.8,6161.2,6066.8,6154.9,10546,283263
03/30/1977,6168.9,6205.9,6152.3,6168.9,6476,281094
03/31/1977,6143.4,6197.0,6111.5,6165.1,9726,282634
04/01/1977,6200.8,6276.1,6194.4,6271.0,7858,282123
04/04/1977,6271.0,6277.3,6197.0,6204.6,14086,281243
04/05/1977,6177.8,6199.5,5949.4,6022.2,19193,281195
04/06/1977,6047.7,6059.2,5971.1,6019.6,10250,279576
04/07/1977,6041.3,6098.7,5945.6,6086.0,12445,279072
04/11/1977,6101.3,6128.1,6047.7,6084.7,12252,275079
04/12/1977,6105.1,6121.7,6047.7,6061.7,24943,269059
04/13/1977,6117.9,6158.7,6047.7,6089.8,11653,268090
04/14/1977,6086.0,6134.4,6034.9,6120.4,8146,267552
04/15/1977,6079.6,6219.9,6054.1,6207.2,14374,264294
04/18/1977,6156.1,6260.8,6156.1,6216.1,20809,262070
04/19/1977,6208.4,6246.7,6162.5,6168.9,9468,260773
04/20/1977,6162.5,6175.3,6111.5,6139.5,7605,259486
04/21/1977,6117.9,6191.9,6117.9,6165.1,15069,257740
04/22/1977,6220.6,6233.2,6157.5,6163.8,9234,256929
04/25/1977,6149.9,6149.9,6069.2,6071.7,18798,253106
04/26/1977,6031.3,6109.5,6012.4,6072.9,19511,247641
04/27/1977,6100.7,6119.6,5974.5,6003.5,15606,242598
04/28/1977,5980.8,6041.4,5963.2,5987.1,13142,237635
04/29/1977,5999.8,6069.2,5994.7,6065.4,9689,235093
05/02/1977,6069.2,6110.8,6056.5,6094.4,6563,234638
05/03/1977,6088.1,6118.4,6021.2,6047.7,12879,237696
05/04/1977,6075.5,6075.5,5993.4,6016.2,16779,234484
05/05/1977,5974.5,6025.0,5955.6,5993.4,12403,231234
05/06/1977,6025.0,6046.4,6003.5,6003.5,7942,231170
05/09/1977,5980.8,6018.7,5943.0,6009.9,8601,230477
05/10/1977,6016.2,6100.7,5989.7,6069.2,14163,227400
05/11/1977,6062.8,6091.9,6013.6,6018.7,11073,224876
05/12/1977,6025.0,6069.2,5999.8,6065.4,6089,224745
05/13/1977,6115.8,6125.9,6043.9,6051.5,8142,224828
05/16/1977,6060.3,6091.9,6043.9,6064.1,5167,223985
05/17/1977,6066.6,6079.3,5999.8,6012.4,7251,222118
05/18/1977,5999.8,6016.2,5974.5,6003.5,18599,224726
05/19/1977,5930.4,5997.2,5930.4,5977.0,21077,218059
05/20/1977,5987.1,6003.5,5873.6,5879.9,16976,217308
05/23/1977,5886.2,5892.5,5791.6,5797.9,23668,217065
05/24/1977,5815.5,5835.7,5772.6,5829.4,14242,216951
05/25/1977,5840.8,5842.0,5744.9,5772.6,13568,214950
05/26/1977,5751.2,5797.9,5699.5,5787.8,29728,212201
05/27/1977,5804.2,5829.4,5772.6,5773.9,7781,209636
05/31/1977,5722.2,5765.1,5722.2,5760.0,10506,206888
06/01/1977,5797.9,5823.1,5785.3,5808.0,7475,205757
06/02/1977,5766.3,5776.4,5732.3,5753.7,12195,203347
06/03/1977,5722.2,5734.8,5690.6,5704.5,7106,202551
06/06/1977,5719.6,5751.2,5712.1,5746.1,3478,202306
06/07/1977,5753.7,5756.2,5703.2,5709.5,11622,208723
06/08/1977,5700.7,5722.2,5602.3,5612.4,29227,198351
06/09/1977,5570.8,5594.7,5505.1,5516.5,17630,197117
06/10/1977,5532.9,5575.8,5526.6,5539.2,27465,199629
06/13/1977,5520.3,5520.3,5432.0,5479.9,18235,196035
06/14/1977,5450.9,5502.6,5440.8,5478.6,18106,198198
06/15/1977,5520.3,5564.4,5520.3,5527.9,19452,196529
06/16/1977,5564.4,5577.1,5501.4,5522.8,17985,195190
06/17/1977,5507.7,5589.7,5491.3,5577.1,27067,182495
06/20/1977,5596.0,5635.1,5574.5,5621.2,12823,180539
06/21/1977,5640.2,5645.2,5545.5,5575.8,11601,178184
06/22/1977,5553.2,5571.9,5513.3,5559.4,10860,175298
06/23/1977,5584.3,5613.0,5578.1,5590.6,7468,173373
06/24/1977,5565.6,5640.4,5554.4,5634.2,6166,172525
06/27/1977,5659.1,5702.7,5636.7,5652.9,14278,168780
06/28/1977,5649.1,5664.1,5615.5,5631.7,9634,166165
06/29/1977,5681.6,5696.5,5649.1,5687.8,9329,161979
06/30/1977,5665.4,5669.1,5621.7,5630.4,9613,158574
07/01/1977,5634.2,5634.2,5515.8,5519.5,23493,156079
07/05/1977,5484.6,5545.7,5472.1,5524.5,13942,156287
07/06/1977,5509.5,5575.6,5497.1,5559.4,7152,156299
07/07/1977,5559.4,5571.9,5497.1,5525.7,12314,155412
07/08/1977,5565.6,5571.9,5530.7,5541.9,5048,154316
07/11/1977,5540.7,5596.8,5503.3,5593.1,6770,153914
07/12/1977,5590.6,5615.5,5558.2,5609.3,7609,153920
07/13/1977,5608.0,5665.4,5600.5,5661.6,6039,154004
07/15/1977,5684.0,5709.0,5642.9,5684.0,12035,150248
07/18/1977,5649.1,5687.8,5621.7,5680.3,12365,149485
07/19/1977,5721.4,5768.8,5697.8,5757.6,15831,144841
07/20/1977,5738.9,5743.9,5706.5,5715.2,8114,144573
07/21/1977,5709.0,5732.7,5691.5,5697.8,5539,143904
07/22/1977,5721.4,5740.1,5717.7,5733.9,19899,136115
07/25/1977,5783.8,5813.7,5773.8,5795.0,8701,133693
07/26/1977,5765.1,5781.3,5752.6,5757.6,8016,133478
07/27/1977,5740.1,5781.3,5671.6,5687.8,11699,132598
07/28/1977,5696.5,5701.5,5596.8,5630.4,8329,132640
07/29/1977,5634.2,5656.6,5628.0,5635.4,9105,130162
08/01/1977,5610.5,5634.2,5574.4,5628.0,6473,130085
08/02/1977,5659.1,5677.8,5649.1,5667.8,5970,129174
08/03/1977,5690.3,5714.0,5677.8,5700.3,2386,128566
08/04/1977,5715.2,5732.7,5671.6,5677.8,4949,128403
08/05/1977,5677.8,5702.7,5640.4,5699.0,8381,129080
08/08/1977,5659.1,5709.0,5641.7,5706.5,7319,128916
08/09/1977,5710.2,5737.6,5684.0,5686.5,8915,129129
08/10/1977,5690.3,5706.5,5671.6,5681.6,3424,129853
08/11/1977,5665.4,5669.1,5615.5,5652.9,5387,130539
08/12/1977,5590.6,5603.0,5509.5,5524.5,6754,131058
08/15/1977,5503.3,5515.8,5387.4,5392.4,17405,130388
08/16/1977,5422.3,5457.2,5398.6,5447.2,13199,131687
08/17/1977,5453.4,5465.9,5409.8,5446.0,6228,132154
08/18/1977,5413.6,5502.1,5391.1,5497.1,8862,132363
08/19/1977,5493.3,5515.8,5465.9,5495.8,6432,132651
08/22/1977,5482.5,5482.5,5426.1,5432.3,6600,132730
08/23/1977,5399.2,5472.7,5366.1,5467.8,16818,134198
08/24/1977,5458.0,5491.0,5438.4,5469.0,12477,136774
08/25/1977,5470.2,5472.7,5429.8,5438.4,8058,136782
08/26/1977,5466.5,5497.1,5449.4,5481.2,6169,136360
08/29/1977,5472.7,5487.3,5454.3,5460.4,9094,135838
08/30/1977,5478.8,5560.8,5478.8,5552.2,14547,134758
08/31/1977,5546.1,5589.0,5533.9,5554.7,7987,135048
09/01/1977,5549.8,5573.0,5535.1,5543.7,6126,135466
09/02/1977,5568.2,5619.6,5551.0,5601.2,4796,135142
09/06/1977,5595.1,5601.2,5546.1,5552.2,7497,136332
09/07/1977,5564.5,5613.5,5560.8,5607.3,11530,139672
09/08/1977,5570.6,5586.5,5516.7,5531.4,9185,140767
09/09/1977,5546.1,5570.6,5531.4,5563.3,5171,140542
09/12/1977,5570.6,5584.1,5515.5,5526.5,8441,142715
09/13/1977,5497.1,5519.2,5478.8,5515.5,4956,142487
09/14/1977,5527.8,5544.9,5511.8,5518.0,8456,143595
09/15/1977,5525.3,5558.4,5503.3,5557.1,8632,146646
09/16/1977,5573.0,5656.3,5566.9,5653.9,21567,151689
09/19/1977,5662.4,5678.3,5633.0,5637.9,11813,150237
09/20/1977,5642.8,5723.6,5637.9,5711.4,17324,153021
09/21/1977,5723.6,5727.3,5680.8,5705.3,12013,157854
09/22/1977,5727.3,5729.8,5680.8,5685.7,4675,159322
09/23/1977,5674.7,5677.1,5614.7,5656.3,12657,163282
09/26/1977,5699.2,5751.8,5689.4,5746.9,14456,166554
09/27/1977,5723.6,5727.3,5686.9,5705.3,9369,168963
09/28/1977,5748.1,5771.4,5708.9,5711.4,21414,170725
09/29/1977,5705.3,5746.9,5689.4,5742.0,8302,175049
09/30/1977,5766.5,5778.7,5729.8,5738.3,14320,178907
10/03/1977,5780.0,5791.0,5757.9,5760.4,10761,181560
10/04/1977,5729.8,5784.9,5711.4,5782.4,12791,180508
10/05/1977,5762.8,5791.0,5731.0,5742.0,12019,182015
10/06/1977,5729.8,5777.5,5721.2,5742.0,10307,181563
10/07/1977,5742.0,5764.0,5724.9,5745.7,30399,180629
10/10/1977,5803.2,5866.9,5803.2,5864.4,15290,181629
10/11/1977,5852.2,5913.4,5832.6,5911.0,24539,190600
10/12/1977,5888.9,5925.7,5877.9,5896.3,34792,186587
10/13/1977,5911.0,5917.1,5833.8,5858.3,26797,194924
10/14/1977,5882.8,5952.6,5870.6,5950.1,11429,195446
10/17/1977,5974.6,5986.9,5935.4,5984.4,10991,195598
10/18/1977,5944.0,5993.0,5939.1,5951.4,14125,196237
10/19/1977,5984.4,6005.2,5864.4,5885.2,32658,203021
10/20/1977,5901.2,5924.4,5877.9,5911.0,9998,203224
10/21/1977,5923.2,5967.3,5895.0,5956.3,12866,205419
10/24/1977,5980.7,6040.7,5974.6,6035.8,11268,207189
10/25/1977,6004.0,6033.4,5978.3,6026.0,11164,208573
10/26/1977,6005.2,6008.9,5950.1,5966.1,13581,208690
10/27/1977,5937.9,5948.9,5901.2,5924.4,13195,209244
10/28/1977,5947.7,5956.3,5920.8,5942.8,6771,210012
10/31/1977,5955.0,6005.2,5955.0,5989.3,8276,210698
11/01/1977,6008.9,6021.1,5956.3,5985.6,11466,211323
11/02/1977,5956.3,5961.2,5909.7,5956.3,10369,212027
11/03/1977,5993.0,6042.0,5980.7,6030.9,25537,218063
11/04/1977,6048.1,6081.1,6029.7,6078.7,13492,218951
11/07/1977,6060.3,6060.3,6021.1,6023.6,9974,219696
11/08/1977,5996.7,6060.3,5991.8,6057.9,15143,220015
11/09/1977,6121.5,6130.1,6072.6,6076.2,22172,222472
11/10/1977,6084.8,6104.4,6061.5,6088.5,9178,223036
11/11/1977,6103.2,6106.8,6048.1,6064.0,19502,225237
11/14/1977,6012.6,6027.3,5882.8,5897.5,28931,228796
11/15/1977,5902.4,5926.9,5849.7,5917.1,18686,229895
11/16/1977,5876.7,5907.3,5831.4,5885.2,17365,231099
11/17/1977,5888.9,5942.8,5870.6,5925.7,14387,232031
11/18/1977,5931.8,5962.4,5931.8,5946.5,8329,233316
11/21/1977,5858.3,5870.6,5711.4,5717.5,39830,239561
11/22/1977,5725.0,5751.4,5679.3,5729.8,51705,242803
11/23/1977,5785.0,5793.4,5763.4,5768.2,9907,242333
11/25/1977,5765.8,5818.6,5763.4,5811.4,12487,244138
11/28/1977,5852.2,5859.4,5779.0,5782.6,17108,242930
11/29/1977,5761.0,5812.6,5731.0,5809.0,15861,242564
11/30/1977,5799.4,5843.8,5789.8,5828.2,8492,240848
12/01/1977,5831.8,5835.4,5703.3,5709.3,14323,241657
12/02/1977,5733.4,5751.4,5715.4,5727.4,9433,242044
12/05/1977,5763.4,5799.4,5759.8,5797.0,7686,242963
12/06/1977,5817.4,5817.4,5753.8,5786.2,11360,244559
12/07/1977,5789.8,5857.0,5779.0,5854.6,13310,248306
12/08/1977,5835.4,5864.2,5798.2,5821.0,15505,250689
12/09/1977,5787.4,5798.2,5751.4,5774.2,14547,251866
12/12/1977,5781.4,5795.8,5626.5,5638.5,50683,258794
12/13/1977,5668.5,5694.9,5655.3,5691.3,33501,264965
12/14/1977,5719.0,5732.2,5637.3,5664.9,18177,265440
12/15/1977,5649.3,5684.1,5601.3,5679.3,34070,266201
12/16/1977,5669.7,5708.1,5669.7,5690.1,10134,264601
12/19/1977,5691.3,5703.3,5634.9,5642.1,11726,264505
12/20/1977,5661.3,5733.4,5627.7,5725.0,22550,266402
12/21/1977,5731.0,5731.0,5645.7,5661.3,13125,267175
12/22/1977,5649.3,5769.4,5619.3,5743.0,30808,272307
12/23/1977,5739.4,5779.0,5729.8,5769.4,7243,272608
12/27/1977,5771.8,5817.4,5771.8,5789.8,17607,274271
12/28/1977,5801.8,5834.2,5765.8,5807.8,23819,280365
12/29/1977,5835.4,5853.4,5813.8,5849.8,29242,280372
12/30/1977,5807.8,5836.6,5787.4,5822.2,18164,280974
01/03/1978,5895.5,6029.9,5895.5,5985.5,41790,287831
01/04/1978,6009.5,6009.5,5835.4,5847.4,26972,280031
01/05/1978,5853.4,5937.5,5841.4,5935.1,13846,277413
01/06/1978,5935.1,5959.1,5835.4,5913.5,12786,271957
01/09/1978,5901.5,5991.5,5901.5,5973.5,15443,268323
01/10/1978,6005.9,6037.1,5937.5,5955.5,21924,263327
01/11/1978,5979.5,6015.5,5943.5,6013.1,16084,262371
01/12/1978,5997.5,6016.7,5921.9,5925.5,16885,260556
01/13/1978,5943.5,6063.6,5935.1,6045.5,10750,261045
01/16/1978,6039.5,6063.6,5991.5,6040.7,13180,259544
01/17/1978,5993.9,6001.1,5950.7,5979.5,17717,257934
01/18/1978,5937.5,5966.3,5897.9,5920.7,13734,256772
01/19/1978,5951.9,5960.3,5932.7,5943.5,9408,254068
01/23/1978,5983.1,6096.0,5980.7,6072.0,19342,252399
01/24/1978,6075.6,6103.2,6033.5,6061.2,16372,251206
01/25/1978,6075.6,6108.0,6063.6,6082.8,15423,251412
01/26/1978,6027.5,6033.5,5985.5,6003.5,17398,247123
01/27/1978,6027.5,6050.3,5969.9,5973.5,10463,245447
01/30/1978,5989.1,6015.5,5933.9,5951.9,11342,247401
01/31/1978,5979.5,6007.1,5973.5,6001.1,8808,247052
02/01/1978,5991.5,6001.1,5955.5,5957.9,14340,245308
02/02/1978,5929.1,5941.1,5871.4,5877.4,11997,244673
02/03/1978,5900.3,5913.5,5883.5,5889.5,8911,244092
02/06/1978,5900.3,5919.5,5891.9,5903.9,2813,243536
02/08/1978,5847.4,5863.0,5817.4,5821.0,9850,242578
02/09/1978,5799.4,5859.4,5789.8,5857.0,7579,242154
02/10/1978,5871.4,5917.1,5863.0,5902.7,24735,253564
02/13/1978,5925.5,5955.5,5921.9,5945.9,19927,247817
02/14/1978,5937.5,5939.9,5873.8,5897.9,10307,248519
02/15/1978,5943.5,6002.3,5943.5,6002.3,32695,250385
02/16/1978,6021.5,6063.6,5977.1,6044.3,37226,247981
02/17/1978,5997.5,6050.3,5985.5,6021.5,13322,247619
02/21/1978,6063.6,6098.4,6047.9,6051.5,13147,246206
02/22/1978,6022.0,6033.8,5946.3,5972.3,14320,245995
02/23/1978,6035.0,6052.8,5986.5,6001.9,10712,245651
02/24/1978,6006.6,6013.7,5885.9,5923.8,16865,245984
02/27/1978,5921.4,5955.7,5880.0,5935.6,13977,241767
02/28/1978,5948.6,5966.4,5915.5,5948.6,7795,241764
03/01/1978,5927.3,5951.0,5897.8,5919.1,12193,242351
03/02/1978,5956.9,6010.2,5946.3,5979.4,9511,241577
03/03/1978,5959.3,5991.2,5934.4,5974.7,7323,241404
03/06/1978,5974.7,6057.5,5968.8,6055.1,7303,241281
03/07/1978,6081.1,6291.7,6075.2,6291.7,50209,241359
03/08/1978,6394.7,6522.4,6358.0,6404.1,29625,240950
03/09/1978,6359.2,6447.9,6329.6,6343.8,26793,238320
03/10/1978,6294.1,6400.6,6282.3,6395.9,20352,241175
03/13/1978,6347.3,6566.2,6329.6,6543.7,17550,241018
03/14/1978,6530.7,6619.5,6430.2,6440.8,27438,245535
03/15/1978,6513.0,6540.2,6406.5,6457.4,25240,241267
03/16/1978,6477.5,6556.8,6418.3,6548.5,14521,240064
03/17/1978,6501.2,6560.3,6329.6,6371.0,20333,238806
03/20/1978,6300.0,6311.9,6158.1,6178.2,21008,237972
03/21/1978,6211.3,6263.3,6178.2,6190.0,15274,235991
03/22/1978,6264.5,6322.5,6252.7,6269.3,12286,234221
03/23/1978,6235.0,6317.8,6211.3,6311.9,9682,235477
03/27/1978,6329.6,6442.0,6329.6,6437.3,13846,233239
03/28/1978,6442.0,6483.4,6348.5,6388.8,17489,232701
03/29/1978,6300.0,6353.3,6235.0,6340.2,17966,232430
03/30/1978,6317.8,6350.9,6279.9,6323.7,12266,229607
03/31/1978,6365.1,6507.1,6359.2,6495.2,19297,225433
04/03/1978,6465.7,6477.5,6294.1,6308.3,18364,225991
04/04/1978,6329.6,6329.6,6093.0,6207.7,28447,226520
04/05/1978,6185.3,6261.0,6140.3,6229.0,15914,225189
04/06/1978,6246.8,6290.6,6205.4,6263.3,16932,224407
04/07/1978,6199.5,6229.0,6175.8,6193.5,9301,223804
04/10/1978,6214.8,6244.4,6193.5,6227.9,5986,223300
04/11/1978,6249.1,6341.4,6179.3,6323.7,13326,226609
04/12/1978,6288.2,6317.8,6246.8,6264.5,8976,227197
04/13/1978,6199.5,6223.1,6128.5,6187.6,11952,226269
04/14/1978,6186.4,6197.1,6113.1,6166.3,9303,226464
04/17/1978,6059.9,6087.1,5951.0,5962.8,25302,226813
04/18/1978,6003.1,6022.0,5951.0,6010.2,21465,226754
04/19/1978,6039.7,6051.6,5960.5,5981.8,11583,228384
04/20/1978,5820.9,5896.6,5818.5,5888.3,22254,227031
04/21/1978,5903.7,5939.2,5885.9,5890.7,8831,226653
04/24/1978,5834.0,5839.8,5752.4,5764.1,11523,225587
04/25/1978,5787.4,5815.4,5729.1,5802.5,20302,223282
04/26/1978,5839.8,5874.8,5781.6,5836.3,11970,221569
04/27/1978,5886.5,5909.8,5858.5,5876.0,10075,218496
04/28/1978,5886.5,5904.0,5858.5,5863.2,5433,218291
05/01/1978,5828.2,5844.5,5810.7,5830.5,5754,217770
05/02/1978,5828.2,5886.5,5828.2,5884.1,11966,217918
05/03/1978,5915.6,5962.2,5913.3,5928.4,12654,219807
05/04/1978,5985.5,6011.2,5969.2,5976.2,9798,221331
05/05/1978,5964.6,5983.2,5950.6,5966.9,5748,221966
05/08/1978,5927.3,5933.1,5904.0,5924.9,8110,222674
05/09/1978,5931.9,5959.9,5898.1,5904.0,6975,222882
05/10/1978,5944.8,5979.7,5944.8,5965.7,6823,223150
05/11/1978,5983.2,5999.5,5886.5,5921.4,9692,223598
05/12/1978,5944.8,5944.8,5910.9,5930.8,4521,223532
05/15/1978,5936.6,5987.9,5936.6,5975.1,6311,222430
05/16/1978,5975.1,6038.0,5935.4,6032.2,6614,221822
05/17/1978,6032.2,6071.8,6008.9,6031.0,9933,220779
05/18/1978,6067.1,6102.1,6028.7,6096.3,8901,219741
05/19/1978,6098.6,6103.3,6049.7,6059.0,7315,219406
05/22/1978,6090.5,6094.0,6052.0,6071.8,9031,217173
05/23/1978,6077.6,6128.9,6064.8,6111.4,14720,213015
05/24/1978,6078.8,6098.6,6038.0,6067.1,15549,207718
05/25/1978,6061.3,6148.7,6032.2,6139.4,12661,210158
05/26/1978,6116.1,6187.2,6114.9,6156.9,19534,210370
05/30/1978,6259.5,6379.5,6247.8,6339.9,46152,210480
05/31/1978,6381.9,6384.2,6282.8,6329.4,14938,208642
06/01/1978,6317.8,6385.4,6290.9,6355.1,9352,208533
06/02/1978,6387.7,6429.7,6207.0,6236.2,19348,209696
06/05/1978,6253.6,6253.6,6189.5,6223.3,7781,209983
06/06/1978,6198.9,6271.1,6168.6,6264.1,8393,209342
06/07/1978,6280.5,6288.6,6131.3,6142.9,10287,209306
06/08/1978,6195.4,6198.9,6156.9,6182.5,7302,209537
06/09/1978,6145.2,6177.9,6113.8,6148.7,7700,209825
06/12/1978,6119.6,6137.1,6081.1,6109.1,7245,209564
06/13/1978,6154.6,6207.0,6147.6,6207.0,11319,206872
06/14/1978,6218.7,6218.7,6113.8,6137.1,14903,204589
06/15/1978,6119.6,6203.5,6102.1,6198.9,10871,204129
06/16/1978,6224.5,6233.8,6189.5,6229.2,10553,201989
06/19/1978,6204.7,6294.4,6195.4,6282.8,15463,201482
06/20/1978,6300.3,6311.9,6253.6,6264.1,10724,199853
06/21/1978,6264.1,6286.3,6179.0,6217.5,11444,199329
06/22/1978,6194.4,6226.6,6146.1,6205.9,13482,196854
06/23/1978,6218.5,6243.8,6192.1,6197.8,9174,195943
06/26/1978,6207.0,6226.6,6195.5,6217.4,7217,194959
06/27/1978,6205.9,6272.5,6177.1,6240.4,18464,199650
06/28/1978,6266.8,6266.8,6224.3,6235.8,15328,199018
06/29/1978,6215.1,6230.0,6102.4,6111.6,11033,197131
06/30/1978,6123.1,6146.1,6071.3,6077.1,9669,197003
07/03/1978,6111.6,6133.4,6103.5,6128.8,3429,196235
07/05/1978,6151.8,6154.1,6072.5,6111.6,8930,196162
07/06/1978,6082.8,6082.8,6013.8,6048.3,9047,195417
07/07/1978,6077.1,6105.8,6061.0,6094.3,5845,195790
07/10/1978,6132.3,6169.1,6117.3,6143.8,9431,194751
07/11/1978,6117.3,6132.3,6100.1,6125.4,6665,195513
07/12/1978,6140.3,6162.2,6123.1,6139.2,8326,194839
07/13/1978,6167.9,6182.9,6103.5,6115.0,7243,195361
07/14/1978,6126.5,6128.8,6082.8,6097.8,5086,194504
07/17/1978,6048.3,6049.5,5992.0,6044.9,15086,197308
07/18/1978,6042.6,6082.8,6031.1,6065.6,10078,200014
07/19/1978,6059.8,6110.4,6032.2,6104.7,14080,203558
07/20/1978,6134.6,6266.8,6128.8,6249.5,24511,210825
07/21/1978,6266.8,6450.8,6215.1,6353.0,17675,210788
07/24/1978,6379.5,6399.0,6312.8,6361.1,18027,211171
07/25/1978,6324.3,6435.8,6324.3,6388.7,26344,212309
07/26/1978,6341.5,6373.7,6278.3,6332.3,16714,211127
07/27/1978,6303.6,6416.3,6284.0,6408.2,10475,211688
07/28/1978,6496.8,6542.8,6422.0,6446.2,24486,212238
07/31/1978,6466.9,6549.7,6446.2,6545.1,13445,211916
08/01/1978,6588.8,6594.5,6412.8,6422.0,25264,212555
08/02/1978,6450.8,6470.3,6387.5,6396.7,22736,212492
08/03/1978,6393.3,6410.5,6301.3,6335.8,15843,211016
08/04/1978,6357.6,6411.7,6338.1,6401.3,9157,210696
08/07/1978,6416.3,6431.2,6370.3,6403.6,10012,209485
08/08/1978,6393.3,6462.3,6312.8,6397.9,16684,209538
08/09/1978,6404.8,6410.5,6312.8,6343.8,11517,209904
08/10/1978,6326.6,6400.2,6317.4,6389.8,7943,210360
08/11/1978,6450.8,6514.0,6445.0,6472.6,10302,210355
08/14/1978,6542.8,6580.7,6508.3,6561.2,14252,211285
08/15/1978,6508.3,6533.6,6433.5,6472.6,16048,211309
08/16/1978,6499.1,6531.3,6353.0,6397.9,22340,207952
08/17/1978,6345.0,6345.0,6209.3,6238.1,18054,209086
08/18/1978,6301.3,6307.0,6140.3,6197.8,15219,210240
08/21/1978,6153.0,6231.2,6140.3,6222.0,12280,211274
08/22/1978,6222.5,6237.1,6164.0,6194.4,10002,210848
08/23/1978,6104.4,6222.5,6104.4,6216.8,17274,214124
08/24/1978,6250.6,6259.6,6198.9,6225.8,8996,213356
08/25/1978,6194.4,6233.7,6169.6,6216.8,11823,214924
08/28/1978,6233.7,6265.2,6155.0,6179.7,7590,214833
08/29/1978,6194.4,6312.4,6177.5,6297.8,14732,214817
08/30/1978,6284.3,6337.1,6266.3,6301.2,9684,212989
08/31/1978,6323.6,6337.1,6275.3,6292.2,8248,213397
09/01/1978,6312.4,6368.6,6312.4,6366.4,7898,214422
09/05/1978,6341.6,6396.7,6312.4,6391.1,7897,214083
09/06/1978,6363.0,6368.6,6306.8,6327.0,12294,215793
09/07/1978,6293.3,6311.3,6242.7,6259.6,11358,217358
09/08/1978,6239.3,6242.7,6189.9,6228.1,8345,218202
09/11/1978,6211.2,6261.8,6201.1,6243.8,6460,218673
09/12/1978,6261.8,6292.2,6256.2,6271.9,7572,220017
09/13/1978,6284.3,6379.8,6284.3,6372.0,11179,221361
09/14/1978,6346.1,6361.9,6318.0,6332.6,8276,222495
09/15/1978,6368.6,6424.8,6340.5,6348.4,11288,224211
09/18/1978,6325.9,6388.8,6321.4,6366.4,5563,224146
09/19/1978,6357.4,6416.9,6327.0,6332.6,10003,224887
09/20/1978,6424.8,6469.8,6408.0,6468.7,10199,224711
09/21/1978,6475.4,6481.0,6427.1,6458.5,7242,225558
09/22/1978,6413.6,6492.3,6396.7,6475.4,8280,225903
09/25/1978,6464.2,6514.8,6447.3,6452.9,12320,226442
09/26/1978,6492.3,6497.9,6374.2,6413.6,13500,227689
09/27/1978,6368.6,6475.4,6368.6,6464.2,14645,232404
09/28/1978,6447.3,6475.4,6431.6,6456.3,9660,236280
09/29/1978,6430.4,6447.3,6413.6,6424.8,7743,236894
10/02/1978,6424.8,6537.2,6419.2,6535.0,6811,239049
10/03/1978,6565.3,6609.2,6535.0,6604.7,19211,243315
10/04/1978,6644.0,6655.3,6576.6,6595.7,27906,246356
10/05/1978,6610.3,6632.8,6582.2,6615.9,10184,247420
10/06/1978,6593.4,6609.2,6548.5,6559.7,12623,247426
10/09/1978,6571.0,6683.4,6550.7,6669.9,10915,250065
10/10/1978,6745.2,6767.7,6694.6,6705.9,47652,252941
10/11/1978,6756.5,6789.1,6740.7,6762.1,12965,257411
10/12/1978,6745.2,6745.2,6656.4,6668.8,28180,254177
10/13/1978,6683.4,6696.9,6647.4,6683.4,13194,255767
10/16/1978,6632.8,6740.7,6613.7,6725.0,24457,259567
10/17/1978,6750.8,6787.9,6694.6,6730.6,24350,264666
10/18/1978,6745.2,6759.8,6676.6,6705.9,18941,264627
10/19/1978,6649.7,6687.9,6622.7,6627.2,20586,265049
10/20/1978,6683.4,6696.9,6599.1,6618.2,10878,261311
10/23/1978,6604.7,6642.9,6580.0,6585.6,9132,261367
10/24/1978,6559.7,6638.4,6559.7,6632.8,10070,261914
10/25/1978,6711.5,6857.6,6694.6,6857.6,20968,263276
10/26/1978,6897.0,6947.6,6823.9,6877.9,37943,263383
10/27/1978,6874.5,7015.0,6835.2,6970.1,34062,273677
10/30/1978,7060.0,7194.9,7048.7,7155.5,42092,278436
10/31/1978,7105.0,7105.0,6942.0,6986.9,25332,278800
11/01/1978,6762.1,6762.1,6762.1,6762.1,12236,277112
11/02/1978,6587.8,6649.7,6542.9,6610.3,19503,277805
11/03/1978,6554.1,6644.0,6531.6,6559.7,16059,277965
11/06/1978,6497.9,6608.1,6497.9,6563.1,21343,281823
11/08/1978,6632.8,6656.4,6587.8,6599.1,16198,285489
11/09/1978,6531.6,6542.9,6379.8,6385.5,19934,288014
11/10/1978,6374.2,6424.8,6346.1,6408.0,18707,287053
11/13/1978,6395.6,6520.4,6391.1,6509.1,19969,291586
11/14/1978,6576.6,6655.3,6544.0,6638.4,18998,293880
11/15/1978,6526.0,6531.6,6413.6,6421.4,25079,299220
11/16/1978,6374.2,6571.0,6374.2,6554.1,33312,309241
11/17/1978,6517.0,6750.8,6509.1,6745.2,22130,313612
11/20/1978,6700.2,6790.2,6672.1,6773.3,28763,309332
11/21/1978,6739.6,6840.8,6705.9,6717.1,37518,306579
11/22/1978,6750.2,6827.9,6739.1,6790.2,22759,307358
11/24/1978,6839.0,6883.4,6816.8,6877.9,15606,308075
11/27/1978,6816.8,6827.9,6784.6,6811.3,16716,306733
11/28/1978,6805.7,6816.8,6661.4,6666.9,30239,310743
11/29/1978,6729.1,6755.8,6642.5,6655.8,23787,307573
11/30/1978,6689.2,6783.5,6666.9,6761.3,14074,307211
12/01/1978,6772.4,6781.3,6694.7,6703.6,21664,304744
12/04/1978,6749.1,6754.7,6605.9,6633.6,23595,307045
12/05/1978,6628.1,6666.9,6611.4,6633.6,13914,309525
12/06/1978,6622.5,6622.5,6529.3,6558.1,29738,309643
12/07/1978,6611.4,6631.4,6578.1,6594.8,17483,317481
12/08/1978,6639.2,6670.3,6633.6,6644.7,12483,317464
12/11/1978,6683.6,6694.7,6617.0,6647.0,11868,318672
12/12/1978,6611.4,6669.2,6594.8,6647.0,11459,318140
12/13/1978,6617.0,6689.2,6617.0,6644.7,15791,324338
12/14/1978,6650.3,6660.3,6578.1,6614.8,28050,322009
12/15/1978,6638.1,6661.4,6594.8,6622.5,11568,321898
12/18/1978,6766.9,6766.9,6700.3,6705.8,34275,320749
12/19/1978,6705.8,6783.5,6689.2,6778.0,21571,319206
12/20/1978,6750.2,6783.5,6739.1,6744.7,22926,318661
12/21/1978,6728.0,6750.2,6706.9,6725.8,11481,318262
12/22/1978,6728.0,6734.7,6684.7,6694.7,6002,319042
12/26/1978,6703.6,6741.3,6679.2,6739.1,11558,319094
12/27/1978,6766.9,6826.8,6764.6,6803.5,35762,315919
12/28/1978,6794.6,6811.3,6766.9,6783.5,23376,311856
12/29/1978,6805.7,6827.9,6800.2,6813.5,16729,309780
01/02/1979,6827.9,6831.3,6728.0,6733.6,27300,299519
01/03/1979,6694.7,6733.6,6661.4,6724.7,27160,287489
01/04/1979,6735.8,6758.0,6712.5,6722.5,15810,285141
01/05/1979,6716.9,6750.2,6711.4,6730.2,8670,283243
01/08/1979,6718.0,6789.1,6718.0,6773.5,13590,278664
01/09/1979,6766.9,6772.4,6719.1,6733.6,20129,271211
01/10/1979,6733.6,6750.2,6711.4,6730.2,13027,270178
01/11/1979,6716.9,6722.5,6639.2,6644.7,18536,265902
01/12/1979,6650.3,6705.8,6645.9,6704.7,14603,265662
01/15/1979,6672.5,6816.8,6661.4,6796.8,13012,266088
01/16/1979,6816.8,7011.1,6816.8,6968.9,40506,270805
01/17/1979,6991.1,7050.0,6961.2,7018.9,21900,267536
01/18/1979,7050.0,7083.3,7011.1,7038.9,28173,270941
01/19/1979,7027.8,7092.2,6988.9,7083.3,20808,267033
01/22/1979,7138.8,7183.2,7088.8,7092.2,18749,264884
01/23/1979,7047.8,7147.7,7044.4,7138.8,12272,263647
01/24/1979,7205.4,7360.8,7205.4,7353.1,22925,265939
01/25/1979,7316.4,7471.9,7249.8,7395.3,28112,268640
01/26/1979,7427.5,7444.1,7349.7,7427.5,12374,267268
01/29/1979,7460.8,7560.7,7416.4,7438.6,26206,269680
01/30/1979,7438.6,7495.2,7327.5,7488.5,30620,272665
01/31/1979,7549.6,7582.9,7494.1,7499.6,24893,245152
02/01/1979,7449.7,7488.5,7394.2,7459.7,20239,242872
02/02/1979,7427.5,7681.7,7399.7,7681.7,25477,241466
02/05/1979,7903.7,7903.7,7903.7,7903.7,6579,236847
02/06/1979,7882.7,8112.5,7849.3,8021.4,24722,237382
02/07/1979,8243.5,8243.5,8199.1,8243.5,13850,230134
02/08/1979,8310.1,8437.8,8021.4,8021.4,38250,228832
02/09/1979,8032.5,8204.6,7916.0,8188.0,29458,225674
02/12/1979,8271.2,8271.2,8082.5,8171.3,20422,226737
02/13/1979,7949.3,8043.6,7949.3,7949.3,15938,225443
02/14/1979,7938.2,8171.3,7916.0,8168.0,19373,224385
02/15/1979,8182.4,8390.0,8132.5,8260.1,17749,227544
02/16/1979,8349.0,8482.2,8304.5,8482.2,14922,227798
02/20/1979,8593.2,8704.2,8548.8,8704.2,12393,226199
02/21/1979,8837.5,8926.3,8604.3,8726.4,23511,224441
02/22/1979,8830.0,8868.4,8660.1,8682.0,15347,223942
02/23/1979,8671.1,8791.6,8583.4,8758.8,17944,221570
02/26/1979,8616.2,8649.1,8539.5,8539.5,22585,219074
02/27/1979,8528.6,8654.6,8451.8,8643.7,24897,214721
02/28/1979,8671.1,8769.7,8572.4,8583.4,20935,213487
03/01/1979,8506.6,8697.4,8490.2,8616.2,18874,218614
03/02/1979,8572.4,8639.3,8397.0,8397.0,15450,216378
03/05/1979,8177.8,8199.7,8177.8,8177.8,7926,216704
03/06/1979,8243.5,8281.9,8155.8,8216.1,14058,212269
03/07/1979,8249.0,8254.5,7996.9,8007.8,17714,211529
03/08/1979,7991.4,8093.4,7914.7,8007.8,14700,211047
03/09/1979,8095.5,8101.0,8024.3,8057.2,9706,211188
03/12/1979,8046.2,8046.2,7837.9,7876.3,20200,209768
03/13/1979,7892.7,8013.3,7876.3,7925.6,18159,208415
03/14/1979,7958.5,8040.7,7908.1,8013.3,13509,208855
03/15/1979,7980.4,8227.1,7959.6,8199.7,13374,208272
03/16/1979,8221.6,8221.6,8139.4,8150.4,15256,207047
03/19/1979,8172.3,8199.7,8139.4,8144.9,7187,206359
03/20/1979,8144.9,8250.1,8133.9,8155.8,11172,206354
03/21/1979,8221.6,8375.1,8142.7,8375.1,14983,207317
03/22/1979,8429.9,8495.7,8380.6,8435.4,12761,206999
03/23/1979,8484.7,8550.5,8386.0,8418.9,14847,206268
03/26/1979,8605.3,8638.2,8539.5,8577.9,14389,206039
03/27/1979,8523.1,8523.1,8392.6,8412.4,14085,205463
03/28/1979,8490.2,8501.1,8435.4,8457.3,11152,205364
03/29/1979,8347.7,8383.9,8270.9,8287.4,12440,203650
03/30/1979,8276.4,8276.4,8166.8,8233.7,12414,205451
04/02/1979,8270.9,8331.2,8238.1,8244.6,9668,203525
04/03/1979,8265.5,8303.8,8068.1,8101.0,15197,202816
04/04/1979,8139.4,8221.6,8013.3,8205.2,17982,202986
04/05/1979,8232.6,8254.5,8171.2,8205.2,11579,203205
04/06/1979,8188.7,8342.2,8136.1,8303.8,13716,203746
04/09/1979,8292.9,8429.9,8287.4,8358.6,30992,196703
04/10/1979,8353.2,8375.1,8281.9,8331.2,14892,195705
04/11/1979,8227.1,8249.0,8150.4,8161.3,18491,197054
04/12/1979,8172.3,8205.2,8146.0,8165.7,6293,194511
04/16/1979,8123.0,8123.0,7969.5,8013.3,15647,191474
04/17/1979,8062.7,8139.4,7973.9,8133.9,17918,190773
04/18/1979,8144.9,8331.2,8139.4,8249.0,17094,190398
04/19/1979,8298.3,8320.3,8090.1,8101.0,17304,189166
04/20/1979,8057.2,8128.4,8024.3,8080.2,18249,186540
04/23/1979,8069.5,8166.4,8031.8,8144.9,20200,186264
04/24/1979,8123.3,8252.5,8080.3,8161.0,25355,184865
04/25/1979,8225.6,8311.8,8187.9,8279.5,22733,183785
04/26/1979,8268.7,8344.1,8231.0,8306.4,22592,184375
04/27/1979,8403.3,8505.6,8403.3,8494.8,22708,182934
04/30/1979,8419.4,8710.1,8419.4,8710.1,27739,185611
05/01/1979,8753.2,8887.8,8640.1,8656.3,33225,185738
05/02/1979,8688.6,8796.3,8650.9,8683.2,21915,185832
05/03/1979,8672.4,8807.0,8667.1,8780.1,17171,185317
05/04/1979,8844.7,8995.4,8839.3,8995.4,21547,185580
05/07/1979,9140.8,9210.8,9119.2,9167.7,20051,184001
05/08/1979,9043.9,9065.4,8952.4,8952.4,31235,184350
05/09/1979,9000.8,9119.2,8891.0,9108.5,18464,185010
05/10/1979,9323.8,9323.8,9151.5,9173.1,24623,186333
05/11/1979,9183.8,9237.7,8979.3,8990.0,15990,185855
05/14/1979,9097.7,9173.1,9045.0,9135.4,17231,184831
05/15/1979,9280.7,9323.8,9054.6,9097.7,38754,186550
05/16/1979,9194.6,9194.6,8887.8,9108.5,28858,183710
05/17/1979,9043.9,9151.5,8936.2,9092.3,22999,182305
05/18/1979,8979.3,9065.4,8979.3,9033.1,20682,178785
05/21/1979,9183.8,9248.4,9151.5,9248.4,16101,178181
05/22/1979,9226.9,9463.8,9183.8,9463.8,29131,178464
05/23/1979,9334.6,9463.8,9313.0,9350.7,20885,177306
05/24/1979,9345.3,9456.2,9323.8,9399.2,15414,178498
05/25/1979,9582.2,9614.5,9512.2,9609.1,14715,177431
05/29/1979,9689.9,9689.9,9393.8,9393.8,23253,176181
05/30/1979,9340.0,9409.9,9221.5,9334.6,30590,174329
05/31/1979,9420.7,9463.8,9259.2,9437.9,25135,172269
06/01/1979,9345.3,9350.7,9222.6,9222.6,27755,170004
06/04/1979,9119.2,9286.1,9108.5,9275.4,26741,166583
06/05/1979,9216.1,9399.2,9178.5,9291.5,33312,164333
06/06/1979,9345.3,9356.1,9178.5,9194.6,19561,163900
06/07/1979,9043.9,9151.5,9011.6,9113.9,18484,161987
06/08/1979,9162.3,9280.7,9151.5,9264.6,16792,160221
06/11/1979,9259.2,9345.3,9205.4,9259.2,24496,159563
06/12/1979,9130.0,9156.9,9043.9,9043.9,20413,157774
06/13/1979,9000.8,9097.7,8947.0,9086.9,23208,156863
06/14/1979,9043.9,9162.3,9033.1,9135.4,15375,155348
06/15/1979,9173.1,9205.4,9108.5,9167.7,12576,154578
06/18/1979,9043.9,9113.9,9000.8,9070.8,19135,153924
06/19/1979,9113.9,9286.1,9108.5,9286.1,28839,157151
06/20/1979,9302.3,9463.8,9296.9,9366.9,31489,158722
06/21/1979,9420.7,9517.6,9388.4,9409.9,31856,161346
06/22/1979,9496.5,9565.3,9353.7,9399.2,23221,159228
06/25/1979,9462.7,9491.2,9343.1,9374.8,17760,159176
06/26/1979,9279.6,9332.5,9184.4,9197.1,19372,159068
06/27/1979,9258.4,9290.2,9152.6,9170.6,23385,156847
06/28/1979,9120.9,9136.8,9015.1,9078.6,20160,150991
06/29/1979,9089.1,9290.2,9089.1,9290.2,26836,154351
07/02/1979,9337.8,9359.0,9163.2,9189.7,12721,153263
07/03/1979,9189.7,9374.8,9159.0,9353.7,13028,153587
07/05/1979,9496.5,9565.3,9443.6,9565.3,19785,159771
07/06/1979,9586.5,9673.2,9459.5,9523.0,19772,157225
07/09/1979,9417.2,9734.6,9396.0,9729.3,26663,165065
07/10/1979,9681.7,9861.6,9681.7,9787.5,25628,165427
07/11/1979,9798.1,9882.7,9708.1,9835.1,17538,157338
07/12/1979,9824.5,9898.6,9692.3,9708.1,24992,158695
07/13/1979,9533.6,9623.5,9533.6,9612.9,12646,157882
07/16/1979,9718.7,9824.5,9713.4,9824.5,12242,158431
07/17/1979,9988.5,10036.2,9946.2,10036.2,30388,159712
07/18/1979,10104.9,10173.7,9956.8,10041.4,19494,159300
07/19/1979,9956.8,10052.0,9925.1,10041.4,13778,159926
07/20/1979,9978.0,10200.2,9935.6,10189.6,16616,160605
07/23/1979,10242.5,10300.7,10142.0,10170.5,24623,158612
07/24/1979,10189.6,10221.3,10020.3,10094.4,19271,155973
07/25/1979,9978.0,10104.9,9978.0,10094.4,10887,156491
07/26/1979,10094.4,10226.6,9999.1,10184.3,17409,156405
07/27/1979,10136.7,10179.0,10009.7,10015.0,20094,154548
07/30/1979,9819.2,9819.2,9803.4,9803.4,5296,154774
07/31/1979,9681.7,9766.3,9591.8,9591.8,18097,156689
08/01/1979,9649.9,9702.9,9517.7,9692.3,16418,154205
08/02/1979,9630.9,9649.9,9480.6,9528.3,19331,156239
08/03/1979,9554.7,9612.9,9517.7,9570.6,10054,155264
08/06/1979,9359.0,9359.0,9359.0,9359.0,7419,155674
08/07/1979,9364.3,9390.7,9279.6,9300.8,23806,156760
08/08/1979,9374.8,9512.4,9353.7,9512.4,14728,151454
08/09/1979,9628.8,9692.3,9544.1,9655.2,14753,151783
08/10/1979,9713.4,9745.2,9581.2,9655.2,14113,151680
08/13/1979,9554.7,9565.3,9454.2,9491.2,12279,152600
08/14/1979,9385.4,9702.9,9369.5,9702.9,19261,154024
08/15/1979,9724.0,9798.1,9618.2,9692.3,21598,154953
08/16/1979,9618.2,9798.1,9602.3,9761.0,22144,155153
08/17/1979,9755.8,9851.0,9681.7,9766.3,15282,154223
08/20/1979,9766.3,9766.3,9665.8,9684.9,7811,154522
08/21/1979,9745.2,9896.5,9724.0,9896.5,13750,155008
08/22/1979,10080.9,10101.5,9982.8,10091.2,19749,154480
08/23/1979,10039.6,10297.5,10008.6,10297.5,19206,155198
08/24/1979,10266.6,10503.9,10246.0,10488.4,19448,156294
08/27/1979,10452.3,10548.3,10431.7,10514.2,16593,155884
08/28/1979,10596.8,10720.6,10442.0,10720.6,26251,156351
08/29/1979,10761.9,10911.5,10674.2,10870.2,24009,157288
08/30/1979,10999.2,11076.6,10988.9,11076.6,21509,156924
08/31/1979,10870.2,11282.9,10870.2,11205.5,20213,157913
09/04/1979,11601.8,11618.3,11504.8,11618.3,13454,156134
09/05/1979,12031.0,12031.0,11917.5,12031.0,20560,156631
09/06/1979,12443.7,12443.7,11814.3,12443.7,27138,158168
09/07/1979,12072.3,12650.1,12041.3,12577.9,22393,157722
09/10/1979,12639.8,12990.6,12526.3,12990.6,16660,158077
09/11/1979,12949.3,13403.3,12908.0,13300.1,17764,159609
09/12/1979,13155.7,13362.0,12887.4,12897.7,19924,161811
09/13/1979,12743.0,13310.5,12743.0,13310.5,20459,165257
09/14/1979,13723.2,13723.2,13707.7,13723.2,9840,166650
09/17/1979,14239.1,14342.3,14156.5,14342.3,18978,173389
09/18/1979,15167.7,15167.7,15167.7,15167.7,10943,174673
09/19/1979,15167.7,15993.2,15167.7,15993.2,14652,168596
09/20/1979,16818.6,16818.6,15993.2,16199.5,12152,167904
09/21/1979,15786.8,16612.3,15786.8,16612.3,20093,172534
09/24/1979,17025.0,17025.0,16199.5,16901.2,11415,172370
09/25/1979,16405.9,16901.2,16282.1,16282.1,13682,170310
09/26/1979,15890.0,16663.9,15890.0,16612.3,11830,169855
09/27/1979,17025.0,17025.0,17025.0,17025.0,2817,167957
09/28/1979,17283.0,17437.7,17179.8,17334.5,6893,167572
10/01/1979,17747.3,17747.3,17747.3,17747.3,1342,166921
10/02/1979,18160.0,18160.0,17334.5,17850.4,14120,168583
10/03/1979,17571.9,18056.8,17437.7,17860.8,10222,169951
10/04/1979,17448.0,17448.0,17448.0,17448.0,5756,168795
10/05/1979,17035.3,17334.5,17035.3,17035.3,7145,171632
10/08/1979,16416.2,16488.5,16416.2,16416.2,6776,170311
10/09/1979,17179.8,17241.7,17128.2,17241.7,8584,168527
10/10/1979,18067.1,18067.1,17798.9,18067.1,10621,165571
10/11/1979,17437.7,18469.5,17437.7,18366.4,6877,162738
10/12/1979,18160.0,18675.9,18160.0,18366.4,8406,161694
10/15/1979,18572.7,18706.9,18170.3,18387.0,8062,159431
10/16/1979,18469.5,18469.5,17974.3,17974.3,10841,157243
10/17/1979,17644.1,17902.0,17561.5,17850.4,7941,156819
10/18/1979,17437.7,18160.0,17437.7,17953.6,15486,152900
10/19/1979,18366.4,18366.4,17798.9,18345.7,8831,152622
10/22/1979,18283.8,18417.9,17933.0,18221.9,8186,151024
10/23/1979,17809.2,18211.6,17809.2,18108.4,4772,151114
10/24/1979,18314.8,18417.9,18118.7,18273.5,8760,147389
10/25/1979,18056.8,18211.6,17953.6,18005.2,6359,145402
10/26/1979,17592.5,17592.5,17592.5,17592.5,3732,144676
10/29/1979,17179.8,17179.8,17179.8,17179.8,2833,143598
10/30/1979,16818.6,17231.4,16715.5,17128.2,6443,142336
10/31/1979,17437.7,17437.7,17200.4,17324.2,2951,142518
11/01/1979,17025.0,17252.0,16911.5,16911.5,6513,144253
11/02/1979,16870.2,17004.4,16509.1,16808.3,11962,145239
11/05/1979,17025.0,17107.5,16921.8,17009.5,9318,148190
11/06/1979,17210.7,17406.8,17190.1,17406.8,5239,147296
11/07/1979,17509.9,17613.1,17210.7,17283.0,4855,151407
11/08/1979,17179.8,17221.0,16880.5,17200.4,3903,134713
11/09/1979,16973.4,17128.2,16921.8,16942.5,2695,134105
11/12/1979,17128.2,17169.5,16901.2,16911.5,4228,134359
11/13/1979,16705.1,16880.5,16498.8,16498.8,3590,134044
11/14/1979,16767.0,16787.7,16354.3,16787.7,8371,135396
11/15/1979,16529.7,16725.8,16488.5,16674.2,13608,140099
11/16/1979,16870.2,16942.5,16798.0,16818.6,5014,139371
11/19/1979,16921.8,16973.4,16756.7,16839.3,2635,139187
11/20/1979,16818.6,16973.4,16674.2,16818.6,5353,139577
11/21/1979,16973.4,17056.0,16457.5,16509.1,27423,142897
11/23/1979,16477.6,16844.2,16408.3,16839.3,5303,141902
11/26/1979,16913.6,16963.1,16794.7,16913.6,5133,142475
11/27/1979,17181.1,17309.9,17141.5,17309.9,25777,137305
11/28/1979,17706.3,17706.3,17706.3,17706.3,7522,140080
11/29/1979,18300.8,18300.8,18300.8,18300.8,11894,134098
11/30/1979,19093.4,19093.4,19093.4,19093.4,6416,134207
12/03/1979,19886.1,19896.0,19886.1,19886.1,4606,133423
12/04/1979,20114.0,20411.2,19717.6,20213.1,11359,133298
12/05/1979,19816.7,20213.1,19737.5,19987.2,6672,131559
12/06/1979,20262.6,20302.2,19618.6,19628.5,4906,131446
12/07/1979,19767.2,19767.2,19192.5,19192.5,6337,132020
12/10/1979,19469.9,19638.4,19232.1,19618.6,5161,131504
12/11/1979,20114.0,20114.0,20114.0,20114.0,2553,130824
12/12/1979,20411.2,20609.4,20312.2,20559.9,5498,130514
12/13/1979,21154.4,21303.0,21104.8,21303.0,5880,130604
12/14/1979,21203.9,22244.3,20857.1,22174.9,6170,130114
12/17/1979,22591.1,23037.0,22462.3,22937.9,6230,129480
12/18/1979,23780.1,23928.7,23581.9,23928.7,5949,129287
12/19/1979,24226.0,24800.6,23086.5,24275.5,8076,128574
12/20/1979,23978.2,24176.4,23482.8,24077.3,4978,128394
12/21/1979,23978.2,24820.5,23879.2,24820.5,6175,128436
12/26/1979,25266.3,25811.3,25266.3,25811.3,4218,128961
12/27/1979,26802.1,26802.1,26802.1,26802.1,4953,132939
12/28/1979,27793.0,27793.0,27793.0,27793.0,5674,127726
12/31/1979,28783.8,28783.8,28783.8,28783.8,4651,127351
01/02/1980,29774.6,29774.6,29774.6,29774.6,12240,123604
01/03/1980,30765.5,30765.5,30765.5,30765.5,9992,121771
01/04/1980,31756.3,31756.3,31756.3,31756.3,6011,118826
01/07/1980,32747.2,32747.2,32747.2,32747.2,12507,117453
01/08/1980,33738.0,33738.0,32202.2,32449.9,8119,116718
01/09/1980,33193.0,33193.0,33193.0,33193.0,7596,115961
01/10/1980,34183.9,34183.9,34183.9,34183.9,7631,116211
01/11/1980,35174.7,35174.7,35174.7,35174.7,5213,115664
01/14/1980,36165.5,36165.5,36165.5,36165.5,10035,110990
01/15/1980,37156.4,37156.4,37156.4,37156.4,9469,110220
01/16/1980,38147.2,38147.2,38147.2,38147.2,8093,107058
01/17/1980,39138.0,39138.0,39138.0,39138.0,5308,106478
01/18/1980,40128.9,40128.9,40128.9,40128.9,17118,105185
01/21/1980,41119.7,41119.7,41119.7,41119.7,210,105432
01/22/1980,40128.9,40128.9,40128.9,40128.9,8919,100380
01/23/1980,39138.0,39138.0,39138.0,39138.0,8771,96889
01/24/1980,40128.9,40128.9,38147.2,38147.2,13145,90579
01/25/1980,37552.7,38246.3,37156.4,37156.4,6200,84761
01/28/1980,36165.5,36165.5,36165.5,36165.5,5452,84435
01/29/1980,37156.4,37156.4,35174.7,36661.0,4454,78603
01/30/1980,36066.5,36661.0,35670.1,36165.5,978,78389
01/31/1980,35670.1,35917.8,35422.4,35422.4,178,77808
02/01/1980,34927.0,35075.6,34431.6,34431.6,903,77703
02/04/1980,34332.5,34332.5,33440.7,33440.7,1880,76707
02/05/1980,34431.6,34431.6,33985.7,34431.6,1111,76323
02/06/1980,35422.4,35422.4,35422.4,35422.4,4216,75228
02/07/1980,36413.2,36413.2,36413.2,36413.2,1920,74065
02/08/1980,37404.1,37404.1,37404.1,37404.1,1875,73041
02/11/1980,38394.9,38394.9,38394.9,38394.9,5305,71970
02/12/1980,39138.0,39336.2,38246.3,38246.3,1090,71716
02/13/1980,38692.2,38692.2,37255.5,37255.5,1326,71627
02/14/1980,37205.9,37651.8,36264.6,36264.6,5443,71406
02/15/1980,36066.5,36066.5,35273.8,35670.1,3232,70175
02/19/1980,34679.3,34679.3,34679.3,34679.3,3929,69288
02/20/1980,33688.4,33688.4,33688.4,33688.4,2595,68608
02/21/1980,33688.4,34679.3,32697.6,34382.0,4515,68531
02/22/1980,33391.2,33391.2,33391.2,33391.2,6679,68202
02/25/1980,32423.3,33826.7,32423.3,33826.7,6604,67736
02/26/1980,33826.7,33826.7,32907.3,33386.4,6812,67191
02/27/1980,32907.3,34020.3,32907.3,33478.3,4491,66897
02/28/1980,34204.2,34204.2,34204.2,34204.2,2898,64034
02/29/1980,33875.1,35172.1,33875.1,35172.1,3012,63736
03/03/1980,34939.8,35085.0,34204.2,34823.6,2564,63349
03/04/1980,34601.0,35791.5,34165.5,35665.7,3731,62830
03/05/1980,36391.6,36391.6,34843.0,35617.3,2577,62753
03/06/1980,35133.3,35230.1,34891.4,34891.4,1630,62511
03/07/1980,33923.5,33923.5,33923.5,33923.5,4086,62271
03/10/1980,32955.7,32955.7,32955.7,32955.7,3900,62464
03/11/1980,31987.8,31987.8,31987.8,31987.8,3436,62028
03/12/1980,31019.9,31019.9,31019.9,31019.9,1721,62105
03/13/1980,30052.1,30052.1,30052.1,30052.1,4830,62255
03/14/1980,29084.2,29084.2,29084.2,29084.2,6909,62233
03/17/1980,28116.4,28116.4,28116.4,28116.4,10560,61638
03/18/1980,27148.5,27148.5,27148.5,27148.5,7112,60244
03/19/1980,26180.6,26180.6,26180.6,26180.6,4722,58488
03/20/1980,25212.8,25212.8,25212.8,25212.8,3748,56624
03/21/1980,24244.9,24244.9,24244.9,24244.9,2641,55926
03/24/1980,23277.0,23373.8,23277.0,23277.0,4261,54884
03/25/1980,22309.2,22309.2,22309.2,22309.2,6421,53237
03/26/1980,21341.3,21341.3,21341.3,21341.3,4869,52130
03/27/1980,20373.5,20373.5,20373.5,20373.5,6198,51469
03/28/1980,19405.6,19405.6,19405.6,19405.6,20832,46630
03/31/1980,18437.7,18437.7,18437.7,18437.7,3848,45812
04/01/1980,17469.9,17469.9,17469.9,17469.9,2556,45540
04/02/1980,16502.0,16502.0,16502.0,16502.0,2969,45203
04/03/1980,15534.2,15534.2,15534.2,15534.2,5526,43505
04/07/1980,14566.3,15098.6,14566.3,14856.7,2863,42236
04/08/1980,15824.5,15824.5,15824.5,15824.5,3439,41471
04/09/1980,16792.4,16792.4,15292.2,15495.4,8415,38989
04/10/1980,14711.5,15437.4,14711.5,15059.9,4175,38478
04/11/1980,14808.3,15243.8,14808.3,14953.4,3264,38197
04/14/1980,14711.5,15001.8,14227.6,14227.6,3245,36918
04/15/1980,13792.0,14275.9,13404.9,13985.6,2029,36812
04/16/1980,14517.9,14808.3,13646.8,13792.0,1921,36693
04/17/1980,13840.4,14130.8,13550.0,13840.4,4103,36755
04/18/1980,13985.6,14043.7,13598.4,13695.2,1976,36700
04/21/1980,13356.5,13356.5,13211.3,13211.3,5324,34372
04/22/1980,13277.2,13418.5,12919.4,13211.3,3021,33419
04/23/1980,13418.5,13418.5,13041.8,13211.3,2652,32783
04/24/1980,13559.7,13682.1,13559.7,13682.1,2467,32246
04/25/1980,14152.9,14152.9,14152.9,14152.9,2082,31923
04/28/1980,13446.7,13446.7,13446.7,13446.7,4302,29946
04/29/1980,13230.1,13399.6,12806.4,13183.0,4512,28416
04/30/1980,13088.9,13164.2,12241.4,12241.4,5531,27202
05/01/1980,11299.8,11723.5,11299.8,11657.6,3137,27119
05/02/1980,12053.1,12599.2,11817.7,12599.2,2359,27386
05/05/1980,12994.7,13088.9,12429.7,12618.1,2829,26516
05/06/1980,12392.1,12523.9,12241.4,12288.5,1573,26298
05/07/1980,12241.4,12712.2,12147.2,12533.3,2391,25267
05/08/1980,12618.1,12665.1,11864.7,12335.6,864,25085
05/09/1980,12053.1,12448.6,11958.9,12335.6,968,25019
05/12/1980,12194.3,12241.4,11888.3,11911.8,1025,24693
05/13/1980,12006.0,12382.6,11958.9,12316.7,2084,24380
05/14/1980,12382.6,12561.6,12241.4,12382.6,1775,24429
05/15/1980,12194.3,12326.2,11911.8,11911.8,1141,24287
05/16/1980,12053.1,12109.6,11817.7,11883.6,1399,24081
05/19/1980,11770.6,11798.8,11412.8,11412.8,2373,24546
05/20/1980,11299.8,11299.8,10941.9,11111.4,4343,24555
05/21/1980,11280.9,11309.2,10640.6,10734.8,1828,24467
05/22/1980,10263.9,11205.6,10263.9,10989.0,2753,23973
05/23/1980,10687.7,11356.3,10687.7,11346.8,1312,23353
05/27/1980,11817.7,11817.7,11723.5,11817.7,2996,23666
05/28/1980,12288.5,12288.5,12147.2,12194.3,1262,23167
05/29/1980,12288.5,12523.9,11817.7,12429.7,2947,23145
05/30/1980,12994.7,13136.0,12429.7,13136.0,3053,23538
06/02/1980,13889.3,14077.6,13701.0,13889.3,2184,23404
06/03/1980,14454.3,14595.5,13484.4,13889.3,2192,23163
06/04/1980,14313.0,14595.5,14171.8,14595.5,2885,23074
06/05/1980,14972.2,15537.2,14736.8,15113.4,3195,22895
06/06/1980,16008.0,16008.0,15395.9,15913.8,2643,23200
06/09/1980,16620.1,16620.1,16620.1,16620.1,1080,23035
06/10/1980,15678.4,15678.4,15678.4,15678.4,2076,22936
06/11/1980,14736.8,15301.8,14736.8,14736.8,2650,22931
06/12/1980,14830.9,14972.2,14265.9,14925.1,2030,22817
06/13/1980,15160.5,15405.3,15160.5,15348.8,2099,22703
06/16/1980,14972.2,15113.4,14642.6,14642.6,2263,22392
06/17/1980,14736.8,14925.1,14331.9,14878.0,2597,22722
06/18/1980,15019.3,15226.4,14407.2,14454.3,2754,22689
06/19/1980,14689.7,14830.9,14313.0,14783.8,2111,22495
06/20/1980,14765.0,14830.9,14595.5,14783.8,1281,22635
06/23/1980,14491.5,14584.3,14389.5,14463.7,2236,22754
06/24/1980,14519.4,14927.6,14473.0,14890.5,3644,22914
06/25/1980,15215.2,15307.9,14871.9,14871.9,4362,22830
06/26/1980,15168.8,15196.6,14844.1,15113.1,4526,22692
06/27/1980,15493.5,15577.0,15363.6,15577.0,2866,22324
06/30/1980,15771.8,15901.7,15586.3,15679.0,2303,22792
07/01/1980,16068.7,16068.7,15632.7,15864.6,2509,22754
07/02/1980,15818.2,16003.8,15679.0,15846.0,3277,22769
07/03/1980,15679.0,16124.4,15632.7,16031.6,1860,22278
07/07/1980,15911.0,16374.9,15873.9,16328.5,2294,23421
07/08/1980,16439.8,16514.0,15864.6,15864.6,3630,23010
07/09/1980,15911.0,15985.2,15400.7,15428.6,3079,23172
07/10/1980,15261.6,15521.3,14751.3,14936.8,2575,22924
07/11/1980,15038.9,15437.8,15038.9,15354.3,1518,22943
07/14/1980,14890.5,15131.7,14890.5,14890.5,2102,23319
07/15/1980,14426.6,14612.1,14426.6,14426.6,2079,23749
07/16/1980,14751.3,14936.8,14519.4,14621.4,1734,23595
07/17/1980,14797.7,14862.6,14575.0,14658.5,1083,23415
07/18/1980,14194.6,14658.5,14194.6,14565.7,1656,23319
07/21/1980,14612.1,14797.7,14482.2,14612.1,1181,23477
07/22/1980,14593.6,15076.0,14593.6,15076.0,1325,23496
07/23/1980,14983.2,15400.7,14890.5,15029.6,2518,23997
07/24/1980,15168.8,15493.5,15168.8,15335.8,1495,24045
07/25/1980,15586.3,15632.7,15289.4,15623.4,1360,24345
07/28/1980,15317.2,15502.8,15307.9,15400.7,1602,24502
07/29/1980,15400.7,15502.8,15029.6,15233.7,1813,24528
07/30/1980,15178.1,15187.3,14769.8,14769.8,1989,24921
07/31/1980,14537.9,14834.8,14306.0,14426.6,2141,24971
08/01/1980,14426.6,14788.4,14426.6,14695.6,928,25044
08/04/1980,14797.7,15011.1,14751.3,14797.7,1436,25084
08/05/1980,14983.2,14983.2,14667.8,14909.0,1690,25272
08/06/1980,14890.5,15298.7,14797.7,15243.0,1819,25314
08/07/1980,15168.8,15233.7,15076.0,15196.6,1672,25449
08/08/1980,15057.5,15131.7,14844.1,14862.6,1334,25489
08/11/1980,14565.7,14751.3,14445.1,14473.0,1796,25517
08/12/1980,14473.0,14723.5,14380.2,14704.9,2351,25851
08/13/1980,14658.5,14816.2,14537.9,14677.1,1592,25568
08/14/1980,14769.8,14909.0,14751.3,14844.1,1630,25747
08/15/1980,14807.0,15140.9,14565.7,14677.1,1399,25558
08/18/1980,14389.5,14816.2,14380.2,14704.9,2893,25307
08/19/1980,14825.5,14890.5,14732.7,14779.1,2107,25477
08/20/1980,14964.7,15243.0,14964.7,15243.0,2751,25596
08/21/1980,15233.7,15400.7,15103.8,15122.4,2523,25739
08/22/1980,15150.5,15285.4,15033.6,15159.5,1515,25933
08/25/1980,15105.6,15150.5,14763.9,14835.8,2052,25861
08/26/1980,14970.7,15015.6,14880.8,14934.7,2509,25643
08/27/1980,14997.7,15015.6,14970.7,14979.7,4093,24975
08/28/1980,15033.6,15060.6,14898.8,14961.7,1668,23707
08/29/1980,14952.7,15150.5,14925.7,15141.5,1326,24222
09/02/1980,15222.4,15231.4,15105.6,15168.5,4663,24506
09/03/1980,15132.5,15186.5,14988.7,15078.6,2449,24496
09/04/1980,15267.4,15528.2,15267.4,15528.2,4050,25504
09/05/1980,15914.8,15977.7,15824.9,15977.7,2940,25830
09/08/1980,16652.1,16652.1,16652.1,16652.1,3459,25987
09/09/1980,17308.4,17551.2,17128.6,17551.2,5054,26315
09/10/1980,18450.4,18450.4,18072.7,18144.6,4555,26543
09/11/1980,17892.9,19043.8,17803.0,19043.8,4162,27011
09/12/1980,19376.5,19924.9,18702.1,19241.6,4591,27279
09/15/1980,18342.5,18819.0,18342.5,18342.5,6008,27802
09/16/1980,18432.4,19241.6,18432.4,19241.6,5370,28249
09/17/1980,19916.0,20095.8,19061.8,19241.6,5373,28499
09/18/1980,19511.3,19556.3,18908.9,19268.6,4412,28808
09/19/1980,19421.4,19942.9,19151.7,19942.9,5248,29400
09/22/1980,20842.1,20842.1,20842.1,20842.1,7038,30270
09/23/1980,21741.2,21741.2,21444.5,21516.4,6415,30031
09/24/1980,21516.4,21624.3,20680.2,20950.0,6565,29949
09/25/1980,20050.8,21219.7,20050.8,20994.9,3693,30073
09/26/1980,20770.1,20950.0,20320.6,20320.6,2443,29696
09/29/1980,19421.4,19960.9,19421.4,19421.4,3902,29499
09/30/1980,19196.6,19511.3,18522.3,19106.7,4074,29676
10/01/1980,20005.9,20005.9,19529.3,19871.0,2593,29477
10/02/1980,19196.6,19493.4,19196.6,19196.6,2789,29822
10/03/1980,18297.5,18648.2,18297.5,18567.2,4064,30065
10/06/1980,18747.1,19466.4,18747.1,19466.4,2415,30196
10/07/1980,19196.6,19673.2,18926.9,18998.8,3791,30428
10/08/1980,19196.6,19403.4,19061.8,19277.6,2273,30361
10/09/1980,19942.9,19951.9,19817.1,19907.0,2562,30437
10/10/1980,19790.1,20032.8,19673.2,19781.1,2270,30650
10/13/1980,19556.3,19664.2,19331.5,19331.5,4553,32850
10/14/1980,18881.9,19511.3,18881.9,19466.4,3823,32875
10/15/1980,19466.4,19646.2,19106.7,19196.6,2959,33146
10/16/1980,19241.6,19376.5,18837.0,18881.9,3101,33236
10/17/1980,18926.9,19097.7,18432.4,18432.4,3958,33267
10/20/1980,18432.4,18432.4,17758.0,17937.8,8430,33628
10/21/1980,17892.9,18117.7,17551.2,18063.7,6965,32402
10/22/1980,18342.5,18405.4,17758.0,17803.0,3436,32379
10/23/1980,17128.6,17236.5,17128.6,17128.6,2864,32761
10/24/1980,17353.4,17434.3,16769.0,17083.7,3230,33004
10/27/1980,17263.5,17380.4,16831.9,16975.8,3247,32951
10/28/1980,16813.9,17155.6,16670.1,17038.7,3115,33129
10/29/1980,17623.1,17668.1,17371.4,17470.3,3907,34347
10/30/1980,17533.2,17713.1,17488.3,17533.2,2000,34284
10/31/1980,17083.7,17263.5,17083.7,17173.6,1851,34727
11/03/1980,17371.4,17623.1,17308.4,17623.1,3041,34720
11/05/1980,18032.3,18270.5,16993.8,17218.5,6257,35268
11/06/1980,16903.8,17110.6,16742.0,16795.9,5509,35424
11/07/1980,16346.4,16409.3,16346.4,16346.4,3244,35459
11/10/1980,16616.1,16616.1,16184.5,16256.5,4317,35778
11/11/1980,15806.9,16166.5,15806.9,16094.6,4527,36136
11/12/1980,16229.5,16544.2,16184.5,16544.2,3323,36692
11/13/1980,16804.9,16957.8,16652.1,16858.9,4279,36793
11/14/1980,16813.9,16948.8,16409.3,16647.6,3720,36863
11/17/1980,16499.2,16661.1,16454.3,16589.1,2428,37082
11/18/1980,16813.9,16894.8,16724.0,16769.0,2439,37180
11/19/1980,17128.6,17218.5,17002.7,17218.5,5108,37906
11/20/1980,17308.4,17533.2,17119.6,17515.3,6983,38384
11/21/1980,17263.5,17596.2,17263.5,17488.3,6900,38191
11/24/1980,17045.8,17208.9,16813.9,16813.9,6999,37309
11/25/1980,16315.9,16874.0,16230.0,16719.5,11018,37313
11/26/1980,16959.9,17002.8,16358.8,16693.7,4442,36134
11/28/1980,16487.6,16745.2,16487.6,16702.3,2811,35911
12/01/1980,17131.7,17131.7,16625.0,16702.3,2715,35854
12/02/1980,16745.2,16788.2,16358.8,16444.7,4029,35926
12/03/1980,16616.4,16693.7,16530.5,16659.4,3494,35555
12/04/1980,16831.1,16831.1,16272.9,16272.9,3304,35405
12/05/1980,15843.6,16187.0,15843.6,16084.0,5085,35095
12/08/1980,15654.6,15912.3,15654.6,15654.6,4461,35217
12/09/1980,15225.3,15225.3,15225.3,15225.3,4584,35354
12/10/1980,14581.2,14684.3,14581.2,14581.2,7826,35180
12/11/1980,13722.5,13722.5,13722.5,13722.5,6616,34941
12/12/1980,12863.8,13696.7,12863.8,13610.9,6639,33959
12/15/1980,13997.3,14040.2,13310.3,13585.1,5010,33888
12/16/1980,12941.1,13301.7,12941.1,13224.4,4274,33840
12/17/1980,13653.8,13868.5,13482.1,13868.5,4161,33934
12/18/1980,13610.9,13877.1,13525.0,13653.8,3742,32784
12/19/1980,13739.7,14383.7,13525.0,14383.7,3450,33262
12/22/1980,14139.0,14503.9,13911.4,14126.1,4434,33100
12/23/1980,14469.6,14770.1,14426.7,14753.0,3566,33055
12/24/1980,14598.4,14727.2,14486.8,14701.4,1957,32902
12/29/1980,14315.0,14375.1,13842.7,13842.7,4285,33082
12/30/1980,13628.0,13911.4,13353.2,13482.1,3919,32558
12/31/1980,13567.9,13885.7,13567.9,13842.7,2061,33213
01/02/1981,13327.5,13808.4,13327.5,13782.6,2972,31968
01/05/1981,14083.2,14426.7,13954.4,14340.8,5056,30528
01/06/1981,14340.8,14572.6,14186.2,14340.8,3511,30223
01/07/1981,13911.4,14040.2,13911.4,13911.4,3916,29608
01/08/1981,13482.1,13722.5,13482.1,13482.1,3669,28879
01/09/1981,13739.7,13782.6,13224.4,13344.7,3133,28946
01/12/1981,12932.5,13147.1,12880.9,13121.4,2674,28782
01/13/1981,13181.5,13293.1,12923.9,13164.3,2545,28608
01/14/1981,12923.9,13439.1,12880.9,13396.2,3672,28718
01/15/1981,13439.1,13567.9,12966.8,13009.8,2978,28483
01/16/1981,13078.4,13301.7,12923.9,13250.2,2047,28521
01/19/1981,13224.4,13679.6,13138.6,13241.6,3777,28309
01/20/1981,13310.3,13473.5,13095.6,13439.1,2381,28132
01/21/1981,13610.9,13653.8,13009.8,13052.7,2664,28152
01/22/1981,13009.8,13035.5,12623.3,12709.2,3996,28434
01/23/1981,12503.1,12614.7,12374.3,12511.7,3271,28283
01/26/1981,12082.3,12082.3,12082.3,12082.3,2864,28527
01/27/1981,12022.2,12022.2,11653.0,11721.7,5380,28295
01/28/1981,11880.5,11953.5,11592.8,11635.8,2738,28442
01/29/1981,11163.5,12022.2,11060.4,11979.3,4312,28340
01/30/1981,11592.8,11798.9,11549.9,11549.9,2469,28338
02/02/1981,11249.4,11361.0,11120.5,11137.7,3624,27374
02/03/1981,10991.7,11412.5,10931.6,11266.5,5034,27248
02/04/1981,11678.7,11678.7,11120.5,11163.5,3219,27154
02/05/1981,11257.9,11421.1,11163.5,11361.0,2585,27141
02/06/1981,11421.1,11790.4,11300.9,11747.4,3416,27181
02/09/1981,11936.3,12176.8,11816.1,12176.8,2891,27234
02/10/1981,12095.2,12108.1,11592.8,11678.7,3313,27028
02/11/1981,11403.9,11507.0,11249.4,11275.1,2630,26838
02/12/1981,11008.9,11120.5,10845.8,10854.3,5058,26954
02/13/1981,10862.9,11077.6,10734.1,10948.8,2634,26883
02/17/1981,11335.2,11369.6,11163.5,11292.3,3284,26910
02/18/1981,11335.2,11369.6,10888.7,10966.0,3240,26933
02/19/1981,11163.5,11386.8,11034.7,11361.0,3399,26408
02/20/1981,11412.5,11412.5,11206.4,11292.3,3697,26608
02/23/1981,11052.1,11110.5,10968.7,11060.4,3057,26257
02/24/1981,11177.2,11277.3,11127.2,11127.2,4299,26320
02/25/1981,11052.1,11127.2,10910.3,11002.0,5564,25830
02/26/1981,10585.0,10751.8,10585.0,10585.0,4485,25525
02/27/1981,10493.2,10651.7,10384.8,10426.5,3456,23857
03/02/1981,10009.4,10009.4,10009.4,10009.4,2908,24256
03/03/1981,9926.0,10343.1,9884.3,10326.4,3986,24175
03/04/1981,10176.3,10176.3,9909.3,9909.3,3848,24139
03/05/1981,9759.2,10042.8,9700.8,9984.4,4085,24120
03/06/1981,9884.3,10218.0,9884.3,10009.4,3241,23674
03/09/1981,10134.6,10251.3,10017.8,10076.2,2397,23923
03/10/1981,10451.5,10493.2,10159.6,10226.3,3129,23859
03/11/1981,10076.2,10076.2,9851.0,9951.1,2654,23889
03/12/1981,9984.4,10167.9,9926.0,10142.9,3887,24529
03/13/1981,10326.4,10543.3,10259.7,10326.4,3863,24684
03/16/1981,10543.3,10593.3,10393.1,10493.2,2427,24773
03/17/1981,10493.2,10826.9,10368.1,10826.9,3566,25150
03/18/1981,10768.5,11177.2,10743.5,11093.8,5073,25122
03/19/1981,11093.8,11093.8,10943.7,10985.4,2678,25169
03/20/1981,11010.4,11402.4,11010.4,11402.4,3386,25306
03/23/1981,11118.8,11344.0,10985.4,10985.4,4387,25414
03/24/1981,10968.7,11302.3,10927.0,11135.5,3956,25429
03/25/1981,11052.1,11052.1,10760.2,10843.6,2619,25204
03/26/1981,10902.0,11235.6,10902.0,11193.9,2818,25200
03/27/1981,11052.1,11093.8,10776.8,10776.8,2835,25380
03/30/1981,10593.3,10610.0,10359.8,10359.8,2111,25363
03/31/1981,10092.9,10209.6,9759.2,10034.5,3623,25489
04/01/1981,10117.9,10251.3,9842.6,10176.3,3455,25405
04/02/1981,10192.9,10318.1,10076.2,10209.6,2500,25576
04/03/1981,10259.7,10334.8,10201.3,10259.7,2635,25449
04/06/1981,10409.8,10409.8,10276.4,10301.4,1650,25221
04/07/1981,9967.7,9992.8,9884.3,9942.7,2650,25410
04/08/1981,9859.3,9909.3,9717.5,9759.2,3550,25284
04/09/1981,9467.3,9600.7,9425.6,9458.9,2791,25097
04/10/1981,9483.9,9534.0,9308.8,9350.5,2086,25128
04/13/1981,9008.5,9408.9,9008.5,9383.9,2843,24988
04/14/1981,9458.9,9592.4,9425.6,9492.3,4802,25655
04/15/1981,9325.5,9342.1,9233.7,9317.1,2345,25718
04/16/1981,9425.6,9617.4,9425.6,9550.7,3266,25694
04/20/1981,9342.1,9742.5,9217.0,9650.8,2818,25920
04/21/1981,9400.5,9709.2,9400.5,9625.7,4429,25762
04/22/1981,9739.4,9812.4,9455.3,9475.6,3041,25783
04/23/1981,9560.8,9601.4,9374.2,9500.0,4808,26596
04/24/1981,9601.4,9617.6,9341.7,9375.8,2732,26770
04/27/1981,9252.4,9406.6,9252.4,9386.3,5276,27133
04/28/1981,9276.8,9357.9,9268.6,9305.2,6280,27283
04/29/1981,9130.7,9203.7,9114.4,9171.3,3247,25617
04/30/1981,9252.4,9276.8,9134.7,9236.2,4322,25850
05/01/1981,9276.8,9382.3,9211.8,9260.5,2394,25971
05/04/1981,9138.8,9187.5,9098.2,9138.8,1919,25936
05/05/1981,9098.2,9141.2,9033.3,9141.2,1991,25803
05/06/1981,9211.8,9211.8,9114.4,9122.6,3247,25832
05/07/1981,9090.1,9252.4,9073.9,9163.1,2267,25945
05/08/1981,9317.3,9568.9,9317.3,9560.8,3897,26477
05/11/1981,9601.4,9601.4,9293.0,9309.2,3007,26387
05/12/1981,9252.4,9305.2,8927.8,9155.0,5557,26502
05/13/1981,9114.4,9155.0,9049.5,9114.4,1839,26562
05/14/1981,8968.3,9082.0,8911.5,9041.4,3106,26815
05/15/1981,9090.1,9146.9,9090.1,9090.1,2193,26603
05/18/1981,9130.7,9146.9,8984.6,9138.8,3067,26637
05/19/1981,9090.1,9098.2,9041.4,9073.9,2366,27088
05/20/1981,9049.5,9082.0,9025.2,9057.6,1736,27043
05/21/1981,8944.0,8976.5,8806.0,8830.4,2939,27413
05/22/1981,8862.8,8887.2,8692.4,8708.6,3372,28075
05/26/1981,8526.0,8554.4,8440.8,8473.3,3526,28320
05/27/1981,8497.6,8651.8,8457.0,8621.8,2638,28484
05/28/1981,8765.4,8919.7,8692.4,8846.6,4214,28686
05/29/1981,8765.4,8879.1,8724.9,8830.4,2434,28529
06/01/1981,8854.7,8992.7,8603.1,8659.9,4066,28697
06/02/1981,8619.4,8676.2,8546.3,8659.9,3910,28929
06/03/1981,8659.9,8708.6,8400.2,8432.7,4524,29255
06/04/1981,8221.7,8310.9,8132.4,8294.7,3899,29180
06/05/1981,8262.2,8262.2,8051.2,8116.2,4174,29510
06/08/1981,8319.1,8522.0,8262.2,8316.6,3477,29450
06/09/1981,8327.2,8343.4,8124.3,8181.1,2709,29678
06/10/1981,8343.4,8384.0,8286.6,8345.0,3759,30009
06/11/1981,8302.8,8481.4,8294.7,8465.1,3184,30430
06/12/1981,8586.9,8806.0,8554.4,8578.8,3747,30714
06/15/1981,8603.1,8635.6,8278.5,8339.3,4568,30458
06/16/1981,8278.5,8310.9,8156.7,8262.2,3044,30238
06/17/1981,8197.3,8278.5,8156.7,8262.2,2768,30159
06/18/1981,8156.7,8205.4,8124.3,8148.6,3988,30482
06/19/1981,8116.2,8164.8,8075.6,8132.4,2163,30655
06/22/1981,8177.1,8326.9,8169.2,8262.2,3724,30742
06/23/1981,8358.4,8397.9,8255.9,8271.7,4248,30936
06/24/1981,8244.1,8255.9,8090.3,8106.1,4935,31091
06/25/1981,8003.6,8043.0,7711.8,7711.8,8511,31417
06/26/1981,7463.5,7633.0,7412.2,7530.5,9655,32096
06/29/1981,7136.2,7136.2,7136.2,7136.2,4804,30780
06/30/1981,6899.7,7081.0,6860.2,6939.1,6499,29934
07/01/1981,6986.4,7088.9,6726.2,6749.8,4868,29352
07/02/1981,6860.2,6899.7,6694.6,6797.1,5474,30070
07/06/1981,6702.5,6718.3,6631.6,6686.8,2794,29573
07/07/1981,6805.0,6899.7,6805.0,6860.2,3889,29752
07/08/1981,6765.6,7017.9,6710.4,6994.3,3553,29424
07/09/1981,7085.0,7325.5,6954.9,7175.6,5566,29909
07/10/1981,7254.5,7412.2,7254.5,7357.0,4192,30139
07/13/1981,7254.5,7254.5,7041.6,7057.4,3593,30265
07/14/1981,7002.2,7096.8,6812.9,7025.8,5857,30033
07/15/1981,7045.5,7238.7,6978.5,7033.7,4477,30144
07/16/1981,7238.7,7238.7,7120.4,7136.2,2984,29899
07/17/1981,7152.0,7278.2,7108.6,7238.7,2717,30516
07/20/1981,7159.9,7159.9,6947.0,6970.6,3080,30695
07/21/1981,6876.0,6994.3,6828.7,6978.5,3064,30754
07/22/1981,7017.9,7073.1,6899.7,6915.4,2229,30802
07/23/1981,6978.5,6978.5,6852.3,6868.1,2269,30658
07/24/1981,6797.1,6915.4,6797.1,6836.6,2188,30555
07/27/1981,6876.0,6883.9,6718.3,6726.2,2878,30633
07/28/1981,6663.1,6939.1,6623.7,6923.3,3464,30727
07/29/1981,6836.6,6931.2,6805.0,6868.1,2874,30472
07/30/1981,6742.0,6836.6,6726.2,6781.4,3366,31018
07/31/1981,6820.8,6868.1,6789.3,6812.9,1727,31202
08/03/1981,6631.6,6678.9,6576.4,6600.0,3570,30958
08/04/1981,6631.6,6639.4,6584.2,6611.8,2823,31069
08/05/1981,6671.0,6671.0,6623.7,6631.6,1657,30815
08/06/1981,6671.0,7025.8,6655.2,6923.3,4763,30511
08/07/1981,6797.1,6899.7,6789.3,6805.0,3746,30779
08/10/1981,6742.0,6907.5,6702.5,6891.8,2933,30746
08/11/1981,6954.9,7215.1,6931.2,7191.4,7487,31361
08/12/1981,7270.3,7428.0,7104.7,7112.6,8229,32092
08/13/1981,7159.9,7254.5,7017.9,7246.6,4926,32271
08/14/1981,7412.2,7412.2,7136.2,7175.6,5487,32284
08/17/1981,7238.7,7278.2,7152.0,7270.3,3537,32355
08/18/1981,7506.8,7506.8,7349.1,7491.1,6961,33212
08/19/1981,7491.1,7711.8,7491.1,7711.8,6040,33166
08/20/1981,7609.3,7640.9,7483.2,7569.9,5369,33059
08/21/1981,7577.8,7664.5,7538.4,7595.1,4476,33550
08/24/1981,7396.3,7426.4,7200.9,7200.9,8275,33100
08/25/1981,6990.4,7103.2,6877.7,6915.2,7489,32635
08/26/1981,7028.0,7035.5,6952.8,6982.9,4989,32966
08/27/1981,6982.9,7230.9,6847.6,7215.9,8572,33008
08/28/1981,7291.1,7441.4,7223.4,7268.5,8682,32247
08/31/1981,7291.1,7351.2,7158.0,7306.1,4494,30977
09/01/1981,7140.7,7351.2,7103.2,7336.2,4640,31029
09/02/1981,7381.3,7629.3,7306.1,7584.2,6216,31827
09/03/1981,7603.0,7960.1,7531.6,7952.5,7243,32373
09/04/1981,7858.6,7937.5,7712.0,7832.3,6813,32655
09/08/1981,7854.8,8069.0,7802.2,7884.9,7009,32807
09/09/1981,7975.1,8260.7,7975.1,8260.7,8563,33890
09/10/1981,8531.3,8636.5,8448.6,8621.5,8490,34233
09/11/1981,8606.5,8779.4,8471.2,8674.1,8069,34103
09/14/1981,8719.2,8869.6,8523.8,8824.5,9388,34368
09/15/1981,8756.8,8847.0,8614.0,8681.6,8491,34138
09/16/1981,8531.3,8629.0,8426.1,8523.8,8389,33563
09/17/1981,8583.9,8629.0,8148.0,8148.0,14105,34665
09/18/1981,7772.1,7869.9,7772.1,7772.1,7015,33949
09/21/1981,7967.6,8305.8,7930.0,8140.4,8457,33901
09/22/1981,8027.7,8132.9,7779.7,7915.0,8803,32701
09/23/1981,7832.3,7869.9,7629.3,7697.0,7023,32402
09/24/1981,7494.0,7524.1,7321.1,7321.1,10497,31603
09/25/1981,7381.3,7426.4,6945.3,6945.3,11108,30653
09/28/1981,6539.4,7103.2,6381.6,6825.0,11110,30385
09/29/1981,6937.8,7043.0,6855.1,6975.4,4608,29193
09/30/1981,6892.7,7110.7,6885.2,7050.5,5651,29031
10/01/1981,7178.3,7253.5,7118.2,7200.9,5501,29816
10/02/1981,7200.9,7343.7,7163.3,7298.6,5011,30001
10/05/1981,7366.2,7396.3,6930.3,6952.8,7779,30242
10/06/1981,6990.4,7328.7,6952.8,7276.0,9877,30362
10/07/1981,7178.3,7200.9,7035.5,7065.6,4448,30347
10/08/1981,7065.6,7283.6,7005.4,7253.5,3806,30396
10/09/1981,7351.2,7464.0,7215.9,7261.0,5250,30538
10/12/1981,7253.5,7336.2,7103.2,7110.7,3443,30554
10/13/1981,7050.5,7388.8,7050.5,7351.2,5099,30725
10/14/1981,7133.2,7554.2,7125.7,7358.7,9622,31339
10/15/1981,7418.9,7456.4,7185.8,7208.4,6506,30953
10/16/1981,7215.9,7321.1,7140.7,7193.4,3185,30499
10/19/1981,7140.7,7155.8,6967.9,6990.4,7163,30296
10/20/1981,7020.5,7065.6,6877.7,6900.2,4133,30163
10/21/1981,6877.7,6986.7,6810.0,6915.2,7638,30072
10/22/1981,6952.8,6990.4,6877.7,6967.9,3684,30303
10/23/1981,6952.8,6982.9,6885.2,6975.4,3542,30575
10/26/1981,6840.1,6862.6,6764.9,6772.4,3474,30443
10/27/1981,6810.0,6937.8,6787.5,6930.3,3895,30896
10/28/1981,6960.3,6975.4,6832.6,6847.6,4614,31136
10/29/1981,6877.7,7080.6,6810.0,7050.5,7053,31574
10/30/1981,6945.3,7110.7,6945.3,6952.8,5182,31676
11/02/1981,6975.4,7073.1,6885.2,6900.2,6390,32295
11/03/1981,6873.9,6952.8,6847.6,6945.3,3314,32233
11/04/1981,6915.2,7013.0,6900.2,6945.3,5127,32196
11/05/1981,6915.2,6960.3,6885.2,6937.8,3799,32158
11/06/1981,6907.7,6958.8,6892.7,6922.8,3530,32011
11/09/1981,6915.2,6982.9,6614.6,6674.7,8090,32033
11/10/1981,6652.2,6727.3,6539.4,6577.0,8098,31119
11/11/1981,6501.8,6565.7,6404.1,6456.7,6420,31417
11/12/1981,6516.9,6554.5,6426.7,6539.4,6998,31184
11/13/1981,6562.0,6577.0,6501.8,6516.9,6492,29501
11/16/1981,6276.3,6329.0,6178.6,6193.7,7295,29295
11/17/1981,6103.5,6268.8,6088.4,6231.2,7217,29139
11/18/1981,6216.2,6298.9,6148.6,6208.7,6913,29111
11/19/1981,6193.7,6208.7,6065.9,6133.5,8385,28891
11/20/1981,6156.1,6231.2,6126.0,6133.5,6252,29844
11/23/1981,6020.8,6130.2,5998.9,6020.8,8498,29802
11/24/1981,6130.2,6130.2,6020.8,6068.2,8365,29391
11/25/1981,6203.2,6254.3,6137.5,6236.1,13133,29018
11/27/1981,6225.1,6261.6,6181.3,6252.1,3890,28298
11/30/1981,6261.6,6276.2,6086.5,6159.4,7560,28169
12/01/1981,6028.1,6108.4,6006.2,6082.8,6302,27469
12/02/1981,6064.6,6422.2,6064.6,6407.6,13219,27534
12/03/1981,6276.2,6495.1,6217.8,6473.2,14769,27174
12/04/1981,6582.7,6772.5,6568.1,6655.7,12270,27682
12/07/1981,6553.5,6714.1,6495.1,6633.8,7857,27996
12/08/1981,6582.7,6750.6,6538.9,6568.1,11320,28133
12/09/1981,6531.6,6597.3,6312.7,6422.2,9125,28011
12/10/1981,6349.2,6385.7,6254.3,6290.8,10086,29623
12/11/1981,6363.8,6436.8,6349.2,6371.1,7645,28087
12/14/1981,6582.7,6590.0,6473.2,6524.3,11491,28274
12/15/1981,6480.5,6517.0,6429.5,6495.1,6115,28070
12/16/1981,6509.7,6641.1,6458.7,6626.5,8247,27998
12/17/1981,6590.0,6750.6,6538.9,6626.5,6994,28168
12/18/1981,6582.7,6688.5,6480.5,6495.1,6406,28060
12/21/1981,6458.7,6458.7,6152.1,6166.7,10503,27912
12/22/1981,6174.0,6254.3,6035.4,6181.3,6855,27637
12/23/1981,6115.6,6174.0,6071.9,6152.1,4029,27468
12/24/1981,6155.8,6232.4,6122.9,6137.5,1843,27338
12/28/1981,6057.3,6057.3,5874.8,5958.7,6310,27669
12/29/1981,5958.7,5995.2,5933.2,5973.3,3515,27781
12/30/1981,5984.3,6122.9,5977.0,6115.6,5130,27774
12/31/1981,6174.0,6174.0,6035.4,6050.0,2682,27995
01/04/1982,5969.7,6130.2,5918.6,6115.6,6581,27563
01/05/1982,6115.6,6305.4,6115.6,6188.6,10705,27313
01/06/1982,6174.0,6232.4,6130.2,6159.4,4551,26938
01/07/1982,6050.0,6163.1,6050.0,6152.1,5119,26527
01/08/1982,6093.8,6239.7,6057.3,6079.2,7072,26636
01/11/1982,5933.2,6031.7,5925.9,5991.6,6496,25976
01/12/1982,6028.1,6035.4,5955.1,6006.2,4470,26024
01/13/1982,5911.3,5940.5,5801.8,5852.9,6540,26866
01/14/1982,5823.7,5874.8,5787.2,5831.0,4391,26831
01/15/1982,5896.7,5911.3,5728.9,5743.5,6911,27381
01/18/1982,5794.5,5896.7,5794.5,5852.9,5621,27205
01/19/1982,5838.3,5856.6,5779.9,5787.2,4652,27435
01/20/1982,5809.1,5852.9,5787.2,5816.4,3930,27237
01/21/1982,5860.2,5889.4,5779.9,5794.5,5607,27019
01/22/1982,5845.6,5874.8,5758.1,5790.9,4278,26965
01/25/1982,5743.5,5809.1,5714.3,5801.8,3822,27086
01/26/1982,5816.4,5882.1,5809.1,5860.2,5308,27166
01/27/1982,5998.9,6020.8,5918.6,6013.5,7165,26885
01/28/1982,6017.1,6068.2,5987.9,6050.0,4611,27408
01/29/1982,6126.6,6137.5,6020.8,6042.7,4648,27338
02/01/1982,5984.3,6035.4,5929.6,6020.8,4886,27524
02/02/1982,6013.5,6108.4,5977.0,6002.5,7479,27925
02/03/1982,6013.5,6093.8,5998.9,6082.8,6678,28383
02/04/1982,6203.2,6298.1,6177.7,6283.5,8634,28811
02/05/1982,6254.3,6341.9,6225.1,6327.3,9369,28938
02/08/1982,6276.2,6276.2,6144.8,6192.3,8680,28754
02/09/1982,6188.6,6265.3,6166.7,6239.7,9385,28805
02/10/1982,6374.7,6436.8,6327.3,6422.2,13457,29303
02/11/1982,6334.6,6385.7,6305.4,6320.0,9704,30023
02/12/1982,6305.4,6345.5,6283.5,6309.0,6330,29748
02/16/1982,6305.4,6330.9,6177.7,6210.5,10103,30166
02/17/1982,6203.2,6220.0,6130.2,6162.4,9490,29582
02/18/1982,6071.9,6115.6,6057.3,6086.5,8275,29266
02/19/1982,6093.8,6115.6,5977.0,5991.6,8197,28742
02/22/1982,5958.5,5972.7,5830.5,5838.3,16541,27873
02/23/1982,5816.3,5816.3,5681.2,5715.3,16985,28726
02/24/1982,5763.0,5844.7,5745.2,5823.4,17795,28834
02/25/1982,5844.7,5848.3,5731.0,5752.3,11140,26741
02/26/1982,5702.5,5716.7,5638.5,5645.6,10007,25386
03/01/1982,5649.2,5752.3,5649.2,5745.2,8160,24974
03/02/1982,5766.5,5773.6,5644.9,5688.3,8881,25482
03/03/1982,5631.4,5631.4,5567.4,5574.5,6703,25176
03/04/1982,5510.5,5531.9,5425.2,5453.7,10831,24590
03/05/1982,5446.5,5503.4,5293.7,5307.9,9977,24662
03/08/1982,5268.8,5283.0,4977.3,5094.6,15167,25208
03/09/1982,5133.7,5240.3,5027.0,5190.6,12088,26293
03/10/1982,5240.3,5268.8,5130.1,5254.6,10363,26633
03/11/1982,5190.6,5211.9,5137.2,5187.0,7399,26690
03/12/1982,5098.1,5126.6,5019.9,5048.4,8295,26921
03/15/1982,4977.3,5219.0,4977.3,5211.9,11557,27011
03/16/1982,5176.4,5283.0,5055.5,5094.6,13102,27940
03/17/1982,5162.1,5190.6,5098.8,5137.2,8916,28054
03/18/1982,5162.1,5222.6,5158.6,5183.5,6651,28113
03/19/1982,5076.8,5112.4,5041.3,5083.9,7142,27554
03/22/1982,5140.8,5219.0,5108.8,5211.9,6302,28129
03/23/1982,5254.6,5290.1,5165.7,5183.5,10508,28736
03/24/1982,5254.6,5304.3,5222.6,5254.6,9605,28802
03/25/1982,5119.5,5151.5,5069.7,5105.2,9394,28229
03/26/1982,5076.8,5130.1,5055.5,5069.7,7464,28374
03/29/1982,5034.1,5112.4,5012.8,5105.2,7025,28875
03/30/1982,5115.9,5133.7,5059.0,5062.6,6790,27965
03/31/1982,5069.7,5176.4,5044.8,5140.8,8901,29223
04/01/1982,5126.6,5162.1,5083.9,5091.0,6193,29245
04/02/1982,5133.7,5162.1,5108.8,5155.0,6171,28999
04/05/1982,5240.3,5361.2,5211.9,5354.1,9406,29737
04/06/1982,5318.6,5489.2,5315.0,5453.7,13205,29654
04/07/1982,5368.3,5421.7,5322.1,5339.9,9118,29935
04/08/1982,5368.3,5460.8,5361.2,5403.9,7722,30315
04/12/1982,5354.1,5361.2,5261.7,5283.0,8060,30160
04/13/1982,5368.3,5414.5,5311.4,5318.6,7273,30130
04/14/1982,5439.4,5475.0,5403.9,5432.3,7804,30069
04/15/1982,5379.0,5425.2,5371.9,5396.8,4672,30191
04/16/1982,5375.4,5446.5,5357.7,5418.1,6642,30809
04/19/1982,5361.2,5368.3,5076.8,5105.2,15633,29333
04/20/1982,5155.0,5176.4,5091.0,5119.5,8296,28993
04/21/1982,5155.0,5169.2,5105.2,5126.6,7385,29021
04/22/1982,5110.9,5138.7,5097.0,5108.8,4566,28753
04/23/1982,5180.3,5201.2,5124.8,5162.3,7109,28943
04/26/1982,5222.0,5222.0,4999.8,5041.4,9836,29270
04/27/1982,5062.3,5117.8,5055.3,5085.2,10117,28928
04/28/1982,5124.8,5131.7,5034.5,5041.4,16222,29114
04/29/1982,4965.1,4996.3,4895.6,4985.9,13322,28747
04/30/1982,5034.5,5103.9,4638.7,4874.8,13408,28544
05/03/1982,4909.5,4923.4,4860.9,4892.1,4466,28254
05/04/1982,4854.0,4906.0,4833.1,4881.7,5548,28137
05/05/1982,4847.0,4888.7,4840.1,4864.4,5509,28101
05/06/1982,4826.2,4877.6,4812.3,4840.1,4985,28500
05/07/1982,4867.8,4867.8,4722.0,4805.3,7089,28463
05/10/1982,4749.8,4781.0,4687.3,4701.2,5615,27268
05/11/1982,4722.0,4746.3,4708.1,4729.0,4267,27283
05/12/1982,4722.0,4729.0,4708.1,4718.5,3052,27242
05/13/1982,4715.1,4722.0,4673.4,4683.8,4175,26804
05/14/1982,4701.2,4805.3,4694.2,4784.5,6448,27189
05/17/1982,4784.5,4791.5,4687.3,4692.2,4489,27022
05/18/1982,4735.9,4746.3,4666.5,4732.4,5258,26817
05/19/1982,4763.7,4767.2,4715.1,4722.0,4628,27095
05/20/1982,4742.8,4760.2,4711.6,4753.3,3679,27369
05/21/1982,4701.2,4735.9,4701.2,4725.5,3357,27045
05/24/1982,4597.0,4621.3,4590.1,4597.0,4782,26936
05/25/1982,4583.1,4616.5,4569.2,4590.1,5213,27827
05/26/1982,4604.0,4624.8,4444.2,4503.3,6858,27749
05/27/1982,4479.0,4499.8,4433.8,4472.0,5092,27293
05/28/1982,4451.2,4451.2,4360.9,4371.3,4987,27303
06/01/1982,4284.5,4284.5,4194.3,4222.0,6881,26932
06/02/1982,4215.1,4277.6,4208.1,4246.3,5063,27227
06/03/1982,4231.8,4249.8,4062.3,4131.8,6054,27095
06/04/1982,4166.5,4173.4,4069.3,4107.5,6388,27202
06/07/1982,4194.3,4374.8,4114.4,4322.7,10243,27005
06/08/1982,4284.5,4305.4,4194.3,4232.5,9581,27202
06/09/1982,4135.2,4211.6,4076.2,4110.9,7281,26737
06/10/1982,4062.3,4208.1,4055.4,4201.2,7824,27040
06/11/1982,4145.7,4192.9,4138.7,4173.4,6053,27446
06/14/1982,4055.4,4079.7,3847.1,3854.0,10593,27599
06/15/1982,3826.2,3909.6,3749.8,3784.6,10915,27497
06/16/1982,3812.3,3847.1,3763.7,3822.7,7144,27253
06/17/1982,3666.5,3666.5,3513.7,3576.2,11465,27719
06/18/1982,3576.2,3624.8,3527.6,3545.0,7179,28093
06/21/1982,3388.7,3486.0,3319.3,3465.1,11105,28666
06/22/1982,3480.4,3608.8,3480.4,3506.8,10396,29264
06/23/1982,3534.5,3642.6,3514.2,3631.1,13213,28830
06/24/1982,3676.4,3689.9,3548.0,3590.6,11855,28338
06/25/1982,3575.0,3635.9,3554.8,3593.3,8780,28470
06/28/1982,3568.3,3744.0,3521.0,3717.0,13807,29243
06/29/1982,3744.0,4054.9,3689.9,4034.6,16486,28249
06/30/1982,4136.0,4257.6,4021.1,4163.0,18708,28256
07/01/1982,4021.1,4115.7,3953.5,4078.5,14994,27269
07/02/1982,4081.9,4190.0,4054.9,4068.4,9021,26747
07/06/1982,4075.1,4095.4,3865.6,3885.9,10144,25876
07/07/1982,3818.3,3953.5,3771.0,3940.0,9011,25857
07/08/1982,4054.9,4210.3,4048.1,4203.6,17602,26739
07/09/1982,4392.8,4470.5,4291.4,4399.5,16684,27212
07/12/1982,4423.2,4426.6,4244.1,4284.7,12089,27466
07/13/1982,4365.7,4521.2,4359.0,4500.9,13955,27423
07/14/1982,4419.8,4548.2,4392.8,4440.1,9960,27094
07/15/1982,4507.7,4514.4,4325.2,4352.2,8774,26424
07/16/1982,4411.7,4511.0,4325.2,4467.1,9906,26325
07/19/1982,4453.6,4497.5,4413.1,4457.0,5401,26025
07/20/1982,4453.6,4757.7,4426.6,4751.0,14947,27664
07/21/1982,4805.0,4967.2,4595.5,4696.9,17480,27312
07/22/1982,4717.2,4805.0,4642.8,4771.2,13627,27838
07/23/1982,4906.4,5001.0,4852.3,4953.7,12475,27833
07/26/1982,4818.5,5055.1,4798.3,5033.5,11527,28819
07/27/1982,4946.9,5034.8,4899.6,4940.2,13014,29427
07/28/1982,4838.8,4872.6,4602.3,4602.3,13740,29172
07/29/1982,4629.3,4663.1,4318.4,4460.4,19613,28448
07/30/1982,4541.5,4636.1,4473.9,4555.0,8555,28249
08/02/1982,4710.4,4838.8,4690.1,4832.1,10088,28940
08/03/1982,4791.5,4852.3,4663.1,4696.9,15469,28162
08/04/1982,4663.1,4784.8,4629.3,4771.2,11203,28637
08/05/1982,4676.6,4713.8,4582.0,4663.1,11286,28248
08/06/1982,4629.3,4707.0,4602.3,4615.8,6430,27597
08/09/1982,4460.4,4467.1,4284.7,4311.7,14148,27172
08/10/1982,4392.8,4419.8,4203.6,4230.6,13538,27032
08/11/1982,4190.0,4250.9,4149.5,4217.1,10974,27161
08/12/1982,4237.3,4386.0,4217.1,4338.7,11601,27041
08/13/1982,4315.1,4362.4,4203.6,4230.6,7936,27601
08/16/1982,4318.4,4514.4,4311.7,4359.0,11284,27770
08/17/1982,4365.7,4467.1,4291.4,4460.4,14640,28356
08/18/1982,4798.3,4798.3,4703.7,4798.3,15482,28883
08/19/1982,4784.8,5001.0,4663.1,4933.4,17722,28849
08/20/1982,5271.3,5271.3,5109.1,5264.6,17860,29018
08/23/1982,5346.2,5498.0,5187.8,5425.4,18721,28953
08/24/1982,5504.6,5623.4,5181.2,5247.2,23639,29430
08/25/1982,5247.2,5458.4,5204.3,5392.4,18823,29301
08/26/1982,5517.8,5715.8,5471.6,5709.2,18018,29658
08/27/1982,5544.2,5593.7,5379.2,5379.2,17098,29566
08/30/1982,5313.2,5359.4,5115.2,5273.6,13805,27559
08/31/1982,5333.0,5379.2,5220.8,5306.6,14699,27097
09/01/1982,5240.6,5263.7,5082.2,5174.6,12020,27218
09/02/1982,5273.6,5504.6,5247.2,5504.6,15042,27301
09/03/1982,5834.6,5834.6,5834.6,5834.6,13097,27800
09/07/1982,6329.7,6329.7,6006.2,6085.4,15396,26846
09/08/1982,5887.4,6580.5,5861.0,6415.5,18864,27035
09/09/1982,6138.3,6369.3,6085.4,6085.4,17250,27009
09/10/1982,5973.2,6191.1,5775.2,5927.0,14443,26488
09/13/1982,5907.2,6098.6,5880.8,6019.4,9254,26737
09/14/1982,6138.3,6243.9,5867.6,5907.2,13591,27041
09/15/1982,6019.4,6131.7,5894.0,6092.0,13077,27036
09/16/1982,6191.1,6250.5,6065.6,6118.4,11384,26584
09/17/1982,6045.8,6111.8,5960.0,5999.6,7001,26959
09/20/1982,5854.4,5913.8,5742.2,5841.2,11174,27086
09/21/1982,5887.4,6072.2,5821.4,6059.0,9406,26910
09/22/1982,6158.1,6224.1,6026.0,6065.6,12606,27425
09/23/1982,6039.2,6158.1,5986.4,6065.6,11219,27016
09/24/1982,6019.4,6039.2,5795.0,5808.2,11053,27092
09/27/1982,5709.2,5748.8,5491.4,5524.4,8817,26226
09/28/1982,5590.4,5729.0,5577.2,5709.2,10741,25815
09/29/1982,5676.2,5682.8,5418.8,5438.6,12056,25505
09/30/1982,5504.6,5544.2,5366.0,5438.6,10428,25262
10/01/1982,5544.2,5656.4,5491.4,5623.4,10223,24601
10/04/1982,5293.4,5410.9,5293.4,5339.6,8197,24723
10/05/1982,5366.0,5455.1,5333.0,5385.8,7842,24612
10/06/1982,5511.2,5577.2,5478.2,5498.0,7972,24717
10/07/1982,5795.0,5828.0,5755.4,5828.0,6910,25145
10/08/1982,6019.4,6138.3,5775.2,6019.4,17286,24898
10/11/1982,6151.5,6349.5,6118.4,6349.5,11254,25933
10/12/1982,6349.5,6501.3,6283.5,6422.1,18406,26779
10/13/1982,6276.9,6752.1,6276.9,6699.3,13070,26934
10/14/1982,6666.3,7016.1,6534.3,6587.1,18658,27939
10/15/1982,6534.3,6639.9,6402.3,6448.5,12429,27390
10/18/1982,6468.3,6699.3,6415.5,6646.5,11534,27702
10/19/1982,6910.5,6930.3,6573.9,6613.5,17116,27475
10/20/1982,6567.3,6798.3,6461.7,6778.5,16224,28603
10/21/1982,6996.3,7062.3,6712.5,6732.3,17218,29565
10/22/1982,6864.3,7029.3,6811.5,7016.1,17443,30422
10/25/1982,6752.1,6785.1,6686.1,6686.1,11386,30155
10/26/1982,6686.1,6758.7,6356.1,6468.3,21956,28782
10/27/1982,6547.5,6620.1,6448.5,6600.3,13091,28366
10/28/1982,6494.7,6613.5,6494.7,6573.9,10586,28825
10/29/1982,6626.7,6725.7,6613.5,6659.7,9693,29009
11/01/1982,6831.3,6989.7,6791.7,6989.7,12303,30021
11/03/1982,6963.3,7266.9,6877.5,6950.1,24086,31558
11/04/1982,6983.1,7141.5,6936.9,7108.5,16885,31526
11/05/1982,7049.1,7115.1,6969.9,7022.7,15952,31343
11/08/1982,6798.3,6844.5,6692.7,6702.6,13775,30781
11/09/1982,6732.3,6818.1,6712.5,6785.1,11239,30515
11/10/1982,6798.3,6831.3,6455.1,6455.1,20159,30643
11/11/1982,6422.1,6448.5,6257.1,6283.5,20536,31212
11/12/1982,6217.5,6382.5,6138.3,6336.3,15577,30521
11/15/1982,6204.3,6369.3,6151.5,6316.5,13784,31060
11/16/1982,6316.5,6501.3,6309.9,6474.9,15107,31168
11/17/1982,6501.3,6554.1,6296.7,6336.3,16132,31072
11/18/1982,6323.1,6468.3,6270.3,6450.4,13646,32003
11/19/1982,6534.3,6590.4,6435.3,6461.7,15260,32669
11/22/1982,6379.5,6385.9,6131.7,6131.7,19594,33330
11/23/1982,6141.3,6199.2,5903.1,5924.4,21844,33903
11/24/1982,6019.0,6070.5,5941.7,6048.0,18846,33968
11/26/1982,6134.9,6308.7,6115.6,6258.5,21351,34438
11/29/1982,6340.9,6469.6,6257.2,6373.1,20165,31749
11/30/1982,6392.4,6682.1,6347.3,6649.9,21078,31252
12/01/1982,6694.9,6785.0,6585.5,6694.9,21493,30952
12/02/1982,6823.7,6913.8,6804.4,6862.3,18707,31482
12/03/1982,6855.9,6868.7,6727.1,6823.7,12732,31143
12/06/1982,6900.9,7049.0,6875.2,7036.1,16373,32570
12/07/1982,7274.3,7358.0,7222.8,7267.9,22725,34239
12/08/1982,7113.4,7126.2,6946.0,6946.0,20642,33555
12/09/1982,6868.7,6978.2,6714.2,6920.2,21056,33806
12/10/1982,6823.7,6875.2,6727.1,6772.2,14492,32453
12/13/1982,6804.4,7003.9,6746.4,6984.6,12259,33711
12/14/1982,7197.0,7203.5,6662.7,6662.7,24288,33400
12/15/1982,6727.1,6836.5,6579.1,6817.2,17577,32917
12/16/1982,6907.4,6913.8,6701.4,6855.9,13832,32930
12/17/1982,6772.2,6894.5,6727.1,6817.2,12418,33030
12/20/1982,6843.0,6907.4,6807.6,6881.6,7916,33128
12/21/1982,6894.5,7094.0,6875.2,7074.7,11384,33368
12/22/1982,7029.7,7145.5,6958.9,6971.7,14039,33911
12/23/1982,7003.9,7100.5,6952.4,7016.8,10554,33638
12/27/1982,7145.5,7300.0,7126.2,7287.2,3393,33946
12/28/1982,7261.4,7293.6,7184.2,7222.8,11692,34010
12/29/1982,7255.0,7403.0,7235.7,7325.8,16501,34086
12/30/1982,7306.5,7306.5,7094.0,7145.5,16943,33685
01/03/1983,7184.2,7267.9,7145.5,7171.3,14097,33786
01/04/1983,7242.1,7242.1,7081.2,7209.9,20025,34127
01/05/1983,7293.6,7493.2,7242.1,7428.8,24415,36465
01/06/1983,7364.4,7467.4,7312.9,7364.4,19406,36712
01/07/1983,7377.3,7609.0,7370.9,7557.5,22552,37496
01/10/1983,7744.2,7879.4,7699.2,7831.1,22828,37812
01/11/1983,7866.5,7995.3,7770.0,7831.1,28983,37932
01/12/1983,7866.5,8140.1,7853.7,8136.9,24868,38584
01/13/1983,8136.9,8227.0,8014.6,8156.2,25875,38424
01/14/1983,8046.8,8394.4,7969.5,8323.6,28897,39660
01/17/1983,8426.6,8594.0,8310.7,8330.0,30269,40245
01/18/1983,8252.8,8529.6,8130.5,8523.2,30185,39818
01/19/1983,8523.2,8574.7,8201.3,8259.2,28454,39441
01/20/1983,8291.4,8433.0,8227.0,8362.2,23828,38930
01/21/1983,8304.3,8336.5,8143.3,8220.6,20803,38201
01/24/1983,7930.9,8400.8,7898.7,8265.7,22832,39267
01/25/1983,8413.7,8510.3,8355.8,8484.5,23089,40432
01/26/1983,8452.3,8581.1,8362.2,8510.3,27439,41356
01/27/1983,8587.5,8774.2,8568.2,8754.9,25028,43277
01/28/1983,8703.4,8883.7,8671.2,8825.7,23087,44077
01/31/1983,8948.0,9147.6,8922.3,9147.6,21852,43656
02/01/1983,9295.6,9334.3,9044.6,9063.9,39378,44106
02/02/1983,8948.0,9385.8,8915.8,9366.5,31921,45089
02/03/1983,9327.8,9450.1,9076.8,9096.1,37996,46142
02/04/1983,9160.5,9257.0,8948.0,9031.7,31866,46279
02/07/1983,8915.8,9121.8,8870.8,9012.4,23236,45231
02/08/1983,9109.0,9160.5,8915.8,8935.2,24741,46313
02/09/1983,8935.2,9038.1,8819.3,8941.6,26033,45879
02/10/1983,9012.4,9147.6,9012.4,9128.3,22014,47361
02/11/1983,9282.8,9353.6,9173.3,9308.5,26767,48858
02/14/1983,9212.0,9482.3,9192.6,9463.0,25905,49494
02/15/1983,9527.4,9611.1,9424.4,9463.0,34995,50466
02/16/1983,9475.9,9585.3,9443.7,9495.2,27238,51056
02/17/1983,9495.2,9533.8,9334.3,9353.6,29306,51800
02/18/1983,9398.6,9418.0,9302.1,9372.9,19615,51328
02/22/1983,9304.2,9335.8,9051.0,9051.0,31313,51725
02/23/1983,8734.6,8753.5,8734.6,8734.6,31458,53006
02/24/1983,8785.2,8905.4,8589.0,8620.6,46652,56508
02/25/1983,8481.4,8664.9,8145.9,8145.9,38370,52906
02/28/1983,7513.0,7513.0,7513.0,7513.0,35290,55147
03/01/1983,6880.0,7038.3,6880.0,6880.0,38029,54185
03/02/1983,7088.9,7152.2,6677.5,6880.0,32922,51564
03/03/1983,6924.3,7038.3,6880.0,6975.0,21113,50122
03/04/1983,6696.5,6766.1,6500.3,6525.6,24725,49924
03/07/1983,6734.5,6994.0,6430.7,6930.7,24295,48982
03/08/1983,6772.4,6873.7,6620.5,6791.4,23886,48121
03/09/1983,6854.7,6899.0,6753.5,6845.2,14651,46917
03/10/1983,7088.9,7221.8,7044.6,7126.9,21178,45426
03/11/1983,6899.0,7013.0,6823.1,6987.6,14579,44939
03/14/1983,7038.3,7304.1,6975.0,7304.1,16044,44494
03/15/1983,7234.5,7291.5,7038.3,7076.3,19352,44465
03/16/1983,6867.4,6943.3,6772.4,6791.4,20189,44059
03/17/1983,6740.8,6848.4,6683.8,6747.1,18878,43811
03/18/1983,6810.4,6867.4,6544.6,6614.2,15033,43622
03/21/1983,6550.9,6734.5,6487.6,6709.1,15551,43266
03/22/1983,6785.1,6816.7,6683.8,6709.1,14610,43469
03/23/1983,6506.6,6797.8,6462.3,6772.4,22449,43739
03/24/1983,6753.5,6804.1,6595.2,6614.2,18719,44326
03/25/1983,6664.8,6740.8,6531.9,6709.1,18610,43655
03/28/1983,6550.9,6734.5,6519.3,6645.9,15172,43838
03/29/1983,6658.5,6816.7,6645.9,6797.8,15658,43861
03/30/1983,6848.4,6854.7,6740.8,6759.8,11539,43839
03/31/1983,6753.5,6823.1,6725.0,6804.1,8827,44242
04/04/1983,6835.7,7013.0,6835.7,6987.6,14004,45893
04/05/1983,7000.3,7228.2,6994.0,7139.5,21518,46380
04/06/1983,7183.9,7202.8,7044.6,7152.2,18802,46799
04/07/1983,7095.2,7145.9,7069.9,7133.2,11751,46830
04/08/1983,7019.3,7095.2,6962.3,6987.6,14338,47027
04/11/1983,7101.6,7202.8,7088.9,7190.2,16386,47827
04/12/1983,7240.8,7291.5,7117.4,7164.9,19336,47606
04/13/1983,7171.2,7259.8,7145.9,7253.5,12475,47253
04/14/1983,7380.1,7557.3,7342.1,7538.3,24923,48512
04/15/1983,7475.0,7753.5,7475.0,7734.5,21579,49240
04/18/1983,7848.4,8019.3,7810.5,8006.7,30101,50671
04/19/1983,7816.8,7854.8,7690.2,7690.2,26489,50195
04/20/1983,7576.3,7835.8,7437.0,7785.1,37232,50666
04/21/1983,7816.8,7880.1,7532.0,7595.3,31936,51801
04/22/1983,7649.1,7742.5,7549.4,7690.2,21201,51952
04/25/1983,7792.4,7879.6,7742.5,7786.1,23645,51829
04/26/1983,7723.8,7817.3,7686.5,7804.8,19438,52363
04/27/1983,7767.4,7829.7,7493.4,7555.7,36310,53822
04/28/1983,7474.7,7630.4,7462.2,7580.6,22208,50867
04/29/1983,7568.1,7667.8,7462.2,7624.2,21298,51048
05/02/1983,7599.3,7686.5,7561.9,7624.2,11859,50086
05/03/1983,7723.8,7836.0,7698.9,7817.3,21255,51497
05/04/1983,7817.3,7954.3,7770.6,7941.9,19839,51523
05/05/1983,7941.9,7985.5,7854.6,7867.1,18758,51145
05/06/1983,7860.9,8066.4,7823.5,8016.6,18839,50739
05/09/1983,7973.0,8147.4,7929.4,8128.7,24312,50657
05/10/1983,8141.2,8440.2,8122.5,8284.4,35993,49999
05/11/1983,8359.2,8377.9,8209.7,8290.7,25052,49510
05/12/1983,8172.3,8203.5,8072.7,8172.3,22330,49117
05/13/1983,8159.9,8303.1,8159.9,8290.7,18248,50064
05/16/1983,8203.5,8259.5,8110.0,8215.9,20970,50500
05/17/1983,8191.0,8521.1,8184.8,8496.2,32213,52607
05/18/1983,8471.3,8645.7,8433.9,8455.7,27291,52524
05/19/1983,8496.2,8583.4,8247.1,8315.6,36624,51724
05/20/1983,8377.9,8405.9,8191.0,8240.8,22708,51487
05/23/1983,8004.1,8377.9,7960.5,8328.0,31018,51062
05/24/1983,8359.2,8409.0,8240.8,8290.7,28411,52462
05/25/1983,8384.1,8496.2,8371.6,8427.7,26957,52566
05/26/1983,8440.2,8521.1,8390.3,8421.5,19734,53430
05/27/1983,8334.3,8490.0,8334.3,8471.3,18400,53450
05/31/1983,8533.6,8571.0,8159.9,8159.9,32436,53264
06/01/1983,7941.9,7973.0,7848.4,7848.4,29373,53826
06/02/1983,7755.0,7811.0,7424.9,7505.8,41707,51893
06/03/1983,7624.2,7624.2,7449.8,7487.1,21915,52198
06/06/1983,7225.5,7319.0,7175.7,7175.7,20809,50648
06/07/1983,6864.3,7063.6,6864.3,6963.9,32466,50894
06/08/1983,6988.8,7026.2,6901.6,6963.9,19801,50186
06/09/1983,7132.1,7275.4,7082.3,7275.4,19456,51115
06/10/1983,7337.6,7350.1,7063.6,7175.7,24896,50861
06/13/1983,7381.3,7443.5,7200.6,7424.9,26588,51268
06/14/1983,7275.4,7443.5,7225.5,7281.6,27222,50699
06/15/1983,7157.0,7269.1,7132.1,7157.0,23496,50141
06/16/1983,7262.9,7399.9,7244.2,7362.6,23049,49398
06/17/1983,7387.5,7399.9,7225.5,7300.3,17436,49902
06/20/1983,7287.8,7505.8,7262.9,7399.9,33282,49395
06/21/1983,7337.6,7499.6,7300.3,7487.1,26190,48782
06/22/1983,7660.0,7696.8,7537.5,7605.5,29735,48931
06/23/1983,7586.5,7653.9,7549.7,7642.3,21396,48708
06/24/1983,7696.8,7702.9,7604.9,7644.7,22009,49213
06/27/1983,7635.5,7660.0,7338.3,7338.3,33361,49825
06/28/1983,7353.6,7378.1,7077.9,7096.3,41182,49843
06/29/1983,7175.9,7249.5,7114.6,7231.1,22234,43671
06/30/1983,7218.8,7267.8,7108.5,7206.6,21643,42812
07/01/1983,7237.2,7323.0,7206.6,7323.0,11574,42742
07/05/1983,7016.6,7139.1,7016.6,7126.9,18200,41886
07/06/1983,7108.5,7221.9,7071.7,7212.7,15950,41599
07/07/1983,7077.9,7519.1,7047.2,7519.1,29846,42514
07/08/1983,7506.8,7580.4,7427.2,7494.6,29821,42498
07/11/1983,7506.8,7801.0,7494.6,7660.0,31859,42755
07/12/1983,7635.5,7715.2,7586.5,7641.6,23483,41377
07/13/1983,7580.4,7702.9,7568.1,7586.5,18000,41014
07/14/1983,7647.8,7690.7,7323.0,7384.3,27337,40837
07/15/1983,7414.9,7690.7,7298.5,7359.8,22814,40248
07/18/1983,7433.3,7568.1,7384.3,7555.9,15264,39940
07/19/1983,7537.5,7598.8,7488.4,7537.5,13165,39780
07/20/1983,7690.7,7776.5,7641.6,7733.6,26537,41780
07/21/1983,7770.3,7837.7,7543.6,7611.0,29749,41979
07/22/1983,7653.9,7702.9,7580.4,7623.3,15644,43290
07/25/1983,7494.6,7758.1,7476.2,7709.1,25801,45215
07/26/1983,7709.1,7752.0,7629.4,7709.1,19562,45869
07/27/1983,7690.7,7788.7,7580.4,7598.8,24244,45701
07/28/1983,7598.8,7647.8,7513.0,7562.0,20221,45423
07/29/1983,7470.1,7555.9,7255.6,7298.5,34697,44583
08/01/1983,7280.1,7347.5,7084.0,7286.2,28948,42676
08/02/1983,7323.0,7390.4,7274.0,7372.0,21925,42702
08/03/1983,7323.0,7463.9,7243.3,7427.2,19616,43474
08/04/1983,7396.5,7414.9,7200.4,7212.7,22607,43242
08/05/1983,7108.5,7261.7,7090.1,7231.1,24369,44431
08/08/1983,7169.8,7200.4,7028.8,7163.7,24351,44294
08/09/1983,7188.2,7261.7,7096.3,7114.6,20171,45522
08/10/1983,7077.9,7304.6,7016.6,7218.8,33272,45559
08/11/1983,7200.4,7280.1,7157.5,7212.7,22099,45640
08/12/1983,7261.7,7347.5,7249.5,7310.7,19379,46896
08/15/1983,7414.9,7617.1,7402.7,7617.1,29931,48527
08/16/1983,7678.4,7758.1,7506.8,7580.4,40080,47990
08/17/1983,7721.3,7764.2,7604.9,7702.9,32347,50487
08/18/1983,7647.8,7696.8,7562.0,7592.6,26205,50492
08/19/1983,7562.0,7568.1,7414.9,7488.4,26862,50288
08/22/1983,7651.4,7788.7,7639.5,7788.7,38308,52754
08/23/1983,7866.3,7908.1,7741.0,7779.8,36506,53436
08/24/1983,7729.0,7812.6,7669.4,7699.2,31059,54086
08/25/1983,7723.1,7788.7,7400.8,7430.6,46234,54802
08/26/1983,7448.5,7514.2,7359.0,7508.2,28604,53901
08/29/1983,7430.6,7538.0,7406.7,7484.3,30485,53396
08/30/1983,7508.2,7556.0,7436.6,7448.5,23167,49003
08/31/1983,7335.1,7484.3,7311.3,7406.7,28471,46829
09/01/1983,7472.4,7514.2,7394.8,7412.7,19570,48005
09/02/1983,7496.3,7496.3,7424.6,7478.4,10508,46849
09/06/1983,7591.8,7603.7,7418.7,7436.6,24847,47239
09/07/1983,7412.7,7478.4,7365.0,7436.6,22474,47336
09/08/1983,7454.5,7466.4,7418.7,7454.5,11414,47202
09/09/1983,7484.3,7490.3,7424.6,7430.6,6428,47538
09/12/1983,7532.1,7538.0,7174.0,7215.8,44967,49203
09/13/1983,7174.0,7245.6,7114.3,7174.0,25110,48126
09/14/1983,7156.1,7203.8,7042.7,7168.0,32611,49125
09/15/1983,7114.3,7162.0,7078.5,7108.3,23101,48411
09/16/1983,7126.2,7257.5,7120.3,7251.6,15089,48156
09/19/1983,7299.3,7341.1,7215.8,7293.3,25414,49248
09/20/1983,7269.5,7293.3,7203.8,7221.7,19088,50010
09/21/1983,7269.5,7269.5,7144.1,7203.8,20208,50248
09/22/1983,7174.0,7257.5,7084.5,7203.8,25535,50872
09/23/1983,7269.5,7388.8,7221.7,7353.0,28938,50404
09/26/1983,7353.0,7356.0,7257.5,7287.4,19870,50586
09/27/1983,7215.8,7257.5,7191.9,7227.7,20551,51000
09/28/1983,7245.6,7251.6,7150.1,7168.0,17913,49867
09/29/1983,7096.4,7102.4,6869.6,6869.6,32116,50687
09/30/1983,6833.8,6899.4,6571.2,6607.0,36236,50618
10/03/1983,6266.8,6344.4,6177.3,6201.1,34965,51287
10/04/1983,6284.7,6326.5,6057.9,6123.5,31532,49449
10/05/1983,5968.4,6284.7,5920.6,6266.8,43820,49993
10/06/1983,6248.9,6326.5,6123.5,6219.0,31836,48711
10/07/1983,6248.9,6374.2,6242.9,6314.5,23848,49054
10/10/1983,6356.3,6433.9,6254.8,6427.9,18241,49180
10/11/1983,6386.2,6386.2,6236.9,6284.7,23713,49236
10/12/1983,6135.5,6266.8,6117.6,6171.3,26944,49892
10/13/1983,6219.0,6266.8,6159.4,6260.8,14357,49223
10/14/1983,6284.7,6326.5,6219.0,6272.8,18998,48835
10/17/1983,6236.9,6236.9,5986.3,6147.4,27342,49993
10/18/1983,6075.8,6195.2,6057.9,6075.8,20207,49808
10/19/1983,5974.3,6046.0,5777.4,5777.4,31558,51659
10/20/1983,5765.4,5819.2,5556.6,5741.6,39885,52707
10/21/1983,5741.6,5789.3,5693.8,5729.6,15046,51822
10/24/1983,5783.3,5831.1,5681.9,5807.2,23106,52797
10/25/1983,5777.4,5860.9,5753.5,5777.4,20253,52885
10/26/1983,5699.8,5699.8,5479.0,5479.0,32311,52319
10/27/1983,5264.1,5299.9,5180.5,5293.9,34234,52454
10/28/1983,5371.5,5467.0,5353.6,5449.1,24392,51126
10/31/1983,5222.3,5288.6,5150.7,5150.7,24698,50703
11/01/1983,5103.0,5240.2,5061.2,5213.4,30218,51126
11/02/1983,5305.9,5329.8,5240.2,5299.9,21288,51794
11/03/1983,5210.4,5359.6,5025.4,5329.8,39163,51594
11/04/1983,5317.8,5479.0,5243.2,5371.5,36144,51937
11/07/1983,5276.0,5443.2,5258.1,5413.3,23698,51395
11/08/1983,5431.2,5467.0,5389.4,5401.4,18569,51844
11/09/1983,5401.4,5490.9,5341.7,5353.6,23880,52249
11/10/1983,5383.5,5407.3,5299.9,5329.8,21283,51303
11/11/1983,5353.6,5395.4,5299.9,5383.5,10506,51226
11/14/1983,5365.6,5443.2,5317.8,5425.2,19319,52273
11/15/1983,5419.3,5461.1,5395.4,5431.2,18998,52568
11/16/1983,5419.3,5461.1,5132.8,5132.8,39765,56674
11/17/1983,5114.9,5222.3,4965.7,5186.5,44415,59571
11/18/1983,5126.8,5156.7,5049.2,5103.0,21174,58658
11/21/1983,5025.4,5180.5,4995.5,5168.6,26435,58882
11/22/1983,5178.3,5204.5,5102.7,5114.9,26453,58472
11/23/1983,5114.3,5137.6,5079.4,5091.0,16298,58333
11/25/1983,5091.0,5137.6,5091.0,5131.8,10031,57472
11/28/1983,5236.5,5422.7,5224.9,5422.7,62522,60736
11/29/1983,5399.4,5626.3,5370.3,5620.5,39837,56934
11/30/1983,5841.6,5864.9,5672.9,5731.1,44242,56274
12/01/1983,5643.8,5771.8,5603.0,5760.1,31424,55372
12/02/1983,5777.6,5783.4,5620.5,5672.9,26004,55890
12/05/1983,5713.6,5731.1,5585.6,5696.1,28473,56022
12/06/1983,5655.4,5742.7,5638.0,5707.8,24603,57120
12/07/1983,5702.0,5934.7,5649.6,5911.4,29707,60036
12/08/1983,5864.9,5981.2,5620.5,5620.5,40001,59125
12/09/1983,5585.6,5638.0,5480.9,5574.0,29723,60316
12/12/1983,5597.2,5655.4,5521.6,5550.7,20133,58871
12/13/1983,5539.0,5585.6,5498.3,5579.8,20491,59707
12/14/1983,5521.6,5585.6,5504.1,5527.4,19761,60059
12/15/1983,5539.0,5567.6,5236.5,5236.5,40949,59907
12/16/1983,5248.1,5265.6,5003.8,5102.7,43613,59252
12/19/1983,5149.2,5213.2,5085.2,5102.7,20696,59208
12/20/1983,5149.2,5230.7,5096.9,5172.5,22442,59374
12/21/1983,5195.8,5213.2,5140.5,5160.9,11809,59546
12/22/1983,5189.9,5341.2,5120.1,5323.8,22033,60355
12/23/1983,5259.8,5300.5,5137.6,5189.9,10652,59481
12/27/1983,5224.9,5288.9,5149.2,5207.4,19056,59811
12/28/1983,5201.6,5253.9,5166.7,5219.0,15448,60246
12/29/1983,5230.7,5341.2,5224.9,5277.2,28187,60230
12/30/1983,5265.6,5352.9,5259.8,5326.7,7448,60333
01/03/1984,5259.8,5265.6,5044.5,5079.4,31411,59883
01/04/1984,4916.5,5038.7,4916.5,5027.0,25774,59344
01/05/1984,4986.3,5079.4,4986.3,5038.7,27574,62203
01/06/1984,5015.4,5021.2,4747.8,4747.8,36441,63252
01/09/1984,4654.7,4701.2,4555.8,4619.8,33074,63639
01/10/1984,4759.4,4788.5,4695.4,4712.8,26621,62877
01/11/1984,4701.2,4753.6,4625.6,4741.9,21867,63109
01/12/1984,4707.0,4846.7,4683.8,4765.2,29086,62477
01/13/1984,4817.6,4875.8,4771.0,4835.0,25682,62183
01/16/1984,4788.5,4794.3,4654.7,4747.8,24280,62327
01/17/1984,4724.5,4759.4,4637.2,4739.0,26871,61074
01/18/1984,4730.3,4771.0,4683.8,4724.5,17761,61417
01/19/1984,4829.2,4928.1,4823.4,4899.0,28681,62532
01/20/1984,4823.4,4858.3,4776.8,4846.7,18360,63221
01/23/1984,4840.8,4893.2,4701.2,4724.5,27071,62182
01/24/1984,4683.8,4747.8,4625.6,4741.9,27891,62244
01/25/1984,4753.6,4771.0,4721.6,4747.8,18139,62004
01/26/1984,4759.4,4782.7,4584.8,4741.9,34324,62209
01/27/1984,4736.1,4936.9,4724.5,4875.8,33018,61935
01/30/1984,4887.4,4904.9,4823.4,4899.0,21239,61755
01/31/1984,4945.6,5056.1,4928.1,5038.7,35348,61741
02/01/1984,5131.8,5166.7,5088.1,5155.0,29974,61990
02/02/1984,5195.8,5259.8,5125.9,5248.1,33584,61252
02/03/1984,5195.8,5248.1,5140.5,5236.5,25296,61617
02/06/1984,5108.5,5160.9,5091.0,5125.9,25151,60238
02/07/1984,5079.4,5166.7,5067.8,5143.4,26510,60939
02/08/1984,5323.8,5382.0,5236.5,5248.1,35927,62374
02/09/1984,5283.0,5283.0,4992.1,5114.3,44190,61691
02/10/1984,5108.5,5149.2,5056.1,5114.3,20424,61598
02/13/1984,5091.0,5114.3,5056.1,5085.2,12268,63543
02/14/1984,5032.9,5376.1,5027.0,5312.1,49985,65243
02/15/1984,5312.1,5428.5,5283.0,5306.3,42959,65406
02/16/1984,5370.3,5370.3,5277.2,5294.7,30128,67502
02/17/1984,5277.2,5352.9,5271.4,5341.2,20667,67804
02/21/1984,5428.5,5440.1,5300.5,5393.6,38996,67226
02/22/1984,5537.7,5675.0,5480.5,5661.2,51511,68746
02/23/1984,5709.3,5715.0,5572.0,5690.4,44175,68032
02/24/1984,5697.8,5697.8,5577.7,5598.9,32407,66771
02/27/1984,5537.7,5777.9,5520.5,5755.1,56595,69203
02/28/1984,5709.3,5743.6,5583.4,5606.3,47000,66055
02/29/1984,5623.5,5652.1,5543.4,5612.0,30671,65220
03/01/1984,5589.2,5640.6,5509.1,5612.0,25787,64325
03/02/1984,5646.4,5766.5,5634.9,5749.3,36821,65460
03/05/1984,5863.7,5903.8,5820.8,5840.9,29496,67478
03/06/1984,5800.8,5840.9,5780.8,5800.8,30133,67141
03/07/1984,5760.8,5772.2,5646.4,5663.5,35056,66665
03/08/1984,5589.2,5800.8,5563.4,5789.4,37226,67615
03/09/1984,5732.2,5823.7,5692.1,5737.9,35747,68619
03/12/1984,5640.6,5669.2,5520.5,5617.8,39461,67804
03/13/1984,5675.0,5717.9,5594.9,5652.1,33236,66557
03/14/1984,5709.3,5720.7,5463.3,5497.6,48559,67001
03/15/1984,5491.9,5543.4,5434.7,5503.3,31146,66884
03/16/1984,5457.6,5526.2,5446.1,5491.9,26760,66755
03/19/1984,5451.9,5572.0,5451.9,5549.1,32638,68458
03/20/1984,5531.9,5577.7,5506.2,5572.0,25737,68968
03/21/1984,5520.5,5594.9,5509.1,5563.4,24083,69736
03/22/1984,5531.9,5531.9,5366.0,5388.9,40534,69801
03/23/1984,5429.0,5434.7,5337.4,5406.1,24680,68556
03/26/1984,5429.0,5503.3,5394.6,5497.6,24611,69281
03/27/1984,5514.8,5543.4,5463.3,5497.6,24660,68614
03/28/1984,5463.3,5669.2,5446.1,5657.8,35917,70993
03/29/1984,5663.5,5692.1,5623.5,5629.2,20032,71318
03/30/1984,5612.0,5675.0,5580.6,5663.5,29893,72208
04/02/1984,5629.2,5634.9,5377.5,5377.5,41061,70853
04/03/1984,5366.0,5417.5,5308.8,5394.6,43868,68548
04/04/1984,5394.6,5429.0,5366.0,5397.5,23161,66711
04/05/1984,5394.6,5394.6,5183.0,5240.2,40195,72446
04/06/1984,5263.1,5294.5,5228.7,5280.8,24248,72320
04/09/1984,5303.1,5348.9,5280.2,5326.0,27086,72442
04/10/1984,5297.4,5383.2,5274.5,5337.4,29929,71323
04/11/1984,5394.6,5406.1,5306.0,5326.0,23897,73646
04/12/1984,5303.1,5314.6,5183.0,5251.6,38468,73885
04/13/1984,5234.5,5326.0,5217.3,5314.6,29824,72651
04/16/1984,5268.8,5286.0,5211.6,5268.8,29872,73733
04/17/1984,5286.0,5308.8,5257.3,5300.3,17659,72553
04/18/1984,5280.2,5549.1,5205.9,5400.4,41435,70155
04/19/1984,5360.3,5386.1,5308.8,5343.2,29464,70872
04/23/1984,5366.8,5451.1,5366.8,5408.9,21424,71613
04/24/1984,5355.6,5389.3,5282.6,5301.2,37275,72180
04/25/1984,5299.5,5344.4,5265.8,5314.6,30741,69979
04/26/1984,5249.0,5263.0,5159.1,5187.2,48819,70333
04/27/1984,5209.7,5229.3,5167.6,5181.6,20100,64683
04/30/1984,5108.6,5125.4,5063.7,5114.2,24154,62998
05/01/1984,5114.2,5176.0,5105.8,5142.3,18459,63212
05/02/1984,5125.4,5204.0,5119.8,5176.0,19998,63395
05/03/1984,5159.1,5243.3,5153.5,5159.1,25467,62195
05/04/1984,5159.1,5176.0,5024.4,5052.5,28709,62767
05/07/1984,5013.2,5018.8,4872.8,4912.1,27957,62684
05/08/1984,4912.1,4973.9,4875.6,4951.4,32399,62638
05/09/1984,4923.3,4985.1,4872.8,4912.1,27387,62641
05/10/1984,4951.4,5018.8,4929.0,5001.9,37344,62630
05/11/1984,5018.8,5018.8,4872.8,4973.9,26306,63957
05/14/1984,5041.2,5041.2,4979.5,5027.2,23566,63799
05/15/1984,4996.3,5080.5,4968.3,5058.1,28508,63766
05/16/1984,5080.5,5170.4,5060.9,5159.1,26258,64879
05/17/1984,5147.9,5209.7,5035.6,5069.3,36229,64525
05/18/1984,5080.5,5192.8,5080.5,5181.6,26844,65743
05/21/1984,5232.1,5260.2,5153.5,5164.7,31637,66159
05/22/1984,5176.0,5201.2,5142.3,5170.4,24757,65603
05/23/1984,5153.5,5187.2,5080.5,5091.8,33270,64606
05/24/1984,5058.1,5226.5,5030.0,5145.1,40857,66054
05/25/1984,5282.6,5310.7,5220.9,5293.9,31833,67220
05/29/1984,5209.7,5254.6,5170.4,5181.6,22380,65039
05/30/1984,5220.9,5240.5,5164.7,5192.8,28603,64733
05/31/1984,5170.4,5288.3,5164.7,5243.3,26671,65337
06/01/1984,5327.5,5400.5,5243.3,5254.6,41396,65475
06/04/1984,5305.1,5327.5,5232.1,5319.1,30191,64422
06/05/1984,5293.9,5338.8,5271.4,5307.9,23469,64411
06/06/1984,5237.7,5265.8,5220.9,5240.5,20946,65749
06/07/1984,5226.5,5246.1,5170.4,5192.8,19897,64865
06/08/1984,5119.8,5161.9,5080.5,5097.4,20733,63233
06/11/1984,5074.9,5097.4,4856.0,4872.8,41924,62631
06/12/1984,4900.9,4926.2,4799.8,4903.7,42735,61993
06/13/1984,4906.5,4929.0,4822.3,4861.6,27961,61320
06/14/1984,4889.7,4912.1,4833.5,4839.1,22231,61999
06/15/1984,4794.2,4827.9,4749.3,4799.8,36981,61261
06/18/1984,4754.9,4856.0,4754.9,4844.8,19311,60927
06/19/1984,4827.9,4881.2,4816.7,4827.9,27439,60385
06/20/1984,4805.5,4819.5,4752.1,4788.6,27613,59717
06/21/1984,4763.4,4872.8,4763.4,4844.8,33320,60714
06/22/1984,4875.0,4902.5,4836.6,4847.6,20054,60896
06/25/1984,4737.6,4754.1,4655.2,4685.4,29025,60473
06/26/1984,4712.9,4715.7,4682.7,4708.5,24762,60300
06/27/1984,4660.7,4743.1,4638.7,4649.7,38545,59299
06/28/1984,4677.2,4723.9,4671.7,4715.7,23507,57340
06/29/1984,4732.1,4732.1,4690.9,4699.2,12672,55908
07/02/1984,4633.2,4657.9,4633.2,4644.2,10429,56844
07/03/1984,4597.5,4600.2,4517.8,4564.5,20086,57589
07/05/1984,4374.9,4443.6,4298.0,4306.2,22833,57654
07/06/1984,4259.5,4325.4,4133.1,4201.8,36660,57758
07/09/1984,4056.1,4281.5,4050.6,4273.2,43054,58743
07/10/1984,4215.5,4281.5,4144.1,4166.0,34826,59281
07/11/1984,4094.6,4133.1,4006.7,4100.1,37564,59761
07/12/1984,4083.6,4138.6,4056.1,4072.6,22722,59409
07/13/1984,4149.6,4243.0,4127.6,4155.1,24193,58609
07/16/1984,4221.0,4232.0,4163.3,4177.0,20372,58251
07/17/1984,4149.6,4160.6,4111.1,4116.6,14301,58469
07/18/1984,4127.6,4243.0,4094.6,4232.0,24022,59561
07/19/1984,4232.0,4265.0,4138.6,4149.6,28662,60187
07/20/1984,4122.1,4138.6,4034.1,4078.1,27895,60821
07/23/1984,3973.7,4001.2,3940.7,3984.7,21037,60855
07/24/1984,4023.1,4028.6,3957.2,3962.7,20193,61876
07/25/1984,4028.6,4056.1,3984.7,4023.1,22860,61644
07/26/1984,4017.7,4034.1,3852.8,3855.5,35827,65012
07/27/1984,3891.2,3929.7,3764.8,3918.7,34225,65866
07/30/1984,3858.3,3962.7,3841.8,3940.7,21743,65242
07/31/1984,3968.2,3987.4,3858.3,3894.0,29882,65254
08/01/1984,3852.8,4155.1,3841.8,4122.1,26562,64290
08/02/1984,4089.1,4259.5,4083.6,4133.1,40428,64168
08/03/1984,4232.0,4287.0,4166.0,4265.0,29893,64363
08/06/1984,4254.0,4276.0,4166.0,4196.3,23018,64542
08/07/1984,4072.6,4163.3,4067.1,4152.3,27089,64723
08/08/1984,4177.0,4215.5,4135.8,4163.3,22111,65463
08/09/1984,4171.5,4352.9,4149.6,4336.4,23131,65411
08/10/1984,4336.4,4385.9,4210.0,4221.0,32591,65847
08/13/1984,4193.5,4374.9,4182.5,4347.4,25958,65841
08/14/1984,4380.4,4484.8,4347.4,4429.9,38841,65280
08/15/1984,4407.9,4462.8,4336.4,4413.4,29344,64505
08/16/1984,4358.4,4421.6,4330.9,4341.9,23221,63478
08/17/1984,4336.4,4391.4,4311.7,4319.9,18345,63014
08/20/1984,4276.0,4303.4,4105.6,4116.6,29248,62408
08/21/1984,4133.1,4155.1,4056.1,4097.3,24913,62248
08/22/1984,4122.6,4274.9,4109.2,4237.5,26032,61816
08/23/1984,4226.8,4307.0,4152.0,4190.5,33225,61892
08/24/1984,4200.1,4264.2,4162.7,4243.9,17785,63112
08/27/1984,4221.5,4221.5,4141.3,4194.7,22721,62332
08/28/1984,4194.7,4248.2,4154.7,4184.1,27873,63254
08/29/1984,4216.1,4226.8,4178.7,4184.1,25673,63901
08/30/1984,4130.6,4149.3,4077.2,4109.2,23334,60661
08/31/1984,4093.2,4109.2,4087.9,4093.2,7926,59947
09/04/1984,3954.3,3970.3,3895.5,3911.5,26889,61269
09/05/1984,3922.2,3965.0,3900.8,3943.6,3624,61577
09/06/1984,3938.3,4029.1,3938.3,4002.4,17210,60732
09/07/1984,3927.6,3951.6,3863.4,3890.2,23544,63320
09/10/1984,3900.8,3975.7,3890.2,3954.3,19562,62966
09/11/1984,3970.3,4002.4,3911.5,3935.6,25956,63819
09/12/1984,3948.9,3962.3,3916.9,3932.9,11401,62788
09/13/1984,3906.2,3919.6,3847.4,3890.2,24355,63572
09/14/1984,3938.3,4013.1,3922.2,3932.9,25539,64131
09/17/1984,3874.1,3874.1,3807.3,3839.4,24058,64011
09/18/1984,3826.0,3911.5,3812.7,3879.5,26673,64708
09/19/1984,3874.1,3911.5,3863.4,3890.2,14989,63588
09/20/1984,3863.4,4007.7,3855.4,3959.6,24771,63918
09/21/1984,3954.3,4178.7,3943.6,4168.0,40767,64782
09/24/1984,4178.7,4221.5,4125.3,4152.0,26356,64860
09/25/1984,4114.6,4178.7,4106.6,4152.0,18283,64812
09/26/1984,4168.0,4205.4,4034.4,4055.8,30952,64846
09/27/1984,4071.8,4119.9,4039.8,4082.5,16030,64206
09/28/1984,4050.5,4098.6,4029.1,4071.8,15047,64716
10/01/1984,4093.2,4130.6,4069.2,4098.6,12282,63953
10/02/1984,4103.9,4154.7,4093.2,4138.6,13696,63608
10/03/1984,4157.3,4202.8,4093.2,4119.9,24734,64198
10/04/1984,4125.3,4146.7,4111.9,4133.3,10616,63569
10/05/1984,4093.2,4101.2,3948.9,3954.3,27301,63943
10/08/1984,3970.3,3977.8,3935.6,3962.3,10332,63164
10/09/1984,3922.2,3935.6,3836.7,3866.1,26973,64613
10/10/1984,3879.5,3900.8,3842.1,3884.8,18242,65317
10/11/1984,3860.8,3906.2,3836.7,3847.4,19698,66560
10/12/1984,3900.8,3986.3,3879.5,3973.0,26925,65123
10/15/1984,3922.2,4002.4,3882.1,3959.6,21117,65197
10/16/1984,3951.6,3967.6,3903.5,3922.2,16301,65107
10/17/1984,3957.0,3970.3,3858.1,3863.4,20629,66116
10/18/1984,3863.4,3954.3,3804.7,3948.9,35287,66473
10/19/1984,3932.9,3986.3,3890.2,3900.8,22765,67569
10/22/1984,3890.2,3932.9,3882.1,3900.8,12205,67475
10/23/1984,3954.3,3981.0,3935.6,3967.6,19622,68295
10/24/1984,3978.3,3986.3,3932.9,3946.3,11870,68026
10/25/1984,3938.3,4087.9,3900.8,3927.6,32636,68291
10/26/1984,3927.6,3951.6,3911.5,3935.6,14632,67393
10/29/1984,3890.2,3898.2,3858.1,3863.4,13480,68018
10/30/1984,3874.1,3906.2,3860.8,3863.4,13690,69348
10/31/1984,3868.8,3895.5,3836.7,3890.2,21945,71880
11/01/1984,3884.8,3978.3,3876.8,3967.6,23736,72915
11/02/1984,4013.1,4071.8,4013.1,4045.1,29176,74123
11/05/1984,4061.2,4136.0,4039.8,4130.6,28497,75248
11/06/1984,4098.6,4111.9,4061.2,4071.8,16679,76166
11/07/1984,4184.1,4197.4,4066.5,4194.7,41789,77801
11/08/1984,4130.6,4157.3,4114.6,4154.7,18023,77902
11/09/1984,4119.9,4173.4,4093.2,4109.2,20102,78214
11/12/1984,4130.6,4157.3,4109.2,4146.7,10168,78681
11/13/1984,4194.7,4221.5,4082.5,4093.2,36180,80521
11/14/1984,4093.2,4125.3,4071.8,4111.9,20238,80886
11/15/1984,4066.5,4101.2,4050.5,4074.5,19675,80501
11/16/1984,4085.2,4103.9,4066.5,4069.2,12576,80523
11/19/1984,4039.8,4061.2,4015.7,4031.8,17360,80895
11/20/1984,4023.8,4045.1,3997.0,4037.1,19995,80445
11/21/1984,4007.7,4077.2,3986.3,4058.5,22840,79918
11/23/1984,4045.4,4055.9,4024.5,4034.4,11185,80378
11/26/1984,4001.0,4017.2,3922.7,3933.1,29496,80870
11/27/1984,3943.6,3954.0,3776.4,3804.6,57146,81573
11/28/1984,3792.1,3839.1,3719.0,3783.2,53010,79856
11/29/1984,3786.9,3823.4,3786.9,3799.9,19468,77330
11/30/1984,3766.0,3797.3,3724.2,3747.7,25494,77051
12/03/1984,3734.6,3797.3,3734.6,3789.5,16899,76239
12/04/1984,3797.3,3826.0,3760.7,3771.2,19342,76237
12/05/1984,3776.4,3789.5,3752.9,3771.2,14289,75770
12/06/1984,3789.5,3792.1,3719.0,3755.5,21913,76285
12/07/1984,3724.2,3729.4,3661.5,3671.9,21752,77239
12/10/1984,3645.8,3682.4,3609.3,3614.5,19685,77180
12/11/1984,3635.4,3651.1,3588.4,3596.2,20642,77401
12/12/1984,3598.8,3664.1,3585.8,3632.8,22322,76785
12/13/1984,3619.7,3627.5,3583.1,3588.4,15427,78168
12/14/1984,3557.0,3619.7,3554.4,3567.5,21957,78632
12/17/1984,3494.4,3494.4,3400.3,3410.8,27904,79082
12/18/1984,3369.0,3421.2,3337.7,3342.9,31861,79398
12/19/1984,3353.3,3392.5,3327.2,3340.3,20440,79751
12/20/1984,3316.8,3384.7,3311.5,3350.7,23035,79850
12/21/1984,3395.1,3447.3,3389.9,3423.8,17654,81345
12/26/1984,3431.7,3483.9,3431.7,3481.3,8055,80134
12/27/1984,3379.4,3402.9,3342.9,3363.8,19595,80539
12/28/1984,3389.9,3389.9,3366.4,3379.4,12084,81009
12/31/1984,3348.1,3355.9,3327.2,3332.4,7413,80299
01/02/1985,3285.4,3285.4,3228.0,3230.6,17960,81454
01/03/1985,3201.9,3238.4,3199.2,3209.7,19356,80982
01/04/1985,3222.7,3235.8,3092.2,3100.0,24569,81115
01/07/1985,3092.2,3207.1,3058.2,3196.6,37695,80986
01/08/1985,3207.1,3212.3,3092.2,3100.0,27552,81887
01/09/1985,3105.2,3259.3,3094.8,3248.9,35155,81827
01/10/1985,3207.1,3259.3,3194.0,3212.3,22380,81308
01/11/1985,3228.0,3259.3,3144.4,3149.6,20808,81534
01/14/1985,3165.3,3207.1,3102.6,3173.1,27933,81668
01/15/1985,3175.7,3196.6,3144.4,3173.1,16403,81959
01/16/1985,3186.2,3228.0,3175.7,3220.1,19357,82222
01/17/1985,3254.1,3327.2,3243.6,3314.2,20780,81670
01/18/1985,3301.1,3337.7,3275.0,3306.3,24429,81928
01/21/1985,3301.1,3319.4,3280.2,3308.9,8116,81785
01/22/1985,3301.1,3311.5,3201.9,3214.9,25771,82481
01/23/1985,3175.7,3186.2,3115.7,3152.2,23898,82287
01/24/1985,3152.2,3196.6,3144.4,3157.5,21338,82932
01/25/1985,3149.6,3160.1,3123.5,3154.8,15630,82997
01/28/1985,3123.5,3322.0,3118.3,3311.5,38370,84686
01/29/1985,3280.2,3329.8,3201.9,3235.8,28686,83959
01/30/1985,3243.6,3327.2,3235.8,3303.7,24318,83907
01/31/1985,3369.0,3405.6,3306.3,3337.7,31085,84350
02/01/1985,3301.1,3308.9,3259.3,3269.8,26047,84281
02/04/1985,3217.5,3259.3,3207.1,3235.8,19353,84548
02/05/1985,3228.0,3259.3,3225.4,3246.2,14092,83565
02/06/1985,3259.3,3275.0,3233.2,3256.7,12819,83261
02/07/1985,3230.6,3243.6,3183.6,3217.5,20823,84398
02/08/1985,3217.5,3228.0,3175.7,3214.9,20196,84504
02/11/1985,3196.6,3311.5,3181.0,3295.9,28290,84767
02/12/1985,3285.4,3285.4,3241.0,3254.1,22626,84382
02/13/1985,3264.5,3327.2,3264.5,3285.4,24261,84841
02/14/1985,3322.0,3332.4,3248.9,3267.1,19492,84378
02/15/1985,3306.3,3322.0,3269.8,3293.3,19396,83468
02/19/1985,3261.9,3290.6,3217.5,3288.0,26866,84786
02/20/1985,3264.5,3277.6,3248.9,3269.8,12869,83654
02/21/1985,3222.7,3228.0,3160.1,3170.5,34144,85222
02/22/1985,3141.1,3177.1,3071.6,3092.2,34998,85812
02/25/1985,2950.6,2971.2,2873.3,2893.9,48932,84748
02/26/1985,2919.7,2981.5,2914.5,2966.5,41017,82194
02/27/1985,3012.3,3027.8,2945.4,2950.6,34990,80461
02/28/1985,2981.5,2986.6,2924.8,2935.1,25471,76658
03/01/1985,2924.8,2996.9,2917.1,2981.5,27853,76056
03/04/1985,2960.9,3012.3,2940.3,3009.8,20809,74137
03/05/1985,2950.6,2976.3,2924.8,2955.7,15928,72647
03/06/1985,2940.3,3027.8,2927.4,2986.6,23122,73084
03/07/1985,2966.0,2978.9,2942.8,2976.3,10100,72643
03/08/1985,2976.3,3002.1,2899.1,2914.5,18995,72784
03/11/1985,2945.4,2958.3,2847.6,2875.9,28569,75208
03/12/1985,2855.3,2924.8,2852.7,2917.1,22741,74246
03/13/1985,2904.2,3027.8,2878.5,2958.3,43241,75138
03/14/1985,2940.3,2981.5,2932.5,2955.7,15236,74239
03/15/1985,2945.4,2989.2,2940.3,2960.9,18436,74488
03/18/1985,2986.6,3110.2,2986.6,3102.5,31996,76087
03/19/1985,3182.3,3359.9,3172.0,3359.9,47712,78343
03/20/1985,3527.3,3553.0,3228.6,3251.8,43017,76965
03/21/1985,3213.2,3352.2,3202.9,3277.5,28800,77007
03/22/1985,3275.0,3316.2,3244.1,3282.7,20563,75305
03/25/1985,3254.4,3287.8,3244.1,3267.2,14536,74841
03/26/1985,3280.1,3367.7,3280.1,3354.8,22511,74905
03/27/1985,3460.3,3496.4,3406.3,3424.3,27499,76044
03/28/1985,3403.7,3447.5,3375.4,3408.8,17829,75108
03/29/1985,3460.3,3491.2,3432.0,3462.9,18917,75334
04/01/1985,3398.5,3408.8,3321.3,3331.6,18111,74298
04/02/1985,3311.0,3403.7,3311.0,3398.5,17268,73414
04/03/1985,3378.0,3390.8,3305.9,3331.6,16654,73262
04/04/1985,3329.0,3416.6,3290.4,3393.4,20255,75178
04/08/1985,3367.7,3478.4,3331.6,3468.1,21737,76719
04/09/1985,3439.7,3493.8,3398.5,3424.3,29486,76956
04/10/1985,3450.0,3488.7,3403.7,3414.0,25564,76916
04/11/1985,3501.5,3517.0,3434.6,3452.6,23580,78039
04/12/1985,3439.7,3470.6,3424.3,3429.4,16091,76881
04/15/1985,3480.9,3493.8,3383.1,3396.0,23036,77844
04/16/1985,3414.0,3419.1,3316.2,3352.2,24968,77230
04/17/1985,3352.2,3383.1,3323.9,3334.2,17164,75556
04/18/1985,3378.0,3398.5,3285.3,3316.2,28717,75801
04/19/1985,3305.9,3336.8,3303.3,3329.0,13526,75752
04/22/1985,3318.3,3341.2,3277.7,3287.8,15318,76597
04/23/1985,3292.9,3292.9,3176.0,3190.8,31026,76415
04/24/1985,3181.1,3211.6,3155.7,3190.8,20388,75593
04/25/1985,3188.7,3244.6,3186.2,3237.0,19496,74604
04/26/1985,3242.1,3257.3,3201.4,3248.7,17352,74380
04/29/1985,3247.2,3282.8,3219.2,3272.6,24797,73990
04/30/1985,3257.3,3262.4,3160.8,3171.0,24017,70465
05/01/1985,3150.6,3201.4,3130.3,3173.5,17828,69996
05/02/1985,3150.6,3226.9,3145.6,3211.6,16660,70594
05/03/1985,3181.1,3221.8,3155.7,3168.4,14118,70720
05/06/1985,3130.3,3191.3,3125.2,3145.6,15623,71452
05/07/1985,3191.3,3257.3,3173.5,3249.7,24550,72713
05/08/1985,3221.8,3251.2,3209.1,3229.4,12714,72729
05/09/1985,3272.6,3292.9,3237.0,3247.2,19134,73542
05/10/1985,3252.3,3272.6,3231.9,3259.9,12168,73294
05/13/1985,3267.5,3394.6,3252.3,3389.5,32881,74076
05/14/1985,3348.8,3445.4,3348.8,3374.2,28390,74574
05/15/1985,3348.8,3392.0,3336.1,3359.0,19806,75824
05/16/1985,3333.6,3353.9,3308.2,3320.9,13983,75478
05/17/1985,3333.6,3353.9,3308.2,3328.5,11525,75405
05/20/1985,3369.1,3379.3,3115.1,3122.7,38547,76712
05/21/1985,3160.8,3193.8,3125.2,3183.7,25763,76265
05/22/1985,3191.3,3196.4,3145.6,3150.6,11752,76008
05/23/1985,3160.8,3165.9,3122.7,3140.5,15878,76006
05/24/1985,3140.5,3158.3,3115.1,3150.6,10929,76343
05/28/1985,3125.2,3140.5,3043.9,3061.7,22539,77418
05/29/1985,3079.5,3186.2,3066.8,3160.8,27603,77158
05/30/1985,3145.6,3163.3,3112.5,3135.4,13962,76732
05/31/1985,3135.4,3201.4,3127.8,3145.6,18053,76457
06/03/1985,3171.0,3193.8,3028.7,3145.6,24379,77137
06/04/1985,3125.2,3140.5,3104.9,3117.6,11891,76814
06/05/1985,3104.9,3140.5,3099.8,3120.1,15760,77861
06/06/1985,3125.2,3160.8,3110.0,3153.2,14574,78050
06/07/1985,3125.2,3176.0,3110.0,3130.3,14441,77688
06/10/1985,3102.4,3145.6,3094.7,3137.9,14239,77224
06/11/1985,3140.5,3171.0,3135.4,3138.9,10973,77999
06/12/1985,3145.6,3191.3,3143.0,3153.2,13022,78137
06/13/1985,3140.5,3155.7,3125.2,3145.6,9013,77563
06/14/1985,3186.2,3211.6,3155.7,3186.2,22604,78794
06/17/1985,3176.0,3221.8,3176.0,3178.6,12313,77472
06/18/1985,3221.8,3323.4,3216.7,3303.1,29508,78905
06/19/1985,3277.7,3298.0,3206.5,3214.2,28951,77755
06/20/1985,3191.3,3201.4,3099.8,3110.0,31216,76077
06/21/1985,3110.0,3135.4,3087.1,3117.6,19387,75294
06/24/1985,3111.7,3141.7,3104.1,3122.7,17296,75099
06/25/1985,3104.1,3144.2,3089.1,3129.2,20498,74018
06/26/1985,3139.2,3149.3,3104.1,3121.7,22014,74833
06/27/1985,3124.2,3154.3,3099.1,3119.2,28684,76488
06/28/1985,3121.7,3139.2,3099.1,3104.1,14277,71926
07/01/1985,3099.1,3099.1,3008.8,3011.4,25262,73462
07/02/1985,3011.4,3023.9,2948.7,2996.3,25747,73427
07/03/1985,2998.8,3013.9,2991.3,3006.3,8286,72360
07/08/1985,3013.9,3079.1,2976.3,3054.0,19651,72164
07/09/1985,3079.1,3099.1,3023.9,3059.0,15455,71643
07/10/1985,3071.5,3086.6,3064.5,3079.1,10574,72429
07/11/1985,3038.9,3096.6,3021.4,3041.4,15495,71285
07/12/1985,3066.5,3096.6,3051.5,3089.1,12565,71124
07/15/1985,3071.5,3126.7,3046.5,3101.6,17468,70146
07/16/1985,3086.6,3164.3,3086.6,3136.7,20840,71498
07/17/1985,3184.4,3199.4,3136.7,3156.8,23781,70832
07/18/1985,3161.8,3164.3,3089.1,3096.6,19381,69247
07/19/1985,3099.1,3123.7,3079.1,3096.6,13994,70727
07/22/1985,3089.1,3116.7,3069.0,3109.1,11934,70447
07/23/1985,3124.2,3139.2,3079.1,3084.1,15377,70439
07/24/1985,3069.0,3084.1,3054.0,3071.5,15197,70703
07/25/1985,3094.1,3096.6,3059.0,3079.1,10954,70823
07/26/1985,3064.0,3179.4,3059.0,3166.8,20083,71941
07/29/1985,3166.8,3249.6,3129.2,3164.3,34960,73521
07/30/1985,3179.4,3194.4,3144.2,3166.8,18549,72280
07/31/1985,3209.4,3217.0,3149.3,3174.3,22103,72933
08/01/1985,3146.8,3154.3,3104.1,3119.2,19368,72533
08/02/1985,3114.2,3144.2,3104.1,3126.7,10375,72975
08/05/1985,3129.2,3146.8,3089.1,3109.1,16780,72489
08/06/1985,3084.1,3099.1,3064.0,3091.6,13615,72409
08/07/1985,3099.1,3106.6,3089.1,3099.1,6737,71760
08/08/1985,3104.1,3109.1,3084.1,3096.6,6582,71777
08/09/1985,3094.1,3174.3,3086.6,3169.3,17346,72308
08/12/1985,3159.3,3199.4,3154.3,3176.8,15968,72387
08/13/1985,3199.4,3204.4,3149.3,3176.8,17615,72228
08/14/1985,3151.8,3196.4,3146.8,3169.3,12279,72401
08/15/1985,3204.4,3219.5,3156.8,3176.8,24168,74230
08/16/1985,3189.4,3259.6,3186.9,3222.0,29746,74537
08/19/1985,3244.5,3244.5,3154.3,3171.8,23825,75188
08/20/1985,3139.2,3166.8,3121.7,3149.3,20134,75560
08/21/1985,3139.2,3191.9,3134.2,3171.8,17761,74070
08/22/1985,3180.3,3180.3,3096.7,3126.7,20903,74015
08/23/1985,3131.1,3143.4,3116.4,3132.1,12673,72504
08/26/1985,3121.3,3195.0,3113.9,3171.9,21608,73485
08/27/1985,3170.4,3195.0,3155.7,3182.7,18368,73993
08/28/1985,3199.9,3214.7,3168.0,3173.4,20378,74458
08/29/1985,3158.2,3163.1,3111.5,3121.3,23129,74020
08/30/1985,3121.3,3148.3,3109.0,3131.1,16488,70281
09/03/1985,3086.9,3096.7,3008.2,3013.1,22248,69873
09/04/1985,3047.6,3052.5,3018.1,3032.8,15747,70116
09/05/1985,3037.7,3042.6,2998.4,3032.8,13084,70174
09/06/1985,2998.4,3072.1,2993.5,3067.2,15507,69209
09/09/1985,3042.6,3064.8,2998.4,3005.8,12753,69077
09/10/1985,3023.0,3042.6,3010.7,3027.9,10697,68594
09/11/1985,3023.0,3037.7,3013.1,3027.9,9364,69330
09/12/1985,3000.9,3042.6,2981.2,3013.1,13911,68770
09/13/1985,3018.1,3042.6,3003.3,3008.2,9430,68333
09/16/1985,3003.3,3027.9,2998.4,3010.7,4878,68672
09/17/1985,3005.8,3013.1,2959.1,2961.5,14550,70353
09/18/1985,2949.2,2971.4,2929.6,2956.6,16784,70588
09/19/1985,2968.9,3020.5,2959.1,3000.9,19220,72971
09/20/1985,3013.1,3015.6,2978.7,2993.5,13998,74379
09/23/1985,3091.8,3106.5,3059.8,3079.5,24286,73663
09/24/1985,3079.5,3082.0,3062.3,3079.5,10613,72432
09/25/1985,3067.2,3084.4,3064.8,3069.7,6445,72190
09/26/1985,3052.5,3059.8,3018.1,3023.0,18814,72560
09/27/1985,3023.0,3037.7,3018.1,3032.8,1930,72952
09/30/1985,3008.2,3023.0,2981.2,2995.9,13274,73841
10/01/1985,2988.6,3020.5,2986.1,3010.7,13523,76108
10/02/1985,3000.9,3030.4,2998.4,3013.1,8080,76457
10/03/1985,3091.8,3195.0,3057.4,3177.8,50929,80015
10/04/1985,3160.6,3209.8,3123.7,3145.9,29698,81074
10/07/1985,3128.7,3153.2,3123.7,3148.3,12530,82118
10/08/1985,3131.1,3145.9,3121.3,3123.7,11547,82633
10/09/1985,3131.1,3143.4,3091.8,3094.3,13162,81934
10/10/1985,3091.8,3109.0,3079.5,3084.4,9310,81408
10/11/1985,3094.3,3116.4,3084.4,3111.5,7322,82032
10/14/1985,3106.1,3116.4,3097.2,3113.9,3378,82178
10/15/1985,3113.9,3116.4,3096.7,3099.2,4433,82118
10/16/1985,3082.0,3089.3,3023.0,3025.4,20302,80864
10/17/1985,3057.4,3067.2,3037.7,3048.5,12818,80566
10/18/1985,3062.3,3064.8,3040.2,3062.3,6428,80832
10/21/1985,3057.4,3064.8,3032.8,3050.0,8639,82432
10/22/1985,3047.6,3091.8,3042.6,3078.5,19415,83182
10/23/1985,3077.0,3082.0,3054.9,3059.8,8193,83111
10/24/1985,3047.6,3084.4,3047.6,3067.2,9809,82688
10/25/1985,3062.3,3072.1,3027.9,3067.2,12908,83113
10/28/1985,3062.3,3067.2,3054.9,3058.9,4252,82994
10/29/1985,3067.2,3082.0,3050.0,3072.1,10883,83110
10/30/1985,3057.4,3066.7,3030.4,3034.3,13606,83763
10/31/1985,3047.6,3047.6,3005.8,3010.7,18899,85481
11/01/1985,3003.3,3054.9,2993.5,3030.4,19576,86581
11/04/1985,3013.1,3025.9,3008.2,3010.7,6623,87450
11/05/1985,3005.3,3018.1,3000.9,3010.7,8590,86201
11/06/1985,3008.2,3018.1,3003.3,3008.2,5532,86652
11/07/1985,2988.6,3005.3,2971.4,2976.3,20018,86371
11/08/1985,2978.7,3018.1,2968.9,3013.1,18848,85901
11/11/1985,2998.4,3008.2,2995.9,3000.9,6465,85506
11/12/1985,3000.9,3037.7,2995.9,3032.8,14428,86650
11/13/1985,3027.9,3064.8,3025.4,3045.1,21286,87152
11/14/1985,3042.6,3054.9,3015.6,3020.5,15251,87368
11/15/1985,3023.0,3040.2,2994.5,2998.4,11646,88180
11/18/1985,3000.9,3013.1,2993.5,3000.9,9373,88153
11/19/1985,3013.1,3023.0,2995.9,3003.3,13193,88895
11/20/1985,3032.8,3052.5,3025.9,3040.2,16363,87763
11/21/1985,3045.1,3047.6,3027.9,3041.7,11211,87474
11/22/1985,3037.7,3076.2,3032.9,3059.8,28872,88280
11/25/1985,3081.0,3105.1,3071.4,3088.7,30207,90791
11/26/1985,3083.4,3085.8,3057.0,3070.4,21963,91178
11/27/1985,3057.0,3064.2,2989.6,2994.4,23083,92391
11/29/1985,3013.6,3018.4,2987.2,2989.6,15062,85366
12/02/1985,2994.4,3013.6,2958.3,2999.2,25511,85264
12/03/1985,2987.2,2999.2,2975.1,2977.5,10028,85949
12/04/1985,2994.4,3004.0,2967.9,2970.3,16729,86614
12/05/1985,2979.9,2987.2,2963.1,2977.5,13797,85177
12/06/1985,2970.3,2981.9,2958.3,2960.7,11144,85857
12/09/1985,2927.0,2931.8,2850.0,2857.2,38679,88501
12/10/1985,2854.8,2871.6,2818.7,2845.1,29971,87922
12/11/1985,2801.8,2850.0,2782.6,2825.9,26924,87480
12/12/1985,2840.3,2871.6,2830.7,2864.4,19726,84740
12/13/1985,2878.8,2886.1,2862.0,2878.8,13215,85390
12/16/1985,2869.2,2905.3,2857.2,2893.3,12143,85849
12/17/1985,2895.7,2898.1,2825.9,2828.3,19141,87159
12/18/1985,2806.6,2869.2,2787.4,2862.0,27036,86909
12/19/1985,2850.0,2905.3,2850.0,2859.6,20486,86859
12/20/1985,2859.6,2888.5,2847.5,2864.4,12419,85642
12/23/1985,2878.8,2900.5,2809.0,2816.3,14991,86830
12/24/1985,2821.1,2835.5,2811.4,2833.1,6732,86374
12/26/1985,2821.1,2833.1,2813.8,2818.7,3494,85907
12/27/1985,2828.3,2893.3,2825.9,2864.4,14671,85299
12/30/1985,2869.2,2874.0,2840.3,2854.8,6630,85265
12/31/1985,2845.1,2854.8,2837.9,2842.7,6520,86135
01/02/1986,2830.7,2850.0,2753.7,2806.6,23122,86690
01/03/1986,2804.2,2847.5,2801.8,2837.9,15148,86450
01/06/1986,2842.7,2847.5,2821.1,2845.1,7166,85725
01/07/1986,2864.4,2883.2,2852.4,2876.4,14499,85203
01/08/1986,2881.2,2902.9,2840.3,2878.8,17979,86357
01/09/1986,2886.1,3057.0,2859.6,2982.3,53626,83782
01/10/1986,2984.7,2996.8,2934.2,2960.7,24922,82655
01/13/1986,2946.2,2960.7,2917.3,2922.2,12420,82178
01/14/1986,2931.8,2939.0,2910.1,2924.6,13616,81447
01/15/1986,2970.3,2999.2,2960.7,2989.6,19248,82717
01/16/1986,3085.8,3090.7,2975.1,2989.6,34257,82048
01/17/1986,2989.6,3016.0,2955.9,2999.2,15465,81053
01/20/1986,2941.4,3016.0,2939.0,2999.2,19005,80840
01/21/1986,3023.3,3028.1,2972.7,3004.0,19452,80920
01/22/1986,2999.2,3018.4,2975.1,2982.3,14415,81085
01/23/1986,2975.1,3004.0,2972.7,2992.0,8486,81052
01/24/1986,3008.8,3052.1,2996.8,3049.7,13218,82388
01/27/1986,3042.5,3044.9,2987.2,2992.0,16730,82335
01/28/1986,2994.4,3008.8,2977.5,2982.3,11690,82364
01/29/1986,2989.6,2999.2,2977.5,2996.8,9915,82560
01/30/1986,2999.2,3016.0,2951.0,2955.9,13082,82229
01/31/1986,2951.0,2965.5,2922.2,2924.6,16430,81868
02/03/1986,2922.2,2934.2,2854.8,2859.6,19548,82242
02/04/1986,2801.8,2847.5,2794.6,2828.3,25144,81616
02/05/1986,2835.5,2859.6,2830.7,2854.8,10679,81455
02/06/1986,2850.0,2859.6,2811.4,2830.7,11430,82519
02/07/1986,2850.0,2871.6,2830.7,2862.0,8689,82379
02/10/1986,2866.8,2869.2,2840.3,2852.4,8958,82416
02/11/1986,2830.7,2878.8,2821.1,2871.6,15711,81429
02/12/1986,2854.8,2869.2,2843.2,2859.6,8836,81113
02/13/1986,2833.1,2852.4,2828.3,2835.5,9690,81259
02/14/1986,2801.8,2864.4,2801.8,2854.8,15720,81999
02/18/1986,2854.8,2866.8,2816.3,2840.3,17071,82128
02/19/1986,2886.1,2900.5,2828.3,2847.5,25843,81302
02/20/1986,2847.5,2847.5,2823.5,2835.5,12178,80386
02/21/1986,2830.7,2850.0,2821.1,2842.7,12021,81027
02/24/1986,2853.7,2894.1,2827.5,2881.2,24423,79264
02/25/1986,2913.1,2927.3,2827.5,2839.4,31926,79425
02/26/1986,2827.5,2846.6,2689.7,2709.2,49311,84998
02/27/1986,2723.0,2746.8,2701.6,2707.3,44263,84871
02/28/1986,2727.7,2732.5,2694.5,2711.1,16561,79004
03/03/1986,2713.5,2720.6,2628.0,2694.5,22487,79538
03/04/1986,2685.0,2715.9,2656.5,2711.1,14219,78383
03/05/1986,2713.5,2727.7,2666.0,2687.4,17602,78317
03/06/1986,2685.0,2708.3,2675.5,2692.1,10365,77398
03/07/1986,2694.5,2708.7,2675.5,2694.5,5574,77225
03/10/1986,2666.0,2704.0,2666.0,2689.7,9094,77268
03/11/1986,2695.0,2727.7,2685.0,2725.4,8940,76415
03/12/1986,2727.7,2801.4,2718.2,2794.3,24672,74372
03/13/1986,2775.3,2787.1,2727.7,2732.5,12874,74669
03/14/1986,2737.3,2746.8,2713.5,2723.0,8394,74061
03/17/1986,2727.7,2791.9,2725.4,2768.1,13835,73474
03/18/1986,2765.8,2780.0,2723.0,2737.3,13737,73120
03/19/1986,2732.5,2756.3,2711.1,2742.0,10048,73423
03/20/1986,2749.1,2775.3,2737.3,2763.4,8810,72967
03/21/1986,2761.0,2784.8,2744.4,2756.3,11305,74270
03/24/1986,2727.7,2744.4,2701.6,2720.6,13538,74543
03/25/1986,2742.0,2746.8,2651.7,2663.6,22087,76715
03/26/1986,2670.7,2687.4,2658.8,2680.2,10147,75910
03/27/1986,2675.5,2687.4,2642.2,2644.6,9386,77070
03/31/1986,2623.2,2623.2,2442.6,2454.5,30120,78286
04/01/1986,2433.1,2494.9,2371.3,2407.0,27290,78768
04/02/1986,2437.9,2477.8,2428.4,2459.2,14239,78035
04/03/1986,2442.6,2461.6,2435.5,2449.7,11209,78743
04/04/1986,2435.5,2487.8,2435.5,2483.0,14478,78517
04/07/1986,2494.9,2551.9,2494.9,2549.5,25259,78888
04/08/1986,2532.9,2575.7,2478.3,2566.2,23666,80017
04/09/1986,2537.7,2573.3,2521.0,2559.0,19696,80706
04/10/1986,2542.4,2585.2,2530.5,2570.9,21164,80113
04/11/1986,2599.4,2651.7,2573.3,2642.2,26423,80474
04/14/1986,2599.4,2599.4,2528.2,2575.7,16717,79482
04/15/1986,2580.4,2589.9,2549.5,2575.7,18333,79540
04/16/1986,2542.4,2594.7,2528.2,2589.9,17974,79961
04/17/1986,2585.2,2592.3,2461.6,2513.9,23564,81850
04/18/1986,2494.9,2511.5,2428.4,2440.2,31749,80062
04/21/1986,2442.6,2468.8,2395.1,2397.5,22096,79460
04/22/1986,2432.8,2465.7,2411.7,2449.7,21033,80267
04/23/1986,2456.3,2468.1,2435.2,2457.3,13147,79757
04/24/1986,2435.2,2442.2,2414.1,2426.7,11395,79722
04/25/1986,2418.7,2456.3,2414.1,2419.7,9792,79486
04/28/1986,2416.4,2425.8,2376.5,2388.7,17851,80531
04/29/1986,2381.2,2461.0,2378.8,2407.0,35898,82372
04/30/1986,2423.4,2444.6,2416.4,2437.5,14480,73841
05/01/1986,2432.8,2458.7,2402.3,2423.4,9653,73018
05/02/1986,2432.8,2489.2,2425.8,2479.8,12801,72437
05/05/1986,2475.1,2477.5,2442.2,2451.6,19472,72363
05/06/1986,2435.2,2468.1,2430.5,2463.4,9120,72622
05/07/1986,2458.7,2508.0,2451.6,2461.0,15406,72894
05/08/1986,2475.1,2500.9,2461.0,2475.1,14191,74883
05/09/1986,2479.8,2500.9,2468.1,2472.8,15260,73623
05/12/1986,2479.8,2491.5,2432.8,2444.6,11769,73609
05/13/1986,2444.6,2449.3,2390.6,2411.7,14736,73148
05/14/1986,2414.1,2430.5,2381.2,2385.9,10484,73527
05/15/1986,2385.9,2407.0,2378.8,2400.0,11566,73870
05/16/1986,2402.3,2413.6,2392.9,2400.0,8223,76228
05/19/1986,2385.9,2390.6,2294.3,2299.0,22765,78796
05/20/1986,2289.6,2350.6,2287.2,2341.3,16198,78313
05/21/1986,2334.2,2346.0,2324.8,2336.6,8537,78081
05/22/1986,2338.9,2395.3,2334.2,2383.5,12889,77640
05/23/1986,2371.8,2465.7,2367.1,2432.8,22978,75059
05/27/1986,2414.1,2451.6,2400.0,2428.1,10601,74652
05/28/1986,2432.8,2437.5,2404.7,2407.0,8156,74626
05/29/1986,2407.0,2463.4,2407.0,2458.7,19350,75071
05/30/1986,2470.4,2498.6,2451.6,2475.1,17338,75190
06/02/1986,2465.7,2465.7,2418.7,2425.8,16741,74855
06/03/1986,2428.1,2439.9,2407.0,2428.1,10194,74506
06/04/1986,2409.4,2458.7,2397.6,2435.2,12971,74820
06/05/1986,2437.5,2446.9,2418.7,2435.2,8539,74323
06/06/1986,2439.9,2449.3,2430.5,2437.5,3555,73756
06/09/1986,2428.1,2543.2,2423.4,2536.2,23116,76282
06/10/1986,2522.1,2554.9,2508.0,2519.7,25104,76101
06/11/1986,2515.0,2576.1,2503.3,2531.5,22502,76965
06/12/1986,2550.3,2562.0,2472.8,2498.6,20727,75968
06/13/1986,2503.3,2503.3,2472.8,2477.5,9642,74835
06/16/1986,2465.7,2465.7,2371.8,2381.2,33399,73216
06/17/1986,2381.2,2392.9,2367.1,2383.5,16797,70945
06/18/1986,2404.7,2411.7,2383.5,2385.9,7238,70438
06/19/1986,2385.9,2404.7,2367.1,2383.5,9526,69752
06/20/1986,2390.6,2423.4,2383.5,2400.0,10437,68809
06/23/1986,2400.7,2412.3,2370.5,2381.2,13891,69595
06/24/1986,2379.8,2403.0,2356.6,2392.8,18318,68795
06/25/1986,2403.0,2416.9,2391.4,2398.8,14616,70210
06/26/1986,2384.4,2389.1,2365.9,2371.0,11278,69057
06/27/1986,2365.9,2368.2,2328.8,2331.1,25854,71112
06/30/1986,2370.5,2426.2,2363.5,2396.0,19805,64467
07/01/1986,2393.7,2396.0,2375.1,2392.3,9955,66616
07/02/1986,2393.7,2403.0,2354.3,2377.5,10946,64117
07/07/1986,2370.5,2386.7,2365.9,2373.8,5008,63856
07/08/1986,2398.3,2416.9,2389.1,2405.3,11708,65000
07/09/1986,2400.7,2407.6,2361.2,2386.7,10245,65318
07/10/1986,2375.1,2379.8,2365.9,2372.8,6219,65321
07/11/1986,2372.8,2374.7,2367.3,2371.4,2488,65362
07/14/1986,2347.3,2361.2,2342.7,2350.6,7895,65208
07/15/1986,2351.9,2396.0,2351.9,2371.9,10366,65285
07/16/1986,2377.5,2389.1,2347.3,2356.6,7411,65616
07/17/1986,2347.3,2368.2,2343.1,2363.5,5468,65322
07/18/1986,2356.6,2384.4,2349.6,2368.2,10019,65564
07/21/1986,2351.9,2361.2,2317.2,2356.6,14188,67093
07/22/1986,2354.3,2356.6,2328.8,2338.0,5906,66805
07/23/1986,2314.8,2361.2,2310.2,2354.3,15650,68383
07/24/1986,2354.3,2370.5,2335.7,2339.4,11750,70027
07/25/1986,2347.3,2354.3,2326.4,2332.0,4605,70766
07/28/1986,2356.6,2358.9,2333.4,2350.6,5833,70070
07/29/1986,2342.7,2347.3,2331.1,2339.4,6395,69891
07/30/1986,2324.1,2342.7,2320.9,2328.8,6005,70751
07/31/1986,2351.9,2393.7,2351.9,2378.4,18819,70985
08/01/1986,2365.9,2435.5,2365.9,2430.8,31181,72276
08/04/1986,2407.6,2430.8,2398.3,2418.3,12785,73150
08/05/1986,2398.3,2444.7,2393.7,2422.0,12560,73664
08/06/1986,2430.8,2444.7,2407.6,2409.9,12504,74637
08/07/1986,2435.5,2437.8,2412.3,2423.9,8620,75199
08/08/1986,2454.0,2486.5,2426.2,2474.9,22140,77561
08/11/1986,2574.6,2634.9,2535.2,2592.2,30835,80545
08/12/1986,2523.6,2535.2,2491.1,2512.0,16447,79526
08/13/1986,2535.2,2546.8,2449.4,2461.0,21963,78246
08/14/1986,2458.6,2495.8,2451.7,2479.5,8807,77450
08/15/1986,2474.9,2484.2,2449.4,2450.8,6768,77582
08/18/1986,2398.3,2405.3,2365.9,2372.8,18722,76028
08/19/1986,2361.2,2393.7,2356.6,2379.8,11437,74674
08/20/1986,2393.7,2409.9,2386.7,2401.6,7657,74070
08/21/1986,2398.3,2428.5,2384.9,2414.6,11320,74217
08/22/1986,2425.6,2434.8,2352.5,2359.8,15639,73664
08/25/1986,2370.8,2384.5,2352.5,2378.1,13279,73076
08/26/1986,2373.1,2395.9,2363.9,2376.7,14089,73415
08/27/1986,2361.7,2391.4,2352.5,2385.9,13928,72572
08/28/1986,2393.6,2418.8,2375.4,2386.8,15886,72652
08/29/1986,2402.8,2407.3,2370.8,2389.1,10043,67834
09/02/1986,2409.6,2521.5,2393.6,2514.7,17770,69356
09/03/1986,2489.6,2526.1,2462.2,2469.0,21194,68495
09/04/1986,2457.6,2544.4,2439.3,2482.7,17434,69002
09/05/1986,2514.7,2599.2,2496.4,2590.1,27935,72825
09/08/1986,2549.0,2713.4,2530.7,2624.3,37047,75541
09/09/1986,2649.4,2667.7,2599.2,2637.1,22899,80248
09/10/1986,2672.3,2722.5,2526.1,2590.1,40557,81892
09/11/1986,2599.2,2649.4,2544.4,2638.0,28457,81200
09/12/1986,2676.9,2722.5,2649.4,2690.6,23494,85293
09/15/1986,2681.4,2731.7,2658.6,2716.6,21295,87269
09/16/1986,2713.4,2731.7,2658.6,2677.8,20437,85688
09/17/1986,2686.0,2688.3,2612.9,2660.9,17316,85702
09/18/1986,2670.0,2704.3,2635.7,2658.6,15885,84733
09/19/1986,2713.4,2795.6,2695.1,2770.5,27872,86684
09/22/1986,2772.8,2786.5,2731.7,2765.9,17587,86585
09/23/1986,2736.2,2777.4,2722.5,2740.8,16263,86737
09/24/1986,2740.8,2754.5,2720.3,2730.8,10749,78189
09/25/1986,2695.1,2720.3,2658.6,2663.2,18391,77402
09/26/1986,2635.7,2640.3,2567.2,2576.4,18879,75542
09/29/1986,2590.1,2606.1,2517.0,2537.5,20773,74577
09/30/1986,2549.0,2585.5,2533.0,2569.5,12359,73889
10/01/1986,2562.7,2574.1,2549.0,2571.8,6775,69811
10/02/1986,2585.5,2683.7,2583.2,2672.3,20275,70573
10/03/1986,2686.0,2690.6,2599.2,2603.8,14494,70496
10/06/1986,2635.7,2665.4,2626.6,2656.3,11364,70181
10/07/1986,2642.6,2644.9,2603.8,2626.6,15831,71190
10/08/1986,2631.2,2667.7,2631.2,2647.2,12210,71604
10/09/1986,2631.2,2635.7,2567.2,2601.5,15927,71694
10/10/1986,2592.3,2622.0,2590.1,2601.5,5902,71293
10/13/1986,2612.9,2619.8,2592.3,2615.2,2504,71005
10/14/1986,2599.2,2601.5,2569.5,2576.4,7873,84138
10/15/1986,2558.1,2578.6,2530.7,2564.9,13773,84307
10/16/1986,2576.4,2585.5,2539.8,2549.0,6933,84358
10/17/1986,2512.4,2576.4,2498.7,2569.5,12015,84053
10/20/1986,2553.5,2695.1,2553.5,2667.7,24733,88043
10/21/1986,2667.7,2681.4,2635.7,2654.0,10571,88519
10/22/1986,2683.7,2688.3,2644.9,2681.4,10603,89686
10/23/1986,2667.7,2690.6,2590.1,2596.9,19558,88951
10/24/1986,2576.4,2615.2,2565.4,2585.5,18684,89206
10/27/1986,2603.8,2622.0,2580.9,2590.1,7912,89266
10/28/1986,2603.8,2617.5,2590.1,2592.3,5707,89135
10/29/1986,2564.9,2590.1,2539.8,2571.8,14870,89044
10/30/1986,2567.2,2624.3,2567.2,2612.9,15887,90230
10/31/1986,2567.2,2601.5,2567.2,2594.6,11701,89997
11/03/1986,2608.3,2642.6,2608.3,2619.8,12087,91979
11/04/1986,2640.3,2651.7,2627.1,2628.9,9721,91341
11/05/1986,2617.5,2619.3,2571.8,2583.2,12053,91665
11/06/1986,2590.1,2638.0,2580.9,2635.7,15970,92583
11/07/1986,2626.6,2663.2,2626.6,2644.9,16663,94019
11/10/1986,2667.7,2672.3,2612.9,2631.2,15729,93622
11/11/1986,2633.5,2644.9,2606.1,2640.3,9491,94507
11/12/1986,2638.0,2663.2,2619.8,2658.6,12445,95489
11/13/1986,2663.2,2667.7,2644.9,2663.2,8621,96366
11/14/1986,2681.4,2681.4,2603.8,2608.3,26723,95842
11/17/1986,2594.6,2594.6,2517.0,2519.3,26684,95764
11/18/1986,2530.7,2549.0,2521.5,2542.1,17266,94138
11/19/1986,2549.0,2553.5,2485.0,2498.7,17548,92969
11/20/1986,2498.7,2503.3,2466.7,2482.7,19560,92286
11/21/1986,2487.3,2498.7,2375.4,2382.2,36933,94233
11/24/1986,2402.4,2426.7,2391.1,2405.1,18382,92456
11/25/1986,2397.9,2428.9,2393.4,2424.4,22657,91717
11/26/1986,2411.4,2440.6,2395.6,2409.1,25434,93107
11/28/1986,2451.8,2469.8,2438.8,2463.1,11978,90952
12/01/1986,2505.8,2510.3,2463.1,2490.1,13939,90538
12/02/1986,2487.8,2487.8,2433.9,2442.8,11591,87708
12/03/1986,2424.9,2478.8,2424.9,2460.8,11613,87461
12/04/1986,2460.8,2463.1,2429.4,2447.3,9664,87967
12/05/1986,2456.3,2472.1,2442.8,2454.1,5157,87466
12/08/1986,2456.3,2460.8,2424.9,2454.1,6890,87521
12/09/1986,2449.6,2451.8,2424.9,2429.4,6422,87555
12/10/1986,2433.9,2478.8,2429.4,2451.8,11288,87490
12/11/1986,2438.4,2463.1,2429.4,2456.3,7139,87865
12/12/1986,2454.1,2469.8,2449.6,2463.1,5976,87833
12/15/1986,2501.3,2510.3,2487.8,2501.3,11743,89250
12/16/1986,2496.8,2499.1,2420.4,2442.8,13204,89460
12/17/1986,2449.6,2456.3,2433.9,2445.1,7411,89519
12/18/1986,2447.3,2464.9,2431.6,2458.6,6278,90348
12/19/1986,2458.6,2467.6,2438.4,2449.6,4350,89433
12/22/1986,2460.8,2474.3,2440.6,2447.3,5395,89913
12/23/1986,2447.3,2449.6,2397.9,2411.4,9265,89893
12/24/1986,2415.9,2429.4,2413.6,2413.6,2432,89927
12/29/1986,2418.1,2422.6,2400.1,2409.1,5459,90412
12/30/1986,2409.1,2411.4,2393.4,2402.4,5401,90408
12/31/1986,2406.9,2458.6,2391.1,2456.3,7544,89821
01/02/1987,2458.6,2505.8,2451.8,2470.7,9924,89417
01/05/1987,2451.8,2469.8,2431.6,2467.6,9605,90092
01/06/1987,2458.6,2474.3,2442.8,2445.1,10421,90211
01/07/1987,2440.6,2460.4,2429.4,2454.1,6633,89845
01/08/1987,2460.8,2469.8,2449.6,2454.1,6681,90159
01/09/1987,2433.9,2496.8,2429.4,2494.6,15218,91465
01/12/1987,2514.8,2550.8,2510.3,2519.3,19981,92470
01/13/1987,2521.6,2537.3,2512.6,2512.6,9536,91834
01/14/1987,2544.1,2568.8,2523.8,2537.3,20358,93576
01/15/1987,2514.8,2541.8,2514.8,2540.5,10521,93469
01/16/1987,2528.3,2550.8,2519.3,2540.5,8573,94686
01/19/1987,2573.3,2582.3,2553.1,2569.7,10105,95368
01/20/1987,2546.3,2546.3,2469.8,2481.1,18161,94621
01/21/1987,2485.6,2505.4,2474.3,2501.3,7667,94332
01/22/1987,2516.6,2523.8,2508.1,2521.6,6161,94454
01/23/1987,2492.3,2519.3,2476.6,2514.8,6550,94703
01/26/1987,2517.1,2582.3,2514.8,2559.8,13475,95606
01/27/1987,2555.3,2593.6,2539.6,2571.1,16720,97455
01/28/1987,2573.3,2586.8,2521.6,2535.1,17249,96293
01/29/1987,2532.8,2550.8,2523.8,2544.1,6194,96548
01/30/1987,2483.3,2503.6,2456.3,2485.6,17601,95668
02/02/1987,2496.8,2517.1,2476.6,2481.1,9021,94475
02/03/1987,2492.3,2499.1,2472.1,2494.6,8810,94829
02/04/1987,2490.1,2501.3,2483.3,2485.6,4252,95793
02/05/1987,2483.3,2528.3,2465.3,2512.6,11432,95508
02/06/1987,2505.8,2512.6,2492.3,2501.3,5059,95634
02/09/1987,2501.3,2523.8,2496.8,2510.3,9767,95391
02/10/1987,2501.3,2517.1,2492.3,2510.3,11615,95599
02/11/1987,2501.3,2505.8,2490.1,2494.6,9862,96696
02/12/1987,2499.1,2499.1,2451.8,2456.3,18778,93774
02/13/1987,2456.3,2465.3,2438.4,2458.6,15425,94588
02/17/1987,2456.3,2472.1,2420.4,2431.6,17538,95256
02/18/1987,2429.4,2438.4,2413.6,2433.9,12848,95336
02/19/1987,2433.9,2465.3,2424.9,2463.1,13445,95222
02/20/1987,2451.8,2492.3,2447.3,2490.1,13503,94801
02/23/1987,2476.0,2482.7,2453.8,2463.1,11119,95017
02/24/1987,2458.2,2464.9,2444.9,2459.1,14993,94532
02/25/1987,2480.0,2491.6,2458.2,2461.8,23284,93179
02/26/1987,2456.0,2469.3,2436.0,2454.2,25703,95385
02/27/1987,2456.0,2469.3,2442.6,2444.0,10211,89398
03/02/1987,2440.4,2464.9,2438.2,2462.6,4858,88949
03/03/1987,2456.0,2462.6,2440.4,2458.2,4780,88790
03/04/1987,2469.3,2473.8,2453.8,2468.4,6315,88962
03/05/1987,2473.8,2518.3,2471.5,2503.6,19030,90538
03/06/1987,2498.2,2517.8,2484.9,2503.6,10249,90567
03/09/1987,2493.8,2509.4,2482.7,2494.7,8316,91163
03/10/1987,2491.6,2498.2,2482.7,2496.0,5098,91391
03/11/1987,2500.5,2507.1,2487.1,2491.6,4558,91692
03/12/1987,2502.7,2533.8,2500.5,2531.6,15451,93819
03/13/1987,2536.1,2542.7,2484.9,2506.7,19407,92647
03/16/1987,2509.4,2509.4,2491.6,2502.2,4155,92139
03/17/1987,2511.6,2522.7,2491.6,2494.2,10901,91923
03/18/1987,2496.0,2509.4,2491.6,2502.7,5796,91818
03/19/1987,2500.5,2500.5,2484.9,2499.6,4234,91948
03/20/1987,2496.0,2499.1,2462.6,2484.9,8863,91725
03/23/1987,2493.8,2576.1,2493.8,2571.7,25114,95086
03/24/1987,2573.9,2647.3,2545.0,2645.1,26127,97743
03/25/1987,2640.6,2674.0,2616.1,2638.4,29950,100133
03/26/1987,2618.4,2658.4,2611.7,2651.7,19160,101776
03/27/1987,2691.8,2860.9,2687.3,2776.3,48791,105352
03/30/1987,2803.0,2849.7,2787.4,2814.1,28979,105833
03/31/1987,2843.1,2843.1,2758.5,2767.4,32635,100538
04/01/1987,2783.0,2823.0,2774.1,2803.0,24912,105063
04/02/1987,2820.8,2905.3,2811.9,2827.5,45374,107251
04/03/1987,2843.1,2878.7,2794.1,2869.8,29053,106147
04/06/1987,2900.9,2981.0,2900.9,2927.6,39521,109526
04/07/1987,2994.3,3016.6,2952.1,3009.9,37177,109929
04/08/1987,2954.3,2987.7,2932.0,2952.1,35050,108329
04/09/1987,2972.1,3060.6,2954.7,3052.2,38265,109932
04/10/1987,3101.1,3101.1,3007.7,3027.7,46829,109757
04/13/1987,3061.1,3074.4,3025.5,3054.4,20667,111265
04/14/1987,3074.4,3252.4,3074.4,3239.0,45763,111521
04/15/1987,3194.5,3236.8,3167.9,3223.5,35480,111023
04/16/1987,3190.1,3256.8,3150.1,3247.9,34941,113196
04/20/1987,3234.6,3470.4,3216.8,3461.5,50458,118704
04/21/1987,3506.0,3532.7,3403.7,3499.3,66725,119311
04/22/1987,3507.3,3595.2,3454.6,3579.4,60531,123568
04/23/1987,3696.3,3799.2,3639.2,3799.2,50872,123109
04/24/1987,4018.9,4018.9,4018.9,4018.9,17222,122992
04/27/1987,4348.6,4348.6,3689.3,3689.3,33682,121882
04/28/1987,3516.1,3582.0,3249.8,3406.2,62275,119318
04/29/1987,3494.1,3568.9,3362.3,3520.5,40621,116808
04/30/1987,3560.1,3590.8,3423.8,3551.3,28337,108827
05/01/1987,3516.1,3648.0,3516.1,3630.4,17384,105669
05/04/1987,3656.8,3850.1,3643.6,3850.1,13301,102448
05/05/1987,3977.6,3986.4,3516.1,3691.9,18581,100465
05/06/1987,3590.8,3744.7,3586.4,3687.5,11952,99982
05/07/1987,3608.4,3757.8,3586.4,3672.1,17767,98547
05/08/1987,3634.8,3740.3,3612.8,3680.9,15325,98577
05/11/1987,3678.7,3815.0,3665.6,3799.6,22078,98376
05/12/1987,3889.7,3938.0,3832.6,3874.3,18404,97566
05/13/1987,3876.5,3927.1,3828.2,3837.0,19032,98499
05/14/1987,3885.3,3911.7,3858.9,3898.5,14525,98465
05/15/1987,3990.8,4184.2,3977.6,4175.4,35788,99864
05/18/1987,4175.4,4228.1,3960.0,4012.8,26409,101520
05/19/1987,4030.3,4153.4,3924.9,4140.2,29493,99450
05/20/1987,4171.0,4171.0,3990.8,4045.7,30854,100583
05/21/1987,3946.8,3986.4,3876.5,3891.9,24483,99380
05/22/1987,3944.6,3944.6,3604.0,3637.0,32116,98028
05/26/1987,3406.2,3472.2,3199.7,3329.3,37060,97506
05/27/1987,3274.4,3357.9,3234.8,3245.8,22240,95449
05/28/1987,3327.1,3437.0,3309.5,3368.9,19126,93307
05/29/1987,3371.1,3419.4,3340.3,3371.1,12164,93793
06/01/1987,3239.2,3300.8,3199.7,3278.8,18657,91984
06/02/1987,3327.1,3516.1,3322.7,3445.8,28332,93455
06/03/1987,3375.5,3419.4,3344.7,3349.1,13822,92429
06/04/1987,3357.9,3476.6,3353.5,3450.2,22107,93219
06/05/1987,3472.2,3494.1,3437.0,3441.4,14515,93519
06/08/1987,3502.9,3564.5,3340.3,3353.5,28750,93612
06/09/1987,3423.8,3489.7,3393.1,3476.6,16208,92805
06/10/1987,3538.1,3538.1,3388.7,3461.2,21489,93255
06/11/1987,3441.4,3546.9,3419.4,3516.1,16147,92986
06/12/1987,3406.2,3450.2,3366.7,3399.6,24241,93809
06/15/1987,3287.6,3393.1,3265.6,3375.5,20158,92419
06/16/1987,3379.9,3388.7,3287.6,3305.1,18977,91146
06/17/1987,3300.8,3340.3,3256.8,3274.4,20301,90482
06/18/1987,3309.5,3353.5,3278.8,3287.6,14240,90937
06/19/1987,3287.6,3296.4,3146.9,3151.3,25355,92759
06/22/1987,3104.9,3104.9,2905.4,2953.5,37518,91922
06/23/1987,2992.1,3078.9,2918.4,3030.3,28681,90540
06/24/1987,3070.2,3083.2,3018.2,3050.7,17859,90715
06/25/1987,2996.5,3029.0,2983.5,3013.8,16277,90642
06/26/1987,3013.8,3109.2,3005.1,3057.6,27486,89892
06/29/1987,3078.9,3152.6,3057.2,3122.2,31209,87972
06/30/1987,3109.2,3217.6,3065.9,3213.3,23230,80711
07/01/1987,3182.9,3287.0,3148.2,3265.3,17975,79072
07/02/1987,3222.0,3274.0,3222.0,3250.1,15415,78515
07/06/1987,3152.6,3334.7,3152.6,3319.5,20788,79685
07/07/1987,3269.7,3306.5,3195.9,3278.3,22349,78601
07/08/1987,3230.6,3382.4,3217.6,3349.9,26450,79686
07/09/1987,3317.4,3382.4,3308.7,3365.1,19176,80840
07/10/1987,3365.1,3404.1,3313.0,3323.9,12037,80743
07/13/1987,3295.7,3390.6,3295.7,3334.7,12392,81892
07/14/1987,3364.2,3384.6,3319.5,3330.4,13745,81238
07/15/1987,3347.7,3447.5,3321.7,3410.6,21117,83096
07/16/1987,3388.9,3417.1,3375.9,3391.1,11204,82303
07/17/1987,3365.1,3365.1,3243.6,3256.7,19846,81170
07/20/1987,3282.7,3347.7,3280.5,3343.4,13398,81163
07/21/1987,3356.4,3371.1,3317.4,3367.2,11664,81883
07/22/1987,3382.4,3438.8,3356.4,3395.4,15307,82631
07/23/1987,3382.4,3404.1,3326.0,3367.2,12858,82584
07/24/1987,3356.4,3395.4,3343.4,3371.6,9724,82842
07/27/1987,3349.9,3391.1,3326.0,3371.6,8538,82624
07/28/1987,3382.4,3495.2,3382.4,3471.3,23287,85425
07/29/1987,3495.2,3560.2,3490.8,3497.3,24661,86605
07/30/1987,3477.8,3633.9,3475.6,3627.4,26476,87357
07/31/1987,3620.9,3651.3,3581.9,3620.9,20222,88222
08/03/1987,3751.0,3833.4,3742.3,3826.9,25846,90227
08/04/1987,3794.4,3878.9,3746.7,3848.6,32131,91564
08/05/1987,3707.6,3759.7,3616.6,3633.9,29915,92388
08/06/1987,3633.9,3655.6,3568.9,3599.2,30509,92066
08/07/1987,3469.1,3547.2,3295.7,3306.5,36277,90449
08/10/1987,3352.1,3399.8,3339.0,3365.1,21750,88167
08/11/1987,3399.8,3443.1,3369.4,3406.3,17410,87502
08/12/1987,3378.1,3460.5,3373.7,3421.4,15973,87400
08/13/1987,3412.8,3421.4,3291.3,3326.0,22596,86999
08/14/1987,3313.0,3404.1,3191.6,3217.6,38291,86291
08/17/1987,3239.3,3304.4,3239.3,3287.0,14842,85460
08/18/1987,3317.4,3447.5,3317.4,3349.9,26081,84960
08/19/1987,3317.4,3399.8,3308.7,3393.3,14440,84881
08/20/1987,3378.1,3391.1,3239.3,3252.3,20158,85296
08/21/1987,3300.0,3334.7,3265.3,3328.2,17595,84977
08/24/1987,3309.6,3428.7,3301.1,3380.2,23251,85423
08/25/1987,3373.4,3377.7,3318.1,3335.1,18512,84869
08/26/1987,3326.6,3369.2,3322.4,3347.9,17066,84414
08/27/1987,3364.9,3364.9,3250.1,3270.1,33148,86092
08/28/1987,3262.8,3262.8,3135.2,3190.5,33686,87288
08/31/1987,3207.5,3254.3,3186.3,3203.3,15691,82358
09/01/1987,3233.1,3258.6,3135.2,3177.8,20698,82026
09/02/1987,3275.6,3381.9,3275.6,3373.4,32952,78357
09/03/1987,3326.6,3369.2,3296.9,3335.1,18414,78351
09/04/1987,3339.4,3369.2,3301.1,3305.4,12439,77694
09/08/1987,3262.8,3279.8,3211.8,3239.4,17995,78568
09/09/1987,3245.8,3269.2,3218.2,3256.4,10578,76068
09/10/1987,3284.1,3505.3,3265.0,3475.5,26077,79357
09/11/1987,3407.5,3467.0,3294.7,3330.9,27749,80423
09/14/1987,3267.1,3339.4,3254.3,3305.4,15553,80358
09/15/1987,3326.6,3330.9,3277.7,3299.0,13407,80362
09/16/1987,3301.1,3339.4,3190.5,3226.7,27558,80151
09/17/1987,3237.3,3301.1,3230.9,3275.6,15921,81825
09/18/1987,3305.4,3307.5,3173.5,3184.1,22231,81466
09/21/1987,3169.2,3356.4,3165.0,3316.0,40578,81622
09/22/1987,3292.6,3328.8,3260.7,3282.0,15439,79705
09/23/1987,3267.1,3320.3,3252.2,3305.4,12369,79834
09/24/1987,3318.1,3352.2,3284.1,3292.6,11461,80184
09/25/1987,3254.3,3296.9,3254.3,3275.6,6789,80052
09/28/1987,3284.1,3303.2,3271.3,3279.8,7311,79807
09/29/1987,3254.3,3322.4,3233.1,3299.0,16184,78710
09/30/1987,3307.5,3309.6,3220.3,3237.3,18113,78259
10/01/1987,3258.6,3269.2,3224.5,3250.1,14848,80035
10/02/1987,3254.3,3271.3,3213.9,3254.3,12899,81605
10/05/1987,3262.8,3301.1,3262.8,3284.1,8930,81374
10/06/1987,3292.6,3322.4,3275.6,3290.5,9895,81949
10/07/1987,3305.4,3318.1,3286.2,3299.0,12725,82754
10/08/1987,3299.0,3420.2,3284.1,3377.7,22063,84729
10/09/1987,3369.2,3386.2,3335.1,3364.9,14451,85553
10/12/1987,3364.9,3367.1,3343.7,3354.3,4737,85432
10/13/1987,3326.6,3330.9,3303.2,3316.0,9212,84897
10/14/1987,3318.1,3394.7,3313.9,3356.4,21587,86477
10/15/1987,3373.4,3433.0,3318.1,3335.1,30052,86799
10/16/1987,3354.3,3416.0,3352.2,3386.2,20659,88056
10/19/1987,3590.4,3667.0,3479.8,3522.3,54568,94566
10/20/1987,3105.4,3233.1,2850.2,3099.1,51297,92602
10/21/1987,3175.6,3211.8,3137.3,3175.6,31313,84117
10/22/1987,3218.2,3275.6,3165.0,3184.1,24275,84678
10/23/1987,3216.0,3233.1,3162.9,3233.1,18552,82771
10/26/1987,3241.6,3245.8,3135.2,3182.0,20318,82028
10/27/1987,3148.0,3186.3,3122.4,3150.1,16118,79093
10/28/1987,3173.5,3201.1,3141.6,3145.8,16249,80484
10/29/1987,3050.1,3062.9,2909.7,2945.9,32519,82381
10/30/1987,2939.5,3011.8,2926.8,2973.6,19370,82883
11/02/1987,2994.8,2997.0,2922.5,2962.9,11347,83222
11/03/1987,2952.3,2967.2,2837.4,2909.7,24077,83444
11/04/1987,2884.2,2884.2,2807.7,2848.1,18659,83819
11/05/1987,2680.0,2735.3,2654.5,2680.0,22619,82671
11/06/1987,2705.6,2786.4,2701.3,2765.1,18186,81764
11/09/1987,2835.3,2856.6,2773.6,2782.1,13561,80932
11/10/1987,2724.7,2799.1,2692.8,2777.9,17259,81585
11/11/1987,2769.4,2833.2,2760.9,2794.9,11168,81000
11/12/1987,2803.4,2863.0,2803.4,2826.8,12374,80293
11/13/1987,2858.7,2880.0,2835.3,2867.2,9833,78892
11/16/1987,2807.7,2843.8,2794.9,2822.5,10970,77853
11/17/1987,2854.4,2884.2,2841.7,2863.0,9588,76633
11/18/1987,2841.7,2848.1,2786.4,2820.4,12914,76849
11/19/1987,2833.2,2837.4,2788.5,2799.1,8159,76404
11/20/1987,2816.2,2863.0,2760.9,2837.4,17360,76206
11/23/1987,2822.3,2968.2,2822.3,2956.5,26265,75282
11/24/1987,2947.4,2984.9,2897.3,2943.2,29115,74639
11/25/1987,2964.0,2989.1,2939.0,2949.0,24170,73447
11/27/1987,2984.9,3068.3,2980.7,3041.2,29805,76655
11/30/1987,3093.3,3114.1,2993.2,2997.4,27850,71169
12/01/1987,2997.4,3001.6,2943.2,2949.5,14892,69700
12/02/1987,2972.4,2991.1,2947.4,2964.0,10883,68948
12/03/1987,2959.9,2997.4,2914.0,2930.7,16551,69032
12/04/1987,2918.2,2934.9,2768.1,2864.0,24277,69942
12/07/1987,2822.3,2868.2,2816.1,2834.8,10324,69262
12/08/1987,2839.0,2876.5,2839.0,2853.6,8967,68911
12/09/1987,2868.2,2872.3,2832.7,2857.7,7413,69312
12/10/1987,2851.5,2953.6,2851.5,2943.2,20680,69261
12/11/1987,2976.6,2984.9,2903.6,2934.9,15009,69989
12/14/1987,2984.9,3018.2,2959.9,2964.0,15947,70106
12/15/1987,2930.7,2939.0,2814.0,2822.3,20526,71446
12/16/1987,2847.3,2893.2,2836.9,2866.1,16512,70658
12/17/1987,2834.8,2895.3,2772.3,2882.8,22117,72540
12/18/1987,2872.3,2910.7,2841.1,2868.2,11010,72924
12/21/1987,2872.3,2884.8,2857.7,2880.7,3773,72359
12/22/1987,2884.8,2901.5,2878.6,2882.8,4290,72236
12/23/1987,2868.2,2872.3,2847.3,2849.4,5962,72440
12/24/1987,2870.2,2880.7,2855.7,2878.6,2072,73130
12/28/1987,2905.7,2914.0,2868.2,2895.3,8647,73469
12/29/1987,2897.3,2901.5,2822.3,2839.0,9427,73321
12/30/1987,2830.6,2834.8,2793.1,2795.2,8434,73256
12/31/1987,2832.7,2845.2,2784.8,2822.3,5818,74227
01/04/1988,2768.1,2772.3,2709.7,2730.6,14430,75482
01/05/1988,2738.9,2918.2,2720.2,2886.9,24750,74762
01/06/1988,2814.0,2997.4,2801.5,2978.6,24962,75770
01/07/1988,2959.9,2966.1,2901.5,2922.4,15717,76042
01/08/1988,2889.0,2951.5,2868.2,2943.2,13277,77380
01/11/1988,2926.5,2936.9,2880.7,2893.2,13111,77334
01/12/1988,2884.8,2893.2,2834.8,2839.0,16116,76707
01/13/1988,2843.1,2891.1,2830.6,2853.6,10039,76594
01/14/1988,2851.5,2901.5,2847.3,2891.1,7885,76305
01/15/1988,2868.2,2889.0,2772.3,2776.4,19495,77161
01/18/1988,2811.9,2826.5,2795.2,2803.5,9231,76295
01/19/1988,2801.5,2839.0,2789.0,2811.9,9192,76210
01/20/1988,2822.3,2843.1,2780.6,2786.9,11425,76100
01/21/1988,2793.1,2822.3,2780.6,2816.1,8356,76068
01/22/1988,2809.8,2874.4,2795.2,2847.3,10614,75755
01/25/1988,2832.7,2839.0,2738.9,2766.0,20178,77680
01/26/1988,2768.1,2793.1,2755.6,2776.4,9870,77802
01/27/1988,2776.4,2797.3,2741.0,2789.0,12622,78771
01/28/1988,2780.6,2795.2,2772.3,2778.5,4878,77982
01/29/1988,2738.9,2747.3,2693.1,2728.5,17666,79464
02/01/1988,2734.8,2776.4,2730.6,2755.6,10752,78922
02/02/1988,2763.9,2784.4,2722.3,2732.7,10169,78642
02/03/1988,2672.2,2701.4,2618.0,2649.3,21463,79890
02/04/1988,2663.9,2688.9,2638.9,2680.6,12415,81143
02/05/1988,2676.4,2680.6,2618.0,2636.8,13895,81057
02/08/1988,2647.2,2663.9,2630.5,2636.8,8676,81356
02/09/1988,2628.5,2634.7,2595.1,2622.2,12465,81597
02/10/1988,2645.1,2655.6,2620.1,2628.5,9771,81147
02/11/1988,2618.0,2645.1,2613.9,2632.6,6058,81215
02/12/1988,2613.9,2670.1,2580.5,2663.9,17710,80603
02/16/1988,2655.6,2682.6,2649.3,2657.6,9269,79461
02/17/1988,2666.0,2693.1,2663.9,2688.9,8554,77967
02/18/1988,2701.4,2716.0,2643.0,2647.2,17362,79349
02/19/1988,2659.7,2680.6,2645.1,2668.1,10786,76215
02/22/1988,2657.8,2682.5,2657.8,2672.2,9987,77330
02/23/1988,2649.6,2664.0,2604.3,2625.7,20667,76576
02/24/1988,2596.1,2612.6,2573.5,2580.9,23011,78841
02/25/1988,2592.0,2610.5,2555.0,2602.3,36078,79985
02/26/1988,2592.0,2596.1,2563.2,2565.3,22976,78023
02/29/1988,2546.7,2602.3,2538.5,2600.2,18703,70991
03/01/1988,2592.0,2641.4,2567.3,2592.0,17966,70910
03/02/1988,2571.4,2608.5,2561.1,2587.9,10477,71422
03/03/1988,2577.6,2627.0,2565.3,2606.4,11587,70978
03/04/1988,2612.6,2709.3,2612.6,2674.3,30823,71795
03/07/1988,2651.7,2670.2,2647.5,2659.9,7213,71485
03/08/1988,2649.6,2657.8,2618.7,2624.9,12653,72116
03/09/1988,2612.6,2629.0,2602.3,2618.7,10970,70072
03/10/1988,2637.3,2653.3,2577.6,2604.3,19051,70050
03/11/1988,2616.7,2620.8,2559.1,2567.3,16764,68831
03/14/1988,2585.8,2600.2,2573.5,2592.0,12029,69508
03/15/1988,2600.2,2645.5,2581.7,2643.4,14173,67748
03/16/1988,2637.3,2651.7,2620.8,2627.0,8689,67487
03/17/1988,2624.9,2637.3,2592.0,2616.7,15474,66077
03/18/1988,2612.6,2659.9,2608.5,2641.4,9093,66526
03/21/1988,2641.4,2705.1,2639.3,2674.3,19529,68741
03/22/1988,2661.9,2699.0,2647.5,2680.5,16059,66421
03/23/1988,2686.6,2756.6,2666.1,2740.1,28290,68024
03/24/1988,2781.3,2801.8,2727.8,2791.5,24270,68053
03/25/1988,2756.6,2773.0,2736.0,2762.7,10751,67561
03/28/1988,2760.7,2773.0,2725.7,2760.7,12705,67697
03/29/1988,2758.6,2810.1,2756.6,2777.1,16679,68272
03/30/1988,2764.8,2801.8,2746.3,2795.7,11608,68792
03/31/1988,2814.2,2818.3,2768.9,2791.5,11600,68603
04/04/1988,2814.2,2838.9,2797.7,2808.0,12955,69461
04/05/1988,2781.3,2789.5,2736.0,2750.4,14099,68741
04/06/1988,2711.3,2733.9,2653.7,2659.9,23288,67510
04/07/1988,2657.8,2666.1,2620.8,2647.5,25431,66382
04/08/1988,2653.7,2678.4,2645.5,2648.8,11393,64211
04/11/1988,2633.1,2666.1,2629.0,2661.9,10130,65331
04/12/1988,2661.9,2670.2,2633.1,2643.4,8027,64590
04/13/1988,2637.3,2661.9,2606.4,2610.5,16910,64405
04/14/1988,2616.7,2680.5,2612.6,2661.9,21259,64621
04/15/1988,2670.2,2692.8,2653.7,2664.0,11903,65245
04/18/1988,2690.7,2699.0,2645.5,2649.6,13108,65741
04/19/1988,2645.5,2670.2,2637.3,2659.9,8472,65235
04/20/1988,2678.4,2688.7,2651.7,2653.7,10600,65010
04/21/1988,2649.6,2670.2,2645.5,2657.8,9222,64731
04/22/1988,2637.7,2655.9,2625.5,2639.3,11654,64941
04/25/1988,2641.7,2649.9,2617.4,2619.0,9908,65848
04/26/1988,2629.6,2635.7,2601.2,2626.3,23670,68626
04/27/1988,2625.5,2686.4,2619.4,2673.0,39039,70628
04/28/1988,2674.2,2682.3,2655.9,2660.0,23060,69709
04/29/1988,2662.0,2674.2,2647.8,2672.2,9290,62352
05/02/1988,2655.9,2658.0,2609.3,2611.3,16305,61219
05/03/1988,2609.3,2623.5,2584.9,2589.0,12375,61603
05/04/1988,2593.1,2607.3,2584.9,2599.1,14023,62387
05/05/1988,2605.2,2621.5,2603.2,2613.3,5200,62775
05/06/1988,2611.3,2623.5,2589.0,2619.4,8410,63369
05/09/1988,2617.4,2658.0,2617.4,2655.9,11002,64529
05/10/1988,2655.9,2702.6,2639.7,2696.5,15676,66924
05/11/1988,2686.4,2696.1,2658.0,2688.4,19819,67998
05/12/1988,2682.3,2710.7,2670.2,2696.5,13207,68905
05/13/1988,2698.6,2722.9,2662.0,2718.8,18465,69822
05/16/1988,2727.0,2749.3,2694.5,2698.6,21336,70986
05/17/1988,2702.6,2714.8,2658.0,2680.3,22849,73149
05/18/1988,2684.4,2743.2,2682.3,2739.1,17444,73906
05/19/1988,2759.4,2767.5,2700.6,2708.7,27220,74355
05/20/1988,2714.8,2743.2,2696.5,2739.1,11799,73469
05/23/1988,2763.5,2779.7,2720.9,2757.4,22524,73211
05/24/1988,2747.3,2775.7,2731.0,2763.5,15081,73900
05/25/1988,2731.0,2739.1,2694.5,2696.5,21135,73369
05/26/1988,2698.6,2714.8,2672.2,2702.6,18390,73136
05/27/1988,2690.4,2696.5,2660.0,2668.1,14289,71709
05/31/1988,2698.6,2722.9,2692.5,2698.6,14458,71075
06/01/1988,2747.3,2791.9,2747.3,2785.8,31010,73029
06/02/1988,2759.4,2970.4,2745.2,2964.4,41992,78562
06/03/1988,2933.9,3031.3,2933.9,2950.2,48955,80565
06/06/1988,2960.3,3011.8,2942.0,2968.4,25541,80491
06/07/1988,2966.4,3021.2,2913.6,2954.2,37617,80316
06/08/1988,2921.7,2956.2,2885.2,2893.3,32506,80440
06/09/1988,2869.0,2933.9,2852.8,2913.6,30573,79116
06/10/1988,2925.8,2940.0,2808.1,2846.7,43157,77642
06/13/1988,2852.8,2877.1,2834.5,2862.9,21270,78645
06/14/1988,2856.8,2881.2,2783.8,2869.0,34813,78317
06/15/1988,2869.0,2931.9,2860.9,2903.5,28043,81879
06/16/1988,2933.9,2962.3,2879.1,2897.4,34983,81261
06/17/1988,2895.4,2950.2,2873.1,2944.1,25978,86504
06/20/1988,2944.1,2974.5,2895.4,2919.7,26471,88734
06/21/1988,2925.8,2978.6,2917.7,2919.7,32209,89977
06/22/1988,2881.5,2881.5,2821.5,2848.7,34512,90687
06/23/1988,2835.5,2871.5,2815.5,2834.7,28741,90303
06/24/1988,2797.5,2813.5,2757.5,2763.9,27850,88158
06/27/1988,2785.5,2817.5,2769.5,2817.1,25789,89404
06/28/1988,2821.5,2849.5,2733.4,2745.4,37106,89782
06/29/1988,2717.4,2725.4,2661.4,2689.4,54891,90920
06/30/1988,2701.4,2717.4,2683.4,2711.4,23842,79424
07/01/1988,2709.4,2745.4,2693.4,2719.4,13752,76933
07/05/1988,2721.4,2753.5,2719.4,2743.4,13048,77650
07/06/1988,2745.4,2765.5,2733.4,2763.5,10379,76833
07/07/1988,2821.5,2845.5,2801.5,2809.5,23926,77243
07/08/1988,2809.5,2867.5,2807.5,2835.5,19959,77207
07/11/1988,2869.5,2873.5,2793.5,2809.5,23170,77781
07/12/1988,2785.5,2837.5,2777.5,2824.3,20846,78770
07/13/1988,2819.5,2901.5,2803.5,2899.5,32931,84364
07/14/1988,2929.5,2985.6,2921.5,2945.6,39743,86729
07/15/1988,2969.6,3001.6,2933.5,2957.6,32146,86945
07/18/1988,2917.5,2925.5,2869.5,2891.5,28247,85679
07/19/1988,2897.5,3157.7,2863.5,3121.6,43433,88088
07/20/1988,3123.6,3177.7,3093.6,3161.7,48604,92542
07/21/1988,3121.6,3265.7,3081.6,3125.7,61463,94344
07/22/1988,3125.7,3149.7,3049.6,3071.6,33738,94459
07/25/1988,3061.6,3099.6,2821.5,2841.5,49186,94404
07/26/1988,2833.5,2861.5,2769.5,2777.5,55610,87291
07/27/1988,2781.5,2837.5,2781.5,2809.5,25171,85360
07/28/1988,2745.4,2763.5,2677.4,2705.4,40635,83529
07/29/1988,2735.4,2771.5,2717.4,2743.4,22559,83936
08/01/1988,2763.5,2779.5,2733.4,2767.5,15255,84030
08/02/1988,2765.5,2773.5,2732.6,2737.4,13418,82033
08/03/1988,2717.4,2797.5,2709.4,2753.5,21251,81945
08/04/1988,2753.5,2781.5,2745.4,2761.5,10326,82256
08/05/1988,2757.5,2785.5,2747.5,2757.5,9772,82739
08/08/1988,2745.4,2751.5,2681.4,2687.4,18751,83966
08/09/1988,2697.4,2705.4,2625.4,2653.4,26793,84130
08/10/1988,2657.4,2697.4,2651.4,2685.4,16976,83662
08/11/1988,2693.4,2729.4,2675.4,2687.4,14814,82620
08/12/1988,2701.4,2753.5,2693.4,2697.4,21636,82910
08/15/1988,2693.4,2719.4,2681.4,2715.4,10476,81975
08/16/1988,2709.4,2741.4,2645.4,2655.4,21360,81205
08/17/1988,2657.4,2675.4,2637.4,2667.4,13962,80856
08/18/1988,2677.4,2691.4,2657.4,2677.4,12029,80520
08/19/1988,2681.4,2689.4,2661.4,2669.4,5856,80977
08/22/1988,2658.7,2715.4,2647.0,2697.4,21660,82611
08/23/1988,2699.8,2711.5,2678.3,2697.8,12368,82500
08/24/1988,2701.7,2742.8,2701.7,2717.8,18446,83200
08/25/1988,2729.1,2736.9,2686.1,2688.4,16148,82750
08/26/1988,2693.9,2695.9,2650.9,2666.5,20598,82428
08/29/1988,2674.4,2676.3,2600.1,2611.8,28256,84441
08/30/1988,2604.0,2635.3,2596.2,2600.1,35307,86071
08/31/1988,2584.4,2627.4,2580.5,2623.5,25652,76868
09/01/1988,2613.8,2645.0,2611.8,2627.4,13483,80530
09/02/1988,2627.4,2635.3,2562.9,2604.0,16204,79327
09/06/1988,2604.0,2635.3,2584.4,2590.3,12317,78916
09/07/1988,2600.1,2625.5,2588.3,2613.8,13586,79442
09/08/1988,2623.5,2647.0,2607.9,2637.2,9812,79004
09/09/1988,2643.1,2650.9,2564.9,2568.8,17296,81418
09/12/1988,2555.1,2568.8,2533.6,2566.8,12250,82229
09/13/1988,2568.8,2603.6,2561.0,2580.5,11899,84290
09/14/1988,2600.1,2609.8,2576.6,2584.4,13631,85047
09/15/1988,2580.5,2586.4,2535.6,2574.7,17139,84783
09/16/1988,2557.1,2561.0,2516.0,2518.0,17821,83466
09/19/1988,2490.6,2537.5,2478.9,2531.6,15845,84064
09/20/1988,2525.8,2531.6,2467.1,2485.5,15623,83996
09/21/1988,2455.4,2478.9,2439.8,2455.4,11534,84077
09/22/1988,2435.9,2486.7,2435.9,2483.9,18964,84935
09/23/1988,2484.7,2498.4,2447.6,2449.5,17885,83612
09/26/1988,2435.9,2463.2,2424.1,2426.1,15661,82384
09/27/1988,2439.8,2455.4,2420.2,2447.6,12112,81740
09/28/1988,2451.5,2463.2,2431.9,2447.6,14539,82694
09/29/1988,2451.5,2471.0,2443.7,2449.5,8248,81774
09/30/1988,2455.4,2455.4,2408.5,2433.9,12712,81895
10/03/1988,2435.9,2490.6,2422.6,2476.9,18280,83236
10/04/1988,2463.2,2490.6,2457.4,2476.9,11924,84107
10/05/1988,2469.1,2508.2,2439.8,2496.5,17996,84658
10/06/1988,2502.3,2516.0,2480.8,2490.6,11158,83945
10/07/1988,2496.5,2525.8,2490.6,2504.3,14021,85009
10/10/1988,2518.0,2533.2,2506.2,2510.1,10197,84570
10/11/1988,2510.1,2514.1,2451.5,2453.4,15817,84191
10/12/1988,2473.0,2529.7,2471.0,2500.4,24965,85785
10/13/1988,2502.3,2516.0,2463.2,2492.5,14169,85474
10/14/1988,2498.4,2532.4,2486.7,2516.0,11448,86082
10/17/1988,2519.9,2559.0,2508.2,2531.6,14606,85662
10/18/1988,2533.6,2535.6,2504.3,2512.1,10656,84999
10/19/1988,2502.3,2527.7,2492.5,2504.3,11849,85436
10/20/1988,2508.2,2516.0,2496.5,2506.2,8609,85441
10/21/1988,2502.3,2510.1,2455.4,2457.4,17135,86969
10/24/1988,2447.6,2476.9,2441.7,2445.6,11108,86445
10/25/1988,2459.3,2470.7,2449.5,2454.6,6683,86100
10/26/1988,2465.2,2475.0,2447.6,2454.6,8880,84931
10/27/1988,2455.4,2461.3,2433.9,2442.9,7521,84922
10/28/1988,2439.8,2506.2,2439.8,2476.9,14594,86181
10/31/1988,2482.8,2490.6,2475.0,2482.0,6590,86080
11/01/1988,2471.0,2482.8,2451.5,2476.9,9923,86804
11/02/1988,2504.3,2555.1,2498.4,2553.1,28767,89429
11/03/1988,2564.9,2572.7,2512.5,2521.9,24035,91446
11/04/1988,2518.0,2533.6,2494.5,2527.7,13045,89788
11/07/1988,2523.8,2555.1,2521.9,2553.1,10020,90547
11/08/1988,2551.2,2553.1,2504.3,2512.1,14070,90339
11/09/1988,2519.9,2576.6,2514.1,2572.7,22655,92025
11/10/1988,2564.9,2566.8,2514.1,2518.0,20131,91095
11/11/1988,2531.6,2541.4,2482.8,2509.4,17234,92109
11/14/1988,2506.2,2529.7,2492.5,2519.9,12045,91047
11/15/1988,2519.9,2541.4,2498.4,2499.6,13688,89948
11/16/1988,2510.1,2518.0,2455.4,2463.2,31634,89169
11/17/1988,2478.9,2480.4,2416.3,2420.2,20156,89630
11/18/1988,2422.2,2433.9,2369.4,2377.2,67942,93805
11/21/1988,2392.8,2392.8,2338.1,2355.7,30398,95793
11/22/1988,2389.8,2401.2,2366.9,2375.3,26749,94761
11/23/1988,2385.9,2397.4,2378.3,2384.0,18298,93211
11/28/1988,2412.7,2431.0,2380.2,2394.0,43930,96012
11/29/1988,2391.7,2403.1,2353.5,2362.7,47876,101229
11/30/1988,2372.6,2410.8,2361.1,2401.2,27430,91104
12/01/1988,2412.7,2422.2,2374.5,2384.0,17047,87722
12/02/1988,2384.0,2439.4,2363.0,2418.4,32910,91250
12/05/1988,2416.5,2426.0,2399.3,2408.8,11845,88958
12/06/1988,2403.1,2408.8,2378.3,2406.9,13723,89310
12/07/1988,2385.9,2447.0,2370.7,2397.4,24527,88737
12/08/1988,2412.7,2414.6,2389.8,2390.9,10363,88562
12/09/1988,2385.9,2412.7,2378.3,2406.9,10363,88562
12/12/1988,2399.3,2420.3,2384.0,2404.3,10943,89387
12/13/1988,2393.6,2410.8,2389.8,2403.1,10353,88363
12/14/1988,2405.0,2418.4,2391.7,2406.9,9934,89452
12/15/1988,2408.8,2418.4,2343.9,2361.1,25940,90557
12/16/1988,2355.4,2378.3,2355.4,2368.8,9807,89839
12/19/1988,2366.9,2389.8,2357.3,2378.3,10037,90548
12/20/1988,2370.7,2385.9,2366.9,2371.8,5945,89997
12/21/1988,2384.0,2387.8,2376.4,2378.3,4705,89850
12/22/1988,2382.1,2397.4,2380.2,2392.8,6997,90651
12/23/1988,2382.1,2397.4,2378.3,2395.5,4273,90101
12/27/1988,2393.6,2401.2,2384.0,2387.8,5186,89269
12/28/1988,2376.4,2378.3,2342.0,2362.3,5186,89269
12/29/1988,2349.7,2355.4,2319.1,2326.0,12788,93054
12/30/1988,2347.8,2351.6,2334.4,2340.1,8377,93980
01/03/1989,2347.8,2357.3,2332.5,2334.4,10214,92774
01/04/1989,2336.3,2340.1,2284.8,2300.0,19249,93789
01/05/1989,2303.9,2317.2,2302.0,2309.6,7071,92305
01/06/1989,2305.8,2323.0,2292.4,2319.1,10284,92706
01/09/1989,2290.5,2307.7,2279.0,2306.9,9592,92651
01/10/1989,2307.7,2313.4,2277.1,2288.6,10804,92748
01/11/1989,2284.8,2303.9,2279.0,2288.6,9798,97401
01/12/1989,2302.0,2307.7,2263.8,2284.8,13325,92745
01/13/1989,2277.1,2303.9,2267.6,2274.1,12256,92508
01/16/1989,2271.4,2277.1,2263.8,2274.1,3846,92461
01/17/1989,2282.9,2302.0,2279.0,2294.3,7756,92793
01/18/1989,2294.3,2303.9,2271.4,2279.0,12239,91756
01/19/1989,2282.9,2309.6,2279.0,2305.0,13708,92906
01/20/1989,2317.2,2391.7,2315.3,2384.0,30547,95103
01/23/1989,2382.1,2401.2,2370.7,2387.8,21156,94993
01/24/1989,2397.4,2408.8,2355.4,2363.0,21645,94482
01/25/1989,2357.3,2380.2,2351.6,2376.4,11187,94834
01/26/1989,2382.1,2397.4,2340.1,2349.7,19038,94789
01/27/1989,2347.8,2351.6,2225.6,2265.7,37959,93995
01/30/1989,2244.7,2256.1,2235.1,2242.8,15934,93482
01/31/1989,2248.5,2260.0,2208.4,2227.5,19077,94155
02/01/1989,2233.2,2261.9,2231.3,2242.8,15934,94993
02/02/1989,2237.1,2256.1,2231.3,2238.2,9767,94442
02/03/1989,2229.4,2252.3,2216.1,2242.8,13871,95683
02/06/1989,2237.1,2271.4,2218.0,2265.7,14485,97303
02/07/1989,2269.5,2279.0,2242.8,2248.5,12966,95968
02/08/1989,2252.3,2273.3,2248.5,2269.5,9418,96892
02/09/1989,2279.0,2282.9,2256.1,2258.1,14977,95909
02/10/1989,2265.7,2273.3,2198.9,2227.5,24693,95344
02/13/1989,2218.0,2233.2,2204.6,2231.3,11863,96829
02/14/1989,2233.2,2242.8,2223.7,2232.1,13019,96274
02/15/1989,2218.0,2261.9,2208.4,2254.2,19820,96661
02/16/1989,2254.2,2260.0,2237.1,2250.4,13393,96110
02/17/1989,2229.4,2309.6,2216.1,2267.6,33219,98184
02/21/1989,2269.5,2302.0,2256.1,2265.7,26085,97423
02/22/1989,2266.8,2291.2,2263.1,2267.6,23963,97256
02/23/1989,2281.8,2310.0,2257.5,2266.5,52992,94849
02/24/1989,2265.0,2272.5,2253.7,2263.5,26294,93594
02/27/1989,2270.6,2278.1,2231.2,2233.5,47732,95872
02/28/1989,2238.7,2246.2,2223.7,2225.6,23558,91903
03/01/1989,2220.0,2221.8,2190.0,2191.8,26273,91392
03/02/1989,2190.0,2206.8,2184.3,2193.7,16659,92394
03/03/1989,2208.7,2221.8,2205.0,2209.8,11662,90192
03/06/1989,2220.0,2221.8,2202.0,2212.5,8170,89309
03/07/1989,2205.0,2246.2,2205.0,2236.8,17551,91281
03/08/1989,2242.5,2253.7,2225.6,2230.1,17302,91424
03/09/1989,2231.2,2287.5,2222.2,2283.7,18905,91980
03/10/1989,2295.0,2321.2,2270.6,2306.2,38735,93209
03/13/1989,2291.2,2313.7,2285.6,2310.0,15099,94316
03/14/1989,2310.0,2351.2,2302.5,2345.6,37833,93713
03/15/1989,2338.1,2341.8,2304.3,2313.7,19901,91478
03/16/1989,2311.8,2313.7,2278.1,2298.7,22676,94233
03/17/1989,2304.3,2347.5,2302.5,2323.1,24909,95501
03/20/1989,2345.6,2355.0,2315.6,2319.3,14783,96540
03/21/1989,2313.7,2323.1,2281.8,2298.0,18160,96328
03/22/1989,2296.8,2306.2,2285.6,2294.2,8488,95994
03/23/1989,2310.0,2313.7,2259.3,2271.7,15348,95565
03/27/1989,2257.5,2259.3,2235.0,2251.1,15081,94593
03/28/1989,2253.7,2257.5,2190.0,2193.0,29722,94611
03/29/1989,2203.1,2203.1,2169.3,2178.0,32396,97323
03/30/1989,2190.0,2193.7,2161.8,2167.5,25616,97984
03/31/1989,2182.5,2191.8,2175.0,2183.6,11672,97292
04/03/1989,2193.3,2193.7,2176.8,2187.3,9986,97059
04/04/1989,2195.6,2208.3,2188.1,2196.0,10606,97162
04/05/1989,2186.2,2206.8,2182.5,2189.2,10996,97925
04/06/1989,2193.7,2199.3,2186.2,2187.3,4608,97782
04/07/1989,2193.7,2195.6,2163.7,2174.2,11285,98577
04/10/1989,2163.7,2206.8,2160.0,2193.7,15628,98120
04/11/1989,2195.6,2205.0,2192.2,2198.6,6720,97680
04/12/1989,2191.8,2227.5,2191.8,2210.6,16020,99718
04/13/1989,2216.2,2233.1,2203.1,2208.7,18730,100200
04/14/1989,2205.0,2236.8,2167.5,2184.3,31804,101597
04/17/1989,2184.7,2190.0,2175.0,2186.2,7367,100199
04/18/1989,2186.2,2188.1,2160.0,2167.5,17096,100506
04/19/1989,2171.2,2182.1,2152.5,2161.8,17429,100196
04/20/1989,2167.5,2176.8,2152.5,2170.1,21032,102076
04/21/1989,2167.5,2173.1,2156.2,2161.8,8537,101338
04/24/1989,2160.1,2195.1,2156.4,2187.3,26941,101861
04/25/1989,2185.9,2189.6,2173.0,2173.7,19905,102366
04/26/1989,2171.2,2171.2,2156.4,2161.6,25449,101890
04/27/1989,2162.0,2163.8,2116.0,2116.0,46399,100810
04/28/1989,2108.6,2114.1,2088.4,2099.4,26492,93638
05/01/1989,2095.7,2130.7,2093.9,2116.0,11267,91375
05/02/1989,2116.0,2123.3,2099.4,2104.2,7980,90988
05/03/1989,2106.8,2121.5,2104.9,2108.6,11930,91113
05/04/1989,2110.4,2117.8,2097.6,2100.1,6151,90874
05/05/1989,2097.6,2103.1,2082.8,2092.8,10420,91971
05/08/1989,2097.6,2106.8,2071.8,2089.1,6998,90962
05/09/1989,2093.9,2119.6,2088.4,2117.8,13603,91688
05/10/1989,2123.3,2125.2,2093.9,2095.7,8968,92534
05/11/1989,2108.6,2116.0,2099.4,2110.4,9455,92204
05/12/1989,2110.8,2112.3,2062.6,2064.4,20064,93923
05/15/1989,2046.0,2062.6,2046.0,2047.9,9502,93286
05/16/1989,2055.2,2058.9,2046.0,2050.8,4982,92073
05/17/1989,2049.7,2053.4,2016.6,2022.9,14657,92519
05/18/1989,2020.3,2027.6,2007.4,2011.8,12287,92865
05/19/1989,1979.8,1994.5,1943.0,1947.4,19980,92117
05/22/1989,1884.1,1924.6,1884.1,1900.7,17702,90715
05/23/1989,1926.4,1968.8,1920.9,1925.3,30742,89295
05/24/1989,1920.9,1930.1,1908.0,1925.3,11693,87365
05/25/1989,1935.6,1968.8,1933.8,1957.0,14457,87440
05/26/1989,1981.6,1985.3,1941.2,1952.2,12859,87683
05/30/1989,1939.3,1944.8,1924.6,1943.0,8616,87344
05/31/1989,1943.0,1944.8,1911.7,1915.4,13880,87139
06/01/1989,1915.4,1935.6,1904.4,1928.3,10952,86102
06/02/1989,1935.6,1968.8,1919.1,1964.3,19035,86308
06/05/1989,1961.4,1970.6,1944.8,1951.5,14163,86389
06/06/1989,1944.8,2014.8,1935.6,2012.9,27387,86948
06/07/1989,2009.2,2042.4,1983.5,2024.0,29520,87680
06/08/1989,2016.6,2040.5,2003.7,2015.9,19242,87113
06/09/1989,1983.5,2022.1,1902.5,1909.9,38646,83991
06/12/1989,1920.9,1939.3,1911.7,1924.6,16948,84150
06/13/1989,1926.4,1941.2,1911.7,1932.0,17348,85554
06/14/1989,1932.0,1955.5,1924.6,1943.0,11195,85941
06/15/1989,1920.9,1972.4,1902.5,1961.4,22910,87574
06/16/1989,1957.7,1983.5,1939.3,1952.2,18680,87541
06/19/1989,1955.9,1983.5,1955.9,1965.1,11969,87851
06/20/1989,1968.8,1979.8,1928.3,1932.0,16048,87266
06/21/1989,1935.6,1963.2,1928.3,1949.6,16357,87725
06/22/1989,1962.0,1978.2,1936.6,1951.5,19909,87063
06/23/1989,1956.5,1989.1,1924.0,1964.1,32703,87272
06/26/1989,1960.1,1974.6,1934.8,1954.7,22422,86993
06/27/1989,1949.3,1970.6,1942.1,1954.4,20105,87322
06/28/1989,1943.9,1960.1,1938.4,1945.3,25179,88230
06/29/1989,1949.3,1952.9,1880.6,1884.2,48559,88605
06/30/1989,1895.0,1905.9,1877.0,1896.1,25152,85788
07/03/1989,1905.9,1923.6,1900.5,1922.2,4791,84055
07/05/1989,1931.2,1987.3,1920.4,1980.0,27501,84616
07/06/1989,1963.8,1976.4,1954.7,1973.5,13121,82189
07/07/1989,1960.1,1980.0,1904.1,1911.3,24524,82181
07/10/1989,1927.6,1931.2,1913.1,1918.6,8132,80879
07/11/1989,1909.5,1940.3,1900.5,1926.9,12069,80282
07/12/1989,1924.0,1940.3,1880.6,1900.5,13180,81776
07/13/1989,1898.7,1905.9,1882.8,1902.3,12430,81619
07/14/1989,1895.0,1920.4,1877.0,1905.2,17391,82029
07/17/1989,1911.3,1945.7,1909.5,1925.8,14534,83155
07/18/1989,1916.7,1938.4,1907.7,1918.6,9990,82876
07/19/1989,1909.5,1916.7,1882.4,1885.3,13194,83419
07/20/1989,1889.6,1911.3,1886.0,1894.0,9777,83741
07/21/1989,1905.9,1920.4,1882.4,1895.0,11466,84619
07/24/1989,1900.5,1909.2,1895.0,1900.5,6884,84523
07/25/1989,1898.7,1904.8,1887.8,1902.3,7132,84750
07/26/1989,1905.9,1920.4,1895.0,1907.7,11383,84050
07/27/1989,1909.5,1913.1,1898.7,1903.4,6617,83427
07/28/1989,1895.0,1895.0,1857.1,1874.4,21315,86592
07/31/1989,1873.3,1924.0,1853.5,1921.4,26507,88346
08/01/1989,1913.1,1927.6,1889.6,1914.2,16618,88256
08/02/1989,1909.5,1918.6,1895.0,1903.4,7938,87785
08/03/1989,1898.7,1945.7,1893.2,1928.7,15617,88398
08/04/1989,1924.0,1931.2,1869.7,1880.6,20462,87165
08/07/1989,1882.4,1889.6,1862.5,1866.1,12591,87529
08/08/1989,1877.0,1886.0,1860.7,1876.2,13808,88851
08/09/1989,1869.7,1884.2,1864.3,1875.2,6289,89042
08/10/1989,1880.6,1884.2,1867.9,1878.0,5915,89126
08/11/1989,1866.1,1902.3,1844.4,1887.1,25241,88594
08/14/1989,1878.8,1896.9,1875.2,1887.8,11286,88895
08/15/1989,1884.2,1907.7,1882.4,1904.1,15038,87514
08/16/1989,1904.1,1907.7,1869.7,1883.1,12308,89206
08/17/1989,1877.0,1914.9,1869.7,1904.1,25680,89891
08/18/1989,1900.5,1907.3,1878.8,1900.5,13020,90375
08/21/1989,1893.2,1900.5,1887.8,1896.1,5562,90607
08/22/1989,1892.2,1901.0,1887.6,1893.2,7820,90072
08/23/1989,1895.7,1899.2,1871.0,1872.1,17360,89321
08/24/1989,1871.0,1878.1,1862.2,1871.7,12710,89597
08/25/1989,1860.4,1862.2,1848.1,1849.8,21219,90370
08/28/1989,1860.4,1860.4,1839.2,1842.8,14743,90808
08/29/1989,1846.3,1863.9,1839.2,1842.8,30885,90984
08/30/1989,1846.3,1853.3,1837.5,1839.2,32127,87517
08/31/1989,1835.7,1837.5,1821.6,1823.3,15615,84007
09/01/1989,1828.6,1835.7,1819.8,1833.9,8386,83410
09/05/1989,1828.6,1833.9,1825.1,1828.6,5198,83482
09/06/1989,1835.7,1848.1,1835.7,1842.8,5721,83001
09/07/1989,1835.7,1849.8,1832.2,1847.3,5213,83030
09/08/1989,1846.3,1848.1,1814.5,1823.3,7271,84013
09/11/1989,1826.9,1830.4,1821.6,1822.6,4256,84193
09/12/1989,1828.6,1833.9,1823.3,1827.6,3423,84115
09/13/1989,1828.3,1830.4,1812.8,1825.8,6149,83676
09/14/1989,1830.4,1842.8,1816.3,1820.5,12847,84188
09/15/1989,1818.0,1832.2,1803.9,1830.4,11906,84168
09/18/1989,1825.1,1832.2,1818.0,1822.6,6576,84674
09/19/1989,1821.6,1830.4,1818.0,1821.6,5345,84752
09/20/1989,1826.9,1853.3,1825.1,1841.0,16314,85446
09/21/1989,1835.7,1863.9,1832.2,1862.2,18757,85885
09/22/1989,1871.0,1901.0,1871.0,1899.2,32853,86592
09/25/1989,1913.4,1916.9,1886.9,1897.5,21885,87362
09/26/1989,1892.2,1913.4,1885.1,1890.4,13093,87676
09/27/1989,1902.8,1909.8,1875.2,1883.4,16681,88298
09/28/1989,1885.1,1893.9,1878.4,1888.6,8428,88245
09/29/1989,1895.7,1901.0,1863.9,1874.5,14268,88108
10/02/1989,1874.5,1878.1,1862.2,1872.1,6421,87663
10/03/1989,1869.2,1874.5,1865.7,1871.0,5749,87253
10/04/1989,1872.8,1888.6,1871.0,1880.9,7096,87058
10/05/1989,1885.1,1897.5,1842.8,1850.9,24645,85643
10/06/1989,1846.3,1851.2,1828.6,1832.2,18439,83727
10/09/1989,1832.2,1837.5,1805.7,1808.5,11639,84812
10/10/1989,1807.5,1818.0,1793.3,1800.4,20351,86241
10/11/1989,1803.9,1818.0,1798.6,1815.6,9812,87044
10/12/1989,1819.8,1824.0,1812.8,1819.1,7443,87589
10/13/1989,1818.0,1828.6,1812.8,1814.5,8463,87859
10/16/1989,1842.8,1849.8,1809.2,1822.6,20045,89151
10/17/1989,1819.8,1833.9,1816.3,1820.9,10510,89690
10/18/1989,1828.6,1833.2,1819.8,1821.6,8375,89894
10/19/1989,1826.9,1830.4,1803.9,1812.0,9692,90226
10/20/1989,1811.0,1816.3,1803.9,1814.5,4653,90882
10/23/1989,1809.2,1814.5,1807.5,1813.8,2534,91032
10/24/1989,1814.5,1835.7,1812.8,1833.9,9437,90582
10/25/1989,1828.6,1830.4,1814.5,1821.6,6343,89962
10/26/1989,1825.1,1849.8,1818.4,1848.8,15645,89768
10/27/1989,1846.3,1888.6,1841.0,1878.1,28478,90006
10/30/1989,1874.5,1876.3,1856.9,1865.0,12425,89512
10/31/1989,1862.2,1863.9,1833.9,1842.1,12059,88761
11/01/1989,1842.8,1842.8,1825.5,1831.5,10574,88667
11/02/1989,1833.6,1871.0,1830.4,1867.5,17682,89174
11/03/1989,1863.9,1883.4,1837.5,1856.9,24669,89731
11/06/1989,1860.4,1867.5,1849.8,1859.7,8455,89687
11/07/1989,1879.8,1885.1,1862.2,1869.2,19141,89621
11/08/1989,1869.2,1871.0,1856.9,1869.2,11988,89586
11/09/1989,1869.2,1895.7,1867.5,1873.8,21270,90791
11/10/1989,1872.8,1874.5,1849.8,1856.9,15849,87449
11/13/1989,1878.1,1888.6,1871.0,1877.4,15630,88003
11/14/1989,1888.6,1909.8,1871.0,1909.1,31466,86484
11/15/1989,1904.5,1962.8,1890.4,1955.0,64402,89205
11/16/1989,1941.6,2005.1,1934.5,1975.1,56873,92744
11/17/1989,2010.4,2017.5,1973.4,2006.9,33069,92633
11/20/1989,2006.9,2033.4,1996.3,2013.3,38297,94448
11/21/1989,2035.2,2065.2,2008.7,2063.4,33703,92809
11/22/1989,2067.6,2081.4,2033.1,2050.3,39350,94652
11/24/1989,2071.0,2081.4,2057.2,2076.2,25925,96269
11/27/1989,2060.7,2060.7,2005.5,2010.6,39865,95974
11/28/1989,1976.1,2024.4,1972.7,2012.4,39976,95169
11/29/1989,1977.8,2005.1,1969.2,1978.9,41100,96148
11/30/1989,1964.0,2024.4,1964.0,2000.3,32018,90479
12/01/1989,2008.9,2024.4,1993.4,1997.9,15669,90152
12/04/1989,1981.3,1986.5,1941.6,1943.3,24326,89373
12/05/1989,1948.5,1976.1,1943.3,1952.0,18406,88026
12/06/1989,1952.0,1964.0,1941.6,1958.9,12139,88519
12/07/1989,1964.0,1983.0,1955.4,1981.3,13794,88699
12/08/1989,1974.4,1998.6,1965.8,1988.2,17435,89756
12/11/1989,1995.1,2022.7,1988.5,2003.7,15829,90932
12/12/1989,2003.7,2012.4,1981.3,1996.8,15348,91698
12/13/1989,1988.2,2000.3,1946.8,1952.0,24297,94740
12/14/1989,1950.2,1964.0,1936.4,1954.7,13874,94421
12/15/1989,1965.8,1977.8,1960.6,1970.9,10669,94382
12/18/1989,1955.4,1962.3,1929.5,1956.4,15100,95359
12/19/1989,1943.3,1960.6,1934.7,1943.3,16311,95705
12/20/1989,1950.2,1960.2,1943.3,1949.5,15602,97879
12/21/1989,1960.6,1970.9,1943.7,1946.1,9490,98469
12/22/1989,1953.7,1958.9,1948.5,1951.6,3041,98633
12/26/1989,1946.8,1953.7,1929.5,1934.4,8056,98683
12/27/1989,1934.7,1939.9,1829.4,1836.3,40784,96027
12/28/1989,1832.9,1851.9,1794.9,1803.5,40101,96231
12/29/1989,1817.3,1845.0,1812.2,1820.1,14232,94843
01/02/1990,1803.5,1846.7,1803.5,1813.2,16538,94180
01/03/1990,1803.5,1815.6,1786.6,1801.8,15805,96676
01/04/1990,1817.3,1846.7,1817.3,1841.5,19740,96534
01/05/1990,1839.8,1863.9,1820.8,1858.8,21103,95867
01/08/1990,1839.8,1855.3,1831.5,1832.9,10083,95376
01/09/1990,1832.9,1838.0,1817.3,1828.7,11111,95356
01/10/1990,1836.3,1862.2,1836.3,1852.9,16811,94895
01/11/1990,1850.1,1867.4,1845.0,1851.9,10944,94944
01/12/1990,1859.1,1879.5,1858.8,1859.8,22921,94568
01/15/1990,1860.5,1862.2,1822.5,1828.7,15898,95257
01/16/1990,1820.8,1843.2,1813.9,1824.2,16271,93614
01/17/1990,1819.1,1832.9,1813.9,1832.2,9187,94430
01/18/1990,1834.6,1841.2,1807.0,1808.7,19598,95392
01/19/1990,1801.8,1820.8,1801.8,1812.2,8251,94570
01/22/1990,1803.5,1838.0,1794.9,1834.6,13996,94826
01/23/1990,1829.4,1850.1,1827.7,1843.2,16982,93799
01/24/1990,1853.6,1867.4,1810.4,1814.9,29574,93435
01/25/1990,1812.2,1826.0,1810.4,1813.2,15361,92472
01/26/1990,1826.0,1843.2,1805.3,1815.6,16374,92969
01/29/1990,1817.3,1820.8,1801.8,1813.2,12602,92419
01/30/1990,1807.0,1822.5,1805.3,1810.4,10464,92083
01/31/1990,1801.8,1812.2,1794.9,1804.6,12782,92466
02/01/1990,1807.0,1839.8,1807.0,1839.1,17559,93424
02/02/1990,1838.4,1850.1,1828.0,1842.5,13727,93149
02/05/1990,1845.0,1865.7,1843.2,1849.4,20279,95179
02/06/1990,1838.0,1850.1,1833.2,1841.5,13426,94981
02/07/1990,1834.9,1877.7,1834.9,1841.8,27962,95895
02/08/1990,1838.0,1851.9,1834.6,1844.3,12589,96348
02/09/1990,1834.6,1839.8,1815.6,1820.1,17505,93911
02/12/1990,1824.2,1845.0,1824.2,1831.1,12670,94020
02/13/1990,1845.0,1860.5,1836.3,1840.8,19479,91808
02/14/1990,1829.4,1846.7,1826.0,1839.8,13415,90478
02/15/1990,1843.6,1858.4,1834.6,1839.8,20341,91881
02/16/1990,1838.0,1858.4,1834.6,1843.2,15225,92777
02/20/1990,1846.7,1853.6,1836.3,1844.3,13186,92084
02/21/1990,1845.0,1855.0,1820.8,1822.5,21106,92586
02/22/1990,1820.8,1829.3,1816.0,1820.1,18408,92575
02/23/1990,1810.6,1822.5,1807.2,1808.9,20851,90574
02/26/1990,1803.8,1807.2,1773.2,1776.6,48172,92552
02/27/1990,1776.6,1781.7,1749.4,1752.8,63221,98791
02/28/1990,1759.6,1769.8,1749.4,1768.1,21851,95313
03/01/1990,1766.4,1778.3,1763.0,1776.6,13630,94299
03/02/1990,1771.5,1774.9,1759.6,1765.7,9206,93111
03/05/1990,1763.0,1769.8,1756.2,1762.4,5849,92260
03/06/1990,1766.4,1773.2,1760.3,1761.7,5881,92323
03/07/1990,1757.9,1771.5,1757.9,1763.0,6573,91894
03/08/1990,1764.7,1774.9,1757.9,1759.0,7001,91933
03/09/1990,1749.4,1756.2,1747.7,1752.2,14081,94685
03/12/1990,1754.5,1763.0,1724.0,1733.5,15789,96001
03/13/1990,1729.1,1744.3,1727.4,1738.6,12516,96743
03/14/1990,1739.3,1748.8,1739.3,1745.4,7864,96783
03/15/1990,1742.6,1757.9,1742.6,1743.7,8795,96785
03/16/1990,1749.4,1761.3,1746.0,1747.7,6094,96680
03/19/1990,1752.8,1759.6,1746.0,1750.1,5366,96584
03/20/1990,1751.1,1754.5,1725.7,1730.1,13111,97130
03/21/1990,1724.0,1739.3,1720.6,1733.5,7636,97455
03/22/1990,1732.5,1744.0,1730.8,1742.6,5435,97686
03/23/1990,1741.0,1749.4,1718.9,1728.4,10438,99060
03/26/1990,1664.5,1701.9,1664.5,1697.5,18913,99101
03/27/1990,1693.7,1700.2,1686.6,1696.5,7863,99075
03/28/1990,1701.9,1708.0,1678.1,1683.2,15659,98632
03/29/1990,1686.6,1701.9,1686.6,1692.7,6562,98487
03/30/1990,1693.4,1696.8,1681.5,1691.7,5335,98747
04/02/1990,1684.9,1693.1,1683.2,1691.0,5041,99234
04/03/1990,1698.5,1713.8,1698.5,1711.4,7707,98940
04/04/1990,1708.0,1768.1,1707.3,1763.0,19444,98658
04/05/1990,1756.2,1783.4,1747.7,1755.6,32100,96768
04/06/1990,1764.7,1771.5,1741.0,1763.0,14393,97248
04/09/1990,1749.4,1757.9,1734.2,1742.0,13695,97138
04/10/1990,1739.3,1748.8,1725.7,1736.9,13892,94549
04/11/1990,1730.8,1752.2,1729.1,1748.8,14652,93918
04/12/1990,1747.7,1749.4,1732.5,1735.2,8970,92661
04/16/1990,1729.1,1730.8,1707.3,1724.0,10577,92694
04/17/1990,1715.5,1742.6,1712.1,1735.2,20974,94291
04/18/1990,1730.8,1741.0,1718.9,1725.0,16000,94820
04/19/1990,1729.1,1735.5,1722.3,1725.0,13456,95619
04/20/1990,1722.3,1736.2,1715.5,1735.2,14853,96161
04/23/1990,1727.8,1739.5,1720.4,1732.5,15275,97144
04/24/1990,1729.8,1736.1,1694.4,1699.0,24005,96660
04/25/1990,1691.0,1697.7,1662.6,1672.6,48846,101813
04/26/1990,1674.3,1682.7,1667.6,1669.3,32094,99220
04/27/1990,1671.0,1677.7,1664.3,1671.0,21553,98584
04/30/1990,1666.0,1677.7,1660.9,1676.0,15122,96435
05/01/1990,1679.3,1714.4,1677.7,1702.7,20966,94651
05/02/1990,1694.4,1701.0,1689.3,1692.7,6290,94259
05/03/1990,1694.4,1706.1,1692.7,1695.4,5802,93270
05/04/1990,1707.7,1714.7,1694.4,1695.4,10031,92434
05/07/1990,1701.0,1706.1,1699.4,1700.4,5350,91598
05/08/1990,1699.4,1704.4,1684.3,1690.4,7489,91903
05/09/1990,1684.3,1704.4,1674.3,1702.0,11165,92836
05/10/1990,1699.4,1731.1,1699.4,1721.1,23959,93413
05/11/1990,1699.4,1714.4,1697.7,1706.1,10980,93710
05/14/1990,1704.4,1724.4,1702.7,1712.7,9980,94019
05/15/1990,1696.0,1711.1,1689.3,1694.4,15421,94572
05/16/1990,1689.3,1699.4,1687.7,1692.7,6898,94877
05/17/1990,1696.0,1704.4,1692.7,1697.7,6103,94849
05/18/1990,1702.7,1731.1,1699.4,1729.5,11639,95801
05/21/1990,1731.1,1739.5,1719.8,1732.8,16502,97726
05/22/1990,1727.8,1786.3,1726.1,1782.9,32459,100238
05/23/1990,1721.1,1781.3,1721.1,1763.9,51556,100461
05/24/1990,1761.2,1775.9,1752.8,1762.9,13951,99824
05/25/1990,1762.9,1769.6,1752.8,1757.9,7658,99424
05/29/1990,1757.9,1762.9,1724.4,1730.5,19593,98167
05/30/1990,1726.1,1739.5,1697.7,1699.4,21627,97274
05/31/1990,1699.4,1710.7,1696.0,1707.7,12705,97378
06/01/1990,1704.4,1717.4,1676.0,1697.7,24006,98495
06/04/1990,1687.7,1699.4,1684.3,1698.4,7606,98495
06/05/1990,1696.0,1711.1,1692.7,1703.0,12572,98656
06/06/1990,1706.1,1712.7,1688.3,1692.0,13606,98363
06/07/1990,1674.3,1687.7,1672.6,1684.3,23190,98683
06/08/1990,1682.7,1689.0,1674.3,1682.0,10590,96795
06/11/1990,1676.0,1687.3,1671.0,1682.7,10347,97250
06/12/1990,1681.0,1697.7,1681.0,1684.3,13041,97872
06/13/1990,1671.0,1677.3,1647.6,1648.6,39309,101286
06/14/1990,1640.9,1647.6,1595.8,1599.1,55278,109263
06/15/1990,1607.5,1617.5,1591.4,1612.5,23580,109556
06/18/1990,1614.2,1623.8,1610.8,1616.5,10536,108673
06/19/1990,1615.8,1622.5,1610.8,1613.2,8477,107820
06/20/1990,1605.8,1624.2,1592.4,1618.2,20387,106263
06/21/1990,1620.8,1625.9,1610.8,1614.8,8921,106519
06/22/1990,1607.9,1616.1,1601.3,1610.8,11157,106614
06/25/1990,1621.0,1624.0,1611.1,1611.8,14693,106781
06/26/1990,1601.3,1616.1,1581.5,1612.8,29289,107706
06/27/1990,1604.6,1622.6,1601.3,1602.9,28601,107635
06/28/1990,1606.2,1622.6,1604.6,1608.5,40379,105342
06/29/1990,1614.4,1644.0,1601.3,1631.9,25338,102254
07/02/1990,1632.5,1665.4,1629.2,1647.3,20905,99654
07/03/1990,1649.0,1662.1,1637.4,1640.7,12628,98547
07/05/1990,1622.6,1635.8,1622.6,1623.3,7625,98083
07/06/1990,1625.9,1629.2,1619.4,1622.0,6034,98552
07/09/1990,1621.0,1635.5,1598.0,1599.6,13173,98610
07/10/1990,1588.1,1609.5,1588.1,1602.9,9405,99360
07/11/1990,1598.0,1611.1,1596.3,1610.2,7863,98977
07/12/1990,1606.2,1629.2,1599.6,1626.9,12407,98393
07/13/1990,1625.9,1649.0,1621.0,1632.5,17439,98107
07/16/1990,1630.9,1635.8,1611.1,1612.1,8843,98746
07/17/1990,1609.5,1616.1,1581.5,1600.6,16531,99354
07/18/1990,1596.3,1629.2,1595.4,1622.6,12791,100083
07/19/1990,1621.0,1627.3,1609.5,1611.1,7928,98999
07/20/1990,1609.5,1621.0,1606.2,1609.5,4819,98896
07/23/1990,1622.6,1640.4,1615.4,1620.3,13172,98261
07/24/1990,1621.0,1625.9,1593.1,1596.3,16937,97937
07/25/1990,1614.4,1624.3,1596.3,1601.3,13724,98834
07/26/1990,1599.6,1611.1,1595.0,1607.9,6138,98544
07/27/1990,1598.0,1609.2,1588.1,1601.3,12407,99918
07/30/1990,1599.6,1607.5,1588.1,1591.4,6850,100091
07/31/1990,1604.6,1611.1,1584.8,1585.5,14334,100191
08/01/1990,1584.8,1607.9,1583.5,1596.3,11852,100711
08/02/1990,1621.0,1634.2,1598.0,1599.6,20920,101323
08/03/1990,1589.8,1624.3,1588.1,1601.3,19446,101436
08/06/1990,1609.5,1622.6,1606.2,1617.7,10943,100468
08/07/1990,1612.8,1617.7,1594.7,1607.2,12643,100242
08/08/1990,1611.1,1614.4,1599.6,1601.3,8340,99780
08/09/1990,1604.6,1607.9,1598.0,1605.6,6904,99072
08/10/1990,1619.4,1644.0,1619.4,1642.0,28285,98250
08/14/1990,1655.5,1759.1,1655.5,1714.7,52476,100326
08/15/1990,1686.8,1691.7,1668.7,1673.0,23420,101076
08/16/1990,1670.3,1711.4,1670.3,1704.9,19953,100444
08/17/1990,1703.2,1721.3,1701.6,1708.1,20440,100980
08/20/1990,1701.6,1704.9,1676.9,1691.7,17003,100080
08/21/1990,1693.3,1718.0,1665.4,1678.5,26649,100585
08/22/1990,1684.3,1698.7,1681.1,1690.1,14118,99576
08/23/1990,1706.8,1716.4,1674.6,1688.4,25470,99540
08/24/1990,1681.1,1713.2,1681.1,1708.4,16466,98447
08/27/1990,1665.0,1677.8,1584.6,1595.9,42321,100211
08/28/1990,1605.5,1610.3,1568.6,1592.7,41584,99338
08/29/1990,1592.7,1597.5,1575.0,1587.2,28930,98583
08/30/1990,1581.4,1594.3,1575.0,1581.4,20642,97980
08/31/1990,1581.4,1584.6,1562.1,1564.7,15363,93497
09/04/1990,1565.3,1576.6,1538.0,1550.9,21838,94847
09/05/1990,1547.7,1566.9,1547.7,1554.7,11313,94180
09/06/1990,1562.1,1571.8,1560.5,1565.3,7361,93142
09/07/1990,1554.7,1582.7,1549.3,1573.4,14577,91958
09/10/1990,1550.9,1561.8,1546.4,1558.9,7513,92251
09/11/1990,1550.2,1575.0,1549.3,1565.3,9303,92272
09/12/1990,1565.3,1583.0,1565.3,1572.7,7325,91712
09/13/1990,1566.9,1571.8,1562.1,1563.1,5336,91969
09/14/1990,1568.6,1573.4,1552.5,1554.7,9933,91399
09/17/1990,1555.7,1565.3,1554.1,1559.9,7237,91994
09/18/1990,1552.5,1571.4,1546.1,1567.6,20748,92017
09/19/1990,1560.5,1576.6,1557.3,1559.9,6993,92132
09/20/1990,1560.5,1565.3,1555.7,1562.1,9867,92159
09/21/1990,1562.1,1576.6,1560.5,1565.3,7631,93071
09/24/1990,1571.8,1610.3,1566.9,1605.5,21247,93424
09/25/1990,1600.7,1603.9,1576.6,1579.8,34563,92372
09/26/1990,1568.6,1573.4,1549.3,1566.3,20564,91625
09/27/1990,1552.5,1568.6,1552.5,1557.3,6331,91481
09/28/1990,1555.7,1563.7,1552.5,1553.1,6219,91794
10/01/1990,1546.1,1549.3,1504.3,1513.9,24262,92700
10/02/1990,1517.1,1530.0,1517.1,1525.2,8951,91963
10/03/1990,1520.3,1531.6,1517.1,1527.7,4380,92351
10/04/1990,1530.0,1538.0,1514.2,1520.3,6883,92345
10/05/1990,1526.8,1531.6,1515.5,1519.7,4244,92425
10/08/1990,1515.5,1523.6,1504.3,1519.7,5682,92639
10/09/1990,1521.9,1526.8,1488.2,1494.6,12762,92324
10/10/1990,1494.6,1501.1,1430.3,1434.2,25984,94780
10/11/1990,1411.1,1422.3,1369.3,1377.3,29704,92812
10/12/1990,1348.4,1430.3,1348.4,1399.8,26964,92851
10/15/1990,1375.7,1388.6,1333.9,1342.9,19790,91127
10/16/1990,1343.9,1380.5,1340.3,1346.1,19828,89806
10/17/1990,1356.4,1374.1,1356.4,1362.8,11997,89226
10/18/1990,1363.2,1370.9,1348.4,1362.8,11357,89630
10/19/1990,1369.3,1391.8,1366.1,1381.5,10734,89774
10/22/1990,1359.6,1378.9,1356.4,1360.6,8574,89926
10/23/1990,1367.7,1377.3,1362.8,1368.6,6819,89642
10/24/1990,1356.4,1372.5,1356.4,1369.3,5068,89477
10/25/1990,1367.7,1374.1,1358.0,1362.8,4413,89685
10/26/1990,1364.5,1366.1,1305.0,1311.4,20459,89742
10/29/1990,1303.4,1337.1,1303.4,1336.2,13364,90340
10/30/1990,1330.7,1367.7,1329.4,1364.5,14164,89421
10/31/1990,1369.3,1375.7,1342.0,1343.6,11139,89342
11/01/1990,1350.0,1395.0,1342.0,1368.0,16386,88083
11/02/1990,1359.6,1364.5,1335.5,1345.2,11919,88017
11/05/1990,1345.2,1362.8,1338.7,1358.7,7768,88732
11/06/1990,1359.6,1372.5,1346.8,1368.3,9242,88109
11/07/1990,1356.4,1388.6,1356.4,1378.0,20040,86962
11/08/1990,1374.1,1387.0,1359.6,1374.7,10885,88116
11/09/1990,1366.1,1370.9,1356.4,1361.9,9486,82033
11/12/1990,1346.8,1361.2,1340.3,1351.6,7770,83899
11/13/1990,1352.9,1359.6,1350.0,1353.8,6918,85437
11/14/1990,1351.6,1356.4,1335.5,1342.0,8357,85534
11/15/1990,1340.3,1343.6,1314.6,1323.3,11217,84846
11/16/1990,1324.9,1337.1,1308.2,1333.9,13538,84565
11/19/1990,1324.3,1340.3,1324.3,1330.7,9794,83538
11/20/1990,1327.5,1330.7,1314.6,1321.1,13689,84720
11/21/1990,1316.6,1333.9,1314.6,1325.9,9747,83442
11/23/1990,1331.3,1343.9,1321.8,1327.5,10993,83584
11/26/1990,1343.9,1356.4,1334.4,1334.7,23515,82059
11/27/1990,1311.4,1328.1,1310.8,1318.7,24148,81236
11/28/1990,1317.1,1327.8,1307.7,1326.2,31618,80716
11/29/1990,1326.2,1331.3,1310.8,1316.2,46185,80354
11/30/1990,1307.7,1329.7,1307.7,1327.2,20252,73707
12/03/1990,1326.5,1336.0,1322.1,1331.3,10033,74429
12/04/1990,1337.6,1342.3,1326.5,1335.4,7212,74389
12/05/1990,1337.6,1340.4,1325.0,1333.8,6955,74184
12/06/1990,1317.1,1331.3,1316.5,1323.4,6216,74328
12/07/1990,1325.0,1327.8,1293.5,1301.4,12007,74432
12/10/1990,1307.7,1312.4,1295.1,1299.2,9124,76305
12/11/1990,1296.6,1307.7,1293.8,1303.9,4948,76642
12/12/1990,1302.9,1304.5,1280.9,1289.7,13933,79812
12/13/1990,1279.3,1286.9,1269.9,1282.5,9277,77636
12/14/1990,1262.0,1279.3,1254.2,1260.5,18388,82613
12/17/1990,1261.1,1267.7,1255.7,1266.4,5221,82390
12/18/1990,1263.6,1268.3,1257.3,1267.7,5545,82745
12/19/1990,1268.3,1312.4,1268.3,1309.2,20710,84419
12/20/1990,1307.7,1384.8,1307.7,1341.6,34392,85049
12/21/1990,1325.0,1331.3,1268.3,1286.6,22849,86428
12/26/1990,1280.9,1310.8,1280.9,1308.6,7219,85060
12/27/1990,1307.7,1314.0,1293.5,1307.7,8065,85467
12/28/1990,1307.7,1337.6,1307.7,1336.0,11728,86052
12/31/1990,1332.8,1339.1,1322.1,1336.6,5423,84318
01/02/1991,1334.4,1337.6,1302.9,1311.4,13968,85361
01/03/1991,1296.6,1348.6,1296.6,1342.9,22678,88561
01/04/1991,1337.6,1345.4,1318.7,1324.0,13842,89360
01/07/1991,1334.4,1367.5,1332.8,1365.9,21089,91431
01/08/1991,1350.1,1352.7,1287.2,1314.6,31373,93483
01/09/1991,1302.9,1317.1,1284.1,1314.0,19128,92993
01/10/1991,1310.8,1328.1,1301.4,1304.5,10755,92911
01/11/1991,1315.5,1320.2,1309.2,1314.0,5831,92965
01/14/1991,1337.6,1347.0,1322.5,1339.8,14151,92336
01/15/1991,1332.8,1343.9,1325.0,1328.7,8803,92214
01/16/1991,1342.3,1350.1,1314.0,1332.8,12580,93507
01/17/1991,1290.3,1302.9,1269.9,1271.5,18359,92551
01/18/1991,1276.2,1279.3,1257.3,1262.0,16096,92723
01/21/1991,1271.5,1276.2,1262.0,1265.2,7917,92459
01/22/1991,1274.6,1279.3,1263.6,1268.9,6512,91644
01/23/1991,1246.3,1253.8,1233.7,1239.1,18233,92328
01/24/1991,1221.1,1227.4,1183.3,1191.2,30766,93306
01/25/1991,1200.7,1210.1,1195.9,1201.3,9972,92295
01/28/1991,1197.5,1210.1,1197.5,1209.2,6586,92148
01/29/1991,1213.2,1218.0,1206.9,1217.0,5698,91297
01/30/1991,1202.2,1211.7,1202.2,1204.4,9080,90876
01/31/1991,1206.9,1213.2,1203.8,1212.0,5716,89676
02/01/1991,1219.5,1225.8,1205.4,1218.6,14260,90452
02/04/1991,1216.4,1219.5,1213.2,1213.9,18153,96723
02/05/1991,1206.9,1216.4,1206.9,1213.9,13024,96556
02/06/1991,1202.2,1206.9,1184.9,1191.2,8836,97017
02/07/1991,1191.2,1210.1,1175.5,1200.0,20661,96758
02/08/1991,1203.8,1214.8,1197.8,1206.3,13237,98593
02/11/1991,1195.9,1199.1,1142.4,1163.5,27312,101879
02/12/1991,1155.0,1170.8,1150.3,1169.2,12941,102444
02/13/1991,1169.2,1183.3,1169.2,1181.1,14023,102979
02/14/1991,1183.3,1233.7,1181.8,1206.3,27251,102855
02/15/1991,1195.9,1210.1,1188.1,1191.2,10608,102131
02/19/1991,1177.1,1183.3,1139.3,1161.3,33542,106349
02/20/1991,1162.9,1167.6,1142.4,1157.2,18370,105958
02/21/1991,1145.6,1158.2,1133.0,1145.6,19946,106331
02/22/1991,1130.8,1137.0,1102.8,1104.7,30491,107132
02/25/1991,1107.5,1132.3,1106.2,1125.8,30909,103616
02/26/1991,1127.7,1143.2,1121.1,1121.1,33449,104760
02/27/1991,1129.2,1138.5,1121.4,1123.0,40034,104309
02/28/1991,1143.2,1178.9,1140.1,1172.1,30461,96613
03/01/1991,1171.1,1188.2,1160.3,1186.1,29191,93896
03/04/1991,1175.8,1216.2,1174.3,1211.5,27543,92844
03/05/1991,1192.9,1219.3,1189.8,1206.9,17368,93898
03/06/1991,1200.3,1244.1,1194.4,1214.6,27758,94941
03/07/1991,1214.6,1253.5,1211.5,1247.3,27028,96397
03/08/1991,1255.0,1317.1,1250.4,1306.9,47384,97402
03/11/1991,1304.7,1313.7,1269.0,1276.8,27379,96800
03/12/1991,1251.9,1265.9,1245.7,1256.0,16876,96466
03/13/1991,1267.4,1304.7,1267.4,1287.6,24834,98236
03/14/1991,1255.0,1283.0,1248.8,1262.8,24185,99293
03/15/1991,1256.6,1293.8,1251.9,1281.4,17620,99755
03/18/1991,1256.6,1264.3,1227.1,1234.8,21819,99178
03/19/1991,1230.2,1273.7,1230.2,1259.1,28982,104946
03/20/1991,1264.3,1273.7,1217.7,1231.7,25436,107973
03/21/1991,1234.8,1256.6,1230.2,1249.7,16705,103395
03/22/1991,1248.8,1259.7,1234.8,1240.4,8524,102917
03/25/1991,1228.6,1234.8,1214.6,1228.0,9506,102425
03/26/1991,1222.4,1231.7,1211.5,1213.7,11571,102532
03/27/1991,1202.2,1210.3,1182.0,1191.3,24094,102405
03/28/1991,1194.4,1208.4,1194.4,1201.6,12240,105295
04/01/1991,1200.7,1233.3,1200.7,1230.2,11899,105918
04/02/1991,1224.0,1259.7,1224.0,1245.7,20550,104908
04/03/1991,1273.7,1289.2,1265.9,1268.1,17726,103090
04/04/1991,1270.6,1279.6,1258.1,1261.2,11020,102957
04/05/1991,1253.5,1259.7,1216.2,1227.1,23244,101463
04/08/1991,1228.9,1242.0,1228.9,1234.8,7629,100470
04/09/1991,1245.7,1259.7,1245.7,1252.5,14224,101229
04/10/1991,1247.3,1251.9,1231.7,1237.9,11016,100873
04/11/1991,1234.8,1244.1,1233.3,1235.4,7761,100148
04/12/1991,1248.8,1253.5,1231.7,1238.9,12948,96771
04/15/1991,1234.8,1242.6,1227.1,1240.1,8897,98002
04/16/1991,1251.9,1262.8,1241.0,1248.8,15208,98666
04/17/1991,1258.1,1273.7,1253.5,1272.1,17802,99430
04/18/1991,1279.9,1285.8,1220.8,1225.5,38173,100334
04/19/1991,1224.0,1228.6,1202.2,1214.6,28122,99559
04/22/1991,1213.5,1230.4,1205.8,1222.4,16382,98274
04/23/1991,1218.1,1224.2,1205.8,1223.6,19049,96788
04/24/1991,1221.2,1227.3,1202.8,1218.4,18856,97102
04/25/1991,1202.8,1215.0,1199.7,1210.4,20088,96668
04/26/1991,1205.8,1221.2,1203.1,1214.7,19414,97001
04/29/1991,1205.8,1218.1,1196.6,1216.6,29854,99101
04/30/1991,1224.2,1245.7,1224.2,1231.9,25264,95009
05/01/1991,1235.0,1238.0,1222.7,1224.9,7830,94806
05/02/1991,1215.0,1245.7,1213.5,1238.0,9262,93067
05/03/1991,1239.6,1247.3,1216.6,1221.2,11416,91795
05/06/1991,1218.1,1242.7,1215.0,1238.7,7836,91908
05/07/1991,1239.6,1259.5,1239.6,1249.7,13710,91366
05/08/1991,1242.7,1256.5,1241.1,1252.8,6930,91610
05/09/1991,1251.9,1270.3,1242.7,1253.4,14825,92675
05/10/1991,1245.7,1253.4,1241.1,1245.1,6109,93566
05/13/1991,1242.7,1245.7,1225.8,1234.4,11829,92813
05/14/1991,1233.4,1251.9,1225.8,1251.2,13354,93871
05/15/1991,1271.8,1282.5,1259.5,1268.1,20708,95239
05/16/1991,1261.1,1264.1,1227.3,1239.0,21588,96005
05/17/1991,1236.5,1247.3,1230.4,1237.4,8303,95612
05/20/1991,1233.4,1247.3,1227.3,1244.2,8138,95490
05/21/1991,1244.2,1251.9,1239.6,1246.6,4906,95358
05/22/1991,1254.9,1261.1,1239.6,1245.1,9271,95484
05/23/1991,1239.6,1251.9,1238.0,1246.6,5725,95555
05/24/1991,1247.3,1253.4,1241.1,1242.7,5348,95213
05/28/1991,1241.1,1291.7,1241.1,1281.0,29657,97491
05/29/1991,1273.3,1285.6,1268.7,1277.9,16021,98266
05/30/1991,1262.6,1282.5,1254.9,1277.9,13253,98696
05/31/1991,1273.3,1276.4,1261.1,1263.2,8926,98786
06/03/1991,1277.9,1288.7,1274.9,1281.0,10450,100025
06/04/1991,1279.5,1291.7,1267.2,1276.4,19043,99596
06/05/1991,1277.9,1285.6,1270.3,1284.1,6248,99416
06/06/1991,1300.9,1362.3,1299.4,1359.2,73138,111156
06/07/1991,1373.1,1423.7,1359.2,1371.5,51211,110014
06/10/1991,1394.5,1416.0,1385.3,1399.1,24869,109547
06/11/1991,1371.5,1396.1,1371.5,1384.7,20248,109584
06/12/1991,1385.3,1420.6,1374.6,1380.1,27340,109684
06/13/1991,1368.5,1400.7,1368.5,1387.5,20547,109997
06/14/1991,1377.7,1388.4,1336.2,1358.3,37007,108900
06/17/1991,1350.0,1365.4,1347.0,1363.8,12849,109054
06/18/1991,1379.2,1394.5,1350.0,1366.9,27351,108371
06/19/1991,1353.1,1368.5,1343.9,1362.3,18228,107703
06/20/1991,1362.3,1368.5,1348.5,1365.4,16494,106645
06/21/1991,1362.3,1366.9,1342.4,1343.9,18390,106951
06/24/1991,1321.4,1336.5,1304.7,1334.7,36093,103487
06/25/1991,1336.5,1348.6,1327.4,1342.6,26231,101950
06/26/1991,1351.7,1360.8,1330.5,1336.8,41807,102295
06/27/1991,1333.5,1345.6,1324.4,1345.0,35319,100778
06/28/1991,1363.8,1375.9,1339.5,1356.2,23751,97162
07/01/1991,1356.2,1371.4,1348.6,1360.2,11895,96466
07/02/1991,1345.6,1353.2,1333.5,1350.2,8921,96302
07/03/1991,1357.7,1378.9,1351.7,1372.9,12736,97439
07/08/1991,1369.9,1378.9,1357.7,1366.8,15172,99427
07/09/1991,1357.7,1369.9,1354.7,1355.6,8574,98975
07/10/1991,1366.8,1374.4,1351.7,1353.2,11212,98792
07/11/1991,1342.6,1348.6,1324.4,1326.5,24638,99028
07/12/1991,1330.5,1339.5,1318.3,1334.1,19651,97637
07/15/1991,1330.5,1336.5,1324.4,1329.9,6243,97606
07/16/1991,1328.9,1338.0,1324.4,1334.4,7544,98148
07/17/1991,1338.0,1348.6,1336.5,1348.0,7453,98696
07/18/1991,1354.7,1363.8,1324.4,1337.1,21850,99224
07/19/1991,1336.5,1341.1,1335.0,1339.5,4692,98823
07/22/1991,1333.5,1338.0,1318.3,1320.5,11954,99016
07/23/1991,1306.2,1312.3,1298.6,1300.2,24164,97847
07/24/1991,1282.0,1288.0,1212.3,1215.3,77650,96373
07/25/1991,1239.5,1250.1,1233.5,1235.0,25714,94832
07/26/1991,1232.0,1244.1,1225.9,1242.6,15889,95115
07/29/1991,1241.1,1245.6,1235.0,1238.0,6078,95869
07/30/1991,1224.4,1233.5,1216.8,1232.0,11706,96418
07/31/1991,1235.0,1239.5,1227.4,1235.9,10475,96479
08/01/1991,1227.4,1236.5,1224.4,1228.3,6897,95640
08/02/1991,1197.1,1204.7,1185.0,1192.6,30914,99043
08/05/1991,1183.5,1197.1,1178.9,1194.1,11921,99986
08/06/1991,1198.6,1207.7,1194.1,1200.1,8237,98818
08/07/1991,1194.1,1204.7,1194.1,1203.2,4501,98977
08/08/1991,1203.2,1207.7,1188.0,1190.1,9532,99185
08/09/1991,1197.1,1206.2,1191.0,1204.7,6535,100365
08/12/1991,1204.7,1206.2,1200.1,1201.7,7997,97025
08/13/1991,1195.6,1198.6,1191.0,1193.2,8821,96285
08/14/1991,1185.0,1206.2,1171.3,1201.7,21825,96141
08/15/1991,1200.1,1207.7,1189.5,1191.0,11302,96180
08/16/1991,1194.1,1221.4,1194.1,1210.7,14671,95606
08/19/1991,1219.8,1241.1,1206.2,1213.8,23912,94115
08/20/1991,1209.2,1212.3,1177.4,1195.6,24844,94806
08/21/1991,1186.5,1203.2,1186.5,1193.5,9647,92895
08/22/1991,1187.7,1198.1,1183.2,1185.0,8404,92391
08/23/1991,1171.3,1195.1,1165.3,1194.2,16214,93083
08/26/1991,1195.1,1201.1,1187.7,1192.1,11078,92771
08/27/1991,1190.6,1198.1,1180.2,1185.9,19446,93657
08/28/1991,1192.1,1195.1,1184.7,1188.6,16419,92951
08/29/1991,1183.2,1187.7,1153.4,1157.9,35861,93486
08/30/1991,1148.9,1160.8,1145.9,1153.4,11153,87978
09/03/1991,1156.4,1184.7,1156.4,1182.6,11497,88375
09/04/1991,1181.7,1187.7,1177.2,1181.7,7445,88010
09/05/1991,1163.8,1174.3,1162.3,1169.2,6050,87874
09/06/1991,1165.3,1204.1,1162.3,1200.5,20656,87233
09/09/1991,1204.1,1227.9,1201.1,1221.9,16924,86922
09/10/1991,1223.4,1233.9,1201.1,1204.1,14219,87081
09/11/1991,1177.2,1196.6,1177.2,1191.5,15413,86512
09/12/1991,1198.1,1208.5,1190.6,1194.5,10543,87266
09/13/1991,1186.2,1205.5,1186.2,1205.0,11674,86796
09/16/1991,1219.0,1227.9,1202.6,1207.0,12438,86915
09/17/1991,1224.9,1235.4,1217.5,1224.9,12188,87150
09/18/1991,1230.9,1239.8,1221.9,1231.5,11504,86356
09/19/1991,1233.9,1239.8,1216.0,1227.0,11089,86687
09/20/1991,1223.4,1233.9,1220.5,1233.3,6474,86604
09/23/1991,1239.8,1259.2,1238.3,1257.1,16613,87454
09/24/1991,1275.6,1289.0,1265.2,1281.5,31063,88105
09/25/1991,1265.2,1275.6,1257.7,1271.1,15311,87019
09/26/1991,1265.2,1271.1,1233.9,1238.3,15823,86461
09/27/1991,1216.0,1229.4,1216.0,1227.9,10618,85880
09/30/1991,1242.8,1257.7,1239.8,1243.7,11087,86816
10/01/1991,1250.3,1256.2,1244.3,1251.1,5601,86699
10/02/1991,1263.7,1269.6,1245.8,1246.7,11796,87160
10/03/1991,1254.7,1262.2,1242.8,1257.1,11473,87587
10/04/1991,1248.8,1254.7,1230.9,1242.8,18389,90118
10/07/1991,1235.4,1241.3,1227.9,1236.2,10125,90142
10/08/1991,1213.0,1220.5,1210.0,1217.5,15802,88321
10/09/1991,1219.0,1227.9,1210.0,1225.8,9662,88461
10/10/1991,1229.4,1233.9,1210.0,1215.1,10237,89321
10/11/1991,1207.0,1239.8,1204.1,1235.9,13171,89930
10/14/1991,1226.4,1229.4,1213.0,1221.0,7882,90599
10/15/1991,1219.0,1224.9,1214.5,1216.6,5051,90474
10/16/1991,1211.5,1232.4,1211.5,1230.0,10134,91595
10/17/1991,1233.9,1239.8,1217.5,1229.4,12360,92315
10/18/1991,1230.9,1244.3,1220.5,1239.8,12334,92737
10/21/1991,1244.3,1259.2,1241.3,1242.8,15555,92368
10/22/1991,1239.8,1242.8,1233.9,1240.4,5966,91715
10/23/1991,1232.4,1236.8,1221.9,1226.4,10962,92084
10/24/1991,1217.5,1233.9,1217.5,1231.8,7930,91783
10/25/1991,1232.4,1236.8,1221.9,1223.4,7071,91864
10/28/1991,1213.0,1219.0,1201.1,1217.5,17471,92531
10/29/1991,1211.5,1235.4,1205.5,1226.4,17186,92259
10/30/1991,1227.9,1230.9,1221.9,1225.8,4807,92602
10/31/1991,1216.0,1233.9,1214.5,1224.3,10257,93744
11/01/1991,1223.4,1233.9,1208.5,1210.9,12517,94393
11/04/1991,1214.5,1221.9,1205.5,1216.9,12039,93654
11/05/1991,1220.5,1226.4,1210.0,1210.9,7675,93247
11/06/1991,1210.0,1219.0,1207.0,1212.4,7928,93084
11/07/1991,1213.0,1214.5,1186.2,1191.5,21431,95247
11/08/1991,1193.6,1199.6,1187.7,1193.0,13326,92007
11/11/1991,1201.1,1204.1,1193.6,1195.1,5285,92490
11/12/1991,1196.6,1211.5,1195.1,1203.5,9055,91452
11/13/1991,1205.5,1211.5,1195.1,1206.4,12863,90353
11/14/1991,1198.1,1202.6,1181.7,1186.2,17056,90600
11/15/1991,1189.2,1219.0,1187.7,1200.2,24695,89166
11/18/1991,1196.6,1208.5,1195.1,1200.2,16510,88816
11/19/1991,1202.6,1229.4,1202.6,1213.6,26252,90343
11/20/1991,1211.5,1219.0,1207.0,1216.6,13917,88877
11/21/1991,1210.0,1230.9,1210.0,1229.4,25022,88441
11/22/1991,1229.1,1239.4,1224.7,1232.4,20765,88001
11/25/1991,1230.6,1243.8,1211.5,1214.8,29753,85075
11/26/1991,1210.1,1220.3,1199.8,1214.8,34570,84639
11/27/1991,1215.9,1218.9,1207.1,1210.1,30022,83343
11/29/1991,1204.2,1208.6,1199.8,1208.0,8059,81040
12/02/1991,1210.1,1215.9,1204.2,1205.6,7800,79999
12/03/1991,1195.4,1199.8,1189.5,1193.0,14638,80052
12/04/1991,1196.8,1198.3,1186.6,1191.5,10004,81642
12/05/1991,1196.8,1201.2,1193.9,1197.4,8129,83172
12/06/1991,1199.8,1210.1,1192.4,1195.4,10143,83837
12/09/1991,1204.2,1207.1,1191.0,1191.8,5978,83231
12/10/1991,1186.6,1193.9,1176.3,1181.6,26733,86504
12/11/1991,1174.8,1177.7,1149.8,1161.0,36332,89442
12/12/1991,1157.2,1161.6,1124.9,1134.6,28668,94044
12/13/1991,1130.8,1144.0,1123.4,1138.1,13174,96579
12/16/1991,1138.1,1142.5,1132.2,1134.6,4750,95678
12/17/1991,1132.2,1142.5,1132.2,1136.6,6850,95961
12/18/1991,1138.1,1141.0,1127.8,1136.0,6928,96761
12/19/1991,1130.8,1145.4,1130.8,1134.6,5128,97342
12/20/1991,1121.9,1151.3,1119.0,1139.0,19840,97762
12/23/1991,1139.6,1158.7,1139.6,1155.7,6089,97495
12/24/1991,1154.2,1160.1,1152.8,1156.6,3220,97036
12/26/1991,1145.4,1158.7,1145.4,1155.1,5340,96839
12/27/1991,1148.4,1151.3,1132.2,1141.9,6740,97193
12/30/1991,1133.7,1146.9,1127.8,1139.0,10503,96863
12/31/1991,1139.6,1151.3,1133.7,1149.0,5306,96837
01/02/1992,1132.2,1176.3,1132.2,1167.5,18129,93958
01/03/1992,1171.9,1186.6,1163.1,1166.6,14898,92221
01/06/1992,1155.7,1166.0,1148.4,1165.1,12682,92719
01/07/1992,1160.1,1167.5,1155.7,1157.8,5159,92903
01/08/1992,1160.1,1170.4,1154.2,1166.0,7662,93967
01/09/1992,1170.4,1227.7,1166.0,1219.7,38285,95832
01/10/1992,1218.9,1224.7,1201.2,1205.6,23418,94936
01/13/1992,1193.9,1201.2,1192.4,1200.4,11406,94717
01/14/1992,1185.1,1211.5,1185.1,1204.2,18784,96666
01/15/1992,1215.9,1235.0,1214.5,1221.8,18384,98245
01/16/1992,1217.4,1295.2,1217.4,1274.1,50625,102719
01/17/1992,1276.1,1284.9,1257.0,1260.0,31200,98187
01/20/1992,1245.3,1270.3,1245.3,1256.2,16364,99623
01/21/1992,1252.6,1274.7,1251.2,1258.5,21882,102505
01/22/1992,1251.2,1262.9,1248.2,1260.9,13031,101329
01/23/1992,1252.6,1268.8,1236.5,1240.9,19005,101268
01/24/1992,1230.6,1233.5,1207.1,1222.7,23140,97813
01/27/1992,1230.6,1236.5,1214.5,1224.1,9318,98337
01/28/1992,1233.5,1239.4,1226.2,1230.0,6312,97913
01/29/1992,1220.3,1257.0,1218.9,1247.6,17223,99154
01/30/1992,1242.4,1246.8,1210.1,1217.4,17608,96476
01/31/1992,1211.5,1238.0,1207.1,1227.7,13510,96342
02/03/1992,1230.6,1233.5,1218.9,1224.7,5734,96873
02/04/1992,1224.7,1235.0,1221.8,1225.6,7428,96064
02/05/1992,1220.3,1233.5,1217.4,1233.0,13003,95112
02/06/1992,1242.4,1246.8,1235.0,1238.8,11661,95110
02/07/1992,1233.5,1258.5,1218.9,1231.2,26739,93461
02/10/1992,1229.1,1236.5,1226.2,1233.0,5566,93577
02/11/1992,1226.2,1232.1,1223.3,1228.6,7184,94071
02/12/1992,1232.1,1242.4,1232.1,1237.4,11583,94041
02/13/1992,1233.5,1252.6,1227.7,1234.4,18082,96126
02/14/1992,1227.7,1232.1,1213.0,1221.2,17460,94257
02/18/1992,1211.5,1214.5,1186.6,1191.8,41521,91900
02/19/1992,1189.5,1196.8,1186.6,1191.0,10940,91382
02/20/1992,1199.8,1213.0,1195.4,1210.9,19787,90659
02/21/1992,1198.3,1208.6,1198.3,1203.6,13533,91305
02/24/1992,1194.3,1214.6,1192.8,1202.1,22127,92556
02/25/1992,1207.4,1211.7,1194.3,1194.8,20248,92578
02/26/1992,1189.9,1204.5,1187.0,1192.8,26937,92281
02/27/1992,1197.2,1213.2,1197.2,1205.9,34072,94668
02/28/1992,1201.5,1207.4,1201.5,1204.5,6491,87607
03/02/1992,1197.2,1211.7,1195.7,1208.2,8104,85754
03/03/1992,1208.8,1223.4,1203.0,1204.5,13425,85406
03/04/1992,1200.1,1207.4,1198.6,1206.8,7648,85962
03/05/1992,1201.5,1219.0,1201.5,1213.2,8734,86965
03/06/1992,1216.1,1230.7,1213.2,1218.4,16799,88146
03/09/1992,1214.6,1220.5,1210.3,1219.9,6622,87755
03/10/1992,1220.5,1224.8,1214.6,1215.5,6495,87800
03/11/1992,1214.6,1219.0,1210.3,1216.1,5442,87588
03/12/1992,1208.8,1216.1,1189.9,1198.0,20567,88641
03/13/1992,1200.1,1204.5,1192.8,1201.5,7631,87719
03/16/1992,1194.3,1198.6,1188.4,1190.5,8958,87669
03/17/1992,1176.8,1187.0,1172.4,1185.5,22209,88050
03/18/1992,1187.0,1191.3,1179.7,1180.3,7422,88303
03/19/1992,1168.0,1210.3,1168.0,1206.5,25011,89914
03/20/1992,1200.1,1210.3,1192.8,1203.6,13804,90317
03/23/1992,1201.5,1207.4,1195.7,1196.3,6747,90208
03/24/1992,1198.6,1201.5,1195.7,1196.3,6181,89724
03/25/1992,1201.5,1204.5,1192.8,1194.8,8078,89843
03/26/1992,1191.3,1201.5,1191.3,1195.7,4200,89741
03/27/1992,1192.8,1214.6,1191.3,1210.3,13283,90074
03/30/1992,1208.8,1211.7,1203.0,1205.9,4626,89812
03/31/1992,1205.9,1211.7,1203.0,1206.8,6786,90232
04/01/1992,1211.7,1214.6,1194.3,1195.1,11365,90245
04/02/1992,1188.4,1197.2,1184.1,1190.5,8757,90113
04/03/1992,1188.4,1194.3,1187.0,1190.5,9721,90761
04/06/1992,1189.9,1205.9,1188.4,1197.2,10515,91616
04/07/1992,1191.3,1194.3,1185.5,1189.3,6789,91562
04/08/1992,1191.3,1197.2,1189.9,1190.8,8488,92506
04/09/1992,1192.8,1203.0,1191.3,1198.0,11964,93471
04/10/1992,1204.5,1211.7,1194.3,1196.6,16467,93501
04/13/1992,1197.2,1198.6,1184.1,1192.2,11249,94606
04/14/1992,1191.3,1198.6,1191.3,1196.6,6114,93654
04/15/1992,1195.7,1200.1,1160.8,1168.9,38864,96446
04/16/1992,1169.5,1172.4,1153.5,1157.3,27693,97117
04/20/1992,1159.3,1162.2,1141.8,1155.8,23236,100022
04/21/1992,1156.4,1169.5,1153.5,1163.7,18325,101158
04/22/1992,1157.4,1173.3,1155.9,1170.4,12967,101747
04/23/1992,1171.8,1174.7,1164.6,1169.2,16998,103316
04/24/1992,1155.9,1163.1,1150.1,1154.8,13499,103460
04/27/1992,1158.8,1160.3,1144.4,1148.1,17106,103390
04/28/1992,1151.6,1153.0,1144.4,1147.5,25988,101198
04/29/1992,1140.0,1154.5,1140.0,1151.0,25257,100393
04/30/1992,1153.0,1161.7,1150.1,1160.3,8686,94565
05/01/1992,1161.7,1166.0,1158.8,1163.1,7837,93540
05/04/1992,1158.8,1166.0,1154.5,1164.0,3825,93205
05/05/1992,1163.1,1187.7,1163.1,1179.0,19005,90576
05/06/1992,1181.9,1186.3,1176.2,1181.9,7247,89833
05/07/1992,1173.3,1177.6,1167.5,1172.7,6422,89831
05/08/1992,1168.9,1197.8,1168.9,1184.2,20061,89226
05/11/1992,1190.6,1194.9,1184.8,1188.6,8370,86571
05/12/1992,1183.4,1190.6,1181.9,1187.1,8422,86273
05/13/1992,1181.9,1189.2,1180.5,1185.7,7088,85381
05/14/1992,1189.2,1193.5,1186.3,1191.5,5771,85868
05/15/1992,1193.5,1203.6,1183.4,1185.4,15756,85821
05/18/1992,1184.8,1193.5,1181.9,1185.4,7989,84567
05/19/1992,1193.5,1196.4,1180.5,1182.5,8303,84846
05/20/1992,1179.0,1184.8,1179.0,1182.5,5598,84611
05/21/1992,1180.5,1183.4,1177.6,1178.2,7320,85503
05/22/1992,1177.6,1189.2,1177.6,1184.0,5201,86002
05/26/1992,1181.9,1190.6,1181.9,1185.4,6822,86723
05/27/1992,1187.7,1192.0,1181.9,1183.4,10123,86867
05/28/1992,1177.6,1181.9,1173.3,1174.7,9175,85793
05/29/1992,1174.7,1177.6,1160.3,1162.3,14380,86020
06/01/1992,1158.8,1176.2,1153.0,1169.5,16855,86761
06/02/1992,1176.2,1184.8,1174.7,1179.9,8882,85308
06/03/1992,1184.8,1189.2,1174.7,1175.6,7752,84313
06/04/1992,1174.7,1180.5,1171.8,1179.9,4528,83838
06/05/1992,1180.5,1181.9,1171.8,1172.7,5509,84408
06/08/1992,1171.8,1174.7,1164.6,1169.8,4060,84666
06/09/1992,1167.5,1173.3,1167.5,1169.8,4111,84811
06/10/1992,1173.3,1176.2,1171.8,1172.7,3391,84724
06/11/1992,1168.9,1187.7,1168.9,1186.3,10784,85667
06/12/1992,1189.2,1194.9,1174.7,1192.9,21813,85265
06/15/1992,1192.0,1196.4,1183.4,1195.8,14881,84017
06/16/1992,1187.7,1193.5,1183.4,1185.7,9591,83577
06/17/1992,1187.7,1190.6,1180.5,1181.9,7144,83299
06/18/1992,1177.6,1187.7,1177.6,1182.5,8423,83003
06/19/1992,1187.7,1197.8,1161.7,1162.6,32746,84384
06/22/1992,1165.8,1168.6,1162.9,1166.9,15597,84231
06/23/1992,1170.1,1172.9,1164.3,1165.8,14462,83274
06/24/1992,1162.9,1168.6,1160.0,1162.6,16777,82924
06/25/1992,1161.5,1167.2,1155.7,1156.6,17898,82829
06/26/1992,1154.3,1157.2,1147.1,1148.6,27583,81685
06/29/1992,1147.1,1158.6,1142.8,1158.0,32721,84426
06/30/1992,1158.6,1164.3,1158.6,1163.7,7245,80383
07/01/1992,1164.3,1167.2,1158.6,1163.7,7974,79572
07/02/1992,1168.6,1177.2,1160.0,1164.3,13496,78480
07/06/1992,1164.3,1168.6,1161.5,1162.3,3563,78162
07/07/1992,1119.9,1122.7,1099.8,1117.0,41836,82442
07/08/1992,1122.7,1128.5,1118.4,1119.9,13436,82822
07/09/1992,1121.3,1132.8,1119.9,1131.9,7659,82404
07/10/1992,1137.1,1138.5,1127.0,1129.9,6765,82418
07/13/1992,1128.5,1131.3,1125.6,1129.3,3761,82215
07/14/1992,1131.3,1135.6,1125.6,1135.1,4707,81546
07/15/1992,1132.8,1137.1,1129.9,1135.6,4007,81509
07/16/1992,1128.5,1131.3,1125.6,1126.5,4164,81547
07/17/1992,1124.2,1152.9,1124.2,1144.2,17826,81028
07/20/1992,1150.0,1158.6,1141.4,1142.0,10242,80528
07/21/1992,1135.6,1138.5,1131.3,1134.2,7653,80686
07/22/1992,1137.1,1148.6,1135.6,1143.4,6386,80451
07/23/1992,1147.1,1151.4,1138.5,1140.5,5409,80949
07/24/1992,1141.4,1142.8,1132.8,1142.2,5320,80806
07/27/1992,1137.1,1139.9,1135.6,1136.5,2072,80410
07/28/1992,1137.1,1141.4,1132.8,1135.1,5864,80504
07/29/1992,1127.0,1131.3,1117.0,1119.3,14576,80103
07/30/1992,1118.4,1128.5,1118.4,1127.6,4781,79950
07/31/1992,1134.2,1137.1,1125.6,1129.0,6387,80767
08/03/1992,1125.6,1127.0,1114.1,1114.7,6666,79576
08/04/1992,1111.3,1115.6,1107.0,1113.3,7470,80043
08/05/1992,1107.0,1118.4,1107.0,1116.1,3722,79772
08/06/1992,1121.3,1124.2,1119.9,1123.3,4767,80042
08/07/1992,1124.2,1142.8,1122.7,1139.1,9349,80254
08/10/1992,1138.5,1142.8,1134.2,1137.1,5698,79837
08/11/1992,1129.9,1137.1,1114.1,1117.0,15236,79303
08/12/1992,1114.1,1119.9,1078.3,1082.6,34789,82184
08/13/1992,1085.5,1092.6,1074.0,1081.2,29059,83952
08/14/1992,1085.5,1095.5,1084.0,1087.5,12906,83027
08/17/1992,1091.2,1094.1,1081.2,1086.0,7368,82101
08/18/1992,1085.5,1086.9,1075.4,1083.2,11569,83632
08/19/1992,1088.3,1089.8,1079.7,1083.2,5319,83648
08/20/1992,1066.8,1072.6,1065.4,1070.3,15018,83925
08/21/1992,1068.3,1075.4,1065.4,1068.8,8476,82326
08/24/1992,1071.6,1073.1,1058.9,1066.0,12492,82977
08/25/1992,1057.4,1068.8,1057.4,1061.4,11801,82072
08/26/1992,1040.4,1054.6,1039.0,1052.3,20991,83031
08/27/1992,1053.2,1064.5,1050.3,1062.6,16029,81786
08/28/1992,1061.7,1067.4,1051.8,1054.0,15322,81779
08/31/1992,1057.4,1074.5,1057.4,1069.4,11503,79521
09/01/1992,1070.2,1073.1,1060.3,1064.5,6423,78768
09/02/1992,1058.9,1063.1,1056.0,1058.0,6527,75755
09/03/1992,1057.4,1070.2,1053.2,1066.5,7796,76369
09/04/1992,1064.5,1077.3,1058.9,1060.3,9800,75889
09/08/1992,1060.3,1063.1,1057.4,1062.3,2706,75663
09/09/1992,1063.1,1073.1,1057.4,1061.7,7582,75641
09/10/1992,1060.3,1064.5,1058.9,1059.4,2739,75825
09/11/1992,1047.5,1056.0,1046.1,1052.3,8866,74558
09/14/1992,1068.8,1090.1,1067.4,1077.9,14223,74631
09/15/1992,1077.3,1094.3,1075.9,1087.8,15156,72637
09/16/1992,1097.2,1098.6,1090.1,1092.1,9993,72214
09/17/1992,1090.1,1091.5,1073.1,1076.5,7212,72481
09/18/1992,1081.6,1112.8,1077.3,1099.2,17336,73519
09/21/1992,1085.8,1090.1,1081.6,1087.8,6348,73311
09/22/1992,1078.7,1107.1,1078.7,1093.5,10356,74375
09/23/1992,1090.1,1097.2,1084.4,1085.8,7490,74651
09/24/1992,1084.4,1091.5,1081.6,1089.2,4567,74497
09/25/1992,1088.7,1095.8,1083.0,1085.0,5613,73535
09/28/1992,1083.0,1085.8,1058.9,1065.4,12005,71880
09/29/1992,1057.4,1070.2,1057.4,1064.0,5676,71354
09/30/1992,1068.8,1074.5,1064.5,1067.9,4519,71686
10/01/1992,1067.4,1070.2,1060.3,1060.8,6960,70541
10/02/1992,1060.3,1067.4,1058.9,1066.5,5337,71571
10/05/1992,1066.0,1081.6,1063.1,1070.8,6229,71412
10/06/1992,1068.8,1070.2,1063.1,1066.0,2596,70939
10/07/1992,1061.7,1066.0,1057.4,1063.1,2973,70825
10/08/1992,1058.9,1075.9,1057.4,1065.4,7471,70805
10/09/1992,1058.9,1078.7,1058.9,1072.5,8802,70900
10/12/1992,1061.7,1068.8,1061.7,1065.1,4602,70659
10/13/1992,1053.2,1057.4,1050.3,1054.6,9009,70053
10/14/1992,1051.8,1058.9,1048.9,1052.3,4097,70785
10/15/1992,1056.0,1060.3,1050.3,1050.9,8245,72430
10/16/1992,1050.3,1061.7,1050.3,1056.6,3832,72533
10/19/1992,1056.0,1060.3,1056.0,1059.7,2691,72603
10/20/1992,1061.7,1085.8,1061.7,1076.7,16465,73541
10/21/1992,1080.2,1087.2,1075.9,1080.2,7370,73474
10/22/1992,1075.9,1080.2,1071.6,1077.3,4732,73203
10/23/1992,1074.5,1081.6,1070.2,1073.6,5442,73294
10/26/1992,1064.5,1068.8,1064.5,1066.5,2907,73232
10/27/1992,1061.7,1067.4,1058.9,1065.1,5626,73044
10/28/1992,1068.8,1071.6,1066.0,1070.2,3636,72838
10/29/1992,1064.5,1071.6,1064.5,1068.8,3051,72974
10/30/1992,1067.4,1070.2,1064.5,1067.9,2678,73031
11/02/1992,1067.4,1078.7,1067.4,1076.5,4513,73418
11/03/1992,1075.9,1080.2,1071.6,1073.6,5986,73448
11/04/1992,1074.5,1095.8,1074.5,1092.1,20141,76161
11/05/1992,1101.4,1127.0,1101.4,1117.1,40862,85950
11/06/1992,1115.6,1128.4,1097.2,1101.4,27598,88662
11/09/1992,1097.2,1104.3,1044.7,1050.9,39095,83128
11/10/1992,1044.7,1050.3,1030.5,1034.7,30934,80660
11/11/1992,1036.2,1047.5,1036.2,1041.8,16349,81359
11/12/1992,1043.2,1078.7,1037.6,1072.5,17102,78969
11/13/1992,1075.9,1085.8,1063.1,1064.5,23602,77530
11/16/1992,1063.1,1071.6,1060.3,1065.1,9472,76430
11/17/1992,1061.7,1068.8,1061.7,1066.8,8707,76386
11/18/1992,1067.4,1074.5,1066.0,1068.2,5814,75949
11/19/1992,1063.1,1068.8,1063.1,1068.2,4945,76262
11/20/1992,1070.2,1073.1,1064.5,1066.5,6744,75800
11/23/1992,1058.9,1065.9,1058.9,1063.7,13867,76064
11/24/1992,1063.1,1068.7,1060.3,1063.4,18389,75526
11/25/1992,1064.5,1065.9,1057.5,1063.4,25933,72870
11/27/1992,1061.7,1063.1,1051.9,1055.3,24895,75242
11/30/1992,1054.7,1063.1,1054.7,1059.5,10516,72467
12/01/1992,1061.7,1065.9,1057.5,1058.9,5839,71438
12/02/1992,1061.7,1065.9,1058.9,1059.5,4063,71540
12/03/1992,1058.9,1067.3,1057.5,1062.6,4659,71022
12/04/1992,1063.1,1065.9,1058.9,1062.6,3220,70790
12/07/1992,1061.7,1064.5,1056.1,1064.0,3938,70558
12/08/1992,1061.7,1067.3,1058.9,1059.8,3593,70866
12/09/1992,1049.1,1051.9,1042.1,1045.4,9507,71128
12/10/1992,1042.1,1051.9,1040.7,1051.3,4554,71931
12/11/1992,1051.9,1054.7,1047.7,1050.5,2276,71716
12/14/1992,1049.1,1050.5,1046.3,1049.6,2708,71257
12/15/1992,1046.3,1049.1,1044.9,1045.4,1908,71331
12/16/1992,1049.1,1057.5,1047.7,1056.1,5857,71538
12/17/1992,1057.5,1074.4,1057.5,1068.2,14893,71486
12/18/1992,1065.9,1068.7,1061.7,1065.4,4557,71459
12/21/1992,1056.1,1060.3,1051.9,1055.5,5340,71928
12/22/1992,1049.1,1051.9,1037.8,1041.5,14017,71986
12/23/1992,1037.8,1044.9,1036.4,1042.9,8224,73599
12/24/1992,1039.3,1043.5,1036.4,1037.3,2451,73464
12/28/1992,1042.1,1046.3,1035.0,1036.4,3099,73944
12/29/1992,1032.2,1033.6,1023.8,1030.0,12772,75187
12/30/1992,1026.6,1039.3,1026.6,1035.6,7908,76075
12/31/1992,1035.0,1039.3,1033.6,1036.4,2253,76264
01/04/1993,1021.0,1029.4,1019.6,1026.0,9179,77103
01/05/1993,1028.0,1040.7,1026.6,1037.8,10708,77638
01/06/1993,1040.7,1050.5,1037.8,1042.9,11781,76575
01/07/1993,1039.3,1042.1,1030.8,1031.7,7309,78398
01/08/1993,1028.0,1036.4,1028.0,1035.6,5405,79335
01/11/1993,1029.4,1033.6,1029.4,1030.0,2472,78601
01/12/1993,1035.0,1049.1,1033.6,1038.4,13401,79538
01/13/1993,1029.4,1044.9,1029.4,1038.4,8556,80801
01/14/1993,1039.3,1044.9,1029.4,1032.2,9096,80860
01/15/1993,1029.4,1032.2,1023.8,1030.3,5871,81237
01/18/1993,1029.4,1035.0,1028.0,1034.5,2255,81238
01/19/1993,1035.0,1049.1,1033.6,1037.3,11527,81352
01/20/1993,1032.2,1056.1,1029.4,1049.9,18365,82130
01/21/1993,1047.7,1053.3,1044.9,1045.7,9254,81425
01/22/1993,1042.1,1054.7,1039.3,1041.5,7829,81378
01/25/1993,1036.4,1042.1,1033.6,1037.0,6126,80982
01/26/1993,1039.3,1043.5,1035.0,1039.8,4204,80599
01/27/1993,1033.6,1037.8,1030.8,1034.2,5523,81196
01/28/1993,1033.6,1044.9,1033.6,1041.5,6637,81772
01/29/1993,1044.9,1046.3,1026.6,1028.0,11696,80900
02/01/1993,1025.2,1036.4,1023.8,1032.2,8181,81317
02/02/1993,1029.4,1036.4,1029.4,1031.4,6258,79200
02/03/1993,1029.4,1036.4,1028.0,1028.6,3592,78941
02/04/1993,1028.0,1033.6,1026.6,1031.4,5114,79265
02/05/1993,1029.4,1033.6,1026.6,1028.0,5040,80179
02/08/1993,1026.6,1032.2,1026.6,1030.0,3611,80302
02/09/1993,1033.6,1042.1,1033.6,1039.3,8183,80481
02/10/1993,1043.5,1057.5,1040.7,1056.7,30312,84116
02/11/1993,1058.9,1064.5,1053.3,1055.3,17545,85365
02/12/1993,1050.5,1053.3,1033.6,1037.0,16893,83563
02/16/1993,1036.4,1044.9,1029.4,1042.6,18467,82741
02/17/1993,1039.3,1042.1,1021.0,1026.0,30657,84893
02/18/1993,1022.4,1028.0,1019.6,1020.4,23052,88367
02/19/1993,1016.8,1019.6,999.9,1001.3,25166,93915
02/22/1993,998.5,1001.3,985.9,990.1,29478,94930
02/23/1993,995.7,1006.8,995.7,1005.7,26823,96759
02/24/1993,1005.4,1009.6,998.5,999.6,21370,96709
02/25/1993,1001.3,1005.4,992.9,994.3,27217,97342
02/26/1993,992.9,1005.4,991.5,1003.2,8410,89427
03/01/1993,999.9,1002.6,998.5,999.0,3348,90163
03/02/1993,1001.3,1006.8,998.5,1000.4,4478,88344
03/03/1993,1001.3,1004.0,997.1,997.9,3558,88161
03/04/1993,994.3,998.5,994.3,997.9,3738,88045
03/05/1993,999.9,1011.0,999.9,1002.1,8084,88211
03/08/1993,997.1,998.5,990.1,992.3,6899,88693
03/09/1993,994.3,998.5,994.3,997.9,4365,88216
03/10/1993,997.1,1006.8,994.3,999.0,8169,87259
03/11/1993,1005.4,1018.0,1005.4,1014.4,14580,86226
03/12/1993,1015.2,1020.8,1012.4,1014.4,8284,85488
03/15/1993,1013.8,1026.4,1011.0,1024.1,8334,84339
03/16/1993,1022.2,1031.9,1019.4,1022.2,11286,82858
03/17/1993,1019.4,1022.2,1012.4,1016.0,10049,83661
03/18/1993,1016.6,1031.9,1015.2,1028.6,10787,83274
03/19/1993,1029.1,1031.9,1025.0,1030.0,4965,83610
03/22/1993,1029.1,1033.3,1023.6,1029.1,5624,84282
03/23/1993,1023.6,1025.0,1018.0,1021.3,3976,84472
03/24/1993,1018.0,1030.5,1016.6,1030.0,7292,85641
03/25/1993,1030.5,1040.3,1029.1,1037.5,19207,87934
03/26/1993,1037.5,1044.5,1036.1,1040.9,11715,88142
03/29/1993,1031.9,1047.3,1031.9,1046.7,12174,89471
03/30/1993,1055.6,1098.9,1052.8,1087.7,46388,92677
03/31/1993,1089.1,1093.3,1076.6,1085.5,25534,94641
04/01/1993,1079.3,1093.3,1068.2,1090.5,17717,94705
04/02/1993,1110.0,1119.8,1096.1,1106.7,30133,95739
04/05/1993,1078.0,1096.1,1078.0,1092.7,12487,96549
04/06/1993,1082.1,1098.9,1069.6,1075.2,18540,96932
04/07/1993,1061.2,1079.3,1058.4,1078.5,14812,97705
04/08/1993,1093.3,1098.9,1068.2,1070.1,16416,95594
04/12/1993,1064.0,1082.1,1057.0,1081.3,11828,95921
04/13/1993,1080.7,1086.3,1075.2,1081.3,7741,95514
04/14/1993,1087.7,1111.4,1084.9,1100.3,20188,97412
04/15/1993,1098.9,1100.3,1071.0,1081.6,23999,97448
04/16/1993,1080.7,1101.7,1080.7,1094.1,21476,98743
04/19/1993,1105.8,1110.0,1079.3,1090.5,18207,100432
04/20/1993,1101.7,1104.4,1082.1,1095.2,21237,98974
04/21/1993,1086.3,1093.3,1078.0,1089.7,20644,101018
04/22/1993,1078.9,1102.4,1076.1,1092.5,19300,102291
04/23/1993,1098.3,1114.9,1094.1,1103.0,27673,103509
04/26/1993,1116.3,1141.2,1114.9,1133.7,36141,107679
04/27/1993,1144.0,1149.5,1128.7,1140.1,29902,109515
04/28/1993,1128.7,1168.9,1128.7,1165.6,42995,113421
04/29/1993,1207.7,1221.5,1192.4,1213.2,39213,116740
04/30/1993,1191.1,1225.7,1191.1,1223.5,25633,104541
05/03/1993,1235.4,1240.9,1195.2,1195.8,28233,104920
05/04/1993,1191.1,1207.7,1171.7,1188.8,27411,104232
05/05/1993,1196.6,1200.8,1180.0,1195.2,18779,103966
05/06/1993,1193.8,1213.2,1188.3,1211.8,13260,101836
05/07/1993,1214.6,1220.1,1180.0,1186.9,18127,103016
05/10/1993,1189.7,1196.6,1178.6,1185.5,11686,103260
05/11/1993,1178.6,1191.1,1177.2,1183.6,7790,104235
05/12/1993,1180.0,1217.4,1177.2,1216.5,16568,106332
05/13/1993,1253.4,1272.8,1235.4,1240.9,34514,106071
05/14/1993,1232.6,1246.5,1225.7,1236.2,15335,104790
05/17/1993,1236.8,1246.5,1221.5,1224.9,14876,106115
05/18/1993,1222.9,1282.5,1217.4,1281.1,28526,107204
05/19/1993,1310.2,1315.7,1249.2,1257.5,44832,107597
05/20/1993,1253.4,1268.6,1252.0,1254.8,15153,105868
05/21/1993,1253.4,1299.1,1250.6,1297.1,22800,108163
05/24/1993,1306.0,1314.3,1252.0,1260.3,31072,107761
05/25/1993,1257.5,1288.0,1257.5,1286.1,22961,107074
05/26/1993,1268.6,1274.2,1257.5,1263.9,14475,107940
05/27/1993,1272.8,1303.2,1252.0,1301.9,24019,108510
05/28/1993,1300.5,1307.4,1274.2,1280.3,22979,109499
06/01/1993,1275.5,1289.4,1193.8,1220.1,39264,107633
06/02/1993,1211.8,1228.5,1200.8,1209.9,27363,103401
06/03/1993,1220.1,1242.3,1220.1,1234.8,18415,104473
06/04/1993,1240.9,1247.8,1228.5,1231.2,15161,104288
06/07/1993,1209.1,1231.2,1209.1,1222.9,14441,104979
06/08/1993,1220.1,1231.2,1216.0,1218.2,10263,103986
06/09/1993,1209.1,1211.8,1198.0,1203.5,16847,104484
06/10/1993,1198.0,1202.1,1180.0,1193.8,22328,103954
06/11/1993,1195.2,1209.1,1152.3,1161.4,34863,102562
06/14/1993,1160.6,1168.9,1152.3,1168.3,25138,98782
06/15/1993,1166.1,1191.1,1159.2,1187.7,21291,98987
06/16/1993,1192.4,1204.9,1182.8,1200.2,17552,100504
06/17/1993,1199.4,1213.2,1193.8,1202.1,19772,99053
06/18/1993,1199.4,1217.4,1184.1,1187.7,21224,100067
06/21/1993,1184.1,1200.8,1182.8,1186.9,13248,101599
06/22/1993,1182.5,1188.0,1177.0,1180.0,14083,101752
06/23/1993,1179.7,1225.1,1178.3,1217.4,30762,103760
06/24/1993,1221.0,1225.1,1207.2,1216.8,26447,105008
06/25/1993,1221.0,1245.7,1219.6,1243.8,35437,104910
06/28/1993,1244.3,1248.5,1226.5,1232.2,35608,103390
06/29/1993,1223.7,1276.0,1214.1,1263.6,44185,102966
06/30/1993,1259.5,1276.0,1256.7,1261.4,19739,94604
07/01/1993,1256.7,1329.6,1251.2,1319.4,40137,97385
07/02/1993,1331.0,1369.5,1331.0,1344.7,40111,101848
07/06/1993,1399.7,1412.1,1383.2,1409.3,32623,103495
07/07/1993,1423.1,1427.2,1385.9,1410.1,35293,106922
07/08/1993,1396.9,1414.8,1390.1,1396.4,15443,108040
07/09/1993,1373.6,1396.9,1372.2,1382.7,22221,108405
07/12/1993,1396.9,1405.2,1387.3,1398.3,11279,107540
07/13/1993,1372.2,1394.2,1353.0,1392.8,23907,108206
07/14/1993,1395.6,1401.1,1358.5,1364.0,24383,108500
07/15/1993,1362.6,1405.2,1361.2,1393.6,22066,108595
07/16/1993,1391.4,1402.4,1375.0,1395.0,16770,108536
07/19/1993,1398.3,1418.9,1391.4,1392.8,17537,110141
07/20/1993,1390.1,1402.4,1380.5,1392.0,13885,108542
07/21/1993,1394.2,1398.3,1364.0,1365.3,19070,107727
07/22/1993,1357.1,1384.6,1333.7,1379.1,29141,108167
07/23/1993,1383.2,1388.7,1365.3,1369.5,15939,107546
07/26/1993,1368.1,1407.9,1366.7,1402.4,19607,109117
07/27/1993,1401.1,1412.1,1394.2,1398.3,15734,106956
07/28/1993,1395.6,1428.6,1395.6,1421.7,31091,110842
07/29/1993,1418.9,1438.2,1399.7,1435.4,25472,112290
07/30/1993,1460.2,1489.1,1449.2,1487.1,32123,115402
08/02/1993,1489.1,1504.2,1462.9,1500.9,28526,115090
08/03/1993,1480.8,1491.8,1472.6,1480.8,18236,114881
08/04/1993,1462.9,1479.4,1446.4,1447.8,21128,116610
08/05/1993,1424.4,1432.7,1302.1,1315.3,73449,116181
08/06/1993,1300.7,1315.8,1255.3,1258.9,54458,115267
08/09/1993,1284.2,1310.3,1281.5,1299.3,26010,109927
08/10/1993,1306.2,1317.2,1274.6,1309.0,24468,107580
08/11/1993,1314.5,1318.6,1278.7,1286.4,20998,109263
08/12/1993,1287.0,1293.8,1232.0,1253.4,35983,109356
08/13/1993,1252.6,1274.6,1245.7,1270.5,21572,109086
08/16/1993,1303.5,1317.2,1295.2,1306.2,18863,107406
08/17/1993,1296.6,1303.5,1288.3,1293.8,10148,106805
08/18/1993,1285.6,1303.5,1284.2,1295.2,10775,106496
08/19/1993,1296.6,1302.1,1278.7,1280.9,10697,107389
08/20/1993,1282.8,1326.8,1282.8,1319.4,14307,108169
08/23/1993,1308.4,1331.6,1303.0,1309.8,19669,107625
08/24/1993,1307.1,1317.9,1298.9,1301.3,13217,108318
08/25/1993,1298.9,1305.7,1288.0,1301.6,16097,107274
08/26/1993,1290.7,1301.6,1268.9,1284.5,22467,107862
08/27/1993,1288.0,1307.1,1279.8,1305.1,18529,108051
08/30/1993,1308.4,1338.4,1308.4,1328.3,27196,108886
08/31/1993,1327.5,1332.9,1317.9,1330.2,15355,99581
09/01/1993,1328.8,1332.9,1296.2,1303.0,12942,98940
09/02/1993,1290.7,1298.9,1198.1,1255.3,55088,99616
09/03/1993,1245.8,1263.5,1228.1,1242.5,18580,97382
09/07/1993,1233.5,1236.3,1162.7,1170.9,33722,96388
09/08/1993,1162.7,1179.1,1146.4,1159.2,21696,94542
09/09/1993,1161.4,1177.7,1160.0,1164.6,13826,93911
09/10/1993,1168.2,1173.6,1111.0,1116.4,39060,93894
09/13/1993,1105.6,1115.1,1070.2,1072.3,28670,93817
09/14/1993,1071.5,1108.3,1067.4,1090.6,23565,95739
09/15/1993,1097.4,1111.0,1081.0,1091.4,21069,94744
09/16/1993,1106.9,1130.1,1106.9,1115.6,14019,94181
09/17/1993,1121.9,1130.1,1097.4,1109.1,14646,93676
09/20/1993,1117.8,1134.1,1113.7,1122.4,12083,92412
09/21/1993,1124.6,1154.6,1108.3,1147.8,24707,92400
09/22/1993,1105.6,1117.8,1094.7,1107.7,14281,92923
09/23/1993,1111.0,1140.9,1109.6,1139.6,14491,91687
09/24/1993,1134.1,1136.9,1116.4,1128.2,9475,90930
09/27/1993,1119.2,1124.6,1101.5,1108.3,14769,90899
09/28/1993,1106.9,1127.3,1100.1,1116.4,11828,91081
09/29/1993,1102.8,1109.6,1085.1,1098.7,18868,91104
09/30/1993,1100.1,1117.8,1100.1,1111.5,10694,90510
10/01/1993,1108.3,1119.2,1097.4,1106.1,7886,90626
10/04/1993,1108.3,1115.1,1094.7,1109.6,7690,90405
10/05/1993,1108.3,1116.4,1098.7,1112.4,6077,90306
10/06/1993,1127.3,1169.5,1123.3,1167.4,28357,91849
10/07/1993,1192.7,1198.1,1175.0,1193.5,19485,90713
10/08/1993,1190.0,1198.1,1170.9,1187.2,14305,90972
10/11/1993,1192.7,1209.0,1170.9,1179.1,13005,91025
10/12/1993,1165.5,1222.6,1162.7,1209.0,28758,93425
10/13/1993,1206.3,1211.7,1195.4,1207.1,10128,91487
10/14/1993,1210.4,1230.8,1177.7,1184.0,27904,92144
10/15/1993,1180.4,1191.3,1175.0,1185.9,8190,91051
10/18/1993,1183.2,1215.8,1179.1,1204.9,14377,92468
10/19/1993,1209.0,1211.7,1181.8,1206.3,16164,92504
10/20/1993,1224.0,1241.7,1221.3,1237.1,20923,93563
10/21/1993,1233.5,1252.6,1225.4,1233.5,25784,96279
10/22/1993,1209.0,1214.5,1190.0,1213.1,20889,95773
10/25/1993,1221.3,1222.6,1184.5,1202.8,12621,95145
10/26/1993,1196.8,1202.2,1187.2,1196.8,10318,96046
10/27/1993,1194.0,1222.6,1194.0,1213.7,14202,96717
10/28/1993,1199.5,1219.9,1181.8,1194.6,21313,97640
10/29/1993,1198.1,1206.3,1187.2,1189.1,9697,96204
11/01/1993,1165.5,1175.0,1143.7,1150.5,33800,99071
11/02/1993,1140.9,1161.4,1135.5,1140.9,22464,101107
11/03/1993,1142.3,1175.0,1140.9,1172.8,15134,101192
11/04/1993,1195.4,1217.2,1187.2,1193.2,25100,101403
11/05/1993,1228.1,1266.2,1217.2,1226.7,39980,102910
11/08/1993,1229.4,1233.5,1218.6,1224.0,11309,101413
11/09/1993,1232.2,1247.1,1224.0,1232.2,18226,101853
11/10/1993,1230.8,1252.6,1224.0,1245.8,19650,102610
11/11/1993,1249.9,1258.0,1226.7,1240.3,21778,102509
11/12/1993,1244.4,1254.0,1225.4,1228.6,21463,102788
11/15/1993,1229.4,1241.7,1225.4,1240.3,13686,101482
11/16/1993,1244.4,1255.3,1239.0,1241.7,17230,101125
11/17/1993,1230.8,1255.3,1225.4,1253.1,22586,100208
11/18/1993,1256.7,1281.2,1255.3,1273.0,41400,102464
11/19/1993,1274.4,1289.4,1270.3,1281.2,26536,104299
11/22/1993,1285.5,1288.2,1269.3,1278.5,24372,103149
11/23/1993,1273.3,1276.0,1259.9,1268.8,30463,103903
11/24/1993,1261.2,1268.0,1259.9,1263.6,22923,101789
11/29/1993,1253.1,1258.5,1185.8,1210.0,72637,101354
11/30/1993,1208.7,1218.1,1197.9,1203.3,19760,92805
12/01/1993,1193.8,1269.3,1193.8,1263.1,39842,104253
12/02/1993,1262.6,1266.6,1245.0,1253.7,18444,101093
12/03/1993,1247.7,1317.8,1247.7,1307.0,33703,103167
12/06/1993,1312.4,1316.5,1298.9,1308.9,12716,102870
12/07/1993,1309.7,1334.0,1308.4,1332.6,39201,107221
12/08/1993,1346.1,1374.4,1336.7,1351.0,27468,108829
12/09/1993,1348.8,1369.0,1339.4,1346.6,16509,109095
12/10/1993,1351.5,1365.0,1339.4,1363.6,16673,109675
12/13/1993,1387.9,1398.7,1379.8,1391.9,19459,110929
12/14/1993,1382.5,1393.3,1369.0,1381.1,14825,110271
12/15/1993,1377.1,1383.8,1358.2,1381.1,17429,110681
12/16/1993,1377.1,1387.9,1350.1,1360.1,17901,110980
12/17/1993,1355.5,1367.7,1338.0,1361.5,17100,111870
12/20/1993,1386.5,1396.0,1378.4,1385.7,12286,113255
12/21/1993,1383.8,1387.9,1369.0,1373.6,8137,112329
12/22/1993,1342.1,1371.7,1340.7,1366.3,13348,112721
12/23/1993,1366.3,1369.0,1354.2,1365.5,6636,111982
12/27/1993,1363.6,1383.8,1362.3,1381.7,7373,114100
12/28/1993,1381.1,1383.8,1363.6,1377.6,8864,114041
12/29/1993,1371.7,1390.6,1371.7,1386.5,13065,115445
12/30/1993,1385.2,1393.3,1375.7,1379.0,12021,115769
01/03/1994,1383.8,1424.3,1377.1,1414.8,22801,119659
01/04/1994,1421.6,1425.6,1404.0,1409.4,15861,118040
01/05/1994,1410.8,1424.3,1342.1,1370.4,36590,118436
01/06/1994,1373.1,1390.6,1358.2,1384.4,23162,120269
01/07/1994,1382.5,1387.9,1347.5,1354.2,26040,118858
01/10/1994,1317.8,1366.3,1317.8,1364.2,49349,107944
01/11/1994,1362.3,1386.5,1360.9,1383.8,19522,106958
01/12/1994,1382.5,1390.6,1370.4,1374.4,12269,106415
01/13/1994,1369.0,1420.2,1369.0,1402.7,32128,109366
01/14/1994,1409.4,1413.5,1398.7,1410.8,13682,109691
01/17/1994,1439.1,1444.5,1431.0,1436.9,19503,111549
01/18/1994,1441.8,1447.2,1416.2,1441.0,21383,111476
01/19/1994,1435.0,1457.9,1396.0,1441.0,27584,112843
01/20/1994,1436.4,1443.1,1404.0,1421.6,20784,112119
01/21/1994,1397.3,1416.2,1378.4,1380.3,21075,112440
01/24/1994,1360.9,1385.2,1350.1,1381.1,24403,110323
01/25/1994,1383.8,1391.9,1371.7,1376.3,15714,110649
01/26/1994,1369.0,1396.0,1363.6,1385.2,15574,111370
01/27/1994,1386.5,1390.6,1336.7,1342.1,24022,111679
01/28/1994,1339.4,1369.0,1336.7,1352.8,21644,112133
01/31/1994,1359.6,1387.9,1328.6,1383.8,25816,111998
02/01/1994,1385.2,1431.0,1381.1,1425.6,33066,114275
02/02/1994,1427.0,1452.6,1422.9,1440.4,24490,115475
02/03/1994,1427.0,1479.5,1425.6,1475.5,31592,117685
02/04/1994,1476.8,1484.9,1444.5,1462.5,31980,119339
02/07/1994,1433.7,1451.2,1409.4,1412.1,27712,120354
02/08/1994,1412.1,1424.3,1406.7,1420.2,15165,119129
02/09/1994,1410.8,1441.8,1393.3,1437.7,28713,117655
02/10/1994,1425.6,1460.6,1417.5,1433.7,25167,117990
02/11/1994,1408.1,1429.6,1408.1,1416.2,18480,117934
02/14/1994,1420.2,1451.2,1414.8,1441.8,22503,119746
02/15/1994,1437.7,1441.8,1404.0,1418.1,30788,117655
02/16/1994,1414.8,1424.3,1410.8,1422.9,20510,115829
02/17/1994,1427.0,1449.9,1406.7,1410.2,27388,115849
02/18/1994,1397.3,1414.8,1379.8,1395.2,32269,115973
02/22/1994,1383.5,1408.9,1383.5,1405.4,26205,115481
02/23/1994,1398.2,1416.9,1391.5,1409.7,42406,115853
02/24/1994,1400.8,1408.9,1391.5,1394.4,43505,115913
02/25/1994,1392.8,1410.2,1388.8,1408.1,41074,114360
02/28/1994,1415.6,1443.7,1415.6,1442.3,32072,109781
03/01/1994,1434.3,1450.3,1418.2,1419.6,24151,107928
03/02/1994,1404.9,1427.6,1386.1,1420.1,36234,107497
03/03/1994,1416.9,1422.3,1404.9,1410.7,7702,106335
03/04/1994,1395.5,1415.6,1395.5,1410.2,11866,105678
03/07/1994,1407.5,1412.9,1391.5,1393.4,10718,106296
03/08/1994,1388.8,1404.9,1386.1,1400.8,16637,107043
03/09/1994,1396.8,1430.3,1395.5,1428.9,21381,108343
03/10/1994,1424.9,1454.4,1419.6,1450.9,24333,110032
03/11/1994,1462.4,1466.4,1443.7,1446.3,16572,111680
03/14/1994,1443.7,1477.1,1442.3,1464.5,21144,114021
03/15/1994,1463.7,1473.1,1451.7,1468.5,17824,113807
03/16/1994,1457.0,1463.7,1443.7,1445.5,15516,115890
03/17/1994,1437.0,1446.3,1434.3,1438.8,23811,112314
03/18/1994,1458.4,1462.4,1451.7,1454.9,12135,111018
03/21/1994,1454.4,1462.4,1450.3,1456.2,7256,112235
03/22/1994,1459.7,1506.5,1458.4,1502.5,35650,116531
03/23/1994,1501.2,1530.6,1493.2,1512.4,28641,116978
03/24/1994,1541.3,1549.4,1525.3,1537.3,24792,118561
03/25/1994,1544.0,1554.7,1514.6,1552.0,26622,118665
03/28/1994,1530.6,1552.0,1522.6,1524.5,23173,119037
03/29/1994,1517.2,1537.3,1495.8,1513.8,28913,116897
03/30/1994,1507.9,1517.2,1497.2,1509.2,25341,117706
03/31/1994,1526.6,1550.7,1522.6,1548.0,23600,118464
04/04/1994,1544.0,1557.4,1482.5,1496.4,33661,118132
04/05/1994,1497.2,1513.2,1479.8,1486.5,28131,117399
04/06/1994,1479.8,1491.8,1450.3,1474.4,32120,116786
04/07/1994,1471.8,1474.4,1454.4,1460.2,16874,115551
04/08/1994,1461.1,1481.1,1461.1,1469.6,16050,115941
04/11/1994,1442.3,1463.7,1407.5,1408.9,42538,115559
04/12/1994,1407.5,1423.6,1399.5,1419.6,29984,113546
04/13/1994,1426.3,1427.6,1412.9,1422.3,13826,111787
04/14/1994,1431.6,1434.3,1407.5,1422.3,18994,111562
04/15/1994,1412.9,1419.6,1396.8,1402.2,24911,112382
04/18/1994,1403.5,1433.0,1402.2,1409.4,39668,112969
04/19/1994,1394.2,1403.5,1383.5,1394.7,41594,114525
04/20/1994,1391.5,1407.5,1387.5,1406.2,24514,115812
04/21/1994,1404.9,1415.6,1399.5,1400.0,27311,121661
04/22/1994,1390.5,1395.8,1348.0,1364.7,56913,127391
04/25/1994,1358.6,1377.2,1358.6,1372.9,23202,127023
04/26/1994,1371.9,1391.8,1371.9,1384.9,36379,127835
04/28/1994,1377.2,1413.0,1375.9,1402.4,48310,135286
04/29/1994,1406.4,1430.3,1402.4,1428.4,29697,135307
05/02/1994,1425.0,1434.2,1413.0,1417.8,12742,120325
05/03/1994,1413.0,1415.7,1395.8,1401.1,14463,120104
05/04/1994,1387.8,1391.8,1361.3,1384.4,26843,118653
05/05/1994,1358.6,1374.5,1356.0,1365.8,12623,118167
05/06/1994,1353.3,1464.8,1353.3,1452.8,40506,117245
05/09/1994,1442.2,1454.1,1434.2,1444.9,17141,114554
05/10/1994,1439.5,1444.9,1407.7,1410.9,21140,114014
05/11/1994,1410.4,1462.1,1410.4,1451.5,30028,116183
05/12/1994,1422.3,1443.5,1414.3,1431.6,24665,116013
05/13/1994,1446.2,1454.1,1432.9,1442.2,14715,115575
05/16/1994,1435.6,1517.8,1422.3,1485.2,22565,116482
05/17/1994,1476.7,1487.3,1466.1,1470.6,22074,119947
05/18/1994,1440.9,1496.6,1440.9,1479.9,34170,120907
05/19/1994,1482.0,1509.9,1464.8,1471.4,35194,123755
05/20/1994,1478.0,1512.5,1478.0,1501.9,24056,125145
05/23/1994,1512.5,1539.1,1492.6,1536.4,30693,128154
05/24/1994,1520.5,1527.1,1474.0,1492.6,43099,130246
05/25/1994,1488.6,1509.9,1464.8,1474.6,26293,129268
05/26/1994,1470.1,1479.4,1435.6,1452.0,27755,127125
05/27/1994,1452.8,1475.4,1451.5,1452.8,13380,127058
05/31/1994,1462.1,1496.6,1462.1,1472.7,22074,128227
06/01/1994,1472.7,1478.0,1406.4,1419.6,53577,127275
06/02/1994,1418.3,1430.3,1395.8,1428.9,24868,126238
06/03/1994,1419.6,1443.5,1406.4,1408.2,21319,127072
06/06/1994,1403.7,1414.3,1383.8,1396.3,23281,126192
06/07/1994,1405.1,1423.6,1402.4,1406.9,17724,124441
06/08/1994,1421.0,1427.6,1414.3,1421.0,12999,123563
06/09/1994,1417.0,1440.9,1411.7,1426.3,21445,125375
06/10/1994,1423.6,1430.3,1414.3,1424.2,19316,124248
06/13/1994,1409.0,1435.6,1406.4,1428.9,22022,125726
06/14/1994,1435.6,1439.5,1430.3,1430.8,12172,124906
06/15/1994,1426.3,1472.7,1425.0,1465.3,46482,125182
06/16/1994,1467.4,1480.7,1443.5,1448.8,33483,126697
06/17/1994,1458.1,1499.3,1456.8,1484.1,39200,125773
06/20/1994,1483.3,1488.6,1444.9,1452.8,34535,124842
06/21/1994,1458.1,1492.6,1450.2,1484.7,33790,124713
06/22/1994,1472.6,1475.2,1414.7,1425.5,55981,127565
06/23/1994,1430.5,1448.9,1421.3,1428.6,42960,132019
06/24/1994,1437.1,1456.8,1417.3,1432.8,44319,130989
06/27/1994,1427.9,1433.1,1385.8,1391.6,48437,129592
06/28/1994,1396.3,1416.0,1391.0,1403.7,52779,126874
06/29/1994,1392.4,1406.8,1384.5,1393.1,38632,124841
06/30/1994,1396.3,1435.7,1396.3,1426.5,30047,123438
07/01/1994,1417.3,1435.7,1408.1,1433.1,16413,122132
07/05/1994,1438.4,1450.2,1398.9,1410.8,19008,121780
07/06/1994,1412.1,1421.3,1375.3,1387.1,29699,121763
07/07/1994,1375.3,1391.0,1371.3,1381.0,15898,121343
07/08/1994,1376.6,1401.6,1372.6,1392.4,18975,121328
07/11/1994,1391.0,1417.3,1387.1,1406.0,18449,123642
07/12/1994,1398.9,1404.2,1383.1,1388.9,12090,122756
07/13/1994,1370.0,1393.7,1354.2,1358.2,29972,123671
07/14/1994,1362.1,1385.8,1354.2,1368.2,21360,123725
07/15/1994,1377.9,1391.0,1371.3,1387.1,14715,123153
07/18/1994,1388.4,1400.2,1384.5,1386.3,8357,123180
07/19/1994,1373.9,1410.8,1367.4,1405.5,20789,123282
07/20/1994,1401.6,1410.8,1393.7,1396.8,12811,122379
07/21/1994,1388.4,1416.0,1379.2,1381.0,20510,122343
07/22/1994,1385.8,1395.0,1375.3,1388.4,11274,121829
07/25/1994,1387.1,1401.6,1387.1,1396.3,6647,120719
07/26/1994,1404.2,1409.4,1383.1,1400.2,13003,119638
07/27/1994,1402.9,1430.5,1401.6,1412.6,20372,121396
07/28/1994,1404.2,1421.3,1401.6,1407.3,10225,120850
07/29/1994,1396.3,1406.8,1380.5,1402.1,18729,121859
08/01/1994,1402.9,1406.8,1393.7,1399.7,6926,120882
08/02/1994,1391.0,1395.0,1362.1,1368.7,28185,120550
08/03/1994,1371.3,1377.9,1359.5,1362.6,16178,121388
08/04/1994,1352.9,1363.4,1333.2,1360.8,35375,123512
08/05/1994,1355.5,1367.4,1351.6,1355.0,16133,122386
08/08/1994,1346.3,1352.9,1342.4,1344.5,11224,121843
08/09/1994,1346.3,1360.8,1346.3,1350.3,9568,122380
08/10/1994,1354.2,1360.8,1351.6,1352.9,4888,122285
08/11/1994,1341.1,1368.7,1341.1,1368.2,21638,122676
08/12/1994,1363.4,1367.4,1330.6,1333.2,23472,122122
08/15/1994,1327.9,1339.8,1325.3,1333.7,13986,122570
08/16/1994,1333.2,1356.9,1321.4,1342.9,22688,121687
08/17/1994,1343.7,1350.3,1339.8,1345.5,14973,122308
08/18/1994,1345.0,1366.1,1345.0,1357.4,23210,121053
08/19/1994,1359.5,1377.9,1356.9,1371.3,27275,116033
08/22/1994,1371.6,1383.2,1362.5,1370.8,29827,110797
08/23/1994,1366.4,1374.2,1361.2,1369.2,20553,110708
08/24/1994,1375.5,1388.4,1369.0,1381.2,39074,110598
08/25/1994,1379.3,1383.2,1372.9,1379.9,16265,112271
08/26/1994,1379.3,1384.5,1362.5,1369.0,27130,112660
08/29/1994,1366.4,1431.2,1362.5,1426.0,65465,112701
08/30/1994,1413.1,1420.8,1409.2,1410.5,34895,111762
08/31/1994,1406.6,1433.8,1406.6,1429.1,26781,110639
09/01/1994,1420.8,1428.6,1418.2,1424.7,13850,109184
09/02/1994,1431.2,1446.8,1411.8,1422.6,16534,108354
09/06/1994,1423.4,1441.6,1422.1,1435.1,11429,108328
09/07/1994,1441.6,1451.9,1428.6,1443.4,20787,110012
09/08/1994,1440.3,1445.5,1420.8,1429.9,21862,110656
09/09/1994,1427.3,1449.4,1416.9,1442.9,28373,108112
09/12/1994,1436.4,1440.3,1423.4,1435.1,11856,108611
09/13/1994,1428.6,1439.0,1418.2,1432.5,13429,107869
09/14/1994,1431.2,1439.0,1420.8,1422.6,8897,108159
09/15/1994,1407.9,1418.2,1402.7,1409.2,13881,107501
09/16/1994,1410.5,1444.2,1410.5,1419.5,24666,110163
09/19/1994,1415.6,1424.7,1411.8,1417.5,7621,109275
09/20/1994,1429.9,1480.5,1429.9,1470.1,35484,115184
09/21/1994,1475.3,1480.5,1462.3,1468.0,18824,116554
09/22/1994,1459.7,1488.2,1458.4,1486.9,13770,118665
09/23/1994,1489.5,1498.6,1480.5,1488.2,21345,118975
09/26/1994,1470.1,1486.9,1470.1,1470.6,13676,118500
09/27/1994,1479.2,1496.0,1472.7,1493.4,18245,119906
09/28/1994,1486.9,1490.8,1459.7,1464.9,28640,121327
09/29/1994,1467.5,1480.5,1451.9,1474.0,17765,121088
09/30/1994,1468.8,1472.7,1455.8,1466.7,16592,121939
10/03/1994,1446.8,1483.1,1444.2,1476.6,24135,124059
10/04/1994,1454.5,1470.1,1453.2,1462.3,15604,125312
10/05/1994,1464.9,1486.9,1461.0,1465.4,20281,125427
10/06/1994,1458.4,1474.0,1454.5,1468.8,10374,125303
10/07/1994,1472.7,1483.1,1444.2,1464.1,24405,125627
10/10/1994,1461.0,1464.9,1454.5,1455.8,8093,125996
10/11/1994,1446.8,1449.4,1423.4,1433.8,32394,121786
10/12/1994,1435.1,1439.0,1428.6,1429.9,10396,119839
10/13/1994,1435.1,1437.7,1389.7,1396.2,57867,116765
10/14/1994,1400.1,1407.9,1394.9,1396.7,15480,114782
10/17/1994,1402.7,1410.5,1396.2,1409.2,16133,113907
10/18/1994,1406.6,1410.5,1391.0,1395.4,12576,113365
10/19/1994,1398.8,1413.1,1396.2,1401.4,26262,111853
10/20/1994,1407.9,1420.8,1400.1,1409.2,24328,111345
10/21/1994,1405.3,1407.9,1379.3,1380.6,25779,111178
10/24/1994,1374.2,1392.3,1374.2,1385.1,11501,111213
10/25/1994,1389.7,1392.3,1378.0,1379.3,11191,111062
10/26/1994,1376.8,1405.3,1376.8,1403.2,26132,112013
10/27/1994,1400.1,1418.2,1397.5,1412.3,19617,113352
10/28/1994,1397.5,1410.5,1391.0,1391.5,20907,113322
10/31/1994,1387.1,1389.7,1361.2,1364.3,30980,112998
11/01/1994,1362.5,1387.1,1356.0,1372.9,28178,113989
11/02/1994,1370.3,1384.5,1363.8,1383.2,17001,114991
11/03/1994,1380.6,1384.5,1366.4,1370.8,12806,113535
11/04/1994,1367.7,1380.6,1358.6,1364.3,15266,114325
11/07/1994,1357.3,1361.2,1346.9,1349.5,16960,114026
11/08/1994,1356.0,1367.7,1350.8,1354.7,19661,115727
11/09/1994,1348.2,1359.9,1322.3,1327.0,45967,122823
11/10/1994,1331.4,1343.0,1327.5,1341.8,31136,121458
11/11/1994,1341.8,1350.8,1336.6,1339.2,18233,122087
11/14/1994,1335.3,1349.5,1335.3,1341.8,18114,127319
11/15/1994,1352.1,1358.6,1349.5,1353.4,24800,131753
11/16/1994,1343.0,1366.4,1343.0,1356.5,30604,134140
11/17/1994,1357.3,1367.7,1356.0,1359.9,19916,133172
11/18/1994,1350.8,1356.0,1330.1,1334.5,28414,133611
11/21/1994,1332.7,1341.8,1326.2,1337.1,20460,133254
11/22/1994,1335.0,1341.4,1329.9,1333.2,33367,137655
11/23/1994,1338.8,1347.7,1333.7,1334.0,33367,137655
11/28/1994,1321.0,1337.5,1321.0,1323.5,35834,134830
11/29/1994,1326.1,1333.7,1303.1,1308.7,70525,140148
11/30/1994,1309.5,1314.6,1254.7,1268.7,66872,136552
12/01/1994,1267.4,1272.5,1258.5,1271.2,23148,133620
12/02/1994,1271.2,1280.2,1212.6,1215.1,30707,136586
12/05/1994,1221.5,1225.3,1170.5,1184.5,47106,139092
12/06/1994,1196.0,1206.2,1184.5,1197.8,21757,137536
12/07/1994,1208.8,1213.9,1184.5,1195.0,20009,136562
12/08/1994,1190.9,1208.8,1187.1,1205.4,18115,136634
12/09/1994,1198.5,1216.4,1197.3,1213.1,12011,135183
12/12/1994,1212.6,1234.3,1212.6,1230.9,16549,134795
12/13/1994,1234.3,1239.4,1219.0,1221.5,22390,134225
12/14/1994,1224.1,1234.3,1219.0,1227.9,14421,134052
12/15/1994,1224.1,1241.9,1221.5,1236.0,18048,133331
12/16/1994,1238.1,1243.2,1230.4,1231.7,10488,132203
12/19/1994,1226.6,1235.5,1222.8,1228.4,7299,132673
12/20/1994,1233.0,1249.6,1233.0,1241.1,11884,131632
12/21/1994,1241.9,1243.2,1221.5,1234.8,16059,132426
12/22/1994,1229.2,1235.5,1224.1,1226.6,9307,133063
12/23/1994,1219.0,1227.9,1219.0,1225.8,9307,133063
12/27/1994,1226.6,1233.0,1226.6,1230.9,2684,133326
12/28/1994,1235.5,1261.0,1230.4,1257.2,17228,132247
12/29/1994,1255.9,1267.4,1247.0,1250.1,15856,130795
12/30/1994,1244.5,1254.7,1239.4,1253.9,8367,130451
01/03/1995,1240.6,1247.0,1203.6,1214.4,23452,131937
01/04/1995,1208.8,1213.9,1175.6,1182.0,25563,132476
01/05/1995,1179.4,1208.8,1179.4,1206.7,19902,131763
01/06/1995,1201.1,1207.5,1182.0,1186.3,20837,135691
01/09/1995,1185.8,1203.6,1183.2,1196.0,14606,135799
01/10/1995,1203.6,1204.9,1180.7,1194.7,15213,133353
01/11/1995,1199.8,1208.8,1194.7,1207.5,12158,133365
01/12/1995,1208.8,1248.3,1208.8,1239.9,30915,130718
01/13/1995,1233.0,1239.4,1224.1,1229.7,17458,130015
01/16/1995,1213.9,1236.8,1213.9,1230.9,9510,131348
01/17/1995,1224.1,1257.2,1222.8,1243.7,21279,132556
01/18/1995,1255.9,1266.1,1244.5,1248.8,21490,130201
01/19/1995,1257.2,1261.0,1231.7,1249.6,19806,130411
01/20/1995,1239.4,1257.2,1236.8,1253.9,15552,129722
01/23/1995,1254.7,1257.2,1221.5,1229.2,21420,131146
01/24/1995,1227.9,1236.8,1226.6,1233.5,8577,131736
01/25/1995,1229.2,1235.5,1212.6,1221.5,18506,131064
01/26/1995,1219.0,1229.2,1217.7,1222.8,9180,131046
01/27/1995,1215.1,1217.7,1185.8,1192.2,24827,133011
01/30/1995,1190.9,1207.5,1189.6,1206.2,12158,132018
01/31/1995,1197.3,1199.8,1167.9,1189.1,28044,135922
02/01/1995,1194.7,1202.4,1189.6,1190.9,13032,135732
02/02/1995,1188.3,1206.2,1188.3,1201.6,12380,137055
02/03/1995,1203.6,1206.2,1187.1,1191.4,18693,139037
02/06/1995,1196.0,1202.4,1185.8,1199.8,11021,138321
02/07/1995,1196.0,1198.5,1183.2,1188.9,11593,138558
02/08/1995,1188.3,1206.2,1188.3,1202.9,20442,141058
02/09/1995,1204.9,1221.5,1204.9,1213.1,34052,140745
02/10/1995,1211.3,1216.4,1208.8,1213.1,17290,140533
02/13/1995,1206.2,1208.8,1190.9,1204.9,21546,142233
02/14/1995,1208.8,1215.1,1206.2,1212.6,14028,140848
02/15/1995,1217.7,1226.6,1203.6,1205.4,24685,142673
02/16/1995,1206.2,1213.9,1202.4,1204.9,17588,143201
02/17/1995,1202.4,1222.8,1202.4,1216.4,32019,140256
02/21/1995,1216.4,1217.7,1207.5,1208.2,17886,140784
02/22/1995,1208.0,1235.8,1203.0,1233.0,44522,140831
02/23/1995,1228.2,1230.7,1221.9,1224.9,23990,140833
02/24/1995,1225.7,1233.2,1172.7,1179.8,69932,140857
02/27/1995,1179.0,1184.1,1129.8,1145.0,66453,140276
02/28/1995,1143.7,1162.6,1143.7,1151.3,30302,132486
03/01/1995,1131.1,1143.7,1102.1,1115.2,31077,135588
03/02/1995,1117.2,1134.9,1107.1,1120.2,22751,134636
03/03/1995,1119.7,1133.6,1094.5,1114.7,21869,134594
03/06/1995,1119.7,1138.7,1112.2,1135.6,17985,134875
03/07/1995,1147.5,1194.1,1142.4,1184.1,39250,134360
03/08/1995,1171.4,1175.2,1145.0,1150.5,31944,134863
03/09/1995,1162.6,1172.7,1156.3,1166.4,15669,133348
03/10/1995,1163.9,1170.2,1146.2,1162.1,14193,132064
03/13/1995,1167.7,1214.3,1167.7,1194.1,23077,132308
03/14/1995,1190.4,1192.9,1176.5,1190.4,13154,131101
03/15/1995,1195.4,1210.5,1191.6,1200.9,17153,131028
03/16/1995,1185.3,1203.0,1179.0,1200.4,14130,130846
03/17/1995,1174.0,1199.2,1172.7,1194.1,13550,131055
03/20/1995,1174.0,1189.1,1174.0,1185.8,7314,130730
03/21/1995,1184.1,1195.4,1160.1,1161.4,16359,131372
03/22/1995,1156.3,1180.3,1156.3,1177.7,14812,130346
03/23/1995,1181.5,1189.1,1175.2,1184.1,10293,129701
03/24/1995,1185.3,1186.6,1152.5,1165.6,17883,129488
03/27/1995,1167.7,1179.0,1162.6,1166.4,14588,129651
03/28/1995,1170.2,1206.7,1165.1,1199.7,25988,134153
03/29/1995,1199.2,1223.1,1195.4,1204.2,34822,132027
03/30/1995,1197.9,1349.2,1197.9,1319.7,70233,132645
03/31/1995,1296.3,1369.4,1296.3,1339.1,53694,132524
04/03/1995,1342.9,1356.8,1329.1,1336.6,23549,129581
04/04/1995,1316.5,1354.3,1316.5,1335.9,23840,130183
04/05/1995,1336.6,1379.5,1331.6,1363.1,26784,131552
04/06/1995,1364.4,1380.8,1341.7,1366.9,24987,132100
04/07/1995,1360.6,1378.2,1351.8,1359.8,29145,132315
04/10/1995,1344.2,1349.2,1308.9,1325.3,25782,129373
04/11/1995,1322.8,1358.1,1312.7,1347.5,23505,129877
04/12/1995,1346.7,1355.5,1340.4,1346.0,16466,127735
04/13/1995,1339.1,1359.3,1325.3,1357.3,21675,125891
04/17/1995,1397.2,1452.6,1397.2,1443.8,48623,132056
04/18/1995,1438.8,1482.9,1418.6,1479.1,53912,132264
04/19/1995,1508.1,1510.6,1457.7,1461.5,43417,130967
04/20/1995,1458.9,1481.6,1419.9,1435.5,33934,131855
04/21/1995,1438.8,1450.1,1404.7,1432.5,41314,131937
04/24/1995,1432.2,1453.4,1423.4,1428.7,25077,126097
04/25/1995,1425.9,1450.9,1416.0,1441.6,31002,125453
04/26/1995,1433.4,1443.4,1399.8,1404.5,39172,125691
04/27/1995,1416.0,1453.4,1413.5,1447.6,32251,125712
04/28/1995,1490.8,1490.8,1430.9,1441.6,28187,121284
05/01/1995,1438.4,1480.8,1433.4,1474.0,22821,117002
05/02/1995,1480.8,1495.7,1460.8,1485.8,22161,117477
05/03/1995,1483.3,1503.2,1465.8,1500.7,22896,118719
05/04/1995,1503.2,1548.1,1490.8,1535.6,27849,120658
05/05/1995,1528.1,1540.6,1490.8,1519.4,24371,122495
05/08/1995,1509.4,1516.9,1500.7,1508.2,8959,122250
05/09/1995,1489.5,1493.2,1356.1,1371.1,53758,117829
05/10/1995,1371.1,1382.3,1328.7,1357.4,42339,113371
05/11/1995,1358.6,1373.6,1333.7,1339.2,18655,110917
05/12/1995,1348.7,1367.4,1276.4,1334.2,43745,108876
05/15/1995,1333.7,1361.1,1332.5,1358.6,10603,109409
05/16/1995,1349.9,1367.4,1333.7,1356.1,19207,109851
05/17/1995,1343.7,1358.6,1337.4,1343.7,10727,109924
05/18/1995,1346.2,1363.6,1339.9,1344.2,15064,109493
05/19/1995,1358.6,1361.1,1337.4,1341.2,15102,107447
05/22/1995,1336.2,1343.7,1313.8,1321.2,14929,107641
05/23/1995,1318.7,1351.1,1316.2,1349.9,16887,107691
05/24/1995,1349.9,1388.5,1343.7,1377.8,24700,108213
05/25/1995,1373.6,1403.5,1353.6,1364.9,24063,107814
05/26/1995,1374.8,1382.3,1346.2,1361.1,15115,107469
05/30/1995,1361.1,1363.6,1316.2,1320.0,23540,107938
05/31/1995,1316.2,1331.2,1298.8,1323.7,23031,108441
06/01/1995,1311.3,1348.7,1305.0,1337.4,18220,109195
06/02/1995,1336.2,1343.7,1303.8,1306.3,19922,109928
06/05/1995,1292.6,1331.2,1291.3,1331.2,21357,109705
06/06/1995,1328.7,1332.5,1312.5,1322.5,11902,108529
06/07/1995,1330.0,1346.2,1326.2,1336.7,26718,108487
06/08/1995,1336.2,1338.7,1316.2,1328.0,14114,108492
06/09/1995,1331.2,1368.6,1321.2,1355.4,27508,110330
06/12/1995,1348.7,1352.4,1338.7,1341.7,9263,109343
06/13/1995,1342.4,1349.9,1323.7,1335.4,20399,108288
06/14/1995,1339.9,1351.1,1317.5,1325.5,16129,108693
06/15/1995,1330.0,1363.6,1325.0,1357.4,25000,108363
06/16/1995,1361.1,1362.4,1342.4,1349.9,12757,108626
06/19/1995,1357.4,1384.8,1354.9,1371.1,27537,111396
06/20/1995,1371.1,1374.8,1358.6,1364.1,18966,112393
06/21/1995,1364.9,1366.1,1349.9,1354.9,15781,113069
06/22/1995,1351.7,1356.7,1319.7,1335.4,29976,111455
06/23/1995,1329.5,1339.4,1323.4,1334.7,16977,110972
06/26/1995,1324.6,1333.2,1320.9,1326.8,19743,109048
06/27/1995,1327.1,1333.2,1322.1,1323.9,19695,105404
06/28/1995,1322.1,1327.1,1298.7,1301.2,31657,103103
06/29/1995,1302.4,1324.6,1299.9,1316.0,32399,105190
06/30/1995,1317.2,1319.7,1238.3,1249.4,32399,105190
07/05/1995,1253.1,1256.8,1239.5,1253.1,45487,106230
07/06/1995,1256.8,1265.4,1251.8,1259.2,10214,105366
07/07/1995,1266.6,1287.6,1265.4,1280.2,18466,104838
07/10/1995,1279.0,1282.7,1272.8,1275.3,7742,103599
07/11/1995,1260.5,1277.7,1254.3,1276.5,10125,102370
07/12/1995,1280.2,1313.5,1277.7,1303.1,30126,104066
07/13/1995,1298.7,1302.4,1290.1,1291.3,9043,102102
07/14/1995,1286.4,1313.5,1281.4,1296.2,16419,103341
07/17/1995,1290.1,1339.4,1282.7,1325.8,25335,100415
07/18/1995,1324.6,1328.3,1306.1,1318.4,12486,99852
07/19/1995,1322.1,1346.8,1250.6,1285.9,33562,99946
07/20/1995,1276.5,1285.1,1266.6,1269.8,12370,99522
07/21/1995,1275.3,1290.1,1262.9,1285.1,13134,99825
07/24/1995,1287.6,1291.3,1272.8,1281.4,6925,99394
07/25/1995,1279.0,1285.1,1272.8,1275.3,6703,99729
07/26/1995,1276.5,1287.6,1272.8,1282.7,9562,100191
07/27/1995,1282.7,1287.6,1265.4,1267.9,15670,100756
07/28/1995,1253.1,1260.5,1243.2,1254.3,17180,101481
07/31/1995,1258.0,1261.7,1244.4,1246.2,8879,102856
08/01/1995,1242.0,1282.7,1240.7,1272.8,18233,102987
08/02/1995,1271.6,1274.0,1260.5,1261.7,10676,103421
08/03/1995,1270.3,1281.4,1269.1,1275.3,9198,103470
08/04/1995,1282.7,1290.1,1271.6,1274.5,10668,103921
08/07/1995,1274.0,1298.7,1271.6,1281.4,19966,104181
08/08/1995,1285.1,1302.4,1283.9,1294.5,23542,108222
08/09/1995,1303.6,1312.3,1293.8,1295.0,24563,107805
08/10/1995,1290.1,1303.6,1282.7,1301.2,28586,109721
08/11/1995,1302.4,1306.1,1262.9,1286.4,29937,108782
08/14/1995,1285.1,1334.5,1283.9,1320.2,31853,111578
08/15/1995,1320.9,1354.2,1302.4,1318.4,42135,113220
08/16/1995,1311.0,1334.5,1292.5,1324.6,26500,114494
08/17/1995,1356.7,1386.3,1341.9,1376.4,49830,117387
08/18/1995,1388.7,1420.8,1383.8,1405.3,48723,116666
08/21/1995,1425.7,1436.8,1410.9,1428.7,38224,115717
08/22/1995,1416.6,1419.0,1384.9,1394.9,34815,116408
08/23/1995,1372.7,1392.2,1370.3,1391.0,23311,116940
08/24/1995,1400.7,1415.4,1377.6,1385.4,36159,121538
08/25/1995,1387.3,1389.8,1373.9,1382.0,14258,116623
08/28/1995,1382.5,1398.3,1372.7,1386.8,20597,110679
08/29/1995,1375.1,1380.0,1360.5,1364.7,32360,115300
08/30/1995,1341.0,1348.3,1284.9,1295.9,52223,115293
08/31/1995,1311.7,1316.6,1289.8,1314.2,29497,104760
09/01/1995,1314.2,1317.8,1294.7,1304.4,13764,101494
09/05/1995,1294.7,1297.1,1267.9,1282.5,21537,99553
09/06/1995,1280.1,1319.1,1280.1,1306.9,20037,96908
09/07/1995,1319.1,1333.7,1311.7,1329.5,25575,94101
09/08/1995,1337.3,1341.0,1310.5,1317.4,23573,94553
09/11/1995,1326.4,1349.5,1325.2,1348.3,14008,92635
09/12/1995,1353.2,1359.3,1339.8,1354.4,17018,93479
09/13/1995,1353.2,1355.6,1321.5,1327.6,20930,93789
09/14/1995,1328.8,1353.2,1328.8,1349.5,16066,94028
09/15/1995,1350.8,1352.0,1328.8,1339.8,12646,94632
09/18/1995,1337.3,1365.4,1334.9,1356.9,16410,96894
09/19/1995,1356.9,1359.3,1319.1,1346.4,22619,96393
09/20/1995,1339.8,1343.4,1323.9,1327.6,13635,95336
09/21/1995,1305.7,1370.3,1303.2,1345.2,31531,95746
09/22/1995,1334.9,1345.9,1320.3,1328.1,13902,94773
09/25/1995,1317.8,1342.2,1317.8,1330.5,7319,94457
09/26/1995,1338.6,1347.1,1336.1,1339.8,9250,95062
09/27/1995,1332.5,1344.7,1320.3,1334.9,16319,94687
09/28/1995,1342.2,1347.1,1336.1,1345.2,9544,94160
09/29/1995,1349.5,1350.8,1333.7,1337.3,18499,95981
10/02/1995,1328.8,1334.9,1289.8,1294.2,25368,97957
10/03/1995,1297.1,1310.5,1289.8,1293.5,13520,96978
10/04/1995,1305.7,1306.9,1299.6,1302.5,4791,96876
10/05/1995,1308.1,1309.3,1292.2,1293.9,10812,96844
10/06/1995,1292.2,1311.7,1291.0,1309.8,11341,96746
10/09/1995,1311.7,1330.0,1311.7,1328.8,8275,97209
10/10/1995,1328.8,1343.4,1321.5,1328.1,17221,98775
10/11/1995,1325.2,1330.0,1321.5,1326.9,12716,99149
10/12/1995,1325.2,1328.8,1313.0,1315.4,9130,99550
10/13/1995,1315.4,1325.2,1306.9,1314.2,9566,99880
10/16/1995,1316.6,1319.1,1304.4,1306.9,10447,101009
10/17/1995,1305.7,1308.1,1288.6,1305.7,18310,103036
10/18/1995,1305.7,1315.4,1304.4,1308.1,9508,103880
10/19/1995,1304.4,1305.7,1284.9,1300.0,14853,104753
10/20/1995,1300.8,1311.7,1297.1,1309.3,7947,105012
10/23/1995,1310.5,1316.6,1306.9,1307.4,6255,105030
10/24/1995,1305.7,1311.7,1299.6,1308.6,7401,104749
10/25/1995,1308.1,1332.5,1305.7,1328.8,20658,106234
10/26/1995,1330.0,1336.1,1321.5,1325.2,14615,105151
10/27/1995,1321.5,1322.7,1282.5,1297.1,26525,107016
10/30/1995,1299.6,1304.4,1298.3,1302.7,5609,106902
10/31/1995,1306.9,1310.5,1302.0,1306.9,7494,106062
11/01/1995,1302.0,1308.1,1294.7,1296.4,13425,106899
11/02/1995,1294.7,1306.9,1283.7,1302.0,22693,108836
11/03/1995,1304.4,1308.1,1288.6,1291.0,18704,107456
11/06/1995,1286.1,1294.7,1283.7,1286.1,9811,107928
11/07/1995,1284.9,1313.0,1284.9,1308.6,25570,107649
11/08/1995,1311.7,1315.4,1300.8,1306.1,10490,106907
11/09/1995,1308.1,1319.1,1305.7,1313.5,14376,107236
11/10/1995,1322.7,1336.1,1320.3,1326.4,20311,106194
11/13/1995,1321.5,1322.7,1287.4,1295.2,27868,107585
11/14/1995,1295.9,1303.2,1292.2,1297.1,21616,106133
11/15/1995,1300.8,1309.3,1295.9,1302.5,20802,102329
11/16/1995,1297.1,1300.8,1292.2,1294.7,11407,102648
11/17/1995,1303.2,1306.9,1299.6,1303.7,7435,102038
11/20/1995,1299.6,1303.2,1298.3,1301.3,11589,101655
11/21/1995,1305.7,1306.9,1283.7,1286.1,21785,103562
11/22/1995,1288.1,1289.3,1249.7,1256.9,21785,103562
11/27/1995,1276.1,1277.3,1262.9,1268.2,30712,106637
11/28/1995,1276.1,1286.9,1261.7,1268.9,43103,105592
11/29/1995,1265.3,1265.3,1252.1,1253.8,48252,106335
11/30/1995,1252.1,1267.7,1242.5,1265.8,20459,98929
12/01/1995,1265.3,1266.5,1258.1,1259.8,10579,97109
12/04/1995,1255.7,1264.1,1253.3,1258.6,8758,96375
12/05/1995,1261.7,1271.3,1255.7,1268.2,12233,96034
12/06/1995,1270.1,1277.3,1268.9,1273.7,10635,94508
12/07/1995,1271.3,1273.7,1256.9,1267.0,12000,94681
12/08/1995,1268.9,1271.3,1261.7,1264.6,5565,94629
12/11/1995,1268.9,1272.5,1259.3,1262.9,7859,95130
12/12/1995,1262.9,1267.7,1242.5,1249.7,12719,95363
12/13/1995,1244.9,1252.1,1226.8,1236.5,19886,96698
12/14/1995,1235.3,1247.3,1231.7,1240.5,11341,96222
12/15/1995,1238.9,1244.9,1234.1,1240.5,7118,95543
12/18/1995,1244.9,1255.7,1242.5,1249.0,7802,95671
12/19/1995,1249.7,1254.5,1240.1,1241.3,6505,94931
12/20/1995,1238.9,1252.1,1237.7,1246.6,6961,94802
12/21/1995,1247.3,1247.3,1235.3,1244.9,7478,94916
12/22/1995,1238.9,1248.5,1237.7,1247.3,3523,95227
12/26/1995,1249.7,1254.5,1247.3,1248.5,2071,95095
12/27/1995,1244.9,1248.5,1241.3,1244.2,8176,94421
12/28/1995,1241.3,1246.1,1236.5,1243.0,6894,95124
12/29/1995,1241.3,1254.5,1231.7,1251.4,11652,98555
01/02/1996,1249.7,1297.7,1244.9,1295.3,32721,96849
01/03/1996,1297.7,1317.0,1288.1,1294.6,37487,94194
01/04/1996,1291.7,1302.6,1289.3,1300.1,12189,93640
01/05/1996,1319.4,1353.0,1317.0,1333.8,40611,88573
01/09/1996,1336.2,1337.4,1321.8,1335.5,14887,97404
01/10/1996,1341.0,1369.8,1341.0,1350.6,26026,100170
01/11/1996,1341.0,1343.4,1321.8,1329.0,20351,99247
01/12/1996,1329.0,1342.2,1312.2,1314.6,19336,99347
01/15/1996,1303.8,1313.4,1297.7,1308.6,13656,98987
01/16/1996,1318.2,1323.0,1309.8,1318.7,16240,98602
01/17/1996,1321.8,1326.6,1309.8,1325.4,14289,98714
01/18/1996,1318.2,1331.4,1311.0,1312.2,8446,98179
01/19/1996,1307.4,1331.4,1305.0,1314.6,17350,99433
01/22/1996,1327.8,1345.8,1324.2,1344.6,17099,99943
01/23/1996,1353.0,1362.6,1332.6,1339.8,22021,100483
01/24/1996,1335.0,1336.2,1315.8,1328.3,18200,100103
01/25/1996,1333.8,1354.2,1333.8,1342.2,27968,102698
01/26/1996,1351.8,1362.6,1331.4,1332.6,18234,102910
01/29/1996,1325.4,1337.4,1323.0,1332.6,11906,102679
01/30/1996,1342.2,1348.2,1329.0,1336.9,15785,103186
01/31/1996,1335.0,1347.0,1335.0,1342.9,11104,103795
02/01/1996,1348.2,1393.9,1348.2,1392.7,39265,109560
02/02/1996,1405.9,1410.7,1381.9,1403.5,45535,110759
02/05/1996,1396.3,1413.1,1393.9,1397.5,19809,111125
02/06/1996,1391.5,1391.5,1374.6,1388.3,18336,111001
02/07/1996,1401.1,1404.7,1362.6,1372.2,33445,111477
02/08/1996,1365.0,1381.9,1365.0,1376.3,13332,111256
02/09/1996,1377.1,1379.5,1351.8,1361.9,24204,110311
02/12/1996,1359.0,1383.1,1357.8,1362.6,24718,113219
02/13/1996,1363.8,1378.3,1355.4,1373.9,28556,114098
02/14/1996,1374.6,1380.7,1367.4,1378.3,27127,113580
02/15/1996,1381.9,1384.3,1345.8,1356.6,27287,113394
02/16/1996,1369.8,1380.7,1357.8,1375.1,14547,112071
02/20/1996,1368.6,1368.6,1324.2,1329.0,34343,108505
02/21/1996,1329.0,1342.2,1314.6,1341.0,36035,104697
02/22/1996,1339.2,1346.4,1326.1,1327.8,22022,104531
02/23/1996,1321.4,1327.3,1304.7,1310.4,30445,103157
02/26/1996,1317.8,1320.2,1314.2,1316.6,26712,101278
02/27/1996,1317.8,1329.7,1308.3,1310.4,44532,97767
02/28/1996,1311.8,1333.3,1302.3,1317.8,55734,99170
02/29/1996,1326.1,1332.1,1319.0,1320.2,17781,92399
03/01/1996,1326.1,1326.1,1311.8,1319.0,14160,89591
03/04/1996,1319.0,1322.5,1280.9,1289.7,29620,89664
03/05/1996,1284.5,1294.0,1277.3,1283.3,16229,87724
03/06/1996,1280.9,1292.8,1279.7,1287.3,8570,86849
03/07/1996,1279.7,1299.9,1276.1,1298.7,19982,87056
03/08/1996,1297.5,1323.7,1294.0,1314.7,26395,88732
03/11/1996,1317.8,1317.8,1305.9,1315.4,10131,88473
03/12/1996,1315.4,1334.5,1311.8,1332.1,15474,89503
03/13/1996,1332.1,1344.0,1326.1,1340.9,22218,91832
03/14/1996,1334.5,1341.6,1326.1,1332.5,25171,92349
03/15/1996,1330.9,1346.4,1323.7,1336.1,12536,92966
03/18/1996,1328.5,1329.7,1317.8,1326.1,10586,91712
03/19/1996,1324.9,1326.1,1317.8,1319.0,6638,91666
03/20/1996,1313.0,1332.1,1309.5,1330.2,14503,92378
03/21/1996,1329.7,1342.8,1327.3,1340.4,16201,93926
03/22/1996,1340.4,1348.7,1323.7,1345.2,19773,95844
03/25/1996,1345.2,1347.5,1336.8,1345.2,9645,96270
03/26/1996,1352.3,1364.2,1352.3,1359.4,24863,98108
03/27/1996,1358.3,1359.4,1349.9,1353.5,13388,98708
03/28/1996,1345.2,1353.5,1304.7,1316.6,38029,96381
03/29/1996,1317.8,1323.7,1308.3,1319.0,14063,96192
04/01/1996,1316.6,1323.7,1313.0,1321.4,8981,97612
04/02/1996,1319.0,1322.5,1308.3,1313.5,20813,97836
04/03/1996,1316.6,1330.9,1308.3,1314.7,31823,99734
04/04/1996,1317.8,1320.2,1288.0,1294.0,33052,102777
04/08/1996,1305.9,1326.1,1303.5,1324.9,19243,103324
04/09/1996,1321.4,1322.5,1299.9,1301.6,20029,102885
04/10/1996,1303.5,1313.0,1298.7,1307.5,34131,103472
04/11/1996,1317.8,1326.1,1304.7,1324.2,25385,103089
04/12/1996,1321.4,1323.7,1308.3,1313.7,22347,101213
04/15/1996,1301.1,1308.3,1297.5,1304.7,14602,103047
04/16/1996,1304.7,1310.6,1245.2,1259.9,68388,105657
04/17/1996,1261.8,1270.2,1257.1,1263.0,23408,105154
04/18/1996,1267.8,1267.8,1249.9,1254.0,26803,104527
04/19/1996,1249.9,1260.6,1245.2,1251.6,16749,103551
04/22/1996,1254.8,1271.3,1254.8,1267.8,18421,101968
04/23/1996,1267.8,1274.9,1264.2,1265.9,27101,98307
04/24/1996,1264.2,1267.8,1258.4,1260.0,19916,97792
04/25/1996,1264.2,1285.5,1263.1,1277.2,41675,97737
04/26/1996,1277.2,1278.4,1250.1,1252.5,40224,95369
04/29/1996,1257.2,1260.7,1238.3,1241.8,31793,97574
04/30/1996,1252.5,1270.1,1248.9,1259.5,23745,98613
05/01/1996,1264.2,1285.5,1261.9,1279.6,24566,97444
05/02/1996,1280.8,1281.9,1259.5,1278.4,17702,97577
05/03/1996,1281.9,1304.3,1267.8,1290.2,23274,96999
05/06/1996,1287.8,1300.8,1286.7,1294.9,10423,96526
05/07/1996,1292.6,1309.1,1287.8,1300.8,19101,97372
05/08/1996,1300.8,1309.1,1286.7,1289.0,20122,98580
05/09/1996,1290.2,1292.6,1281.9,1284.8,9823,98957
05/10/1996,1285.5,1289.0,1264.2,1267.8,19009,98422
05/13/1996,1271.3,1277.2,1269.0,1272.5,6738,97998
05/14/1996,1269.0,1281.9,1261.9,1273.7,13024,99017
05/15/1996,1276.0,1284.3,1273.7,1276.5,9281,99547
05/16/1996,1272.5,1273.7,1264.2,1268.3,12111,99291
05/17/1996,1270.1,1273.7,1252.5,1258.8,22859,99532
05/20/1996,1251.3,1252.5,1243.0,1244.2,18562,100799
05/21/1996,1247.7,1254.8,1240.7,1249.6,15221,101303
05/22/1996,1251.3,1261.9,1250.1,1260.2,13878,102479
05/23/1996,1260.7,1265.4,1253.6,1258.4,10205,101403
05/24/1996,1253.6,1261.9,1253.6,1255.5,7377,100468
05/28/1996,1261.9,1270.1,1260.7,1263.8,10642,100879
05/29/1996,1266.6,1267.8,1254.8,1258.4,14598,102186
05/30/1996,1257.2,1265.4,1257.2,1260.2,13245,102048
05/31/1996,1257.2,1278.4,1252.5,1274.4,23212,100813
06/03/1996,1271.3,1276.0,1266.6,1269.0,22956,100378
06/04/1996,1266.6,1266.6,1219.4,1223.0,36968,103265
06/05/1996,1223.0,1228.9,1213.5,1215.9,34237,107678
06/06/1996,1214.7,1230.0,1210.0,1225.3,16853,108179
06/07/1996,1225.3,1235.9,1219.4,1220.1,17242,108286
06/10/1996,1223.0,1224.2,1218.3,1221.1,9389,109056
06/11/1996,1214.7,1215.9,1188.8,1202.9,40094,110039
06/12/1996,1205.3,1210.0,1198.2,1200.6,19567,111844
06/13/1996,1201.7,1205.3,1190.0,1191.1,22394,114775
06/14/1996,1174.6,1221.8,1169.9,1219.9,37634,113503
06/17/1996,1214.7,1226.5,1213.5,1222.3,19640,114448
06/18/1996,1220.6,1225.3,1211.2,1220.6,15070,114585
06/19/1996,1227.7,1231.2,1200.6,1205.8,29664,114960
06/20/1996,1202.9,1208.8,1200.6,1208.1,10004,114082
06/21/1996,1199.4,1205.3,1192.3,1204.6,25866,112991
06/24/1996,1200.4,1215.6,1196.9,1211.2,21475,112042
06/25/1996,1215.6,1223.8,1212.1,1213.7,35312,111021
06/26/1996,1208.6,1208.6,1189.9,1192.3,42466,110600
06/27/1996,1192.3,1206.3,1173.6,1175.9,67686,109629
06/28/1996,1177.1,1185.3,1168.9,1174.8,25114,103592
07/01/1996,1181.8,1194.6,1180.6,1185.7,12640,101099
07/02/1996,1186.4,1194.6,1182.9,1192.7,9911,99240
07/03/1996,1200.4,1207.4,1194.6,1196.9,9911,99240
07/08/1996,1200.4,1202.8,1177.1,1182.2,15018,99691
07/09/1996,1192.3,1203.9,1192.3,1193.4,13502,98079
07/10/1996,1201.6,1208.6,1187.6,1193.4,13392,98375
07/11/1996,1196.9,1203.9,1189.9,1200.4,14661,101107
07/12/1996,1202.8,1205.1,1192.3,1199.7,8970,101614
07/15/1996,1199.3,1207.4,1182.9,1205.1,14167,101972
07/16/1996,1206.3,1206.3,1150.3,1153.3,37671,107865
07/17/1996,1166.6,1167.8,1154.9,1157.3,22873,109478
07/18/1996,1166.6,1171.3,1160.8,1166.6,11072,111108
07/19/1996,1173.6,1177.1,1157.3,1158.4,16174,112128
07/22/1996,1159.6,1173.6,1158.4,1170.1,8831,112081
07/23/1996,1174.8,1175.9,1151.4,1159.6,10992,112387
07/24/1996,1165.4,1172.4,1159.6,1168.9,8888,112769
07/25/1996,1166.6,1166.6,1160.8,1163.6,3957,111482
07/26/1996,1164.3,1199.3,1161.9,1190.6,28899,108519
07/29/1996,1188.8,1189.9,1179.4,1182.5,9642,107138
07/30/1996,1184.1,1186.4,1181.8,1182.5,6152,106664
07/31/1996,1194.6,1202.8,1186.4,1201.1,16342,106529
08/01/1996,1200.4,1203.9,1189.9,1192.3,11995,107829
08/02/1996,1196.9,1199.3,1168.9,1184.1,17893,109477
08/05/1996,1192.3,1198.1,1185.3,1186.9,9629,109419
08/06/1996,1182.9,1182.9,1170.1,1174.8,12485,111123
08/07/1996,1175.9,1179.4,1173.6,1176.4,6347,110840
08/08/1996,1174.8,1192.3,1171.3,1189.5,11113,109977
08/09/1996,1194.6,1200.4,1172.4,1175.9,23942,110698
08/12/1996,1177.1,1189.9,1174.8,1182.2,9532,110261
08/13/1996,1181.8,1187.6,1181.8,1186.4,8468,109171
08/14/1996,1184.1,1185.3,1164.3,1177.1,27000,110978
08/15/1996,1173.6,1196.9,1173.6,1186.9,22192,108290
08/16/1996,1185.3,1185.3,1179.4,1184.6,13893,106572
08/19/1996,1185.3,1222.6,1184.1,1215.6,46959,109797
08/20/1996,1210.9,1220.3,1206.3,1215.6,24339,100042
08/21/1996,1213.3,1215.6,1205.1,1206.3,17536,98476
08/22/1996,1208.8,1223.7,1206.5,1217.9,28164,97494
08/23/1996,1217.9,1222.5,1209.9,1212.7,22460,96759
08/26/1996,1217.9,1230.6,1215.6,1225.5,32448,95171
08/27/1996,1224.8,1224.8,1215.6,1221.9,31122,92819
08/28/1996,1216.8,1216.8,1201.9,1206.7,29689,92044
08/29/1996,1206.5,1211.1,1203.0,1207.6,27182,92058
08/30/1996,1206.5,1209.9,1190.4,1206.5,24908,90297
09/03/1996,1205.3,1206.5,1196.1,1196.8,10015,88829
09/04/1996,1197.3,1206.5,1193.8,1201.9,10430,88004
09/05/1996,1204.2,1206.5,1184.6,1193.4,12761,87629
09/06/1996,1191.5,1199.6,1182.3,1185.3,17109,89510
09/09/1996,1186.9,1189.2,1169.7,1178.4,22013,88193
09/10/1996,1176.6,1183.5,1173.1,1181.9,10652,87994
09/11/1996,1182.3,1188.1,1172.0,1181.2,13512,88023
09/12/1996,1173.1,1177.7,1155.9,1162.8,31423,92035
09/13/1996,1167.4,1174.3,1159.3,1161.2,15701,91717
09/16/1996,1166.2,1169.7,1160.5,1168.5,6124,92252
09/17/1996,1169.7,1177.7,1163.9,1166.9,11976,92555
09/18/1996,1165.1,1173.1,1163.9,1171.5,6441,91905
09/19/1996,1169.7,1170.8,1131.8,1135.2,48976,100605
09/20/1996,1138.7,1138.7,1112.2,1117.5,34183,99535
09/23/1996,1120.3,1130.6,1119.1,1124.9,8206,100062
09/24/1996,1130.6,1135.2,1123.7,1134.1,10925,98308
09/25/1996,1135.2,1136.4,1128.3,1131.1,9205,97762
09/26/1996,1124.9,1127.2,1120.3,1122.6,11554,98195
09/27/1996,1118.0,1138.7,1115.7,1130.6,16076,97739
09/30/1996,1123.7,1126.0,1116.8,1120.7,9083,98110
10/01/1996,1119.1,1138.7,1119.1,1128.3,16978,97749
10/02/1996,1131.8,1144.4,1129.5,1132.2,14178,97410
10/03/1996,1130.6,1131.8,1122.6,1127.2,10304,97670
10/04/1996,1129.5,1134.1,1119.1,1120.3,14199,98135
10/07/1996,1120.3,1128.3,1120.3,1123.3,6522,97445
10/08/1996,1127.2,1131.8,1122.6,1125.6,7761,97644
10/09/1996,1123.7,1147.9,1121.4,1142.8,24254,97727
10/10/1996,1144.4,1170.8,1138.7,1162.8,29182,95820
10/11/1996,1161.6,1162.8,1150.2,1162.3,28368,93835
10/14/1996,1161.6,1162.8,1151.3,1157.0,14592,93859
10/15/1996,1154.8,1163.9,1150.2,1159.3,25534,92944
10/16/1996,1154.8,1167.4,1152.5,1153.6,31981,93546
10/17/1996,1145.6,1149.0,1121.4,1126.5,54366,93504
10/18/1996,1123.7,1132.9,1123.7,1125.3,17150,93705
10/21/1996,1128.3,1138.7,1126.0,1134.5,9530,95045
10/22/1996,1142.1,1149.0,1137.5,1146.7,23177,94098
10/23/1996,1147.9,1149.0,1141.0,1146.2,14978,94844
10/24/1996,1145.6,1145.6,1123.7,1130.2,29254,96367
10/25/1996,1128.3,1135.2,1126.0,1131.8,15520,95593
10/28/1996,1131.8,1134.1,1129.5,1132.9,10555,95444
10/29/1996,1127.2,1127.2,1105.3,1107.6,23812,97500
10/30/1996,1108.8,1112.2,1100.7,1109.5,26300,96948
10/31/1996,1108.8,1121.4,1093.9,1104.9,38286,96778
11/01/1996,1101.9,1106.5,1095.0,1102.6,23165,97204
11/04/1996,1104.2,1107.6,1103.0,1104.9,10393,96405
11/05/1996,1107.6,1109.9,1098.4,1101.4,13190,96727
11/06/1996,1103.0,1105.3,1082.4,1083.1,16249,97699
11/07/1996,1087.0,1120.3,1087.0,1110.6,48915,97205
11/08/1996,1107.6,1113.4,1095.0,1111.8,29354,94822
11/11/1996,1112.2,1126.0,1112.2,1124.4,19310,94065
11/12/1996,1123.7,1127.2,1109.9,1121.4,32225,94736
11/13/1996,1123.7,1135.2,1118.0,1125.6,37857,93985
11/14/1996,1122.6,1134.1,1109.9,1112.2,38506,93093
11/15/1996,1111.1,1142.1,1107.6,1134.8,40436,91936
11/18/1996,1123.7,1127.2,1119.1,1122.1,40222,91463
11/19/1996,1116.8,1122.6,1115.7,1119.8,30458,91682
11/20/1996,1123.7,1141.0,1123.7,1136.4,50118,91933
11/21/1996,1128.3,1136.4,1104.2,1112.2,79062,92913
11/22/1996,1114.5,1121.3,1108.8,1111.1,56519,91011
11/25/1996,1107.7,1107.7,1077.1,1084.6,46038,89417
11/26/1996,1083.9,1089.6,1078.2,1083.9,46907,89184
11/27/1996,1080.5,1087.3,1072.6,1083.9,46907,89184
12/02/1996,1078.2,1081.6,1069.2,1074.2,21848,85278
12/03/1996,1071.4,1098.6,1066.9,1097.5,34410,86368
12/04/1996,1097.5,1106.6,1091.8,1101.3,32467,87513
12/05/1996,1096.6,1113.4,1087.3,1108.1,42621,85464
12/06/1996,1112.2,1113.4,1087.3,1088.4,29648,85700
12/09/1996,1088.4,1096.4,1087.3,1088.9,14428,84524
12/10/1996,1095.2,1107.7,1094.1,1103.6,7684,84492
12/11/1996,1108.8,1114.5,1085.0,1100.9,20833,84686
12/12/1996,1100.9,1107.7,1095.2,1100.9,8042,83552
12/13/1996,1103.2,1105.4,1094.1,1098.6,5718,83530
12/16/1996,1094.1,1098.6,1091.8,1095.2,4006,83728
12/17/1996,1094.1,1122.4,1093.0,1108.4,23202,83189
12/18/1996,1108.8,1114.5,1099.8,1108.4,10752,82602
12/19/1996,1110.0,1113.4,1104.3,1106.6,6105,82470
12/20/1996,1110.0,1119.0,1093.0,1100.4,14589,82584
12/23/1996,1100.9,1104.3,1098.6,1101.6,2919,81957
12/24/1996,1100.9,1104.3,1099.8,1103.8,1066,81991
12/26/1996,1126.7,1128.1,1114.5,1126.7,5769,81946
12/27/1996,1114.5,1120.1,1112.2,1112.9,9789,82451
12/30/1996,1114.5,1114.5,1087.3,1090.7,19233,82660
12/31/1996,1091.8,1095.2,1066.9,1085.0,23524,84693
01/02/1997,1083.9,1088.4,1069.2,1071.9,14245,85962
01/03/1997,1064.7,1074.8,1057.9,1061.3,21919,87602
01/06/1997,1060.1,1063.5,1049.9,1053.8,11908,89728
01/07/1997,1063.5,1078.2,1063.5,1066.9,13493,89321
01/08/1997,1059.0,1063.5,1051.1,1055.6,14518,89733
01/09/1997,1057.9,1079.4,1057.9,1072.6,17574,91302
01/10/1997,1079.4,1083.9,1072.6,1079.4,14944,90858
01/13/1997,1082.8,1086.2,1059.0,1068.5,17467,93281
01/14/1997,1066.9,1074.8,1057.9,1059.0,9753,94028
01/15/1997,1055.6,1068.0,1048.8,1061.3,15105,93602
01/16/1997,1062.4,1081.6,1061.3,1073.7,13780,93922
01/17/1997,1078.2,1089.6,1073.7,1081.0,12665,93915
01/20/1997,1071.4,1076.0,1066.9,1071.9,5591,94046
01/21/1997,1077.1,1085.0,1065.8,1068.0,13088,93223
01/22/1997,1063.5,1074.8,1062.4,1069.9,14226,92807
01/23/1997,1071.4,1108.8,1069.2,1104.3,33041,93266
01/24/1997,1125.8,1132.6,1110.0,1127.4,39144,95272
01/27/1997,1122.4,1145.1,1119.0,1143.3,33247,89236
01/28/1997,1139.4,1141.7,1120.1,1124.2,23129,89571
01/29/1997,1117.9,1124.7,1108.8,1119.0,16191,89297
01/30/1997,1108.8,1126.9,1100.9,1122.4,23062,90570
01/31/1997,1124.7,1125.8,1089.6,1114.5,24007,89932
02/03/1997,1111.1,1116.8,1096.4,1110.4,12768,90242
02/04/1997,1111.1,1114.5,1095.2,1100.2,9915,90098
02/05/1997,1099.8,1108.8,1095.2,1103.6,10582,91596
02/06/1997,1103.2,1103.2,1090.7,1100.2,12979,91720
02/07/1997,1088.4,1125.8,1087.3,1119.5,26180,92059
02/10/1997,1115.6,1125.8,1111.1,1123.5,10013,92015
02/11/1997,1116.8,1121.3,1087.3,1095.9,38215,91079
02/12/1997,1096.4,1182.4,1093.0,1163.2,64210,97471
02/13/1997,1159.8,1174.5,1156.4,1164.8,26810,95665
02/14/1997,1167.7,1194.9,1162.1,1189.7,33850,97026
02/18/1997,1187.0,1189.2,1175.6,1181.3,17439,99563
02/19/1997,1181.3,1187.0,1167.7,1175.6,19239,99982
02/20/1997,1171.1,1191.5,1164.3,1184.7,25991,100688
02/21/1997,1183.6,1193.8,1174.5,1175.6,24020,99677
02/24/1997,1177.9,1183.5,1174.5,1177.9,29756,93177
02/25/1997,1176.8,1184.6,1168.9,1184.0,32239,93596
02/26/1997,1183.5,1209.3,1166.7,1177.5,66037,94905
02/27/1997,1194.7,1210.4,1184.6,1188.0,46925,92995
02/28/1997,1193.6,1207.1,1177.9,1202.6,23346,90704
03/03/1997,1198.1,1219.4,1191.4,1198.1,21419,91159
03/04/1997,1191.4,1191.4,1177.9,1181.3,15008,90813
03/05/1997,1172.3,1184.6,1160.0,1175.7,22882,91387
03/06/1997,1175.7,1189.1,1163.3,1172.8,18259,89587
03/07/1997,1165.6,1173.4,1158.8,1163.3,16957,89669
03/10/1997,1160.0,1189.1,1157.7,1183.5,12528,90202
03/11/1997,1189.1,1190.3,1174.5,1185.8,11867,89019
03/12/1997,1181.3,1190.3,1168.9,1173.0,11787,88816
03/13/1997,1177.9,1198.1,1175.7,1192.0,26282,92278
03/14/1997,1192.5,1199.2,1182.4,1185.3,11466,93091
03/17/1997,1183.5,1184.6,1173.4,1175.2,12425,92298
03/18/1997,1173.4,1176.8,1147.6,1167.4,34950,89969
03/19/1997,1165.6,1184.6,1164.5,1175.7,19236,90906
03/20/1997,1183.5,1183.5,1163.3,1171.2,19961,93069
03/21/1997,1171.2,1172.3,1154.4,1158.8,18722,90321
03/24/1997,1153.2,1168.9,1148.7,1166.0,14420,90271
03/25/1997,1164.5,1165.6,1144.3,1148.7,18374,88713
03/26/1997,1146.5,1164.5,1144.3,1158.8,15382,88520
03/27/1997,1155.5,1162.2,1148.7,1154.8,11194,89223
03/31/1997,1157.7,1160.0,1126.3,1138.6,27752,91324
04/01/1997,1128.6,1139.8,1114.0,1122.9,28792,93926
04/02/1997,1116.2,1129.7,1090.4,1092.7,24130,94216
04/03/1997,1093.8,1096.0,1044.4,1061.2,57462,98254
04/04/1997,1061.2,1072.5,1056.8,1063.9,21244,98125
04/07/1997,1063.5,1078.1,1063.5,1074.7,12047,99448
04/08/1997,1078.1,1082.6,1065.7,1072.5,14202,99130
04/09/1997,1069.1,1078.1,1068.0,1071.3,7851,99467
04/10/1997,1071.3,1076.9,1068.0,1072.9,5191,99329
04/11/1997,1073.6,1076.9,1050.0,1059.0,19045,98756
04/14/1997,1059.0,1064.6,1054.5,1059.7,8645,100138
04/15/1997,1054.5,1060.1,1045.5,1056.3,17724,101823
04/16/1997,1057.9,1075.8,1055.6,1070.2,16815,100998
04/17/1997,1079.2,1080.3,1047.8,1053.4,38987,102323
04/18/1997,1056.8,1066.9,1054.5,1057.4,14634,101396
04/21/1997,1059.0,1066.9,1059.0,1062.4,20903,99266
04/22/1997,1062.8,1070.5,1055.0,1057.9,15236,98005
04/23/1997,1055.0,1063.9,1049.4,1060.1,14246,96764
04/24/1997,1056.1,1059.4,1049.4,1053.0,29060,95340
04/25/1997,1059.4,1062.8,1056.1,1059.0,19154,95115
04/28/1997,1055.0,1055.0,1028.3,1034.6,49607,95301
04/29/1997,1036.1,1042.8,1033.9,1037.2,37835,91260
04/30/1997,1040.6,1057.2,1037.2,1042.3,21189,85175
05/01/1997,1042.8,1066.1,1037.2,1059.0,22016,82963
05/02/1997,1056.1,1059.4,1048.3,1050.1,11504,85219
05/05/1997,1055.0,1063.9,1052.8,1059.0,6476,84555
05/06/1997,1057.2,1063.9,1048.3,1051.2,12246,86192
05/07/1997,1056.1,1061.7,1052.8,1056.8,4340,86407
05/08/1997,1058.3,1083.9,1058.3,1079.4,19983,84968
05/09/1997,1082.8,1093.9,1075.0,1083.9,16005,85071
05/12/1997,1083.9,1095.0,1072.8,1073.9,12421,85122
05/13/1997,1075.0,1089.4,1070.5,1083.4,12191,85327
05/14/1997,1082.8,1087.2,1072.8,1074.5,6735,84932
05/15/1997,1078.3,1081.6,1073.9,1079.0,7567,84030
05/16/1997,1076.1,1077.2,1036.1,1042.3,30867,89153
05/19/1997,1039.4,1048.3,1027.2,1046.8,14590,90165
05/20/1997,1049.4,1050.5,1039.4,1046.8,7936,90268
05/21/1997,1040.6,1046.1,1037.2,1042.8,7936,90575
05/22/1997,1040.6,1041.7,1035.0,1039.0,4605,90570
05/23/1997,1035.0,1061.7,1032.8,1052.3,12360,89675
05/27/1997,1053.9,1057.2,1050.5,1054.5,6300,89477
05/28/1997,1059.4,1061.7,1031.7,1050.5,13970,90611
05/29/1997,1048.3,1076.1,1046.1,1074.5,30024,90508
05/30/1997,1077.2,1077.2,1037.2,1038.3,24062,91933
06/02/1997,1043.9,1050.5,1040.6,1043.4,12406,91434
06/03/1997,1045.0,1053.9,1042.8,1050.1,9849,91915
06/04/1997,1046.1,1052.8,1041.7,1043.9,16179,89649
06/05/1997,1043.9,1070.5,1041.7,1059.4,20606,89969
06/06/1997,1077.2,1087.2,1059.4,1062.3,31405,88577
06/09/1997,1065.0,1070.5,1042.8,1052.8,15429,89941
06/10/1997,1051.7,1063.4,1049.4,1053.9,10498,88045
06/11/1997,1057.2,1059.4,1048.3,1053.9,6169,87799
06/12/1997,1049.4,1052.8,1045.0,1045.7,9472,86717
06/13/1997,1041.7,1052.8,1032.8,1038.3,24186,88842
06/16/1997,1039.4,1043.9,1039.4,1041.0,9904,90041
06/17/1997,1039.4,1067.2,1039.4,1057.7,26654,90655
06/18/1997,1060.5,1061.7,1038.3,1042.8,20186,89987
06/19/1997,1045.0,1061.7,1043.9,1053.9,35931,93305
06/20/1997,1051.7,1052.8,1041.7,1046.6,17307,92327
06/23/1997,1045.7,1071.0,1044.6,1068.8,37797,94137
06/24/1997,1064.4,1064.4,1050.9,1055.3,28323,88950
06/25/1997,1058.9,1062.2,1054.5,1056.7,26039,90858
06/26/1997,1055.6,1061.1,1040.2,1053.4,49417,89955
06/27/1997,1052.3,1052.3,1038.0,1039.1,30840,88671
06/30/1997,1041.3,1043.5,1018.2,1022.1,33709,91277
07/01/1997,1022.6,1035.8,1022.6,1028.7,15270,93480
07/02/1997,1024.8,1033.6,1020.4,1021.5,10126,91192
07/03/1997,1027.0,1029.2,1002.8,1005.0,16687,93303
07/07/1997,990.7,990.7,934.6,942.3,39986,97729
07/08/1997,936.8,963.2,936.8,953.3,24830,99053
07/09/1997,940.1,955.5,937.9,950.0,18117,100224
07/10/1997,955.5,966.5,946.7,963.9,11091,98372
07/11/1997,961.0,966.5,951.1,958.8,8953,96667
07/14/1997,958.8,958.8,936.8,940.1,12084,98156
07/15/1997,939.0,955.5,936.8,945.0,14827,99155
07/16/1997,951.1,953.3,919.2,920.3,14411,101907
07/17/1997,926.9,942.3,920.3,933.5,19874,98701
07/18/1997,935.7,954.4,928.0,939.0,13606,96337
07/21/1997,945.6,946.7,934.6,936.4,5535,96836
07/22/1997,939.0,958.8,937.9,946.3,13569,94829
07/23/1997,941.2,952.2,935.7,944.5,9124,94552
07/24/1997,940.1,978.6,939.0,941.2,18088,96005
07/25/1997,947.8,956.6,943.4,950.0,13747,96097
07/28/1997,951.1,963.2,950.0,958.4,8921,96631
07/29/1997,955.5,959.9,941.2,951.1,15594,97777
07/30/1997,955.5,968.7,955.5,961.7,10326,97160
07/31/1997,964.3,989.6,964.3,987.4,25479,97043
08/01/1997,983.0,990.7,972.0,983.0,14717,93511
08/04/1997,980.8,998.4,979.7,991.1,8497,91808
08/05/1997,987.4,988.5,943.4,948.9,25851,94293
08/06/1997,950.0,958.8,950.0,952.9,6302,93800
08/07/1997,948.9,965.4,947.8,962.1,10040,93412
08/08/1997,962.1,984.1,956.6,962.1,20712,93626
08/11/1997,967.6,978.6,966.5,976.4,9558,93176
08/12/1997,970.9,974.2,963.2,973.1,10326,92228
08/13/1997,979.7,999.5,973.1,991.1,23223,90136
08/14/1997,983.0,994.0,959.9,968.7,24148,91368
08/15/1997,965.4,1005.0,965.4,1002.8,23995,92664
08/18/1997,994.0,999.5,983.0,990.0,14987,90543
08/19/1997,988.5,996.2,986.3,992.2,9680,88932
08/20/1997,987.4,989.6,973.1,987.4,17014,89009
08/21/1997,991.8,999.5,987.4,990.7,18327,88634
08/22/1997,990.2,1033.5,988.0,1029.6,48335,88710
08/25/1997,1020.5,1025.9,1010.8,1014.2,18057,84834
08/26/1997,1024.8,1025.9,1016.2,1023.5,29534,82848
08/27/1997,1019.4,1023.8,1011.4,1019.9,27245,81567
08/28/1997,1019.4,1053.0,1018.3,1020.5,47922,81610
08/29/1997,1029.2,1031.3,1009.7,1015.1,17001,77625
09/02/1997,1021.6,1025.9,1006.4,1010.1,9363,77184
09/03/1997,1007.5,1025.9,1004.3,1019.9,12729,77433
09/04/1997,1017.3,1029.2,1008.6,1020.5,12832,75858
09/05/1997,1020.5,1035.7,1009.7,1024.8,16059,76520
09/08/1997,1020.5,1024.8,1014.0,1018.8,6550,76078
09/09/1997,1015.1,1034.6,1015.1,1031.3,12911,77878
09/10/1997,1029.2,1030.3,1023.8,1028.7,6393,77237
09/11/1997,1029.2,1050.9,1028.1,1032.4,16600,77475
09/12/1997,1031.3,1043.3,1023.8,1034.6,11639,78064
09/15/1997,1030.3,1033.5,1025.9,1030.7,4689,76746
09/16/1997,1022.7,1024.8,992.3,999.9,28863,78406
09/17/1997,993.4,1005.3,990.2,997.8,17723,79114
09/18/1997,1006.4,1022.7,1005.3,1015.1,20713,77264
09/19/1997,1022.7,1027.0,1015.1,1019.4,12362,78048
09/22/1997,1020.5,1021.6,1009.7,1012.5,4860,77679
09/23/1997,1014.0,1019.4,1007.5,1017.3,9173,78039
09/24/1997,1024.8,1031.3,1022.7,1030.3,9672,78685
09/25/1997,1030.3,1045.4,1029.2,1036.8,16188,79513
09/26/1997,1035.7,1048.7,1030.3,1044.8,16662,82530
09/29/1997,1057.4,1109.4,1056.3,1106.1,46614,90894
09/30/1997,1146.2,1154.9,1126.7,1133.6,42805,95589
10/01/1997,1133.2,1133.2,1114.8,1123.4,17196,97812
10/02/1997,1118.0,1133.2,1114.8,1120.2,16239,101284
10/03/1997,1121.3,1151.6,1115.9,1149.0,20353,103968
10/06/1997,1144.0,1144.0,1124.5,1128.2,10121,103830
10/07/1997,1123.4,1135.4,1118.0,1127.1,8790,104480
10/08/1997,1136.4,1152.7,1126.7,1133.2,19497,106680
10/09/1997,1135.4,1145.1,1101.8,1110.4,20727,105004
10/10/1997,1114.8,1126.7,1113.7,1125.6,8435,103748
10/13/1997,1123.4,1124.5,1113.7,1115.2,5017,103327
10/14/1997,1110.4,1114.8,1095.3,1100.7,12207,103011
10/15/1997,1089.9,1099.6,1081.2,1097.9,15747,103869
10/16/1997,1102.9,1105.0,1060.6,1063.9,32561,102043
10/17/1997,1063.9,1077.9,1061.7,1074.3,16732,100353
10/20/1997,1067.1,1072.5,1055.2,1069.9,13077,99632
10/21/1997,1071.4,1081.2,1068.2,1078.6,9813,99037
10/22/1997,1074.7,1100.7,1071.4,1090.5,19713,98386
10/23/1997,1100.7,1100.7,1067.1,1069.9,20073,98564
10/24/1997,1057.4,1071.4,1033.5,1036.8,33232,100242
10/27/1997,1044.4,1051.9,1035.7,1037.8,18285,101089
10/28/1997,1044.4,1044.4,1003.2,1041.1,53751,92847
10/29/1997,1033.5,1041.1,1023.8,1038.9,1510,94318
10/30/1997,1044.4,1060.6,1036.8,1054.5,23954,92483
10/31/1997,1041.1,1047.6,1022.7,1026.4,17487,94671
11/03/1997,1033.5,1055.2,1020.5,1049.8,21123,95048
11/04/1997,1050.9,1059.5,1046.5,1050.4,17903,95965
11/05/1997,1050.9,1058.4,1046.5,1055.8,8402,96386
11/06/1997,1047.6,1071.4,1045.4,1061.0,17961,95686
11/07/1997,1067.1,1069.3,1042.2,1050.9,18322,94879
11/10/1997,1053.0,1058.4,1050.9,1053.7,7340,94374
11/11/1997,1066.0,1087.7,1055.2,1062.8,19174,94993
11/12/1997,1060.6,1076.9,1060.6,1062.3,10484,94658
11/13/1997,1079.0,1115.9,1079.0,1112.6,32199,96767
11/14/1997,1103.9,1113.7,1081.2,1100.7,32242,95827
11/17/1997,1106.1,1115.9,1103.9,1108.9,26916,98373
11/18/1997,1105.0,1111.5,1096.4,1105.0,16862,98554
11/19/1997,1106.1,1141.9,1105.0,1130.6,40832,101628
11/20/1997,1129.9,1135.4,1120.2,1132.8,26606,100582
11/21/1997,1134.3,1190.6,1133.2,1173.9,76107,103503
11/24/1997,1183.0,1184.1,1157.3,1164.6,50768,98918
11/25/1997,1155.2,1163.7,1116.7,1133.4,43102,94257
11/26/1997,1123.1,1137.0,1117.8,1133.4,43102,94257
12/01/1997,1121.0,1144.5,1113.5,1143.4,14806,89570
12/02/1997,1141.3,1150.9,1138.1,1144.1,9962,89243
12/03/1997,1141.3,1155.2,1127.4,1138.7,15315,88724
12/04/1997,1138.1,1141.3,1129.5,1134.9,7743,88056
12/05/1997,1140.2,1175.5,1138.1,1161.2,20343,90160
12/08/1997,1161.6,1165.9,1147.7,1154.1,13647,88562
12/09/1997,1149.8,1168.0,1140.2,1165.5,19205,89550
12/10/1997,1236.5,1258.9,1215.1,1256.8,37604,91699
12/11/1997,1275.0,1278.2,1235.4,1242.9,22137,92573
12/12/1997,1239.7,1275.0,1237.5,1257.4,13723,92244
12/15/1997,1268.6,1272.8,1254.7,1263.2,11170,92941
12/16/1997,1249.3,1281.4,1242.9,1276.1,16540,94552
12/17/1997,1288.9,1290.0,1265.4,1276.7,15211,93983
12/18/1997,1281.4,1300.7,1268.6,1299.2,17558,94973
12/19/1997,1300.7,1300.7,1283.5,1295.3,10967,95954
12/22/1997,1298.5,1299.6,1286.8,1288.9,5739,95945
12/23/1997,1291.0,1337.0,1286.8,1335.5,17347,98820
12/24/1997,1341.3,1368.0,1325.3,1364.4,9266,99250
12/26/1997,1363.8,1364.8,1349.9,1358.4,4445,98828
12/29/1997,1339.2,1356.3,1330.6,1354.1,10573,99686
12/30/1997,1331.7,1339.2,1309.2,1323.1,13969,98540
12/31/1997,1266.4,1283.5,1240.8,1281.0,26501,98906
01/02/1998,1273.9,1281.4,1267.5,1273.9,5408,98363
01/05/1998,1256.8,1273.9,1244.0,1267.1,16922,97330
01/06/1998,1287.8,1324.2,1286.8,1297.4,29588,97490
01/07/1998,1292.1,1295.3,1275.0,1287.4,13369,98285
01/08/1998,1293.2,1294.2,1206.5,1235.0,32471,95276
01/09/1998,1227.9,1234.3,1201.2,1206.1,16969,95253
01/12/1998,1174.4,1185.1,1156.3,1171.2,21456,92081
01/13/1998,1181.9,1218.3,1176.6,1216.2,17467,92507
01/14/1998,1214.0,1232.2,1196.9,1216.8,13226,90674
01/15/1998,1219.4,1248.2,1215.1,1243.5,18285,92535
01/16/1998,1249.3,1257.9,1231.1,1237.1,18285,92535
01/20/1998,1239.7,1252.5,1210.8,1213.6,11394,92731
01/21/1998,1227.9,1244.0,1220.4,1241.4,9298,93517
01/22/1998,1248.2,1249.3,1219.4,1223.2,11782,95240
01/23/1998,1230.1,1270.7,1222.6,1260.7,14713,95225
01/26/1998,1255.7,1272.8,1244.0,1270.3,13340,96007
01/27/1998,1281.4,1307.1,1278.2,1305.6,17659,97404
01/28/1998,1267.5,1302.8,1245.0,1294.9,27140,97937
01/29/1998,1302.8,1307.1,1283.5,1290.0,11068,99212
01/30/1998,1283.5,1356.3,1275.0,1310.3,41437,105152
02/02/1998,1317.8,1339.2,1313.5,1336.6,19888,105060
02/03/1998,1334.9,1418.3,1332.7,1415.1,37705,106274
02/04/1998,1450.4,1514.6,1435.4,1501.7,45218,105710
02/05/1998,1583.0,1583.0,1471.8,1557.4,42010,108710
02/06/1998,1555.2,1558.4,1503.9,1510.3,27522,110897
02/09/1998,1495.3,1522.1,1482.5,1485.7,16697,110641
02/10/1998,1499.6,1533.8,1494.3,1518.9,18344,111633
02/11/1998,1506.0,1517.8,1480.4,1497.0,17019,112015
02/12/1998,1491.0,1518.9,1484.6,1497.5,13830,113149
02/13/1998,1497.5,1527.4,1495.3,1517.8,15694,113883
02/17/1998,1529.6,1541.3,1433.3,1448.3,29205,113024
02/18/1998,1420.5,1448.3,1394.8,1404.4,32357,110816
02/19/1998,1423.7,1463.2,1417.2,1459.0,23271,109929
02/20/1998,1441.8,1451.5,1386.2,1395.4,28069,109774
02/23/1998,1376.0,1390.9,1356.7,1384.7,35571,108168
02/24/1998,1372.7,1379.2,1346.0,1362.0,39903,102156
02/25/1998,1365.3,1373.8,1292.5,1296.1,43480,101262
02/26/1998,1296.8,1336.4,1288.2,1327.4,45213,102338
02/27/1998,1348.1,1390.9,1335.3,1386.7,19803,101987
03/02/1998,1380.2,1412.3,1380.2,1405.5,13652,100000
03/03/1998,1387.7,1389.9,1348.1,1365.9,15818,97626
03/04/1998,1363.1,1370.6,1348.1,1358.4,10299,97749
03/05/1998,1348.1,1372.7,1339.6,1361.6,11475,97848
03/06/1998,1352.4,1369.5,1294.6,1298.9,20378,97551
03/09/1998,1298.9,1309.6,1281.8,1303.8,13018,96801
03/10/1998,1313.9,1352.4,1311.8,1349.2,16510,97317
03/11/1998,1342.8,1343.9,1307.5,1310.7,13034,96816
03/12/1998,1313.9,1328.9,1292.5,1323.5,16013,96580
03/13/1998,1331.0,1333.2,1291.4,1312.8,12856,96019
03/16/1998,1302.1,1312.8,1295.7,1304.3,7676,94597
03/17/1998,1292.5,1293.6,1241.1,1248.6,38914,90971
03/18/1998,1234.7,1273.2,1234.7,1268.5,13707,88058
03/19/1998,1239.0,1264.7,1191.9,1260.4,47623,86039
03/20/1998,1252.9,1318.2,1248.6,1312.8,17081,84953
03/23/1998,1328.9,1368.5,1309.6,1365.3,16019,84689
03/24/1998,1363.1,1393.1,1346.0,1355.6,21706,85814
03/25/1998,1343.9,1361.0,1318.2,1324.6,13952,85246
03/26/1998,1343.9,1366.3,1337.4,1361.6,13512,85196
03/27/1998,1356.7,1376.0,1349.2,1352.4,11241,86115
03/30/1998,1350.3,1364.2,1341.7,1347.1,8211,86103
03/31/1998,1342.8,1388.8,1338.5,1383.9,15432,85986
04/01/1998,1378.1,1383.4,1343.9,1354.6,13418,87361
04/02/1998,1371.7,1405.9,1367.4,1398.0,23868,87711
04/03/1998,1429.5,1431.6,1393.1,1407.0,17439,87660
04/06/1998,1407.0,1407.0,1339.6,1363.1,17907,88165
04/07/1998,1356.7,1386.7,1351.3,1364.6,12579,87773
04/08/1998,1376.0,1378.1,1354.6,1368.0,7579,87639
04/09/1998,1363.1,1380.2,1326.7,1369.5,17062,85197
04/13/1998,1364.2,1368.5,1350.3,1359.5,5909,85920
04/14/1998,1356.7,1357.8,1322.5,1340.6,11155,86079
04/15/1998,1333.2,1352.4,1324.6,1348.1,16662,84611
04/16/1998,1309.6,1347.1,1301.1,1346.0,22961,84735
04/17/1998,1341.7,1344.9,1327.8,1334.7,9752,83397
04/20/1998,1337.4,1343.9,1322.5,1329.9,13816,81496
04/21/1998,1331.0,1364.2,1318.2,1346.6,20562,81336
04/22/1998,1344.3,1357.0,1333.6,1340.2,13922,79905
04/23/1998,1346.4,1349.6,1333.6,1345.1,14744,77864
04/24/1998,1336.8,1344.3,1324.1,1332.1,17896,78265
04/27/1998,1316.6,1335.8,1310.3,1316.6,32249,77621
04/28/1998,1306.0,1323.0,1299.7,1308.8,22934,77206
04/29/1998,1297.5,1331.5,1291.2,1325.1,24928,77155
04/30/1998,1314.5,1346.4,1310.3,1323.0,22751,76882
05/01/1998,1312.4,1329.4,1303.9,1306.7,11366,75391
05/04/1998,1312.4,1331.5,1300.7,1326.6,10313,75345
05/05/1998,1330.5,1344.3,1291.2,1297.1,19097,74273
05/06/1998,1293.3,1310.3,1248.7,1256.8,21011,73092
05/07/1998,1246.6,1273.1,1242.3,1268.9,11775,74273
05/08/1998,1269.9,1282.7,1264.6,1266.1,8938,75222
05/11/1998,1235.9,1238.1,1215.8,1217.3,18878,75353
05/12/1998,1223.2,1229.6,1168.0,1181.8,25255,76225
05/13/1998,1172.2,1180.7,1153.1,1175.0,21212,78287
05/14/1998,1178.6,1193.5,1173.3,1180.7,10506,78602
05/15/1998,1193.5,1208.3,1178.6,1183.3,10962,78310
05/18/1998,1155.3,1165.9,1121.3,1122.8,23382,79668
05/19/1998,1119.2,1124.5,1096.9,1098.3,22278,82076
05/20/1998,1102.2,1133.0,1102.2,1111.7,15522,84010
05/21/1998,1127.6,1134.0,1118.1,1121.3,9226,83476
05/22/1998,1121.3,1131.9,1114.9,1116.0,5693,83033
05/26/1998,1116.0,1121.3,1076.7,1084.1,15238,84069
05/27/1998,1080.9,1105.3,1074.6,1097.5,13715,84802
05/28/1998,1095.8,1108.5,1070.3,1072.4,12786,85539
05/29/1998,1058.6,1083.0,1045.9,1079.9,22987,91571
06/01/1998,1087.3,1091.5,1057.6,1073.5,14373,91633
06/02/1998,1083.0,1104.3,1083.0,1097.5,14330,93121
06/03/1998,1101.1,1102.2,1083.0,1099.6,7992,93739
06/04/1998,1089.4,1110.7,1087.3,1108.5,5050,93711
06/05/1998,1105.3,1123.4,1073.5,1119.8,22562,96473
06/08/1998,1114.9,1152.1,1111.7,1150.6,19150,96084
06/09/1998,1155.3,1163.7,1123.4,1129.8,25815,94321
06/10/1998,1131.9,1142.5,1127.6,1129.3,9247,91185
06/11/1998,1123.4,1126.6,1089.4,1094.7,14615,92300
06/12/1998,1097.9,1105.3,1075.6,1083.7,13420,90837
06/15/1998,1083.0,1087.3,1072.4,1078.4,7712,91712
06/16/1998,1087.3,1108.5,1087.3,1100.7,10995,92339
06/17/1998,1112.8,1141.4,1108.5,1139.3,19857,91973
06/18/1998,1127.6,1130.8,1106.4,1117.0,14725,91372
06/19/1998,1133.0,1158.4,1127.6,1136.6,22795,91450
06/22/1998,1122.6,1132.1,1117.4,1130.8,20741,89883
06/23/1998,1133.1,1137.4,1127.9,1133.4,17736,91947
06/24/1998,1126.8,1131.0,1112.1,1116.7,18842,92387
06/25/1998,1119.5,1134.2,1117.4,1131.9,22825,91641
06/26/1998,1141.6,1141.6,1106.8,1122.2,28473,89710
06/29/1998,1122.6,1131.0,1120.5,1124.7,24383,86686
06/30/1998,1131.0,1176.3,1126.8,1165.8,38333,79898
07/01/1998,1163.7,1173.2,1147.9,1153.2,15524,76441
07/02/1998,1146.8,1147.9,1112.1,1123.0,17485,74897
07/06/1998,1124.7,1132.1,1122.6,1124.7,5561,74904
07/07/1998,1132.1,1146.8,1130.0,1139.0,9059,75445
07/08/1998,1124.7,1132.1,1107.9,1130.0,10423,75147
07/09/1998,1133.1,1134.2,1113.1,1127.9,6782,75109
07/10/1998,1118.4,1127.9,1107.9,1117.4,7651,75070
07/13/1998,1113.1,1138.4,1102.6,1123.2,11807,75443
07/14/1998,1122.6,1134.2,1113.1,1121.6,8559,68910
07/15/1998,1124.7,1127.9,1114.2,1125.4,6000,77196
07/16/1998,1135.3,1141.6,1115.2,1124.7,9566,77792
07/17/1998,1126.8,1136.3,1117.4,1131.7,8055,80128
07/20/1998,1139.5,1153.2,1136.3,1152.1,9066,79633
07/21/1998,1148.9,1174.2,1138.4,1166.8,21510,81787
07/22/1998,1185.8,1202.7,1184.7,1192.1,18595,82382
07/23/1998,1198.4,1232.1,1198.4,1222.0,28035,81897
07/24/1998,1225.8,1233.2,1186.9,1202.0,25026,80647
07/27/1998,1187.9,1200.5,1183.7,1190.0,10807,80331
07/28/1998,1198.4,1201.6,1185.8,1194.2,10035,80261
07/29/1998,1194.2,1203.7,1175.3,1178.0,14975,80946
07/30/1998,1169.0,1174.2,1154.2,1161.6,11830,80336
07/31/1998,1162.6,1164.7,1142.6,1149.6,12403,81144
08/03/1998,1144.7,1146.8,1127.9,1128.9,13040,80282
08/04/1998,1138.4,1154.2,1127.9,1148.5,14072,81012
08/05/1998,1146.8,1152.1,1134.2,1138.4,10903,81059
08/06/1998,1139.5,1152.1,1139.5,1143.7,7255,80088
08/07/1998,1138.4,1140.5,1108.9,1110.6,18836,80439
08/10/1998,1114.2,1121.6,1108.9,1118.4,6282,80355
08/11/1998,1092.1,1100.5,1082.6,1090.6,15383,82378
08/12/1998,1101.6,1103.7,1078.4,1082.6,16358,82104
08/13/1998,1076.3,1095.2,1061.5,1092.7,25586,83850
08/14/1998,1083.7,1088.9,1074.2,1084.7,10251,83274
08/17/1998,1075.2,1083.7,1070.0,1076.3,7459,83258
08/18/1998,1074.2,1078.4,1061.5,1067.9,18534,83930
08/19/1998,1078.4,1078.4,1064.7,1067.4,8429,83865
08/20/1998,1077.3,1091.0,1076.3,1083.7,14065,83125
08/21/1998,1081.5,1090.0,1078.4,1087.9,10794,83277
08/24/1998,1082.2,1086.3,1076.9,1079.4,9182,82695
08/25/1998,1068.6,1068.6,1050.8,1055.0,35329,83468
08/26/1998,1046.7,1071.7,1038.3,1045.6,32204,84264
08/27/1998,1041.5,1044.6,1016.4,1022.9,30222,83527
08/28/1998,1006.0,1021.6,977.8,979.9,49759,85900
08/31/1998,988.2,995.5,974.7,976.3,13314,80983
09/01/1998,986.1,1019.5,986.1,999.7,17470,79403
09/02/1998,1012.2,1015.4,1002.8,1010.1,10653,78639
09/03/1998,1003.9,1043.5,991.4,1033.1,18887,76789
09/04/1998,1040.4,1056.1,1036.2,1049.8,10323,77334
09/08/1998,1045.6,1046.7,1014.3,1025.4,11490,76854
09/09/1998,1018.5,1040.4,1016.4,1033.1,12015,75710
09/10/1998,1047.7,1066.5,1043.5,1054.0,15298,73325
09/11/1998,1058.2,1074.8,1030.0,1048.8,18190,73455
09/14/1998,1039.4,1043.5,1031.0,1035.2,6298,73249
09/15/1998,1028.9,1047.7,1027.9,1034.1,8893,72989
09/16/1998,1035.2,1044.6,1024.8,1026.8,8557,72944
09/17/1998,1037.3,1047.7,1034.1,1040.4,6542,73143
09/18/1998,1041.5,1045.6,1031.0,1038.3,6837,73269
09/21/1998,1045.6,1055.0,1010.1,1013.3,12268,74574
09/22/1998,1018.5,1027.9,1016.4,1020.6,7248,74894
09/23/1998,1019.5,1058.2,1018.5,1052.5,18419,75800
09/24/1998,1058.2,1080.1,1050.8,1075.5,18942,75165
09/25/1998,1092.6,1095.7,1076.9,1078.6,17236,74835
09/28/1998,1070.7,1106.2,1069.6,1104.1,15371,75169
09/29/1998,1115.5,1127.0,1110.3,1118.7,25905,72505
09/30/1998,1119.7,1123.9,1093.6,1118.7,16633,71779
10/01/1998,1116.6,1142.7,1102.0,1105.1,21860,73215
10/02/1998,1109.3,1110.3,1084.2,1086.7,16720,72368
10/05/1998,1076.9,1089.5,1055.0,1057.1,16992,71581
10/06/1998,1059.2,1068.6,1056.1,1062.3,6984,72198
10/07/1998,1072.8,1078.0,1049.8,1072.1,11401,71841
10/08/1998,1082.2,1087.4,1033.1,1042.9,22258,72805
10/09/1998,1045.6,1050.8,994.5,1001.8,26708,74730
10/12/1998,1010.1,1013.3,1006.0,1009.7,7429,74372
10/13/1998,1013.3,1016.4,1006.0,1010.1,9943,74184
10/14/1998,1006.0,1010.1,999.7,1008.1,10347,75366
10/15/1998,1008.1,1030.0,1007.0,1021.6,12783,75516
10/16/1998,1031.0,1039.4,1008.1,1033.1,18070,75738
10/19/1998,1024.8,1031.0,1018.5,1019.5,5676,75172
10/20/1998,1014.3,1026.8,1010.1,1019.5,7727,74847
10/21/1998,1019.5,1031.0,1015.4,1019.5,5019,75150
10/22/1998,1012.2,1021.6,1009.1,1019.1,5212,75368
10/23/1998,1018.5,1024.8,1014.3,1017.5,4371,75095
10/26/1998,1008.1,1043.5,1006.0,1040.0,12397,76605
10/27/1998,1040.4,1044.6,1025.8,1032.1,15106,76173
10/28/1998,1058.2,1062.3,1046.7,1053.6,18332,76180
10/29/1998,1048.8,1070.7,1047.7,1059.2,16473,74865
10/30/1998,1054.0,1061.3,1047.7,1052.5,8258,74722
11/02/1998,1049.8,1057.1,1042.5,1049.8,6961,74499
11/03/1998,1039.4,1039.4,1014.3,1026.8,18922,74429
11/04/1998,1027.9,1036.2,1021.6,1031.4,7244,74806
11/05/1998,1031.0,1055.0,1028.9,1052.9,10516,74401
11/06/1998,1051.9,1061.3,1041.5,1045.6,10036,75280
11/09/1998,1041.5,1054.0,1039.4,1050.8,5708,75373
11/10/1998,1042.5,1049.8,1038.3,1042.1,7008,75074
11/11/1998,1039.4,1046.7,1038.3,1043.5,9989,76594
11/12/1998,1040.4,1074.8,1039.4,1071.3,28573,79812
11/13/1998,1070.7,1071.7,1044.6,1048.8,18477,79567
11/16/1998,1049.8,1054.0,1021.6,1028.3,23605,78628
11/17/1998,1028.9,1035.2,1023.7,1028.3,11259,77804
11/18/1998,1031.0,1044.6,1030.0,1037.7,14635,76988
11/19/1998,1041.5,1042.5,1031.0,1033.1,9854,77042
11/20/1998,1030.0,1036.2,1012.2,1020.6,24825,77903
11/23/1998,1019.1,1023.3,1014.0,1021.0,20156,77947
11/24/1998,1023.3,1023.3,1014.0,1018.9,36510,76932
11/25/1998,1021.2,1039.8,1015.8,1023.3,36510,76932
11/30/1998,1024.3,1025.3,1003.7,1007.8,19979,74758
12/01/1998,1010.9,1019.1,1007.8,1013.0,6450,74764
12/02/1998,1013.0,1013.0,971.7,973.8,32334,80321
12/03/1998,968.6,990.3,965.5,989.2,18574,81412
12/04/1998,990.3,1005.7,986.1,987.6,10569,82333
12/07/1998,984.1,1000.6,982.0,991.9,7571,81415
12/08/1998,987.2,1002.6,982.0,991.3,10630,82305
12/09/1998,999.5,1003.7,987.2,988.2,6622,82536
12/10/1998,1000.6,1002.6,988.2,992.3,4463,82132
12/11/1998,993.4,993.4,973.8,990.3,12834,82955
12/14/1998,989.2,1017.1,988.2,1009.2,15577,81553
12/15/1998,1006.8,1015.0,1005.7,1009.2,5110,80768
12/16/1998,1019.1,1048.0,1019.1,1047.0,22966,78310
12/17/1998,1034.6,1041.8,1009.9,1023.3,15112,76722
12/18/1998,1021.2,1031.5,1016.0,1020.6,8180,76086
12/21/1998,1021.2,1023.3,1009.9,1011.9,4750,76164
12/22/1998,1009.9,1023.3,1006.8,1014.6,6071,76273
12/23/1998,1007.8,1016.0,998.5,1011.5,7557,76322
12/24/1998,1013.0,1020.2,1011.9,1017.1,2367,76315
12/28/1998,1016.0,1020.2,1014.0,1018.1,1818,76148
12/29/1998,1019.1,1042.9,1018.1,1038.7,13952,75987
12/30/1998,1046.0,1051.1,1030.5,1038.7,11234,75673
12/31/1998,1038.7,1044.9,1032.6,1035.6,4243,75352
01/04/1999,1032.6,1033.6,1002.6,1019.1,17312,75279
01/05/1999,1015.0,1043.9,1014.0,1040.2,19575,76063
01/06/1999,1074.8,1081.0,1057.3,1065.6,37597,75616
01/07/1999,1089.3,1092.4,1075.9,1081.0,27621,76320
01/08/1999,1073.8,1094.4,1067.6,1090.9,15994,79773
01/11/1999,1087.2,1110.9,1075.9,1104.8,13426,80799
01/12/1999,1102.7,1103.7,1077.9,1082.1,16845,80352
01/13/1999,1067.6,1073.8,1046.0,1070.7,23487,78804
01/14/1999,1064.5,1068.7,1048.0,1067.6,11546,78195
01/15/1999,1057.3,1062.5,1048.0,1058.3,11546,78195
01/19/1999,1058.3,1068.7,1043.9,1059.0,10144,76822
01/20/1999,1061.4,1068.7,1058.3,1065.1,9803,76982
01/21/1999,1065.6,1074.8,1049.1,1056.9,13465,76854
01/22/1999,1052.2,1059.4,1049.1,1051.1,7268,76686
01/25/1999,1052.2,1070.7,1052.2,1069.1,12463,77207
01/26/1999,1062.5,1065.6,1048.0,1055.2,10902,76505
01/27/1999,1048.0,1059.4,1043.9,1052.8,15108,78114
01/28/1999,1053.2,1083.1,1048.0,1082.1,22536,82205
01/29/1999,1075.9,1091.3,1074.8,1080.0,22857,80995
02/01/1999,1089.3,1097.5,1080.0,1095.1,20070,84784
02/02/1999,1085.2,1129.5,1081.0,1128.1,34977,89734
02/03/1999,1134.7,1151.2,1122.3,1143.5,39822,95084
02/04/1999,1150.1,1196.6,1142.9,1188.3,43698,101057
02/05/1999,1169.7,1178.0,1157.4,1164.0,19395,101264
02/08/1999,1153.2,1162.5,1146.0,1159.8,14687,101179
02/09/1999,1147.1,1153.2,1134.7,1135.7,20348,100332
02/10/1999,1142.9,1148.1,1128.5,1132.2,15142,99713
02/11/1999,1138.8,1150.1,1135.7,1148.1,19492,101010
02/12/1999,1165.6,1175.9,1162.5,1168.1,21856,99803
02/16/1999,1149.1,1149.1,1095.5,1123.3,31890,98123
02/17/1999,1118.2,1129.5,1114.0,1115.7,17289,96665
02/18/1999,1128.5,1136.7,1122.3,1130.5,18169,98527
02/19/1999,1144.0,1156.3,1139.8,1155.3,32450,98157
02/22/1999,1139.1,1143.3,1120.7,1126.4,40065,97364
02/23/1999,1133.0,1146.3,1123.8,1126.4,46134,95748
02/24/1999,1127.9,1141.2,1098.1,1107.9,54038,97304
02/25/1999,1109.4,1153.5,1105.3,1142.2,37331,99479
02/26/1999,1141.2,1157.6,1120.7,1155.6,23418,98954
03/01/1999,1149.4,1155.6,1126.8,1134.0,14332,98669
03/02/1999,1119.6,1145.3,1085.8,1092.6,31016,97800
03/03/1999,1093.0,1094.0,1061.2,1076.5,35933,90871
03/04/1999,1067.3,1090.9,1066.3,1082.3,13354,89213
03/05/1999,1085.8,1093.0,1052.9,1067.9,20848,85736
03/08/1999,1076.5,1087.8,1075.5,1085.4,6455,85547
03/09/1999,1091.9,1091.9,1069.4,1075.5,9912,85179
03/10/1999,1075.5,1087.8,1072.4,1081.3,11222,85428
03/11/1999,1082.7,1098.1,1080.7,1096.7,11348,85111
03/12/1999,1087.8,1099.1,1077.6,1089.9,10477,84847
03/15/1999,1063.2,1073.5,1042.7,1046.4,26938,85357
03/16/1999,1038.6,1044.7,1017.0,1035.1,37367,80622
03/17/1999,1031.4,1040.6,1023.2,1034.5,13544,77716
03/18/1999,1033.4,1035.5,1024.2,1029.3,8694,77779
03/19/1999,1036.5,1045.8,1032.4,1035.5,13506,76297
03/22/1999,1037.5,1049.9,1037.5,1048.2,5850,75949
03/23/1999,1048.8,1052.9,1033.4,1048.8,11919,76062
03/24/1999,1044.7,1048.8,1039.6,1041.7,4005,75474
03/25/1999,1036.5,1050.9,1034.5,1047.8,8883,75119
03/26/1999,1034.5,1047.8,1034.5,1044.7,6441,74906
03/29/1999,1043.7,1063.2,1041.7,1049.9,14598,75502
03/30/1999,1038.6,1039.6,1025.2,1026.9,21464,78563
03/31/1999,1026.3,1038.6,1018.0,1020.1,17453,78260
04/01/1999,1029.3,1034.5,1026.3,1032.0,7285,79593
04/05/1999,1031.4,1031.4,1006.8,1009.4,19394,81727
04/06/1999,1011.9,1019.1,1002.7,1015.6,11860,79770
04/07/1999,1015.0,1023.2,1013.9,1018.0,8772,79912
04/08/1999,1018.0,1023.2,1001.6,1002.7,16141,82895
04/09/1999,1006.8,1015.0,994.4,1011.9,27452,86571
04/12/1999,1023.2,1027.3,1002.7,1004.7,14781,86863
04/13/1999,998.5,1013.9,990.3,1006.8,16125,84956
04/14/1999,1009.8,1016.0,989.3,997.5,14522,85599
04/15/1999,999.6,1032.4,999.6,1028.3,34247,86912
04/16/1999,1030.4,1039.6,1025.2,1034.5,16783,86650
04/19/1999,1038.6,1061.2,1036.5,1057.0,28732,84037
04/20/1999,1052.9,1063.2,1046.8,1051.9,19043,83096
04/21/1999,1046.8,1061.2,1043.7,1058.1,13384,84085
04/22/1999,1055.0,1068.3,1043.8,1060.5,16685,83857
04/23/1999,1061.1,1065.2,1052.0,1055.2,12386,84081
04/26/1999,1054.0,1055.0,1035.6,1045.4,19364,83742
04/27/1999,1048.9,1062.2,1044.8,1061.4,26130,82409
04/28/1999,1066.3,1081.6,1063.2,1075.7,38646,80078
04/29/1999,1084.6,1107.1,1079.5,1105.7,36545,77157
04/30/1999,1111.2,1120.4,1095.9,1109.2,26545,75328
05/03/1999,1107.1,1117.3,1098.9,1100.0,7921,75738
05/04/1999,1084.6,1095.9,1083.6,1087.7,7715,76614
05/05/1999,1085.7,1105.1,1084.6,1102.4,10878,77179
05/06/1999,1103.0,1113.2,1097.9,1100.4,9266,77386
05/07/1999,1076.5,1114.3,1075.4,1112.2,20754,79742
05/10/1999,1103.0,1117.3,1097.9,1109.2,10970,80901
05/11/1999,1105.1,1119.4,1098.9,1106.1,13436,82022
05/12/1999,1107.1,1108.1,1095.9,1099.6,10581,81449
05/13/1999,1100.0,1139.8,1095.9,1137.7,20761,84756
05/14/1999,1124.5,1129.6,1090.8,1101.0,18950,82500
05/17/1999,1104.0,1110.2,1098.9,1101.0,4005,82380
05/18/1999,1101.0,1105.1,1076.5,1090.4,15600,81269
05/19/1999,1080.6,1088.7,1073.4,1079.5,10407,80189
05/20/1999,1086.7,1093.8,1082.6,1084.6,5843,80259
05/21/1999,1083.6,1084.6,1060.1,1064.2,16195,80279
05/24/1999,1056.0,1056.0,1031.5,1032.6,26499,75799
05/25/1999,1035.6,1042.8,1032.6,1033.6,10564,74250
05/26/1999,1031.5,1045.8,1029.5,1032.6,9434,73319
05/27/1999,1012.1,1020.3,1007.0,1009.1,23992,73147
05/28/1999,1005.0,1009.1,996.8,999.9,20231,75735
06/01/1999,998.8,1023.4,997.8,1018.3,10569,76488
06/02/1999,1017.2,1026.4,1010.1,1016.8,9144,77044
06/03/1999,1016.2,1021.3,1007.0,1008.7,7137,78207
06/04/1999,1005.0,1014.2,990.7,1009.1,20998,80321
06/07/1999,1019.3,1021.3,1011.1,1017.2,5504,81165
06/08/1999,1016.2,1019.3,1006.0,1009.1,7811,82171
06/09/1999,1007.0,1027.4,1005.0,1026.8,12009,81648
06/10/1999,1035.6,1049.9,1032.6,1040.7,19839,80357
06/11/1999,1035.6,1047.9,1031.5,1044.8,9410,80001
06/14/1999,1045.8,1052.0,1041.7,1042.8,18234,78421
06/15/1999,1035.6,1041.7,1025.4,1031.5,13766,76482
06/16/1999,1022.3,1030.5,1020.3,1028.1,9876,76942
06/17/1999,1029.5,1037.7,1026.4,1036.2,8745,77729
06/18/1999,1033.6,1035.6,1007.0,1013.1,20721,80003
06/21/1999,1016.2,1032.6,1014.2,1024.4,11184,79717
06/22/1999,1028.9,1035.0,1025.8,1029.5,11150,79866
06/23/1999,1041.1,1046.1,1029.9,1042.7,20793,78389
06/24/1999,1041.1,1051.2,1039.0,1047.5,28830,77109
06/25/1999,1047.1,1049.2,1030.9,1033.5,24247,79540
06/28/1999,1037.0,1056.3,1035.0,1049.6,40925,80427
06/29/1999,1050.2,1063.4,1043.1,1056.7,35350,78443
06/30/1999,1066.4,1076.6,1064.4,1072.9,27420,76274
07/01/1999,1078.6,1078.6,1067.4,1076.0,21002,79005
07/02/1999,1071.5,1091.8,1070.5,1089.2,16184,82775
07/06/1999,1072.5,1078.6,1051.2,1061.3,19174,81775
07/07/1999,1059.3,1069.5,1057.3,1065.4,8906,81777
07/08/1999,1071.5,1081.6,1061.3,1069.5,15530,82416
07/09/1999,1067.4,1073.5,1059.3,1068.0,8676,80135
07/12/1999,1067.4,1071.5,1065.4,1067.4,2900,81476
07/13/1999,1056.3,1061.3,1039.0,1047.1,15827,81007
07/14/1999,1043.1,1047.1,1028.9,1037.0,15455,76816
07/15/1999,1030.9,1044.1,1026.8,1040.4,16399,75109
07/16/1999,1043.1,1046.1,1030.9,1036.0,7227,74924
07/19/1999,1030.9,1037.0,1027.9,1028.9,4478,75029
07/20/1999,1029.9,1036.0,1019.7,1031.3,12867,74994
07/21/1999,1028.9,1049.2,1022.8,1043.5,14149,74806
07/22/1999,1039.0,1053.2,1032.9,1047.5,11420,75148
07/23/1999,1049.2,1055.3,1042.1,1049.6,6253,74725
07/26/1999,1044.1,1052.2,1038.0,1048.2,5513,74735
07/27/1999,1053.2,1058.3,1043.1,1054.2,9644,74673
07/28/1999,1050.2,1070.5,1047.1,1068.5,17640,75071
07/29/1999,1081.6,1108.0,1077.6,1103.0,35363,82313
07/30/1999,1106.0,1112.1,1099.9,1109.0,23873,82457
08/02/1999,1086.7,1094.8,1085.7,1092.8,12886,84812
08/03/1999,1101.9,1115.1,1100.9,1108.4,13039,86060
08/04/1999,1122.2,1123.2,1106.0,1117.2,26513,88762
08/05/1999,1114.1,1128.3,1096.9,1103.0,25689,92875
08/06/1999,1099.9,1106.0,1085.7,1098.3,12525,92512
08/09/1999,1084.7,1094.8,1076.6,1083.1,18833,94642
08/10/1999,1078.6,1085.7,1074.5,1084.1,10142,94386
08/11/1999,1088.7,1100.9,1082.7,1098.9,18938,96056
08/12/1999,1103.0,1105.0,1087.7,1090.2,9364,94775
08/13/1999,1089.8,1091.8,1076.6,1080.0,13190,92108
08/16/1999,1069.5,1070.5,1061.3,1066.8,15099,89844
08/17/1999,1063.4,1072.5,1059.3,1069.5,14029,86799
08/18/1999,1069.5,1071.5,1060.3,1063.4,14538,87209
08/19/1999,1057.3,1060.3,1045.1,1059.3,28037,85393
08/20/1999,1059.3,1069.5,1051.2,1066.4,17757,86488
08/23/1999,1070.0,1072.0,1041.7,1044.1,24790,84881
08/24/1999,1042.7,1052.8,1040.7,1045.7,23770,83534
08/25/1999,1037.6,1039.6,1029.5,1037.4,29759,78583
08/26/1999,1033.6,1051.8,1033.6,1046.3,27384,77211
08/27/1999,1045.7,1046.7,1037.6,1042.7,16841,76152
08/30/1999,1043.7,1045.7,1030.5,1042.1,22733,78306
08/31/1999,1042.7,1065.9,1041.7,1055.8,26797,73844
09/01/1999,1057.9,1059.9,1044.7,1048.8,9932,72384
09/02/1999,1049.8,1067.0,1047.7,1062.9,11611,72925
09/03/1999,1058.9,1059.9,1041.7,1046.3,13638,73231
09/07/1999,1055.8,1058.9,1052.8,1056.8,12419,72739
09/08/1999,1053.8,1059.9,1044.7,1056.8,10261,73014
09/09/1999,1055.8,1069.0,1054.8,1059.9,13117,73475
09/10/1999,1054.8,1062.9,1051.8,1056.8,7357,73494
09/13/1999,1054.8,1055.8,1042.7,1048.1,9514,74703
09/14/1999,1044.7,1050.8,1040.7,1042.7,7325,74979
09/15/1999,1041.7,1045.7,1032.6,1034.6,11733,75739
09/16/1999,1036.6,1042.7,1034.6,1038.6,4761,75247
09/17/1999,1035.6,1041.7,1033.6,1036.2,6517,75452
09/20/1999,1038.6,1039.6,1033.6,1036.0,2536,75363
09/21/1999,1044.7,1070.0,1040.7,1068.4,28378,79137
09/22/1999,1068.0,1078.1,1063.9,1070.0,16303,78692
09/23/1999,1068.0,1076.1,1062.9,1067.0,12699,79346
09/24/1999,1068.0,1074.0,1060.9,1062.9,13843,77269
09/27/1999,1082.1,1092.2,1074.0,1083.1,22134,78191
09/28/1999,1101.3,1203.5,1099.3,1167.1,69403,89787
09/29/1999,1167.1,1174.2,1131.7,1134.1,31753,90895
09/30/1999,1126.6,1136.7,1122.6,1135.7,13646,91223
10/01/1999,1146.9,1156.0,1116.5,1129.1,26644,92411
10/04/1999,1138.8,1140.8,1124.6,1138.8,12810,92970
10/05/1999,1157.0,1162.0,1121.6,1125.2,19081,92737
10/06/1999,1108.4,1128.6,1108.4,1118.5,11270,92563
10/07/1999,1128.6,1138.8,1126.6,1131.7,13398,94348
10/08/1999,1118.5,1136.7,1110.4,1122.6,14605,95107
10/11/1999,1118.5,1127.6,1114.5,1118.9,4956,96126
10/12/1999,1129.7,1134.7,1117.5,1126.0,9191,95551
10/13/1999,1129.7,1140.8,1126.6,1132.7,8553,97385
10/14/1999,1146.9,1146.9,1072.0,1080.1,36942,91385
10/15/1999,1086.2,1093.2,1076.1,1079.7,16324,89119
10/18/1999,1085.2,1087.2,1052.8,1059.9,23864,83079
10/19/1999,1057.9,1061.9,1045.7,1056.4,15863,80320
10/20/1999,1063.9,1067.0,1051.8,1052.8,7997,78425
10/21/1999,1050.8,1061.9,1041.7,1058.5,23950,77658
10/22/1999,1058.9,1063.9,1051.8,1061.9,11443,77122
10/25/1999,1061.9,1069.0,1059.9,1064.5,9142,77118
10/26/1999,1063.9,1065.9,1047.7,1053.8,11256,77899
10/27/1999,1053.8,1057.9,1045.7,1053.4,12594,78781
10/28/1999,1057.9,1070.0,1054.8,1068.0,11263,78563
10/29/1999,1072.0,1078.1,1045.7,1047.7,17105,79505
11/01/1999,1050.8,1056.8,1042.7,1055.8,12185,79479
11/02/1999,1052.8,1057.9,1047.7,1056.8,7246,79536
11/03/1999,1057.9,1060.9,1053.8,1057.2,5084,79273
11/04/1999,1058.9,1062.9,1054.8,1056.2,4340,79318
11/05/1999,1057.9,1057.9,1027.5,1028.5,34996,85718
11/08/1999,1022.5,1025.5,1017.4,1022.1,25372,87626
11/09/1999,1026.5,1035.6,1024.5,1029.1,12161,86458
11/10/1999,1031.6,1052.8,1028.5,1037.6,17631,84138
11/11/1999,1035.6,1037.6,1028.5,1031.2,6739,85261
11/12/1999,1027.5,1032.6,1021.4,1022.5,9966,83936
11/15/1999,1026.5,1032.6,1022.5,1031.2,8666,83930
11/16/1999,1030.5,1048.8,1027.5,1044.7,15428,81061
11/17/1999,1044.7,1044.7,1029.5,1033.2,12783,81770
11/18/1999,1035.6,1042.7,1033.6,1041.7,8399,81713
11/19/1999,1039.6,1047.7,1035.6,1037.6,14608,80893
11/22/1999,1037.3,1055.4,1037.3,1051.8,25573,78243
11/23/1999,1049.4,1069.5,1047.4,1068.7,45923,76209
11/24/1999,1065.5,1069.5,1051.4,1056.0,45923,76209
11/29/1999,1051.4,1055.4,1045.4,1047.0,30474,70527
11/30/1999,1047.4,1067.5,1047.4,1053.4,17856,71574
12/01/1999,1051.4,1051.4,1041.3,1049.0,7251,69818
12/02/1999,1046.4,1049.4,1027.3,1032.3,15282,70784
12/03/1999,1029.3,1037.3,1026.3,1034.3,6175,69891
12/06/1999,1029.3,1037.3,1023.2,1036.3,6455,70006
12/07/1999,1040.3,1045.4,1038.3,1043.9,5989,70269
12/08/1999,1041.3,1050.4,1031.3,1038.3,8156,70379
12/09/1999,1034.3,1038.3,1031.3,1035.9,3794,70787
12/10/1999,1035.3,1042.3,1035.3,1038.3,3625,70941
12/13/1999,1037.3,1038.3,1034.3,1037.9,2564,70565
12/14/1999,1036.3,1057.4,1035.3,1051.4,12915,69789
12/15/1999,1051.4,1055.4,1046.4,1050.4,4921,69306
12/16/1999,1045.4,1057.4,1043.3,1055.4,6738,69335
12/17/1999,1057.4,1067.5,1052.4,1057.8,11101,68762
12/20/1999,1059.4,1060.4,1051.4,1052.4,3500,68639
12/21/1999,1052.4,1052.4,1042.3,1045.4,6118,69062
12/22/1999,1046.4,1061.4,1045.4,1058.8,6463,69185
12/23/1999,1054.4,1059.4,1053.4,1054.8,3938,69713
12/27/1999,1054.4,1062.4,1053.4,1056.4,2767,70256
12/28/1999,1058.4,1058.4,1050.4,1053.8,2586,70000
12/29/1999,1054.4,1093.6,1053.4,1088.6,25007,74384
12/30/1999,1082.5,1099.6,1079.5,1096.2,25007,74384
01/04/2000,1076.5,1083.5,1069.5,1080.5,12198,76093
01/05/2000,1072.5,1075.5,1037.3,1047.4,28649,74096
01/06/2000,1037.3,1048.4,1035.3,1038.7,13900,73036
01/07/2000,1040.3,1048.4,1040.3,1044.3,4940,72549
01/10/2000,1045.4,1051.4,1041.3,1043.3,6054,73061
01/11/2000,1045.4,1049.4,1043.3,1044.3,4451,73157
01/12/2000,1043.3,1050.4,1030.3,1033.9,19941,74130
01/13/2000,1031.3,1040.3,1030.3,1035.9,11783,75787
01/14/2000,1035.3,1041.3,1031.3,1035.3,5721,75407
01/18/2000,1040.3,1043.3,1030.3,1038.3,9895,76432
01/19/2000,1037.3,1043.3,1033.3,1039.9,7888,75402
01/20/2000,1036.3,1062.4,1036.3,1056.8,23307,76459
01/21/2000,1054.4,1065.5,1051.4,1057.4,12232,76990
01/24/2000,1059.4,1069.5,1056.4,1064.0,9838,77074
01/25/2000,1072.5,1077.5,1065.5,1068.5,10354,76786
01/26/2000,1059.4,1068.5,1056.4,1062.0,7885,77204
01/27/2000,1071.5,1091.6,1071.5,1088.6,31198,79485
01/28/2000,1095.6,1098.6,1069.5,1070.9,22477,82113
01/31/2000,1071.5,1077.5,1060.4,1068.9,15343,82294
02/01/2000,1065.5,1069.5,1051.4,1056.0,12426,80659
02/02/2000,1058.4,1068.5,1052.4,1053.4,10458,79960
02/03/2000,1057.4,1064.5,1053.4,1063.0,7882,79834
02/04/2000,1064.5,1125.8,1061.4,1120.1,30364,86721
02/07/2000,1111.7,1125.8,1057.4,1062.4,49312,87517
02/08/2000,1069.5,1077.5,1062.4,1073.5,16726,85895
02/09/2000,1083.5,1097.6,1082.5,1091.6,21130,85769
02/10/2000,1091.6,1099.6,1075.5,1090.6,14778,85500
02/11/2000,1089.6,1089.6,1072.5,1075.5,14638,84282
02/14/2000,1068.5,1070.5,1057.4,1059.4,15004,83016
02/15/2000,1059.4,1065.5,1055.4,1057.0,13500,81169
02/16/2000,1059.4,1069.5,1058.4,1066.5,8766,81356
02/17/2000,1071.5,1076.5,1055.4,1058.4,17411,81353
02/18/2000,1059.4,1064.5,1057.4,1062.0,5950,81280
02/22/2000,1055.5,1064.4,1053.5,1064.0,13487,79929
02/23/2000,1064.4,1066.4,1057.5,1058.5,13922,79725
02/24/2000,1056.5,1057.5,1038.5,1040.7,44606,77373
02/25/2000,1040.5,1040.5,1014.5,1016.1,61020,75978
02/28/2000,1020.5,1027.5,1016.5,1020.5,39171,76671
02/29/2000,1024.5,1028.5,1018.5,1020.1,15359,74070
03/01/2000,1030.5,1036.5,1022.5,1025.1,10743,73243
03/02/2000,1014.5,1020.5,1010.5,1011.1,19953,74587
03/03/2000,1011.5,1032.5,1010.5,1029.1,11956,73834
03/06/2000,1025.5,1026.5,1018.5,1019.5,5286,73632
03/07/2000,1020.5,1031.5,1019.5,1022.5,7379,74416
03/08/2000,1021.5,1026.5,1020.5,1023.5,4196,74143
03/09/2000,1017.5,1029.5,1013.5,1026.5,6187,73300
03/10/2000,1026.5,1029.5,1019.5,1019.9,3508,73038
03/13/2000,1027.5,1030.5,1019.5,1019.9,4946,73975
03/14/2000,1022.5,1029.5,1021.5,1024.9,5104,74268
03/15/2000,1024.5,1038.5,1021.5,1031.5,10247,73682
03/16/2000,1030.5,1031.5,1016.5,1023.5,7501,74622
03/17/2000,1023.5,1026.5,1020.5,1024.5,5081,75568
03/20/2000,1023.5,1025.5,1010.5,1012.1,11027,76220
03/21/2000,1014.5,1038.5,1013.5,1030.1,18606,74137
03/22/2000,1029.5,1040.5,1028.5,1031.5,9887,74113
03/23/2000,1027.5,1029.5,1018.5,1023.1,10018,75572
03/24/2000,1022.5,1032.5,1019.5,1028.1,6993,76739
03/27/2000,1023.5,1027.5,1019.5,1022.5,6149,77582
03/28/2000,1021.5,1025.5,1017.5,1019.1,6193,78683
03/29/2000,1018.5,1022.5,991.6,994.5,32878,81387
03/30/2000,992.6,995.5,982.6,995.1,16378,83461
03/31/2000,990.6,1008.5,988.6,1007.5,11120,82388
04/03/2000,1011.5,1013.5,1005.5,1009.9,6017,82080
04/04/2000,1003.5,1040.5,1001.5,1031.5,36336,73613
04/05/2000,1030.5,1036.5,1021.5,1025.9,9794,71577
04/06/2000,1021.5,1025.5,1018.5,1024.9,5938,71255
04/07/2000,1024.5,1025.5,1019.5,1022.9,4988,71314
04/10/2000,1027.5,1035.5,1026.5,1032.1,7483,71199
04/11/2000,1032.5,1035.5,1024.5,1027.5,8518,71467
04/12/2000,1024.5,1034.5,1021.5,1028.1,6828,71381
04/13/2000,1028.5,1037.5,1027.5,1033.5,17856,73523
04/14/2000,1033.5,1046.5,1023.5,1033.5,23214,76560
04/17/2000,1033.5,1034.5,1025.5,1027.1,7360,75425
04/18/2000,1022.5,1033.5,1021.5,1026.5,15006,76728
04/19/2000,1028.5,1030.5,1023.5,1025.1,8982,76770
04/20/2000,1024.5,1025.5,992.6,998.5,32237,82128
04/24/2000,1001.6,1002.6,987.8,989.2,25086,82900
04/25/2000,993.7,1002.6,992.7,1001.8,21343,82551
04/26/2000,995.7,999.6,984.8,988.4,38478,82728
04/27/2000,991.7,997.7,983.8,991.7,34528,80255
04/28/2000,986.8,996.7,985.8,991.7,8760,74593
05/01/2000,990.7,1008.5,988.8,1004.0,11273,72611
05/02/2000,1002.6,1007.5,1000.6,1004.0,4052,72673
05/03/2000,1002.6,1009.5,999.6,1004.0,8638,73198
05/04/2000,1003.6,1024.4,1003.6,1022.4,19958,72216
05/05/2000,1019.4,1022.4,995.7,999.2,15261,73286
05/08/2000,998.6,1007.5,998.6,1001.6,4950,73510
05/09/2000,999.6,1015.5,997.7,1005.6,6815,73478
05/10/2000,1006.6,1010.5,1001.6,1004.6,3619,73472
05/11/2000,1003.6,1004.6,995.7,1000.6,7889,73425
05/12/2000,998.6,1007.5,996.7,1000.2,6691,73000
05/15/2000,1000.6,1002.6,991.7,1000.6,7021,72866
05/16/2000,1004.6,1026.3,1003.6,1017.4,19500,72016
05/17/2000,1011.5,1015.5,995.7,996.7,15448,72049
05/18/2000,994.7,1000.6,988.8,999.6,12002,73125
05/19/2000,997.7,999.6,990.7,994.7,8338,75352
05/22/2000,996.7,1002.6,993.7,998.3,4817,75151
05/23/2000,998.6,999.6,995.7,998.3,4997,75631
05/24/2000,996.7,997.7,988.8,992.7,9454,77504
05/25/2000,994.7,996.7,972.9,978.5,22734,80563
05/26/2000,979.9,984.8,975.9,981.4,6264,80896
05/30/2000,984.8,984.8,972.0,978.5,7433,81351
05/31/2000,977.9,986.8,977.9,981.8,9784,82650
06/01/2000,978.9,984.8,971.0,981.8,12348,84336
06/02/2000,982.8,1006.6,980.9,998.6,32135,80547
06/05/2000,1001.6,1009.5,999.6,1003.6,11388,79477
06/06/2000,1002.6,1022.4,998.6,1010.5,26211,76294
06/07/2000,1006.6,1015.5,1005.6,1012.5,13822,75641
06/08/2000,1010.5,1019.4,1004.6,1007.9,13778,76914
06/09/2000,1008.5,1011.5,996.7,1001.0,8427,74121
06/12/2000,999.6,1000.6,993.7,997.1,9671,74633
06/13/2000,1010.5,1015.5,991.7,993.7,18993,75159
06/14/2000,992.7,1010.5,991.7,1006.6,13595,74690
06/15/2000,1003.6,1011.5,1001.6,1004.0,6210,73999
06/16/2000,1006.6,1010.5,1001.6,1005.6,7843,73172
06/19/2000,1005.6,1005.6,993.7,997.3,10687,73127
06/20/2000,997.7,1001.6,993.7,995.7,8149,72499
06/21/2000,997.7,999.6,980.9,982.8,31941,75682
06/22/2000,982.5,989.3,982.5,984.4,15602,76037
06/23/2000,984.4,986.4,979.5,980.7,19790,76527
06/26/2000,980.5,988.3,979.5,986.0,20004,77261
06/27/2000,984.4,988.3,975.6,980.3,34037,78777
06/28/2000,980.5,986.4,980.5,986.0,28942,79137
06/29/2000,984.4,1002.0,984.4,989.9,49871,77109
06/30/2000,994.2,1000.1,992.2,994.8,49871,77109
07/05/2000,988.3,991.3,981.5,986.4,10888,74024
07/06/2000,986.4,994.2,984.4,988.9,6584,72799
07/07/2000,988.3,989.3,980.5,985.0,7732,73078
07/10/2000,987.3,991.3,985.4,988.9,4191,72532
07/11/2000,985.4,988.3,979.5,980.5,10248,74345
07/12/2000,979.5,988.3,976.6,983.0,7211,74538
07/13/2000,984.4,988.3,982.5,984.4,7455,73910
07/14/2000,984.4,993.2,982.5,988.3,13102,72376
07/17/2000,990.3,996.2,990.3,991.3,8510,72453
07/18/2000,992.2,995.2,989.3,991.8,5903,72072
07/19/2000,986.4,989.3,982.5,984.0,12624,73702
07/20/2000,982.5,988.3,981.5,986.4,9573,75081
07/21/2000,986.4,989.3,971.7,972.7,21307,77896
07/24/2000,974.6,978.5,972.7,976.2,7176,78583
07/25/2000,975.6,989.3,975.6,985.0,14123,76902
07/26/2000,983.4,984.4,973.6,976.6,9558,78003
07/27/2000,978.5,986.4,976.6,979.5,7244,78347
07/28/2000,979.5,983.4,977.6,978.5,4148,79331
07/31/2000,978.5,986.4,977.6,986.0,7658,78813
08/01/2000,984.4,987.3,980.5,984.0,5538,78268
08/02/2000,983.4,986.4,980.5,983.0,3562,78088
08/03/2000,980.5,981.5,976.6,979.5,7188,78543
08/04/2000,977.6,980.5,963.9,967.4,21209,83945
08/07/2000,968.8,973.6,967.8,972.7,11180,87014
08/08/2000,971.7,972.7,961.9,965.8,15844,89533
08/09/2000,960.9,967.8,959.0,962.5,11353,91118
08/10/2000,960.9,966.8,960.9,963.9,9653,92317
08/11/2000,966.8,971.7,964.8,967.8,7929,90848
08/14/2000,968.8,968.8,958.0,960.5,9241,92982
08/15/2000,957.0,961.9,954.1,955.6,15208,96284
08/16/2000,955.1,961.9,953.1,954.1,18313,98946
08/17/2000,956.0,961.9,954.1,955.6,10440,100213
08/18/2000,955.1,956.0,948.2,950.2,15227,99632
08/21/2000,951.1,953.1,950.2,952.7,7951,99949
08/22/2000,949.4,951.4,947.5,949.2,13280,98698
08/23/2000,946.5,950.4,936.9,939.6,22192,98091
08/24/2000,938.8,952.3,936.9,951.5,24257,98346
08/25/2000,955.2,964.9,954.3,958.1,24167,97308
08/28/2000,960.0,966.8,959.1,965.5,21772,96354
08/29/2000,962.9,972.6,961.0,968.7,32623,87766
08/30/2000,962.9,964.9,959.1,962.9,38167,82816
08/31/2000,965.8,982.3,964.9,974.5,24445,77857
09/01/2000,971.6,975.5,970.7,974.9,7102,76176
09/05/2000,972.6,974.5,967.8,973.6,8505,74290
09/06/2000,971.6,974.5,969.7,971.1,6866,72851
09/07/2000,965.8,968.7,956.2,962.4,12777,72996
09/08/2000,962.9,964.9,958.1,960.4,5438,72525
09/11/2000,957.1,960.0,952.3,953.7,6470,73025
09/12/2000,955.2,962.9,954.3,958.5,6714,72522
09/13/2000,957.1,960.0,951.4,955.6,5685,72634
09/14/2000,959.1,962.0,955.2,956.2,5485,72985
09/15/2000,957.1,957.1,947.5,952.3,5980,73753
09/18/2000,953.3,959.1,953.3,953.9,4434,73746
09/19/2000,954.3,957.1,954.3,955.2,2017,73625
09/20/2000,953.3,958.1,943.6,945.2,12341,74221
09/21/2000,946.5,954.3,946.5,953.3,5956,74657
09/22/2000,964.9,967.8,957.1,960.6,13031,74211
09/25/2000,960.0,962.0,955.2,961.6,4257,73479
09/26/2000,961.0,965.8,960.0,962.6,4472,73351
09/27/2000,962.0,971.6,961.0,969.7,9307,73244
09/28/2000,968.7,970.7,963.9,966.2,6534,72528
09/29/2000,961.0,961.0,949.4,955.8,12636,71994
10/02/2000,957.1,960.0,955.2,957.1,3663,72610
10/03/2000,956.2,959.1,955.2,958.5,2699,72365
10/04/2000,956.2,958.1,950.4,951.0,5088,73160
10/05/2000,954.3,957.1,952.3,953.9,4245,74038
10/06/2000,952.3,957.1,948.5,951.9,6585,74895
10/09/2000,953.3,955.2,951.4,952.3,1837,75128
10/10/2000,954.3,962.0,954.3,958.7,7179,74915
10/11/2000,959.1,962.9,947.5,949.4,14240,75961
10/12/2000,950.4,960.0,949.4,959.7,9034,75803
10/13/2000,957.1,957.1,949.4,951.4,7135,76702
10/16/2000,951.4,955.2,947.5,951.0,6001,77379
10/17/2000,949.4,952.3,940.7,943.6,11157,78490
10/18/2000,943.6,954.3,942.7,945.2,7143,78444
10/19/2000,944.6,945.6,937.8,939.8,4701,79010
10/20/2000,940.7,944.6,935.9,939.8,5233,80094
10/23/2000,940.7,943.6,930.1,931.1,11133,82643
10/24/2000,934.9,938.8,932.0,933.6,6207,82093
10/25/2000,931.1,934.0,926.2,926.8,8149,81755
10/26/2000,925.3,930.1,919.5,920.4,6555,82810
10/27/2000,917.5,928.2,915.6,923.3,6899,83639
10/30/2000,927.2,929.1,920.4,921.4,7826,84114
10/31/2000,924.3,926.2,921.4,923.0,6543,84841
11/01/2000,927.2,928.2,918.5,926.8,12215,85304
11/02/2000,927.2,934.9,913.7,914.7,16028,86412
11/03/2000,918.5,923.3,915.6,920.4,6496,86393
11/06/2000,921.4,925.3,920.4,924.3,4342,85960
11/07/2000,925.3,925.3,915.6,916.6,4545,86546
11/08/2000,917.5,922.4,916.6,920.1,5884,86144
11/09/2000,918.5,923.3,914.7,920.4,10767,85552
11/10/2000,918.5,918.5,910.8,912.3,9758,85481
11/13/2000,906.9,909.8,905.0,905.6,8418,85617
11/14/2000,906.0,907.9,902.1,906.9,8414,84208
11/15/2000,906.0,908.9,901.1,905.6,7674,83576
11/16/2000,907.9,909.8,902.1,902.7,9452,83150
11/17/2000,904.0,905.0,899.2,899.8,11238,82035
11/20/2000,901.1,904.0,898.2,899.2,7969,81682
11/21/2000,902.1,904.0,893.4,894.4,16521,81382
11/22/2000,895.5,896.5,893.6,894.2,16521,81382
11/27/2000,894.6,908.8,892.7,907.9,46139,79775
11/28/2000,908.8,911.7,906.9,908.5,30950,79683
11/29/2000,908.8,910.7,892.7,894.6,53978,79150
11/30/2000,898.4,906.0,896.5,905.6,15307,74830
12/01/2000,906.9,908.8,896.5,898.9,5113,73897
12/04/2000,902.2,918.4,902.2,912.6,11179,73683
12/05/2000,907.9,914.5,906.9,910.4,4304,73515
12/06/2000,911.7,921.2,909.8,919.9,9161,73959
12/07/2000,918.4,920.3,910.7,914.2,6555,73895
12/08/2000,911.7,913.6,896.5,899.3,7929,74626
12/11/2000,901.2,902.2,897.4,900.8,4818,74579
12/12/2000,900.3,909.8,899.3,901.2,6338,75097
12/13/2000,898.4,901.2,892.7,894.2,4993,74992
12/14/2000,896.5,899.3,886.0,889.4,6812,74904
12/15/2000,888.9,888.9,880.3,882.2,7335,74638
12/18/2000,882.2,887.9,881.2,883.7,8359,74085
12/19/2000,880.3,886.9,879.3,885.6,5106,73261
12/20/2000,886.9,896.5,885.0,887.5,6938,73128
12/21/2000,886.0,888.9,882.2,887.5,3364,73089
12/22/2000,887.9,891.7,886.9,889.8,2200,72412
12/26/2000,888.9,895.5,888.9,892.1,1797,72291
12/27/2000,891.7,892.7,881.2,884.5,4492,72421
12/28/2000,882.2,884.1,879.3,882.6,3117,72283
12/29/2000,880.3,885.0,876.5,882.2,3757,72121
01/02/2001,882.2,883.1,873.6,874.6,7112,73255
01/03/2001,871.7,873.6,863.2,864.1,9294,75036
01/04/2001,865.1,872.7,864.1,871.7,8702,73337
01/05/2001,870.8,878.4,867.9,875.5,5972,72683
01/08/2001,875.5,877.4,871.7,873.6,3525,72454
01/09/2001,871.7,874.6,868.9,873.6,3828,72565
01/10/2001,869.8,872.7,867.0,870.8,3383,72855
01/11/2001,868.9,876.5,867.9,874.2,4518,72317
01/12/2001,879.3,889.8,879.3,886.0,8274,71160
01/16/2001,884.1,898.4,884.1,896.5,12741,69210
01/17/2001,900.3,913.6,900.3,902.7,19374,66733
01/18/2001,907.9,920.3,905.0,918.4,17797,67013
01/19/2001,926.0,928.8,908.8,909.8,15808,67262
01/22/2001,913.6,920.3,902.2,914.5,9457,66342
01/23/2001,917.4,920.3,911.7,914.5,7441,66720
01/24/2001,909.8,912.6,906.9,912.3,4342,66335
01/25/2001,921.2,925.0,914.5,915.5,9772,66360
01/26/2001,914.5,920.3,909.8,918.4,5886,66301
01/29/2001,915.5,919.3,912.6,918.0,3460,66535
01/30/2001,919.3,926.0,916.4,917.4,8671,66478
01/31/2001,915.5,919.3,912.6,916.4,5669,66618
02/01/2001,917.4,918.4,906.9,915.5,6886,66532
02/02/2001,911.7,913.6,907.9,911.3,4664,66707
02/05/2001,903.1,904.1,893.6,894.2,14888,66317
02/06/2001,889.8,892.7,885.0,888.9,8589,66339
02/07/2001,887.9,889.8,878.4,880.3,13834,65404
02/08/2001,874.6,878.4,868.9,869.8,23750,65958
02/09/2001,870.8,872.7,862.2,868.5,28343,70124
02/12/2001,869.8,873.6,867.0,867.9,6531,70868
02/13/2001,867.9,871.7,865.1,866.0,11992,72095
02/14/2001,867.0,868.9,857.4,859.3,12352,73276
02/15/2001,859.3,864.1,854.6,859.9,11053,73994
02/16/2001,855.5,858.4,852.7,854.6,12862,74968
02/20/2001,854.6,855.5,839.4,841.3,17306,76826
02/21/2001,841.3,845.1,836.5,839.0,14023,77737
02/22/2001,840.1,844.8,838.2,840.3,12546,78357
02/23/2001,840.1,847.6,829.8,842.9,36986,79125
02/26/2001,842.9,847.6,841.1,845.8,20950,80598
02/27/2001,844.8,848.6,840.1,840.7,26198,83021
02/28/2001,838.2,862.7,837.3,850.5,18282,74920
03/01/2001,856.1,856.1,833.5,835.4,13979,74718
03/02/2001,836.3,844.8,835.4,839.7,8547,73668
03/05/2001,835.4,843.9,833.5,839.2,3575,73609
03/06/2001,836.3,841.1,831.6,837.3,4742,74339
03/07/2001,833.5,845.8,833.5,841.1,4700,73715
03/08/2001,840.1,854.2,838.2,849.5,11981,73976
03/09/2001,848.6,857.1,846.7,851.8,5814,73310
03/12/2001,844.8,846.7,832.6,836.3,8678,74447
03/13/2001,832.6,840.1,828.8,838.2,7561,73038
03/14/2001,834.5,842.0,831.6,839.7,5249,73524
03/15/2001,835.4,837.3,817.5,820.0,10703,75506
03/16/2001,818.5,821.3,808.1,812.8,10170,75732
03/19/2001,814.7,818.5,810.9,813.7,4510,75359
03/20/2001,816.6,822.2,813.7,820.0,5051,75015
03/21/2001,815.6,823.2,815.6,819.0,5094,74676
03/22/2001,813.7,821.3,810.9,820.3,6730,74192
03/23/2001,819.4,826.0,819.4,821.8,5370,74832
03/26/2001,821.3,826.0,819.4,825.0,2213,74741
03/27/2001,824.1,840.1,818.5,835.4,12938,73258
03/28/2001,832.6,836.3,823.2,824.1,5437,73819
03/29/2001,824.1,826.9,813.7,816.6,5633,74595
03/30/2001,814.7,817.5,808.1,809.0,6983,75354
04/02/2001,807.1,813.7,804.3,812.8,5735,75443
04/03/2001,814.7,822.2,809.0,812.4,6196,75281
04/04/2001,815.6,823.2,809.0,817.5,7301,75235
04/05/2001,820.3,821.3,815.6,820.0,6362,74369
04/06/2001,819.4,823.2,813.7,816.6,7636,75060
04/09/2001,818.5,820.3,810.9,812.8,4120,75328
04/10/2001,811.9,817.5,810.0,814.7,4340,75305
04/11/2001,814.7,826.9,810.9,821.8,10069,74879
04/12/2001,821.3,826.0,820.3,822.8,5506,73770
04/16/2001,824.1,840.1,823.2,836.3,12102,70071
04/17/2001,829.8,830.7,821.3,822.8,9776,70392
04/18/2001,817.5,826.0,814.7,822.2,16163,70483
04/19/2001,820.3,837.3,820.3,833.9,15739,70310
04/20/2001,830.7,842.9,829.8,836.3,14777,70527
04/23/2001,834.7,838.4,829.1,836.0,14566,68435
04/24/2001,840.3,844.9,834.7,838.2,16169,67640
04/25/2001,838.4,840.3,818.8,821.0,37671,68952
04/26/2001,824.4,832.8,820.7,824.0,24823,66839
04/27/2001,827.2,829.1,820.7,821.6,25204,68400
04/30/2001,821.6,823.5,812.3,813.8,8231,65061
05/01/2001,814.1,820.7,812.3,818.8,6163,64781
05/02/2001,819.7,826.3,816.0,820.7,4150,64569
05/03/2001,822.5,824.4,814.1,815.1,5621,64935
05/04/2001,814.1,816.9,806.7,814.1,8802,65144
05/07/2001,814.1,814.1,807.6,808.0,4079,66458
05/08/2001,807.6,811.3,806.7,809.5,3504,66853
05/09/2001,811.3,826.3,811.3,824.4,10732,67073
05/10/2001,822.5,822.5,807.6,812.3,9422,67192
05/11/2001,812.3,815.1,809.5,809.8,3319,67601
05/14/2001,810.4,816.0,808.5,813.6,3885,67611
05/15/2001,812.3,813.2,805.7,806.7,6298,69410
05/16/2001,813.2,835.6,811.3,833.4,17005,67018
05/17/2001,830.0,842.1,821.6,839.3,15358,67494
05/18/2001,836.5,863.6,830.9,854.6,20924,69024
05/21/2001,860.8,869.2,844.9,849.6,14894,68761
05/22/2001,847.7,855.2,844.9,853.0,7682,67973
05/23/2001,846.8,859.9,843.1,855.2,9508,68405
05/24/2001,872.9,875.7,854.3,862.7,16883,68166
05/25/2001,860.8,860.8,850.5,855.8,6276,68865
05/29/2001,848.7,850.5,844.0,847.7,5993,68464
05/30/2001,842.1,844.0,827.2,830.0,13584,67460
05/31/2001,830.9,835.6,821.6,823.5,10470,67954
06/01/2001,826.3,830.9,818.8,825.9,6882,68364
06/04/2001,826.3,827.2,807.6,809.5,16198,67228
06/05/2001,814.1,816.9,810.4,811.0,8171,66439
06/06/2001,815.1,816.9,808.5,810.4,8510,66112
06/07/2001,809.5,812.3,807.6,809.5,8527,66985
06/08/2001,810.4,818.8,804.8,816.0,10762,67837
06/11/2001,814.1,814.1,806.7,810.0,7310,68720
06/12/2001,811.3,817.9,810.4,816.9,10325,68826
06/13/2001,817.9,826.3,815.1,824.4,9318,68076
06/14/2001,822.5,839.3,821.6,834.7,17827,67210
06/15/2001,832.8,833.7,818.8,821.6,12003,65601
06/18/2001,817.9,829.1,817.9,825.7,6731,65316
06/19/2001,826.3,828.1,820.7,821.6,4850,65308
06/20/2001,819.7,821.6,808.5,811.3,19258,66733
06/21/2001,811.3,813.2,799.2,807.2,13110,67404
06/22/2001,807.0,810.7,802.4,803.5,7146,67446
06/25/2001,804.3,807.0,801.5,802.4,18500,67145
06/26/2001,801.5,812.6,798.7,811.7,36207,70494
06/27/2001,806.1,808.9,801.5,803.7,26935,68120
06/28/2001,802.4,807.0,798.7,801.8,26131,69621
06/29/2001,805.2,807.0,799.6,800.9,7145,67122
07/02/2001,798.7,799.6,792.2,797.8,7837,67500
07/03/2001,797.8,799.6,789.4,791.9,6082,69074
07/05/2001,791.3,791.3,783.0,784.4,7730,69714
07/06/2001,782.0,790.4,777.4,789.4,7805,71787
07/09/2001,788.5,788.5,783.0,785.4,5457,72906
07/10/2001,787.6,792.2,787.6,789.1,3704,73531
07/11/2001,788.5,793.1,786.7,788.5,6350,75423
07/12/2001,786.7,792.2,784.8,790.0,3530,75418
07/13/2001,787.6,798.7,786.7,797.4,8143,75659
07/16/2001,795.9,798.7,777.4,779.3,9622,77121
07/17/2001,781.1,786.7,780.2,786.3,3405,77428
07/18/2001,785.7,797.8,775.6,793.7,8987,76260
07/19/2001,789.4,790.4,778.3,784.8,5987,76720
07/20/2001,782.0,786.7,779.3,784.8,3450,77241
07/23/2001,783.9,794.1,782.0,788.5,4346,76556
07/24/2001,786.7,789.4,783.9,788.5,1959,76722
07/25/2001,783.0,785.7,782.0,783.3,1925,77007
07/26/2001,783.9,791.3,783.0,784.8,4525,76912
07/27/2001,783.9,784.8,780.2,780.7,3913,77351
07/30/2001,780.2,784.8,777.4,778.9,3114,77451
07/31/2001,778.3,783.9,778.3,782.6,3114,77451
08/01/2001,784.8,785.7,782.0,783.5,2991,77572
08/02/2001,783.9,787.6,783.0,783.9,5166,77547
08/03/2001,783.0,783.9,779.3,782.6,4326,77645
08/06/2001,779.3,780.2,775.6,775.9,4317,78319
08/07/2001,764.5,773.7,762.6,772.2,8977,78056
08/08/2001,767.2,770.9,763.5,768.5,5692,78333
08/09/2001,769.1,784.8,768.2,780.6,10219,76482
08/10/2001,782.0,784.8,760.8,767.2,13072,77103
08/13/2001,770.9,773.7,763.5,767.6,6343,77079
08/14/2001,767.2,783.0,766.3,777.8,9212,75207
08/15/2001,782.0,785.7,763.5,769.1,11939,76647
08/16/2001,770.0,783.0,769.1,777.0,7465,76451
08/17/2001,780.2,795.0,777.4,789.4,16253,74782
08/20/2001,784.8,785.7,768.2,768.7,14036,76509
08/21/2001,770.9,783.9,769.1,776.1,11704,74613
08/22/2001,782.5,782.5,777.0,778.7,7882,74337
08/23/2001,778.9,783.4,777.0,780.7,11340,73634
08/24/2001,778.0,778.0,771.5,774.1,17697,73999
08/27/2001,772.5,777.0,769.7,776.5,16250,74377
08/28/2001,776.1,778.9,772.5,773.9,29260,73714
08/29/2001,774.3,777.0,772.5,774.3,21404,74111
08/30/2001,774.3,774.3,767.0,769.3,25655,75343
08/31/2001,768.8,773.4,767.0,770.6,6511,72236
09/04/2001,767.0,768.8,765.1,766.4,3808,72547
09/05/2001,767.9,769.7,767.0,767.5,1735,71117
09/06/2001,767.9,768.8,765.1,766.6,1409,70898
09/07/2001,767.9,770.6,765.1,765.7,3103,71154
09/10/2001,766.1,768.8,764.2,767.5,2172,71158
09/11/2001,767.0,774.3,765.1,767.5,0,71158
09/14/2001,787.1,795.3,781.6,792.6,2029,69023
09/17/2001,794.4,810.0,785.3,807.8,16304,65499
09/18/2001,803.6,820.1,803.6,818.8,14682,63592
09/19/2001,820.1,871.3,817.3,868.6,31694,61907
09/20/2001,853.0,856.7,817.3,830.1,21868,62599
09/21/2001,848.4,851.2,832.9,845.1,17088,61534
09/24/2001,827.4,842.0,825.5,841.1,8845,62402
09/25/2001,832.9,837.4,826.5,832.3,5978,63127
09/26/2001,836.5,847.5,833.8,844.8,7666,63208
09/27/2001,836.5,851.2,834.7,843.5,13156,63317
09/28/2001,844.8,856.7,843.8,855.7,8713,64563
10/01/2001,845.7,858.5,845.7,854.3,8848,65123
10/02/2001,853.0,854.8,847.5,851.2,8689,65473
10/03/2001,849.3,858.5,845.7,848.4,11608,67041
10/04/2001,849.3,865.8,849.3,853.9,14829,68447
10/05/2001,856.7,858.5,850.3,857.6,3934,70177
10/08/2001,860.3,861.2,851.2,854.8,5248,71802
10/09/2001,850.3,852.1,830.1,832.9,11640,71215
10/10/2001,823.7,827.4,810.0,812.7,14580,71176
10/11/2001,810.0,812.7,804.5,810.0,10985,70091
10/12/2001,812.7,821.9,807.2,818.2,8658,69643
10/15/2001,812.7,813.6,799.9,804.1,8516,66994
10/16/2001,801.7,802.7,792.6,795.3,8210,65557
10/17/2001,799.0,805.4,796.3,799.9,6640,64777
10/18/2001,796.3,797.2,776.1,780.3,20644,61103
10/19/2001,778.9,788.0,777.0,782.2,9786,62113
10/22/2001,778.0,778.9,769.7,775.2,9162,62772
10/23/2001,778.0,780.7,775.2,776.7,6118,65520
10/24/2001,778.0,778.9,770.6,771.5,5350,64456
10/25/2001,770.6,773.4,766.1,772.5,8276,65282
10/26/2001,771.5,776.1,770.6,771.5,7377,66455
10/29/2001,776.1,779.8,774.3,776.7,3740,66781
10/30/2001,781.6,783.4,778.0,780.3,6738,67416
10/31/2001,778.0,778.9,767.0,773.4,10690,67744
11/01/2001,774.3,776.1,769.7,770.1,5213,68206
11/02/2001,769.7,769.7,751.4,752.3,21506,72122
11/05/2001,748.7,755.1,746.8,750.1,8334,72827
11/06/2001,752.3,757.8,751.4,753.8,8708,73175
11/07/2001,755.1,758.7,751.4,755.6,8054,74834
11/08/2001,752.3,754.2,745.0,746.5,9185,76462
11/09/2001,746.8,749.6,742.3,746.8,7536,76900
11/12/2001,755.1,770.6,753.2,753.8,9716,76025
11/13/2001,748.7,760.6,744.1,757.8,10241,73671
11/14/2001,760.6,764.2,756.9,758.4,6701,72992
11/15/2001,752.3,754.2,746.8,752.0,5993,75186
11/16/2001,747.7,754.2,747.7,749.6,4695,74774
11/19/2001,749.6,750.5,740.4,742.8,8304,75023
11/20/2001,744.1,745.9,739.5,741.3,10471,75468
11/21/2001,740.4,741.3,734.9,738.6,11419,76352
11/26/2001,743.5,743.5,735.3,736.6,24253,74704
11/27/2001,738.1,740.8,736.2,738.4,33817,72849
11/28/2001,739.0,757.1,739.0,752.0,37271,76125
11/29/2001,753.5,755.3,742.6,743.9,23466,74489
11/30/2001,752.6,761.7,751.7,754.8,11194,71967
12/03/2001,757.1,771.6,752.6,767.5,11886,70476
12/04/2001,759.8,764.4,752.6,754.0,7929,71351
12/05/2001,749.9,764.4,748.9,762.6,9049,70946
12/06/2001,764.4,776.2,763.5,769.5,9782,71232
12/07/2001,771.6,778.9,768.9,774.9,8701,69038
12/10/2001,768.0,770.7,766.2,770.4,4107,68669
12/11/2001,770.7,779.8,770.7,776.2,6166,67829
12/12/2001,780.7,782.5,772.5,774.4,7191,67794
12/13/2001,775.3,779.8,773.5,777.1,8150,68037
12/14/2001,786.2,798.0,786.2,792.0,14728,66905
12/17/2001,788.9,796.2,785.3,792.5,5704,66691
12/18/2001,796.2,803.4,790.7,802.5,10452,65704
12/19/2001,808.0,808.9,780.7,782.2,15343,64803
12/20/2001,786.2,804.3,784.3,798.9,10995,64690
12/21/2001,804.3,816.1,798.0,811.9,10017,63848
12/26/2001,810.7,827.0,808.9,824.8,8833,63476
12/27/2001,819.8,820.7,809.8,811.2,10509,63298
12/28/2001,808.9,817.9,802.5,816.7,6709,63260
12/31/2001,813.4,841.5,811.6,833.0,14005,63101
01/02/2002,829.7,834.3,822.5,823.4,12819,63084
01/03/2002,835.2,844.3,834.3,836.6,14244,64069
01/04/2002,844.3,848.8,820.7,844.3,23456,65212
01/07/2002,846.1,850.6,830.6,847.4,11631,66753
01/08/2002,847.9,848.8,832.5,842.4,11688,67412
01/09/2002,845.2,859.7,843.4,855.2,13771,68698
01/10/2002,863.3,864.2,849.7,853.3,15280,69881
01/11/2002,851.5,858.8,847.0,853.0,8925,71473
01/14/2002,840.6,840.6,818.8,819.8,12521,71088
01/15/2002,815.2,831.6,813.4,827.0,10372,71748
01/16/2002,825.2,834.3,812.5,828.3,10057,72185
01/17/2002,821.6,822.5,806.1,807.0,11501,70775
01/18/2002,798.9,799.8,786.2,788.9,16547,69573
01/22/2002,786.2,789.8,773.5,778.5,16411,67577
01/23/2002,775.3,783.4,772.5,773.5,12970,66151
01/24/2002,779.8,781.6,770.7,775.8,9625,66127
01/25/2002,782.5,783.4,778.0,781.6,8423,65931
01/28/2002,777.1,778.9,769.8,771.6,8308,65230
01/29/2002,768.0,784.3,767.1,779.8,13172,65182
01/30/2002,778.9,782.5,771.6,779.4,8501,64579
01/31/2002,775.3,777.1,764.4,766.7,15551,65480
02/01/2002,768.9,787.1,768.0,783.1,15710,65481
02/04/2002,778.9,783.4,772.5,779.8,8033,65261
02/05/2002,780.7,800.7,779.8,798.3,15224,66014
02/06/2002,806.1,811.6,791.6,792.5,14550,64224
02/07/2002,793.4,797.1,788.0,788.9,7777,64065
02/08/2002,797.1,815.2,796.2,808.9,14634,64904
02/11/2002,796.2,804.3,791.6,801.6,8645,63878
02/12/2002,792.5,815.2,792.5,814.3,11791,64702
02/13/2002,805.2,820.7,802.5,817.9,12693,64349
02/14/2002,821.6,828.8,812.5,822.5,20516,64880
02/15/2002,829.7,834.3,819.8,823.9,13032,67193
02/19/2002,818.8,827.0,809.8,811.6,10072,68018
02/20/2002,811.6,814.3,793.4,798.9,13187,67430
02/21/2002,797.1,805.2,792.5,802.5,9360,66787
02/22/2002,806.7,806.7,795.8,798.3,7230,66650
02/25/2002,798.5,798.5,787.7,793.1,17854,64630
02/26/2002,793.1,806.7,793.1,803.6,30520,65009
02/27/2002,804.9,808.5,801.2,804.0,19806,64428
02/28/2002,804.0,817.5,798.5,817.0,20659,63905
03/01/2002,813.9,832.9,808.5,826.0,15687,64836
03/04/2002,837.4,839.2,828.4,832.3,10552,66456
03/05/2002,828.4,839.2,822.0,823.8,11572,66893
03/06/2002,819.3,823.8,813.0,819.3,7922,67687
03/07/2002,813.0,813.9,805.8,810.3,8051,67818
03/08/2002,812.1,826.6,811.2,814.8,8739,68873
03/11/2002,820.2,822.9,809.4,811.2,4954,69058
03/12/2002,813.9,822.0,810.3,813.5,7223,69921
03/13/2002,813.9,821.1,812.1,819.0,3568,70096
03/14/2002,822.0,822.9,811.2,813.9,7635,70659
03/15/2002,813.9,818.4,804.9,812.6,6205,71101
03/18/2002,817.5,819.3,812.1,814.4,3447,70845
03/19/2002,818.4,828.4,815.7,818.1,7535,71778
03/20/2002,815.7,822.0,812.1,819.9,6787,71762
03/21/2002,816.6,820.2,813.9,815.3,4387,71660
03/22/2002,816.6,827.5,815.7,821.1,7800,72956
03/25/2002,822.0,832.9,816.6,828.4,6919,74055
03/26/2002,826.6,832.9,825.7,829.3,5755,74477
03/27/2002,840.1,848.3,839.2,846.5,17771,76135
03/28/2002,849.2,851.0,839.2,841.0,11389,77425
04/01/2002,844.6,851.0,841.9,850.1,7164,78356
04/02/2002,845.6,859.1,844.6,858.6,10528,80061
04/03/2002,853.7,856.4,841.9,844.1,13120,79720
04/04/2002,836.5,841.9,832.0,836.5,10333,79101
04/05/2002,835.6,840.1,825.7,828.4,11826,78729
04/08/2002,827.5,832.9,823.8,826.6,7668,79038
04/09/2002,826.6,827.5,819.3,824.4,10686,79026
04/10/2002,821.1,840.1,820.2,837.1,14146,80991
04/11/2002,835.6,835.6,825.7,828.9,14752,81186
04/12/2002,826.6,832.9,824.8,830.7,5617,80718
04/15/2002,832.0,834.7,804.0,804.9,25190,75556
04/16/2002,806.7,808.5,794.0,796.7,21464,73774
04/17/2002,803.0,808.5,799.4,804.9,11469,72928
04/18/2002,806.7,823.8,804.9,813.5,20321,71464
04/19/2002,809.4,817.5,809.4,814.4,5876,72021
04/22/2002,818.0,827.9,816.2,821.8,24230,70596
04/23/2002,818.9,831.5,815.3,826.9,16779,71283
04/24/2002,827.0,831.5,824.3,825.2,12415,71232
04/25/2002,832.4,841.4,830.6,835.7,19820,74464
04/26/2002,835.1,845.0,829.7,841.6,26809,77510
04/29/2002,836.9,839.6,832.4,838.7,18388,77150
04/30/2002,829.7,830.6,814.4,819.8,17288,73618
05/01/2002,818.0,823.4,814.4,818.9,7117,73408
05/02/2002,814.4,822.5,813.5,821.3,4250,73728
05/03/2002,823.4,833.3,822.5,830.6,6846,74374
05/06/2002,827.9,831.5,825.2,830.1,2005,74441
05/07/2002,831.5,836.9,827.0,833.7,9923,73729
05/08/2002,830.6,837.8,820.7,825.2,11305,73378
05/09/2002,822.5,834.2,820.7,832.8,5425,74340
05/10/2002,834.2,843.2,832.4,840.5,12393,76215
05/13/2002,844.1,847.7,826.1,829.2,13150,75100
05/14/2002,828.8,831.5,824.3,829.2,6580,74887
05/15/2002,829.7,836.0,825.2,834.6,7314,75490
05/16/2002,834.2,837.8,831.5,836.9,5200,75870
05/17/2002,836.0,844.1,831.5,839.6,8397,76304
05/20/2002,840.5,862.1,834.2,860.3,18262,81207
05/21/2002,863.0,875.6,861.2,872.0,18262,81207
05/22/2002,869.3,872.0,860.3,871.1,14055,91954
05/23/2002,863.0,885.5,858.5,884.1,15618,94286
05/24/2002,879.2,883.7,874.7,876.9,6662,95863
05/28/2002,873.8,882.8,867.5,878.7,9004,98766
05/29/2002,885.5,896.3,880.1,890.0,15806,99080
05/30/2002,886.4,898.1,884.6,897.2,10332,98853
05/31/2002,905.3,913.4,895.4,907.5,24534,99220
06/03/2002,905.3,917.9,902.6,914.3,9730,100566
06/04/2002,919.7,926.9,916.1,922.4,10444,101403
06/05/2002,908.9,911.6,885.5,890.0,31398,100317
06/06/2002,890.0,902.6,884.6,899.0,13503,101131
06/07/2002,901.7,909.8,891.8,896.3,12895,100079
06/10/2002,890.9,895.4,880.1,884.1,10862,100647
06/11/2002,879.2,881.0,862.1,878.7,29981,101564
06/12/2002,877.4,891.8,876.5,884.6,17637,104228
06/13/2002,878.3,881.9,867.5,869.7,19841,103754
06/14/2002,878.3,879.2,869.3,872.9,10418,102937
06/17/2002,869.3,872.9,863.9,868.1,6855,103705
06/18/2002,872.0,875.6,868.4,872.0,12257,102608
06/19/2002,881.0,881.9,870.2,871.5,17224,101908
06/20/2002,875.6,878.3,872.0,876.5,16533,101139
06/21/2002,876.5,880.1,868.4,873.8,14543,101249
06/24/2002,883.2,885.8,874.2,876.0,28506,100629
06/25/2002,873.3,873.3,859.9,869.9,38995,98927
06/26/2002,877.8,881.4,869.7,873.8,50807,98923
06/27/2002,867.9,877.8,864.3,877.4,24795,98230
06/28/2002,877.8,878.7,868.8,869.7,12574,92790
07/01/2002,863.4,876.0,863.4,875.6,8136,92741
07/02/2002,876.9,896.6,874.2,886.7,18355,93941
07/03/2002,882.3,888.5,881.4,887.6,18355,93941
07/08/2002,883.2,893.0,883.2,892.1,6705,94955
07/09/2002,894.8,908.2,894.8,906.1,11636,97169
07/10/2002,902.9,913.6,902.0,904.7,10217,98190
07/11/2002,904.7,919.0,902.9,912.2,14792,100337
07/12/2002,910.0,916.3,902.9,907.3,7999,100815
07/15/2002,911.8,923.5,910.9,916.8,11867,102284
07/16/2002,915.4,917.2,897.5,901.6,15664,100428
07/17/2002,898.4,901.1,888.5,896.6,12038,99328
07/18/2002,897.5,899.3,894.8,896.6,3554,99126
07/19/2002,904.7,917.2,902.9,909.7,11663,100297
07/22/2002,905.5,913.6,902.9,903.8,8290,101446
07/23/2002,895.7,898.4,872.4,874.7,27954,95317
07/24/2002,873.3,873.3,861.7,870.6,21651,92992
07/25/2002,871.5,875.1,863.4,869.7,17139,91393
07/26/2002,864.3,867.9,823.1,835.7,30955,85632
07/29/2002,834.8,835.7,827.6,831.2,13734,83901
07/30/2002,834.8,841.1,832.1,834.4,9890,83102
07/31/2002,834.8,835.7,818.7,823.7,13094,82413
08/01/2002,815.1,826.7,815.1,821.0,12809,82386
08/02/2002,824.0,828.5,819.6,822.8,14394,83489
08/05/2002,826.7,837.5,824.9,829.9,6880,83226
08/06/2002,824.9,830.3,824.0,826.4,5373,83630
08/07/2002,832.1,842.8,831.2,837.5,10640,83953
08/08/2002,837.5,839.3,828.5,830.8,7584,83967
08/09/2002,828.5,838.4,827.6,836.6,6293,81633
08/12/2002,844.6,848.2,820.5,822.8,12713,82116
08/13/2002,825.8,826.7,819.6,820.5,5719,82391
08/14/2002,831.2,832.1,797.2,798.6,23282,80435
08/15/2002,801.6,807.0,799.0,803.1,20119,85071
08/16/2002,802.5,820.5,800.7,804.9,11986,82848
08/19/2002,806.1,809.7,786.4,789.1,25762,81921
08/20/2002,794.5,799.9,790.0,794.8,13495,83430
08/21/2002,793.6,799.9,790.9,791.8,9299,83305
08/22/2002,790.4,804.6,785.0,799.6,18001,84928
08/23/2002,794.8,798.4,783.2,792.0,16237,84475
08/26/2002,793.9,798.4,792.1,794.5,11034,82144
08/27/2002,796.6,810.8,791.3,806.4,24689,79468
08/28/2002,804.6,813.5,803.7,805.5,14496,79258
08/29/2002,807.3,816.2,806.4,811.2,14325,79658
08/30/2002,813.5,813.5,793.0,795.4,11449,77944
09/03/2002,801.0,804.6,795.7,798.4,7246,77879
09/04/2002,795.7,801.9,793.0,800.2,4083,77771
09/05/2002,807.3,813.5,804.6,809.1,10726,78845
09/06/2002,812.6,815.3,806.4,808.2,5792,79037
09/09/2002,811.7,822.4,809.1,819.4,7119,79684
09/10/2002,811.7,818.0,805.5,814.9,7621,80009
09/11/2002,810.8,815.3,809.1,812.3,2768,80192
09/12/2002,813.5,825.1,812.6,820.3,9309,80972
09/13/2002,820.6,826.0,813.5,814.4,7187,81110
09/16/2002,811.7,817.1,806.4,813.5,3929,80433
09/17/2002,812.6,818.9,809.9,818.5,7848,81185
09/18/2002,820.6,830.4,820.6,826.0,11887,81808
09/19/2002,830.4,835.8,826.9,829.5,12067,81603
09/20/2002,826.9,834.0,823.3,827.8,9239,82256
09/23/2002,832.2,832.2,818.9,827.4,5695,81398
09/24/2002,832.2,840.2,829.5,831.3,10757,81160
09/25/2002,827.8,832.2,815.3,818.9,11140,81929
09/26/2002,814.4,816.2,801.0,805.5,16664,80990
09/27/2002,805.5,809.1,799.3,801.9,6978,80989
09/30/2002,808.2,816.2,808.2,809.6,6482,81170
10/01/2002,805.5,806.4,797.5,798.9,9371,81743
10/02/2002,799.3,803.7,796.6,798.4,6094,82185
10/03/2002,801.9,802.8,795.7,798.4,4463,81746
10/04/2002,797.5,800.2,791.3,799.3,7229,83918
10/07/2002,797.5,799.3,791.3,792.1,5439,85420
10/08/2002,788.6,789.5,777.0,778.4,20067,86501
10/09/2002,774.3,777.9,769.0,774.3,12892,88378
10/10/2002,774.3,774.3,761.9,762.8,12270,90210
10/11/2002,763.7,773.5,762.8,769.0,9070,89871
10/14/2002,771.7,772.6,766.3,767.2,3717,90334
10/15/2002,764.6,772.6,763.7,769.5,7363,90628
10/16/2002,769.0,781.5,768.1,777.9,7154,90863
10/17/2002,774.3,778.8,770.8,773.5,7678,91562
10/18/2002,774.3,778.8,774.3,776.1,3848,92216
10/21/2002,777.9,778.8,768.1,774.7,9761,92444
10/22/2002,776.1,790.4,776.1,785.4,12443,92676
10/23/2002,785.9,789.5,781.5,784.5,5877,93272
10/24/2002,779.7,781.5,771.7,776.5,7680,93258
10/25/2002,781.5,787.7,779.7,784.5,5024,93172
10/28/2002,785.9,789.5,785.0,785.4,4340,93015
10/29/2002,790.4,805.5,788.6,802.8,21162,89063
10/30/2002,799.3,808.2,793.0,798.4,13826,88972
10/31/2002,799.3,804.6,797.5,801.9,12481,87202
11/01/2002,814.4,814.4,798.4,799.3,9735,86541
11/04/2002,794.8,801.9,793.9,798.7,5427,86101
11/05/2002,801.9,803.7,798.4,800.2,5672,85603
11/06/2002,796.6,800.2,794.8,798.0,3147,85343
11/07/2002,805.5,813.5,801.9,809.9,21547,85259
11/08/2002,815.3,819.7,804.6,806.7,14829,84891
11/11/2002,807.3,816.2,805.5,813.9,10365,84856
11/12/2002,814.4,822.4,809.9,818.9,8871,84103
11/13/2002,816.2,824.2,805.5,811.7,16863,86222
11/14/2002,814.4,815.3,807.3,812.1,6308,86083
11/15/2002,813.5,817.1,807.3,814.4,6115,85511
11/18/2002,809.9,810.8,805.5,807.6,9341,85635
11/19/2002,811.7,812.6,808.2,809.4,10852,86256
11/20/2002,809.9,810.8,805.5,807.3,25032,88257
11/21/2002,807.3,809.9,788.6,795.4,32162,88141
11/22/2002,793.9,810.8,793.9,808.6,20281,87497
11/25/2002,801.9,801.9,793.1,796.1,40395,84494
11/26/2002,798.4,799.2,786.0,787.7,31410,83456
11/27/2002,786.9,789.5,784.2,785.1,14509,78974
12/02/2002,785.1,789.5,781.5,786.3,7921,80271
12/03/2002,788.6,807.2,788.6,805.8,15175,79183
12/04/2002,809.0,815.2,807.2,810.2,11065,77376
12/05/2002,816.1,826.7,813.4,821.4,16776,77015
12/06/2002,826.7,830.2,814.3,823.1,11843,76679
12/09/2002,817.8,819.6,806.3,816.9,10373,76523
12/10/2002,815.2,821.4,812.5,818.4,8331,76695
12/11/2002,820.5,825.8,819.6,822.3,5956,76974
12/12/2002,826.7,844.4,818.7,841.2,19907,78514
12/13/2002,844.4,845.3,825.8,834.1,14499,78614
12/16/2002,835.5,837.3,824.0,833.2,8228,78813
12/17/2002,837.3,842.6,816.1,822.3,19044,78899
12/18/2002,821.4,828.5,816.9,826.7,7745,78301
12/19/2002,837.3,837.3,824.9,836.4,12924,78373
12/20/2002,825.8,827.6,815.2,820.0,9393,77237
12/23/2002,822.3,827.6,816.9,824.0,5252,76932
12/24/2002,822.3,825.8,819.6,825.3,2843,76626
12/26/2002,825.8,834.7,823.1,832.9,5339,77951
12/27/2002,829.3,838.2,828.5,836.1,11836,79395
12/30/2002,836.4,841.7,825.8,827.2,11417,80074
12/31/2002,827.6,853.2,823.1,851.8,15131,80920
01/02/2003,844.4,855.9,843.5,853.8,17838,83604
01/03/2003,852.4,870.9,849.7,867.9,28124,93510
01/06/2003,871.8,875.4,865.6,869.2,13174,94642
01/07/2003,866.5,870.1,847.0,852.4,17597,95739
01/08/2003,847.9,864.7,844.4,861.6,17435,96652
01/09/2003,860.3,864.7,852.4,859.4,11093,97539
01/10/2003,859.4,864.7,853.2,862.6,9600,99102
01/13/2003,856.8,858.5,848.8,856.8,6539,99081
01/14/2003,853.2,854.1,838.2,843.5,15315,98600
01/15/2003,837.3,850.6,835.5,846.2,9170,98564
01/16/2003,845.3,858.5,843.5,855.9,8561,98832
01/17/2003,855.0,856.8,847.0,851.5,6126,98539
01/21/2003,847.0,855.0,842.6,853.2,8142,99430
01/22/2003,858.5,859.4,853.2,858.2,11272,99444
01/23/2003,863.0,868.3,846.2,847.0,22420,99822
01/24/2003,848.8,876.3,847.9,864.7,21334,102385
01/27/2003,865.6,865.6,846.2,855.9,17431,101012
01/28/2003,853.2,863.9,852.4,863.0,9165,102214
01/29/2003,864.7,864.7,849.7,850.6,11457,103438
01/30/2003,849.7,870.9,848.8,862.1,17089,103965
01/31/2003,860.3,864.7,855.9,860.3,12238,103510
02/03/2003,860.3,863.0,851.5,855.9,9188,103300
02/04/2003,863.0,872.7,862.1,870.6,15462,103514
02/05/2003,875.4,875.4,838.2,844.0,26770,103574
02/06/2003,847.0,852.4,824.9,828.5,28523,101248
02/07/2003,832.9,838.2,819.6,823.1,18586,99766
02/10/2003,825.8,829.3,811.6,814.3,17064,96903
02/11/2003,808.1,810.8,802.8,809.0,23339,95036
02/12/2003,807.2,810.8,795.7,797.8,18772,94239
02/13/2003,798.4,805.4,794.8,802.4,23709,93062
02/14/2003,801.9,804.6,796.6,802.8,12186,92139
02/18/2003,797.5,813.4,796.6,806.3,11246,90355
02/19/2003,808.1,819.6,806.3,818.7,19354,89867
02/20/2003,816.1,828.5,815.2,825.3,23720,92299
02/21/2003,820.5,827.6,816.1,825.8,17718,94288
02/24/2003,823.7,836.9,821.9,834.8,26108,91417
02/25/2003,835.2,836.0,815.7,822.1,39482,90955
02/26/2003,821.9,826.3,817.5,824.4,26542,89974
02/27/2003,822.8,826.3,806.9,807.8,30777,88570
02/28/2003,809.6,822.8,803.4,812.2,21191,84202
03/03/2003,817.5,826.3,815.7,824.9,10504,83043
03/04/2003,827.2,830.7,821.9,824.9,8486,81825
03/05/2003,826.3,829.9,813.1,818.7,8486,81825
03/06/2003,819.3,831.6,819.3,825.1,10044,82428
03/07/2003,825.4,829.0,813.1,827.7,12072,82640
03/10/2003,828.1,831.6,825.4,826.3,4931,81947
03/11/2003,822.8,829.0,819.3,828.1,5693,81943
03/12/2003,824.6,824.6,817.5,818.4,7944,81801
03/13/2003,805.1,807.8,794.5,801.6,16200,82499
03/14/2003,804.3,804.3,797.2,801.3,6049,83063
03/17/2003,805.1,806.9,784.8,785.7,16227,83118
03/18/2003,787.5,793.7,785.7,788.0,13188,83928
03/19/2003,787.5,787.5,779.5,780.4,13834,83191
03/20/2003,778.7,786.6,776.9,779.5,10444,83673
03/21/2003,776.9,780.4,766.3,768.6,13893,86331
03/24/2003,773.4,774.2,769.8,771.2,13893,86331
03/25/2003,774.2,782.2,768.1,775.7,15210,88189
03/26/2003,774.2,779.5,774.2,776.5,6557,88418
03/27/2003,778.7,782.2,770.7,775.7,11786,88868
03/28/2003,774.2,787.5,769.8,782.7,10186,89083
03/31/2003,787.5,790.1,784.0,788.4,5801,88711
04/01/2003,784.0,787.5,779.5,783.4,6684,89047
04/02/2003,774.2,779.5,768.1,777.2,9021,89857
04/03/2003,773.4,783.1,771.6,779.2,8763,89642
04/04/2003,776.9,780.4,775.1,779.5,3997,90169
04/07/2003,773.4,783.1,773.4,781.0,5731,90454
04/08/2003,780.4,799.8,779.5,790.7,15661,90692
04/09/2003,791.0,794.5,783.1,791.5,9160,90261
04/10/2003,787.5,793.7,786.6,792.8,6602,89830
04/11/2003,789.3,794.5,785.7,793.3,6025,89392
04/14/2003,791.0,802.5,790.1,801.3,10705,89743
04/15/2003,799.8,802.5,796.3,798.6,6475,88705
04/16/2003,797.2,799.8,785.7,791.9,14332,88683
04/17/2003,791.9,793.7,787.5,789.3,6055,88489
04/21/2003,793.7,803.4,791.0,800.7,14449,89293
04/22/2003,805.3,813.2,802.7,811.6,20587,87564
04/23/2003,809.7,823.8,807.1,816.6,37829,86037
04/24/2003,815.9,822.9,815.0,820.1,24405,85149
04/25/2003,818.5,822.0,815.9,817.8,34230,81267
04/28/2003,815.0,819.4,800.9,808.8,37785,81639
04/29/2003,807.9,809.7,802.7,803.5,25392,81957
04/30/2003,818.5,822.0,813.2,818.9,11352,78337
05/01/2003,822.0,841.4,821.1,840.5,23209,77001
05/02/2003,843.1,849.3,834.3,844.4,18870,80131
05/05/2003,844.0,849.3,844.0,847.6,7940,82707
05/06/2003,849.3,851.1,839.6,844.9,11880,84773
05/07/2003,844.0,844.9,829.9,834.7,10531,84789
05/08/2003,840.5,847.6,840.5,845.3,9821,85406
05/09/2003,843.1,847.6,839.6,844.9,5291,85385
05/12/2003,846.7,864.3,844.0,857.6,15408,89017
05/13/2003,856.4,858.1,848.4,849.3,6358,89108
05/14/2003,850.2,860.8,849.3,857.6,12538,90304
05/15/2003,857.2,858.1,837.9,841.4,15110,90299
05/16/2003,844.0,852.8,841.4,843.1,7457,90568
05/19/2003,852.0,855.5,844.9,848.4,8533,90631
05/20/2003,852.8,856.4,837.0,840.0,12684,89363
05/21/2003,833.5,839.6,827.3,831.7,11490,87641
05/22/2003,834.3,837.9,818.5,820.6,12927,85537
05/23/2003,825.5,825.5,814.1,818.0,8693,85044
05/27/2003,824.7,827.3,813.2,814.1,10633,82547
05/28/2003,809.7,817.6,806.2,816.7,10950,82330
05/29/2003,811.5,816.7,799.1,805.3,15584,78237
05/30/2003,801.8,804.4,793.9,797.9,15134,78871
06/02/2003,793.9,803.5,791.2,793.5,11262,77626
06/03/2003,793.0,797.4,792.1,793.9,11476,75912
06/04/2003,795.6,796.5,788.6,792.1,9279,74999
06/05/2003,789.5,793.9,788.6,792.1,14669,77200
06/06/2003,798.3,807.9,794.7,800.0,15491,76233
06/09/2003,795.6,797.4,789.5,795.3,8785,78710
06/10/2003,792.1,793.9,784.2,786.8,13054,78684
06/11/2003,787.7,795.6,779.8,792.1,21032,80289
06/12/2003,788.6,793.9,787.7,793.0,20225,83378
06/13/2003,793.9,807.1,793.0,805.3,22133,82526
06/16/2003,806.2,813.2,804.4,811.8,11030,81837
06/17/2003,813.2,816.7,810.6,811.5,14332,79428
06/18/2003,804.4,804.4,797.4,802.3,19217,80117
06/19/2003,799.1,807.9,797.4,804.4,14585,81767
06/20/2003,800.0,800.9,795.6,797.0,8012,81525
06/23/2003,795.6,803.5,793.0,802.3,18014,82864
06/24/2003,801.8,801.8,789.5,794.6,27321,83905
06/25/2003,791.2,805.3,791.2,802.8,29536,83088
06/26/2003,796.5,796.5,791.2,795.3,29625,79727
06/27/2003,793.9,800.0,791.2,792.6,24681,81005
06/30/2003,792.1,801.8,791.2,801.4,8805,79156
07/01/2003,801.8,808.8,800.9,804.4,8555,79972
07/02/2003,804.4,821.1,803.5,814.9,17317,79122
07/03/2003,814.0,825.5,812.3,823.3,10592,78894
07/07/2003,820.2,833.3,820.2,831.2,14588,78205
07/08/2003,828.1,837.7,827.2,832.5,17587,81775
07/09/2003,835.1,848.3,834.2,846.5,17467,85609
07/10/2003,851.8,858.8,841.2,844.8,25436,89641
07/11/2003,840.4,850.0,839.5,843.0,11692,90814
07/14/2003,845.6,846.5,836.9,841.6,7635,90025
07/15/2003,839.5,841.2,815.8,817.2,19964,87872
07/16/2003,819.3,825.5,814.9,818.1,8105,86423
07/17/2003,822.8,825.5,817.6,820.7,6162,87008
07/18/2003,820.2,831.6,812.3,829.8,9487,85538
07/21/2003,832.5,840.4,829.8,833.3,12945,87876
07/22/2003,835.1,843.0,835.1,840.4,8232,89035
07/23/2003,852.6,894.8,850.9,889.5,44007,94847
07/24/2003,888.6,907.0,879.0,896.5,44735,101437
07/25/2003,889.5,894.8,882.5,890.4,20837,103946
07/28/2003,900.0,917.6,900.0,911.4,23867,106605
07/29/2003,890.4,907.0,889.5,906.2,20560,108811
07/30/2003,903.5,903.5,883.3,887.7,20430,108655
07/31/2003,900.0,917.6,893.9,898.3,37731,112011
08/01/2003,905.3,906.2,887.7,894.2,15684,111938
08/04/2003,879.0,886.0,869.3,880.7,18060,110922
08/05/2003,877.2,879.0,861.4,866.7,18290,110005
08/06/2003,866.7,874.6,861.4,871.9,8080,109945
08/07/2003,864.9,893.0,861.4,883.9,20735,111519
08/08/2003,886.0,887.7,870.2,875.8,17313,110877
08/11/2003,874.6,879.8,864.1,877.2,14777,111382
08/12/2003,874.6,875.5,845.6,853.0,34706,107445
08/13/2003,855.3,884.2,852.6,882.5,23865,109280
08/14/2003,881.6,890.4,876.3,883.3,11422,107481
08/15/2003,883.3,885.1,856.2,864.4,10587,106626
08/18/2003,863.2,867.6,857.0,864.4,10587,106626
08/19/2003,863.2,881.6,863.2,876.3,18534,107708
08/20/2003,879.0,882.5,870.2,881.1,24668,108373
08/21/2003,877.2,879.0,863.2,867.6,17905,106973
08/22/2003,868.3,881.4,865.6,876.8,20642,105912
08/25/2003,878.7,878.7,873.5,876.1,34515,105831
08/26/2003,873.5,878.7,866.5,878.0,39629,103343
08/27/2003,882.2,905.8,878.7,900.8,50037,106481
08/28/2003,893.6,902.3,889.2,899.7,21454,106255
08/29/2003,903.2,907.6,894.5,896.6,12125,106251
09/02/2003,896.2,899.7,868.3,875.2,23729,103311
09/03/2003,876.1,889.2,872.6,887.5,10952,102357
09/04/2003,879.6,884.9,877.0,879.6,4480,101716
09/05/2003,882.2,905.8,882.2,899.7,17116,105058
09/08/2003,895.3,897.1,888.3,892.2,17116,105058
09/09/2003,911.1,926.8,910.2,919.8,23244,109498
09/10/2003,913.7,924.2,911.9,919.8,11812,111101
09/11/2003,920.7,938.1,917.2,933.8,17490,113742
09/12/2003,933.8,939.9,904.9,911.4,22821,113348
09/15/2003,911.1,914.6,891.8,910.2,13885,113827
09/16/2003,908.4,915.4,904.1,913.7,12452,115510
09/17/2003,913.7,926.8,913.7,924.5,13308,117250
09/18/2003,933.8,939.0,907.6,919.8,22653,116775
09/19/2003,923.3,932.0,914.6,924.5,10457,117094
09/22/2003,932.9,934.6,916.3,921.5,10368,116549
09/23/2003,921.5,922.4,904.9,916.3,14324,114578
09/24/2003,917.2,932.9,914.6,927.7,14324,114578
09/25/2003,933.8,942.5,910.2,912.3,26827,110309
09/26/2003,913.7,914.6,897.1,898.8,21617,108767
09/29/2003,899.7,911.9,885.7,886.6,19996,104700
09/30/2003,896.2,906.7,890.1,898.3,19996,104700
10/01/2003,897.1,897.1,886.6,891.8,17236,104078
10/02/2003,892.7,896.2,886.6,891.0,7949,103265
10/03/2003,893.6,898.0,842.1,844.7,48636,101000
10/06/2003,845.5,846.4,829.0,841.2,32476,94178
10/07/2003,848.2,854.3,845.5,852.5,13910,89786
10/08/2003,852.5,856.0,848.2,850.8,9518,88216
10/09/2003,842.1,847.3,833.3,845.9,18264,87617
10/10/2003,850.8,860.4,849.9,857.8,11757,87232
10/13/2003,854.3,870.9,849.9,870.0,14172,86813
10/14/2003,864.8,869.1,853.4,861.6,11734,86995
10/15/2003,861.3,867.4,849.0,864.2,12209,87940
10/16/2003,861.3,869.1,854.3,859.9,5389,88242
10/17/2003,858.6,870.0,854.3,863.0,9500,88800
10/20/2003,863.0,878.7,863.0,874.4,13340,91171
10/21/2003,882.2,889.2,877.0,885.4,19562,90599
10/22/2003,892.7,900.6,890.1,897.1,19868,90548
10/23/2003,898.0,904.9,893.6,903.5,16051,90689
10/24/2003,902.3,911.9,901.5,902.3,17060,92260
10/27/2003,898.0,910.2,898.0,907.0,8145,92905
10/28/2003,901.5,903.2,889.2,890.4,10263,93409
10/29/2003,888.3,906.7,885.7,898.3,17230,94997
10/30/2003,904.9,906.7,893.6,897.1,11892,95860
10/31/2003,898.8,909.3,876.1,884.9,27329,94349
11/03/2003,885.7,886.6,859.5,860.7,20842,93142
11/04/2003,866.5,884.0,864.8,878.7,13181,92256
11/05/2003,877.0,877.9,869.1,870.9,10635,91036
11/06/2003,867.4,873.5,864.8,866.0,9731,91262
11/07/2003,867.4,884.0,862.1,883.6,16641,91974
11/10/2003,881.4,891.0,879.6,889.2,8909,92153
11/11/2003,889.2,890.1,880.5,885.2,7996,91880
11/12/2003,888.3,933.8,887.5,932.0,43703,104240
11/13/2003,931.2,938.1,920.7,925.0,20914,107331
11/14/2003,925.9,948.6,925.9,946.0,22249,111762
11/17/2003,946.9,948.6,898.0,913.2,37775,109055
11/18/2003,916.3,939.9,916.3,937.6,24860,109720
11/19/2003,932.9,933.8,917.2,920.7,24245,108782
11/20/2003,922.4,934.6,914.6,919.3,28033,107622
11/21/2003,925.9,930.3,915.4,925.0,39631,105681
11/24/2003,916.7,917.6,908.0,916.7,58430,103623
11/25/2003,911.5,933.2,907.1,926.3,58528,107762
11/26/2003,928.9,941.9,925.4,936.2,17941,104122
12/01/2003,937.6,968.9,936.7,951.5,24672,105919
12/02/2003,956.7,964.5,943.6,960.2,11466,104077
12/03/2003,954.1,957.6,946.3,955.3,8541,102777
12/04/2003,949.7,953.2,935.8,951.8,16189,101465
12/05/2003,947.1,961.9,943.6,955.3,10359,101554
12/08/2003,962.8,968.0,949.7,967.1,12478,102736
12/09/2003,970.6,984.5,970.6,983.7,14714,103100
12/10/2003,983.7,997.6,975.8,977.6,16504,102551
12/11/2003,968.9,977.6,959.3,973.6,12646,102891
12/12/2003,979.3,983.7,970.6,981.0,10463,102822
12/15/2003,973.2,988.0,967.1,984.0,11964,103376
12/16/2003,990.6,994.1,981.0,981.9,10554,104093
12/17/2003,981.0,995.0,980.2,992.9,9292,104552
12/18/2003,997.6,1001.0,978.4,996.4,14245,103326
12/19/2003,994.1,998.4,989.7,998.1,8956,103409
12/22/2003,1000.2,1000.2,990.6,995.8,8430,102585
12/23/2003,995.0,1001.9,992.4,999.8,7359,102450
12/24/2003,1001.0,1009.7,997.6,1007.7,7476,101856
12/29/2003,1025.4,1032.4,1021.1,1031.5,11355,102680
12/30/2003,1031.5,1043.7,1029.8,1042.4,10466,102784
12/31/2003,1043.7,1048.0,1033.2,1037.6,12706,102250
01/05/2004,1055.8,1095.8,1055.0,1086.3,21833,105821
01/06/2004,1108.0,1118.5,1088.9,1100.7,25622,107665
01/07/2004,1095.8,1099.3,1083.7,1089.4,17277,107557
01/08/2004,1089.8,1095.8,1071.5,1091.2,16285,110752
01/09/2004,1088.0,1134.1,1086.3,1130.1,20798,111140
01/12/2004,1146.3,1167.2,1139.3,1151.0,22616,110596
01/13/2004,1149.8,1151.5,1135.0,1147.5,17273,108724
01/14/2004,1141.9,1143.7,1108.0,1118.5,27270,108690
01/15/2004,1099.3,1105.4,1076.7,1080.7,25586,109388
01/16/2004,1081.1,1102.8,1078.5,1101.1,13430,110414
01/20/2004,1111.5,1112.4,1091.5,1099.8,19522,107814
01/21/2004,1095.8,1096.7,1061.1,1079.8,28930,107910
01/22/2004,1092.4,1115.0,1072.4,1104.5,19888,109888
01/23/2004,1100.2,1110.6,1090.6,1106.3,12260,110818
01/26/2004,1092.4,1106.3,1092.4,1097.9,8370,111349
01/27/2004,1088.9,1142.8,1088.9,1140.2,21203,114036
01/28/2004,1138.5,1156.7,1130.6,1153.3,14111,113956
01/29/2004,1135.9,1135.9,1064.5,1083.7,34812,111417
01/30/2004,1083.7,1095.0,1081.1,1087.2,17972,109268
02/02/2004,1085.4,1090.6,1035.0,1051.1,28370,107914
02/03/2004,1069.8,1075.0,1059.3,1065.1,15059,107432
02/04/2004,1064.5,1075.8,1055.8,1069.4,12289,108587
02/05/2004,1069.8,1081.9,1059.3,1065.1,11925,108268
02/06/2004,1061.1,1128.9,1049.8,1092.0,23016,111099
02/09/2004,1101.9,1120.2,1093.2,1118.1,12676,111312
02/10/2004,1121.9,1127.2,1109.8,1111.2,17523,112587
02/11/2004,1104.5,1148.0,1099.3,1140.7,29348,114958
02/12/2004,1137.6,1168.9,1131.5,1151.5,30344,118193
02/13/2004,1141.9,1172.4,1125.4,1144.9,21792,117017
02/17/2004,1156.7,1180.2,1151.5,1179.3,22906,119070
02/18/2004,1174.1,1191.5,1153.3,1165.4,28563,118334
02/19/2004,1159.3,1173.3,1141.1,1158.1,39632,119223
02/20/2004,1149.8,1160.2,1123.7,1136.4,33805,117802
02/23/2004,1131.7,1132.6,1114.4,1128.9,34725,115287
02/24/2004,1137.8,1155.1,1133.4,1151.8,48256,118149
02/25/2004,1169.0,1173.3,1130.0,1136.7,59427,113331
02/26/2004,1123.9,1171.6,1094.4,1167.3,52993,112418
02/27/2004,1149.9,1177.7,1147.3,1164.6,22290,110578
03/01/2004,1174.2,1219.3,1174.2,1204.5,24018,114883
03/02/2004,1201.1,1201.1,1162.0,1166.4,21296,113485
03/03/2004,1153.4,1188.9,1150.8,1171.1,25745,113537
03/04/2004,1173.3,1187.2,1163.8,1173.8,11833,111226
03/05/2004,1177.7,1214.1,1175.9,1212.3,18973,113422
03/08/2004,1203.7,1226.2,1195.0,1212.3,11774,113405
03/09/2004,1202.8,1248.8,1200.2,1245.3,18958,116299
03/10/2004,1248.8,1261.8,1230.6,1246.2,23245,118059
03/11/2004,1243.6,1256.6,1234.0,1247.6,16428,118619
03/12/2004,1245.3,1252.2,1203.7,1225.0,26908,118852
03/15/2004,1233.2,1242.7,1230.6,1238.4,10439,118191
03/16/2004,1245.3,1250.5,1235.8,1243.0,24201,117659
03/17/2004,1244.4,1261.8,1234.9,1259.2,14637,118589
03/18/2004,1262.6,1297.3,1256.6,1294.7,24019,119160
03/19/2004,1297.3,1339.0,1283.5,1311.7,23561,126970
03/22/2004,1326.8,1333.8,1315.5,1323.0,12426,120372
03/23/2004,1318.1,1339.0,1313.8,1336.9,12643,119976
03/24/2004,1326.8,1345.9,1313.8,1326.8,21309,119435
03/25/2004,1316.4,1326.8,1297.3,1318.5,18212,119970
03/26/2004,1325.1,1354.6,1325.1,1338.4,17368,120585
03/29/2004,1331.2,1336.4,1319.0,1322.5,8709,118426
03/30/2004,1327.7,1352.0,1327.7,1348.5,12482,119147
03/31/2004,1365.0,1378.8,1360.6,1378.0,22263,120328
04/01/2004,1400.5,1423.9,1390.1,1413.2,25385,119201
04/02/2004,1440.4,1441.3,1376.2,1414.4,31801,119239
04/05/2004,1422.2,1422.2,1391.0,1407.8,20608,121794
04/06/2004,1427.4,1435.2,1405.7,1425.7,15724,120507
04/07/2004,1418.7,1436.1,1399.7,1420.5,18642,121007
04/08/2004,1409.2,1417.0,1393.6,1403.1,17089,120533
04/12/2004,1413.5,1415.3,1356.3,1392.7,19844,119901
04/13/2004,1359.8,1360.6,1274.8,1292.1,45011,117005
04/14/2004,1236.6,1245.3,1184.6,1214.9,53142,120387
04/15/2004,1195.0,1240.1,1188.1,1227.6,26074,114691
04/16/2004,1229.7,1255.7,1219.3,1239.2,18198,111343
04/19/2004,1257.4,1260.9,1241.8,1250.5,13583,111205
04/20/2004,1212.3,1225.4,1195.9,1204.5,24960,110293
04/21/2004,1127.4,1153.4,1064.9,1070.1,54103,110903
04/22/2004,1072.2,1083.4,1041.1,1045.4,46712,111039
04/23/2004,1061.0,1075.7,1051.4,1068.9,30439,109608
04/26/2004,1079.1,1082.6,1068.7,1070.8,27948,108008
04/27/2004,1086.0,1093.0,1070.5,1081.5,42915,106516
04/28/2004,1070.5,1070.5,1009.9,1017.7,57927,102877
04/29/2004,985.7,1035.9,985.7,1009.6,58356,101705
04/30/2004,1017.7,1063.6,1015.1,1053.2,22743,97865
05/03/2004,1052.3,1053.2,1013.4,1042.5,12479,96440
05/04/2004,1056.6,1067.9,1039.3,1045.9,17402,93166
05/05/2004,1054.9,1065.3,1042.8,1057.5,10075,94059
05/06/2004,1039.3,1041.1,997.8,1008.2,17559,93617
05/07/2004,1007.3,1022.9,965.8,968.4,23437,92353
05/10/2004,962.4,998.7,954.6,997.0,13204,94068
05/11/2004,985.7,994.4,951.1,955.1,16000,91879
05/12/2004,974.5,990.9,960.7,962.4,14371,91471
05/13/2004,961.5,977.1,957.2,971.0,14033,91046
05/14/2004,966.7,994.4,961.5,990.6,9956,91821
05/17/2004,1007.3,1021.2,974.5,981.4,21669,90021
05/18/2004,990.9,997.8,972.8,982.3,9549,89376
05/19/2004,990.1,1027.2,988.3,1025.0,16321,89846
05/20/2004,1009.9,1022.0,997.8,999.6,8391,88840
05/21/2004,1015.1,1030.7,1009.9,1015.1,10740,88388
05/24/2004,1008.2,1041.1,1000.4,1037.1,10178,88355
05/25/2004,1041.9,1056.6,1041.1,1052.3,14513,88330
05/26/2004,1058.4,1065.3,1039.3,1047.1,11492,85630
05/27/2004,1054.9,1075.7,1052.3,1071.3,13513,85489
05/28/2004,1067.0,1070.5,1042.8,1056.6,13821,85696
06/01/2004,1067.0,1071.3,1046.3,1047.1,17592,85891
06/02/2004,1053.2,1056.6,1003.0,1009.6,18259,87588
06/03/2004,1008.2,1016.9,988.3,991.8,13040,85539
06/04/2004,990.9,1009.1,977.1,1004.8,11446,85187
06/07/2004,1011.7,1024.6,1005.6,1020.3,13344,83806
06/08/2004,1020.3,1028.1,992.6,997.8,15226,83809
06/09/2004,989.2,1006.5,970.2,974.1,17781,83625
06/10/2004,977.1,995.2,974.5,994.0,13719,84196
06/14/2004,980.5,1000.4,973.6,978.5,11079,85388
06/15/2004,977.1,997.8,973.6,991.8,12339,85796
06/16/2004,981.4,992.6,974.5,990.1,12992,86784
06/17/2004,996.1,1025.5,990.1,1024.6,17204,86922
06/18/2004,1030.7,1045.4,1029.8,1034.7,15292,86421
06/21/2004,1039.3,1046.3,992.6,1013.4,20063,86967
06/22/2004,1013.4,1023.7,1008.2,1014.8,27309,90502
06/23/2004,1020.3,1021.2,1009.1,1016.2,21158,88125
06/24/2004,1028.9,1072.9,1025.5,1067.9,35799,90857
06/25/2004,1065.1,1065.1,1053.0,1059.8,29569,91739
06/28/2004,1065.1,1068.6,1018.6,1020.3,40782,92596
06/29/2004,1023.7,1028.9,1002.2,1012.2,40639,90221
06/30/2004,1022.0,1036.7,987.5,998.8,20869,89133
07/01/2004,1014.3,1029.8,1008.2,1026.0,11605,83430
07/02/2004,1013.4,1047.9,1005.6,1036.7,12839,83030
07/06/2004,1045.3,1047.9,1015.1,1030.6,11090,82761
07/07/2004,1045.3,1061.7,1044.4,1055.6,12008,83599
07/08/2004,1070.3,1115.1,1062.5,1109.1,31419,86162
07/09/2004,1120.3,1126.3,1103.9,1115.9,16796,86990
07/12/2004,1116.8,1134.0,1111.6,1127.5,10323,87666
07/13/2004,1113.4,1115.1,1082.3,1101.6,16863,87162
07/14/2004,1115.1,1141.8,1112.5,1139.6,17888,88810
07/15/2004,1134.9,1153.9,1129.7,1148.3,15907,91212
07/16/2004,1148.7,1165.1,1138.4,1159.0,12599,92237
07/19/2004,1156.4,1168.5,1131.5,1137.5,10379,92061
07/20/2004,1134.9,1140.9,1110.8,1139.6,13956,92456
07/21/2004,1122.0,1128.0,1092.7,1104.7,17573,92760
07/22/2004,1106.5,1122.0,1103.0,1107.8,9409,92441
07/23/2004,1087.5,1095.3,1075.4,1093.5,15792,92165
07/26/2004,1092.7,1096.1,1062.5,1076.3,14454,90674
07/27/2004,1078.9,1084.1,1061.7,1076.7,12392,91991
07/28/2004,1073.7,1100.4,1053.0,1098.4,18010,89837
07/29/2004,1090.1,1104.7,1074.6,1095.3,11915,91031
07/30/2004,1109.1,1146.1,1107.3,1130.6,23047,91850
08/02/2004,1142.7,1144.4,1127.2,1140.9,10575,92246
08/03/2004,1120.3,1153.9,1116.8,1152.1,19311,94715
08/04/2004,1137.5,1177.1,1133.2,1161.1,15179,96849
08/05/2004,1146.1,1165.9,1145.2,1163.3,13638,98184
08/06/2004,1161.6,1189.2,1154.7,1167.7,18065,98325
08/09/2004,1157.3,1168.5,1134.0,1161.1,10247,97722
08/10/2004,1159.9,1176.3,1153.9,1158.5,10402,97251
08/11/2004,1147.8,1150.4,1113.4,1124.9,21791,95676
08/12/2004,1136.6,1146.1,1118.5,1130.1,11817,95094
08/13/2004,1123.7,1148.7,1120.3,1141.8,11519,94856
08/16/2004,1154.7,1166.8,1150.4,1161.1,9865,95964
08/17/2004,1159.9,1169.4,1147.8,1159.9,10528,96119
08/18/2004,1159.0,1185.7,1142.7,1178.3,16587,97695
08/19/2004,1182.3,1196.1,1172.8,1175.4,23829,99926
08/20/2004,1170.2,1208.2,1167.7,1184.0,27488,104931
08/23/2004,1177.9,1177.9,1148.7,1162.6,23022,102324
08/24/2004,1157.3,1157.3,1128.1,1133.8,35107,102711
08/25/2004,1140.1,1150.4,1129.8,1140.3,33049,103011
08/26/2004,1153.8,1156.4,1133.3,1151.6,22765,100287
08/27/2004,1155.6,1160.7,1133.3,1136.2,37156,96967
08/30/2004,1144.4,1177.0,1140.1,1156.8,32778,96399
08/31/2004,1160.7,1171.0,1149.6,1167.9,13255,95230
09/01/2004,1164.1,1174.4,1155.6,1171.0,8434,94727
09/02/2004,1167.6,1174.4,1157.3,1167.6,7428,94962
09/03/2004,1165.0,1165.0,1114.4,1129.8,17147,92140
09/07/2004,1125.6,1125.6,1063.8,1069.0,31623,87139
09/08/2004,1063.0,1075.0,1045.8,1065.0,20339,83757
09/09/2004,1058.7,1065.6,1048.4,1060.9,14476,82613
09/10/2004,1069.8,1072.4,1054.4,1057.0,12947,82263
09/13/2004,1052.7,1073.3,1040.7,1065.6,12615,81660
09/14/2004,1067.3,1081.8,1064.7,1068.1,11440,82028
09/15/2004,1066.4,1084.4,1057.8,1080.1,10270,82084
09/16/2004,1087.0,1089.6,1073.3,1083.2,8379,81934
09/17/2004,1082.7,1084.4,1064.7,1078.1,6787,82294
09/20/2004,1069.8,1079.3,1067.3,1076.7,3974,82119
09/21/2004,1090.4,1097.3,1084.4,1092.6,9653,82327
09/22/2004,1084.4,1095.6,1075.8,1093.0,8596,82434
09/23/2004,1102.4,1112.7,1098.1,1109.3,12879,83566
09/24/2004,1108.4,1116.1,1096.4,1101.6,11190,84507
09/27/2004,1100.7,1126.4,1099.0,1123.0,13278,84846
09/28/2004,1141.8,1145.3,1129.8,1133.3,11382,83896
09/29/2004,1132.4,1157.3,1130.7,1147.8,17614,85724
09/30/2004,1160.7,1196.7,1160.7,1189.5,31286,93209
10/01/2004,1190.7,1196.7,1179.6,1190.4,16477,94968
10/04/2004,1176.1,1177.9,1152.1,1159.9,17230,95508
10/05/2004,1167.6,1223.3,1165.9,1217.6,24374,99518
10/06/2004,1236.1,1248.1,1225.0,1242.1,28490,101879
10/07/2004,1242.1,1251.6,1228.4,1237.3,14137,102928
10/08/2004,1236.1,1258.4,1234.4,1250.7,15459,105084
10/11/2004,1249.9,1255.0,1232.7,1243.3,7145,104831
10/12/2004,1227.6,1234.4,1193.3,1209.6,22872,107869
10/13/2004,1172.7,1192.4,1167.6,1183.0,25670,107640
10/14/2004,1207.0,1219.0,1192.4,1209.6,14736,108134
10/15/2004,1225.9,1229.3,1206.1,1219.0,14873,108659
10/18/2004,1206.1,1218.1,1195.0,1197.9,12238,109828
10/19/2004,1198.4,1236.1,1198.4,1233.6,14764,111307
10/20/2004,1239.6,1266.1,1228.4,1260.5,23290,113242
10/21/2004,1266.1,1272.1,1233.6,1253.3,21288,114310
10/22/2004,1242.1,1263.6,1241.3,1257.2,12048,115321
10/25/2004,1275.6,1278.2,1260.1,1265.3,11443,115497
10/26/2004,1255.9,1266.1,1243.0,1258.4,13448,116815
10/27/2004,1260.1,1276.4,1229.3,1234.8,19285,116241
10/28/2004,1225.9,1243.0,1210.4,1233.1,17220,117085
10/29/2004,1231.0,1256.7,1220.7,1252.4,17671,117328
11/01/2004,1252.4,1264.4,1240.4,1256.7,39619,116792
11/02/2004,1238.7,1243.9,1186.4,1203.6,24682,114494
11/03/2004,1220.7,1232.7,1217.3,1227.2,14327,115296
11/04/2004,1249.9,1284.2,1243.9,1265.8,29168,119014
11/05/2004,1263.6,1289.3,1248.1,1286.7,27087,120756
11/08/2004,1281.6,1299.6,1272.1,1283.6,14648,122466
11/09/2004,1287.6,1300.4,1275.6,1291.9,16161,123564
11/10/2004,1292.7,1293.6,1261.9,1272.1,22669,122355
11/11/2004,1275.6,1283.3,1273.9,1281.9,7386,122472
11/12/2004,1292.7,1315.0,1274.7,1306.8,15386,123038
11/15/2004,1304.7,1306.4,1285.0,1298.2,13722,122865
11/16/2004,1294.4,1308.2,1282.4,1301.6,21937,124272
11/17/2004,1310.7,1316.7,1297.9,1314.2,19365,126530
11/18/2004,1313.3,1321.0,1287.6,1294.8,28592,125865
11/19/2004,1303.0,1311.6,1297.0,1303.0,31529,125494
11/22/2004,1309.3,1309.3,1296.5,1298.2,37665,123952
11/23/2004,1300.8,1305.9,1288.9,1295.5,78554,121720
11/24/2004,1297.4,1307.6,1294.0,1305.4,47216,118974
11/29/2004,1312.7,1337.4,1304.2,1332.3,61932,117507
11/30/2004,1332.3,1340.0,1312.7,1324.1,17691,116958
12/01/2004,1324.6,1384.2,1324.6,1375.7,28250,123584
12/02/2004,1372.3,1402.1,1347.6,1355.3,29252,125104
12/03/2004,1357.0,1377.4,1334.8,1369.4,17522,125375
12/06/2004,1370.6,1370.6,1351.0,1355.8,10705,125020
12/07/2004,1351.9,1352.7,1338.3,1342.5,10398,125722
12/08/2004,1259.9,1268.4,1196.9,1216.5,49136,114545
12/09/2004,1162.9,1190.1,1127.1,1157.8,39117,106029
12/10/2004,1157.8,1166.3,1138.2,1148.1,22773,103181
12/13/2004,1169.7,1178.2,1148.4,1162.9,17425,102972
12/14/2004,1152.7,1162.9,1137.3,1150.1,13236,101771
12/15/2004,1159.5,1184.2,1158.6,1171.4,13332,102098
12/16/2004,1171.4,1171.4,1140.8,1145.3,19919,100715
12/17/2004,1145.9,1161.2,1134.8,1158.3,13291,99952
12/20/2004,1166.3,1184.2,1161.2,1168.8,12381,99076
12/21/2004,1169.7,1180.8,1162.9,1179.4,6558,98426
12/22/2004,1178.2,1180.8,1161.2,1163.7,10245,98018
12/23/2004,1176.5,1187.6,1172.2,1177.4,8769,98024
12/27/2004,1185.9,1207.2,1181.6,1192.7,8075,99373
12/28/2004,1197.8,1204.6,1185.0,1201.7,8347,99266
12/29/2004,1191.0,1193.5,1157.8,1162.4,15662,101101
12/30/2004,1163.7,1172.2,1157.8,1164.1,6382,100586
01/03/2005,1154.4,1154.4,1105.0,1107.9,23391,100401
01/04/2005,1098.2,1107.6,1081.2,1098.5,20127,96882
01/05/2005,1099.9,1122.0,1091.4,1112.7,14810,96526
01/06/2005,1096.5,1113.5,1091.4,1099.0,12393,96857
01/07/2005,1099.9,1122.9,1088.0,1097.8,16354,97295
01/10/2005,1101.6,1104.1,1093.1,1098.2,10034,97898
01/11/2005,1111.0,1135.6,1108.4,1130.2,17379,98189
01/12/2005,1127.1,1149.3,1125.4,1148.1,12504,97907
01/13/2005,1144.2,1153.5,1137.3,1148.4,10215,97796
01/14/2005,1137.3,1140.8,1120.3,1122.9,12449,98502
01/18/2005,1128.0,1137.3,1122.0,1133.1,8700,98962
01/19/2005,1142.5,1148.4,1124.6,1128.0,9617,99473
01/20/2005,1112.7,1120.3,1101.6,1116.6,13840,98599
01/21/2005,1125.4,1162.9,1124.6,1159.8,20896,97695
01/24/2005,1162.9,1173.1,1162.9,1168.0,13804,96766
01/25/2005,1155.2,1156.1,1137.3,1138.2,14896,96891
01/26/2005,1151.0,1166.3,1151.0,1158.6,10901,98178
01/27/2005,1154.4,1162.9,1145.0,1161.2,11684,96713
01/28/2005,1161.2,1171.4,1149.3,1156.9,15239,96662
01/31/2005,1150.1,1151.8,1127.1,1148.8,27216,96665
02/01/2005,1147.6,1154.4,1137.3,1145.9,10305,95173
02/02/2005,1150.1,1161.2,1144.2,1149.3,12046,96753
02/03/2005,1135.6,1141.6,1122.0,1136.8,13376,96721
02/04/2005,1133.9,1142.5,1124.6,1129.7,9184,97028
02/07/2005,1126.3,1140.8,1113.5,1116.1,14219,96944
02/08/2005,1111.8,1123.7,1105.0,1116.4,16402,95344
02/09/2005,1115.2,1125.4,1105.8,1122.0,15347,93408
02/10/2005,1122.0,1188.4,1118.6,1185.9,37521,95205
02/11/2005,1200.3,1232.7,1198.6,1227.6,36612,96422
02/14/2005,1239.5,1251.4,1230.1,1249.7,26106,96021
02/15/2005,1242.9,1260.8,1227.6,1253.1,34876,96899
02/16/2005,1231.0,1241.2,1215.7,1235.2,27832,99657
02/17/2005,1236.1,1265.0,1232.7,1254.8,24565,97298
02/18/2005,1254.8,1269.3,1249.7,1262.8,17015,98205
02/22/2005,1278.2,1288.4,1271.5,1280.8,40041,102103
02/23/2005,1272.3,1276.5,1240.1,1267.7,48406,107350
02/24/2005,1271.5,1276.5,1241.0,1257.7,61199,106825
02/25/2005,1242.7,1252.8,1224.1,1242.2,42322,105222
02/28/2005,1254.5,1262.2,1239.3,1252.0,26243,101638
03/01/2005,1241.0,1245.2,1220.7,1230.0,15967,99341
03/02/2005,1219.0,1249.5,1215.6,1243.2,15851,100292
03/03/2005,1241.8,1242.7,1225.8,1230.0,14415,98488
03/04/2005,1227.4,1258.8,1217.3,1250.3,18452,99684
03/07/2005,1250.3,1258.8,1242.7,1252.0,8479,99377
03/08/2005,1269.8,1288.4,1266.4,1276.2,16520,101960
03/09/2005,1278.2,1300.2,1263.0,1293.5,17093,103039
03/10/2005,1282.5,1286.7,1268.9,1274.3,16015,102174
03/11/2005,1266.4,1290.1,1257.9,1281.6,24598,104232
03/14/2005,1266.4,1270.6,1248.6,1254.5,18471,102961
03/15/2005,1264.7,1274.8,1235.9,1254.0,18808,102305
03/16/2005,1264.7,1267.2,1251.1,1261.6,13113,103083
03/17/2005,1254.5,1256.2,1242.7,1254.0,16368,104451
03/18/2005,1242.7,1254.5,1233.4,1252.3,16116,104800
03/21/2005,1229.1,1229.1,1196.1,1204.1,25001,104555
03/22/2005,1208.0,1213.1,1197.8,1198.3,12952,103328
03/23/2005,1175.0,1189.4,1169.9,1182.6,21027,102837
03/24/2005,1175.0,1188.5,1170.7,1174.6,14333,99349
03/28/2005,1171.6,1173.3,1156.3,1169.9,18990,96722
03/29/2005,1177.5,1188.5,1171.6,1182.1,10858,96568
03/30/2005,1185.1,1213.9,1182.6,1210.0,19537,97696
03/31/2005,1219.8,1223.2,1211.4,1215.6,17374,99251
04/01/2005,1206.3,1210.5,1177.5,1185.1,20873,99589
04/04/2005,1185.1,1192.7,1171.6,1189.2,10515,99055
04/05/2005,1180.9,1201.2,1180.9,1192.4,10892,98663
04/06/2005,1193.6,1211.4,1191.0,1205.4,12220,98768
04/07/2005,1208.8,1214.7,1195.3,1197.8,10859,98566
04/08/2005,1190.2,1213.9,1188.5,1213.1,14498,100042
04/11/2005,1224.9,1235.9,1224.1,1228.3,18058,101643
04/12/2005,1231.7,1237.6,1202.0,1211.4,15420,102168
04/13/2005,1212.2,1230.8,1197.0,1223.2,21288,103298
04/14/2005,1206.3,1209.7,1186.8,1195.3,18963,103525
04/15/2005,1197.8,1201.2,1181.7,1188.8,15503,104110
04/18/2005,1191.9,1200.4,1183.4,1192.7,13053,102893
04/19/2005,1196.1,1230.0,1196.1,1227.4,24374,104305
04/20/2005,1229.1,1246.1,1219.8,1242.2,22466,105957
04/21/2005,1234.2,1243.5,1217.3,1221.9,30346,106692
04/22/2005,1226.6,1242.6,1226.6,1231.8,17360,107764
04/25/2005,1226.6,1231.6,1219.8,1229.3,21223,107260
04/26/2005,1235.8,1239.2,1221.5,1228.6,54123,111987
04/27/2005,1224.9,1229.1,1198.8,1208.2,45583,106410
04/28/2005,1204.7,1205.5,1162.6,1169.0,53091,104739
04/29/2005,1171.0,1176.1,1160.9,1167.7,35114,107264
05/02/2005,1169.4,1176.1,1145.8,1156.7,23703,106809
05/03/2005,1155.9,1163.5,1147.5,1158.1,15036,105261
05/04/2005,1164.3,1186.2,1164.3,1180.0,19435,104721
05/05/2005,1189.6,1194.6,1175.3,1188.4,23035,103228
05/06/2005,1185.3,1188.7,1160.9,1171.9,20708,104592
05/09/2005,1172.7,1198.0,1171.9,1191.2,16952,104064
05/10/2005,1189.6,1207.2,1187.9,1197.1,14436,104114
05/11/2005,1195.4,1196.3,1178.6,1193.8,14964,103129
05/12/2005,1180.3,1188.7,1166.0,1171.9,14919,104094
05/13/2005,1165.2,1174.4,1157.6,1167.7,9657,102571
05/16/2005,1165.2,1176.1,1160.1,1170.7,10422,101404
05/17/2005,1175.3,1192.1,1174.4,1185.3,16534,102869
05/18/2005,1188.7,1217.3,1186.2,1212.3,24348,103736
05/19/2005,1211.4,1212.3,1196.3,1201.3,12059,104296
05/20/2005,1197.1,1197.1,1168.5,1170.2,21798,104737
05/23/2005,1176.9,1183.7,1171.0,1172.7,9961,105035
05/24/2005,1184.5,1197.1,1176.1,1178.3,11582,105219
05/25/2005,1181.1,1203.9,1177.8,1201.0,19485,104459
05/26/2005,1191.2,1212.3,1185.3,1205.0,20430,105000
05/27/2005,1214.8,1230.8,1209.7,1229.9,27528,105666
05/31/2005,1206.4,1261.9,1204.7,1253.8,45164,113358
06/01/2005,1258.5,1280.4,1254.3,1265.3,41943,116688
06/02/2005,1270.3,1283.8,1267.8,1269.5,24123,117392
06/03/2005,1272.0,1281.3,1260.2,1263.6,19400,117274
06/06/2005,1261.9,1282.1,1260.2,1268.6,18440,121954
06/07/2005,1269.5,1269.5,1248.4,1252.6,21128,121857
06/08/2005,1251.8,1266.9,1246.8,1257.7,15286,123565
06/09/2005,1245.1,1253.5,1213.1,1223.2,48518,125713
06/10/2005,1224.9,1228.3,1203.9,1226.2,20240,124064
06/13/2005,1221.5,1233.3,1214.8,1222.4,10312,123649
06/14/2005,1224.9,1230.8,1218.2,1224.9,17720,128442
06/15/2005,1229.9,1245.1,1228.3,1233.3,17756,127874
06/16/2005,1244.2,1252.6,1236.7,1240.0,21794,128396
06/17/2005,1249.3,1251.8,1231.6,1234.1,17910,127300
06/20/2005,1245.1,1258.5,1222.4,1228.6,24580,126977
06/21/2005,1214.8,1229.9,1206.4,1226.9,35181,130474
06/22/2005,1213.9,1223.9,1212.2,1221.4,16729,132207
06/23/2005,1217.2,1231.4,1213.0,1224.1,44843,129189
06/24/2005,1228.9,1230.6,1217.2,1225.4,37018,127534
06/27/2005,1223.1,1225.6,1213.9,1218.9,38754,126005
06/28/2005,1212.2,1212.2,1187.1,1193.8,55781,124362
06/29/2005,1188.8,1191.3,1180.4,1187.9,46510,119033
06/30/2005,1194.6,1194.6,1176.2,1182.9,27681,115021
07/01/2005,1181.3,1183.8,1145.3,1152.8,39252,120191
07/05/2005,1152.8,1157.9,1147.0,1148.7,20150,122624
07/06/2005,1157.0,1169.6,1157.0,1162.9,15304,124597
07/07/2005,1172.1,1185.4,1164.5,1167.9,15811,123414
07/08/2005,1165.4,1182.1,1160.4,1175.4,15124,123861
07/11/2005,1181.3,1192.1,1180.4,1187.9,10507,124677
07/12/2005,1191.3,1200.5,1177.1,1184.6,16199,123279
07/13/2005,1182.9,1191.3,1178.8,1182.1,11664,123937
07/14/2005,1174.6,1190.5,1162.9,1169.6,20772,125544
07/15/2005,1170.4,1179.6,1164.5,1168.7,21313,127069
07/18/2005,1173.7,1179.6,1167.9,1171.2,8644,127541
07/19/2005,1165.4,1177.1,1162.0,1167.9,14369,128213
07/20/2005,1168.7,1188.8,1167.9,1181.8,16091,127038
07/21/2005,1199.7,1206.3,1190.5,1193.0,20059,125235
07/22/2005,1193.8,1196.3,1185.4,1189.6,10224,123703
07/25/2005,1189.6,1194.6,1186.3,1193.8,7802,124378
07/26/2005,1181.3,1184.6,1172.1,1173.4,19335,123485
07/27/2005,1172.1,1182.9,1164.5,1177.1,14598,123536
07/28/2005,1182.9,1208.8,1182.9,1203.8,20817,123721
07/29/2005,1203.8,1215.5,1202.2,1214.2,26866,124378
08/01/2005,1220.6,1225.6,1216.4,1221.4,17998,123073
08/02/2005,1221.4,1223.9,1211.4,1214.2,24024,122020
08/03/2005,1220.6,1225.6,1217.2,1221.7,13255,122200
08/04/2005,1213.0,1218.0,1200.5,1212.5,20700,123734
08/05/2005,1211.4,1214.7,1193.8,1196.8,21213,126664
08/08/2005,1198.0,1198.0,1167.0,1172.9,21907,127129
08/09/2005,1168.7,1177.1,1163.7,1176.2,18730,123818
08/10/2005,1184.6,1187.9,1178.8,1183.4,13540,122818
08/11/2005,1188.8,1207.2,1184.6,1201.0,27450,121222
08/12/2005,1203.8,1203.8,1181.3,1185.4,18798,122108
08/15/2005,1183.8,1191.3,1157.9,1164.5,28102,121301
08/16/2005,1168.7,1179.6,1165.4,1177.6,13904,121306
08/17/2005,1168.7,1176.2,1162.0,1169.2,17266,120532
08/18/2005,1167.0,1176.2,1162.9,1170.1,16245,119905
08/19/2005,1170.4,1175.4,1165.4,1171.7,15539,117476
08/22/2005,1173.7,1187.8,1172.9,1180.3,21719,116902
08/23/2005,1181.2,1182.8,1161.3,1164.9,31843,116131
08/24/2005,1166.3,1172.9,1150.6,1156.8,49798,117838
08/25/2005,1159.7,1159.7,1134.8,1141.6,48251,121671
08/26/2005,1141.5,1146.4,1121.6,1125.9,46059,121397
08/29/2005,1129.0,1134.0,1123.3,1124.1,45734,119150
08/30/2005,1120.8,1123.3,1109.2,1119.1,50109,120303
08/31/2005,1119.1,1134.8,1118.3,1134.0,50109,120303
09/01/2005,1143.1,1169.6,1139.8,1164.3,34037,114203
09/02/2005,1169.6,1178.7,1159.7,1170.4,15767,111938
09/06/2005,1167.9,1181.2,1166.3,1174.2,14305,112175
09/07/2005,1171.2,1183.6,1170.4,1177.5,12291,112143
09/08/2005,1176.2,1186.1,1161.3,1162.6,18378,112618
09/09/2005,1170.4,1173.7,1165.4,1168.8,9832,114054
09/12/2005,1165.4,1172.9,1159.7,1167.9,9776,114462
09/13/2005,1167.1,1171.2,1143.1,1158.8,14820,115435
09/14/2005,1164.6,1169.6,1163.8,1165.4,9373,115054
09/15/2005,1177.0,1181.2,1155.5,1170.9,26961,116943
09/16/2005,1177.9,1210.9,1173.7,1205.6,43478,118211
09/19/2005,1219.2,1240.7,1217.6,1223.8,42382,117196
09/20/2005,1225.8,1232.4,1215.9,1220.0,24407,117718
09/21/2005,1221.7,1232.4,1215.9,1226.7,17753,118664
09/22/2005,1236.6,1239.1,1216.7,1226.7,24021,119603
09/23/2005,1220.0,1220.9,1204.3,1213.4,17228,118665
09/26/2005,1205.1,1226.7,1198.5,1218.4,22820,120054
09/27/2005,1213.4,1217.6,1197.7,1212.3,18009,118954
09/28/2005,1215.9,1230.0,1214.2,1224.7,17443,120936
09/29/2005,1230.0,1252.3,1224.2,1249.8,32068,123804
09/30/2005,1253.9,1264.7,1239.1,1242.7,29884,126796
10/03/2005,1232.4,1239.1,1225.0,1233.3,17752,126491
10/04/2005,1237.4,1242.4,1222.5,1228.3,16283,125742
10/05/2005,1230.8,1238.2,1217.6,1237.1,16743,126184
10/06/2005,1239.1,1262.2,1234.9,1256.4,24081,128979
10/07/2005,1265.5,1287.9,1263.9,1285.4,26757,131181
10/10/2005,1287.0,1301.9,1282.1,1297.8,20331,133005
10/11/2005,1297.0,1316.0,1293.6,1302.7,22568,134435
10/12/2005,1305.2,1309.4,1290.3,1296.6,21530,136018
10/13/2005,1291.2,1295.3,1273.0,1279.6,23128,136729
10/14/2005,1274.6,1305.2,1263.9,1300.6,23712,137153
10/17/2005,1301.9,1311.0,1297.8,1302.7,18525,140709
10/18/2005,1292.8,1301.9,1287.9,1296.1,16332,142530
10/19/2005,1283.7,1285.4,1258.9,1263.9,24754,136493
10/20/2005,1268.0,1274.6,1245.7,1266.4,21842,134034
10/21/2005,1266.4,1273.8,1252.3,1273.0,17428,133873
10/24/2005,1272.1,1283.7,1266.4,1275.1,13306,136161
10/25/2005,1283.7,1302.7,1282.1,1294.5,17456,138960
10/26/2005,1299.4,1311.0,1298.6,1300.8,16204,140685
10/27/2005,1301.9,1314.3,1296.1,1297.0,15511,141760
10/28/2005,1294.5,1300.3,1277.1,1293.6,20337,142778
10/31/2005,1295.3,1296.1,1253.1,1253.9,30392,138138
11/01/2005,1257.3,1258.9,1225.8,1235.7,30546,137967
11/02/2005,1234.1,1253.9,1229.1,1250.6,13744,137871
11/03/2005,1251.5,1262.2,1243.2,1261.1,15021,139085
11/04/2005,1257.3,1273.8,1236.6,1252.8,24779,139383
11/07/2005,1244.0,1258.9,1232.4,1258.1,22808,141133
11/08/2005,1258.1,1270.5,1255.6,1261.4,25962,143966
11/09/2005,1266.4,1280.4,1264.7,1270.2,27977,144705
11/10/2005,1285.4,1288.7,1269.7,1274.6,20363,146036
11/11/2005,1278.8,1288.7,1271.3,1283.7,21152,146450
11/14/2005,1291.2,1297.0,1285.4,1287.4,23514,148985
11/15/2005,1290.3,1297.0,1273.8,1288.2,23603,150342
11/16/2005,1297.8,1327.6,1297.8,1323.8,45159,154989
11/17/2005,1338.3,1346.6,1332.5,1340.3,41878,156093
11/18/2005,1341.6,1349.9,1329.2,1334.5,28224,158152
11/21/2005,1346.6,1347.4,1333.4,1345.4,53407,155073
11/22/2005,1356.7,1357.5,1337.9,1352.3,64116,149698
11/23/2005,1341.2,1347.7,1333.0,1345.9,49207,146462
11/28/2005,1359.2,1385.3,1355.9,1383.2,52902,145740
11/29/2005,1373.9,1382.1,1363.3,1374.7,47109,145136
11/30/2005,1364.1,1373.9,1355.1,1371.4,21446,140909
12/01/2005,1375.5,1409.9,1369.8,1406.9,27954,142991
12/02/2005,1406.6,1418.9,1397.6,1414.3,18115,141431
12/05/2005,1418.0,1429.5,1411.5,1428.7,14704,141223
12/06/2005,1416.4,1447.5,1406.6,1438.0,20334,141571
12/07/2005,1449.1,1463.0,1443.4,1451.9,22836,139933
12/08/2005,1449.1,1472.0,1436.9,1470.4,18350,139628
12/09/2005,1473.7,1494.9,1472.0,1487.6,20666,138305
12/12/2005,1511.3,1517.8,1427.9,1452.7,35612,138672
12/13/2005,1455.7,1463.8,1392.7,1404.1,36094,137249
12/14/2005,1391.9,1413.1,1377.2,1384.5,26590,136077
12/15/2005,1386.2,1426.2,1383.7,1412.3,21514,134387
12/16/2005,1424.6,1427.0,1400.1,1406.6,16194,134440
12/19/2005,1418.9,1431.1,1410.7,1414.0,11195,135019
12/20/2005,1411.5,1418.0,1365.7,1373.1,20074,133600
12/21/2005,1375.5,1382.1,1355.9,1379.6,17289,133959
12/22/2005,1390.2,1406.6,1385.3,1403.0,10993,132876
12/23/2005,1403.3,1422.1,1399.2,1414.0,8487,134696
12/27/2005,1426.2,1442.6,1423.8,1441.3,10287,135028
12/28/2005,1445.9,1474.5,1444.2,1461.4,16821,132489
12/29/2005,1467.1,1474.5,1429.5,1452.7,15178,131822
12/30/2005,1447.5,1468.8,1445.9,1454.0,9239,131229
01/03/2006,1481.8,1501.5,1474.5,1498.2,20793,131555
01/04/2006,1506.4,1510.5,1473.7,1499.8,25970,133774
01/05/2006,1476.9,1486.7,1432.8,1451.1,28349,131542
01/06/2006,1462.2,1503.1,1454.0,1500.3,23531,132978
01/09/2006,1496.6,1520.3,1474.5,1518.3,22100,131791
01/10/2006,1483.5,1493.3,1458.1,1474.5,24151,130725
01/11/2006,1472.0,1490.8,1452.4,1482.7,22092,131494
01/12/2006,1482.7,1490.0,1460.6,1481.8,16109,131079
01/13/2006,1480.2,1516.2,1467.1,1499.0,16592,130810
01/17/2006,1485.9,1506.4,1477.7,1484.0,18926,131701
01/18/2006,1458.9,1467.9,1437.7,1451.3,25612,129908
01/19/2006,1467.1,1491.6,1462.2,1489.7,18315,129572
01/20/2006,1490.0,1517.0,1447.5,1460.6,33007,129862
01/23/2006,1478.6,1485.1,1457.3,1484.0,23109,130240
01/24/2006,1472.8,1514.5,1463.0,1509.3,34801,131185
01/25/2006,1544.8,1560.3,1530.1,1555.4,32032,132106
01/26/2006,1553.8,1580.8,1542.4,1571.0,31060,133175
01/27/2006,1588.1,1594.7,1562.0,1571.0,31602,134755
01/30/2006,1584.9,1604.5,1578.3,1598.8,21139,133953
01/31/2006,1607.8,1621.7,1599.6,1616.8,26359,133259
02/01/2006,1607.8,1614.3,1583.2,1602.1,29347,130206
02/02/2006,1616.0,1621.7,1591.4,1615.5,23005,129036
02/03/2006,1612.7,1616.8,1585.7,1596.3,21526,132856
02/06/2006,1596.3,1617.6,1589.8,1596.0,15217,132860
02/07/2006,1579.2,1580.0,1531.7,1539.1,36507,130754
02/08/2006,1519.5,1553.8,1519.5,1544.0,27584,131378
02/09/2006,1557.1,1581.6,1556.3,1580.0,23035,130403
02/10/2006,1562.8,1570.2,1517.8,1534.2,36099,130476
02/13/2006,1518.6,1548.9,1485.9,1491.3,29912,128906
02/14/2006,1516.2,1527.6,1497.4,1523.5,24436,127737
02/15/2006,1530.1,1538.3,1483.5,1507.2,30733,128144
02/16/2006,1491.6,1534.2,1488.4,1532.5,29083,127809
02/17/2006,1538.3,1554.6,1535.0,1540.7,35849,128719
02/21/2006,1557.1,1566.1,1555.4,1561.2,32246,132532
02/22/2006,1547.2,1578.0,1540.7,1566.7,53306,134126
02/23/2006,1563.4,1566.7,1547.2,1549.8,56339,128614
02/24/2006,1556.1,1599.1,1553.7,1593.4,54817,128096
02/27/2006,1579.7,1581.3,1558.6,1572.4,42618,128039
02/28/2006,1586.1,1596.7,1568.3,1590.2,22832,127839
03/01/2006,1592.6,1602.4,1582.9,1587.8,20462,128102
03/02/2006,1590.2,1658.3,1587.8,1655.6,32784,132907
03/03/2006,1654.3,1672.1,1641.3,1659.9,21622,135431
03/06/2006,1661.6,1669.7,1608.8,1625.9,24390,135624
03/07/2006,1626.7,1641.3,1617.0,1639.2,20594,132341
03/08/2006,1602.4,1604.0,1568.3,1596.7,29794,126957
03/09/2006,1607.2,1636.4,1605.6,1617.0,23308,127835
03/10/2006,1597.5,1617.8,1581.3,1615.3,18989,127376
03/13/2006,1621.0,1649.4,1609.7,1647.3,13258,126798
03/14/2006,1638.0,1664.0,1637.2,1661.6,14206,127834
03/15/2006,1667.2,1685.9,1660.7,1678.6,22353,130606
03/16/2006,1672.1,1684.3,1642.9,1677.3,22888,129883
03/17/2006,1687.5,1696.4,1674.5,1681.0,15792,130483
03/20/2006,1680.2,1685.9,1664.0,1680.5,13789,130551
03/21/2006,1670.5,1715.9,1647.0,1713.5,35697,132347
03/22/2006,1707.8,1719.1,1700.5,1702.1,20509,132196
03/23/2006,1701.3,1735.3,1688.3,1733.7,25793,133323
03/24/2006,1735.3,1746.7,1732.1,1741.0,21766,134443
03/27/2006,1764.5,1774.3,1749.1,1767.0,25520,134772
03/28/2006,1758.1,1774.3,1753.2,1762.9,20535,134579
03/29/2006,1760.5,1805.1,1753.2,1802.7,25225,137075
03/30/2006,1839.1,1900.0,1835.9,1891.0,49707,138284
03/31/2006,1889.4,1892.7,1844.8,1868.3,43349,139615
04/03/2006,1884.6,1916.2,1874.8,1908.1,26630,140742
04/04/2006,1904.8,1915.4,1888.6,1902.4,19515,140419
04/05/2006,1900.8,1912.1,1874.0,1898.3,23744,142508
04/06/2006,1937.3,1955.1,1924.3,1953.5,35750,146904
04/07/2006,1955.9,1973.8,1936.5,1957.5,37205,149134
04/10/2006,2000.5,2045.1,1996.5,2037.0,32912,145729
04/11/2006,2054.8,2082.4,2024.0,2043.5,47826,141906
04/12/2006,2053.2,2072.7,2038.6,2053.7,32099,142782
04/13/2006,2043.5,2092.1,2033.8,2084.8,22886,141713
04/17/2006,2137.6,2170.0,2123.0,2167.6,37148,140174
04/18/2006,2194.3,2241.4,2167.6,2235.7,47073,140408
04/19/2006,2290.0,2363.8,2267.3,2355.2,61009,142200
04/20/2006,2311.9,2324.1,1978.6,2031.3,82737,139175
04/21/2006,1978.6,2113.2,1970.5,2102.7,61291,132947
04/24/2006,2068.6,2131.3,1895.2,1910.0,51264,130910
04/25/2006,2023.7,2047.8,1959.4,2037.0,45134,127250
04/26/2006,2047.8,2091.1,1999.6,2078.1,51725,122694
04/27/2006,1983.5,2128.1,1977.9,2022.1,48494,121459
04/28/2006,2025.3,2248.5,2023.7,2189.1,42827,116254
05/01/2006,2206.8,2269.4,2176.2,2242.9,21718,112889
05/02/2006,2248.5,2290.3,2248.5,2282.2,30318,112421
05/03/2006,2291.9,2316.0,2120.0,2215.6,32468,114505
05/04/2006,2203.5,2285.5,2177.9,2220.4,25495,111874
05/05/2006,2232.5,2248.5,2195.5,2230.9,14830,110685
05/08/2006,2173.0,2227.6,2158.6,2211.6,22178,108056
05/09/2006,2230.9,2333.6,2216.4,2323.2,28975,110968
05/10/2006,2295.1,2320.8,2248.5,2293.5,20122,109867
05/11/2006,2316.0,2441.3,2316.0,2398.7,33965,109595
05/12/2006,2377.0,2385.0,2264.6,2286.3,26322,108760
05/15/2006,2128.1,2193.9,2095.9,2141.7,22734,109090
05/16/2006,2124.9,2179.5,2112.0,2174.6,21800,110184
05/17/2006,2200.3,2206.8,2059.0,2126.5,24683,110372
05/18/2006,2108.8,2132.9,2007.6,2010.8,21977,110257
05/19/2006,2002.8,2010.8,1940.2,1985.1,26992,109591
05/22/2006,1962.6,2006.0,1961.0,1996.4,17410,109391
05/23/2006,2039.7,2119.2,2038.1,2115.2,24039,110443
05/24/2006,2042.9,2054.2,1994.8,2010.0,19823,110346
05/25/2006,1999.6,2051.0,1985.1,2023.7,16359,109280
05/26/2006,2026.9,2046.2,1994.8,2044.5,14815,110594
05/30/2006,2063.8,2145.7,2060.6,2099.2,20147,109388
05/31/2006,2099.2,2102.4,1972.3,2000.4,26591,110238
06/01/2006,1927.3,1957.8,1851.8,1912.0,26229,109730
06/02/2006,1940.2,1969.1,1914.5,1941.0,15118,110620
06/05/2006,1969.1,1978.7,1935.3,1974.7,10558,110539
06/06/2006,1896.8,1908.0,1859.8,1902.4,19889,112351
06/07/2006,1847.0,1916.1,1835.8,1909.6,25980,111810
06/08/2006,1859.8,1879.1,1774.7,1778.7,27972,111302
06/09/2006,1806.8,1848.6,1789.2,1800.4,19275,110784
06/12/2006,1777.9,1811.7,1760.3,1777.1,21604,112702
06/13/2006,1670.3,1683.2,1541.8,1545.9,44744,112993
06/14/2006,1574.0,1599.7,1543.4,1563.5,23384,112122
06/15/2006,1610.9,1639.8,1599.7,1601.3,26387,112511
06/16/2006,1622.1,1635.0,1569.1,1627.0,16656,112978
06/19/2006,1590.0,1609.3,1580.4,1601.3,8911,112559
06/20/2006,1602.9,1651.1,1590.0,1649.4,17045,112485
06/21/2006,1627.0,1683.2,1625.4,1673.5,20133,111993
06/22/2006,1671.3,1682.5,1629.9,1640.6,17820,113647
06/23/2006,1610.8,1657.0,1601.3,1652.5,17806,113833
06/26/2006,1646.6,1664.9,1610.8,1645.8,29066,114511
06/27/2006,1641.1,1707.9,1637.9,1639.3,37794,109024
06/28/2006,1655.4,1658.6,1618.8,1630.2,35679,105712
06/29/2006,1655.4,1687.2,1652.2,1658.6,32951,101841
06/30/2006,1693.6,1771.6,1693.6,1738.2,17952,97874
07/05/2006,1809.8,1824.1,1784.3,1817.0,13911,97275
07/06/2006,1800.2,1852.8,1795.5,1844.0,9647,97160
07/07/2006,1838.4,1849.6,1803.4,1815.4,10927,97879
07/10/2006,1757.3,1790.7,1744.5,1768.4,12733,98593
07/11/2006,1808.2,1846.4,1792.3,1838.4,12921,99551
07/12/2006,1856.0,1881.4,1806.6,1839.2,18446,99642
07/13/2006,1851.2,1859.1,1809.8,1828.1,11900,99799
07/14/2006,1857.5,1871.9,1832.1,1835.3,11459,99262
07/17/2006,1819.3,1827.3,1758.9,1765.2,16916,99978
07/18/2006,1774.8,1785.9,1668.1,1675.3,18007,99954
07/19/2006,1704.7,1781.1,1696.8,1770.8,17312,99869
07/20/2006,1763.6,1806.6,1750.9,1761.2,12494,99325
07/21/2006,1771.6,1800.2,1712.7,1726.2,16000,98218
07/24/2006,1720.7,1744.5,1700.0,1738.2,12162,97137
07/25/2006,1758.9,1763.6,1719.1,1742.1,10035,97539
07/26/2006,1736.6,1768.4,1733.4,1763.6,10145,96982
07/27/2006,1793.9,1833.7,1787.5,1813.0,16368,99174
07/28/2006,1808.2,1822.5,1801.8,1809.0,6782,99505
07/31/2006,1824.1,1827.3,1790.7,1809.8,17612,99142
08/01/2006,1809.8,1879.8,1806.6,1868.7,16460,98685
08/02/2006,1875.1,1956.2,1871.9,1949.1,24784,101907
08/03/2006,1929.2,1953.0,1911.7,1924.4,15704,102389
08/04/2006,1965.8,2013.5,1964.2,1987.3,19714,105551
08/07/2006,1978.5,1988.1,1938.7,1952.3,16655,109289
08/08/2006,1938.7,1964.2,1930.8,1951.5,18042,108463
08/09/2006,1969.0,2015.9,1967.4,2000.8,19697,109688
08/10/2006,1984.9,1986.5,1921.2,1926.8,19314,111682
08/11/2006,1951.5,1972.1,1873.5,1891.8,17796,110808
08/14/2006,1883.0,1948.3,1881.4,1935.5,10760,110935
08/15/2006,1900.5,1933.9,1886.2,1923.6,10377,111358
08/16/2006,1938.7,1980.1,1938.7,1955.4,14314,111258
08/17/2006,1961.0,1972.1,1906.9,1909.3,16043,113575
08/18/2006,1916.4,1932.4,1887.8,1914.8,12856,113382
08/21/2006,1957.8,1981.7,1956.2,1965.0,16201,115317
08/22/2006,1946.2,1960.3,1917.1,1952.0,13965,114877
08/23/2006,1980.7,2016.8,1974.4,1992.3,23744,117432
08/24/2006,2005.8,2008.9,1954.0,1959.8,27241,115917
08/25/2006,1979.1,1979.1,1941.4,1969.2,23128,115639
08/28/2006,1977.5,1980.7,1903.8,1914.3,27911,115037
08/29/2006,1924.2,1943.0,1886.5,1933.9,33681,112346
08/30/2006,1950.9,1990.1,1946.2,1988.5,35005,110211
08/31/2006,2010.5,2052.9,2004.2,2045.0,19159,108854
09/01/2006,2038.8,2056.0,2012.9,2051.3,11137,108507
09/05/2006,2087.4,2098.4,2059.2,2062.3,15778,108132
09/06/2006,2062.3,2095.3,2054.4,2071.7,14384,108952
09/07/2006,2035.6,2037.2,1963.4,1992.5,17210,106206
09/08/2006,1950.1,1950.1,1897.5,1929.7,14914,105034
09/11/2006,1870.8,1880.2,1757.8,1764.1,25554,103539
09/12/2006,1784.5,1793.9,1743.7,1748.4,14587,101450
09/13/2006,1753.1,1792.3,1742.1,1757.8,14635,100579
09/14/2006,1789.2,1793.9,1707.6,1718.6,17283,99896
09/15/2006,1702.9,1734.3,1655.8,1706.8,15395,99669
09/18/2006,1718.6,1776.6,1702.9,1771.9,11724,100420
09/19/2006,1729.6,1771.9,1712.3,1717.8,12297,100314
09/20/2006,1712.3,1766.4,1712.3,1748.4,10203,99634
09/21/2006,1748.4,1771.9,1718.6,1764.9,9744,100081
09/22/2006,1793.1,1803.3,1752.3,1775.1,10836,100763
09/25/2006,1759.4,1784.5,1746.8,1777.4,7811,100514
09/26/2006,1761.0,1817.5,1754.7,1804.1,14660,100272
09/27/2006,1841.0,1855.1,1811.2,1836.3,10005,100283
09/28/2006,1845.7,1852.0,1822.9,1841.8,10177,99930
09/29/2006,1837.9,1837.9,1776.6,1811.2,9981,99007
10/02/2006,1839.4,1857.5,1817.5,1826.9,9164,99211
10/03/2006,1779.8,1787.6,1728.0,1733.5,11233,98967
10/04/2006,1734.3,1735.8,1671.5,1694.3,16449,100072
10/05/2006,1731.1,1761.0,1720.1,1737.4,8548,98821
10/06/2006,1742.1,1759.4,1706.0,1753.9,7839,99538
10/09/2006,1790.8,1812.7,1773.5,1792.3,6803,100302
10/10/2006,1765.7,1784.5,1750.0,1761.0,8229,100304
10/11/2006,1762.5,1811.2,1757.8,1778.2,11052,101645
10/12/2006,1778.2,1797.8,1757.8,1786.1,6749,102118
10/13/2006,1815.9,1840.2,1812.7,1833.2,9460,103286
10/16/2006,1850.4,1875.5,1847.3,1869.2,12219,105091
10/17/2006,1877.9,1880.2,1825.3,1848.8,13631,106890
10/18/2006,1862.2,1880.2,1848.8,1855.1,9261,107700
10/19/2006,1839.4,1910.1,1839.4,1908.5,15940,109155
10/20/2006,1899.1,1906.9,1866.1,1877.9,7537,108761
10/23/2006,1842.6,1858.3,1828.4,1831.6,9531,108562
10/24/2006,1836.3,1866.9,1781.4,1859.8,16013,109100
10/25/2006,1856.7,1882.6,1844.1,1866.1,8271,109674
10/26/2006,1888.1,1927.3,1888.1,1921.0,20611,112098
10/27/2006,1906.9,1921.0,1889.7,1895.9,8331,111080
10/30/2006,1919.5,1929.7,1902.2,1922.6,9086,111068
10/31/2006,1900.6,1932.0,1880.2,1925.7,18195,110237
11/01/2006,1941.4,1976.0,1938.3,1957.9,17549,109705
11/02/2006,1957.1,1988.5,1952.4,1985.4,12384,110817
11/03/2006,1977.5,1990.1,1939.9,1983.0,12023,111191
11/06/2006,1978.3,2008.9,1966.6,2002.7,12825,111718
11/07/2006,1991.7,2004.2,1980.7,1989.3,18483,113697
11/08/2006,1971.3,1999.5,1965.0,1969.7,15199,115208
11/09/2006,1990.1,2054.4,1987.7,2048.2,15873,115288
11/10/2006,2043.5,2062.3,2021.5,2058.4,18217,116744
11/13/2006,2007.4,2031.7,1995.6,2022.3,18767,118171
11/14/2006,2021.5,2048.2,2001.1,2023.1,18266,117486
11/15/2006,1996.4,2035.6,1961.8,2031.7,18972,118515
11/16/2006,2045.0,2067.0,2027.8,2031.7,17616,119243
11/17/2006,2001.1,2021.5,1977.5,2008.9,17776,117488
11/20/2006,2034.0,2040.3,1997.9,1999.5,16076,116205
11/21/2006,2029.3,2056.0,2029.3,2053.7,31433,115646
11/22/2006,2062.6,2078.9,2041.0,2046.9,25870,114991
11/27/2006,2112.2,2132.3,2112.2,2117.7,48509,116816
11/28/2006,2119.9,2146.2,2107.5,2137.2,37023,109864
11/29/2006,2140.0,2150.8,2124.5,2129.2,35967,105113
11/30/2006,2158.6,2195.7,2158.6,2184.1,15943,106667
12/01/2006,2177.1,2205.0,2171.0,2195.7,9735,106854
12/04/2006,2198.8,2211.2,2186.4,2204.2,10889,107176
12/05/2006,2209.6,2223.6,2167.1,2170.2,15914,106839
12/06/2006,2140.0,2167.9,2130.7,2134.6,17016,107663
12/07/2006,2136.9,2175.6,2110.6,2171.7,15965,108820
12/08/2006,2163.2,2191.1,2138.5,2150.1,18359,109221
12/11/2006,2141.6,2172.5,2138.5,2170.2,10734,109200
12/12/2006,2171.0,2175.6,2157.0,2163.2,9585,110084
12/13/2006,2153.9,2163.2,2123.8,2153.2,12346,109683
12/14/2006,2166.3,2171.0,2147.7,2158.6,9845,110460
12/15/2006,2146.2,2160.1,1997.6,2008.5,28178,108751
12/18/2006,2016.2,2020.9,1918.7,1938.1,29513,105268
12/19/2006,1938.8,1988.4,1926.5,1966.7,24154,103358
12/20/2006,1983.7,1986.8,1937.3,1956.6,13953,102036
12/21/2006,1946.6,1954.3,1928.0,1932.7,10947,102636
12/22/2006,1941.9,1963.6,1938.8,1955.1,6315,101747
12/26/2006,1976.0,1991.5,1966.7,1969.0,8004,101141
12/27/2006,1993.0,2002.3,1980.6,2000.0,9417,101102
12/28/2006,2003.8,2010.0,1991.5,2002.3,8191,101390
12/29/2006,2011.6,2013.1,1989.9,2001.5,8191,101390
01/03/2007,2019.3,2048.7,1949.7,1960.5,28237,103703
01/04/2007,1959.0,2000.7,1954.3,1986.0,17283,102871
01/05/2007,1980.6,1980.6,1875.4,1892.4,27167,102463
01/08/2007,1903.3,1921.8,1884.7,1912.5,12573,101712
01/09/2007,1906.4,1951.2,1898.6,1948.9,13919,101420
01/10/2007,1934.2,1941.9,1899.4,1925.7,15795,100164
01/11/2007,1945.0,1952.8,1924.9,1928.0,13181,99663
01/12/2007,1929.6,2002.3,1924.9,1993.0,20518,102273
01/16/2007,1985.3,2002.3,1952.8,1953.5,18035,101830
01/17/2007,1931.1,2010.0,1923.4,1994.6,20341,103515
01/18/2007,1993.0,2010.0,1959.0,1962.8,15218,104136
01/19/2007,1979.1,2002.3,1965.2,1999.2,11527,105230
01/22/2007,1992.2,2044.1,1985.3,2011.6,21337,106663
01/23/2007,2042.5,2060.3,2033.2,2051.8,17637,108484
01/24/2007,2053.4,2056.4,2027.0,2053.8,17079,109316
01/25/2007,2088.9,2104.4,2073.5,2087.4,20721,110872
01/26/2007,2067.3,2088.9,2056.4,2069.6,15388,111324
01/29/2007,2061.1,2071.9,2044.1,2050.3,16558,111547
01/30/2007,2055.7,2069.6,2050.3,2069.6,13034,112320
01/31/2007,2064.2,2119.9,2054.9,2099.8,25609,114336
02/01/2007,2113.7,2140.0,2112.2,2123.8,17969,115513
02/02/2007,2109.1,2124.5,2053.4,2069.6,25679,114957
02/05/2007,2085.8,2102.9,2082.8,2098.2,13883,116112
02/06/2007,2129.2,2147.7,2102.9,2116.0,15972,116607
02/07/2007,2116.0,2136.9,2115.2,2121.4,27590,117915
02/08/2007,2096.7,2147.7,2095.1,2130.7,20717,119931
02/09/2007,2141.6,2161.7,2138.5,2153.2,18877,120803
02/12/2007,2144.6,2147.7,2091.3,2122.2,22584,120607
02/13/2007,2149.3,2166.3,2141.6,2153.2,23886,123596
02/14/2007,2174.0,2186.4,2155.5,2160.9,19158,125418
02/15/2007,2161.7,2169.4,2140.0,2160.4,26102,126156
02/16/2007,2150.8,2172.5,2141.6,2164.8,16644,126485
02/20/2007,2161.7,2166.3,2116.8,2140.0,33125,127032
02/21/2007,2137.7,2217.4,2126.1,2208.6,50434,129306
02/22/2007,2213.6,2222.8,2194.4,2205.6,46199,125611
02/23/2007,2221.3,2268.8,2218.2,2259.0,62878,125340
02/26/2007,2255.0,2278.0,2241.2,2273.7,51753,126453
02/27/2007,2253.5,2268.8,2210.5,2251.9,68007,125249
02/28/2007,2218.2,2219.7,2164.6,2182.2,27875,124697
03/01/2007,2190.6,2208.2,2083.3,2092.5,39572,120670
03/02/2007,2049.6,2055.7,1962.2,1986.7,45713,116321
03/05/2007,1949.9,1986.7,1916.2,1954.5,42427,117270
03/06/2007,1974.5,1999.0,1962.2,1990.6,23742,115412
03/07/2007,2000.5,2012.8,1977.5,2009.0,20826,114684
03/08/2007,2015.9,2022.0,1995.9,2011.3,18667,115080
03/09/2007,2008.2,2023.5,1969.9,1988.3,20178,114250
03/12/2007,1996.7,2017.4,1980.6,2005.9,14338,112895
03/13/2007,1988.3,2006.7,1974.5,1986.7,20681,112728
03/14/2007,1953.0,1980.6,1943.8,1966.8,23316,113080
03/15/2007,1988.3,2022.0,1985.2,2004.4,19948,111516
03/16/2007,2012.8,2032.7,2003.6,2025.8,16521,112366
03/19/2007,2025.8,2037.3,2011.3,2028.6,13277,113459
03/20/2007,2040.4,2066.4,2039.6,2049.6,14882,113072
03/21/2007,2054.2,2057.2,2025.1,2041.9,17276,114136
03/22/2007,2061.8,2080.2,2057.2,2066.4,17127,113793
03/23/2007,2061.8,2064.9,2015.9,2027.7,22800,113349
03/26/2007,2045.0,2061.8,2043.5,2055.7,13454,112951
03/27/2007,2048.8,2057.2,2029.7,2035.8,14446,111348
03/28/2007,2061.8,2075.6,2046.5,2062.6,20878,111946
03/29/2007,2051.1,2052.7,2022.0,2045.0,19622,111602
03/30/2007,2051.1,2064.9,2043.5,2061.8,16605,110549
04/02/2007,2046.5,2052.7,1995.9,2046.5,28773,111338
04/03/2007,2045.0,2074.1,2040.4,2058.8,21053,112120
04/04/2007,2066.4,2098.6,2063.4,2087.9,26239,113162
04/05/2007,2089.4,2110.9,2084.8,2106.3,20374,115639
04/09/2007,2112.4,2130.8,2109.4,2117.0,27543,115796
04/10/2007,2141.6,2153.8,2127.8,2135.4,25909,118004
04/11/2007,2142.3,2153.8,2107.8,2129.3,23919,118234
04/12/2007,2124.7,2138.5,2101.7,2123.9,29442,119333
04/13/2007,2150.8,2169.2,2147.7,2160.0,30330,119333
04/16/2007,2166.1,2166.1,2118.6,2158.4,24340,121460
04/17/2007,2149.2,2160.0,2140.8,2149.2,18764,122313
04/18/2007,2138.5,2153.8,2127.8,2142.3,22193,123252
04/19/2007,2124.7,2129.3,2081.8,2105.5,33573,122219
04/20/2007,2137.0,2144.6,2133.9,2139.3,31843,121716
04/23/2007,2125.0,2162.2,2125.0,2153.7,35852,120954
04/24/2007,2150.0,2151.6,2106.0,2113.0,52010,123627
04/25/2007,2116.6,2130.3,2106.0,2110.1,42730,120219
04/26/2007,2080.2,2084.8,2019.5,2043.0,78807,118924
04/27/2007,2046.8,2067.3,2046.8,2061.2,44663,114777
04/30/2007,2065.0,2077.2,2054.4,2061.2,16666,111447
05/01/2007,2040.7,2052.9,2013.4,2030.1,27914,109108
05/02/2007,1998.2,2034.6,1995.2,2024.8,23363,107220
05/03/2007,2028.6,2054.4,2024.0,2051.3,19691,106511
05/04/2007,2062.0,2080.2,2051.3,2054.4,18651,106837
05/07/2007,2074.1,2078.7,2066.5,2071.1,7665,106860
05/08/2007,2055.9,2072.6,2036.9,2065.0,19224,108852
05/09/2007,2054.4,2057.4,2017.9,2045.3,19683,108206
05/10/2007,2028.6,2036.2,1992.1,1995.2,28253,109665
05/11/2007,1995.2,2033.1,1994.4,2020.2,22276,109316
05/14/2007,2016.4,2017.9,1996.7,2009.6,13789,109291
05/15/2007,1989.1,2025.5,1989.1,2021.7,15810,108698
05/16/2007,2005.8,2010.4,1961.8,1963.3,23966,110356
05/17/2007,1962.5,1964.8,1938.2,1956.1,23208,110299
05/18/2007,1960.2,1985.3,1949.6,1974.4,18848,109090
05/21/2007,1966.3,1996.7,1960.2,1993.6,14839,109364
05/22/2007,1994.4,1996.7,1970.9,1972.4,12243,108612
05/23/2007,1989.1,2004.3,1987.6,1989.9,15093,108743
05/24/2007,1987.6,1993.6,1951.1,1961.8,17877,109372
05/25/2007,1973.9,1978.5,1964.8,1973.9,8828,108927
05/29/2007,1987.6,2019.5,1987.6,2007.8,24611,111736
05/30/2007,1995.2,2010.4,1987.6,2007.3,14709,110004
05/31/2007,2032.4,2058.9,2032.4,2045.3,26792,110004
06/01/2007,2066.5,2087.8,2063.5,2086.3,24353,113847
06/04/2007,2096.9,2101.5,2081.7,2087.0,18531,114173
06/05/2007,2093.9,2106.0,2086.3,2097.2,16952,115097
06/06/2007,2081.7,2092.3,2074.1,2082.8,28061,118588
06/07/2007,2077.2,2095.4,2041.5,2046.8,35086,122244
06/08/2007,2031.6,2037.7,1969.4,1980.0,43202,121009
06/11/2007,1996.7,2017.9,1990.6,2015.7,16927,119106
06/12/2007,1992.1,2000.5,1976.9,1987.6,24297,119583
06/13/2007,1967.8,2004.3,1966.3,1983.0,34776,121752
06/14/2007,1976.9,2007.3,1969.4,1999.0,19306,122899
06/15/2007,1986.1,2014.9,1986.1,2013.4,16039,122724
06/18/2007,2019.5,2033.1,2004.3,2009.6,23816,124790
06/19/2007,1995.2,2027.1,1995.2,2023.3,19081,124252
06/20/2007,2024.0,2036.9,2007.3,2011.9,25427,124258
06/21/2007,2004.3,2011.9,1969.4,1987.6,38437,123980
06/22/2007,1999.8,1999.8,1974.2,1977.1,32166,122756
06/25/2007,1971.2,1977.2,1941.1,1955.5,44521,122400
06/26/2007,1929.1,1936.6,1844.9,1864.6,89502,120288
06/27/2007,1855.4,1876.5,1852.4,1853.8,64078,116626
06/28/2007,1881.0,1893.0,1876.5,1880.2,48499,116864
06/29/2007,1894.5,1897.5,1867.4,1875.4,21009,116705
07/02/2007,1890.0,1917.1,1890.0,1915.6,18204,116691
07/03/2007,1909.5,1914.8,1890.0,1907.3,14428,117290
07/05/2007,1911.0,1917.1,1879.5,1891.5,14970,117554
07/06/2007,1885.5,1933.6,1867.4,1918.1,22168,118191
07/09/2007,1926.1,1947.1,1926.1,1927.6,15872,117199
07/10/2007,1945.6,1965.2,1937.4,1950.9,17994,116724
07/11/2007,1959.2,1961.4,1943.4,1950.9,18840,115778
07/12/2007,1964.4,1986.2,1960.7,1981.7,22757,116126
07/13/2007,1972.7,1986.2,1966.7,1971.2,13938,115718
07/16/2007,1972.7,1978.0,1958.4,1964.4,11147,115544
07/17/2007,1951.6,1974.9,1951.6,1957.4,15495,115546
07/18/2007,1962.2,2002.8,1953.1,1998.3,25610,117743
07/19/2007,2004.3,2013.3,1998.3,2011.0,16649,118384
07/20/2007,2022.3,2029.8,2014.8,2015.2,18598,119526
07/23/2007,2023.8,2025.3,2002.8,2004.3,13942,119408
07/24/2007,2022.3,2041.9,1999.8,2021.3,20025,119064
07/25/2007,1992.2,1999.8,1972.7,1977.2,22751,121207
07/26/2007,1960.7,1967.4,1923.1,1947.1,43395,120497
07/27/2007,1908.0,1924.6,1908.0,1911.8,25810,118930
07/30/2007,1914.1,1941.9,1914.1,1940.1,14351,118493
07/31/2007,1963.7,1968.2,1942.6,1957.2,19662,118550
08/01/2007,1926.1,1965.2,1926.1,1947.9,28201,119126
08/02/2007,1963.7,1966.7,1948.6,1953.9,13107,118970
08/03/2007,1956.2,1983.2,1956.2,1978.4,21717,119897
08/06/2007,1975.7,1978.7,1948.6,1959.6,21983,121275
08/07/2007,1944.1,1977.2,1944.1,1968.9,26600,122787
08/08/2007,1980.2,1989.2,1972.7,1980.2,24944,120085
08/09/2007,1933.6,1939.6,1909.5,1910.3,49371,122543
08/10/2007,1905.0,1957.7,1905.0,1935.1,39386,122316
08/13/2007,1927.6,1934.3,1923.1,1932.8,15692,122229
08/14/2007,1927.6,1939.6,1911.0,1916.8,24696,122912
08/15/2007,1870.4,1911.8,1859.2,1887.7,41415,124151
08/16/2007,1853.9,1867.4,1669.0,1728.4,32599,123954
08/17/2007,1760.7,1805.8,1760.7,1774.2,48352,120192
08/20/2007,1792.3,1795.3,1762.2,1764.4,32695,121053
08/21/2007,1757.7,1771.2,1723.1,1730.6,36759,117920
08/22/2007,1764.7,1772.1,1738.0,1739.4,33225,118211
08/23/2007,1776.6,1781.0,1748.4,1749.6,41079,116033
08/24/2007,1757.3,1798.1,1749.9,1794.1,37643,114571
08/27/2007,1788.4,1791.4,1767.7,1768.3,30349,113470
08/28/2007,1779.6,1782.5,1758.8,1768.3,43875,111797
08/29/2007,1775.1,1791.4,1775.1,1780.6,46133,109755
08/30/2007,1775.1,1785.5,1763.2,1773.6,33712,110095
08/31/2007,1815.1,1819.6,1798.8,1813.7,33712,107420
09/04/2007,1810.7,1851.5,1803.3,1846.0,33710,107816
09/05/2007,1834.4,1838.9,1820.3,1832.2,33710,108053
09/06/2007,1850.0,1878.9,1835.9,1858.6,26748,107154
09/07/2007,1886.3,1901.2,1862.6,1892.3,28486,107648
09/10/2007,1883.4,1902.6,1862.6,1883.4,19615,107144
09/11/2007,1892.3,1920.4,1889.3,1903.4,22937,108201
09/12/2007,1906.3,1913.0,1875.9,1897.2,26241,107918
09/13/2007,1877.4,1890.8,1861.1,1880.4,21145,107556
09/14/2007,1878.9,1916.0,1878.9,1884.1,20886,106853
09/17/2007,1890.8,1920.4,1890.8,1913.0,17083,108140
09/18/2007,1930.8,1935.3,1902.6,1916.7,28403,109752
09/19/2007,1938.2,1958.2,1935.3,1943.4,23127,109029
09/20/2007,1981.2,2022.8,1973.8,1997.5,42565,113171
09/21/2007,2012.4,2028.7,2000.5,2019.8,31937,115653
09/24/2007,2039.1,2042.0,2007.9,2022.8,26008,116184
09/25/2007,2006.4,2021.3,1999.0,2019.8,26549,116539
09/26/2007,2013.9,2036.1,1996.8,2008.7,24604,117053
09/27/2007,2030.9,2034.6,2011.6,2023.5,17435,116730
09/28/2007,2027.2,2076.1,2020.5,2064.3,28754,117646
10/01/2007,2050.9,2058.3,2040.6,2054.6,16917,117595
10/02/2007,1988.6,2003.5,1954.5,1994.6,36024,117527
10/03/2007,2002.0,2013.9,1979.8,1997.5,19772,117218
10/04/2007,1975.3,2005.0,1957.5,2002.0,24607,118242
10/05/2007,2003.5,2016.8,1976.8,2000.5,25786,117970
10/08/2007,1979.8,1994.6,1976.0,1981.2,11796,118488
10/09/2007,1981.2,2027.2,1979.8,2014.3,23118,120521
10/10/2007,2034.6,2043.5,2025.0,2026.9,15428,120981
10/11/2007,2048.0,2077.6,2040.6,2073.9,25773,123984
10/12/2007,2067.2,2070.2,2052.4,2061.8,17805,123060
10/15/2007,2091.0,2092.5,2050.9,2054.6,23744,124849
10/16/2007,2037.6,2062.8,2022.8,2025.4,32524,124786
10/17/2007,2038.3,2061.3,2027.2,2039.1,27438,125144
10/18/2007,2052.4,2059.8,2043.5,2046.9,21388,123869
10/19/2007,2059.8,2073.9,1990.1,2022.0,37832,125634
10/22/2007,1991.6,2012.4,1984.9,2010.2,25362,123491
10/23/2007,2025.7,2030.2,2010.2,2024.2,16615,122842
10/24/2007,2009.4,2019.1,1999.0,2015.3,21580,123403
10/25/2007,2045.7,2083.6,2045.7,2062.1,35816,126502
10/26/2007,2093.9,2122.1,2085.0,2117.7,31335,129215
10/29/2007,2147.3,2156.2,2119.1,2139.9,33939,131893
10/30/2007,2120.6,2130.3,2106.5,2124.8,30685,133518
10/31/2007,2135.5,2157.0,2128.0,2141.1,28727,136393
11/01/2007,2131.0,2135.5,2076.1,2124.3,46466,136034
11/02/2007,2126.6,2166.6,2095.4,2165.0,40947,141631
11/05/2007,2162.2,2203.7,2154.7,2192.6,32403,145858
11/06/2007,2231.9,2291.9,2228.9,2280.8,55574,150120
11/07/2007,2338.6,2343.1,2264.5,2272.6,81563,149106
11/08/2007,2292.7,2347.5,2289.7,2300.8,61526,148935
11/09/2007,2249.7,2316.4,2249.7,2305.3,43360,150148
11/12/2007,2225.9,2227.4,2166.6,2189.1,57470,142579
11/13/2007,2178.5,2210.4,2151.8,2166.6,36231,146205
11/14/2007,2214.1,2246.7,2211.1,2234.1,35828,144353
11/15/2007,2200.7,2202.2,2128.0,2147.6,42044,142417
11/16/2007,2166.6,2184.4,2150.3,2151.8,38979,145043
11/19/2007,2148.8,2161.4,2093.9,2099.9,40216,146196
11/20/2007,2144.4,2197.7,2139.9,2150.3,51597,146856
11/21/2007,2156.2,2175.5,2128.0,2138.4,38110,149001
11/23/2007,2157.6,2202.2,2157.6,2185.0,40232,147676
11/26/2007,2191.3,2207.3,2186.9,2199.4,28806,145638
11/27/2007,2156.1,2158.3,2123.2,2148.5,61335,144602
11/28/2007,2120.3,2153.9,2113.0,2126.6,76905,140575
11/29/2007,2123.9,2124.7,2099.8,2113.7,50506,134250
11/30/2007,2099.8,2102.7,2045.7,2072.7,34357,135914
12/03/2007,2051.5,2102.7,2051.5,2079.3,20726,133528
12/04/2007,2104.9,2130.5,2104.2,2116.6,26911,138128
12/05/2007,2098.3,2124.7,2089.6,2115.9,19376,138689
12/06/2007,2080.0,2149.5,2076.4,2140.0,31028,140493
12/07/2007,2134.9,2145.2,2111.5,2122.5,25197,145732
12/10/2007,2133.5,2177.4,2132.0,2173.0,23888,147663
12/11/2007,2159.8,2184.7,2159.8,2175.2,16734,147922
12/12/2007,2170.0,2190.5,2167.1,2169.3,21585,149608
12/13/2007,2158.3,2165.6,2068.3,2083.3,33935,148209
12/14/2007,2078.6,2082.2,2032.5,2046.1,30825,149012
12/17/2007,2031.0,2047.1,2022.2,2045.7,16323,147491
12/18/2007,2069.1,2085.2,2052.2,2072.7,18079,148158
12/19/2007,2070.5,2091.0,2070.5,2081.1,13291,147544
12/20/2007,2069.1,2105.7,2068.3,2098.3,20098,146264
12/21/2007,2111.5,2130.5,2111.5,2120.0,15804,148899
12/24/2007,2124.7,2145.2,2124.7,2145.2,7985,150954
12/26/2007,2159.8,2177.4,2159.8,2170.8,11243,152677
12/27/2007,2174.4,2178.8,2151.0,2168.3,15378,152320
12/28/2007,2171.5,2192.0,2171.5,2179.5,16351,151653
12/31/2007,2190.5,2199.3,2168.6,2183.2,12727,152889
01/02/2008,2206.6,2253.4,2202.2,2237.3,29370,158718
01/03/2008,2237.3,2271.0,2228.6,2268.1,28515,160772
01/04/2008,2253.4,2277.6,2235.9,2262.5,25001,163351
01/07/2008,2259.3,2263.0,2225.6,2237.3,22878,165370
01/08/2008,2271.0,2319.3,2271.0,2314.2,29932,168509
01/09/2008,2317.8,2331.7,2295.9,2317.8,39296,168872
01/10/2008,2273.9,2386.6,2273.9,2381.5,45100,171533
01/11/2008,2372.0,2396.8,2350.7,2395.4,27143,171094
01/14/2008,2410.0,2439.3,2393.9,2403.4,36751,173423
01/15/2008,2401.2,2421.7,2344.2,2385.1,44764,177544
01/16/2008,2341.2,2377.8,2313.4,2325.9,50901,178509
01/17/2008,2344.2,2364.7,2323.7,2342.7,28220,179095
01/18/2008,2360.3,2395.4,2354.4,2372.7,37897,180255
01/22/2008,2300.3,2375.6,2300.3,2356.6,60864,179362
01/23/2008,2322.2,2372.0,2312.0,2336.8,42667,179480
01/24/2008,2386.6,2415.9,2378.6,2390.0,36542,181617
01/25/2008,2411.5,2423.2,2399.0,2412.9,31114,182702
01/28/2008,2415.9,2457.6,2407.1,2451.0,26279,182322
01/29/2008,2448.8,2461.2,2426.1,2458.3,20590,182942
01/30/2008,2461.2,2463.4,2440.7,2452.4,22039,183339
01/31/2008,2472.9,2500.7,2451.7,2486.8,34180,185540
02/01/2008,2524.1,2532.9,2453.9,2468.5,42935,185880
02/04/2008,2451.7,2458.3,2407.1,2455.4,30009,184185
02/05/2008,2415.9,2418.8,2386.6,2391.7,32074,184677
02/06/2008,2412.9,2443.7,2411.5,2421.7,28575,186265
02/07/2008,2424.6,2467.1,2417.3,2454.6,35052,186226
02/08/2008,2480.2,2518.3,2480.2,2503.7,33317,187728
02/11/2008,2524.1,2557.8,2517.6,2556.3,44216,189100
02/12/2008,2554.9,2572.4,2513.9,2524.1,38536,187309
02/13/2008,2502.2,2541.7,2497.1,2539.2,36454,189941
02/14/2008,2516.8,2553.4,2512.4,2524.9,31902,189543
02/15/2008,2553.4,2562.2,2494.9,2504.8,44959,188008
02/19/2008,2546.1,2575.4,2546.1,2561.9,38761,189151
02/20/2008,2543.2,2600.2,2519.8,2598.8,66956,179353
02/21/2008,2614.9,2639.7,2613.4,2626.6,51360,180633
02/22/2008,2626.6,2642.6,2604.8,2639.4,44530,181300
02/25/2008,2649.8,2654.2,2620.8,2647.2,71827,177011
02/26/2008,2649.1,2740.2,2649.1,2740.2,96933,173340
02/27/2008,2798.2,2830.2,2785.1,2811.7,110850,168212
02/28/2008,2817.1,2894.2,2815.6,2873.2,69668,167000
02/29/2008,2846.2,2900.0,2846.2,2896.4,42082,166678
03/03/2008,2943.6,3010.5,2933.4,2934.9,49890,165655
03/04/2008,2975.6,2998.9,2878.2,2885.5,61283,166625
03/05/2008,2865.1,3042.5,2865.1,3022.9,57390,165744
03/06/2008,2987.3,3045.4,2901.5,2941.4,62161,165488
03/07/2008,3004.7,3014.9,2897.1,2945.1,40088,163686
03/10/2008,2818.6,2904.4,2817.1,2877.5,38118,163803
03/11/2008,2953.8,2955.3,2827.3,2874.3,41582,162481
03/12/2008,2868.0,2940.7,2868.0,2908.0,33709,161719
03/13/2008,3009.1,3037.4,2968.4,2969.8,36363,161496
03/14/2008,2968.4,3046.2,2959.6,3004.0,31493,161360
03/17/2008,3000.3,3017.8,2918.9,2952.4,48133,161791
03/18/2008,2959.6,2981.4,2901.5,2902.9,35521,160860
03/19/2008,2876.7,2884.7,2654.2,2682.6,70248,156217
03/20/2008,2533.5,2550.9,2446.2,2450.6,66802,152398
03/24/2008,2478.2,2498.6,2460.8,2488.4,27456,149027
03/25/2008,2536.4,2591.7,2536.4,2588.8,37975,148918
03/26/2008,2619.3,2674.6,2601.9,2673.6,38390,148930
03/27/2008,2642.6,2699.3,2619.3,2697.8,31345,148146
03/28/2008,2661.5,2665.8,2581.5,2609.1,33185,148444
03/31/2008,2626.6,2645.5,2499.3,2517.5,41457,146630
04/01/2008,2459.3,2468.1,2370.6,2456.4,52663,145354
04/02/2008,2446.2,2500.0,2446.2,2498.6,32776,144577
04/03/2008,2469.5,2556.8,2469.5,2542.2,33262,144662
04/04/2008,2523.3,2584.4,2521.9,2582.2,25237,145074
04/07/2008,2603.2,2659.9,2581.3,2635.9,29714,146459
04/08/2008,2628.8,2652.8,2536.4,2575.4,30034,145477
04/09/2008,2575.7,2679.7,2530.6,2646.9,31590,145698
04/10/2008,2652.0,2681.8,2590.9,2624.1,37116,146430
04/11/2008,2614.9,2641.8,2540.8,2572.8,35004,146831
04/14/2008,2574.2,2604.8,2510.2,2587.3,31046,148100
04/15/2008,2585.1,2628.0,2566.9,2596.0,26274,149275
04/16/2008,2600.4,2697.8,2580.8,2665.1,41764,149896
04/17/2008,2669.5,2729.8,2642.6,2662.2,32554,150391
04/18/2008,2655.7,2687.7,2527.0,2591.7,47934,150530
04/21/2008,2602.6,2614.2,2511.0,2524.8,33870,150684
04/22/2008,2540.1,2610.9,2514.8,2575.3,41043,153310
04/23/2008,2563.9,2595.7,2468.6,2496.2,58515,153369
04/24/2008,2490.2,2503.2,2418.7,2422.8,80120,130783
04/25/2008,2433.9,2456.3,2384.0,2450.2,60370,127545
04/28/2008,2449.1,2491.7,2439.7,2474.1,62017,127367
04/29/2008,2476.5,2476.5,2388.4,2404.3,47595,126504
04/30/2008,2402.1,2450.5,2377.5,2397.5,33930,123841
05/01/2008,2358.0,2473.6,2319.7,2341.4,36572,122778
05/02/2008,2349.4,2396.3,2329.9,2379.0,21812,120937
05/05/2008,2379.7,2440.4,2379.0,2431.7,16066,120623
05/06/2008,2428.8,2466.4,2414.4,2436.1,21519,121057
05/07/2008,2444.7,2453.4,2388.4,2412.2,28797,120975
05/08/2008,2414.4,2459.2,2385.5,2437.5,20685,121808
05/09/2008,2448.3,2475.8,2388.4,2443.3,27403,123762
05/12/2008,2441.8,2509.7,2415.1,2488.8,25010,124231
05/13/2008,2487.3,2503.2,2394.2,2431.4,32049,122802
05/14/2008,2420.2,2449.1,2391.3,2400.4,23726,122132
05/15/2008,2398.5,2462.1,2392.0,2410.8,25854,122140
05/16/2008,2423.1,2472.2,2420.9,2450.5,22998,124015
05/19/2008,2466.4,2498.9,2437.5,2460.3,22219,123372
05/20/2008,2456.3,2565.4,2450.5,2561.0,33095,125838
05/21/2008,2563.9,2623.9,2544.4,2608.0,29723,125610
05/22/2008,2613.8,2635.4,2568.3,2604.4,31773,124220
05/23/2008,2600.8,2649.9,2584.2,2642.7,30032,123984
05/26/2008,2640.5,2654.2,2627.5,2652.8,33238,125253
05/27/2008,2625.3,2655.0,2518.4,2523.5,37937,126583
05/28/2008,2528.5,2554.5,2465.7,2516.2,31105,126427
05/29/2008,2526.4,2543.0,2385.5,2386.2,49039,126017
05/30/2008,2405.0,2450.5,2376.8,2436.8,23283,124655
06/02/2008,2438.9,2462.8,2399.9,2443.3,22858,123080
06/03/2008,2434.6,2450.5,2379.0,2432.4,30490,123200
06/04/2008,2432.4,2449.1,2399.9,2447.6,24922,123419
06/05/2008,2433.9,2488.8,2384.8,2480.8,37099,124301
06/06/2008,2485.2,2540.8,2473.6,2518.4,43058,125257
06/09/2008,2538.6,2553.1,2471.5,2486.6,35830,126107
06/10/2008,2479.4,2486.6,2385.5,2403.5,45470,125278
06/11/2008,2405.0,2447.6,2389.8,2435.3,27584,130955
06/12/2008,2368.9,2445.4,2347.9,2381.9,37850,132112
06/13/2008,2381.9,2401.4,2350.8,2392.7,22223,132388
06/16/2008,2394.9,2524.2,2369.6,2489.8,40080,131453
06/17/2008,2480.1,2515.5,2434.6,2467.1,33791,130931
06/18/2008,2465.0,2530.0,2454.1,2505.4,34367,131110
06/19/2008,2509.0,2564.6,2477.2,2524.2,42109,134607
06/20/2008,2509.7,2549.5,2500.4,2513.6,31003,134308
06/23/2008,2514.4,2528.0,2390.2,2426.2,62245,130730
06/24/2008,2423.9,2449.7,2398.8,2403.7,59291,128725
06/25/2008,2409.5,2431.1,2377.9,2384.7,56628,130442
06/26/2008,2423.9,2520.8,2412.4,2472.7,83385,127075
06/27/2008,2479.9,2550.3,2472.0,2543.1,64452,126684
06/30/2008,2537.3,2581.9,2482.8,2514.4,27133,126121
07/01/2008,2513.6,2629.2,2507.2,2626.4,39724,130495
07/02/2008,2611.3,2655.1,2581.9,2645.8,30833,133475
07/03/2008,2648.6,2668.7,2594.8,2637.9,29444,111829
07/04/2008,2636.4,2636.4,2594.8,2617.0,29444,111829
07/07/2008,2616.3,2617.8,2530.9,2573.2,34744,135843
07/08/2008,2530.2,2591.2,2520.1,2578.3,30298,135835
07/09/2008,2568.9,2618.5,2558.2,2609.9,24651,136199
07/10/2008,2613.4,2645.8,2603.4,2630.7,29932,134711
07/11/2008,2637.9,2725.4,2631.4,2702.5,32365,139004
07/14/2008,2720.4,2772.8,2668.7,2764.2,37551,140132
07/15/2008,2752.7,2807.3,2672.3,2730.2,51306,143386
07/16/2008,2727.6,2754.9,2681.7,2700.3,37506,142341
07/17/2008,2701.8,2759.2,2640.7,2690.3,41081,143375
07/18/2008,2667.3,2683.8,2599.8,2613.4,29301,142329
07/21/2008,2615.6,2661.5,2613.4,2645.8,18889,141937
07/22/2008,2656.5,2693.9,2569.6,2585.4,39501,140089
07/23/2008,2582.6,2592.6,2487.1,2506.9,39558,137529
07/24/2008,2502.2,2537.3,2459.8,2483.9,30384,136273
07/25/2008,2508.6,2538.8,2447.6,2495.0,25616,133502
07/28/2008,2505.0,2524.4,2479.9,2507.9,17308,133625
07/29/2008,2523.7,2535.9,2452.6,2495.0,26963,132806
07/30/2008,2499.3,2532.3,2418.9,2507.9,41043,131463
07/31/2008,2520.8,2577.5,2502.2,2554.6,36187,131599
08/01/2008,2551.7,2556.7,2481.3,2515.8,29595,131257
08/04/2008,2518.7,2534.5,2427.5,2461.2,27107,132132
08/05/2008,2434.7,2445.4,2358.6,2379.7,44736,133255
08/06/2008,2362.2,2408.1,2358.6,2370.0,36339,134341
08/07/2008,2377.2,2397.3,2300.4,2334.4,39444,135870
08/08/2008,2327.0,2332.0,2188.4,2201.3,49950,137976
08/11/2008,2199.2,2216.4,2087.2,2099.4,46087,138754
08/12/2008,2101.5,2128.8,2011.8,2080.0,57221,140094
08/13/2008,2083.6,2143.9,2060.6,2131.7,52860,138449
08/14/2008,2138.1,2168.3,2024.7,2043.4,53294,139894
08/15/2008,2034.8,2037.6,1751.9,1840.2,82809,138940
08/18/2008,1854.5,1914.9,1849.5,1881.1,36957,135829
08/19/2008,1873.9,1914.9,1780.6,1881.8,40130,135028
08/20/2008,1901.9,1924.2,1836.6,1872.5,43666,133072
08/21/2008,1904.1,1992.4,1893.3,1971.1,40723,129721
08/22/2008,1985.0,1999.9,1908.8,1935.1,36652,128685
08/25/2008,1923.0,1946.5,1881.0,1919.3,35458,127523
08/26/2008,1934.4,1969.3,1860.4,1947.6,65997,125078
08/27/2008,1950.8,1987.1,1923.0,1932.0,59377,120614
08/28/2008,1936.5,2012.0,1930.8,1951.5,61081,118445
08/29/2008,1961.5,1992.1,1940.8,1951.8,0,102672
09/01/2008,1975.7,1979.3,1912.3,1923.7,0,102672
09/02/2008,1928.0,1979.3,1787.0,1871.8,45933,116628
09/03/2008,1871.0,1883.1,1798.4,1843.6,25572,116325
09/04/2008,1846.8,1888.8,1808.4,1842.6,25202,116367
09/05/2008,1836.9,1878.2,1725.8,1755.0,43082,109211
09/08/2008,1783.5,1821.9,1700.2,1718.0,31266,116587
09/09/2008,1733.6,1745.0,1610.5,1668.1,43090,116403
09/10/2008,1619.0,1661.7,1525.0,1550.7,50849,116574
09/11/2008,1528.6,1571.3,1468.1,1503.0,42883,115649
09/12/2008,1517.9,1564.9,1507.2,1537.1,29092,114798
09/15/2008,1570.6,1601.9,1483.7,1585.5,33018,113968
09/16/2008,1593.4,1599.8,1486.6,1497.5,38456,112340
09/17/2008,1498.0,1732.9,1485.9,1662.4,65629,107908
09/18/2008,1727.2,1860.4,1669.6,1808.4,58664,107279
09/19/2008,1712.3,1813.4,1681.7,1776.3,36526,106535
09/22/2008,1800.6,1947.2,1785.6,1915.2,33948,104420
09/23/2008,1928.0,1957.9,1858.2,1875.3,41518,104403
09/24/2008,1900.9,1955.0,1870.3,1913.8,27470,103843
09/25/2008,1896.0,1976.4,1865.3,1890.3,39495,102717
09/26/2008,1895.2,1956.5,1867.5,1922.7,21852,101885
09/29/2008,1893.8,1916.6,1811.2,1854.7,29211,101876
09/30/2008,1881.7,1891.7,1680.2,1747.9,31060,103812
10/01/2008,1727.9,1862.5,1715.1,1818.4,25898,102671
10/02/2008,1556.4,1802.7,1545.7,1583.4,37294,102795
10/03/2008,1553.5,1678.8,1543.5,1612.6,32925,101834
10/06/2008,1588.4,1645.3,1555.6,1606.9,25524,100774
10/07/2008,1658.9,1694.5,1567.0,1620.4,25214,99883
10/08/2008,1649.6,1727.2,1629.7,1676.2,24421,99860
10/09/2008,1680.2,1736.5,1640.4,1690.9,14683,99843
10/10/2008,1727.9,1759.3,1338.5,1509.4,43006,102096
10/13/2008,1462.4,1553.5,1433.9,1536.4,22804,97640
10/14/2008,1532.9,1594.1,1525.0,1574.9,19302,98596
10/15/2008,1572.7,1584.8,1428.9,1449.6,26356,99738
10/16/2008,1470.9,1475.9,1317.1,1372.0,29413,99819
10/17/2008,1384.1,1414.0,1294.3,1329.2,27122,97752
10/20/2008,1331.4,1411.8,1331.4,1379.8,25336,96999
10/21/2008,1391.9,1449.6,1356.3,1434.6,27561,95873
10/22/2008,1435.3,1448.1,1332.1,1347.0,23912,95930
10/23/2008,1358.4,1408.3,1305.0,1352.7,24451,93983
10/24/2008,1379.8,1395.4,1231.7,1323.5,24794,93724
10/27/2008,1332.1,1359.1,1241.7,1309.3,16449,93898
10/28/2008,1285.1,1323.5,1196.1,1251.6,25978,95716
10/29/2008,1308.6,1448.8,1283.0,1396.2,29969,94720
10/30/2008,1411.1,1515.8,1362.0,1393.3,23148,94409
10/31/2008,1382.6,1418.9,1310.0,1385.5,20099,93779
11/03/2008,1401.1,1460.9,1367.0,1388.3,16414,93270
11/04/2008,1391.2,1500.8,1381.2,1442.4,26017,94365
11/05/2008,1460.9,1509.4,1428.9,1488.7,29160,93898
11/06/2008,1462.4,1537.8,1402.6,1431.8,27798,94056
11/07/2008,1423.2,1465.9,1410.4,1418.7,32389,95364
11/10/2008,1433.2,1500.1,1431.8,1455.3,23287,93764
11/11/2008,1450.3,1456.0,1357.0,1396.2,24265,94494
11/12/2008,1389.0,1405.4,1317.1,1349.9,32539,94334
11/13/2008,1323.5,1354.2,1248.8,1253.1,26537,93612
11/14/2008,1341.3,1381.2,1307.9,1351.3,24308,92566
11/17/2008,1341.3,1376.2,1311.4,1328.5,24601,93757
11/18/2008,1385.5,1386.9,1297.9,1359.8,36583,91853
11/19/2008,1369.8,1402.6,1310.7,1325.7,36818,91929
11/20/2008,1318.6,1346.3,1253.8,1285.1,36790,92123
11/21/2008,1275.8,1375.5,1267.3,1349.9,36281,90622
11/24/2008,1373.3,1520.3,1347.8,1473.9,47357,90418
11/25/2008,1505.4,1505.4,1428.7,1463.5,54018,86878
11/26/2008,1462.8,1490.5,1446.5,1458.4,33949,86180
11/28/2008,1472.7,1475.6,1437.2,1452.8,10246,84202
12/01/2008,1464.9,1465.6,1303.0,1332.1,23515,85043
12/02/2008,1309.4,1384.7,1296.6,1365.5,18155,82434
12/03/2008,1370.5,1384.7,1320.1,1362.0,14588,82503
12/04/2008,1371.2,1380.4,1326.4,1352.0,19775,83297
12/05/2008,1349.2,1357.7,1295.9,1339.2,18217,83669
12/08/2008,1349.2,1477.0,1346.3,1416.6,25785,83816
12/09/2008,1420.2,1433.0,1372.6,1398.9,13615,83476
12/10/2008,1398.2,1459.9,1393.9,1448.6,17309,84112
12/11/2008,1451.4,1496.9,1438.6,1480.5,13667,84883
12/12/2008,1467.0,1478.4,1420.2,1452.8,15245,85254
12/15/2008,1462.1,1523.9,1456.4,1508.2,18188,86747
12/16/2008,1515.3,1610.5,1485.5,1520.3,20467,87384
12/17/2008,1599.1,1649.5,1538.8,1621.8,28345,86350
12/18/2008,1611.9,1630.4,1552.3,1579.2,17112,86122
12/19/2008,1558.6,1565.7,1497.6,1540.9,12196,85917
12/22/2008,1545.9,1575.0,1526.7,1542.3,8539,85219
12/23/2008,1543.7,1543.7,1435.1,1457.1,12236,85337
12/24/2008,1458.5,1484.1,1452.1,1469.9,4512,85661
12/26/2008,1462.8,1526.0,1462.8,1495.4,3625,85554
12/29/2008,1523.9,1601.3,1521.0,1535.2,12960,85753
12/30/2008,1543.7,1582.8,1512.5,1559.4,7030,85312
12/31/2008,1561.5,1622.6,1528.8,1604.1,12194,85923
01/02/2009,1619.7,1647.4,1564.3,1631.8,20610,86037
01/05/2009,1645.3,1671.6,1501.1,1600.5,18944,86088
01/06/2009,1596.3,1640.3,1532.4,1625.4,21183,86788
01/07/2009,1630.4,1648.1,1545.2,1577.1,18440,86484
01/08/2009,1570.7,1611.9,1533.1,1576.0,18925,86202
01/09/2009,1582.8,1651.7,1557.2,1607.6,20180,87320
01/12/2009,1600.5,1604.8,1496.9,1526.7,20126,87193
01/13/2009,1513.9,1540.2,1479.1,1516.8,18123,85916
01/14/2009,1524.6,1546.6,1467.8,1487.6,19726,86145
01/15/2009,1495.4,1516.0,1465.6,1482.7,23287,85480
01/16/2009,1501.8,1605.5,1501.8,1592.7,23287,85480
01/20/2009,1604.8,1619.7,1550.8,1587.1,17624,86349
01/21/2009,1588.5,1633.9,1567.9,1608.4,23756,86213
01/22/2009,1606.2,1631.1,1591.3,1614.0,16024,87256
01/23/2009,1617.6,1714.9,1599.1,1695.7,29601,88599
01/26/2009,1696.4,1744.7,1679.4,1719.8,17354,88899
01/27/2009,1707.8,1735.5,1683.6,1729.1,13428,89185
01/28/2009,1712.7,1727.6,1677.9,1699.0,18122,89885
01/29/2009,1697.8,1768.1,1652.4,1724.8,22695,90955
01/30/2009,1752.5,1797.9,1734.8,1784.5,28700,92990
02/02/2009,1797.2,1797.2,1729.1,1763.2,19147,93861
02/03/2009,1761.0,1771.0,1723.4,1746.8,22923,93813
02/04/2009,1764.6,1788.0,1747.5,1771.0,15814,93939
02/05/2009,1774.5,1834.9,1742.6,1810.7,25001,93699
02/06/2009,1827.1,1871.8,1809.3,1869.0,21953,94839
02/09/2009,1862.6,1862.6,1815.7,1822.1,22714,94906
02/10/2009,1818.5,1876.8,1807.2,1864.7,25716,96019
02/11/2009,1863.3,1941.4,1856.2,1920.1,31848,95896
02/12/2009,1917.2,1948.5,1887.4,1918.7,15513,97079
02/13/2009,1910.1,1943.5,1877.5,1935.0,23572,98355
02/17/2009,1931.4,2016.7,1914.4,1989.7,32708,99325
02/18/2009,1999.6,2040.8,1985.4,2029.4,25740,99692
02/19/2009,2033.0,2040.8,1966.9,1979.0,39114,99600
02/20/2009,1985.4,2070.6,1983.3,2057.8,21014,98926
02/23/2009,2042.3,2072.7,1996.2,2051.9,48859,101745
02/24/2009,2046.5,2069.2,1942.4,1987.2,32538,101629
02/25/2009,1954.5,2004.7,1922.6,1970.0,4462,98464
02/26/2009,1943.8,1946.7,1831.9,1837.6,68851,95246
02/27/2009,1858.9,1893.6,1816.4,1856.7,24290,94102
03/02/2009,1855.3,1894.3,1798.7,1851.1,24853,93036
03/03/2009,1828.4,1834.1,1760.4,1800.8,17251,93051
03/04/2009,1812.8,1862.4,1795.8,1829.1,12875,92567
03/05/2009,1833.4,1885.1,1825.6,1858.1,14551,92307
03/06/2009,1878.0,1914.8,1871.6,1888.3,17642,92109
03/09/2009,1888.6,1895.7,1807.2,1832.7,17424,92714
03/10/2009,1834.1,1839.7,1765.4,1776.0,12159,92260
03/11/2009,1781.7,1823.4,1771.8,1812.8,13074,91881
03/12/2009,1810.7,1852.5,1790.2,1833.1,17124,92548
03/13/2009,1835.5,1881.5,1824.9,1871.6,15925,92967
03/16/2009,1869.5,1869.5,1808.6,1825.6,12100,92997
03/17/2009,1830.5,1839.7,1788.7,1794.4,24843,92796
03/18/2009,1799.4,1841.2,1683.9,1690.3,36660,92484
03/19/2009,1822.7,1938.2,1790.2,1914.8,31058,92568
03/20/2009,1922.6,1963.0,1899.2,1960.1,11577,92250
03/23/2009,1946.0,1966.5,1928.3,1965.1,16436,92606
03/24/2009,1933.9,1946.0,1878.0,1891.7,19298,92606
03/25/2009,1903.5,1928.3,1834.8,1903.0,20462,93059
03/26/2009,1908.4,1946.7,1897.8,1929.0,14926,92854
03/27/2009,1909.1,1922.6,1851.8,1878.4,16734,92994
03/30/2009,1879.4,1890.7,1829.1,1845.8,25800,92922
03/31/2009,1845.4,1878.0,1780.3,1839.0,29878,94506
04/01/2009,1835.5,1865.2,1816.4,1837.6,24489,93573
04/02/2009,1844.0,1863.1,1778.8,1844.7,26556,93900
04/03/2009,1832.7,1840.4,1791.6,1803.6,17517,93924
04/06/2009,1812.8,1812.8,1710.1,1715.1,19364,93903
04/07/2009,1713.7,1747.0,1702.4,1729.3,22555,93101
04/08/2009,1735.6,1766.1,1720.8,1747.7,26136,92611
04/09/2009,1734.9,1755.5,1715.1,1746.3,21270,91548
04/13/2009,1751.2,1822.7,1749.1,1808.3,17652,93504
04/14/2009,1800.8,1812.1,1777.4,1807.9,13227,94568
04/15/2009,1802.9,1829.8,1790.9,1812.8,13689,94551
04/16/2009,1805.7,1812.8,1717.2,1735.6,26846,94925
04/17/2009,1732.8,1734.9,1667.7,1669.8,27404,95543
04/20/2009,1679.0,1722.9,1660.6,1714.4,22015,96699
04/21/2009,1707.3,1732.8,1680.4,1708.0,24150,96277
04/22/2009,1701.0,1746.9,1698.8,1742.9,29840,95743
04/23/2009,1742.6,1821.1,1739.8,1806.7,34553,97077
04/24/2009,1809.8,1832.4,1791.4,1830.3,47967,95612
04/27/2009,1830.3,1872.7,1809.8,1835.2,39433,94723
04/28/2009,1826.0,1833.1,1746.9,1756.2,41951,90687
04/29/2009,1762.4,1813.3,1753.2,1805.5,21223,89219
04/30/2009,1809.1,1811.9,1722.2,1741.9,23794,89263
05/01/2009,1748.3,1783.6,1699.5,1766.7,15035,88446
05/04/2009,1766.7,1859.2,1758.2,1853.3,24848,89050
05/05/2009,1844.4,1924.3,1836.6,1896.7,21039,89477
05/06/2009,1880.5,1955.4,1875.5,1937.7,24214,91564
05/07/2009,1941.9,1999.9,1932.0,1982.9,16404,93930
05/08/2009,1956.1,1987.9,1947.6,1972.3,17902,91265
05/11/2009,1980.1,1983.6,1933.5,1966.0,12855,92332
05/12/2009,1969.5,2026.7,1956.1,2009.1,19979,93323
05/13/2009,2009.1,2031.0,1961.7,1981.5,13279,95439
05/14/2009,1977.3,1991.4,1937.7,1984.3,13500,96483
05/15/2009,1985.0,2005.5,1958.9,1980.1,16002,94496
05/18/2009,1975.9,1990.0,1926.4,1954.7,16892,91375
05/19/2009,1941.9,2020.4,1940.5,1996.3,16087,96079
05/20/2009,2006.9,2033.8,1992.8,2018.3,19026,95719
05/21/2009,2015.4,2059.2,1991.4,2041.6,19669,92790
05/22/2009,2056.4,2100.2,2039.5,2076.9,23780,96769
05/26/2009,2080.4,2088.9,2022.5,2063.5,22083,94815
05/27/2009,2067.0,2122.8,2033.8,2100.9,23923,100655
05/28/2009,2089.6,2158.9,2070.5,2142.6,27025,100598
05/29/2009,2145.5,2227.4,2140.5,2206.2,33086,100630
06/01/2009,2228.1,2257.1,2196.3,2223.9,41166,103499
06/02/2009,2208.3,2264.2,2183.6,2255.0,41373,104986
06/03/2009,2255.7,2296.7,2156.1,2163.8,36534,106173
06/04/2009,2168.8,2253.6,2129.2,2246.5,42371,109274
06/05/2009,2250.7,2258.5,2142.6,2174.8,34733,105791
06/08/2009,2155.3,2185.0,2082.6,2113.7,29454,106225
06/09/2009,2108.0,2168.8,2084.7,2139.8,36832,106447
06/10/2009,2153.2,2190.7,2123.5,2151.8,38790,107157
06/11/2009,2144.0,2196.3,2109.4,2189.7,47428,109036
06/12/2009,2177.3,2181.5,2088.9,2102.3,36295,109232
06/15/2009,2098.8,2102.3,1982.9,1982.9,22658,106351
06/16/2009,1985.7,2035.9,1985.7,1997.1,40221,103981
06/17/2009,2004.1,2028.9,1968.8,2018.3,21635,108158
06/18/2009,2026.7,2035.2,1997.1,2012.6,24313,107740
06/19/2009,2007.7,2031.0,1995.6,2006.9,43114,111380
06/22/2009,2004.3,2004.3,1933.1,1937.0,40289,106844
06/23/2009,1940.8,1961.3,1922.5,1956.5,45163,101000
06/24/2009,1957.0,1992.3,1947.2,1965.8,63730,104727
06/25/2009,1955.6,1984.5,1950.7,1978.5,47028,103642
06/26/2009,1980.3,2021.2,1980.3,1995.9,28951,102788
06/29/2009,1988.1,1992.3,1951.4,1970.4,26737,104499
06/30/2009,1955.6,1995.1,1897.1,1917.6,27352,102490
07/01/2009,1919.0,1955.6,1916.1,1940.1,24292,98865
07/02/2009,1940.8,1945.8,1873.8,1890.5,19069,98003
07/03/2009,1886.5,1900.6,1882.3,1892.9,18799,99523
07/06/2009,1892.9,1896.4,1832.2,1866.5,16046,100995
07/07/2009,1868.2,1885.1,1843.5,1864.0,26216,100376
07/08/2009,1847.1,1854.1,1796.3,1812.1,20269,100891
07/09/2009,1812.5,1829.4,1799.1,1823.8,25581,98809
07/10/2009,1809.0,1818.9,1763.9,1782.9,18866,100314
07/13/2009,1785.0,1811.1,1753.3,1802.6,17250,99934
07/14/2009,1809.0,1832.2,1802.6,1812.5,27380,99662
07/15/2009,1819.6,1886.5,1816.0,1862.3,14169,99334
07/16/2009,1873.8,1878.8,1852.0,1866.1,16625,99744
07/17/2009,1875.3,1899.2,1842.8,1889.8,18213,98632
07/20/2009,1890.1,1938.7,1885.1,1921.1,16043,98823
07/21/2009,1922.5,1930.9,1896.4,1900.4,21663,98269
07/22/2009,1909.8,1938.0,1880.9,1931.7,17762,96402
07/23/2009,1936.6,1954.2,1919.0,1941.5,13388,96309
07/24/2009,1933.1,1959.9,1925.3,1956.3,17801,96292
07/27/2009,1958.4,1986.6,1938.7,1972.5,24159,97498
07/28/2009,1976.8,1987.3,1914.7,1937.3,24780,97761
07/29/2009,1930.9,1937.3,1856.2,1869.3,18785,98782
07/30/2009,1873.1,1914.7,1869.6,1901.3,28615,97827
07/31/2009,1899.9,1969.7,1885.1,1965.5,30361,99411
08/03/2009,1959.9,2039.5,1957.7,2009.5,32339,100405
08/04/2009,2009.5,2081.8,1977.5,2071.9,34600,99477
08/05/2009,2064.9,2093.8,2050.8,2081.1,22769,100807
08/06/2009,2069.8,2119.9,2031.8,2064.9,41035,100297
08/07/2009,2052.9,2099.4,2043.0,2068.1,44028,102476
08/10/2009,2052.9,2071.9,2012.7,2024.0,33739,103670
08/11/2009,2023.3,2041.6,2007.1,2022.6,32005,104790
08/12/2009,2018.4,2059.3,1991.6,2056.4,46503,105328
08/13/2009,2051.5,2135.4,2045.2,2113.1,43607,108964
08/14/2009,2120.6,2141.0,2056.4,2075.8,33169,109129
08/17/2009,2076.9,2076.9,1948.6,1970.4,53127,104411
08/18/2009,1972.5,2002.2,1950.0,1968.3,29239,103527
08/19/2009,1974.7,1995.1,1902.7,1956.3,58349,102082
08/20/2009,1947.9,1983.8,1944.3,1957.0,31341,101220
08/21/2009,1962.0,2014.8,1933.1,1997.1,33045,102133
08/24/2009,2002.8,2040.8,1981.7,2001.6,39087,103578
08/25/2009,1994.4,2033.8,1982.4,2017.7,44672,101539
08/26/2009,2008.5,2038.0,1997.9,2009.6,54298,100548
08/27/2009,2021.8,2022.5,1980.3,2004.4,48133,100347
08/28/2009,2000.7,2095.7,2000.7,2083.7,50819,104810
08/31/2009,2078.1,2102.7,2046.4,2098.9,21327,105057
09/01/2009,2096.4,2130.1,2061.2,2118.2,30006,106671
09/02/2009,2114.7,2178.7,2090.7,2161.1,33296,108300
09/03/2009,2167.4,2294.0,2160.4,2291.2,41030,112394
09/04/2009,2275.7,2307.3,2229.3,2290.5,32757,113418
09/08/2009,2289.8,2371.3,2273.6,2322.1,35943,116421
09/09/2009,2318.6,2355.9,2286.2,2316.5,33008,117749
09/10/2009,2300.3,2353.1,2258.8,2344.6,32622,121162
09/11/2009,2350.2,2393.1,2341.1,2348.8,27173,123004
09/14/2009,2360.8,2369.2,2295.4,2338.0,23608,120902
09/15/2009,2330.6,2402.3,2312.3,2391.0,25074,125151
09/16/2009,2397.4,2472.6,2396.0,2451.5,31171,125306
09/17/2009,2450.8,2488.1,2420.6,2428.3,32054,124378
09/18/2009,2431.8,2447.3,2379.8,2400.2,24301,125585
09/21/2009,2384.0,2388.9,2324.2,2374.2,25332,128785
09/22/2009,2372.0,2439.6,2367.1,2407.2,24397,128184
09/23/2009,2412.8,2431.8,2351.7,2378.4,30147,129030
09/24/2009,2362.9,2397.4,2276.4,2291.9,41062,128440
09/25/2009,2288.4,2308.0,2244.1,2258.8,39959,126037
09/28/2009,2266.6,2296.1,2216.6,2277.8,21635,125992
09/29/2009,2281.3,2295.4,2251.8,2275.4,27538,128507
09/30/2009,2274.3,2350.9,2274.3,2342.9,37638,127672
10/01/2009,2343.9,2360.8,2298.2,2312.3,33863,126714
10/02/2009,2301.0,2320.0,2239.1,2282.7,35206,128036
10/05/2009,2278.5,2346.7,2255.3,2325.6,23948,127638
10/06/2009,2344.6,2452.9,2338.3,2432.5,23948,131801
10/07/2009,2443.8,2479.6,2434.6,2461.4,23948,131417
10/08/2009,2482.5,2525.4,2465.6,2505.7,38364,133113
10/09/2009,2505.7,2508.5,2469.1,2488.1,27975,133944
10/12/2009,2494.4,2530.3,2490.9,2506.4,17280,133797
10/13/2009,2497.9,2542.2,2470.5,2509.2,40378,136015
10/14/2009,2506.4,2556.3,2492.3,2518.7,29939,136731
10/15/2009,2519.7,2531.7,2436.0,2449.4,41549,136698
10/16/2009,2444.5,2472.6,2420.6,2450.1,30807,136387
10/19/2009,2459.2,2514.1,2429.0,2478.9,22762,136505
10/20/2009,2512.0,2525.4,2450.1,2469.5,28343,135456
10/21/2009,2464.2,2508.5,2433.2,2507.1,31426,137437
10/22/2009,2492.3,2507.8,2442.4,2467.7,33298,135763
10/23/2009,2489.5,2527.5,2454.3,2492.7,33298,135763
10/26/2009,2490.9,2503.6,2392.4,2404.4,49489,134414
10/27/2009,2400.9,2426.2,2320.7,2326.3,58405,132843
10/28/2009,2350.2,2358.7,2267.3,2284.1,53138,132389
10/29/2009,2269.4,2350.2,2267.3,2342.5,48081,132048
10/30/2009,2347.4,2355.2,2271.5,2286.2,42763,130427
11/02/2009,2322.1,2353.8,2289.1,2312.3,40885,132289
11/03/2009,2317.2,2440.3,2284.8,2416.3,63444,129240
11/04/2009,2423.4,2480.3,2405.8,2448.0,53550,135544
11/05/2009,2455.7,2465.6,2422.0,2448.7,33767,140732
11/06/2009,2448.7,2479.6,2429.0,2443.8,1048,140144
11/09/2009,2453.6,2500.7,2450.8,2458.5,38039,140275
11/10/2009,2473.3,2482.5,2413.5,2422.3,51080,136309
11/11/2009,2439.6,2493.0,2437.4,2466.6,53066,134334
11/12/2009,2473.3,2500.7,2417.8,2428.3,44263,133987
11/13/2009,2421.3,2455.7,2394.5,2444.5,44696,135239
11/16/2009,2459.9,2595.0,2457.8,2587.9,65303,138664
11/17/2009,2587.9,2592.9,2543.6,2586.1,73914,141146
11/18/2009,2591.5,2651.9,2577.4,2590.1,68674,139738
11/19/2009,2612.6,2621.7,2552.8,2595.7,46843,141208
11/20/2009,2608.3,2615.4,2536.6,2593.6,64219,143674
11/23/2009,2611.0,2663.6,2606.8,2617.9,79892,144505
11/24/2009,2623.6,2627.1,2577.3,2596.1,92498,136163
11/25/2009,2606.1,2651.7,2604.7,2639.0,85777,135492
11/27/2009,2653.1,2660.1,2487.4,2573.8,81975,133187
11/30/2009,2576.6,2603.3,2545.7,2600.4,31798,131516
12/01/2009,2597.6,2709.2,2585.7,2696.6,39358,131899
12/02/2009,2686.8,2733.1,2681.2,2712.7,42547,131884
12/03/2009,2700.1,2737.3,2644.0,2685.1,46194,130848
12/04/2009,2654.5,2665.7,2568.9,2599.7,51961,129232
12/07/2009,2594.1,2608.9,2512.0,2577.3,47302,128735
12/08/2009,2558.3,2580.8,2465.0,2499.7,37092,125999
12/09/2009,2479.0,2514.1,2405.3,2411.6,47612,124476
12/10/2009,2448.1,2467.1,2408.1,2412.8,28614,123411
12/11/2009,2445.3,2476.2,2372.3,2399.0,40321,121860
12/14/2009,2406.0,2446.7,2399.7,2434.1,23271,122356
12/15/2009,2446.0,2458.7,2405.3,2450.2,27004,121787
12/16/2009,2449.5,2500.1,2435.5,2483.7,25390,121373
12/17/2009,2494.5,2499.4,2400.4,2413.7,36092,122093
12/18/2009,2411.6,2441.1,2401.1,2431.3,28757,122188
12/21/2009,2428.5,2460.1,2383.6,2391.3,27059,123701
12/22/2009,2393.4,2413.0,2355.5,2390.6,33699,122294
12/23/2009,2385.7,2420.8,2368.1,2413.0,17585,122298
12/24/2009,2408.8,2462.9,2406.7,2448.1,9256,122448
12/28/2009,2463.6,2483.2,2450.2,2465.0,15455,124301
12/29/2009,2462.2,2462.9,2397.6,2401.8,19701,124319
12/30/2009,2401.1,2410.9,2353.4,2358.6,23516,124196
12/31/2009,2359.7,2401.1,2355.5,2364.6,12598,124057
01/04/2010,2378.0,2468.5,2365.3,2451.4,34043,125620
01/05/2010,2469.9,2510.6,2458.0,2498.7,34961,125391
01/06/2010,2493.8,2561.1,2492.4,2551.3,38180,125183
01/07/2010,2555.5,2585.7,2534.5,2575.2,29870,127096
01/08/2010,2565.4,2600.4,2534.5,2592.7,37337,127372
01/11/2010,2598.3,2656.6,2596.2,2624.3,35739,131939
01/12/2010,2605.4,2640.5,2549.2,2562.5,38514,128675
01/13/2010,2564.6,2621.5,2554.8,2604.0,34244,130015
01/14/2010,2613.1,2630.6,2590.6,2618.7,26826,130337
01/15/2010,2622.2,2623.6,2582.9,2586.7,31230,129663
01/19/2010,2584.3,2650.3,2582.9,2639.0,42104,131385
01/20/2010,2637.6,2648.9,2499.4,2509.9,61515,126220
01/21/2010,2514.1,2535.9,2434.1,2458.0,56203,126941
01/22/2010,2450.2,2459.4,2369.5,2376.8,51689,125868
01/25/2010,2393.4,2425.0,2385.0,2406.7,31198,124775
01/26/2010,2408.1,2424.3,2293.7,2366.7,50455,124895
01/27/2010,2358.3,2381.5,2305.7,2307.8,34876,124582
01/28/2010,2328.8,2352.0,2248.1,2275.8,49788,122144
01/29/2010,2282.5,2298.6,2248.8,2272.7,37091,123393
02/01/2010,2269.9,2346.4,2260.7,2338.6,37459,121619
02/02/2010,2343.6,2359.7,2323.9,2350.3,34834,122261
02/03/2010,2349.9,2379.4,2285.3,2290.5,51563,123292
02/04/2010,2302.1,2304.3,2132.3,2154.8,74092,122817
02/05/2010,2148.4,2159.0,2056.5,2081.8,67245,124384
02/08/2010,2128.1,2150.5,2098.6,2117.6,47771,120901
02/09/2010,2109.1,2189.1,2107.7,2166.7,58047,118593
02/10/2010,2172.3,2196.2,2116.2,2147.7,51892,118571
02/11/2010,2133.7,2208.1,2130.2,2188.4,50763,118324
02/12/2010,2196.9,2209.5,2135.1,2168.4,38383,118673
02/16/2010,2185.6,2276.2,2168.8,2266.8,60160,120166
02/17/2010,2267.8,2292.3,2221.4,2259.8,60833,120626
02/18/2010,2233.4,2283.2,2200.4,2254.4,54860,119101
02/19/2010,2224.9,2317.6,2212.3,2304.0,48565,118625
02/22/2010,2302.0,2325.8,2265.6,2277.2,58109,117969
02/23/2010,2276.1,2306.9,2215.8,2230.3,70570,117376
02/24/2010,2229.1,2245.2,2193.4,2237.3,78377,114331
02/25/2010,2236.1,2267.0,2190.6,2260.9,86290,108836
02/26/2010,2262.8,2319.5,2248.8,2315.5,35643,107635
03/01/2010,2316.0,2350.4,2302.7,2308.2,27675,108073
03/02/2010,2309.0,2397.3,2288.7,2391.6,39250,108248
03/03/2010,2376.3,2434.5,2366.5,2428.7,43435,109918
03/04/2010,2409.9,2438.0,2390.3,2407.3,31981,110698
03/05/2010,2401.5,2454.8,2401.5,2436.1,28236,111347
03/08/2010,2437.3,2456.9,2400.1,2420.7,30067,111678
03/09/2010,2417.6,2441.5,2365.1,2430.0,38779,112130
03/10/2010,2421.8,2475.8,2374.2,2385.1,47681,111003
03/11/2010,2385.4,2409.9,2359.5,2405.0,32203,111608
03/12/2010,2412.0,2431.7,2377.0,2389.3,32123,112813
03/15/2010,2391.7,2407.8,2377.7,2397.7,19726,111310
03/16/2010,2400.8,2452.0,2400.8,2432.2,31331,114192
03/17/2010,2445.7,2466.7,2433.8,2455.9,25905,113089
03/18/2010,2455.5,2461.1,2428.1,2441.7,27071,114132
03/19/2010,2440.1,2441.5,2378.4,2387.1,37201,113692
03/22/2010,2384.0,2384.0,2329.3,2373.5,34574,113317
03/23/2010,2382.6,2403.6,2345.5,2386.4,33482,112520
03/24/2010,2384.7,2388.9,2319.5,2332.3,29840,112811
03/25/2010,2323.0,2363.0,2320.2,2346.3,30889,113088
03/26/2010,2330.7,2381.2,2321.6,2369.4,32938,112338
03/29/2010,2379.8,2444.3,2373.5,2436.8,38301,115176
03/30/2010,2436.6,2449.9,2415.5,2428.8,22631,113405
03/31/2010,2425.3,2473.0,2418.3,2456.3,34835,114788
04/01/2010,2453.4,2522.8,2449.2,2507.3,33522,118631
04/05/2010,2501.0,2543.1,2496.1,2539.3,27660,117391
04/06/2010,2536.1,2537.5,2501.0,2513.1,35468,118712
04/07/2010,2512.9,2559.2,2511.5,2550.6,38185,119583
04/08/2010,2548.0,2552.9,2512.2,2540.6,39345,121609
04/09/2010,2536.8,2585.1,2529.8,2571.9,41282,124013
04/12/2010,2590.0,2607.5,2544.5,2580.8,40691,124280
04/13/2010,2554.3,2567.6,2516.4,2557.6,57820,123661
04/14/2010,2556.4,2593.5,2552.2,2580.9,45578,125628
04/15/2010,2585.1,2598.4,2554.3,2583.4,31570,128188
04/16/2010,2580.9,2584.4,2468.1,2477.2,63365,125472
04/19/2010,2480.0,2491.2,2451.3,2485.1,38534,125534
04/20/2010,2490.5,2528.4,2484.2,2497.7,53898,126679
04/21/2010,2503.1,2542.4,2482.1,2533.7,45053,127879
04/22/2010,2531.7,2546.4,2490.5,2523.9,50568,127398
04/23/2010,2521.2,2559.0,2501.6,2549.6,52493,126152
04/26/2010,2571.6,2581.4,2556.9,2570.1,60683,124696
04/27/2010,2566.7,2581.4,2531.0,2539.3,61299,124157
04/28/2010,2551.3,2558.3,2497.4,2537.3,82356,123375
04/29/2010,2536.6,2602.4,2530.3,2599.4,61047,123906
04/30/2010,2589.1,2629.0,2585.6,2607.8,35674,124216
05/03/2010,2614.3,2643.0,2592.6,2636.0,24144,124819
05/04/2010,2636.0,2637.4,2491.8,2496.3,57720,123448
05/05/2010,2499.5,2503.7,2389.7,2453.2,63811,120913
05/06/2010,2450.6,2487.0,2414.9,2450.6,55529,121649
05/07/2010,2460.4,2615.0,2445.0,2581.5,62194,118169
05/10/2010,2598.9,2613.6,2548.5,2595.7,35588,119406
05/11/2010,2589.8,2717.8,2575.1,2699.5,60988,122669
05/12/2010,2708.7,2761.2,2673.7,2751.1,45035,123049
05/13/2010,2732.5,2776.6,2706.6,2728.2,48497,127046
05/14/2010,2724.1,2761.2,2654.8,2689.8,50761,126644
05/17/2010,2704.5,2720.6,2621.3,2638.6,40030,128321
05/18/2010,2643.7,2678.6,2609.4,2641.4,41962,125228
05/19/2010,2659.7,2659.7,2507.2,2534.5,67419,123505
05/20/2010,2547.1,2564.6,2446.4,2478.6,56334,123815
05/21/2010,2466.7,2503.7,2435.9,2469.6,48448,119449
05/24/2010,2470.2,2529.6,2469.5,2518.4,29710,119877
05/25/2010,2506.5,2517.0,2452.7,2487.8,40936,120120
05/26/2010,2515.6,2575.8,2508.6,2561.2,44434,121382
05/27/2010,2526.8,2599.6,2519.8,2583.9,32391,120480
05/28/2010,2591.2,2608.7,2552.0,2577.5,30898,120951
06/01/2010,2575.8,2621.3,2555.5,2595.5,35717,122368
06/02/2010,2580.0,2589.8,2531.0,2562.5,31938,122309
06/03/2010,2569.5,2584.9,2493.9,2508.8,36613,122671
06/04/2010,2513.5,2523.3,2418.4,2420.4,50033,121123
06/07/2010,2440.8,2559.7,2405.8,2541.1,63595,122137
06/08/2010,2539.4,2587.0,2530.3,2585.2,47947,122536
06/09/2010,2563.9,2570.9,2531.7,2544.9,48721,124843
06/10/2010,2536.6,2580.7,2505.1,2567.5,47719,125381
06/11/2010,2553.4,2593.3,2528.2,2550.8,52784,127912
06/14/2010,2553.4,2598.2,2549.9,2575.9,33576,128880
06/15/2010,2550.6,2614.3,2549.2,2599.3,32119,131070
06/16/2010,2600.3,2610.8,2571.6,2580.1,36924,134120
06/17/2010,2581.4,2641.6,2562.5,2627.0,42812,136558
06/18/2010,2622.0,2696.8,2614.3,2684.1,55339,135401
06/21/2010,2686.3,2722.7,2609.4,2631.5,60672,140174
06/22/2010,2617.0,2654.7,2600.9,2644.5,47395,135105
06/23/2010,2633.0,2653.3,2561.1,2582.6,61655,139086
06/24/2010,2586.3,2630.2,2541.6,2620.6,68507,136728
06/25/2010,2630.9,2677.0,2600.2,2673.1,81255,134953
06/28/2010,2670.7,2689.5,2605.1,2612.5,63162,131289
06/29/2010,2619.8,2626.7,2569.5,2600.9,52254,123176
06/30/2010,2586.3,2626.7,2578.6,2611.1,27353,129551
07/01/2010,2603.0,2608.6,2475.3,2483.0,48710,129468
07/02/2010,2486.5,2528.3,2461.3,2473.1,39660,120497
07/06/2010,2494.1,2517.2,2458.6,2492.3,29805,113574
07/07/2010,2488.6,2527.6,2451.6,2512.3,27941,115072
07/08/2010,2521.4,2540.2,2473.9,2494.4,25067,113689
07/09/2010,2506.0,2545.1,2488.6,2522.5,18897,113802
07/12/2010,2527.6,2533.9,2480.9,2500.7,19428,113826
07/13/2010,2503.9,2561.8,2494.1,2548.2,21794,119565
07/14/2010,2551.4,2580.7,2528.3,2552.8,25539,113693
07/15/2010,2557.0,2587.0,2536.0,2562.8,25757,113834
07/16/2010,2561.8,2566.7,2474.6,2482.7,33123,113995
07/19/2010,2490.0,2501.1,2434.1,2448.5,33522,113514
07/20/2010,2458.6,2481.6,2435.5,2469.4,26715,119620
07/21/2010,2468.3,2498.3,2453.0,2484.8,26790,117457
07/22/2010,2464.8,2540.2,2461.3,2529.0,35380,119374
07/23/2010,2531.1,2551.4,2520.7,2526.4,31111,116544
07/26/2010,2526.2,2550.0,2508.8,2540.2,21015,117688
07/27/2010,2536.0,2545.1,2453.7,2460.1,41924,119291
07/28/2010,2462.0,2476.0,2418.1,2434.3,44717,113012
07/29/2010,2442.5,2469.7,2439.7,2458.8,27594,119952
07/30/2010,2461.3,2529.7,2446.7,2512.7,38964,115000
08/02/2010,2512.3,2592.5,2508.8,2570.8,46184,121991
08/03/2010,2565.3,2597.4,2556.3,2571.2,29154,122878
08/04/2010,2568.1,2610.0,2543.7,2551.1,32293,128795
08/05/2010,2554.9,2579.3,2538.1,2557.1,24934,128153
08/06/2010,2559.7,2593.9,2552.8,2578.2,31636,126657
08/09/2010,2582.1,2592.5,2543.0,2546.1,23066,126874
08/10/2010,2557.6,2578.6,2506.7,2534.3,42892,122291
08/11/2010,2554.2,2561.8,2483.7,2498.6,38357,122080
08/12/2010,2496.2,2526.9,2491.4,2521.4,39462,128631
08/13/2010,2522.1,2537.4,2506.7,2527.5,22533,122992
08/16/2010,2529.0,2580.7,2526.2,2571.9,27846,127422
08/17/2010,2568.8,2598.8,2561.1,2595.3,34564,123383
08/18/2010,2582.8,2592.5,2535.3,2568.0,79176,123963
08/19/2010,2563.2,2594.6,2543.0,2557.9,44067,125743
08/20/2010,2553.5,2559.7,2490.7,2511.0,49629,129614
08/23/2010,2515.8,2523.4,2496.3,2511.2,41036,124550
08/24/2010,2508.1,2577.7,2475.4,2564.9,82666,128036
08/25/2010,2563.1,2657.0,2558.9,2654.5,82348,123960
08/26/2010,2643.1,2673.7,2635.5,2647.6,73457,123839
08/27/2010,2644.5,2696.7,2635.5,2654.8,75339,131194
08/30/2010,2658.4,2682.8,2647.3,2654.8,25353,125841
08/31/2010,2654.9,2706.4,2625.0,2704.6,31401,131302
09/01/2010,2700.9,2719.0,2689.0,2699.2,27629,134228
09/02/2010,2695.3,2747.5,2692.5,2738.0,27565,132909
09/03/2010,2742.6,2781.6,2714.8,2776.6,33847,137796
09/07/2010,2775.3,2790.0,2725.9,2771.7,37773,139522
09/08/2010,2760.7,2808.7,2758.6,2784.9,34881,140214
09/09/2010,2776.0,2796.9,2749.6,2763.5,35056,140514
09/10/2010,2748.9,2792.7,2741.9,2762.1,30720,141859
09/13/2010,2769.1,2821.3,2758.6,2804.7,28514,144872
09/14/2010,2793.4,2860.2,2787.9,2843.8,42115,144798
09/15/2010,2853.3,2874.2,2831.0,2863.2,34049,146899
09/16/2010,2868.6,2901.3,2849.8,2891.0,30568,146441
09/17/2010,2896.4,2926.4,2870.0,2897.3,35982,146377
09/20/2010,2892.3,2922.9,2883.9,2895.5,24054,145412
09/21/2010,2890.9,2938.2,2855.4,2872.8,39202,146767
09/22/2010,2926.4,2950.7,2913.1,2930.5,38999,146534
09/23/2010,2945.8,2959.8,2906.9,2952.5,34785,147778
09/24/2010,2943.8,2991.1,2939.6,2978.4,35891,150728
09/27/2010,2986.9,3012.7,2973.7,2988.4,27748,151888
09/28/2010,2986.9,3031.4,2931.2,3021.3,58368,154210
09/29/2010,3030.7,3072.5,3021.7,3055.4,44428,154254
09/30/2010,3047.5,3079.5,3001.5,3037.2,54619,152540
10/01/2010,3030.1,3085.7,3023.8,3070.4,43485,153636
10/04/2010,3079.5,3094.8,3048.1,3067.1,29883,153761
10/05/2010,3049.5,3190.1,3035.6,3164.6,62987,156096
10/06/2010,3182.5,3228.4,3167.8,3207.2,52193,155330
10/07/2010,3227.0,3275.0,3128.2,3143.3,92146,152725
10/08/2010,3134.4,3246.5,3110.8,3215.9,70716,155385
10/11/2010,3258.3,3295.2,3208.9,3249.8,40946,153050
10/12/2010,3241.6,3270.1,3193.6,3221.7,53141,153970
10/13/2010,3245.1,3358.5,3239.5,3331.0,64143,155661
10/14/2010,3348.8,3472.7,3339.7,3401.0,77698,153657
10/15/2010,3430.9,3459.4,3350.9,3380.5,73346,152268
10/18/2010,3382.9,3412.1,3300.8,3397.9,57829,151466
10/19/2010,3394.7,3410.7,3238.8,3309.8,84848,151104
10/20/2010,3254.8,3337.0,3241.6,3321.5,58089,151239
10/21/2010,3330.0,3350.9,3205.4,3220.6,83099,151279
10/22/2010,3227.0,3256.2,3179.0,3217.7,54812,149082
10/25/2010,3243.0,3320.3,3243.0,3277.0,47390,150390
10/26/2010,3291.7,3333.5,3224.2,3316.8,73371,152980
10/27/2010,3321.6,3381.5,3250.0,3257.5,65056,152675
10/28/2010,3282.7,3346.0,3270.8,3323.0,56684,153044
10/29/2010,3344.6,3441.3,3306.3,3418.9,72348,154866
11/01/2010,3444.8,3487.3,3412.1,3417.3,62090,156509
11/02/2010,3428.1,3469.2,3426.0,3456.8,50484,158633
11/03/2010,3469.9,3485.2,3331.4,3401.1,88659,157187
11/04/2010,3467.1,3657.1,3444.8,3624.8,96684,163693
11/05/2010,3662.6,3746.2,3601.4,3722.9,96684,159473
11/08/2010,3738.5,3860.3,3690.5,3818.1,107303,157884
11/09/2010,3859.6,4083.7,3676.6,4023.3,201216,156418
11/10/2010,3753.8,3921.5,3686.3,3739.2,161521,149654
11/11/2010,3791.4,3874.9,3742.7,3814.4,104367,147801
11/12/2010,3853.3,3854.0,3585.4,3610.7,130245,147674
11/15/2010,3622.3,3685.6,3535.3,3631.6,94829,145405
11/16/2010,3557.6,3597.9,3476.8,3512.0,113393,146693
11/17/2010,3536.7,3605.6,3481.7,3550.7,92359,146528
11/18/2010,3561.7,3763.6,3561.7,3734.9,89670,144248
11/19/2010,3750.3,3813.7,3666.8,3782.9,98485,146778
11/22/2010,3830.9,3882.3,3769.9,3822.0,94078,146214
11/23/2010,3872.6,3879.5,3760.8,3837.5,150027,147685
11/24/2010,3830.2,3853.1,3771.9,3831.3,91084,137944
11/26/2010,3835.8,3837.9,3674.8,3716.0,110391,137130
11/29/2010,3717.8,3791.4,3681.7,3774.4,136701,132790
11/30/2010,3774.0,3940.6,3736.5,3915.9,98543,133139
12/01/2010,3911.4,4008.6,3889.2,3943.8,72237,133000
12/02/2010,3951.7,4036.4,3932.3,3965.8,70787,133476
12/03/2010,3973.2,4093.3,3969.0,4062.9,64182,135876
12/06/2010,4101.6,4213.3,4091.9,4127.3,84715,137226
12/07/2010,4191.8,4268.2,3953.8,4133.1,120898,137675
12/08/2010,3993.3,4065.5,3887.8,3921.4,114292,132011
12/09/2010,3945.4,4031.5,3914.2,3999.9,68926,130647
12/10/2010,4000.3,4029.4,3894.8,3970.4,63196,129712
12/13/2010,3978.1,4128.0,3955.2,4111.9,61775,131324
12/14/2010,4105.1,4162.0,4055.8,4134.6,68097,130145
12/15/2010,4101.6,4114.8,3988.5,4060.4,68114,130332
12/16/2010,3999.6,4060.6,3935.0,3995.0,69294,130865
12/17/2010,4011.4,4076.6,3980.8,4043.7,46815,131819
12/20/2010,4058.6,4103.0,3998.9,4074.5,51427,131948
12/21/2010,4082.2,4109.2,4032.2,4079.9,45988,133135
12/22/2010,4075.9,4092.6,4057.2,4078.7,27240,133994
12/23/2010,4063.4,4083.5,4017.6,4070.8,29593,134352
12/27/2010,4047.5,4074.5,3998.9,4060.6,18944,133627
12/28/2010,4064.1,4215.4,4064.1,4208.9,40506,137918
12/29/2010,4209.2,4264.0,4184.2,4261.8,32670,137892
12/30/2010,4251.5,4293.1,4214.0,4235.3,31327,136275
12/31/2010,4230.0,4299.4,4230.0,4294.1,18664,135970
01/03/2011,4293.1,4341.0,4233.5,4320.2,44305,136286
01/04/2011,4266.8,4286.9,4070.4,4095.8,88164,136931
01/05/2011,4140.5,4150.9,3967.0,4052.7,87462,138560
01/06/2011,4066.9,4108.5,3999.6,4042.7,68429,139291
01/07/2011,4030.8,4077.3,3931.6,3979.6,92716,137079
01/10/2011,3990.6,4044.7,3976.7,4006.0,49299,135683
01/11/2011,4041.2,4123.8,4033.6,4094.5,56079,136331
01/12/2011,4100.9,4142.5,4080.1,4100.9,49534,137059
01/13/2011,4121.7,4137.7,3959.3,4061.8,74747,135881
01/14/2011,3990.6,4020.4,3900.3,3930.9,81384,136929
01/18/2011,3945.4,4036.4,3893.4,4013.0,61975,135675
01/19/2011,4010.7,4093.3,3973.2,3997.6,96115,136552
01/20/2011,3979.4,3994.7,3799.7,3813.3,103210,135841
01/21/2011,3813.6,3835.1,3758.8,3806.9,69183,133596
01/24/2011,3817.0,3879.5,3722.7,3792.2,70438,128228
01/25/2011,3735.8,3752.5,3683.8,3720.6,71426,125229
01/26/2011,3727.5,3837.2,3699.8,3765.4,56023,124221
01/27/2011,3833.0,3858.0,3712.3,3752.0,65585,123511
01/28/2011,3733.1,3890.6,3650.5,3875.2,83982,124343
01/31/2011,3880.9,3945.4,3819.8,3909.9,59643,123380
02/01/2011,3894.8,3974.6,3865.6,3957.8,67333,125287
02/02/2011,3964.9,3987.1,3901.0,3926.6,47172,126251
02/03/2011,3928.1,4022.5,3880.9,3987.5,79892,130601
02/04/2011,4015.5,4064.8,3986.4,4033.4,63437,132160
02/07/2011,4049.5,4087.7,4025.9,4072.9,52025,132332
02/08/2011,4073.8,4211.9,4061.3,4201.7,80656,135797
02/09/2011,4207.1,4233.5,4171.0,4202.4,70105,135440
02/10/2011,4187.0,4202.2,4113.4,4177.1,68308,140275
02/11/2011,4189.7,4203.6,4120.3,4163.4,72971,142520
02/14/2011,4148.1,4264.0,4134.9,4238.2,66810,147465
02/15/2011,4241.8,4289.7,4230.0,4260.7,57703,147113
02/16/2011,4266.1,4298.7,4200.8,4251.4,101033,148266
02/17/2011,4255.0,4412.5,4238.3,4382.0,103195,150615
02/18/2011,4405.6,4562.4,4387.5,4482.7,117094,150160
02/22/2011,4538.3,4764.6,4495.9,4562.0,181191,145070
02/23/2011,4602.2,4687.5,4535.5,4624.2,136854,141512
02/24/2011,4656.3,4685.5,4402.2,4607.0,141483,136560
02/25/2011,4454.3,4632.0,4451.5,4571.3,104330,135743
02/28/2011,4629.9,4718.1,4617.4,4695.9,63925,136214
03/01/2011,4707.0,4816.0,4691.7,4780.2,60772,135802
03/02/2011,4818.1,4856.2,4750.0,4836.8,57275,135513
03/03/2011,4818.8,4854.2,4725.0,4766.3,68685,135654
03/04/2011,4752.8,4937.5,4749.3,4905.1,68654,139218
03/07/2011,4948.6,5102.0,4943.7,4979.8,89362,135667
03/08/2011,4984.0,5074.9,4930.5,4951.1,74715,133485
03/09/2011,5004.1,5059.7,4945.1,5005.1,66561,133492
03/10/2011,5018.7,5024.9,4812.5,4868.9,83624,132677
03/11/2011,4888.9,5023.6,4727.8,4989.5,104614,138970
03/14/2011,4989.5,5068.7,4929.1,4976.3,62154,136093
03/15/2011,4992.3,4992.3,4660.5,4737.1,110683,134914
03/16/2011,4756.3,4870.8,4699.3,4786.4,86578,132816
03/17/2011,4749.3,4817.4,4670.9,4756.7,60558,132608
03/18/2011,4759.7,4918.7,4754.2,4867.8,65558,133076
03/21/2011,4909.0,5038.8,4909.0,4998.7,55201,133749
03/22/2011,5014.5,5064.5,4965.2,5035.9,64170,135988
03/23/2011,5053.4,5192.3,5019.4,5164.9,66606,137035
03/24/2011,5195.0,5301.3,5116.6,5189.5,100165,137642
03/25/2011,5159.6,5247.8,5120.8,5144.2,76435,136733
03/28/2011,5184.6,5197.1,5059.0,5149.6,66498,138460
03/29/2011,5161.0,5172.1,5072.2,5135.6,63988,138446
03/30/2011,5154.8,5244.3,5123.5,5208.4,75739,137612
03/31/2011,5199.2,5273.5,5189.5,5260.7,57010,137580
04/01/2011,5234.6,5258.9,5148.5,5239.1,85963,139454
04/04/2011,5254.7,5362.4,5249.9,5344.9,51423,141268
04/05/2011,5358.9,5456.8,5286.0,5440.5,88589,143013
04/06/2011,5458.9,5524.1,5431.8,5468.8,83713,144221
04/07/2011,5485.2,5515.1,5442.9,5491.8,75745,144647
04/08/2011,5508.1,5685.2,5486.6,5638.4,77842,144923
04/11/2011,5692.8,5828.2,5522.0,5638.9,132213,145772
04/12/2011,5588.7,5680.3,5513.0,5563.1,141111,144670
04/13/2011,5569.9,5662.3,5558.8,5586.9,106025,145065
04/14/2011,5648.4,5849.7,5616.4,5785.0,112983,148652
04/15/2011,5853.2,5958.0,5806.0,5910.9,132545,146270
04/18/2011,5975.4,6048.3,5859.4,5964.4,185250,143803
04/19/2011,6029.5,6133.7,5936.5,6097.3,129203,144981
04/20/2011,6104.5,6303.7,6086.4,6173.4,170342,144301
04/21/2011,6276.0,6482.9,6256.5,6395.2,189781,156641
04/25/2011,6541.4,6918.2,6338.8,6547.4,319204,152945
04/26/2011,6521.3,6547.0,6195.8,6256.7,286820,143341
04/27/2011,6304.1,6708.0,6224.9,6382.8,318519,136513
04/28/2011,6635.8,6878.7,6558.7,6598.4,226297,129712
04/29/2011,6730.2,6830.1,6620.5,6745.3,107614,132200
05/02/2011,6674.6,6688.5,5857.1,6396.2,200758,130567
05/03/2011,6111.1,6329.0,5635.1,5910.6,179916,131907
05/04/2011,5782.9,5874.5,5404.7,5466.8,178805,130525
05/05/2011,5440.8,5491.4,4753.7,5029.9,227180,134804
05/06/2011,4828.7,5056.3,4585.1,4897.7,194448,129454
05/09/2011,4953.6,5270.7,4884.2,5151.5,109120,124235
05/10/2011,5237.4,5388.0,5177.0,5341.7,101898,123537
05/11/2011,5346.4,5478.2,4859.9,4929.3,152710,123121
05/12/2011,4873.1,4981.3,4483.1,4829.6,163456,121213
05/13/2011,4801.6,5059.1,4707.2,4859.6,126478,123086
05/16/2011,4891.8,4913.3,4656.6,4737.3,92357,122231
05/17/2011,4660.7,4771.8,4574.7,4648.4,91431,120227
05/18/2011,4715.6,4934.2,4698.2,4871.3,81976,121972
05/19/2011,4871.0,4961.9,4791.9,4848.4,67517,122613
05/20/2011,4852.3,4936.9,4745.4,4869.9,75021,121495
05/23/2011,4859.9,4913.3,4766.2,4844.5,44690,121357
05/24/2011,4868.2,5102.8,4841.2,5014.4,86928,121395
05/25/2011,5085.4,5269.3,5028.5,5224.5,87458,122962
05/26/2011,5263.1,5391.5,5033.4,5181.2,83243,120759
05/27/2011,5170.1,5301.3,5163.2,5255.2,52622,121539
05/31/2011,5273.5,5380.4,5240.9,5316.5,62912,120853
06/01/2011,5342.2,5343.6,5045.9,5231.7,88205,121702
06/02/2011,5116.0,5193.0,4933.5,5024.6,95986,123289
06/03/2011,5025.8,5057.0,4866.8,5023.1,84565,121606
06/06/2011,5029.9,5175.0,5027.1,5105.2,58334,121077
06/07/2011,5102.1,5207.6,5057.7,5141.8,71229,121191
06/08/2011,5156.2,5170.1,5005.6,5082.7,62403,119866
06/09/2011,5113.2,5224.2,5075.0,5194.3,52641,121512
06/10/2011,5213.1,5254.8,5007.7,5042.0,75456,118630
06/13/2011,5023.0,5045.2,4795.4,4821.3,95294,118698
06/14/2011,4825.9,4941.1,4774.5,4914.9,79338,118846
06/15/2011,4918.9,4993.1,4831.4,4914.7,70519,118545
06/16/2011,4968.9,4970.9,4879.3,4935.4,63341,117811
06/17/2011,4934.2,4985.5,4847.4,4961.6,73657,116676
06/20/2011,4995.2,5024.4,4893.9,5006.5,60043,117503
06/21/2011,5000.1,5076.4,4950.1,5049.2,74604,120238
06/22/2011,5056.4,5103.6,4981.5,5099.3,62830,119359
06/23/2011,5040.5,5043.9,4808.8,4858.2,132737,119838
06/24/2011,4899.0,4911.4,4739.4,4807.4,100451,120512
06/27/2011,4756.1,4758.1,4633.3,4661.3,109880,118010
06/28/2011,4663.1,4737.3,4649.9,4668.9,105974,114597
06/29/2011,4713.7,4849.0,4697.8,4823.9,101946,112075
06/30/2011,4840.7,4878.1,4782.4,4832.6,49560,110978
07/01/2011,4820.6,4834.4,4643.7,4676.3,49946,111606
07/05/2011,4706.1,4951.7,4688.8,4912.8,61106,111251
07/06/2011,4923.9,5034.2,4865.0,4983.0,68373,111140
07/07/2011,4985.0,5084.9,4953.1,5069.1,52350,110539
07/08/2011,5057.8,5118.9,4996.1,5070.0,46720,111206
07/11/2011,5095.3,5126.5,4930.9,4952.8,58743,112754
07/12/2011,4969.7,5057.1,4829.6,4943.9,60838,112795
07/13/2011,5017.6,5319.3,4996.8,5293.1,101001,116168
07/14/2011,5310.3,5465.7,5273.6,5368.5,83454,115389
07/15/2011,5299.2,5450.5,5256.9,5420.8,61307,115266
07/18/2011,5459.5,5651.6,5449.8,5597.1,81028,115318
07/19/2011,5631.5,5671.7,5356.8,5580.3,79307,115999
07/20/2011,5415.1,5570.5,5302.0,5488.3,71025,116336
07/21/2011,5564.9,5601.7,5391.5,5403.6,75421,116016
07/22/2011,5457.4,5591.3,5392.2,5566.6,61007,117251
07/25/2011,5598.2,5703.0,5531.6,5599.7,66680,117195
07/26/2011,5605.2,5686.3,5551.7,5646.5,56569,119563
07/27/2011,5678.7,5752.9,5565.6,5628.5,82723,119952
07/28/2011,5584.3,5632.2,5458.1,5521.1,59058,119654
07/29/2011,5511.5,5606.5,5452.5,5564.4,48324,119517
08/01/2011,5500.4,5559.4,5416.5,5453.8,47246,121061
08/02/2011,5447.7,5672.4,5440.1,5562.4,48569,120385
08/03/2011,5670.4,5835.5,5629.4,5793.6,86148,119981
08/04/2011,5793.1,5868.1,5337.4,5470.7,128622,119241
08/05/2011,5381.8,5531.6,5210.4,5301.4,100842,115724
08/08/2011,5386.6,5605.2,5316.6,5463.6,91044,114366
08/09/2011,5419.2,5501.8,5136.9,5255.9,121211,115939
08/10/2011,5241.6,5491.4,5218.8,5456.3,79381,113905
08/11/2011,5450.5,5530.2,5263.2,5365.0,69636,115703
08/12/2011,5380.4,5443.5,5302.0,5426.7,40479,116172
08/15/2011,5421.3,5526.1,5367.9,5453.5,41426,115859
08/16/2011,5542.0,5573.9,5451.1,5524.5,55175,116007
08/17/2011,5537.9,5635.0,5519.8,5598.4,62597,117283
08/18/2011,5589.2,5681.5,5560.8,5645.1,64296,116153
08/19/2011,5638.5,5946.5,5627.4,5887.1,97903,121950
08/22/2011,6042.1,6113.5,5901.4,6011.6,112889,121089
08/23/2011,6085.7,6140.5,5762.0,5868.1,134077,122543
08/24/2011,5816.1,5893.0,5425.2,5434.3,156418,120054
08/25/2011,5514.6,5717.0,5380.1,5655.0,130635,118443
08/26/2011,5717.0,5759.3,5568.0,5683.8,123189,115609
08/29/2011,5794.6,5801.5,5593.6,5628.4,82607,113910
08/30/2011,5668.5,5784.9,5608.2,5748.0,66588,112428
08/31/2011,5737.1,5835.5,5702.4,5790.2,41833,112243
09/01/2011,5763.4,5806.4,5712.1,5757.5,30670,111735
09/02/2011,5757.9,6030.3,5757.9,5970.5,43425,113633
09/06/2011,5959.6,6022.7,5766.9,5804.0,69690,113449
09/07/2011,5822.3,5860.5,5598.5,5771.2,43638,112137
09/08/2011,5774.5,5922.8,5723.2,5895.8,38393,113213
09/09/2011,5873.6,5931.2,5711.4,5770.2,43284,113383
09/12/2011,5751.6,5766.9,5510.4,5575.2,46968,113116
09/13/2011,5595.0,5737.1,5557.6,5710.5,40212,112726
09/14/2011,5705.2,5740.5,5588.1,5619.0,40596,112612
09/15/2011,5660.8,5662.9,5461.9,5475.9,49717,112349
09/16/2011,5537.5,5681.6,5469.5,5660.3,37131,112187
09/19/2011,5638.7,5669.8,5410.6,5429.1,49378,112490
09/20/2011,5507.7,5597.1,5438.3,5564.1,45259,112103
09/21/2011,5520.8,5653.2,5467.5,5610.1,44305,111553
09/22/2011,5499.3,5524.3,4924.7,5070.7,87889,110785
09/23/2011,4974.6,5084.8,4137.3,4172.8,127619,108858
09/26/2011,4276.6,4293.3,3625.1,4155.5,122390,106574
09/27/2011,4255.9,4655.8,4196.9,4371.7,89427,102014
09/28/2011,4427.7,4558.1,4087.4,4177.4,68806,100578
09/29/2011,4144.3,4371.6,4033.4,4231.2,57627,101396
09/30/2011,4242.7,4343.9,4111.7,4170.3,43894,101170
10/03/2011,4149.8,4357.0,4113.1,4269.0,46890,101021
10/04/2011,4226.7,4346.7,3973.7,4136.5,59477,101102
10/05/2011,4194.2,4247.5,3941.9,4207.6,53370,100552
10/06/2011,4229.5,4465.2,4192.1,4436.8,56185,100165
10/07/2011,4427.7,4553.9,4257.2,4296.5,43894,100221
10/10/2011,4344.6,4486.0,4327.2,4433.3,24833,102419
10/11/2011,4450.6,4516.5,4346.0,4435.8,38169,99698
10/12/2011,4457.6,4588.6,4416.7,4545.4,41141,100175
10/13/2011,4512.3,4547.0,4360.5,4389.9,32201,101327
10/14/2011,4409.0,4514.4,4326.6,4460.0,31547,101637
10/17/2011,4466.6,4529.6,4363.3,4411.3,40446,102604
10/18/2011,4415.3,4485.3,4210.1,4412.6,60179,103357
10/19/2011,4443.0,4456.9,4283.6,4335.8,56286,105441
10/20/2011,4330.0,4349.4,4149.8,4197.8,57422,106445
10/21/2011,4235.7,4368.8,4197.6,4324.2,34948,105320
10/24/2011,4351.5,4441.6,4329.3,4386.7,32993,106843
10/25/2011,4402.8,4628.1,4346.7,4581.9,60047,107066
10/26/2011,4598.3,4706.4,4561.5,4617.7,43948,107046
10/27/2011,4634.3,4903.9,4594.8,4867.5,58498,110911
10/28/2011,4870.0,4949.0,4812.4,4891.9,39539,110396
10/31/2011,4880.4,4914.3,4725.1,4762.4,40650,109017
11/01/2011,4739.7,4813.8,4450.6,4537.4,57965,108675
11/02/2011,4641.9,4773.6,4588.6,4705.4,46279,107089
11/03/2011,4754.2,4838.8,4612.1,4782.4,47273,107361
11/04/2011,4791.6,4817.3,4687.0,4725.0,38890,108798
11/07/2011,4725.8,4853.3,4693.2,4828.1,49841,110047
11/08/2011,4849.2,4900.5,4783.3,4873.2,61131,111841
11/09/2011,4848.5,4887.3,4678.0,4763.4,71455,109689
11/10/2011,4725.1,4760.5,4592.7,4728.0,56115,107527
11/11/2011,4723.0,4831.2,4666.9,4807.9,51199,110897
11/14/2011,4812.4,4840.9,4706.4,4716.6,43720,111163
11/15/2011,4746.6,4829.1,4678.7,4776.5,54179,110513
11/16/2011,4793.7,4800.7,4653.7,4688.6,69362,108846
11/17/2011,4671.7,4710.5,4303.0,4366.3,86527,110002
11/18/2011,4391.7,4519.2,4287.0,4493.9,78878,109615
11/21/2011,4491.5,4493.6,4248.9,4313.5,68803,114020
11/22/2011,4370.0,4580.9,4321.5,4568.6,86712,108548
11/23/2011,4539.4,4553.9,4330.5,4421.0,99119,104689
11/25/2011,4402.5,4466.8,4289.7,4300.4,75182,104191
11/28/2011,4320.9,4476.5,4320.9,4459.4,75789,99208
11/29/2011,4442.6,4459.2,4361.0,4419.1,53560,98959
11/30/2011,4424.6,4563.6,4304.3,4537.2,55395,98068
12/01/2011,4545.6,4632.7,4499.3,4530.9,34472,96677
12/02/2011,4544.9,4666.6,4476.5,4520.8,35882,96080
12/05/2011,4518.6,4576.0,4414.2,4477.4,32648,95479
12/06/2011,4442.6,4556.7,4377.6,4528.9,40012,95684
12/07/2011,4529.0,4544.9,4462.6,4512.7,34030,94999
12/08/2011,4509.6,4605.8,4346.4,4362.1,56186,96761
12/09/2011,4372.0,4480.6,4357.5,4461.0,35454,96348
12/12/2011,4460.5,4467.5,4276.6,4287.9,39745,97262
12/13/2011,4334.7,4431.5,4212.3,4323.6,42113,98311
12/14/2011,4263.5,4297.3,3946.0,4002.0,85866,102578
12/15/2011,4006.2,4059.4,3889.3,4048.9,47650,103462
12/16/2011,4049.8,4139.7,4027.6,4103.8,32195,100894
12/19/2011,4117.5,4121.0,3966.8,3993.6,52003,102054
12/20/2011,3980.6,4097.5,3968.8,4085.2,24799,101165
12/21/2011,4085.0,4178.4,4029.0,4045.5,27573,101430
12/22/2011,4045.6,4105.8,4011.0,4017.5,22513,102225
12/23/2011,4024.2,4073.3,4015.2,4022.7,10708,102330
12/27/2011,4024.9,4041.5,3957.8,3975.1,12750,103993
12/28/2011,3968.2,3982.0,3713.0,3766.8,39415,105249
12/29/2011,3745.5,3850.6,3616.2,3778.0,25796,105982
12/30/2011,3800.1,3936.3,3770.4,3861.0,38707,105982
01/03/2012,3870.0,4112.0,3859.6,4090.1,36839,107101
01/04/2012,4106.5,4113.4,3997.2,4024.4,40221,105688
01/05/2012,4025.6,4096.1,3967.5,4052.0,40780,106471
01/06/2012,4050.5,4074.7,3951.6,3967.2,31978,106526
01/09/2012,3979.2,4039.4,3948.8,3980.9,40129,104745
01/10/2012,4008.3,4192.2,3997.9,4123.8,37303,104345
01/11/2012,4133.4,4181.8,4086.4,4134.1,36978,103882
01/12/2012,4142.4,4242.7,4131.4,4166.5,35535,103877
01/13/2012,4176.3,4183.2,4069.1,4083.2,42457,103877
01/17/2012,4103.7,4231.6,4012.4,4168.0,41152,103668
01/18/2012,4159.0,4230.9,4113.4,4224.4,32530,102870
01/19/2012,4222.6,4273.8,4195.7,4219.7,41650,102055
01/20/2012,4233.7,4455.0,4188.1,4381.0,43383,104406
01/23/2012,4440.5,4533.2,4396.9,4463.3,29396,103030
01/24/2012,4473.7,4491.0,4405.9,4422.5,50850,103025
01/25/2012,4432.9,4619.6,4360.3,4581.0,37440,102516
01/26/2012,4598.9,4673.5,4560.8,4667.0,33418,102006
01/27/2012,4622.4,4697.7,4597.5,4673.5,32106,101915
01/30/2012,4681.8,4704.7,4569.1,4637.2,50048,102642
01/31/2012,4640.3,4720.6,4554.6,4600.5,47550,101747
02/01/2012,4578.8,4702.6,4574.0,4675.9,57606,101921
02/02/2012,4659.7,4759.3,4627.2,4726.8,52993,103409
02/03/2012,4748.9,4756.5,4607.2,4667.9,46330,104540
02/06/2012,4656.3,4684.6,4562.2,4668.0,61447,105438
02/07/2012,4656.3,4753.8,4585.7,4729.4,61626,106008
02/08/2012,4726.1,4774.5,4654.9,4661.6,51204,105332
02/09/2012,4693.6,4764.8,4657.6,4691.1,54954,105366
02/10/2012,4689.5,4710.9,4587.8,4647.8,47800,105969
02/13/2012,4656.3,4707.4,4627.2,4664.1,52954,106192
02/14/2012,4661.8,4681.2,4599.5,4612.4,64848,104872
02/15/2012,4645.2,4699.1,4578.1,4620.7,57458,106621
02/16/2012,4627.9,4641.0,4514.5,4615.5,48485,107270
02/17/2012,4623.1,4659.7,4571.2,4594.2,78545,107270
02/21/2012,4609.9,4766.9,4609.2,4761.9,86466,110583
02/22/2012,4753.6,4770.9,4690.8,4738.2,93989,111003
02/23/2012,4738.5,4924.8,4735.7,4918.7,86056,115874
02/24/2012,4905.5,4941.4,4868.2,4888.9,114089,118204
02/27/2012,4901.3,4928.2,4848.9,4914.3,97660,113348
02/28/2012,4904.8,5147.7,4884.8,5135.3,118190,115866
02/29/2012,5104.2,5187.0,4668.8,4781.5,62577,114827
03/01/2012,4781.9,4928.2,4755.7,4922.2,39618,113669
03/02/2012,4904.1,4908.2,4744.7,4765.4,57230,112597
03/05/2012,4790.9,4824.0,4631.5,4650.8,66954,112424
03/06/2012,4695.7,4721.2,4484.5,4524.9,48965,111023
03/07/2012,4547.3,4639.1,4521.1,4635.6,40534,109649
03/08/2012,4621.1,4718.4,4604.6,4669.6,62985,109302
03/09/2012,4680.5,4754.3,4574.9,4722.2,36386,110439
03/12/2012,4732.9,4749.5,4607.3,4611.9,49574,111822
03/13/2012,4644.6,4670.1,4554.9,4635.1,77328,111730
03/14/2012,4612.9,4619.8,4365.1,4441.8,58429,109596
03/15/2012,4430.7,4541.1,4407.9,4517.1,41715,106723
03/16/2012,4496.9,4521.1,4435.5,4500.2,33671,107309
03/19/2012,4496.2,4567.3,4462.4,4548.7,50374,108268
03/20/2012,4545.9,4549.4,4382.4,4393.9,38490,111422
03/21/2012,4438.3,4473.4,4398.2,4448.2,53207,110948
03/22/2012,4438.3,4465.2,4291.3,4326.5,40643,112365
03/23/2012,4354.1,4458.3,4338.9,4454.4,33271,112236
03/26/2012,4452.1,4545.9,4419.6,4520.4,36786,111392
03/27/2012,4532.8,4581.1,4483.1,4501.9,44153,109859
03/28/2012,4495.5,4511.4,4384.4,4393.5,35572,114261
03/29/2012,4424.4,4458.3,4365.8,4415.8,40364,110455
03/30/2012,4454.8,4503.1,4434.8,4483.7,42472,109693
04/02/2012,4465.9,4589.4,4463.8,4568.4,50629,113035
04/03/2012,4554.9,4595.6,4481.0,4591.5,68108,116434
04/04/2012,4506.6,4510.7,4276.1,4284.9,45126,117088
04/05/2012,4317.5,4390.6,4303.0,4379.6,45126,117088
04/09/2012,4403.1,4430.7,4321.6,4351.2,64766,115778
04/10/2012,4355.4,4408.6,4294.0,4372.6,51748,114469
04/11/2012,4386.5,4392.0,4329.9,4350.7,54712,114948
04/12/2012,4359.6,4496.9,4336.8,4489.3,56462,117210
04/13/2012,4467.2,4476.9,4319.5,4332.7,44784,117118
04/16/2012,4340.3,4375.5,4303.0,4330.3,51456,118203
04/17/2012,4341.6,4404.4,4320.9,4371.9,41668,121448
04/18/2012,4372.0,4401.0,4325.8,4346.1,57522,119560
04/19/2012,4360.3,4418.9,4318.9,4386.4,52574,120454
04/20/2012,4381.0,4403.7,4353.4,4368.7,86938,121702
04/23/2012,4365.9,4371.4,4203.4,4214.3,65677,122727
04/24/2012,4252.3,4292.9,4227.5,4244.0,72574,122325
04/25/2012,4248.9,4273.7,4130.4,4190.3,75468,120321
04/26/2012,4234.4,4315.7,4224.1,4307.5,57532,113740
04/27/2012,4281.2,4334.3,4261.9,4326.1,36752,112127
04/30/2012,4315.0,4330.8,4214.4,4271.7,25524,111953
05/01/2012,4266.8,4319.8,4240.6,4259.9,28000,110862
05/02/2012,4267.5,4277.8,4188.3,4220.6,44289,111443
05/03/2012,4220.6,4224.8,4109.1,4133.2,43763,111680
05/04/2012,4142.8,4197.9,4101.5,4191.3,30232,111920
05/07/2012,4174.5,4185.5,4087.0,4148.6,45309,112139
05/08/2012,4142.8,4149.0,4012.7,4057.3,47869,113549
05/09/2012,4058.1,4062.9,3941.0,4027.3,32633,113479
05/10/2012,4028.5,4056.7,3985.8,4018.6,36346,112558
05/11/2012,3993.4,4007.8,3913.5,3978.9,34776,112393
05/14/2012,3977.5,3994.1,3866.7,3905.0,40861,113546
05/15/2012,3877.7,3915.6,3796.4,3867.4,62167,114208
05/16/2012,3803.3,3851.5,3681.4,3745.6,50214,113663
05/17/2012,3745.5,3897.0,3742.7,3859.1,45198,113766
05/18/2012,3857.0,3979.6,3826.0,3954.8,35409,112914
05/21/2012,3950.7,3974.1,3861.2,3900.6,43076,113893
05/22/2012,3921.1,3963.1,3846.0,3881.0,60131,113647
05/23/2012,3872.9,3879.8,3729.6,3790.1,49089,114105
05/24/2012,3823.3,3927.3,3799.2,3878.0,32078,114080
05/25/2012,3890.8,3934.2,3839.1,3909.5,61331,115381
05/29/2012,3938.3,3961.0,3816.4,3827.6,50751,113961
05/30/2012,3827.4,3876.3,3767.5,3854.0,47654,116027
05/31/2012,3839.8,3882.5,3788.9,3822.9,51615,116027
06/01/2012,3813.0,3950.0,3742.0,3926.9,73772,115991
06/04/2012,3950.0,3950.0,3850.1,3857.3,44328,116104
06/05/2012,3886.6,3931.4,3867.4,3912.1,73265,116809
06/06/2012,3921.8,4113.2,3912.8,4061.3,87892,121317
06/07/2012,4058.1,4087.0,3905.9,3929.2,47758,119446
06/08/2012,3936.9,3945.9,3843.9,3921.2,41481,119616
06/11/2012,3958.3,3994.1,3891.5,3941.2,51337,119619
06/12/2012,3926.6,4001.0,3899.7,3987.0,39614,122080
06/13/2012,3980.3,4007.2,3952.8,3985.9,48202,121848
06/14/2012,3966.5,4004.4,3877.0,3912.4,37186,121162
06/15/2012,3937.6,3969.3,3922.5,3958.3,39328,121667
06/18/2012,3992.7,3995.4,3888.7,3948.8,41288,121325
06/19/2012,3949.3,3980.3,3893.5,3907.0,77296,122508
06/20/2012,3905.2,3938.3,3805.4,3909.9,87428,121949
06/21/2012,3861.9,3866.0,3691.1,3696.4,77467,127983
06/22/2012,3693.0,3716.4,3651.1,3672.3,113850,128399
06/25/2012,3693.7,3800.9,3660.0,3790.8,85309,129728
06/26/2012,3783.0,3787.1,3683.4,3724.3,97277,126164
06/27/2012,3723.9,3757.6,3664.2,3710.2,91366,124000
06/28/2012,3699.2,3727.4,3587.2,3612.8,91528,123988
06/29/2012,3617.4,3835.9,3609.2,3794.3,27171,123965
07/02/2012,3778.9,3793.3,3735.6,3778.8,33909,123242
07/03/2012,3768.6,3908.7,3763.8,3886.1,52234,122708
07/05/2012,3879.9,3899.8,3778.2,3802.5,43892,121851
07/06/2012,3802.3,3819.4,3697.1,3699.2,24991,122985
07/09/2012,3715.0,3776.1,3692.3,3771.2,37821,123097
07/10/2012,3770.6,3789.9,3670.3,3694.0,36644,124109
07/11/2012,3678.6,3743.2,3677.2,3713.3,43162,123127
07/12/2012,3724.6,3758.3,3631.2,3732.3,27352,123815
07/13/2012,3732.2,3785.8,3718.4,3760.9,27060,123091
07/16/2012,3765.2,3768.6,3690.9,3754.3,40452,122566
07/17/2012,3747.3,3791.9,3671.7,3753.6,26360,121819
07/18/2012,3745.9,3757.6,3689.6,3723.2,35870,122590
07/19/2012,3729.4,3789.2,3723.9,3740.0,36115,122326
07/20/2012,3743.2,3765.2,3674.5,3751.7,36113,121847
07/23/2012,3737.7,3749.3,3657.3,3716.0,41380,122727
07/24/2012,3708.1,3730.1,3651.8,3684.2,42619,123661
07/25/2012,3699.9,3781.6,3680.0,3774.2,43440,120881
07/26/2012,3751.4,3817.4,3739.0,3771.5,47439,122160
07/27/2012,3769.3,3827.0,3752.8,3778.6,31470,121394
07/30/2012,3804.3,3874.4,3781.0,3852.1,34822,121934
07/31/2012,3864.8,3893.6,3829.0,3835.8,48528,121809
08/01/2012,3838.0,3850.3,3718.4,3783.7,47718,123385
08/02/2012,3756.9,3817.4,3693.7,3709.5,42007,123900
08/03/2012,3724.6,3833.2,3708.8,3820.3,20846,124503
08/06/2012,3816.0,3840.7,3787.8,3828.8,34407,124143
08/07/2012,3823.6,3872.3,3811.2,3859.4,51010,124276
08/08/2012,3855.2,3876.5,3800.9,3857.9,32830,124569
08/09/2012,3846.9,3873.0,3824.9,3860.9,52424,125491
08/10/2012,3859.3,3890.9,3783.0,3856.1,34354,126842
08/13/2012,3860.0,3868.2,3804.3,3815.6,38583,127158
08/14/2012,3815.3,3843.5,3789.2,3815.0,38053,128993
08/15/2012,3813.9,3842.1,3769.3,3821.8,55886,125645
08/16/2012,3813.9,3880.6,3800.9,3876.7,29035,126889
08/17/2012,3864.1,3887.4,3842.1,3847.9,36730,125817
08/20/2012,3855.2,3956.2,3830.4,3929.1,48452,128376
08/21/2012,3951.3,4048.2,3931.4,4043.8,60890,127776
08/22/2012,4027.5,4103.6,4008.3,4061.2,93881,126869
08/23/2012,4094.7,4229.6,4089.9,4184.7,63955,129496
08/24/2012,4191.3,4226.9,4149.5,4207.6,64245,127108
08/27/2012,4243.3,4290.6,4202.9,4266.2,76046,126458
08/28/2012,4230.3,4255.7,4189.2,4242.4,78665,121777
08/29/2012,4237.2,4251.5,4194.0,4236.7,64474,118929
08/30/2012,4215.2,4243.3,4146.7,4171.5,61386,116923
08/31/2012,4178.2,4359.1,4150.8,4308.0,59538,117546
09/04/2012,4348.1,4448.8,4326.2,4440.8,33733,119504
09/05/2012,4436.5,4443.4,4384.4,4429.5,46892,119285
09/06/2012,4427.6,4526.9,4418.0,4476.8,63065,119395
09/07/2012,4480.4,4627.6,4385.1,4616.0,48768,120271
09/10/2012,4618.7,4661.2,4560.5,4608.2,37994,120620
09/11/2012,4577.6,4641.3,4573.5,4599.0,73562,121050
09/12/2012,4590.0,4678.3,4454.3,4561.5,94613,119722
09/13/2012,4562.6,4777.7,4483.1,4765.1,55651,123402
09/14/2012,4760.5,4793.4,4702.3,4748.4,56292,124366
09/17/2012,4744.1,4787.3,4637.2,4708.8,63366,123670
09/18/2012,4705.1,4809.2,4660.5,4756.8,45712,127032
09/19/2012,4770.1,4798.9,4702.3,4739.0,49157,126008
09/20/2012,4741.4,4768.1,4674.9,4751.9,68358,126769
09/21/2012,4751.6,4831.1,4708.5,4745.9,50405,129500
09/24/2012,4729.7,4738.6,4607.8,4656.3,51479,129956
09/25/2012,4659.8,4733.1,4619.4,4651.3,49270,133163
09/26/2012,4629.7,4673.5,4570.8,4650.3,45920,134423
09/27/2012,4657.8,4770.1,4645.5,4749.7,46332,137658
09/28/2012,4753.0,4785.2,4703.7,4737.5,57177,137402
10/01/2012,4731.1,4856.5,4687.2,4788.9,34312,140237
10/02/2012,4761.2,4811.2,4716.0,4750.1,31641,139117
10/03/2012,4746.8,4785.9,4729.0,4753.0,38091,139835
10/04/2012,4748.2,4818.8,4748.2,4809.3,40299,141109
10/05/2012,4800.3,4815.4,4701.6,4736.8,34516,140570
10/08/2012,4736.6,4741.4,4606.4,4660.8,40277,140676
10/09/2012,4661.9,4694.1,4599.6,4656.4,42204,140426
10/10/2012,4648.2,4684.5,4623.5,4673.4,35715,141351
10/11/2012,4659.8,4710.5,4633.1,4669.7,40600,142591
10/12/2012,4662.6,4681.1,4583.1,4613.1,42762,143056
10/15/2012,4583.8,4585.9,4462.5,4486.2,28879,142406
10/16/2012,4487.9,4532.4,4474.2,4515.8,27684,141405
10/17/2012,4519.4,4562.6,4505.0,4553.2,33503,141240
10/18/2012,4551.6,4566.0,4481.0,4503.4,46532,140673
10/19/2012,4496.1,4509.8,4376.9,4397.7,31854,141181
10/22/2012,4383.1,4449.5,4344.7,4419.0,31999,141181
10/23/2012,4438.6,4453.0,4325.5,4356.1,43602,140643
10/24/2012,4343.3,4392.0,4320.7,4332.4,39989,139223
10/25/2012,4349.5,4420.1,4348.1,4395.1,35312,137977
10/26/2012,4402.3,4436.5,4329.6,4389.4,16904,137639
10/29/2012,4400.2,4416.0,4340.6,4349.5,16132,136849
10/30/2012,4355.7,4405.0,4346.1,4359.2,32602,137585
10/31/2012,4352.9,4444.0,4350.9,4427.7,32729,139243
11/01/2012,4422.1,4479.7,4410.5,4418.4,33107,139329
11/02/2012,4422.8,4434.5,4222.1,4227.8,72043,139303
11/05/2012,4232.4,4281.7,4200.2,4265.0,41092,137416
11/06/2012,4274.8,4422.1,4257.0,4389.1,58205,139313
11/07/2012,4384.4,4442.0,4276.9,4338.0,78154,137816
11/08/2012,4361.2,4446.1,4333.7,4417.3,57559,141625
11/09/2012,4428.3,4492.0,4393.3,4466.5,60941,142611
11/12/2012,4473.5,4486.5,4408.4,4456.0,41817,142396
11/13/2012,4439.9,4498.2,4398.1,4451.2,57236,144567
11/14/2012,4449.5,4511.9,4434.5,4505.0,55263,144620
11/15/2012,4486.5,4490.6,4405.0,4476.8,69959,145883
11/16/2012,4464.6,4477.6,4386.5,4435.1,59909,144908
11/19/2012,4423.5,4550.9,4423.5,4547.4,64654,148714
11/20/2012,4532.4,4557.1,4502.3,4511.9,65089,150335
11/21/2012,4544.7,4575.6,4497.5,4569.4,55777,150954
11/23/2012,4569.5,4680.2,4554.5,4674.2,54505,154888
11/26/2012,4665.9,4689.1,4643.3,4677.4,106629,153396
11/27/2012,4682.3,4696.6,4646.1,4656.2,104427,150727
11/28/2012,4657.0,4664.5,4508.7,4614.6,163326,146182
11/29/2012,4620.1,4713.0,4592.8,4705.0,78043,147626
11/30/2012,4689.1,4704.1,4538.8,4547.5,59608,145560
12/03/2012,4577.1,4636.5,4571.6,4613.1,34264,144412
12/04/2012,4607.8,4611.9,4474.6,4483.2,52498,141738
12/05/2012,4493.0,4550.4,4452.7,4503.5,42595,140923
12/06/2012,4502.6,4554.5,4454.8,4525.0,42692,141975
12/07/2012,4519.7,4555.9,4465.7,4527.3,44344,141496
12/10/2012,4526.5,4577.1,4521.7,4560.9,26963,142180
12/11/2012,4555.2,4556.6,4486.9,4511.7,30007,142085
12/12/2012,4518.3,4629.0,4508.7,4616.3,50331,144066
12/13/2012,4580.5,4580.5,4411.0,4421.3,68687,143178
12/14/2012,4457.5,4481.4,4406.3,4413.6,30718,141710
12/17/2012,4427.4,4439.0,4383.7,4411.0,30634,142017
12/18/2012,4419.2,4454.8,4290.8,4327.5,47320,141423
12/19/2012,4334.5,4355.0,4240.2,4252.0,50118,141142
12/20/2012,4242.3,4273.7,4049.6,4055.5,95560,142897
12/21/2012,4093.3,4143.9,4054.4,4127.2,46464,140617
12/24/2012,4102.2,4153.5,4081.0,4085.4,14127,140751
12/26/2012,4094.0,4134.3,4079.0,4104.3,16434,140124
12/27/2012,4106.3,4171.9,4060.5,4132.3,40701,142154
12/28/2012,4122.0,4149.4,4087.2,4096.1,21544,141748
12/31/2012,4110.4,4165.1,4088.5,4130.5,20166,141489
01/02/2013,4150.0,4309.2,4130.2,4237.1,39905,141548
01/03/2013,4239.5,4266.9,4101.5,4197.9,50900,142561
01/04/2013,4113.1,4140.5,3995.6,4092.1,73418,138375
01/07/2013,4131.6,4164.4,4080.3,4110.7,40270,138678
01/08/2013,4119.3,4180.1,4111.1,4163.0,48797,137542
01/09/2013,4153.5,4178.0,4108.4,4133.5,40031,138841
01/10/2013,4152.1,4229.3,4134.3,4224.9,48797,141122
01/11/2013,4218.4,4227.9,4120.0,4155.2,52787,139636
01/14/2013,4156.9,4259.4,4151.4,4251.2,46910,140255
01/15/2013,4245.0,4320.2,4231.3,4308.4,52059,140433
01/16/2013,4296.3,4314.0,4248.4,4310.2,34381,141023
01/17/2013,4303.1,4363.2,4243.0,4346.8,58453,139733
01/18/2013,4337.9,4391.9,4327.7,4363.5,42758,140442
01/22/2013,4362.5,4422.7,4347.5,4397.0,50883,142279
01/23/2013,4397.4,4439.0,4386.4,4432.8,37807,144195
01/24/2013,4405.6,4406.3,4318.8,4334.8,55573,148351
01/25/2013,4323.6,4347.5,4253.2,4264.3,46387,149593
01/28/2013,4258.0,4279.9,4201.3,4206.1,40198,148997
01/29/2013,4215.6,4300.3,4215.6,4261.3,35075,148526
01/30/2013,4288.7,4413.8,4270.3,4397.0,64184,151705
01/31/2013,4373.5,4390.5,4252.5,4284.1,62151,149854
02/01/2013,4293.5,4394.6,4277.1,4367.0,58922,148857
02/04/2013,4355.7,4362.5,4288.7,4334.0,39516,150852
02/05/2013,4342.0,4388.5,4320.8,4355.7,50548,151512
02/06/2013,4344.8,4359.1,4318.1,4356.0,31764,151562
02/07/2013,4351.6,4363.9,4276.4,4291.2,67332,150111
02/08/2013,4299.0,4331.1,4281.2,4296.4,46478,151176
02/11/2013,4297.6,4309.2,4211.5,4223.8,41252,151075
02/12/2013,4225.2,4258.0,4178.7,4238.7,52590,152817
02/13/2013,4255.3,4266.9,4199.2,4218.2,45923,152947
02/14/2013,4203.3,4244.3,4128.2,4147.7,57477,154364
02/15/2013,4147.3,4162.3,4053.0,4078.8,97137,155204
02/19/2013,4073.5,4120.0,3986.7,4020.5,97680,155353
02/20/2013,4018.9,4046.9,3861.0,3911.2,137829,154887
02/21/2013,3895.9,3946.4,3865.8,3921.7,105376,156435
02/22/2013,3917.5,3948.1,3871.1,3888.8,59598,157030
02/25/2013,3933.1,3991.8,3899.7,3960.7,90763,153319
02/26/2013,3958.4,4021.8,3900.4,3997.9,131560,145620
02/27/2013,4009.5,4014.3,3935.9,3952.2,83085,145610
02/28/2013,3956.3,3980.2,3872.5,3876.8,51805,144813
03/01/2013,3889.5,3925.6,3807.7,3884.7,61782,145845
03/04/2013,3910.6,3929.1,3876.6,3885.6,31760,146302
03/05/2013,3899.1,3966.6,3888.8,3900.3,37182,147100
03/06/2013,3910.6,3973.4,3888.8,3927.4,42548,146970
03/07/2013,3955.6,3965.9,3918.8,3928.1,36666,148547
03/08/2013,3934.5,3989.7,3862.2,3947.2,54354,147225
03/11/2013,3952.2,3965.9,3914.1,3934.2,25041,148515
03/12/2013,3948.1,4002.0,3936.6,3977.6,30480,148283
03/13/2013,3972.0,3992.5,3931.8,3948.6,38635,149945
03/14/2013,3941.3,3948.1,3890.2,3928.0,46535,150769
03/15/2013,3927.0,3955.6,3912.0,3934.0,25693,150805
03/18/2013,3933.8,3969.3,3897.7,3937.1,38870,150192
03/19/2013,3935.9,3966.6,3902.5,3932.9,36065,151521
03/20/2013,3937.9,3952.2,3872.5,3929.3,28862,151593
03/21/2013,3927.0,3998.6,3914.1,3983.2,38713,150924
03/22/2013,3973.4,3977.5,3886.8,3913.1,44228,152912
03/25/2013,3910.6,3939.3,3880.7,3929.1,41297,151575
03/26/2013,3929.1,3933.1,3900.4,3910.5,26514,151384
03/27/2013,3916.8,3925.0,3828.8,3901.4,51180,153690
03/28/2013,3905.9,3928.4,3841.1,3862.0,43845,153912
04/01/2013,3846.6,3867.0,3792.0,3810.3,41487,155109
04/02/2013,3811.8,3837.0,3702.0,3715.4,71548,155755
04/03/2013,3709.5,3724.5,3636.6,3653.9,75010,154332
04/04/2013,3669.3,3683.6,3623.6,3649.8,64065,157212
04/05/2013,3658.4,3722.5,3644.8,3711.6,57030,159386
04/08/2013,3720.4,3745.0,3691.1,3700.4,42453,161574
04/09/2013,3711.6,3820.7,3700.7,3801.7,67160,162241
04/10/2013,3802.2,3813.2,3742.3,3770.6,68114,166621
04/11/2013,3760.7,3788.6,3727.9,3776.6,51958,164393
04/12/2013,3760.0,3768.8,3507.7,3590.4,121195,163331
04/15/2013,3537.0,3551.4,3070.0,3185.4,236815,162415
04/16/2013,3093.2,3269.1,2999.8,3221.8,138104,157302
04/17/2013,3186.6,3235.0,3113.7,3178.0,115590,154640
04/18/2013,3173.7,3225.5,3059.1,3169.6,84343,153193
04/19/2013,3170.2,3248.0,3117.7,3130.7,59761,155815
04/22/2013,3177.6,3223.2,3146.3,3180.2,71909,157264
04/23/2013,3187.8,3190.6,3075.6,3111.1,115200,158970
04/24/2013,3113.7,3179.7,3108.9,3112.7,107385,157403
04/25/2013,3151.1,3319.1,3139.5,3290.2,114469,154988
04/26/2013,3313.7,3379.0,3213.7,3236.6,69044,148156
04/29/2013,3268.8,3344.3,3257.9,3288.0,75461,146310
04/30/2013,3338.9,3340.2,3267.4,3290.6,46287,143477
05/01/2013,3308.9,3312.3,3157.9,3176.0,65657,145736
05/02/2013,3206.9,3291.3,3179.7,3242.3,57246,144886
05/03/2013,3236.8,3317.1,3185.8,3267.3,63459,145947
05/06/2013,3285.8,3322.5,3240.9,3259.3,24474,144524
05/07/2013,3266.1,3270.8,3183.8,3239.0,49452,144156
05/08/2013,3247.0,3278.3,3216.4,3255.5,42278,145332
05/09/2013,3251.8,3288.5,3200.1,3253.3,45092,145324
05/10/2013,3223.2,3248.4,3149.7,3218.9,56993,145466
05/13/2013,3235.5,3243.6,3193.3,3224.0,37810,145175
05/14/2013,3213.7,3232.7,3139.5,3180.9,45860,144666
05/15/2013,3177.0,3190.6,3053.8,3082.8,66614,146411
05/16/2013,3070.2,3098.0,3001.4,3082.9,48293,146271
05/17/2013,3081.7,3094.6,3008.2,3041.2,46729,146940
05/20/2013,3029.3,3162.0,2755.2,3072.5,96774,148284
05/21/2013,3112.3,3117.1,2995.3,3055.2,63589,148619
05/22/2013,3042.3,3168.8,3013.0,3057.5,80802,147311
05/23/2013,3022.5,3081.0,2982.4,3062.4,50099,147342
05/24/2013,3066.8,3074.9,3030.0,3060.8,32001,146232
05/28/2013,3042.3,3089.9,3008.2,3019.5,59456,145299
05/29/2013,3025.9,3058.6,3011.0,3054.9,31062,146008
05/30/2013,3050.4,3137.5,3035.5,3087.2,55726,145999
05/31/2013,3089.2,3109.6,3006.9,3026.3,52482,145316
06/03/2013,3017.1,3117.8,3017.1,3091.4,51381,144995
06/04/2013,3085.8,3092.6,3023.9,3048.9,42558,145734
06/05/2013,3062.0,3094.0,3032.7,3057.5,43792,147883
06/06/2013,3057.9,3107.6,3028.0,3089.5,76114,148551
06/07/2013,3071.5,3096.0,2926.6,2958.3,98275,150828
06/10/2013,2934.1,2997.4,2902.1,2983.1,61893,147476
06/11/2013,2971.5,2987.8,2911.6,2945.1,62782,147175
06/12/2013,2935.5,2986.5,2919.1,2965.5,49246,148423
06/13/2013,2952.5,2981.7,2925.3,2936.5,73722,150483
06/14/2013,2959.9,3061.3,2941.6,2987.0,51900,148560
06/17/2013,3000.1,3001.4,2939.5,2960.4,43003,150968
06/18/2013,2961.3,2978.3,2917.8,2949.3,62857,149891
06/19/2013,2938.2,2972.9,2883.1,2942.0,55320,151706
06/20/2013,2894.6,2895.3,2655.2,2697.1,168531,153878
06/21/2013,2665.4,2736.1,2627.3,2715.6,87638,149240
06/24/2013,2720.2,2741.2,2636.7,2650.7,89746,148530
06/25/2013,2657.7,2691.0,2638.7,2654.6,111611,140639
06/26/2013,2656.4,2662.5,2496.2,2527.1,157427,138384
06/27/2013,2511.8,2573.6,2491.4,2519.0,88535,139178
06/28/2013,2509.1,2667.3,2467.0,2643.5,90007,138472
07/01/2013,2647.6,2725.6,2628.6,2658.2,57140,136969
07/02/2013,2659.8,2686.9,2609.5,2621.6,34721,136146
07/03/2013,2626.5,2699.8,2622.4,2674.7,40474,135719
07/05/2013,2681.5,2693.0,2534.2,2543.8,60034,136347
07/08/2013,2560.0,2615.7,2534.9,2584.8,34514,135394
07/09/2013,2587.1,2645.5,2570.2,2598.4,39129,133851
07/10/2013,2608.2,2653.0,2577.6,2602.1,39810,132702
07/11/2013,2653.7,2749.4,2638.1,2709.5,59834,133151
07/12/2013,2732.4,2741.2,2663.9,2687.2,30067,131994
07/15/2013,2697.1,2733.8,2653.0,2693.6,27653,133116
07/16/2013,2702.6,2721.6,2669.3,2706.6,33986,133445
07/17/2013,2714.1,2739.9,2610.9,2636.7,61960,134277
07/18/2013,2613.6,2657.1,2608.9,2632.5,44885,131944
07/19/2013,2627.9,2661.1,2618.4,2642.1,23138,132732
07/22/2013,2646.9,2793.5,2646.9,2784.6,54957,133641
07/23/2013,2785.4,2796.2,2726.3,2749.9,42453,131748
07/24/2013,2774.5,2782.0,2710.7,2718.2,41640,131077
07/25/2013,2730.4,2756.2,2681.5,2736.4,35428,130582
07/26/2013,2746.0,2763.7,2664.5,2684.4,43640,131461
07/29/2013,2704.6,2742.6,2669.3,2697.0,35232,132076
07/30/2013,2688.3,2698.5,2647.6,2672.0,33244,132831
07/31/2013,2675.4,2729.0,2627.9,2664.9,58344,133980
08/01/2013,2689.0,2709.3,2648.9,2664.4,41040,134239
08/02/2013,2660.5,2751.4,2604.8,2703.5,64335,135679
08/05/2013,2695.1,2714.1,2650.3,2677.4,36270,133714
08/06/2013,2671.3,2685.6,2639.4,2650.7,42981,132053
08/07/2013,2642.8,2661.1,2593.3,2648.7,51760,131954
08/08/2013,2651.0,2757.5,2641.5,2741.7,68541,134025
08/09/2013,2746.0,2794.2,2721.6,2770.7,67940,133870
08/12/2013,2807.8,2911.6,2799.6,2897.3,85809,138778
08/13/2013,2901.5,2953.1,2867.5,2897.8,75032,135226
08/14/2013,2908.2,2967.3,2887.2,2958.1,66710,133322
08/15/2013,2968.7,3148.6,2946.9,3113.9,106397,133727
08/16/2013,3113.9,3177.1,3089.5,3166.5,83378,132284
08/19/2013,3156.7,3204.9,3116.7,3145.3,59047,133784
08/20/2013,3142.5,3164.9,3025.0,3132.4,75334,131076
08/21/2013,3122.8,3171.6,3089.5,3117.7,62952,131397
08/22/2013,3105.7,3166.0,3048.8,3127.4,67421,131051
08/23/2013,3148.4,3271.7,3107.7,3222.4,95863,129802
08/26/2013,3266.3,3315.0,3231.7,3259.5,81871,124649
08/27/2013,3306.2,3355.7,3256.1,3346.9,127792,122271
08/28/2013,3326.6,3409.2,3287.9,3311.5,153666,120186
08/29/2013,3303.5,3317.7,3211.4,3271.0,91293,117915
08/30/2013,3237.8,3260.8,3172.1,3186.0,47043,115115
09/03/2013,3181.6,3323.8,3131.4,3310.2,73099,115644
09/04/2013,3296.1,3310.3,3167.3,3172.8,51944,114189
09/05/2013,3185.6,3208.7,3121.9,3151.1,44116,113944
09/06/2013,3145.0,3250.7,3126.7,3237.3,42360,113968
09/09/2013,3229.7,3285.9,3176.1,3213.7,31687,113433
09/10/2013,3216.8,3227.6,3094.8,3118.7,46660,112276
09/11/2013,3114.5,3150.4,3087.4,3139.8,37293,111834
09/12/2013,3146.3,3152.4,2947.2,3001.2,54014,111908
09/13/2013,2964.8,3019.6,2902.4,2943.1,52390,112202
09/16/2013,3021.7,3047.4,2938.3,2982.2,46008,111785
09/17/2013,2958.0,3000.0,2932.2,2951.8,36227,112757
09/18/2013,2949.9,3150.4,2876.0,2921.9,73542,114573
09/19/2013,3111.8,3176.8,3096.9,3156.1,58432,113181
09/20/2013,3127.4,3140.9,2947.8,2971.1,63339,112518
09/23/2013,2966.1,2977.0,2886.2,2961.6,47538,111998
09/24/2013,2935.6,2985.8,2889.6,2924.9,46612,112317
09/25/2013,2944.4,2975.6,2911.9,2965.6,42442,112930
09/26/2013,2954.6,2998.6,2935.6,2949.3,39337,114416
09/27/2013,2944.4,3004.7,2901.1,2958.1,36435,113382
09/30/2013,2953.2,2995.9,2904.5,2941.5,34668,113065
10/01/2013,2940.4,2977.0,2795.4,2869.2,56486,115238
10/02/2013,2867.9,2986.4,2844.2,2967.1,43711,114596
10/03/2013,2946.5,2962.1,2905.1,2952.0,32168,114331
10/04/2013,2945.1,2971.5,2913.3,2947.4,25225,115042
10/07/2013,2945.8,3048.1,2933.6,3033.3,34214,115271
10/08/2013,3033.2,3052.2,2995.9,3041.1,34321,116098
10/09/2013,3023.7,3036.6,2947.2,2966.3,41936,115665
10/10/2013,2968.8,3014.9,2920.1,2966.9,40459,116081
10/11/2013,2938.3,2962.1,2838.7,2880.6,29059,118205
10/14/2013,2898.4,2937.7,2860.4,2893.5,65109,116929
10/15/2013,2884.8,2916.7,2777.1,2871.4,65604,116207
10/16/2013,2886.2,2905.8,2861.8,2895.0,42947,113884
10/17/2013,2898.4,3008.1,2859.1,2973.8,61500,114500
10/18/2013,2968.2,2987.8,2945.8,2969.2,26013,114173
10/21/2013,2968.8,3026.4,2960.7,3018.7,34860,116828
10/22/2013,3010.8,3093.5,2979.0,3088.1,47947,116767
10/23/2013,3078.6,3092.1,3048.8,3064.6,28818,116005
10/24/2013,3054.9,3104.3,3050.1,3092.4,34665,117296
10/25/2013,3079.9,3083.3,3016.3,3067.6,39908,117970
10/28/2013,3061.0,3077.9,3031.8,3053.9,29242,117677
10/29/2013,3052.2,3066.4,3021.7,3047.7,33331,117973
10/30/2013,3052.2,3129.4,3033.9,3114.2,55473,118946
10/31/2013,3073.2,3074.5,2944.4,2963.0,56411,118494
11/01/2013,2966.8,2980.3,2941.1,2958.9,40944,118600
11/04/2013,2963.4,2972.2,2924.1,2940.4,25138,118166
11/05/2013,2932.9,2952.6,2921.4,2931.7,30800,118718
11/06/2013,2938.3,2991.2,2929.5,2949.6,42243,118617
11/07/2013,2956.0,2983.1,2896.3,2934.5,72233,120978
11/08/2013,2935.0,2968.2,2879.4,2888.5,62562,124233
11/11/2013,2903.1,2906.5,2876.7,2883.7,37614,125482
11/12/2013,2892.3,2893.6,2785.9,2815.4,71312,129525
11/13/2013,2804.9,2825.9,2765.6,2769.9,100421,132919
11/14/2013,2790.6,2829.9,2787.3,2807.9,70478,133125
11/15/2013,2812.3,2821.1,2784.5,2808.5,37267,132810
11/18/2013,2815.0,2818.4,2749.3,2758.4,74712,138731
11/19/2013,2763.5,2774.4,2737.1,2755.3,63229,138809
11/20/2013,2756.8,2776.4,2680.2,2717.9,81168,138175
11/21/2013,2688.3,2716.1,2670.1,2701.1,92991,136577
11/22/2013,2707.0,2715.1,2684.0,2690.9,66887,139938
11/25/2013,2690.1,2751.7,2652.9,2694.3,91999,136428
11/26/2013,2734.1,2749.6,2682.0,2689.9,96980,133285
11/27/2013,2686.7,2723.3,2657.0,2661.3,75862,133122
11/29/2013,2661.7,2717.8,2656.3,2708.8,35421,132752
12/02/2013,2703.0,2705.7,2584.7,2608.2,53110,133814
12/03/2013,2592.1,2614.4,2565.7,2577.9,47686,133109
12/04/2013,2582.6,2689.5,2554.2,2681.3,62808,132882
12/05/2013,2660.4,2666.5,2598.2,2646.2,48757,134096
12/06/2013,2623.2,2675.3,2591.4,2639.8,48163,136391
12/09/2013,2644.2,2701.6,2627.9,2663.9,36238,135755
12/10/2013,2677.3,2762.5,2669.2,2746.9,56396,133086
12/11/2013,2756.4,2769.2,2732.7,2752.5,34713,133394
12/12/2013,2745.6,2751.0,2624.5,2630.4,50109,136716
12/13/2013,2633.3,2669.2,2607.0,2650.8,36392,133118
12/16/2013,2657.7,2743.5,2629.3,2718.0,40056,131873
12/17/2013,2700.9,2735.4,2660.4,2682.7,47711,133306
12/18/2013,2694.9,2740.2,2626.6,2712.3,48716,134450
12/19/2013,2665.1,2691.5,2582.6,2594.3,51818,136304
12/20/2013,2596.8,2639.4,2586.7,2630.4,40329,134324
12/23/2013,2625.9,2639.4,2604.9,2625.0,19209,133213
12/24/2013,2627.3,2646.9,2611.0,2634.6,12016,132501
12/26/2013,2634.0,2708.4,2625.2,2693.0,19790,132481
12/27/2013,2677.3,2718.5,2670.5,2711.0,24510,131082
12/30/2013,2715.1,2728.7,2631.3,2652.3,32435,132681
12/31/2013,2646.9,2680.7,2531.2,2619.1,46744,132475
01/02/2014,2628.6,2763.8,2627.3,2721.6,50228,131728
01/03/2014,2706.4,2748.3,2702.3,2732.9,32019,130246
01/06/2014,2722.6,2752.3,2697.6,2718.3,41497,128781
01/07/2014,2728.7,2742.2,2653.6,2675.5,43368,131294
01/08/2014,2681.3,2686.1,2611.0,2642.0,49312,132099
01/09/2014,2640.1,2665.1,2620.5,2661.5,39095,133761
01/10/2014,2643.5,2738.1,2642.8,2734.5,61299,135500
01/13/2014,2730.0,2767.9,2698.2,2756.4,40163,136957
01/14/2014,2757.1,2794.9,2721.2,2742.5,56627,136158
01/15/2014,2738.8,2740.8,2691.5,2722.4,32873,136845
01/16/2014,2732.7,2738.1,2700.3,2711.6,34588,137894
01/17/2014,2717.8,2761.8,2698.9,2745.4,36406,138423
01/21/2014,2744.9,2763.1,2657.7,2686.7,50139,139468
01/22/2014,2687.4,2696.2,2668.5,2682.6,19520,139510
01/23/2014,2673.9,2746.2,2656.3,2705.7,56221,140216
01/24/2014,2704.3,2742.9,2665.8,2672.5,48559,140348
01/27/2014,2700.3,2716.5,2643.5,2676.3,40744,141878
01/28/2014,2659.0,2682.7,2630.6,2637.1,38972,144244
01/29/2014,2646.2,2699.6,2630.0,2643.7,47505,142882
01/30/2014,2667.1,2667.8,2565.1,2586.1,52792,146749
01/31/2014,2586.7,2632.0,2577.9,2585.3,43097,146387
02/03/2014,2582.0,2652.9,2577.2,2624.4,41086,147765
02/04/2014,2615.8,2638.1,2604.3,2626.2,31884,149163
02/05/2014,2634.0,2749.6,2627.9,2678.0,55759,146779
02/06/2014,2688.8,2728.7,2681.3,2694.6,51292,146327
02/07/2014,2694.9,2716.5,2671.2,2695.7,58158,146155
02/10/2014,2700.3,2741.5,2698.9,2719.5,64221,147735
02/11/2014,2711.8,2743.5,2692.8,2725.0,73650,147988
02/12/2014,2734.1,2757.1,2715.1,2750.4,91346,151580
02/13/2014,2734.1,2774.6,2721.2,2757.7,55712,150116
02/14/2014,2769.2,2905.8,2764.5,2896.5,94140,149368
02/18/2014,2904.4,2972.1,2882.1,2961.0,123185,147035
02/19/2014,2968.7,2969.3,2890.2,2954.5,80074,145275
02/20/2014,2914.6,2961.2,2893.6,2932.0,85617,148593
02/21/2014,2951.1,2971.4,2917.3,2945.3,92022,145931
02/24/2014,2954.1,2999.3,2909.5,2982.3,115883,148656
02/25/2014,2970.9,2977.7,2931.1,2970.4,121208,144305
02/26/2014,2957.4,2979.7,2851.4,2874.3,148771,135419
02/27/2014,2872.4,2904.8,2838.6,2882.8,72427,136455
02/28/2014,2875.1,2893.3,2849.4,2867.8,42632,134679
03/03/2014,2879.1,2935.2,2870.3,2900.7,48719,134660
03/04/2014,2896.0,2908.2,2840.6,2865.2,47903,133550
03/05/2014,2863.6,2881.2,2856.2,2871.8,26592,133570
03/06/2014,2862.2,2923.0,2849.4,2912.7,40429,135450
03/07/2014,2901.4,2917.6,2802.2,2825.5,66901,136346
03/10/2014,2825.8,2843.3,2782.6,2823.1,48779,136714
03/11/2014,2815.0,2879.1,2790.7,2810.3,51575,136625
03/12/2014,2816.3,2894.0,2810.9,2883.6,65567,138016
03/13/2014,2879.8,2900.1,2849.4,2862.0,46261,139123
03/14/2014,2862.2,2942.6,2854.1,2891.0,53801,141156
03/17/2014,2901.4,2923.0,2852.1,2872.4,35246,144104
03/18/2014,2860.9,2869.0,2784.6,2816.6,50390,144578
03/19/2014,2813.0,2830.5,2768.4,2811.8,55874,144343
03/20/2014,2783.3,2798.8,2719.1,2758.3,49973,145213
03/21/2014,2743.4,2779.2,2736.0,2742.1,30185,145380
03/24/2014,2739.4,2742.8,2689.4,2709.3,47320,145472
03/25/2014,2693.5,2729.3,2687.4,2697.4,43913,147597
03/26/2014,2700.2,2719.8,2657.0,2670.5,42544,148710
03/27/2014,2667.2,2682.7,2642.9,2660.8,38099,148090
03/28/2014,2663.1,2689.4,2648.9,2671.9,48768,149654
03/31/2014,2680.7,2701.6,2663.1,2666.8,34900,150438
04/01/2014,2669.9,2688.1,2651.0,2658.1,40253,150361
04/02/2014,2666.5,2719.8,2663.8,2707.0,61664,153442
04/03/2014,2699.6,2711.0,2654.3,2673.9,37198,154749
04/04/2014,2678.0,2731.3,2671.2,2692.9,52151,156785
04/07/2014,2699.6,2702.3,2669.9,2687.7,40156,156948
04/08/2014,2682.7,2723.9,2680.0,2707.9,81781,159316
04/09/2014,2705.6,2713.1,2646.2,2669.2,83334,162988
04/10/2014,2681.3,2754.2,2681.3,2712.5,81610,162203
04/11/2014,2705.6,2717.8,2688.1,2692.9,55529,165569
04/14/2014,2705.0,2719.1,2662.4,2701.6,44512,163724
04/15/2014,2696.2,2699.6,2594.9,2631.2,88342,164158
04/16/2014,2640.2,2673.9,2609.1,2650.8,52975,160397
04/17/2014,2651.0,2662.4,2631.4,2645.7,45470,160933
04/21/2014,2646.2,2660.4,2596.3,2612.6,42211,160315
04/22/2014,2621.2,2635.4,2604.4,2613.6,72897,157687
04/23/2014,2619.2,2637.4,2617.9,2624.2,63640,156357
04/24/2014,2624.6,2686.6,2554.5,2657.5,135155,154112
04/25/2014,2654.9,2674.5,2634.7,2658.0,98910,148978
04/28/2014,2665.1,2666.4,2630.0,2644.7,85541,146894
04/29/2014,2642.1,2646.2,2606.4,2633.8,69338,149725
04/30/2014,2626.6,2630.0,2569.3,2584.7,56782,152309
05/01/2014,2586.9,2595.0,2518.8,2567.0,39067,153586
05/02/2014,2567.3,2655.6,2548.4,2634.9,55796,151171
05/05/2014,2634.7,2661.7,2626.6,2638.2,29233,150049
05/06/2014,2645.5,2657.6,2629.3,2648.2,33645,149495
05/07/2014,2642.8,2665.1,2601.0,2607.4,48914,152671
05/08/2014,2604.4,2613.8,2578.1,2579.9,34718,154357
05/09/2014,2586.9,2603.7,2567.3,2577.6,34861,154562
05/12/2014,2582.1,2651.6,2567.3,2634.4,45854,150485
05/13/2014,2632.7,2644.8,2610.5,2635.0,30137,149922
05/14/2014,2635.4,2696.7,2630.0,2665.7,51841,146560
05/15/2014,2667.7,2673.8,2619.2,2626.5,46972,148165
05/16/2014,2628.7,2632.7,2595.6,2605.6,36260,149371
05/19/2014,2611.1,2653.6,2603.0,2608.8,38989,149813
05/20/2014,2607.8,2623.9,2591.6,2615.0,32247,150164
05/21/2014,2615.2,2628.7,2597.0,2606.8,33148,150981
05/22/2014,2615.2,2672.5,2609.8,2631.3,52009,150311
05/23/2014,2627.3,2632.0,2601.0,2617.6,35206,151777
05/27/2014,2620.6,2628.7,2564.6,2570.3,63153,156319
05/28/2014,2570.7,2582.1,2557.2,2569.2,38246,156457
05/29/2014,2566.0,2574.1,2531.6,2563.1,53497,158747
05/30/2014,2566.0,2572.7,2509.4,2518.4,49113,160568
06/02/2014,2533.6,2543.7,2514.1,2526.1,32020,159537
06/03/2014,2528.2,2550.5,2522.2,2529.3,36299,161062
06/04/2014,2531.6,2545.1,2523.5,2533.2,27330,159656
06/05/2014,2534.3,2582.1,2516.8,2572.4,51795,157832
06/06/2014,2566.6,2588.2,2545.1,2560.0,60822,161005
06/09/2014,2563.9,2586.9,2559.2,2570.1,49454,159175
06/10/2014,2568.7,2594.3,2557.2,2583.9,56145,161532
06/11/2014,2586.2,2605.7,2580.8,2584.4,59634,164262
06/12/2014,2586.9,2637.4,2581.5,2633.1,80674,165003
06/13/2014,2632.0,2658.3,2624.6,2649.5,67979,163223
06/16/2014,2651.6,2679.2,2638.1,2657.6,63187,163592
06/17/2014,2650.9,2665.7,2619.9,2659.9,51594,164576
06/18/2014,2661.0,2685.3,2650.9,2666.1,54557,164175
06/19/2014,2681.9,2820.7,2673.1,2783.4,117386,166025
06/20/2014,2799.9,2829.5,2774.2,2824.0,109636,165760
06/23/2014,2810.0,2823.4,2795.2,2819.9,81843,163248
06/24/2014,2814.7,2855.1,2805.3,2837.8,111466,158093
06/25/2014,2817.4,2854.4,2792.5,2847.8,115682,157111
06/26/2014,2832.2,2848.3,2803.9,2846.6,106246,156444
06/27/2014,2845.6,2858.4,2817.4,2842.8,71944,155591
06/30/2014,2832.9,2847.7,2798.6,2832.3,53446,155893
07/01/2014,2834.2,2861.8,2831.5,2840.5,49607,156698
07/02/2014,2836.2,2869.9,2819.4,2865.4,45066,159216
07/03/2014,2853.0,2855.7,2800.6,2843.2,43961,159228
07/07/2014,2851.7,2862.5,2806.6,2826.7,42304,161297
07/08/2014,2838.2,2857.7,2818.7,2826.5,45003,162879
07/09/2014,2836.2,2863.1,2830.2,2833.9,39148,163578
07/10/2014,2840.9,2909.5,2840.9,2893.1,60739,164676
07/11/2014,2887.3,2900.8,2881.3,2886.8,33680,164053
07/14/2014,2890.0,2896.1,2811.3,2813.2,58385,162089
07/15/2014,2821.4,2842.3,2780.4,2809.9,56480,162447
07/16/2014,2791.2,2808.6,2775.0,2794.5,37401,163162
07/17/2014,2799.9,2865.1,2792.5,2842.8,52016,164702
07/18/2014,2852.4,2867.2,2795.2,2809.5,36154,163292
07/21/2014,2815.4,2847.0,2806.0,2826.4,23684,163011
07/22/2014,2820.8,2840.9,2795.9,2825.9,38475,162485
07/23/2014,2828.2,2838.9,2816.7,2824.1,26714,162323
07/24/2014,2819.4,2820.8,2737.4,2746.1,67327,160605
07/25/2014,2746.8,2799.2,2737.4,2775.8,44302,159277
07/28/2014,2786.5,2794.5,2764.3,2766.5,39772,158375
07/29/2014,2775.0,2803.9,2758.2,2768.7,40027,158532
07/30/2014,2771.0,2792.5,2754.8,2770.6,35557,159513
07/31/2014,2777.0,2795.2,2740.0,2745.7,45003,160497
08/01/2014,2744.1,2768.3,2723.2,2740.2,53435,157395
08/04/2014,2735.3,2754.8,2713.1,2721.6,40915,157085
08/05/2014,2714.5,2729.3,2658.0,2667.8,65788,157578
08/06/2014,2661.4,2708.4,2659.3,2693.5,64164,156850
08/07/2014,2697.0,2707.8,2674.1,2688.9,55369,158609
08/08/2014,2689.6,2715.2,2669.4,2682.3,67270,158097
08/11/2014,2679.5,2705.1,2669.4,2703.1,41966,157031
08/12/2014,2692.3,2711.1,2673.5,2677.5,59163,158219
08/13/2014,2680.2,2701.7,2650.6,2669.4,65112,161928
08/14/2014,2666.1,2688.3,2661.4,2677.6,47110,163250
08/15/2014,2672.1,2684.2,2623.7,2626.4,64963,165653
08/18/2014,2633.8,2649.2,2619.0,2641.2,32617,165052
08/19/2014,2635.8,2649.9,2604.9,2611.2,48471,164893
08/20/2014,2612.9,2634.5,2608.9,2622.6,61304,167472
08/21/2014,2618.3,2620.3,2594.1,2611.6,57581,167594
08/22/2014,2612.0,2630.1,2594.6,2607.8,66714,166607
08/25/2014,2611.3,2618.7,2595.9,2604.1,46326,166342
08/26/2014,2599.9,2644.8,2597.2,2607.8,83116,164262
08/27/2014,2598.6,2619.4,2594.6,2610.0,78907,158682
08/28/2014,2610.6,2673.6,2609.3,2627.9,79815,159634
08/29/2014,2618.7,2636.8,2610.0,2612.3,36582,161650
09/02/2014,2612.7,2622.0,2561.1,2566.7,56203,162307
09/03/2014,2574.5,2583.8,2564.4,2571.6,29781,161805
09/04/2014,2575.1,2598.6,2552.3,2564.8,47492,165237
09/05/2014,2555.0,2583.8,2549.0,2567.2,27755,164501
09/08/2014,2571.8,2592.6,2536.9,2541.1,31262,164597
09/09/2014,2553.7,2567.1,2531.6,2535.6,34827,165281
09/10/2014,2557.0,2563.1,2532.9,2536.4,36944,166080
09/11/2014,2541.0,2544.3,2488.7,2492.6,65705,172348
09/12/2014,2504.1,2508.8,2473.3,2493.5,47821,170705
09/15/2014,2494.1,2507.5,2486.7,2495.4,28526,171136
09/16/2014,2498.7,2530.9,2494.1,2508.9,47186,171260
09/17/2014,2505.4,2519.5,2478.0,2510.7,34200,172066
09/18/2014,2480.7,2495.4,2448.5,2481.6,47924,173513
09/19/2014,2482.7,2492.0,2382.8,2391.4,68926,176501
09/22/2014,2392.9,2394.2,2321.8,2382.0,80221,171000
09/23/2014,2375.4,2411.0,2360.0,2382.7,52660,170393
09/24/2014,2380.8,2394.9,2346.6,2372.4,57378,168347
09/25/2014,2368.7,2370.8,2314.5,2337.0,56721,167968
09/26/2014,2345.3,2375.4,2337.3,2350.3,41587,168403
09/29/2014,2355.3,2363.4,2335.9,2354.3,29138,169872
09/30/2014,2339.9,2355.3,2258.2,2285.9,68545,173222
10/01/2014,2274.9,2337.3,2260.2,2313.0,52076,172201
10/02/2014,2303.7,2325.2,2268.9,2284.6,41819,171878
10/03/2014,2286.3,2299.1,2230.0,2255.0,51835,172444
10/06/2014,2252.2,2326.5,2232.7,2308.4,40673,170511
10/07/2014,2323.9,2362.0,2289.7,2310.4,45899,171283
10/08/2014,2304.4,2340.6,2285.7,2286.9,49876,170593
10/09/2014,2327.9,2374.8,2321.8,2334.3,55511,169443
10/10/2014,2326.5,2334.6,2305.8,2318.9,35148,169495
10/13/2014,2326.5,2369.4,2315.8,2324.5,29747,169811
10/14/2014,2345.3,2354.7,2321.8,2332.3,26558,169329
10/15/2014,2329.2,2388.2,2281.0,2340.5,69958,169281
10/16/2014,2338.6,2350.7,2305.1,2336.9,38874,168963
10/17/2014,2327.9,2337.3,2307.8,2322.6,27261,170248
10/20/2014,2323.2,2348.0,2311.8,2325.7,25130,170155
10/21/2014,2334.6,2366.1,2325.9,2351.9,36317,170192
10/22/2014,2348.0,2350.0,2293.7,2309.2,39659,172627
10/23/2014,2301.7,2311.8,2283.0,2299.5,33520,172070
10/24/2014,2305.1,2325.9,2296.4,2302.7,35195,173699
10/27/2014,2303.1,2309.1,2289.0,2299.9,24762,174641
10/28/2014,2291.0,2331.9,2286.3,2308.6,33802,173733
10/29/2014,2305.1,2320.5,2280.3,2313.7,37216,176963
10/30/2014,2291.0,2305.8,2188.5,2200.6,93012,179608
10/31/2014,2210.6,2213.3,2095.4,2158.5,90332,177342
11/03/2014,2159.0,2173.8,2109.4,2171.2,44731,175819
11/04/2014,2159.7,2166.4,2131.5,2138.0,41321,176463
11/05/2014,2146.9,2150.3,2026.3,2069.1,98984,170139
11/06/2014,2055.8,2071.2,2037.7,2065.6,55351,168666
11/07/2014,2064.5,2128.2,2015.6,2105.9,87730,169091
11/10/2014,2117.5,2128.2,2074.6,2100.2,62739,170351
11/11/2014,2090.0,2128.2,2069.9,2101.1,54688,170684
11/12/2014,2102.1,2112.8,2083.3,2093.7,69764,171698
11/13/2014,2096.0,2116.1,2082.0,2093.5,50956,175263
11/14/2014,2094.7,2195.2,2043.8,2186.3,94019,172725
11/17/2014,2185.1,2205.2,2146.3,2151.9,71410,173617
11/18/2014,2161.7,2197.9,2140.2,2167.6,61546,173075
11/19/2014,2166.4,2216.0,2126.8,2183.7,113965,174655
11/20/2014,2160.4,2187.2,2138.2,2162.6,61245,176523
11/21/2014,2178.4,2224.7,2157.0,2197.2,100164,174893
11/24/2014,2197.3,2206.0,2176.6,2194.0,97537,164522
11/25/2014,2204.7,2236.7,2203.3,2217.5,127403,156982
11/26/2014,2231.4,2231.4,2204.7,2216.8,61558,153876
11/28/2014,2208.0,2212.7,2057.2,2076.7,79967,155108
12/01/2014,2054.5,2244.1,1889.6,2228.3,128927,150718
12/02/2014,2202.0,2207.4,2145.3,2196.8,68897,148422
12/03/2014,2198.0,2215.4,2167.3,2190.9,42966,147505
12/04/2014,2192.7,2226.7,2186.0,2212.7,35784,146915
12/05/2014,2199.3,2210.7,2165.3,2170.4,42960,147360
12/08/2014,2169.3,2194.7,2158.0,2172.8,28569,146537
12/09/2014,2184.0,2300.1,2174.6,2287.3,70417,148195
12/10/2014,2286.1,2316.8,2262.8,2294.4,51116,148020
12/11/2014,2278.1,2301.5,2262.1,2284.4,37464,147536
12/12/2014,2284.1,2300.1,2270.8,2277.0,33715,149333
12/15/2014,2276.1,2280.1,2154.0,2211.1,45426,149964
12/16/2014,2163.3,2224.7,2074.5,2102.8,81502,150199
12/17/2014,2103.2,2143.9,2084.5,2126.3,50778,149470
12/18/2014,2103.2,2166.6,2101.2,2127.1,35168,149096
12/19/2014,2119.2,2150.6,2113.2,2139.9,23949,148101
12/22/2014,2156.0,2159.3,2073.2,2094.3,34931,149820
12/23/2014,2092.5,2121.9,2077.2,2104.8,26474,149149
12/24/2014,2105.9,2117.9,2093.2,2097.2,12385,149104
12/26/2014,2106.6,2176.6,2104.6,2155.6,17889,148436
12/29/2014,2146.6,2170.0,2098.6,2106.4,27864,150099
12/30/2014,2110.6,2200.0,2102.6,2172.8,38956,149594
12/31/2014,2169.3,2177.3,2075.2,2082.4,28573,151215
01/02/2015,2099.9,2143.9,2070.5,2105.0,35971,151265
01/05/2015,2108.6,2170.6,2086.5,2164.4,49741,151282
01/06/2015,2157.3,2234.7,2151.3,2221.0,46476,152879
01/07/2015,2212.7,2224.0,2176.0,2208.6,37680,153901
01/08/2015,2208.7,2224.7,2176.6,2187.3,30600,154525
01/09/2015,2186.0,2219.4,2164.0,2191.9,35031,155208
01/12/2015,2202.0,2228.0,2193.3,2211.2,28723,155983
01/13/2015,2214.7,2298.1,2212.0,2290.3,70528,157282
01/14/2015,2278.8,2282.1,2210.7,2267.8,53327,156936
01/15/2015,2248.1,2301.5,2230.7,2283.0,63190,157013
01/16/2015,2264.8,2384.9,2254.7,2369.5,70300,160918
01/20/2015,2381.6,2408.9,2353.5,2397.0,63905,159904
01/21/2015,2404.3,2470.3,2391.6,2428.7,61775,160455
01/22/2015,2424.3,2468.3,2388.2,2451.0,46733,160998
01/23/2015,2447.6,2458.3,2418.9,2443.0,37160,161811
01/26/2015,2443.0,2468.3,2384.9,2400.7,38785,162448
01/27/2015,2392.2,2431.6,2323.5,2414.1,37047,162440
01/28/2015,2408.9,2426.3,2395.6,2414.7,35186,162040
01/29/2015,2402.9,2409.6,2234.7,2239.1,84995,163469
01/30/2015,2268.1,2312.1,2244.7,2297.2,52349,163241
02/02/2015,2290.1,2314.8,2268.8,2302.9,42311,164380
02/03/2015,2301.5,2369.5,2278.8,2312.3,61567,168486
02/04/2015,2313.5,2358.9,2292.1,2322.2,48651,168588
02/05/2015,2318.8,2336.2,2258.7,2295.6,49201,165296
02/06/2015,2306.8,2318.8,2208.7,2228.6,75263,166725
02/09/2015,2240.7,2288.8,2227.4,2278.8,51464,167346
02/10/2015,2264.8,2282.1,2231.4,2252.5,51250,168146
02/11/2015,2260.1,2279.4,2230.7,2237.5,51603,169334
02/12/2015,2242.1,2274.8,2216.7,2241.9,52155,171036
02/13/2015,2248.1,2326.8,2247.4,2308.7,62405,171015
02/17/2015,2312.8,2322.8,2170.6,2186.4,108617,175193
02/18/2015,2200.0,2212.7,2166.6,2171.3,77377,171172
02/19/2015,2195.3,2238.7,2178.6,2186.8,56286,171196
02/20/2015,2182.0,2210.0,2157.3,2172.4,73156,168522
02/23/2015,2173.7,2214.3,2145.1,2169.6,67731,166123
02/24/2015,2175.0,2197.0,2141.1,2160.8,69793,166676
02/25/2015,2169.0,2229.6,2169.0,2192.9,97741,163695
02/26/2015,2201.0,2250.2,2199.0,2212.8,62956,160378
02/27/2015,2205.0,2223.0,2186.4,2204.1,32231,160392
03/02/2015,2206.3,2234.9,2176.4,2189.8,29870,162740
03/03/2015,2183.7,2207.0,2139.1,2169.2,44341,164018
03/04/2015,2164.4,2177.7,2137.1,2150.8,28947,163517
03/05/2015,2159.1,2177.0,2148.4,2150.8,24283,163898
03/06/2015,2154.4,2161.1,2095.8,2104.1,48773,166235
03/09/2015,2120.5,2124.5,2090.5,2100.0,27518,167631
03/10/2015,2092.5,2106.5,2073.9,2080.9,40743,169125
03/11/2015,2079.9,2093.8,2031.3,2045.3,34621,171957
03/12/2015,2059.2,2087.8,2047.9,2065.4,36297,174702
03/13/2015,2071.9,2084.5,2057.2,2062.4,27357,177160
03/16/2015,2080.5,2097.2,2061.9,2078.8,29239,178548
03/17/2015,2079.9,2092.5,2044.6,2073.6,40081,178524
03/18/2015,2067.2,2142.4,2053.9,2068.7,41984,179123
03/19/2015,2120.5,2157.1,2102.5,2145.0,65192,176948
03/20/2015,2146.4,2248.2,2140.4,2247.3,65364,175650
03/23/2015,2230.3,2274.9,2211.0,2248.4,46279,174123
03/24/2015,2262.2,2268.2,2236.9,2260.6,44634,172659
03/25/2015,2254.2,2281.5,2241.6,2262.9,33152,172070
03/26/2015,2258.9,2316.8,2250.9,2281.5,52371,171441
03/27/2015,2274.2,2288.8,2243.6,2272.1,47501,170615
03/30/2015,2261.6,2261.6,2213.0,2219.5,35865,170257
03/31/2015,2223.6,2238.9,2187.7,2209.4,42517,170105
04/01/2015,2212.3,2272.9,2196.3,2270.7,48808,171721
04/02/2015,2254.2,2262.9,2205.7,2223.1,44426,168308
04/06/2015,2262.2,2304.2,2254.2,2277.5,40954,170226
04/07/2015,2257.6,2259.6,2227.0,2241.6,39114,169700
04/08/2015,2242.3,2250.2,2179.0,2190.2,63806,171715
04/09/2015,2196.3,2197.7,2143.8,2153.2,62033,171410
04/10/2015,2148.4,2216.3,2148.4,2180.6,66980,172711
04/13/2015,2185.7,2197.7,2159.7,2168.5,49114,174725
04/14/2015,2167.1,2175.0,2123.8,2151.2,58966,177877
04/15/2015,2149.1,2179.0,2135.8,2166.9,59457,173878
04/16/2015,2168.4,2193.0,2143.1,2167.6,56801,174943
04/17/2015,2164.4,2195.0,2154.4,2160.3,55386,176946
04/20/2015,2166.4,2175.0,2105.8,2115.0,71418,179707
04/21/2015,2119.1,2151.7,2111.1,2130.8,80942,182633
04/22/2015,2126.5,2139.1,2083.3,2102.7,82043,184278
04/23/2015,2095.3,2118.5,2089.9,2107.3,69457,186164
04/24/2015,2108.5,2114.5,2070.7,2082.0,98613,188004
04/27/2015,2089.9,2189.5,2087.3,2182.8,123478,185872
04/28/2015,2178.9,2217.4,2167.6,2208.1,115843,179574
04/29/2015,2206.8,2220.7,2179.6,2217.7,75060,178552
04/30/2015,2200.8,2221.4,2097.9,2144.8,68880,178859
05/01/2015,2143.7,2159.0,2110.5,2142.4,35376,177810
05/04/2015,2141.7,2226.0,2141.1,2183.0,48932,175374
05/05/2015,2177.6,2218.1,2170.3,2201.4,34525,175694
05/06/2015,2196.2,2210.8,2175.6,2191.7,33085,175187
05/07/2015,2195.5,2198.2,2145.7,2163.9,41397,176518
05/08/2015,2165.0,2198.2,2159.0,2186.2,34916,176026
05/11/2015,2179.6,2197.5,2151.0,2166.2,36616,177096
05/12/2015,2162.3,2203.5,2140.4,2194.3,43885,174919
05/13/2015,2193.5,2288.5,2188.2,2286.6,82414,180383
05/14/2015,2278.5,2334.9,2266.5,2319.0,67870,180310
05/15/2015,2318.3,2334.9,2284.5,2332.0,49438,178529
05/18/2015,2328.3,2360.2,2320.3,2354.4,44984,177854
05/19/2015,2350.9,2354.8,2240.0,2266.7,63195,174337
05/20/2015,2269.9,2294.4,2248.6,2272.3,40002,174334
05/21/2015,2270.5,2290.4,2257.3,2274.8,23528,174593
05/22/2015,2275.8,2301.7,2249.3,2264.0,34447,173331
05/26/2015,2263.9,2281.2,2210.1,2223.5,51762,173629
05/27/2015,2222.1,2232.0,2201.5,2210.4,38490,176619
05/28/2015,2214.1,2227.4,2196.2,2213.3,45480,178022
05/29/2015,2213.4,2237.3,2209.5,2217.5,35838,177504
06/01/2015,2216.8,2279.8,2202.8,2214.8,60741,178179
06/02/2015,2220.7,2236.0,2205.5,2230.6,50634,178343
06/03/2015,2227.4,2230.0,2174.3,2188.2,74904,180138
06/04/2015,2188.2,2190.9,2135.1,2138.1,63368,182677
06/05/2015,2133.1,2145.7,2114.5,2122.3,72865,184005
06/08/2015,2129.8,2139.1,2108.5,2119.0,56381,186356
06/09/2015,2113.8,2142.4,2111.9,2118.8,57997,189524
06/10/2015,2112.5,2149.7,2110.5,2119.0,55885,189670
06/11/2015,2119.2,2129.8,2093.9,2119.2,65685,191663
06/12/2015,2121.8,2125.1,2095.9,2101.2,47112,192527
06/15/2015,2111.2,2155.7,2099.2,2135.5,62656,188970
06/16/2015,2129.1,2138.4,2104.6,2119.8,49789,191774
06/17/2015,2119.8,2157.7,2109.2,2117.4,49863,191044
06/18/2015,2134.4,2181.6,2127.1,2144.8,75509,194591
06/19/2015,2139.1,2149.7,2107.2,2138.9,51223,194742
06/22/2015,2138.8,2154.0,2122.9,2143.1,81941,195364
06/23/2015,2142.1,2147.4,2079.9,2089.4,114297,200273
06/24/2015,2096.4,2109.0,2087.8,2105.0,80832,198578
06/25/2015,2103.7,2111.7,2088.5,2098.5,87210,197411
06/26/2015,2098.4,2107.0,2050.7,2088.9,106822,196326
06/29/2015,2101.7,2124.9,2074.6,2079.2,74142,196198
06/30/2015,2089.1,2098.4,2044.8,2064.1,64454,196724
07/01/2015,2068.6,2077.9,2053.4,2063.6,35775,197837
07/02/2015,2057.3,2087.1,2046.7,2061.6,37107,195889
07/06/2015,2081.8,2095.8,2052.7,2086.9,42344,196022
07/07/2015,2075.9,2081.2,1936.8,1983.0,106606,197092
07/08/2015,1987.8,2016.3,1948.0,2008.7,79411,191661
07/09/2015,2001.7,2056.7,1983.8,2035.0,52462,188723
07/10/2015,2036.8,2071.2,2032.2,2050.8,32660,187302
07/13/2015,2060.7,2106.4,2022.9,2047.7,41795,186300
07/14/2015,2050.7,2050.7,2018.3,2028.9,32511,185716
07/15/2015,2030.2,2034.8,1981.8,1993.5,38294,186974
07/16/2015,1995.1,2006.3,1966.6,1985.0,34444,187659
07/17/2015,1981.2,1987.8,1960.0,1965.1,30562,188772
07/20/2015,1964.6,1984.5,1919.6,1955.1,63070,190241
07/21/2015,1938.8,1977.9,1936.1,1958.6,33904,190226
07/22/2015,1962.0,1969.2,1932.2,1951.4,38509,189597
07/23/2015,1952.7,1981.8,1926.9,1947.5,30385,190384
07/24/2015,1936.1,1946.1,1898.4,1919.3,58101,190439
07/27/2015,1946.1,1952.7,1920.2,1934.8,34082,190285
07/28/2015,1922.9,1944.1,1922.2,1939.7,33095,190322
07/29/2015,1939.4,1973.9,1930.2,1953.1,41608,188213
07/30/2015,1957.3,1962.6,1931.5,1946.9,36901,187085
07/31/2015,1946.7,1983.2,1922.2,1953.3,44480,185926
08/03/2015,1954.0,1956.0,1906.3,1922.9,42613,188662
08/04/2015,1914.3,1937.4,1900.4,1928.4,44254,185848
08/05/2015,1926.9,1944.1,1916.3,1927.9,43796,184211
08/06/2015,1926.9,1952.0,1919.6,1944.3,42147,183063
08/07/2015,1938.1,1985.8,1929.5,1963.4,63793,179186
08/10/2015,1954.0,2036.8,1948.0,2025.8,66157,180433
08/11/2015,2017.6,2037.5,1995.7,2024.8,75249,177902
08/12/2015,2025.5,2062.6,2003.7,2050.2,79986,174865
08/13/2015,2055.4,2060.7,2022.2,2040.0,61974,174871
08/14/2015,2040.1,2064.6,2005.7,2015.3,57290,174507
08/17/2015,2016.9,2036.8,2011.0,2026.6,37415,172790
08/18/2015,2026.9,2030.2,1944.7,1959.3,77112,173545
08/19/2015,1969.2,2029.5,1960.0,2010.8,78611,169650
08/20/2015,2022.9,2061.3,2020.9,2055.6,68711,169192
08/21/2015,2058.7,2081.8,2001.0,2027.0,78427,170648
08/24/2015,2029.9,2039.2,1927.6,1954.4,141942,169111
08/25/2015,1959.3,1976.4,1922.9,1935.0,111276,167243
08/26/2015,1944.1,1947.4,1842.4,1859.3,107663,167264
08/27/2015,1867.5,1926.2,1858.9,1906.7,122219,163936
08/28/2015,1915.7,1937.5,1895.2,1921.5,31830,158646
08/31/2015,1925.6,1937.5,1900.5,1926.4,31830,158646
09/01/2015,1927.6,1948.7,1914.3,1930.9,39164,157013
09/02/2015,1926.2,1956.6,1905.1,1937.1,32473,158141
09/03/2015,1936.1,1974.4,1921.6,1942.3,27872,156620
09/04/2015,1940.1,1957.9,1911.7,1921.5,42863,156620
09/08/2015,1921.6,1965.2,1907.1,1948.7,35814,155615
09/09/2015,1954.0,1971.8,1922.9,1925.0,35039,155923
09/10/2015,1926.9,1960.6,1919.6,1934.2,42353,153604
09/11/2015,1939.4,1947.4,1882.0,1915.7,44337,155698
09/14/2015,1922.3,1926.9,1889.9,1896.9,26745,157375
09/15/2015,1897.2,1903.1,1880.7,1892.0,51063,158007
09/16/2015,1897.8,1976.4,1889.9,1965.9,41911,154388
09/17/2015,1971.1,2017.4,1950.7,1978.9,46814,152327
09/18/2015,1996.9,2038.5,1983.0,2002.6,22773,154164
09/21/2015,2002.8,2013.4,1991.6,2010.2,47772,154067
09/22/2015,2004.8,2010.1,1940.8,1948.8,26901,152140
09/23/2015,1950.0,1969.2,1939.4,1953.2,48887,151842
09/24/2015,1950.0,2004.8,1947.4,1998.2,31172,155212
09/25/2015,1990.3,2005.5,1973.8,1995.7,57281,155866
09/28/2015,1990.3,1995.6,1911.0,1920.0,33060,157618
09/29/2015,1926.2,1941.4,1909.1,1924.6,39846,156905
09/30/2015,1928.9,1944.7,1906.4,1917.4,28654,157625
10/01/2015,1915.0,1937.5,1905.8,1916.5,75406,157906
10/02/2015,1913.7,2020.7,1896.5,2015.8,63718,158051
10/05/2015,2014.1,2077.5,1994.2,2074.5,58459,155397
10/06/2015,2062.9,2125.0,2056.3,2111.0,44450,156226
10/07/2015,2098.6,2128.3,2089.3,2125.5,62412,155742
10/08/2015,2120.4,2123.7,2030.6,2082.2,47054,157527
10/09/2015,2070.8,2114.4,2058.3,2089.1,41333,159302
10/12/2015,2086.0,2123.0,2082.1,2095.2,43683,159826
10/13/2015,2088.7,2111.1,2062.3,2100.8,62489,161346
10/14/2015,2101.2,2138.9,2085.4,2128.6,49237,165290
10/15/2015,2130.3,2138.9,2099.9,2134.8,34502,167615
10/16/2015,2129.0,2134.9,2104.5,2128.2,36999,168186
10/19/2015,2115.1,2118.4,2078.1,2092.1,39723,167617
10/20/2015,2090.7,2108.5,2078.8,2102.2,43889,167574
10/21/2015,2099.9,2105.2,2061.6,2074.8,34256,166508
10/22/2015,2070.8,2101.2,2065.6,2091.6,49592,167321
10/23/2015,2088.7,2126.3,2074.2,2090.3,25913,169611
10/26/2015,2092.6,2110.5,2082.7,2100.6,29967,169879
10/27/2015,2092.0,2106.5,2084.1,2095.0,73899,169757
10/28/2015,2094.6,2162.0,2076.1,2151.8,64412,176055
10/29/2015,2104.5,2114.4,2051.7,2053.7,43741,172385
10/30/2015,2060.3,2067.5,2043.8,2055.9,44385,168945
11/02/2015,2051.7,2053.7,2014.1,2034.9,38114,167743
11/03/2015,2033.9,2040.5,2007.5,2012.6,41801,166942
11/04/2015,2014.7,2024.0,1984.3,1988.7,46848,166798
11/05/2015,1989.6,1992.9,1969.2,1978.8,61969,166915
11/06/2015,1975.8,1987.0,1939.4,1940.2,59497,166740
11/09/2015,1945.4,1949.3,1901.1,1903.5,78104,165278
11/10/2015,1917.0,1922.3,1884.0,1896.0,67777,162435
11/11/2015,1898.5,1913.7,1879.3,1883.7,89072,165988
11/12/2015,1885.3,1910.4,1869.4,1878.7,50055,165328
11/13/2015,1882.0,1895.2,1867.5,1875.9,52157,165802
11/16/2015,1884.0,1904.4,1871.4,1878.3,55186,169035
11/17/2015,1878.0,1882.0,1859.5,1871.6,60867,170721
11/18/2015,1868.1,1876.7,1847.7,1859.7,59372,172003
11/19/2015,1860.9,1897.8,1860.9,1878.3,66057,170549
11/20/2015,1879.3,1897.8,1854.3,1861.7,86144,173524
11/23/2015,1860.2,1869.4,1830.5,1853.1,81292,174199
11/24/2015,1859.5,1884.6,1851.6,1869.8,96075,170092
11/25/2015,1870.1,1880.0,1849.0,1868.1,69755,170092
11/27/2015,1867.5,1894.5,1835.8,1851.4,30959,164564
11/30/2015,1851.0,1868.8,1841.8,1856.4,34305,162306
12/01/2015,1853.0,1876.7,1850.3,1856.0,37883,163286
12/02/2015,1866.8,1872.7,1831.9,1846.2,48798,164865
12/03/2015,1841.8,1864.2,1819.3,1855.2,60797,164446
12/04/2015,1858.2,1925.4,1847.7,1914.6,44415,162398
12/07/2015,1922.8,1929.4,1872.1,1888.8,40401,162910
12/08/2015,1874.0,1885.9,1853.6,1860.3,41274,162758
12/09/2015,1862.2,1889.2,1858.9,1870.0,25057,162766
12/10/2015,1865.5,1874.7,1856.9,1859.5,55855,164425
12/11/2015,1854.3,1862.8,1812.1,1829.8,46245,168187
12/14/2015,1831.9,1840.4,1795.0,1804.9,39863,169167
12/15/2015,1804.9,1820.0,1800.2,1814.7,54750,166864
12/16/2015,1811.4,1885.9,1811.4,1877.7,50260,163289
12/17/2015,1870.7,1874.7,1800.9,1805.9,46095,165884
12/18/2015,1806.8,1870.7,1803.5,1857.7,38203,163252
12/21/2015,1859.5,1888.5,1851.0,1886.6,32955,162096
12/22/2015,1876.7,1897.8,1873.4,1886.4,22772,161116
12/23/2015,1879.3,1890.5,1871.4,1882.9,14007,159801
12/24/2015,1884.6,1897.8,1880.0,1895.0,35028,159801
12/28/2015,1893.1,1901.1,1825.3,1829.8,25451,164212
12/29/2015,1833.8,1852.3,1831.9,1835.6,25497,165006
12/30/2015,1835.2,1843.1,1812.1,1824.2,19391,166984
12/31/2015,1827.3,1839.8,1814.1,1819.1,51483,166984
01/04/2016,1820.7,1869.4,1818.7,1824.1,31202,168194
01/05/2016,1826.6,1853.6,1824.6,1841.2,42259,167520
01/06/2016,1838.5,1862.8,1825.9,1841.9,69448,168245
01/07/2016,1844.4,1895.8,1834.5,1890.4,55854,168418
01/08/2016,1887.9,1889.9,1827.9,1834.2,47439,167996
01/11/2016,1840.4,1854.9,1822.0,1827.4,42328,166440
01/12/2016,1828.6,1833.2,1809.5,1812.2,51680,166172
01/13/2016,1816.7,1872.1,1812.1,1865.6,54838,164883
01/14/2016,1868.1,1869.4,1810.8,1811.8,47353,165886
01/15/2016,1825.3,1862.8,1814.1,1831.3,47353,165886
01/19/2016,1834.5,1869.4,1824.0,1861.0,47325,159521
01/20/2016,1849.7,1874.0,1844.4,1866.1,54504,156853
01/21/2016,1868.1,1872.7,1829.9,1857.4,49145,157314
01/22/2016,1860.2,1892.5,1847.7,1852.6,45871,155155
01/25/2016,1853.6,1892.5,1847.7,1878.5,64657,151439
01/26/2016,1878.7,1921.5,1874.0,1919.4,42376,154734
01/27/2016,1912.9,1922.1,1892.5,1905.5,48484,156306
01/28/2016,1912.3,1916.2,1854.3,1875.6,36425,156925
01/29/2016,1878.0,1885.9,1866.1,1877.1,42548,158439
02/01/2016,1878.7,1900.4,1871.4,1890.3,40073,158110
02/02/2016,1890.5,1898.4,1875.4,1883.1,69989,157934
02/03/2016,1885.9,1953.1,1880.6,1941.8,59164,164775
02/04/2016,1938.0,1967.6,1930.7,1957.1,64417,167563
02/05/2016,1961.0,1985.4,1933.3,1947.6,82788,167557
02/08/2016,1976.8,2040.1,1963.7,2033.0,84688,169490
02/09/2016,2024.3,2038.8,2003.9,2036.0,77776,164664
02/10/2016,2014.4,2019.7,1991.3,2014.0,110600,161145
02/11/2016,2014.4,2107.3,2014.4,2081.5,76091,167524
02/12/2016,2082.9,2088.2,2062.5,2080.9,106680,168488
02/16/2016,2069.7,2074.4,1997.3,2020.9,71247,166645
02/17/2016,2013.1,2031.5,2001.9,2026.5,85136,169179
02/18/2016,2018.3,2052.0,2006.5,2033.8,67577,174900
02/19/2016,2032.2,2042.1,2015.1,2026.0,98578,175576
02/22/2016,2025.5,2025.5,1969.6,2001.9,93898,171407
02/23/2016,2002.5,2020.2,2001.1,2009.7,133849,174697
02/24/2016,2016.9,2055.7,2001.8,2016.5,125152,173256
02/25/2016,2011.0,2020.2,1980.7,1999.0,98362,169014
02/26/2016,1995.9,2007.1,1932.7,1935.2,59853,162617
02/29/2016,1940.6,1965.6,1921.6,1962.1,43504,162205
03/01/2016,1961.7,1986.7,1939.3,1940.8,50985,162293
03/02/2016,1950.5,1978.8,1942.6,1975.8,46378,163768
03/03/2016,1970.2,2017.6,1955.1,1992.1,89071,164801
03/04/2016,2003.1,2083.3,1992.6,2064.1,91090,169655
03/07/2016,2048.5,2082.0,2038.0,2056.1,58664,168368
03/08/2016,2058.3,2072.8,2018.9,2024.2,48257,169875
03/09/2016,2021.5,2032.7,1999.8,2021.0,67369,169622
03/10/2016,2013.6,2060.3,1994.6,2045.1,49609,169264
03/11/2016,2053.7,2072.2,2036.0,2052.4,62789,169127
03/14/2016,2041.2,2084.7,2013.6,2041.4,40216,168235
03/15/2016,2022.2,2028.1,1999.2,2007.2,50613,166180
03/16/2016,2011.0,2061.6,2000.5,2001.7,83443,168505
03/17/2016,2055.1,2114.2,2047.2,2108.7,48975,177490
03/18/2016,2100.4,2126.7,2072.2,2079.5,36110,176529
03/21/2016,2082.0,2094.5,2068.2,2084.3,54336,177016
03/22/2016,2085.3,2109.6,2076.8,2089.3,79815,175775
03/23/2016,2089.3,2095.8,2003.8,2008.6,43530,171913
03/24/2016,2009.0,2016.9,1986.7,1999.0,29805,170580
03/28/2016,1997.8,2022.2,1991.3,1997.8,51740,171872
03/29/2016,2003.1,2022.2,1980.7,2003.5,51145,175255
03/30/2016,2020.2,2033.4,1995.9,2000.6,43621,176801
03/31/2016,2001.1,2045.2,1999.2,2033.9,77461,176344
04/01/2016,2031.4,2036.0,1944.6,1978.9,45708,177022
04/04/2016,1976.1,1986.7,1959.0,1965.5,43259,177848
04/05/2016,1965.0,2001.8,1963.0,1988.1,48370,179913
04/06/2016,1990.0,1998.5,1961.7,1980.0,66146,179858
04/07/2016,1980.1,2020.9,1980.1,1993.6,54128,176296
04/08/2016,2001.1,2024.2,1988.6,2023.4,87558,175308
04/11/2016,2022.8,2102.4,2021.5,2101.2,91985,180058
04/12/2016,2097.8,2134.6,2078.1,2133.6,83784,184800
04/13/2016,2130.7,2149.8,2106.4,2147.1,71845,189053
04/14/2016,2134.6,2139.9,2094.5,2127.1,55293,192629
04/15/2016,2128.7,2156.3,2118.8,2145.5,56751,194076
04/18/2016,2143.2,2149.1,2121.5,2137.7,141929,193564
04/19/2016,2135.3,2250.4,2128.1,2232.2,126279,194510
04/20/2016,2230.6,2269.4,2216.8,2253.7,200668,192583
04/21/2016,2230.6,2330.6,2203.7,2247.7,126941,199231
04/22/2016,2236.5,2283.7,2217.5,2222.7,92718,201787
04/25/2016,2222.7,2254.8,2211.5,2237.0,120539,206037
04/26/2016,2235.8,2258.1,2214.2,2250.1,137280,206748
04/27/2016,2256.1,2292.2,2242.4,2273.2,98842,203472
04/28/2016,2266.6,2320.4,2253.5,2306.4,74695,203677
04/29/2016,2311.9,2363.0,2309.9,2336.6,64863,201170
05/02/2016,2349.9,2368.3,2298.8,2318.7,64955,199259
05/03/2016,2308.6,2328.9,2277.1,2294.7,53217,198237
05/04/2016,2288.3,2296.1,2257.4,2268.7,57464,201121
05/05/2016,2283.0,2319.1,2266.6,2272.1,57788,202893
05/06/2016,2277.8,2312.5,2258.1,2298.4,60737,204736
05/09/2016,2289.6,2295.5,2224.0,2240.9,48290,203915
05/10/2016,2235.8,2254.2,2219.4,2241.3,54226,205391
05/11/2016,2249.6,2310.6,2245.6,2271.1,57182,206438
05/12/2016,2287.6,2292.9,2229.3,2242.8,50996,205956
05/13/2016,2232.5,2255.5,2209.6,2246.6,51829,204742
05/16/2016,2247.6,2285.6,2239.1,2249.4,42626,206214
05/17/2016,2252.2,2279.1,2236.5,2262.0,62937,207394
05/18/2016,2266.6,2271.2,2191.9,2246.6,77908,204929
05/19/2016,2210.2,2222.7,2144.0,2162.8,39788,202627
05/20/2016,2163.7,2186.6,2155.2,2167.9,40812,202242
05/23/2016,2163.7,2175.5,2140.7,2153.6,46285,203581
05/24/2016,2150.6,2157.8,2125.7,2131.4,51758,203682
05/25/2016,2128.9,2148.0,2122.4,2132.3,54641,201889
05/26/2016,2142.0,2174.8,2130.9,2143.1,40196,200878
05/27/2016,2142.0,2149.9,2116.5,2133.4,73914,200326
05/31/2016,2127.0,2130.2,2087.0,2097.3,64597,198118
06/01/2016,2100.7,2111.9,2075.8,2088.5,42039,197517
06/02/2016,2096.2,2106.6,2088.3,2101.4,64297,195605
06/03/2016,2100.1,2159.8,2094.2,2146.0,48013,194908
06/06/2016,2152.5,2169.6,2146.0,2156.7,72025,193365
06/07/2016,2161.7,2162.4,2130.2,2149.8,86975,192376
06/08/2016,2151.9,2244.3,2149.3,2227.3,74589,192973
06/09/2016,2236.5,2273.8,2222.7,2264.4,63748,194583
06/10/2016,2266.0,2279.1,2250.2,2272.5,77531,194520
06/13/2016,2272.5,2290.2,2243.0,2287.3,61955,197852
06/14/2016,2289.6,2294.8,2258.8,2284.9,60649,199111
06/15/2016,2281.7,2312.5,2275.8,2295.2,100621,202138
06/16/2016,2301.4,2344.6,2251.5,2308.8,78892,202310
06/17/2016,2256.8,2298.8,2256.8,2283.1,83101,205342
06/20/2016,2289.6,2315.8,2268.6,2296.7,107439,210266
06/21/2016,2294.8,2308.6,2254.2,2271.1,90909,205618
06/22/2016,2270.6,2275.8,2245.1,2270.2,83091,213000
06/23/2016,2258.8,2293.4,2257.5,2275.8,112270,218979
06/24/2016,2252.3,2407.8,2245.7,2331.9,122211,217446
06/27/2016,2337.9,2351.6,2314.4,2324.9,114060,213495
06/28/2016,2330.7,2342.5,2298.7,2338.4,117410,211397
06/29/2016,2335.3,2428.7,2332.7,2406.1,58770,208522
06/30/2016,2400.0,2470.6,2386.9,2434.3,94727,211529
07/01/2016,2459.4,2611.7,2456.8,2560.5,178890,211529
07/05/2016,2593.4,2774.5,2563.4,2602.2,81803,211347
07/06/2016,2616.3,2690.8,2605.2,2640.9,71394,209455
07/07/2016,2635.9,2658.1,2552.3,2593.2,84549,209279
07/08/2016,2579.7,2665.3,2520.2,2627.3,78231,211873
07/11/2016,2666.6,2713.7,2636.6,2654.1,87073,213146
07/12/2016,2662.1,2692.1,2617.0,2636.7,64820,214617
07/13/2016,2643.1,2686.2,2608.5,2668.3,66459,216376
07/14/2016,2673.2,2694.7,2622.2,2656.4,54102,217216
07/15/2016,2665.3,2666.0,2622.2,2635.9,54838,217504
07/18/2016,2645.1,2652.9,2584.3,2624.2,37416,219101
07/19/2016,2629.4,2630.7,2597.4,2615.3,64051,219206
07/20/2016,2610.4,2620.9,2534.0,2563.8,63887,220587
07/21/2016,2542.5,2605.9,2518.9,2590.2,49173,221246
07/22/2016,2597.4,2617.0,2564.7,2573.7,48320,220433
07/25/2016,2574.5,2583.0,2530.0,2568.2,36277,220312
07/26/2016,2565.3,2588.2,2547.7,2572.9,74047,218299
07/27/2016,2576.4,2675.8,2558.8,2613.7,70324,223316
07/28/2016,2669.2,2690.8,2634.6,2639.4,71117,222909
07/29/2016,2643.8,2673.8,2615.0,2659.7,67442,223343
08/01/2016,2667.9,2705.2,2658.1,2679.7,75171,221987
08/02/2016,2683.6,2723.5,2664.7,2706.0,50610,224540
08/03/2016,2702.6,2715.0,2667.3,2675.9,64035,223142
08/04/2016,2673.2,2686.2,2624.8,2672.3,96418,223484
08/05/2016,2667.9,2675.8,2577.1,2590.4,60573,217762
08/08/2016,2555.5,2600.0,2550.9,2588.9,56034,215244
08/09/2016,2581.7,2601.3,2562.7,2594.7,87468,210647
08/10/2016,2603.9,2681.7,2601.3,2636.6,88130,212192
08/11/2016,2639.2,2658.8,2601.9,2617.0,86591,208328
08/12/2016,2614.3,2645.1,2569.9,2575.5,50746,206816
08/15/2016,2582.3,2620.9,2575.1,2594.3,77330,205900
08/16/2016,2595.4,2630.0,2577.1,2597.9,95706,205905
08/17/2016,2590.8,2600.6,2532.6,2568.3,90239,206725
08/18/2016,2574.5,2606.5,2565.3,2580.4,102890,206078
08/19/2016,2584.9,2588.2,2512.4,2525.1,125130,205116
08/22/2016,2516.1,2516.8,2408.3,2466.5,87340,205045
08/23/2016,2466.1,2496.0,2455.7,2475.2,100679,206264
08/24/2016,2459.0,2480.4,2419.4,2426.3,77378,205845
08/25/2016,2420.7,2434.3,2409.6,2416.8,128421,201857
08/26/2016,2416.1,2484.9,2414.2,2433.7,97968,193747
08/29/2016,2433.0,2462.2,2396.7,2448.5,69726,190712
08/30/2016,2461.6,2472.0,2420.7,2424.3,45714,189416
08/31/2016,2422.6,2457.7,2414.8,2428.7,47622,188835
09/01/2016,2430.4,2466.1,2421.3,2459.4,70396,189265
09/02/2016,2460.9,2536.2,2444.1,2514.3,102201,189265
09/06/2016,2527.8,2625.2,2516.1,2614.5,56462,199197
09/07/2016,2611.5,2627.1,2572.6,2576.9,51917,199332
09/08/2016,2579.7,2599.2,2548.6,2554.8,55231,198631
09/09/2016,2555.1,2560.9,2477.2,2514.6,83094,198353
09/12/2016,2493.4,2498.6,2436.3,2466.8,63188,195494
09/13/2016,2487.5,2512.2,2447.9,2463.5,37978,193953
09/14/2016,2459.0,2489.5,2446.6,2475.3,45949,193466
09/15/2016,2469.4,2503.1,2450.5,2472.1,43104,192474
09/16/2016,2474.6,2477.8,2429.8,2448.9,49708,191496
09/19/2016,2446.6,2516.1,2446.0,2504.4,36120,193605
09/20/2016,2495.3,2514.2,2485.6,2502.7,87870,193501
09/21/2016,2508.3,2590.8,2475.9,2566.5,73260,198391
09/22/2016,2583.6,2615.4,2568.7,2609.5,49624,202846
09/23/2016,2591.4,2599.8,2553.1,2571.9,56181,203708
09/26/2016,2569.3,2573.9,2522.0,2544.2,69709,203441
09/27/2016,2533.0,2546.0,2472.6,2488.2,54151,201486
09/28/2016,2491.4,2501.8,2463.5,2482.5,56329,200476
09/29/2016,2499.9,2526.5,2473.3,2491.2,76142,200854
09/30/2016,2487.5,2566.7,2482.4,2494.6,55780,201700
10/03/2016,2500.5,2516.8,2434.3,2449.6,107790,201977
10/04/2016,2450.5,2459.0,2303.8,2307.7,79981,198747
10/05/2016,2311.6,2342.1,2283.1,2297.3,73363,194811
10/06/2016,2309.0,2321.4,2225.3,2251.9,91632,191837
10/07/2016,2251.9,2296.0,2222.0,2256.4,60956,189468
10/10/2016,2285.0,2316.2,2281.1,2292.7,60956,189468
10/11/2016,2292.8,2318.1,2267.5,2273.2,49668,187469
10/12/2016,2271.4,2290.2,2256.4,2272.7,56415,185960
10/13/2016,2274.0,2298.6,2262.9,2266.6,57799,186091
10/14/2016,2275.3,2285.0,2248.0,2264.4,36020,188990
10/17/2016,2265.5,2274.0,2253.9,2268.7,66311,186912
10/18/2016,2266.8,2301.9,2266.2,2289.9,45883,189229
10/19/2016,2288.3,2309.7,2281.1,2293.2,59241,193168
10/20/2016,2297.3,2303.8,2265.5,2278.4,36770,194093
10/21/2016,2276.6,2279.8,2258.4,2271.1,36770,194093
10/24/2016,2274.6,2322.7,2267.5,2285.5,53287,193979
10/25/2016,2285.7,2313.6,2273.3,2308.4,54251,196311
10/26/2016,2307.1,2320.1,2281.8,2288.4,52060,195377
10/27/2016,2287.0,2301.2,2277.9,2290.1,74291,193657
10/28/2016,2285.0,2328.5,2272.7,2310.5,53283,193975
10/31/2016,2311.0,2327.2,2305.1,2310.5,102249,192731
11/01/2016,2322.7,2403.2,2317.5,2391.2,88521,196912
11/02/2016,2385.6,2434.3,2383.7,2426.9,86371,195313
11/03/2016,2401.9,2420.7,2336.3,2391.0,60897,194384
11/04/2016,2383.7,2399.3,2361.0,2385.1,74720,195252
11/07/2016,2372.0,2374.6,2337.6,2356.5,97558,192218
11/08/2016,2362.9,2431.7,2359.7,2383.2,181271,188265
11/09/2016,2388.9,2467.4,2372.6,2386.0,134720,188048
11/10/2016,2398.6,2465.5,2386.3,2432.6,196680,187190
11/11/2016,2415.5,2447.3,2229.2,2256.7,143021,179361
11/14/2016,2257.7,2270.7,2157.8,2193.2,76171,176219
11/15/2016,2196.7,2224.6,2183.7,2212.7,74449,174831
11/16/2016,2218.1,2237.6,2188.3,2197.6,78423,173433
11/17/2016,2201.9,2217.5,2151.9,2177.5,98237,173552
11/18/2016,2164.3,2174.0,2133.1,2158.3,73838,169977
11/21/2016,2155.2,2175.3,2142.8,2144.9,86085,168952
11/22/2016,2152.5,2191.9,2145.4,2159.6,106031,169661
11/23/2016,2162.2,2171.9,2097.0,2127.4,136521,169661
11/25/2016,2126.1,2151.2,2096.4,2136.3,123320,166174
11/28/2016,2133.2,2186.7,2133.2,2151.9,80133,163167
11/29/2016,2153.8,2165.4,2125.4,2160.3,60828,156626
11/30/2016,2153.8,2171.9,2124.8,2127.0,63748,159246
12/01/2016,2136.4,2159.6,2103.5,2130.1,64754,159091
12/02/2016,2140.3,2177.1,2113.2,2172.2,56954,159474
12/05/2016,2186.1,2200.3,2135.1,2180.8,48336,159866
12/06/2016,2166.7,2188.0,2160.9,2169.3,69175,159337
12/07/2016,2165.4,2232.5,2155.8,2229.3,49782,162454
12/08/2016,2219.6,2231.3,2197.1,2206.2,50891,162067
12/09/2016,2203.5,2217.7,2174.5,2189.6,56497,161383
12/12/2016,2182.9,2228.0,2159.6,2218.0,48391,163378
12/13/2016,2210.6,2223.5,2171.9,2190.9,64418,163556
12/14/2016,2189.3,2231.3,2168.7,2222.4,105481,164479
12/15/2016,2175.1,2193.8,2055.1,2059.4,58960,161570
12/16/2016,2063.5,2107.4,2061.6,2092.5,38374,160343
12/19/2016,2080.3,2099.0,2059.0,2076.3,60272,160229
12/20/2016,2066.7,2086.1,2022.8,2079.9,46099,159697
12/21/2016,2084.1,2095.8,2058.3,2062.1,44368,160049
12/22/2016,2064.8,2075.8,2040.9,2048.1,26839,161272
12/23/2016,2046.1,2051.9,2030.6,2033.7,32018,161272
12/27/2016,2039.6,2078.3,2033.2,2063.4,34498,163097
12/28/2016,2066.1,2082.9,2047.4,2069.7,42727,163543
12/29/2016,2075.1,2104.8,2069.9,2092.9,46796,164401
12/30/2016,2093.8,2109.3,2049.3,2063.4,86576,164401
01/03/2017,2060.9,2135.8,2056.4,2117.6,53843,163812
01/04/2017,2109.3,2138.3,2103.5,2136.0,68624,164365
01/05/2017,2128.7,2162.9,2123.5,2147.0,67700,165537
01/06/2017,2146.7,2157.1,2098.3,2131.8,51712,164937
01/09/2017,2131.9,2159.6,2123.5,2152.9,77109,165347
01/10/2017,2144.2,2188.0,2139.0,2174.2,89034,165040
01/11/2017,2173.2,2181.6,2137.1,2171.6,68294,168531
01/12/2017,2164.2,2196.4,2162.2,2171.3,68077,167986
01/13/2017,2168.7,2175.1,2143.5,2163.5,92630,167986
01/17/2017,2173.8,2225.5,2168.7,2212.9,61762,172056
01/18/2017,2223.5,2240.3,2201.6,2229.2,80853,174217
01/19/2017,2203.5,2210.0,2160.9,2194.1,68025,172592
01/20/2017,2197.1,2219.0,2173.2,2198.0,55692,174668
01/23/2017,2209.3,2230.6,2203.5,2217.8,53891,176641
01/24/2017,2226.1,2233.8,2197.1,2217.7,66492,177601
01/25/2017,2208.0,2210.6,2165.4,2191.3,55503,177295
01/26/2017,2195.1,2200.3,2152.5,2174.5,68176,177408
01/27/2017,2168.0,2227.4,2146.7,2211.4,65527,179666
01/30/2017,2215.8,2231.9,2204.2,2213.4,79401,181183
01/31/2017,2210.6,2275.8,2207.4,2263.9,75008,186839
02/01/2017,2267.4,2279.7,2240.3,2251.9,74583,188197
02/02/2017,2266.7,2290.0,2247.4,2249.2,73351,190571
02/03/2017,2256.4,2263.5,2227.4,2255.6,49784,190467
02/06/2017,2260.9,2291.9,2253.2,2283.3,64632,193336
02/07/2017,2289.3,2296.4,2266.1,2291.4,76402,193936
02/08/2017,2284.2,2306.8,2273.8,2284.8,85813,191380
02/09/2017,2294.5,2302.9,2273.2,2289.5,111839,192661
02/10/2017,2276.4,2325.5,2264.2,2314.2,72530,195053
02/13/2017,2315.1,2324.8,2291.3,2299.8,96849,196090
02/14/2017,2298.4,2334.5,2288.0,2308.6,97327,195338
02/15/2017,2317.1,2321.6,2291.3,2318.1,90460,199203
02/16/2017,2319.0,2340.9,2314.5,2332.4,74627,204517
02/17/2017,2332.6,2335.1,2319.0,2326.8,153820,204517
02/21/2017,2322.2,2331.9,2299.0,2323.0,107640,208147
02/22/2017,2316.7,2328.3,2310.3,2316.3,158328,214329
02/23/2017,2322.5,2349.5,2312.9,2337.3,136450,212096
02/24/2017,2342.4,2372.6,2340.5,2365.7,99418,209299
02/27/2017,2367.5,2382.9,2347.6,2367.1,68727,199568
02/28/2017,2354.0,2379.1,2349.5,2373.8,80956,197629
03/01/2017,2359.8,2379.1,2348.2,2376.4,101230,199875
03/02/2017,2373.3,2375.2,2275.6,2281.1,83185,197332
03/03/2017,2287.8,2314.8,2269.8,2280.1,50234,193848
03/06/2017,2312.2,2312.9,2279.4,2284.3,57801,193847
03/07/2017,2287.8,2290.4,2248.6,2253.9,62716,192398
03/08/2017,2251.8,2258.2,2215.8,2223.3,71727,191422
03/09/2017,2217.7,2224.8,2179.2,2189.6,79880,189548
03/10/2017,2182.4,2198.5,2166.3,2175.1,52694,188390
03/13/2017,2191.4,2205.5,2180.5,2181.4,53664,188619
03/14/2017,2183.0,2193.3,2168.9,2175.1,76568,186936
03/15/2017,2170.8,2232.5,2162.5,2175.1,87485,189556
03/16/2017,2229.3,2260.2,2217.7,2227.4,41850,186990
03/17/2017,2228.7,2239.6,2214.5,2238.1,30047,186523
03/20/2017,2239.6,2246.0,2231.9,2241.3,63596,187069
03/21/2017,2242.2,2264.7,2228.7,2259.9,43548,190819
03/22/2017,2257.6,2262.7,2244.1,2259.3,53011,191514
03/23/2017,2256.3,2276.2,2252.5,2261.2,44349,191977
03/24/2017,2261.4,2287.8,2254.4,2281.1,65524,192659
03/27/2017,2288.4,2332.8,2285.2,2327.4,80064,198081
03/28/2017,2328.9,2346.9,2316.7,2345.9,59781,201829
03/29/2017,2339.8,2348.8,2320.6,2345.9,67061,207769
03/30/2017,2345.6,2354.0,2322.5,2340.0,61328,211522
03/31/2017,2330.9,2350.8,2321.2,2346.4,51215,216372
04/03/2017,2347.6,2350.8,2325.1,2340.7,55204,218935
04/04/2017,2352.7,2368.8,2340.5,2355.0,83692,219160
04/05/2017,2354.6,2355.3,2332.1,2337.5,58512,222102
04/06/2017,2351.4,2359.1,2334.7,2345.1,135590,221862
04/07/2017,2345.6,2376.5,2296.1,2332.9,83862,221867
04/10/2017,2304.5,2316.7,2279.4,2302.6,98097,219676
04/11/2017,2307.1,2357.8,2301.9,2346.1,93434,220172
04/12/2017,2358.5,2388.7,2345.0,2352.1,102560,223763
04/13/2017,2379.1,2391.3,2366.8,2379.1,74179,223763
04/17/2017,2388.7,2397.7,2361.1,2379.6,145351,227775
04/18/2017,2368.8,2369.4,2321.9,2348.5,96071,227984
04/19/2017,2352.1,2355.3,2324.4,2334.3,156740,229227
04/20/2017,2334.1,2341.8,2293.6,2315.8,139579,234787
04/21/2017,2312.9,2316.1,2285.9,2295.0,147070,234558
04/24/2017,2307.5,2307.5,2255.1,2294.4,161319,227866
04/25/2017,2301.8,2309.5,2250.6,2259.4,170580,214782
04/26/2017,2258.3,2264.0,2220.5,2230.3,135330,207249
04/27/2017,2241.0,2244.2,2209.0,2217.8,67575,199761
04/28/2017,2210.9,2232.0,2198.8,2208.6,80552,196015
05/01/2017,2205.8,2212.2,2150.8,2154.9,68818,194123
05/02/2017,2159.8,2177.0,2149.5,2153.5,92629,189240
05/03/2017,2156.6,2161.7,2100.3,2117.0,103821,190478
05/04/2017,2109.2,2129.7,2074.7,2085.9,90514,188527
05/05/2017,2087.5,2115.0,2076.6,2082.2,55359,190305
05/08/2017,2086.8,2105.4,2076.6,2080.2,74389,193587
05/09/2017,2077.2,2087.5,2054.8,2055.7,86087,196083
05/10/2017,2070.2,2091.3,2065.7,2073.6,71487,199826
05/11/2017,2073.4,2097.1,2068.3,2081.1,62856,206767
05/12/2017,2089.4,2107.9,2085.5,2098.6,83184,212364
05/15/2017,2106.0,2151.4,2099.6,2124.3,74552,215227
05/16/2017,2127.8,2157.8,2125.2,2142.7,133560,215127
05/17/2017,2155.9,2179.6,2143.8,2163.1,129119,212907
05/18/2017,2161.0,2168.1,2102.2,2132.9,130305,209871
05/19/2017,2121.4,2159.1,2119.4,2149.0,81595,209081
05/22/2017,2158.5,2202.0,2154.6,2199.5,102909,207403
05/23/2017,2196.2,2214.1,2178.9,2192.9,85569,203459
05/24/2017,2181.5,2204.5,2161.7,2190.1,64703,203460
05/25/2017,2202.6,2208.4,2191.1,2199.8,73263,201865
05/26/2017,2193.7,2223.7,2186.0,2216.4,76446,204308
05/30/2017,2218.6,2234.6,2201.3,2229.7,75405,205235
05/31/2017,2224.4,2228.8,2203.9,2227.1,78650,204446
06/01/2017,2215.4,2222.4,2173.2,2211.1,97716,205750
06/02/2017,2209.7,2249.3,2189.8,2242.3,111018,206681
06/05/2017,2245.5,2258.3,2238.4,2249.4,55095,205495
06/06/2017,2244.8,2270.4,2241.0,2265.9,83149,208967
06/07/2017,2265.9,2267.9,2239.7,2254.4,76515,206241
06/08/2017,2246.8,2262.1,2211.6,2228.1,100603,205319
06/09/2017,2237.2,2238.4,2194.9,2203.6,119660,205028
06/12/2017,2196.9,2202.6,2161.0,2167.9,119797,205000
06/13/2017,2168.1,2169.3,2137.4,2145.3,128018,201214
06/14/2017,2152.1,2221.8,2148.2,2192.5,126348,202393
06/15/2017,2159.1,2183.4,2126.5,2138.8,88816,198306
06/16/2017,2139.3,2149.5,2126.5,2131.7,90494,197854
06/19/2017,2132.9,2134.2,2104.1,2111.4,106111,198713
06/20/2017,2106.7,2124.6,2093.2,2100.5,116859,199929
06/21/2017,2100.3,2110.5,2087.5,2095.0,119299,201182
06/22/2017,2099.0,2129.6,2099.0,2112.7,131248,205870
06/23/2017,2113.6,2144.9,2113.6,2129.8,109832,204616
06/26/2017,2135.9,2139.8,2075.4,2120.1,111126,203137
06/27/2017,2111.1,2139.1,2109.8,2122.7,146401,204637
06/28/2017,2127.0,2153.1,2126.4,2140.5,128894,202779
06/29/2017,2146.1,2156.3,2118.1,2123.1,116439,200885
06/30/2017,2120.6,2129.6,2104.1,2119.6,74572,201056
07/03/2017,2120.6,2121.9,2049.2,2051.4,97565,203541
07/05/2017,2056.9,2063.9,2020.6,2026.4,145674,207461
07/06/2017,2046.7,2049.9,2028.2,2037.5,69854,207805
07/07/2017,2042.9,2057.5,1966.4,1966.4,164550,207946
07/10/2017,1986.1,2002.1,1930.7,1992.4,132752,207952
07/11/2017,1993.8,2018.0,1966.4,2007.2,103791,207592
07/12/2017,2015.5,2039.0,2002.7,2025.3,81058,208479
07/13/2017,2023.7,2033.9,1996.3,2000.3,81421,206358
07/14/2017,1996.3,2048.6,1985.5,2031.1,97992,206591
07/17/2017,2038.4,2061.4,2031.4,2052.3,82132,206753
07/18/2017,2049.9,2079.2,2047.3,2073.8,96253,209689
07/19/2017,2073.5,2083.7,2055.6,2077.5,87435,207844
07/20/2017,2071.6,2090.0,2053.7,2083.7,88491,206371
07/21/2017,2075.4,2104.7,2075.4,2097.9,64623,206498
07/24/2017,2103.4,2113.0,2091.3,2096.2,79171,206068
07/25/2017,2098.3,2116.8,2068.4,2108.8,81506,206347
07/26/2017,2099.0,2126.4,2075.4,2098.2,74135,207699
07/27/2017,2121.3,2142.9,2108.5,2112.7,66567,207004
07/28/2017,2113.0,2135.3,2104.1,2128.3,64858,206781
07/31/2017,2134.7,2150.6,2124.5,2139.9,66085,207643
08/01/2017,2146.1,2147.4,2114.9,2137.1,83460,207258
08/02/2017,2128.3,2162.1,2097.7,2133.1,86303,206233
08/03/2017,2112.3,2126.4,2093.2,2120.0,107950,204833
08/04/2017,2128.9,2135.3,2061.4,2071.8,110701,204687
08/07/2017,2074.1,2075.4,2051.8,2071.7,72551,197732
08/08/2017,2070.3,2098.3,2065.8,2089.3,94074,195163
08/09/2017,2095.8,2160.2,2094.5,2149.7,123081,195132
08/10/2017,2159.5,2197.8,2148.0,2175.5,126255,194445
08/11/2017,2183.1,2192.0,2151.9,2176.1,108994,189478
08/14/2017,2183.7,2194.6,2157.6,2182.7,81192,188905
08/15/2017,2174.8,2175.5,2111.1,2130.7,111780,187955
08/16/2017,2121.3,2183.7,2117.4,2159.5,111645,188247
08/17/2017,2182.5,2189.5,2162.7,2173.9,110319,189812
08/18/2017,2171.6,2208.0,2148.0,2167.2,129487,188831
08/21/2017,2158.9,2182.5,2145.5,2169.1,114687,188627
08/22/2017,2168.3,2180.4,2149.9,2164.5,106639,187227
08/23/2017,2165.1,2180.4,2155.6,2172.9,105130,192116
08/24/2017,2179.1,2179.7,2143.6,2162.7,158063,192116
08/25/2017,2161.3,2189.9,2131.5,2173.6,161817,188439
08/28/2017,2169.6,2228.6,2169.6,2224.0,157802,192458
08/29/2017,2234.3,2252.7,2200.7,2222.4,202319,184325
08/30/2017,2212.7,2227.3,2203.8,2220.7,201957,182822
08/31/2017,2221.6,2245.1,2200.0,2229.9,111488,178349
09/01/2017,2240.6,2261.6,2221.0,2260.4,85153,178897
09/05/2017,2268.5,2295.2,2262.8,2276.3,104583,179695
09/06/2017,2281.2,2292.7,2269.2,2272.4,78980,184142
09/07/2017,2277.4,2312.3,2266.6,2298.5,92952,187152
09/08/2017,2309.8,2320.6,2279.3,2299.4,91322,188341
09/11/2017,2273.6,2282.5,2254.6,2271.3,87955,188341
09/12/2017,2269.2,2280.6,2256.5,2269.8,68435,188207
09/13/2017,2280.0,2299.6,2248.9,2266.9,92814,188207
09/14/2017,2264.1,2266.6,2240.6,2257.0,96524,191548
09/15/2017,2264.1,2273.0,2236.8,2245.8,77796,192765
09/18/2017,2240.0,2242.5,2170.9,2176.7,90860,193459
09/19/2017,2188.0,2204.5,2177.2,2192.3,70871,192994
09/20/2017,2200.7,2213.4,2158.2,2199.3,86264,192251
09/21/2017,2185.4,2185.4,2139.8,2159.2,90797,189965
09/22/2017,2161.3,2169.6,2149.3,2154.9,54975,188644
09/25/2017,2160.7,2183.5,2140.4,2175.5,90850,188644
09/26/2017,2182.3,2194.3,2133.4,2142.1,92345,186906
09/27/2017,2140.4,2149.3,2125.2,2134.9,86818,184960
09/28/2017,2129.0,2147.4,2119.5,2137.5,69407,184424
09/29/2017,2144.2,2144.8,2111.2,2115.8,73575,182960
10/02/2017,2115.0,2125.2,2101.7,2113.0,64368,183209
10/03/2017,2106.8,2117.6,2102.3,2112.5,53169,183494
10/04/2017,2114.4,2146.7,2100.4,2109.2,74152,183494
10/05/2017,2108.7,2127.7,2104.9,2111.0,109380,184165
10/06/2017,2107.4,2142.9,2073.8,2130.3,112190,186144
10/09/2017,2137.9,2160.7,2127.1,2153.2,59372,187832
10/10/2017,2155.6,2192.4,2151.8,2183.2,95594,188258
10/11/2017,2175.9,2190.5,2167.7,2173.8,68933,187422
10/12/2017,2181.0,2193.7,2174.0,2190.6,64181,188711
10/13/2017,2191.8,2214.0,2182.3,2209.0,82281,190994
10/16/2017,2210.8,2219.7,2174.0,2203.7,79687,192262
10/17/2017,2189.9,2192.4,2155.0,2162.1,93131,191928
10/18/2017,2162.6,2172.1,2146.7,2156.5,72359,191844
10/19/2017,2158.8,2196.9,2148.0,2189.3,113110,193086
10/20/2017,2191.8,2196.9,2149.9,2166.8,105122,192364
10/23/2017,2161.3,2173.4,2140.4,2166.4,98492,192124
10/24/2017,2169.6,2178.5,2142.9,2152.6,90085,193899
10/25/2017,2151.8,2163.2,2132.8,2147.4,95205,193862
10/26/2017,2151.8,2162.6,2125.8,2132.9,96401,193773
10/27/2017,2131.5,2140.4,2106.1,2125.4,64339,195983
10/30/2017,2137.9,2144.2,2117.6,2137.5,65176,195982
10/31/2017,2139.8,2145.5,2111.9,2117.9,127200,198853
11/01/2017,2120.1,2183.5,2115.0,2179.2,112659,203903
11/02/2017,2175.9,2189.3,2163.2,2174.3,115890,206068
11/03/2017,2172.8,2181.6,2127.7,2135.8,121246,204938
11/06/2017,2136.0,2191.2,2130.9,2186.7,111238,208500
11/07/2017,2186.1,2187.3,2146.7,2149.3,110515,203330
11/08/2017,2150.6,2190.5,2150.6,2174.4,100743,201944
11/09/2017,2164.5,2175.3,2145.5,2153.7,121089,200648
11/10/2017,2156.3,2169.0,2129.6,2140.5,114201,199358
11/13/2017,2139.1,2165.8,2134.1,2162.9,86450,199122
11/14/2017,2164.5,2169.0,2139.1,2166.2,89838,199899
11/15/2017,2160.1,2182.9,2149.3,2153.2,121739,201456
11/16/2017,2153.7,2172.8,2149.9,2166.0,93835,199711
11/17/2017,2167.0,2205.7,2159.4,2204.2,124388,205094
11/20/2017,2199.4,2199.4,2134.1,2136.9,183619,197483
11/21/2017,2144.2,2161.3,2142.3,2151.8,112863,199402
11/22/2017,2150.3,2176.2,2147.8,2171.2,122260,199402
11/24/2017,2174.3,2174.3,2148.4,2155.7,122940,195118
11/27/2017,2159.8,2178.1,2154.1,2159.0,126468,191085
11/28/2017,2157.9,2166.7,2121.9,2133.7,188066,187977
11/29/2017,2133.9,2139.6,2087.9,2088.6,91641,189526
11/30/2017,2091.7,2096.7,2061.4,2077.7,97240,187033
12/01/2017,2075.3,2091.7,2051.3,2066.8,71245,190207
12/04/2017,2064.5,2075.3,2051.3,2064.9,84496,190055
12/05/2017,2060.8,2065.8,2022.9,2026.5,70331,192970
12/06/2017,2034.9,2039.3,2009.7,2012.2,76639,194631
12/07/2017,2014.1,2018.5,1975.0,1992.9,76246,193096
12/08/2017,1985.7,2006.5,1982.6,1995.6,56136,196556
12/11/2017,1998.3,2005.9,1980.0,1990.8,65980,200271
12/12/2017,1983.8,1996.4,1971.9,1976.0,87680,202797
12/13/2017,1985.1,2040.6,1978.2,2001.4,74786,206110
12/14/2017,2030.5,2036.8,1999.6,2009.6,59832,208516
12/15/2017,2007.8,2033.0,2007.2,2025.8,61531,207945
12/18/2017,2028.6,2045.0,2024.2,2043.7,55460,207275
12/19/2017,2040.6,2050.7,2029.9,2037.2,62500,203703
12/20/2017,2039.3,2058.2,2036.8,2052.6,45488,203225
12/21/2017,2047.5,2056.4,2035.5,2048.0,48427,201108
12/22/2017,2040.6,2079.1,2038.7,2073.9,55129,201783
12/26/2017,2074.0,2098.6,2063.9,2094.1,57838,200321
12/27/2017,2094.8,2116.9,2087.9,2113.2,63744,197222
12/28/2017,2111.8,2135.2,2107.4,2134.3,73957,193821
12/29/2017,2132.0,2166.1,2127.0,2162.3,79152,193228
01/02/2018,2148.4,2175.5,2142.1,2170.0,83240,192423
01/03/2018,2172.4,2179.9,2152.2,2177.7,96156,191728
01/04/2018,2163.6,2184.4,2147.2,2177.9,90237,194264
01/05/2018,2177.4,2185.0,2160.4,2179.9,92059,194429
01/08/2018,2178.1,2181.8,2152.2,2162.2,89687,194214
01/09/2018,2164.2,2165.4,2137.1,2145.3,98412,195009
01/10/2018,2142.1,2171.7,2135.2,2148.4,118760,196660
01/11/2018,2144.0,2152.2,2128.9,2139.7,129233,196444
01/12/2018,2144.0,2181.8,2143.4,2161.8,129233,200423
01/16/2018,2173.6,2200.8,2118.8,2167.8,185446,196511
01/17/2018,2170.5,2183.1,2141.5,2164.9,105494,196423
01/18/2018,2142.7,2161.7,2133.3,2138.2,94248,194808
01/19/2018,2139.0,2160.4,2139.0,2148.5,64803,197449
01/22/2018,2149.7,2157.2,2137.1,2142.6,59765,200061
01/23/2018,2142.7,2155.4,2110.6,2133.0,95041,199985
01/24/2018,2149.0,2222.8,2142.1,2205.7,131448,205874
01/25/2018,2214.0,2232.9,2159.8,2221.6,140940,204418
01/26/2018,2180.6,2210.8,2173.6,2199.6,85645,200827
01/29/2018,2197.0,2203.3,2154.7,2160.0,128787,204147
01/30/2018,2161.7,2183.1,2149.0,2151.3,88179,198358
01/31/2018,2157.2,2191.3,2152.2,2174.4,114604,198036
02/01/2018,2181.2,2191.3,2152.8,2163.6,96089,202554
02/02/2018,2166.7,2172.4,2083.5,2107.3,152120,209256
02/05/2018,2094.8,2127.0,2082.2,2102.5,103622,206170
02/06/2018,2107.4,2138.3,2086.0,2091.0,108765,205470
02/07/2018,2092.3,2110.0,2044.4,2047.9,137283,202506
02/08/2018,2062.0,2071.5,2041.8,2060.9,105730,193135
02/09/2018,2060.8,2069.0,2034.3,2035.4,108637,195964
02/12/2018,2055.1,2091.0,2053.2,2089.8,95132,195511
02/13/2018,2082.8,2099.2,2069.6,2084.5,89574,194056
02/14/2018,2084.1,2132.0,2058.9,2128.6,119504,197126
02/15/2018,2122.6,2137.7,2094.2,2118.3,99061,199730
02/16/2018,2123.2,2133.3,2090.4,2107.7,111555,199852
02/20/2018,2093.6,2104.9,2066.4,2073.1,152101,203629
02/21/2018,2070.9,2111.8,2060.8,2095.7,130914,201605
02/22/2018,2074.6,2099.7,2063.3,2090.7,115994,198429
02/23/2018,2092.8,2094.1,2076.5,2079.5,88127,196437
02/26/2018,2073.3,2109.1,2073.3,2088.7,130522,192169
02/27/2018,2094.1,2101.0,2053.2,2065.0,131175,193343
02/28/2018,2065.8,2075.8,2055.7,2061.6,65502,192010
03/01/2018,2064.5,2081.5,2030.6,2045.2,109549,192332
03/02/2018,2072.7,2085.3,2060.8,2069.1,78288,190630
03/05/2018,2077.1,2088.4,2057.0,2062.3,59619,193489
03/06/2018,2063.3,2123.0,2062.0,2109.0,98393,196590
03/07/2018,2112.3,2122.3,2065.2,2072.6,101387,195724
03/08/2018,2074.0,2082.8,2064.5,2073.3,72701,196520
03/09/2018,2074.6,2099.7,2052.0,2086.9,99673,196956
03/12/2018,2086.5,2090.3,2064.5,2077.9,57041,199184
03/13/2018,2077.7,2097.2,2068.9,2089.3,62961,200094
03/14/2018,2085.3,2094.7,2075.2,2078.0,63812,203158
03/15/2018,2077.1,2083.4,2057.0,2063.5,78892,208501
03/16/2018,2058.9,2072.7,2036.3,2044.7,77589,210242
03/19/2018,2048.8,2053.9,2035.6,2051.3,69847,211561
03/20/2018,2049.5,2053.2,2023.1,2033.8,74065,216042
03/21/2018,2031.2,2094.1,2030.0,2063.2,121962,214048
03/22/2018,2081.5,2087.2,2052.0,2059.1,87169,216910
03/23/2018,2057.6,2095.3,2057.6,2083.6,111165,217622
03/26/2018,2080.9,2110.4,2076.5,2096.5,87806,217799
03/27/2018,2097.2,2112.3,2068.9,2078.5,110435,228650
03/28/2018,2075.2,2080.9,2038.1,2042.3,103272,227230
03/29/2018,2045.7,2053.2,2035.0,2044.2,86001,227230
04/02/2018,2048.2,2096.0,2048.2,2094.9,87982,228225
04/03/2018,2084.6,2086.5,2053.2,2059.8,106058,232682
04/04/2018,2060.8,2075.2,2038.1,2042.4,115765,241135
04/05/2018,2046.9,2060.1,2029.4,2055.1,84660,242895
04/06/2018,2055.1,2070.2,2040.7,2056.0,96752,243411
04/09/2018,2063.3,2078.4,2047.6,2077.0,95753,235679
04/10/2018,2071.4,2090.9,2062.0,2085.4,115140,227175
04/11/2018,2080.9,2122.3,2075.2,2107.0,168612,224186
04/12/2018,2094.1,2097.2,2064.5,2069.9,73629,220167
04/13/2018,2068.3,2097.2,2064.5,2093.2,74394,217817
04/16/2018,2092.8,2107.3,2079.0,2095.6,92524,214000
04/17/2018,2094.7,2111.7,2082.8,2109.4,108682,214297
04/18/2018,2109.1,2170.7,2102.2,2167.3,225991,221659
04/19/2018,2163.2,2181.4,2147.5,2166.2,172550,221913
04/20/2018,2165.7,2168.8,2141.2,2156.6,129956,221503
04/23/2018,2150.3,2154.0,2085.1,2086.1,205231,214580
04/24/2018,2091.4,2105.8,2078.9,2102.3,186992,201707
04/25/2018,2102.0,2103.3,2072.6,2076.0,137087,196548
04/26/2018,2081.4,2086.4,2061.3,2074.7,127062,189855
04/27/2018,2074.5,2080.1,2063.8,2066.0,88651,190177
04/30/2018,2073.2,2076.4,2031.9,2054.0,78083,193383
05/01/2018,2046.9,2050.1,2012.5,2019.6,88875,194685
05/02/2018,2027.5,2074.5,2025.6,2050.7,107566,193395
05/03/2018,2054.5,2081.4,2051.9,2059.7,71420,193685
05/04/2018,2060.7,2073.9,2052.6,2068.7,48207,194762
05/07/2018,2072.6,2078.9,2057.6,2065.7,48485,195234
05/08/2018,2067.0,2072.6,2045.7,2062.8,83655,195865
05/09/2018,2067.6,2085.8,2050.7,2071.2,77733,194936
05/10/2018,2068.9,2102.7,2066.4,2098.8,91311,198275
05/11/2018,2098.9,2112.1,2087.6,2097.9,63081,197928
05/14/2018,2091.4,2098.9,2068.2,2084.5,58008,194882
05/15/2018,2071.4,2074.5,2029.4,2037.4,64621,198065
05/16/2018,2039.4,2058.2,2027.5,2050.2,65980,200059
05/17/2018,2051.9,2067.0,2045.7,2064.0,70532,199277
05/18/2018,2058.8,2064.5,2050.1,2060.7,45275,200264
05/21/2018,2057.6,2070.7,2038.8,2068.9,68923,199896
05/22/2018,2070.1,2091.4,2062.0,2075.7,79934,198248
05/23/2018,2073.2,2078.9,2045.1,2054.5,93761,200325
05/24/2018,2063.2,2093.3,2056.3,2089.8,97680,206374
05/25/2018,2090.1,2096.4,2066.4,2072.1,109370,205464
05/29/2018,2070.1,2070.1,2042.6,2050.4,105110,207098
05/30/2018,2050.7,2076.4,2044.4,2071.9,69873,209358
05/31/2018,2069.5,2080.8,2055.1,2061.1,81409,210423
06/01/2018,2057.6,2068.2,2045.7,2059.0,78966,209716
06/04/2018,2056.3,2073.9,2051.3,2057.7,60831,210074
06/05/2018,2058.8,2072.6,2050.1,2071.7,133090,211605
06/06/2018,2067.0,2099.5,2067.0,2090.6,138873,220693
06/07/2018,2092.6,2120.8,2087.6,2105.8,84154,230466
06/08/2018,2097.0,2111.4,2084.5,2096.5,85249,230413
06/11/2018,2104.5,2125.8,2100.2,2123.0,91707,232621
06/12/2018,2124.0,2126.5,2100.8,2115.3,94133,230163
06/13/2018,2113.3,2147.1,2107.1,2127.8,140073,228786
06/14/2018,2138.4,2172.8,2124.6,2161.8,193000,232754
06/15/2018,2153.4,2163.4,2061.3,2063.8,203331,220166
06/18/2018,2072.6,2083.3,2057.0,2058.8,94758,220295
06/19/2018,2062.6,2072.6,2033.8,2044.2,144787,218814
06/20/2018,2041.9,2050.1,2035.0,2042.4,98602,217679
06/21/2018,2040.1,2048.8,2027.5,2044.6,116633,219254
06/22/2018,2042.8,2064.6,2042.2,2061.4,102961,219048
06/25/2018,2062.1,2064.6,2040.3,2044.9,105189,220980
06/26/2018,2044.1,2047.8,2021.6,2035.5,139354,218492
06/27/2018,2039.7,2040.9,1998.6,2023.7,138847,218236
06/28/2018,2009.8,2017.3,1989.8,1999.3,146280,209605
06/29/2018,2000.4,2021.6,1994.2,2018.9,85505,209151
07/02/2018,2012.3,2016.6,1969.3,1973.6,88710,208174
07/03/2018,1979.2,2004.8,1971.1,1999.6,76877,205622
07/05/2018,2001.7,2018.5,1990.5,2006.3,92312,205426
07/06/2018,2002.3,2017.9,1992.3,2002.8,60095,204306
07/09/2018,2002.3,2026.6,2001.1,2011.5,68122,207154
07/10/2018,2012.9,2019.1,1984.2,2005.0,74626,207701
07/11/2018,2007.3,2007.9,1969.9,1971.4,93477,207802
07/12/2018,1972.4,1997.3,1966.8,1991.3,68703,208079
07/13/2018,1991.7,1996.1,1956.8,1971.1,83628,210964
07/16/2018,1969.9,1981.7,1964.9,1970.8,82652,211275
07/17/2018,1969.3,1979.9,1939.4,1946.5,87426,212527
07/18/2018,1942.5,1947.5,1920.7,1941.1,109859,212996
07/19/2018,1940.0,1943.1,1892.6,1919.7,84778,213606
07/20/2018,1910.7,1940.0,1900.7,1938.0,85372,215000
07/23/2018,1936.9,1941.9,1913.2,1922.5,74313,215596
07/24/2018,1918.8,1948.1,1911.9,1934.4,66908,214596
07/25/2018,1929.4,1951.2,1928.1,1943.0,60102,214596
07/26/2018,1946.8,1956.8,1918.2,1931.3,62972,217996
07/27/2018,1919.4,1940.6,1912.6,1931.0,99081,217800
07/30/2018,1926.9,1940.0,1921.3,1936.5,83085,220908
07/31/2018,1933.1,1948.7,1916.9,1939.2,64667,226512
08/01/2018,1936.2,1939.4,1918.2,1925.9,65726,224431
08/02/2018,1920.0,1930.6,1907.0,1917.6,80754,227001
08/03/2018,1908.2,1941.2,1900.7,1927.2,60455,230226
08/06/2018,1925.0,1932.5,1905.7,1912.9,74930,232885
08/07/2018,1907.6,1932.5,1907.6,1916.1,67376,235440
08/08/2018,1916.9,1928.1,1905.7,1923.4,69836,233454
08/09/2018,1924.4,1935.0,1916.9,1927.2,96431,239464
08/10/2018,1926.9,1927.5,1905.7,1906.3,98617,239710
08/13/2018,1907.0,1912.6,1865.8,1867.3,125225,241863
08/14/2018,1867.1,1882.7,1866.5,1876.2,77378,240038
08/15/2018,1877.0,1878.3,1787.9,1801.5,167635,236298
08/16/2018,1801.6,1847.8,1784.2,1833.8,131294,235287
08/17/2018,1824.1,1844.6,1816.6,1823.6,88612,237333
08/20/2018,1835.3,1848.4,1822.8,1828.4,92871,238613
08/21/2018,1836.5,1848.4,1832.2,1840.4,135369,244196
08/22/2018,1840.4,1853.4,1829.3,1839.2,118500,243195
08/23/2018,1838.5,1838.5,1802.6,1813.4,130042,242296
08/24/2018,1805.1,1852.8,1802.6,1845.5,143337,237613
08/27/2018,1849.7,1857.1,1835.4,1854.3,107624,235718
08/28/2018,1855.3,1866.4,1824.9,1845.2,131290,227329
08/29/2018,1829.9,1838.5,1821.8,1834.2,94323,215279
08/30/2018,1830.5,1836.1,1801.4,1807.5,98422,214123
08/31/2018,1807.6,1828.0,1798.9,1802.9,65102,211840
09/04/2018,1805.1,1807.0,1738.2,1756.2,68330,212391
09/05/2018,1757.4,1766.7,1749.4,1761.1,70411,210042
09/06/2018,1761.1,1776.0,1750.0,1756.3,75424,210462
09/07/2018,1757.4,1769.8,1746.9,1754.9,84541,209622
09/10/2018,1753.7,1769.2,1747.5,1756.3,58058,207811
09/11/2018,1758.7,1766.7,1729.6,1752.8,85941,208969
09/12/2018,1753.7,1772.9,1746.9,1770.2,90876,206803
09/13/2018,1770.4,1782.2,1757.4,1764.1,88886,206277
09/14/2018,1760.5,1772.9,1742.6,1751.5,70331,203734
09/17/2018,1745.7,1769.2,1741.9,1761.5,58554,203300
09/18/2018,1762.4,1766.7,1746.9,1756.8,72704,205469
09/19/2018,1756.8,1780.3,1755.6,1768.6,86448,206832
09/20/2018,1769.2,1781.6,1759.9,1771.7,88681,206030
09/21/2018,1777.2,1791.5,1756.2,1778.4,66959,205142
09/24/2018,1774.1,1785.9,1761.1,1776.1,99145,203413
09/25/2018,1770.4,1807.6,1764.9,1794.9,102460,204508
09/26/2018,1795.8,1801.4,1776.0,1783.6,90705,203688
09/27/2018,1780.3,1793.3,1758.0,1769.8,117489,203356
09/28/2018,1767.3,1827.4,1765.5,1822.1,119898,203706
10/01/2018,1823.7,1823.7,1782.8,1796.7,88467,200481
10/02/2018,1800.2,1851.5,1792.1,1819.7,108443,200173
10/03/2018,1824.3,1839.8,1814.4,1816.9,68553,200160
10/04/2018,1816.3,1833.6,1803.2,1807.0,82527,201345
10/05/2018,1810.7,1826.8,1800.8,1814.3,67756,200923
10/08/2018,1816.3,1820.6,1769.2,1774.6,91584,200648
10/09/2018,1785.9,1792.1,1769.2,1783.4,67228,199853
10/10/2018,1785.9,1790.2,1765.5,1774.3,63372,201029
10/11/2018,1775.4,1814.4,1768.0,1808.9,102534,201873
10/12/2018,1810.7,1824.9,1800.8,1812.5,72302,199552
10/15/2018,1811.3,1833.6,1810.1,1823.9,69063,199166
10/16/2018,1823.7,1842.9,1813.2,1820.7,60105,199398
10/17/2018,1817.5,1828.0,1810.1,1816.0,77956,198011
10/18/2018,1811.3,1818.1,1792.1,1808.7,79311,199051
10/19/2018,1808.2,1825.5,1805.7,1814.4,59280,197576
10/22/2018,1814.4,1822.4,1800.8,1806.6,58640,199544
10/23/2018,1806.3,1837.9,1800.8,1832.1,89476,199746
10/24/2018,1829.9,1836.7,1815.6,1817.6,66590,200743
10/25/2018,1823.1,1833.0,1809.4,1811.9,87490,204498
10/26/2018,1815.6,1832.4,1807.6,1820.6,88337,205643
10/29/2018,1823.1,1830.5,1784.1,1788.6,99985,209556
10/30/2018,1792.1,1799.5,1780.3,1791.1,79890,208976
10/31/2018,1793.3,1794.6,1763.6,1768.8,84561,211846
11/01/2018,1766.1,1836.7,1765.5,1830.1,130733,211565
11/02/2018,1830.5,1847.8,1815.0,1827.5,73066,211291
11/05/2018,1825.5,1829.9,1807.6,1814.0,75638,212947
11/06/2018,1815.6,1822.4,1793.3,1795.8,96298,213566
11/07/2018,1800.8,1824.3,1792.7,1804.4,106439,214502
11/08/2018,1804.5,1805.1,1779.1,1786.3,132579,211956
11/09/2018,1785.9,1786.5,1743.8,1751.2,86063,217842
11/12/2018,1752.5,1756.2,1728.3,1735.3,100109,219949
11/13/2018,1730.8,1746.9,1724.0,1731.0,102911,224346
11/14/2018,1730.2,1754.9,1716.6,1743.8,91931,224372
11/15/2018,1746.3,1774.1,1742.6,1766.5,92983,224864
11/16/2018,1767.3,1783.4,1760.5,1781.2,77531,224619
11/19/2018,1783.4,1785.9,1774.1,1783.8,138499,222953
11/20/2018,1784.7,1792.7,1759.3,1767.2,98842,223049
11/21/2018,1774.1,1800.8,1766.1,1796.1,138470,216066
11/23/2018,1794.2,1798.5,1754.3,1764.4,131780,209427
11/26/2018,1770.9,1786.2,1758.6,1761.4,126779,201304
11/27/2018,1760.5,1769.0,1742.0,1746.5,147310,199783
11/28/2018,1748.8,1779.5,1744.5,1775.2,101989,190258
11/29/2018,1770.9,1777.0,1761.1,1768.7,82342,184699
11/30/2018,1765.4,1769.7,1733.4,1746.0,98748,184565
12/03/2018,1760.5,1798.5,1753.7,1780.6,77582,180737
12/04/2018,1780.7,1810.8,1775.8,1797.9,32315,179909
12/05/2018,1793.6,1795.5,1779.5,1790.8,66059,178543
12/06/2018,1791.2,1791.8,1770.3,1781.8,66684,178358
12/07/2018,1786.9,1809.6,1781.9,1804.8,56602,179473
12/10/2018,1809.6,1809.6,1788.7,1793.6,78073,176464
12/11/2018,1796.7,1820.0,1793.6,1796.4,70125,174071
12/12/2018,1799.1,1829.2,1796.7,1823.8,52863,175076
12/13/2018,1824.9,1829.8,1813.3,1824.3,66533,174446
12/14/2018,1821.2,1823.7,1788.1,1797.5,42376,173574
12/17/2018,1799.7,1814.5,1795.5,1812.5,46555,173209
12/18/2018,1809.6,1816.3,1802.8,1805.4,72603,172860
12/19/2018,1805.9,1829.8,1794.8,1819.8,76940,172572
12/20/2018,1802.8,1831.7,1795.5,1826.0,53425,174547
12/21/2018,1822.5,1824.9,1801.0,1805.5,31491,173913
12/24/2018,1809.6,1826.8,1807.1,1820.0,76728,173685
12/26/2018,1826.8,1872.8,1815.1,1857.2,79966,176138
12/27/2018,1856.2,1883.3,1842.7,1880.2,61274,173459
12/28/2018,1878.3,1898.6,1877.1,1895.7,54272,174249
12/31/2018,1898.6,1912.7,1890.0,1908.4,90086,176159
01/02/2019,1909.7,1925.6,1889.4,1921.8,93654,181253
01/03/2019,1919.5,1942.2,1909.7,1940.0,101949,178003
01/04/2019,1941.0,1959.4,1921.3,1938.6,55002,179156
01/07/2019,1940.4,1950.2,1925.6,1935.0,71218,181662
01/08/2019,1931.2,1933.6,1910.9,1929.7,82515,186506
01/09/2019,1929.9,1943.4,1919.5,1932.4,66101,188613
01/10/2019,1940.4,1944.0,1914.0,1921.1,68548,188825
01/11/2019,1918.9,1937.9,1914.6,1922.7,52886,189936
01/14/2019,1920.7,1928.1,1914.0,1926.4,65099,191369
01/15/2019,1926.9,1932.4,1912.7,1918.3,49580,191922
01/16/2019,1918.3,1926.2,1906.0,1920.5,54624,192911
01/17/2019,1918.9,1921.3,1901.1,1907.9,57398,193226
01/18/2019,1914.0,1916.4,1885.1,1891.1,57885,190699
01/22/2019,1888.2,1889.4,1866.1,1882.0,56443,188674
01/23/2019,1884.5,1896.8,1875.9,1888.8,49171,187993
01/24/2019,1887.6,1891.9,1872.2,1879.0,85618,186697
01/25/2019,1881.4,1936.1,1879.0,1928.0,61182,191473
01/28/2019,1934.8,1944.0,1917.0,1936.1,62802,192600
01/29/2019,1934.8,1955.7,1931.2,1945.2,87834,194895
01/30/2019,1945.9,1979.7,1943.4,1956.0,84841,199314
01/31/2019,1977.8,1989.5,1965.5,1973.8,77066,203388
02/01/2019,1972.3,1974.7,1952.6,1956.5,72223,206872
02/04/2019,1955.1,1956.9,1926.2,1950.9,50795,209459
02/05/2019,1950.2,1956.3,1942.2,1944.8,61977,207101
02/06/2019,1945.3,1949.0,1920.7,1928.2,73604,208156
02/07/2019,1923.2,1934.2,1920.1,1929.7,66945,210110
02/08/2019,1933.0,1947.7,1921.9,1941.5,65604,213055
02/11/2019,1941.0,1944.0,1922.6,1926.9,80121,215205
02/12/2019,1928.1,1942.8,1921.9,1926.9,93502,217925
02/13/2019,1926.2,1940.4,1906.0,1922.2,89515,221610
02/14/2019,1910.3,1921.9,1896.8,1907.0,92070,219719
02/15/2019,1914.6,1937.3,1906.6,1933.4,151720,217484
02/19/2019,1935.5,1962.5,1929.9,1960.9,158390,220822
02/20/2019,1960.0,1988.9,1956.9,1986.7,143331,225889
02/21/2019,1968.0,1974.7,1934.2,1940.5,101219,221347
02/22/2019,1934.9,1956.2,1934.3,1953.4,103020,219704
02/25/2019,1949.5,1959.3,1940.4,1943.2,98824,214346
02/26/2019,1944.6,1950.7,1931.8,1942.9,88030,206447
02/27/2019,1949.5,1953.2,1919.6,1923.4,67247,199055
02/28/2019,1923.9,1934.9,1903.8,1907.3,103048,196641
03/01/2019,1906.8,1911.1,1850.1,1861.2,91370,195000
03/04/2019,1857.4,1865.9,1839.1,1842.8,68658,190060
03/05/2019,1844.0,1851.3,1837.3,1842.8,58778,190024
03/06/2019,1848.3,1851.3,1836.7,1840.3,65013,191329
03/07/2019,1842.2,1845.8,1828.1,1834.8,76447,191993
03/08/2019,1836.7,1876.9,1831.8,1872.5,49950,191346
03/11/2019,1869.0,1874.5,1857.4,1863.4,57924,190698
03/12/2019,1870.2,1889.7,1867.8,1880.3,49397,189768
03/13/2019,1883.6,1897.1,1883.0,1885.6,71299,188266
03/14/2019,1885.5,1887.3,1846.4,1850.8,58916,186863
03/15/2019,1852.5,1877.5,1850.1,1869.5,44461,186196
03/18/2019,1868.4,1881.8,1856.8,1869.2,41021,187144
03/19/2019,1872.0,1884.9,1869.0,1875.3,69166,189124
03/20/2019,1873.9,1898.9,1862.3,1868.8,70172,190335
03/21/2019,1889.1,1909.3,1876.3,1883.3,55938,190915
03/22/2019,1887.9,1897.1,1874.5,1879.6,53072,192250
03/25/2019,1879.4,1901.9,1876.9,1899.1,57795,193116
03/26/2019,1896.4,1898.3,1877.5,1882.3,60487,192676
03/27/2019,1881.8,1887.9,1861.1,1866.3,88011,194122
03/28/2019,1864.7,1868.4,1824.5,1826.7,76291,197403
03/29/2019,1828.7,1851.9,1823.9,1843.4,79412,195711
04/01/2019,1841.5,1853.1,1833.6,1842.0,84323,199260
04/02/2019,1840.3,1840.9,1818.4,1837.4,67089,199592
04/03/2019,1840.9,1849.5,1830.0,1842.4,83553,201229
04/04/2019,1840.9,1848.3,1812.9,1840.2,80481,204897
04/05/2019,1844.0,1851.9,1834.8,1840.4,70048,205679
04/08/2019,1839.1,1863.5,1839.1,1856.3,77708,206691
04/09/2019,1856.8,1867.8,1851.9,1855.7,80440,208784
04/10/2019,1852.5,1862.3,1844.0,1859.7,132050,211404
04/11/2019,1853.1,1856.2,1811.0,1813.7,77761,219843
04/12/2019,1820.2,1837.9,1817.8,1825.4,85285,218290
04/15/2019,1821.4,1828.7,1804.9,1826.9,81540,223117
04/16/2019,1822.0,1826.9,1809.2,1819.6,100099,224783
04/17/2019,1824.5,1836.7,1815.3,1822.5,78728,219907
04/18/2019,1822.6,1828.7,1817.1,1824.5,70368,220936
04/22/2019,1827.1,1834.4,1824.1,1826.9,127640,217858
04/23/2019,1827.1,1829.6,1792.6,1803.5,116740,219113
04/24/2019,1803.5,1824.1,1798.0,1819.4,106439,214262
04/25/2019,1819.3,1827.1,1807.1,1815.0,130109,212944
04/26/2019,1814.4,1834.4,1810.8,1830.5,133192,201100
04/29/2019,1833.8,1833.8,1808.3,1811.7,65050,197286
04/30/2019,1812.6,1824.7,1799.8,1817.9,89175,196610
05/01/2019,1816.8,1818.0,1773.8,1787.0,69182,201540
05/02/2019,1782.2,1787.7,1767.7,1773.4,88175,202302
05/03/2019,1773.8,1819.3,1771.3,1817.2,88909,200109
05/06/2019,1815.0,1818.6,1792.0,1811.0,60996,200172
05/07/2019,1808.9,1814.4,1796.8,1810.9,59659,199467
05/08/2019,1810.2,1818.6,1799.8,1803.1,65233,198782
05/09/2019,1801.1,1804.7,1784.1,1792.3,49048,200473
05/10/2019,1789.5,1801.7,1788.3,1794.4,68071,201956
05/13/2019,1792.6,1797.4,1773.1,1792.8,53293,203890
05/14/2019,1793.2,1803.5,1788.9,1797.0,45437,203788
05/15/2019,1795.6,1803.5,1791.3,1797.0,72342,204318
05/16/2019,1794.4,1798.6,1761.0,1763.9,64917,209508
05/17/2019,1764.7,1765.9,1744.6,1745.6,46662,209727
05/20/2019,1746.5,1754.3,1741.6,1752.5,47759,210432
05/21/2019,1751.3,1754.3,1741.0,1748.3,39966,210356
05/22/2019,1749.5,1756.8,1743.4,1753.0,71214,210796
05/23/2019,1749.5,1775.6,1747.1,1772.9,42696,210149
05/24/2019,1768.3,1770.7,1761.6,1765.9,109701,211578
05/28/2019,1764.7,1772.5,1730.7,1737.4,78807,217605
05/29/2019,1738.0,1753.1,1737.4,1748.4,81103,213540
05/30/2019,1745.8,1765.9,1739.8,1758.1,95087,212579
05/31/2019,1758.0,1779.8,1754.3,1767.3,121150,209964
06/03/2019,1768.3,1798.6,1767.1,1788.3,104010,213481
06/04/2019,1793.2,1801.7,1776.8,1791.8,139842,216145
06/05/2019,1797.4,1824.7,1790.1,1794.5,88155,215494
06/06/2019,1795.0,1819.3,1787.1,1808.3,119630,219051
06/07/2019,1806.5,1838.1,1800.4,1823.6,111722,221823
06/10/2019,1820.5,1821.1,1774.4,1776.1,114122,222086
06/11/2019,1781.6,1793.8,1775.0,1788.3,85260,226513
06/12/2019,1786.5,1802.9,1784.7,1789.9,94357,230580
06/13/2019,1790.7,1810.8,1785.9,1806.8,128800,233556
06/14/2019,1806.5,1834.4,1792.6,1796.0,74909,232913
06/17/2019,1800.4,1806.5,1790.1,1799.1,129809,232997
06/18/2019,1799.2,1829.6,1795.6,1819.0,109140,239466
06/19/2019,1819.3,1840.5,1808.3,1814.8,263070,239505
06/20/2019,1840.5,1882.9,1834.4,1879.5,188372,236657
06/21/2019,1876.3,1887.2,1838.7,1855.0,166752,229295
06/24/2019,1864.1,1875.6,1855.0,1866.0,235790,231601
06/25/2019,1875.6,1881.6,1851.4,1856.6,172520,229007
06/26/2019,1862.3,1862.9,1839.4,1855.6,97345,223138
06/27/2019,1851.4,1853.2,1835.1,1845.9,57966,220612
06/28/2019,1846.6,1856.9,1840.0,1851.5,72437,218355
07/01/2019,1848.4,1852.0,1829.1,1833.7,77593,218519
07/02/2019,1829.7,1854.4,1818.8,1839.1,69805,221224
07/03/2019,1855.0,1871.9,1839.4,1850.9,113721,222167
07/05/2019,1854.4,1855.0,1800.1,1810.5,116827,222047
07/08/2019,1816.4,1828.5,1808.6,1816.4,53396,219336
07/09/2019,1814.6,1829.1,1806.2,1828.1,80238,218493
07/10/2019,1826.7,1848.4,1818.8,1837.7,63563,219540
07/11/2019,1842.4,1852.0,1824.9,1828.0,52020,219160
07/12/2019,1826.7,1843.0,1818.8,1838.9,69640,218418
07/15/2019,1839.4,1862.3,1832.7,1854.4,128680,220093
07/16/2019,1860.5,1899.1,1851.4,1892.2,113521,229465
07/17/2019,1881.0,1934.7,1877.4,1927.6,151079,233360
07/18/2019,1931.7,1977.5,1926.2,1955.0,182039,231429
07/19/2019,1977.5,2006.5,1940.7,1954.6,100761,230630
07/22/2019,1961.9,1986.0,1954.6,1980.7,116720,232877
07/23/2019,1976.9,2000.5,1955.8,1988.5,89333,234735
07/24/2019,1983.6,2013.1,1973.3,2006.6,126979,236257
07/25/2019,2005.9,2013.8,1972.7,1980.7,84997,233589
07/26/2019,1986.0,1997.5,1973.9,1979.0,65657,235045
07/29/2019,1981.8,1991.4,1974.5,1984.2,60793,237080
07/30/2019,1991.4,2008.3,1982.4,1998.4,114820,239059
07/31/2019,2001.7,2003.5,1957.0,1980.0,129568,236226
08/01/2019,1964.9,1980.0,1923.2,1952.8,107229,237568
08/02/2019,1973.9,1977.5,1934.7,1963.7,119660,237890
08/05/2019,1962.5,2002.3,1947.4,1978.5,80994,238434
08/06/2019,1984.2,1995.0,1975.1,1984.8,197830,239290
08/07/2019,1985.4,2083.1,1985.4,2075.4,143720,244169
08/08/2019,2063.8,2078.9,2028.8,2044.0,116500,243106
08/09/2019,2044.5,2068.7,2034.9,2043.4,99832,237790
08/12/2019,2047.5,2069.9,2027.6,2060.3,214331,232922
08/13/2019,2059.0,2110.9,1992.6,2050.0,128789,233839
08/14/2019,2045.7,2088.6,2034.3,2085.6,110270,233095
08/15/2019,2074.7,2096.4,2060.8,2077.6,81679,228803
08/16/2019,2081.9,2089.8,2055.4,2066.5,104490,227296
08/19/2019,2066.9,2072.9,2030.0,2044.5,98388,230445
08/20/2019,2036.1,2072.3,2031.3,2069.6,94269,238086
08/21/2019,2066.9,2073.5,2048.8,2070.0,101262,234447
08/22/2019,2065.2,2067.0,2041.9,2056.6,166569,235647
08/23/2019,2056.8,2107.7,2047.8,2101.6,168949,239093
08/26/2019,2113.1,2143.0,2111.9,2129.3,180700,238809
08/27/2019,2128.7,2194.5,2125.7,2190.7,204440,239970
08/28/2019,2190.3,2229.2,2175.3,2209.6,188653,227327
08/29/2019,2208.9,2246.0,2173.0,2193.7,191572,224177
08/30/2019,2198.7,2223.8,2174.8,2195.9,203661,218787
09/03/2019,2217.3,2322.0,2198.7,2303.1,157582,225688
09/04/2019,2316.6,2364.5,2308.2,2340.2,196550,222986
09/05/2019,2351.9,2355.5,2223.2,2251.6,210780,216682
09/06/2019,2240.6,2261.5,2160.4,2169.2,141661,216199
09/09/2019,2180.7,2202.9,2156.8,2175.0,143115,217798
09/10/2019,2165.8,2186.7,2137.6,2177.3,89531,217433
09/11/2019,2166.4,2195.1,2151.4,2175.3,105551,217690
09/12/2019,2178.9,2221.4,2165.2,2176.2,115602,218184
09/13/2019,2173.6,2186.7,2091.5,2103.4,109619,216366
09/16/2019,2125.7,2164.0,2117.9,2158.1,89653,214641
09/17/2019,2146.0,2175.3,2133.4,2171.8,101499,212514
09/18/2019,2166.4,2169.4,2104.7,2145.3,67443,210878
09/19/2019,2136.4,2156.8,2113.7,2141.1,59609,211198
09/20/2019,2139.4,2162.2,2132.2,2136.9,132210,211963
09/23/2019,2158.6,2248.4,2153.8,2240.1,135130,215615
09/24/2019,2233.4,2252.0,2192.7,2230.2,134191,215217
09/25/2019,2236.4,2244.8,2140.0,2163.7,112040,216403
09/26/2019,2153.8,2168.2,2129.3,2144.5,142182,214480
09/27/2019,2141.2,2150.2,2076.6,2113.3,98740,213543
09/30/2019,2105.9,2114.3,2032.9,2035.0,86435,213288
10/01/2019,2040.7,2080.2,2028.1,2071.4,72984,212266
10/02/2019,2072.4,2122.7,2064.0,2117.0,71894,212640
10/03/2019,2110.7,2136.4,2096.9,2116.2,60705,212647
10/04/2019,2110.7,2124.5,2074.8,2110.1,36360,211836
10/07/2019,2114.9,2119.1,2087.4,2099.9,91589,211282
10/08/2019,2093.9,2138.2,2071.8,2119.1,69635,213968
10/09/2019,2128.1,2155.0,2121.5,2132.2,96348,212092
10/10/2019,2131.1,2147.2,2089.7,2107.3,105380,210039
10/11/2019,2099.9,2129.3,2079.6,2100.4,106059,208921
10/14/2019,2105.9,2123.3,2089.7,2120.3,71937,209672
10/15/2019,2118.5,2126.9,2079.6,2081.2,73214,210916
10/16/2019,2086.8,2093.9,2056.8,2086.4,63413,210204
10/17/2019,2085.0,2114.9,2074.8,2108.5,48667,211398
10/18/2019,2103.5,2109.5,2085.6,2104.5,77183,211348
10/21/2019,2108.9,2142.4,2098.7,2107.3,58821,213778
10/22/2019,2104.7,2116.7,2088.0,2095.1,53225,214529
10/23/2019,2101.1,2110.7,2096.9,2104.7,76029,214781
10/24/2019,2104.1,2138.2,2093.3,2131.5,136480,218498
10/25/2019,2135.2,2196.9,2131.1,2146.1,87835,222887
10/28/2019,2162.8,2172.4,2129.3,2140.2,82085,222133
10/29/2019,2139.4,2143.6,2107.7,2134.8,87271,221384
10/30/2019,2133.4,2150.8,2105.9,2139.1,106960,222396
10/31/2019,2142.4,2177.1,2130.5,2163.0,100360,224936
11/01/2019,2169.4,2174.2,2147.2,2161.2,101197,227782
11/04/2019,2170.0,2182.5,2150.2,2162.9,149470,229450
11/05/2019,2162.2,2165.2,2097.5,2103.3,108180,227509
11/06/2019,2101.7,2110.7,2078.4,2106.9,184849,226194
11/07/2019,2107.7,2112.5,2024.5,2036.5,150519,227524
11/08/2019,2043.7,2046.6,1994.6,2014.1,107500,223942
11/11/2019,2005.9,2024.5,1991.0,2011.6,115000,221526
11/12/2019,2009.5,2020.3,1989.2,1998.4,121530,222122
11/13/2019,2001.8,2035.3,2001.8,2024.9,89499,221686
11/14/2019,2026.9,2044.9,2016.7,2038.6,76918,221250
11/15/2019,2035.3,2036.5,2008.9,2029.0,112911,221686
11/18/2019,2029.3,2038.9,2000.0,2035.3,117910,220882
11/19/2019,2035.9,2054.4,2027.5,2049.4,121771,221707
11/20/2019,2049.0,2057.4,2035.3,2049.0,126119,222462
11/21/2019,2052.6,2055.6,2036.5,2043.1,128433,223340
11/22/2019,2044.1,2060.2,2029.9,2035.5,101069,223779
11/25/2019,2029.9,2031.7,2013.9,2021.6,143390,213056
11/26/2019,1996.6,2044.7,1996.6,2040.3,89759,209603
11/27/2019,2040.6,2041.8,2021.0,2024.5,70508,206427
11/29/2019,2025.1,2032.8,2010.3,2030.6,73865,204547
12/02/2019,2026.3,2029.9,2005.5,2014.0,92236,203309
12/03/2019,2015.6,2051.8,2011.5,2047.4,112040,205807
12/04/2019,2047.7,2067.3,2002.0,2008.0,69358,208269
12/05/2019,2008.5,2026.9,2002.6,2025.0,111759,204953
12/06/2019,2020.4,2032.8,1967.6,1970.1,54717,206533
12/09/2019,1970.5,1986.0,1966.4,1975.5,51262,204067
12/10/2019,1977.1,1990.7,1973.5,1982.6,63169,202258
12/11/2019,1983.6,2021.0,1976.5,2000.1,113470,203872
12/12/2019,2009.7,2040.0,1996.6,2012.0,79656,204359
12/13/2019,2014.4,2029.3,2005.5,2019.4,50457,203880
12/16/2019,2018.6,2034.6,2012.7,2031.4,47249,205803
12/17/2019,2030.5,2038.2,2019.8,2026.6,48095,206302
12/18/2019,2025.1,2032.8,2010.3,2023.8,49316,207602
12/19/2019,2025.7,2039.4,2012.1,2036.3,64255,208956
12/20/2019,2031.7,2055.4,2027.5,2044.6,65951,210977
12/23/2019,2045.3,2079.7,2045.3,2077.2,64463,216787
12/24/2019,2079.1,2120.7,2068.5,2119.3,90461,223046
12/26/2019,2116.5,2152.7,2114.2,2135.5,71486,225666
12/27/2019,2136.1,2142.7,2114.8,2129.9,63675,225753
12/30/2019,2120.1,2139.1,2116.5,2136.8,64504,226836
12/31/2019,2133.2,2160.5,2121.3,2127.3,93843,229680
01/02/2020,2125.4,2154.5,2116.5,2142.2,115329,231255
01/03/2020,2145.0,2175.3,2141.5,2154.6,142299,233728
01/06/2020,2156.9,2202.0,2142.1,2158.0,114208,233598
01/07/2020,2158.7,2192.5,2133.7,2183.4,187500,234324
01/08/2020,2190.1,2243.0,2146.8,2156.5,107400,234093
01/09/2020,2151.0,2163.4,2114.8,2129.1,90609,233972
01/10/2020,2127.2,2157.5,2120.1,2149.2,64065,234485
01/13/2020,2152.1,2152.1,2129.0,2136.2,91607,235067
01/14/2020,2133.7,2134.9,2099.9,2106.1,93454,234639
01/15/2020,2113.0,2143.2,2107.6,2135.3,59917,236474
01/16/2020,2137.9,2143.2,2121.9,2129.5,69803,235420
01/17/2020,2130.8,2158.7,2125.4,2145.4,138260,236116
01/21/2020,2141.5,2155.1,2091.6,2113.9,62020,233858
01/22/2020,2111.2,2128.4,2098.1,2116.3,71920,233676
01/23/2020,2117.1,2126.0,2088.0,2116.4,72525,233745
01/24/2020,2113.0,2153.9,2105.9,2150.1,73841,236395
01/27/2020,2167.6,2181.2,2141.5,2143.4,110401,238085
01/28/2020,2148.0,2150.4,2067.9,2072.4,62005,231933
01/29/2020,2070.2,2086.3,2051.2,2075.8,129840,388211
01/30/2020,2082.1,2141.5,2079.7,2135.8,69304,228849
01/31/2020,2115.9,2147.4,2108.2,2138.1,89091,229312
02/03/2020,2148.6,2151.6,2086.9,2097.5,67725,227886
02/04/2020,2095.2,2109.4,2078.5,2084.6,65459,224936
02/05/2020,2085.1,2102.3,2073.2,2089.5,64849,223473
02/06/2020,2090.4,2121.9,2086.3,2115.1,86138,225019
02/07/2020,2114.2,2119.5,2089.8,2100.2,76320,223902
02/10/2020,2101.7,2115.9,2096.9,2111.2,91462,223948
02/11/2020,2107.6,2113.0,2083.3,2088.9,91992,221858
02/12/2020,2091.6,2095.2,2069.6,2077.0,87312,223796
02/13/2020,2072.0,2102.9,2070.2,2091.5,71516,225679
02/14/2020,2092.2,2111.8,2088.6,2105.1,158510,231097
02/18/2020,2104.1,2162.2,2097.5,2154.5,120551,238077
02/19/2020,2155.1,2190.1,2152.7,2173.6,134650,242852
02/20/2020,2187.2,2188.9,2161.1,2174.6,164171,242073
02/21/2020,2179.5,2210.9,2176.5,2199.6,216211,243835
02/24/2020,2211.1,2246.0,2197.5,2240.6,278170,244705
02/25/2020,2211.7,2212.3,2115.4,2158.9,223541,238970
02/26/2020,2131.9,2156.1,2106.5,2117.0,137728,226995
02/27/2020,2120.7,2146.1,2083.5,2095.9,226600,218370
02/28/2020,2098.8,2113.6,1938.1,1944.8,108500,200883
03/02/2020,1949.9,2016.1,1943.4,1978.2,122140,195388
03/03/2020,1969.4,2065.7,1969.4,2031.2,71722,196909
03/04/2020,2033.2,2048.6,2017.9,2038.1,57918,195198
03/05/2020,2036.2,2064.0,2026.7,2055.5,102731,197370
03/06/2020,2062.2,2077.0,2010.8,2040.1,140740,195358
03/09/2020,2066.9,2081.7,1955.8,2015.4,143533,189734
03/10/2020,2011.4,2032.6,1984.2,2003.7,61869,187060
03/11/2020,1994.2,2022.0,1968.8,1982.5,149449,183240
03/12/2020,1975.9,1998.4,1832.3,1891.4,168719,180832
03/13/2020,1870.2,1877.8,1704.7,1713.6,174790,171588
03/16/2020,1784.5,1801.6,1390.9,1514.6,119109,168743
03/17/2020,1519.8,1563.5,1431.1,1476.6,123980,166682
03/18/2020,1490.2,1525.1,1375.6,1391.2,80090,164039
03/19/2020,1415.2,1457.1,1389.8,1434.0,87098,159682
03/20/2020,1432.9,1547.5,1418.7,1463.6,82846,157918
03/23/2020,1490.8,1575.3,1452.4,1567.1,123251,156770
03/24/2020,1574.1,1705.9,1562.3,1684.9,88517,150700
03/25/2020,1703.5,1764.4,1678.7,1757.6,56595,146036
03/26/2020,1745.5,1770.3,1701.7,1734.4,60515,141483
03/27/2020,1732.5,1753.7,1695.3,1717.6,68648,141625
03/30/2020,1737.2,1738.4,1648.0,1670.1,60434,139289
03/31/2020,1678.7,1713.6,1661.0,1672.9,50569,139256
04/01/2020,1671.6,1685.8,1642.1,1652.6,63252,138473
04/02/2020,1661.0,1739.6,1653.3,1731.8,44632,140055
04/03/2020,1728.9,1743.1,1706.5,1712.9,63174,138738
04/06/2020,1718.3,1820.5,1696.4,1792.6,90514,140600
04/07/2020,1805.7,1882.6,1796.9,1829.4,57732,138974
04/08/2020,1808.7,1825.2,1785.7,1796.9,85756,138918
04/09/2020,1798.1,1901.5,1793.3,1897.1,64207,139780
04/13/2020,1876.1,1887.9,1818.2,1836.1,86433,140169
04/14/2020,1850.1,1926.3,1850.1,1906.2,62147,143477
04/15/2020,1897.9,1900.3,1829.4,1832.3,53608,140351
04/16/2020,1849.5,1880.8,1823.5,1846.2,52019,141102
04/17/2020,1861.3,1867.2,1795.7,1807.5,46926,141181
04/20/2020,1806.3,1854.2,1798.1,1845.2,89224,142149
04/21/2020,1835.9,1838.8,1720.7,1758.0,57877,139607
04/22/2020,1767.9,1821.8,1746.7,1818.0,68251,141540
04/23/2020,1811.8,1862.8,1800.7,1820.7,58404,142976
04/24/2020,1821.8,1845.3,1791.3,1811.2,51818,143299
04/27/2020,1816.5,1833.5,1794.2,1799.0,62161,139329
04/28/2020,1810.1,1818.3,1769.0,1797.5,48405,138349
04/29/2020,1797.8,1830.0,1786.6,1796.0,71663,139026
04/30/2020,1821.2,1869.3,1741.5,1755.9,36484,134672
05/01/2020,1767.9,1776.6,1737.9,1751.8,40813,132118
05/04/2020,1767.9,1785.4,1730.9,1735.1,35142,131830
05/05/2020,1740.9,1782.5,1730.9,1772.0,40565,132573
05/06/2020,1772.5,1804.8,1740.3,1760.8,41083,132725
05/07/2020,1749.7,1840.6,1749.7,1828.2,62387,136678
05/08/2020,1832.4,1874.0,1818.3,1850.3,40571,137969
05/11/2020,1847.6,1866.9,1818.9,1838.8,41212,135057
05/12/2020,1841.1,1862.3,1820.6,1842.2,46926,135987
05/13/2020,1832.4,1865.8,1823.0,1837.7,53104,136495
05/14/2020,1847.6,1902.7,1836.5,1894.6,84914,141211
05/15/2020,1898.0,2011.2,1894.5,2001.8,96351,146319
05/18/2020,2020.0,2109.1,2008.3,2048.5,71375,147978
05/19/2020,2037.0,2112.0,2033.5,2099.3,67987,151890
05/20/2020,2096.2,2130.2,2082.1,2114.5,78636,155254
05/21/2020,2117.3,2117.9,2024.1,2036.3,53567,155485
05/22/2020,2044.6,2083.9,2015.9,2074.9,84496,156737
05/26/2020,2074.5,2115.6,2037.0,2063.4,69562,158185
05/27/2020,2059.3,2094.5,2020.0,2082.4,64032,159031
05/28/2020,2087.4,2123.8,2073.9,2107.0,70143,163038
05/29/2020,2101.5,2175.4,2088.6,2169.4,72565,166345
06/01/2020,2185.3,2222.3,2164.2,2207.9,73206,170099
06/02/2020,2210.5,2216.4,2124.4,2141.4,79560,169670
06/03/2020,2157.2,2158.4,2072.8,2105.9,65794,168156
06/04/2020,2106.8,2126.1,2085.7,2118.0,104959,170820
06/05/2020,2113.2,2116.7,2037.6,2049.8,82616,169232
06/08/2020,2057.5,2108.5,2051.6,2098.3,72333,171452
06/09/2020,2104.4,2109.7,2073.9,2086.7,109460,175240
06/10/2020,2080.4,2158.4,2073.9,2086.9,108820,177739
06/11/2020,2150.2,2156.6,2064.0,2097.9,69907,178901
06/12/2020,2082.1,2095.6,2048.7,2050.1,86788,175914
06/15/2020,2059.3,2067.5,1995.4,2040.4,76143,172898
06/16/2020,2054.6,2086.2,2048.1,2070.1,57432,174386
06/17/2020,2067.5,2089.2,2054.0,2084.5,60288,177480
06/18/2020,2076.3,2101.5,2040.5,2053.2,80320,177089
06/19/2020,2051.1,2114.4,2048.7,2092.9,93045,181807
06/22/2020,2099.7,2132.2,2084.6,2099.0,104189,181995
06/23/2020,2082.8,2126.4,2079.3,2118.1,97021,183444
06/24/2020,2122.3,2139.7,2043.3,2068.4,70962,180256
06/25/2020,2057.9,2100.2,2049.7,2096.3,79707,177948
06/26/2020,2099.1,2120.0,2053.2,2109.9,60511,176045
06/29/2020,2103.1,2123.5,2082.8,2097.8,79361,171688
06/30/2020,2101.4,2166.4,2092.7,2164.3,90977,169418
07/01/2020,2157.7,2189.1,2101.4,2115.7,53439,167352
07/02/2020,2123.5,2136.8,2089.8,2127.8,56266,167591
07/06/2020,2129.3,2181.0,2115.9,2158.0,74298,169706
07/07/2020,2158.3,2174.0,2117.7,2171.5,88139,169513
07/08/2020,2163.0,2231.5,2158.3,2225.2,106361,176125
07/09/2020,2223.9,2258.2,2186.8,2202.1,64524,175801
07/10/2020,2209.4,2229.1,2196.1,2212.7,89784,175725
07/13/2020,2215.8,2300.6,2215.8,2298.0,76685,178141
07/14/2020,2259.3,2286.1,2234.4,2268.1,58455,178367
07/15/2020,2281.4,2304.6,2267.5,2294.9,55651,178539
07/16/2020,2301.7,2307.5,2261.7,2273.0,59036,178744
07/17/2020,2268.6,2298.2,2247.7,2295.2,81556,179963
07/20/2020,2295.3,2362.1,2282.6,2344.9,151508,184301
07/21/2020,2362.1,2523.0,2359.2,2503.5,215571,185745
07/22/2020,2520.1,2719.8,2517.7,2687.8,191631,184943
07/23/2020,2718.1,2748.8,2610.1,2669.6,118548,185705
07/24/2020,2651.9,2692.5,2622.3,2653.6,200769,186129
07/27/2020,2667.5,2882.4,2664.1,2845.3,268078,186588
07/28/2020,2868.5,3051.4,2608.3,2822.0,149351,184020
07/29/2020,2854.5,2917.2,2721.5,2824.4,169689,184392
07/30/2020,2839.4,2854.5,2671.0,2713.1,154891,187740
07/31/2020,2743.6,2865.0,2718.6,2812.2,91138,193375
08/03/2020,2866.1,2935.2,2805.7,2835.6,171140,199633
08/04/2020,2844.1,3049.6,2815.0,3022.7,229140,205527
08/05/2020,3053.1,3164.6,2977.6,3122.8,260070,205537
08/06/2020,3147.8,3391.0,3128.0,3298.1,325440,207490
08/07/2020,3370.7,3474.1,3185.5,3198.3,286171,207064
08/10/2020,3312.7,3429.4,3247.0,3398.1,395640,205489
08/11/2020,3395.1,3418.9,2842.9,3025.1,280359,198069
08/12/2020,2891.7,3060.7,2738.4,3017.0,287991,196666
08/13/2020,2976.5,3234.9,2944.5,3218.9,251090,197623
08/14/2020,3207.6,3238.3,2993.9,3029.8,194179,193078
08/17/2020,3097.2,3218.0,3009.6,3213.0,246810,195427
08/18/2020,3207.6,3321.9,3157.6,3260.4,245791,194897
08/19/2020,3234.9,3266.8,3081.0,3175.0,177771,192857
08/20/2020,3108.8,3208.7,3094.9,3152.6,181248,191942
08/21/2020,3179.1,3209.3,3030.5,3104.4,160589,191091
08/24/2020,3123.3,3175.8,3058.6,3091.8,136680,188721
08/25/2020,3096.7,3120.4,3036.6,3052.3,138093,187631
08/26/2020,3090.9,3210.5,3038.9,3188.4,242219,182760
08/27/2020,3208.2,3256.7,3084.6,3141.5,114067,169720
08/28/2020,3149.3,3233.0,3124.4,3209.9,96547,168368
08/31/2020,3214.5,3309.2,3209.9,3302.8,118822,165543
09/01/2020,3283.8,3376.8,3215.1,3308.6,131780,166449
09/02/2020,3278.6,3296.5,3150.4,3164.3,129881,163745
09/03/2020,3192.0,3221.4,3075.9,3104.2,131611,161139
09/04/2020,3091.5,3146.9,3055.7,3085.4,144759,158744
09/08/2020,3123.3,3163.1,3001.4,3117.6,145337,158991
09/09/2020,3107.7,3156.2,3068.4,3128.2,88394,159358
09/10/2020,3140.0,3205.8,3103.0,3152.3,63067,160869
09/11/2020,3122.7,3146.4,3086.9,3102.1,55233,161083
09/14/2020,3108.2,3181.6,3101.3,3159.6,62814,161795
09/15/2020,3162.5,3218.6,3141.2,3172.2,63346,162397
09/16/2020,3159.1,3200.1,3125.0,3173.6,97128,162351
09/17/2020,3158.5,3164.8,3049.9,3130.2,55401,163292
09/18/2020,3151.6,3185.6,3103.6,3133.5,55560,163839
09/21/2020,3119.2,3133.7,2746.7,2816.8,112801,158526
09/22/2020,2862.8,2922.3,2761.7,2832.5,157210,157908
09/23/2020,2832.8,2843.7,2624.9,2668.7,164731,157071
09/24/2020,2642.2,2707.4,2519.2,2679.3,94423,154863
09/25/2020,2684.3,2704.6,2601.2,2667.4,80068,153293
09/28/2020,2656.0,2756.0,2611.6,2726.4,81496,154491
09/29/2020,2749.6,2835.1,2715.5,2823.5,95514,157308
09/30/2020,2830.5,2830.5,2683.8,2713.7,75062,154828
10/01/2020,2697.6,2809.1,2694.2,2801.5,69356,155402
10/02/2020,2760.6,2813.1,2723.6,2775.5,54406,155241
10/05/2020,2780.8,2850.1,2749.6,2836.8,74334,156914
10/06/2020,2832.2,2847.2,2652.6,2763.0,64462,155484
10/07/2020,2675.1,2786.0,2667.0,2760.1,52767,156398
10/08/2020,2763.5,2813.1,2746.1,2757.8,79659,156809
10/09/2020,2768.7,2925.7,2768.1,2900.1,76698,158991
10/12/2020,2920.0,2969.6,2876.7,2918.9,98892,158679
10/13/2020,2915.4,2923.4,2773.9,2787.0,66541,158203
10/14/2020,2799.8,2855.9,2764.0,2817.8,74917,157636
10/15/2020,2814.9,2822.9,2731.7,2798.0,52642,156465
10/16/2020,2821.8,2848.4,2793.5,2818.9,65176,156806
10/19/2020,2805.6,2901.5,2797.0,2852.7,59798,157162
10/20/2020,2828.1,2894.6,2818.9,2885.3,79967,157845
10/21/2020,2864.0,2936.7,2861.6,2915.5,76585,158396
10/22/2020,2908.4,2913.6,2825.3,2854.0,54887,158749
10/23/2020,2868.6,2885.3,2829.9,2850.1,70646,159221
10/26/2020,2858.8,2860.5,2788.9,2820.6,72043,160083
10/27/2020,2816.6,2859.9,2802.7,2838.0,132320,160550
10/28/2020,2829.3,2850.1,2663.6,2698.1,106181,157041
10/29/2020,2707.4,2731.7,2613.3,2698.2,85124,155764
10/30/2020,2697.0,2761.7,2683.2,2731.2,86732,154235
11/02/2020,2730.0,2802.2,2709.8,2775.9,67355,153850
11/03/2020,2791.8,2828.1,2769.2,2810.7,109850,153267
11/04/2020,2805.6,2843.7,2686.7,2759.8,118530,151363
11/05/2020,2769.8,2950.0,2766.9,2909.7,133660,157951
11/06/2020,2939.6,3000.2,2888.8,2964.1,195031,159521
11/09/2020,2987.0,3018.7,2725.9,2737.6,107840,153391
11/10/2020,2792.9,2839.1,2766.4,2825.5,94233,155011
11/11/2020,2807.4,2831.0,2750.2,2803.0,75786,156293
11/12/2020,2813.7,2827.0,2782.5,2807.5,70058,159218
11/13/2020,2814.3,2876.1,2797.0,2861.6,93857,160648
11/16/2020,2864.5,2905.5,2801.6,2864.8,68000,161019
11/17/2020,2873.8,2876.1,2822.4,2847.3,96755,160972
11/18/2020,2837.4,2862.2,2799.3,2823.9,114321,159991
11/19/2020,2816.0,2821.2,2734.0,2777.7,98257,160360
11/20/2020,2785.4,2841.4,2766.9,2814.1,134291,164985
11/23/2020,2792.7,2823.7,2708.8,2729.7,143810,163416
11/24/2020,2727.2,2731.2,2648.5,2689.8,88176,162092
11/25/2020,2687.5,2716.3,2666.9,2694.0,116318,155435
11/27/2020,2698.5,2708.8,2573.8,2601.3,116726,153348
11/30/2020,2617.5,2623.2,2523.2,2596.0,94005,152747
12/01/2020,2608.3,2778.3,2604.2,2768.0,80289,152372
12/02/2020,2772.6,2809.9,2720.9,2766.8,76929,151687
12/03/2020,2782.9,2805.9,2740.4,2773.4,70974,151397
12/04/2020,2780.0,2824.9,2765.1,2786.7,86060,152295
12/07/2020,2793.3,2865.6,2715.1,2848.9,63232,154580
12/08/2020,2832.9,2874.3,2820.8,2842.2,89323,154821
12/09/2020,2842.1,2844.4,2722.6,2756.5,89649,153833
12/10/2020,2764.0,2807.0,2737.5,2768.4,53489,154297
12/11/2020,2773.1,2785.8,2722.0,2768.2,57546,154857
12/14/2020,2773.7,2799.6,2729.5,2763.0,63729,154589
12/15/2020,2753.6,2838.1,2750.7,2831.6,99879,158268
12/16/2020,2831.7,2946.1,2823.7,2878.5,97796,163433
12/17/2020,2930.0,3022.5,2911.0,3008.2,73138,169980
12/18/2020,3016.7,3027.7,2971.9,2991.2,136969,171896
12/21/2020,3000.1,3175.3,2886.3,3031.0,111029,171398
12/22/2020,3035.7,3081.1,2898.4,2934.0,68241,168926
12/23/2020,2908.7,2982.8,2893.8,2978.4,36438,168844
12/24/2020,2957.6,2996.6,2934.0,2976.9,84597,168654
12/28/2020,3002.4,3100.0,2987.4,3049.4,66682,171483
12/29/2020,3039.1,3075.9,2996.1,3012.4,66682,171483
12/30/2020,3024.8,3083.4,3017.3,3053.3,50251,170057
12/31/2020,3083.4,3088.6,3027.1,3034.8,119309,171369
01/04/2021,3075.9,3189.7,3071.3,3144.2,69935,174707
01/05/2021,3143.1,3200.0,3119.6,3175.9,132860,176005
01/06/2021,3185.1,3229.3,3067.9,3107.2,72205,175160
01/07/2021,3149.5,3159.2,3104.6,3132.3,190391,175191
01/08/2021,3134.5,3140.8,2818.5,2830.8,112890,168816
01/11/2021,2926.5,2940.9,2799.6,2905.2,69715,169662
01/12/2021,2874.3,2958.1,2872.5,2922.5,70785,170033
01/13/2021,2947.8,2962.7,2892.1,2938.3,88181,169262
01/14/2021,2905.9,2986.3,2883.5,2964.7,109540,168918
01/15/2021,2942.6,2971.9,2827.7,2857.1,112281,167614
01/19/2021,2853.6,2927.7,2762.2,2909.3,85192,166896
01/20/2021,2905.9,2982.8,2879.4,2960.6,62438,169107
01/21/2021,2977.1,3002.4,2953.0,2970.7,77512,169897
01/22/2021,2990.3,2992.6,2878.3,2936.4,76634,168235
01/25/2021,2934.0,2968.5,2896.1,2928.2,55508,167748
01/26/2021,2917.9,2955.3,2899.0,2934.4,101660,167880
01/27/2021,2933.4,2935.2,2839.8,2917.2,199717,167853
01/28/2021,2910.5,3113.8,2860.5,2978.5,196810,177333
01/29/2021,3059.3,3190.8,3004.7,3092.5,358131,179138
02/01/2021,3266.1,3487.3,3235.1,3380.2,225980,184832
02/02/2021,3343.1,3349.4,3027.7,3033.6,105469,179786
02/03/2021,3071.9,3132.2,3050.1,3089.6,111781,177422
02/04/2021,3097.7,3104.1,2980.0,3014.3,114110,175077
02/05/2021,3035.7,3114.4,3016.7,3104.5,103309,176180
02/08/2021,3125.3,3182.8,3094.3,3168.5,101261,178809
02/09/2021,3144.9,3202.9,3117.3,3148.5,88621,179288
02/10/2021,3142.6,3170.7,3088.6,3111.3,81237,179347
02/11/2021,3113.3,3142.6,3073.6,3107.7,66967,180631
02/12/2021,3104.6,3159.8,3092.0,3140.0,155891,182346
02/16/2021,3158.6,3225.9,3087.4,3139.7,87780,183544
02/17/2021,3138.0,3158.6,3092.6,3138.5,106528,182495
02/18/2021,3155.8,3170.7,3091.4,3111.3,125879,180495
02/19/2021,3115.0,3183.9,2999.5,3131.5,158260,179004
02/22/2021,3165.6,3257.4,3140.4,3227.7,166311,178935
02/23/2021,3248.2,3266.6,3136.3,3183.0,138569,172392
02/24/2021,3188.0,3229.9,3145.5,3204.4,126478,173501
02/25/2021,3221.8,3252.2,3137.5,3176.5,119981,171486
02/26/2021,3158.7,3172.5,3001.5,3033.7,75729,160964
03/01/2021,3063.5,3118.0,3041.7,3061.0,81973,158613
03/02/2021,3055.5,3096.2,2956.8,3084.0,86340,158349
03/03/2021,3081.8,3088.2,2968.8,3027.6,100469,156682
03/04/2021,3003.3,3027.3,2877.6,2921.3,84822,155112
03/05/2021,2912.6,2926.4,2850.7,2901.4,66818,154814
03/08/2021,2914.3,2979.2,2865.0,2899.3,71669,153369
03/09/2021,2887.9,3008.4,2878.8,3004.2,56098,155425
03/10/2021,2986.0,3019.3,2938.4,2998.1,60013,156098
03/11/2021,3019.3,3045.7,2970.0,3005.3,60223,156630
03/12/2021,3005.5,3010.1,2917.2,2973.0,50623,155732
03/15/2021,2991.2,3027.9,2965.4,3016.2,51140,156929
03/16/2021,3022.2,3029.6,2970.0,2983.5,58515,159092
03/17/2021,2983.7,3053.7,2960.8,2989.8,78583,160755
03/18/2021,3029.1,3068.1,2968.8,3023.4,55642,160830
03/19/2021,3000.4,3029.1,2974.6,3020.0,65439,161387
03/22/2021,3022.2,3023.3,2920.1,2956.7,65947,160428
03/23/2021,2966.0,2973.4,2874.2,2894.5,47452,160437
03/24/2021,2882.2,2917.8,2870.7,2894.9,91114,158821
03/25/2021,2887.9,2897.7,2803.6,2873.8,45770,156955
03/26/2021,2885.6,2906.9,2859.3,2881.5,55724,156501
03/29/2021,2880.5,2885.6,2808.8,2842.2,75411,156091
03/30/2021,2836.9,2842.0,2739.9,2769.4,69183,154987
03/31/2021,2758.9,2818.5,2723.9,2814.7,69583,151403
04/01/2021,2806.5,2873.6,2784.7,2862.5,69583,151403
04/05/2021,2874.2,2884.5,2829.4,2843.2,59738,154010
04/06/2021,2857.5,2909.2,2844.9,2894.5,52187,154593
04/07/2021,2892.5,2906.3,2856.4,2896.8,87819,156229
04/08/2021,2892.5,2945.9,2870.7,2935.6,75877,160092
04/09/2021,2929.2,2932.1,2869.6,2905.7,78959,159447
04/12/2021,2902.9,2906.3,2836.9,2853.2,97739,158138
04/13/2021,2848.9,2930.4,2831.7,2917.3,71700,164066
04/14/2021,2914.9,2936.1,2895.4,2928.6,81699,167584
04/15/2021,2923.5,2991.2,2912.0,2979.0,65430,170734
04/16/2021,2976.3,3026.8,2959.7,2995.2,67589,170332
04/19/2021,2989.5,3015.3,2945.3,2964.5,87584,169324
04/20/2021,2968.8,3000.4,2951.6,2964.8,113850,169420
04/21/2021,2969.4,3066.9,2959.7,3048.6,105650,178122
04/22/2021,3059.3,3059.3,2985.4,3004.2,85028,172946
04/23/2021,3006.6,3037.6,2971.1,2992.2,97159,172951
04/26/2021,2989.4,3015.8,2971.7,3007.4,114270,172876
04/27/2021,3019.8,3043.3,2995.2,3030.7,121099,172470
04/28/2021,3022.7,3022.7,2964.8,2992.7,92760,168261
04/29/2021,3013.5,3045.6,2949.9,2988.9,60483,166422
04/30/2021,2998.6,3010.6,2962.5,2964.6,78533,161569
05/03/2021,2978.0,3106.9,2961.9,3089.1,81563,170639
05/04/2021,3095.4,3121.2,2997.5,3043.1,44267,167073
05/05/2021,3047.3,3060.5,2998.0,3038.9,94226,166656
05/06/2021,3046.7,3160.7,3007.2,3148.4,85132,177755
05/07/2021,3145.3,3185.4,3120.1,3148.4,70567,177045
05/10/2021,3171.6,3208.9,3130.4,3150.1,66509,176776
05/11/2021,3139.6,3183.1,3114.3,3170.1,82125,178250
05/12/2021,3180.8,3188.8,3097.2,3121.7,68984,177224
05/13/2021,3104.6,3131.5,3068.5,3100.5,60609,175289
05/14/2021,3115.5,3161.9,3084.6,3135.5,61399,175487
05/17/2021,3152.7,3258.1,3144.1,3239.7,78977,182552
05/18/2021,3245.5,3311.4,3222.0,3246.5,113591,181606
05/19/2021,3242.7,3250.1,3142.4,3211.2,59178,180921
05/20/2021,3190.0,3222.6,3149.9,3216.0,81231,181806
05/21/2021,3193.4,3230.6,3124.1,3149.4,53854,178848
05/24/2021,3172.8,3210.0,3156.7,3197.4,72558,179454
05/25/2021,3194.5,3226.6,3156.2,3214.7,68752,180830
05/26/2021,3220.3,3247.3,3172.2,3194.2,60853,180351
05/27/2021,3181.4,3207.7,3159.6,3201.4,71553,182330
05/28/2021,3206.0,3219.2,3148.7,3209.9,114562,181224
06/01/2021,3215.2,3289.7,3200.3,3220.0,59252,182312
06/02/2021,3207.7,3245.0,3181.4,3231.7,110781,184428
06/03/2021,3242.1,3250.7,3104.0,3148.4,82493,182075
06/04/2021,3154.4,3206.0,3129.2,3196.4,79913,185766
06/07/2021,3198.0,3218.0,3161.9,3210.4,89384,185420
06/08/2021,3211.2,3222.0,3163.6,3177.5,79687,184841
06/09/2021,3177.9,3224.9,3164.8,3208.5,103011,189371
06/10/2021,3197.4,3228.9,3148.1,3211.9,96237,194806
06/11/2021,3224.9,3259.3,3211.2,3225.0,69531,198860
06/14/2021,3219.2,3226.6,3158.5,3212.8,74048,196087
06/15/2021,3208.3,3211.7,3149.3,3173.1,75973,194268
06/16/2021,3184.8,3204.9,3059.3,3186.8,182339,193846
06/17/2021,3094.3,3130.4,2958.5,2962.6,107060,182722
06/18/2021,2973.4,3042.7,2952.8,2975.6,76195,178995
06/21/2021,2963.7,2994.6,2931.0,2982.0,81747,177132
06/22/2021,2976.9,2988.3,2948.8,2962.9,70542,175703
06/23/2021,2962.0,3021.5,2957.4,2992.0,80916,178120
06/24/2021,2972.3,3006.6,2963.7,2984.7,81789,176864
06/25/2021,2980.9,3022.0,2975.7,2989.0,85798,170576
06/28/2021,2999.7,3012.9,2960.3,3003.6,92708,163379
06/29/2021,3001.4,3001.4,2926.5,2963.2,46703,157119
06/30/2021,2960.3,3006.0,2951.7,2996.8,47459,155488
07/01/2021,3003.2,3034.6,2979.7,2986.0,59837,156418
07/02/2021,2991.2,3054.6,2986.0,3031.9,84507,160912
07/06/2021,3047.8,3078.7,2986.0,2994.5,53895,157216
07/07/2021,3004.9,3036.9,2981.4,2989.3,63204,156113
07/08/2021,3004.9,3010.0,2960.3,2973.1,46567,155008
07/09/2021,2975.1,3008.9,2954.0,3001.3,47461,153632
07/12/2021,2995.7,3017.5,2966.6,3001.9,52999,154260
07/13/2021,3011.2,3024.9,2975.1,2990.6,66307,154699
07/14/2021,2980.9,3040.3,2975.7,3005.6,36824,155595
07/15/2021,3011.7,3030.6,3002.6,3019.6,78754,155873
07/16/2021,3023.8,3037.5,2933.4,2951.1,86496,157508
07/19/2021,2940.2,2952.3,2864.2,2876.6,63686,153764
07/20/2021,2887.6,2896.2,2841.9,2859.6,51780,151763
07/21/2021,2857.3,2901.9,2836.1,2889.3,52317,149681
07/22/2021,2897.9,2919.1,2867.0,2903.7,41527,149191
07/23/2021,2915.1,2921.4,2865.9,2886.8,42963,149191
07/26/2021,2891.0,2918.5,2880.2,2896.5,82673,148448
07/27/2021,2889.3,2896.8,2804.7,2820.0,59170,150814
07/28/2021,2829.3,2867.0,2820.7,2846.1,71777,149310
07/29/2021,2861.9,2960.3,2860.2,2949.6,74916,148052
07/30/2021,2928.8,2938.5,2905.3,2922.7,58063,144930
08/02/2021,2931.7,2937.4,2899.6,2925.9,58427,145790
08/03/2021,2913.9,2936.2,2891.0,2926.7,50754,146196
08/04/2021,2927.7,2984.9,2903.1,2912.9,79033,146179
08/05/2021,2908.8,2924.8,2873.3,2893.6,45979,145748
08/06/2021,2882.5,2886.5,2769.2,2783.0,131152,148080
08/09/2021,2784.6,2789.2,2549.0,2662.1,142307,149713
08/10/2021,2682.8,2708.6,2656.5,2676.2,89437,154491
08/11/2021,2668.5,2696.0,2653.1,2687.2,82249,157577
08/12/2021,2690.3,2692.0,2627.9,2644.6,62539,160651
08/13/2021,2649.1,2726.3,2646.2,2720.5,51873,157796
08/16/2021,2716.6,2733.2,2674.8,2721.8,51908,155906
08/17/2021,2727.4,2740.6,2696.0,2706.7,55650,153825
08/18/2021,2706.9,2726.3,2661.7,2679.6,65002,152187
08/19/2021,2688.5,2690.3,2640.5,2657.7,72418,152128
08/20/2021,2655.4,2665.7,2612.5,2644.2,76968,153164
08/23/2021,2627.6,2712.1,2623.0,2706.2,72794,149041
08/24/2021,2705.2,2741.8,2693.8,2732.9,89339,149847
08/25/2021,2730.4,2735.5,2699.0,2719.7,91679,148892
08/26/2021,2732.1,2733.8,2679.0,2693.9,125361,146495
08/27/2021,2695.5,2760.6,2666.4,2752.6,60951,150282
08/30/2021,2754.9,2772.0,2734.4,2740.7,47458,143395
08/31/2021,2747.5,2770.9,2720.7,2740.7,52103,140937
09/01/2021,2732.6,2777.2,2714.4,2765.3,39165,141865
09/02/2021,2762.9,2771.5,2718.9,2730.7,68816,140079
09/03/2021,2734.4,2848.0,2729.8,2831.6,72861,143087
09/07/2021,2838.8,2842.2,2764.0,2782.6,47684,139187
09/08/2021,2784.6,2794.9,2733.2,2746.5,45405,138942
09/09/2021,2739.5,2780.6,2724.6,2760.3,39889,139599
09/10/2021,2751.5,2779.4,2712.7,2728.6,49305,140057
09/13/2021,2716.1,2727.5,2667.0,2716.8,44017,139390
09/14/2021,2714.4,2737.8,2675.6,2726.9,33984,140540
09/15/2021,2724.6,2733.2,2702.4,2717.3,89337,140850
09/16/2021,2724.6,2740.1,2578.5,2602.4,66008,144247
09/17/2021,2615.6,2640.7,2546.5,2550.2,52402,145249
09/20/2021,2549.4,2568.8,2514.6,2535.0,42224,145233
09/21/2021,2542.0,2593.9,2535.7,2581.5,52208,145537
09/22/2021,2567.1,2643.0,2563.7,2615.3,44381,144047
09/23/2021,2591.1,2612.2,2564.8,2589.2,42344,143641
09/24/2021,2572.2,2601.9,2522.0,2560.2,37100,144047
09/27/2021,2556.8,2610.5,2556.2,2591.0,55953,143255
09/28/2021,2583.1,2589.4,2520.9,2565.0,80720,142158
09/29/2021,2566.0,2576.2,2444.4,2452.9,67163,147083
09/30/2021,2456.3,2537.4,2450.1,2517.1,45918,140479
10/01/2021,2532.8,2580.2,2510.6,2572.9,37803,139857
10/04/2021,2580.2,2603.6,2544.8,2585.2,30562,139725
10/05/2021,2594.5,2595.1,2555.1,2581.1,40874,139763
10/06/2021,2584.2,2591.6,2532.8,2572.5,44951,139194
10/07/2021,2584.8,2607.6,2555.7,2586.8,72078,139483
10/08/2021,2581.4,2651.0,2561.4,2592.2,32623,139836
10/11/2021,2589.9,2606.5,2568.2,2587.6,44704,139877
10/12/2021,2581.4,2601.9,2548.8,2570.4,73837,139403
10/13/2021,2576.8,2658.4,2566.5,2645.3,55274,143002
10/14/2021,2637.3,2697.2,2617.3,2680.3,54740,144510
10/15/2021,2690.4,2699.5,2637.3,2665.7,49009,141758
10/18/2021,2669.3,2682.4,2629.9,2656.0,80809,141473
10/19/2021,2654.4,2760.6,2651.0,2726.7,74237,143664
10/20/2021,2707.0,2796.6,2696.1,2790.9,61322,144915
10/21/2021,2782.3,2802.9,2748.1,2759.5,84481,141650
10/22/2021,2765.2,2845.1,2761.2,2791.3,47137,143184
10/25/2021,2785.2,2819.4,2781.7,2807.6,64284,143580
10/26/2021,2814.3,2814.8,2731.5,2750.1,51934,141581
10/27/2021,2765.2,2777.7,2729.2,2761.9,52103,141861
10/28/2021,2754.9,2775.5,2742.3,2753.8,63884,142134
10/29/2021,2755.5,2756.0,2706.4,2734.2,43738,142022
11/01/2021,2738.3,2760.0,2718.4,2748.4,67290,143042
11/02/2021,2754.9,2756.0,2675.0,2683.8,71287,141394
11/03/2021,2691.0,2701.8,2631.0,2652.3,72207,142133
11/04/2021,2686.4,2753.2,2681.3,2729.9,90861,142419
11/05/2021,2725.2,2769.2,2701.8,2758.0,93153,144240
11/08/2021,2772.6,2807.4,2754.9,2801.9,84005,146978
11/09/2021,2802.9,2804.6,2750.3,2776.4,150098,144370
11/10/2021,2782.9,2879.3,2744.6,2828.2,103032,150667
11/11/2021,2821.1,2895.9,2813.7,2888.6,74382,154496
11/12/2021,2894.2,2907.9,2845.7,2893.7,81707,154330
11/15/2021,2902.8,2907.3,2850.8,2866.2,90523,153298
11/16/2021,2869.6,2910.2,2834.2,2847.8,66791,152404
11/17/2021,2838.2,2886.8,2837.1,2873.3,82172,153251
11/18/2021,2871.4,2880.5,2823.4,2842.8,86637,155360
11/19/2021,2837.1,2858.8,2809.7,2829.2,101006,154737
11/22/2021,2815.7,2849.3,2757.0,2774.3,130326,152927
11/23/2021,2765.0,2779.2,2657.4,2675.3,88376,149642
11/24/2021,2698.4,2704.1,2670.5,2680.3,119612,144076
11/26/2021,2688.7,2706.9,2611.8,2634.6,79081,145893
11/29/2021,2637.5,2671.6,2593.6,2602.4,72319,141305
11/30/2021,2611.3,2659.7,2585.6,2598.2,65912,138003
12/01/2021,2605.0,2626.1,2526.4,2544.0,65912,139481
12/02/2021,2543.5,2562.9,2529.8,2541.3,48305,134207
12/03/2021,2552.0,2572.5,2509.3,2560.1,54644,135185
12/06/2021,2574.8,2577.7,2519.6,2535.3,41168,135977
12/07/2021,2550.3,2576.5,2531.5,2564.9,41078,136572
12/08/2021,2565.1,2571.4,2540.1,2554.5,31817,137246
12/09/2021,2554.9,2559.4,2487.1,2506.8,59859,138778
12/10/2021,2502.5,2532.7,2484.3,2527.6,46596,139388
12/13/2021,2527.6,2554.3,2523.6,2542.7,34831,140108
12/14/2021,2545.2,2545.8,2467.8,2496.7,53880,142384
12/15/2021,2499.1,2520.2,2438.2,2453.5,66183,145138
12/16/2021,2513.3,2569.1,2497.4,2560.6,57352,142355
12/17/2021,2565.7,2583.9,2545.8,2566.1,40730,140963
12/20/2021,2549.8,2554.9,2527.0,2538.5,36101,140596
12/21/2021,2538.4,2597.0,2526.4,2565.6,48740,140596
12/22/2021,2565.1,2603.3,2555.5,2598.6,37052,140988
12/23/2021,2598.2,2615.2,2582.8,2612.4,35900,140853
12/27/2021,2607.8,2636.3,2579.9,2618.0,39964,141382
12/28/2021,2631.2,2673.9,2619.8,2633.0,43075,141246
12/29/2021,2624.9,2640.3,2573.7,2603.1,40660,139989
12/30/2021,2604.4,2636.9,2577.1,2626.1,31991,140457
12/31/2021,2630.1,2663.6,2627.2,2659.3,32551,140153
01/03/2022,2663.1,2669.3,2583.9,2597.6,48265,138995
01/04/2022,2610.1,2635.2,2579.9,2625.6,46453,139521
01/05/2022,2630.1,2653.4,2590.8,2638.6,44624,140143
01/06/2022,2597.6,2602.2,2505.4,2527.0,76772,140333
01/07/2022,2527.6,2557.7,2499.1,2551.9,63402,141936
01/10/2022,2549.2,2566.8,2528.7,2558.0,49853,142517
01/11/2022,2562.3,2603.3,2560.0,2597.8,53132,144442
01/12/2022,2598.7,2648.8,2582.8,2642.8,60424,146144
01/13/2022,2640.9,2655.1,2622.1,2637.7,58568,146876
01/14/2022,2632.3,2658.5,2601.6,2609.9,53322,145792
01/18/2022,2618.7,2696.7,2598.7,2675.3,106467,148737
01/19/2022,2676.7,2763.3,2668.2,2759.4,77424,150792
01/20/2022,2754.2,2819.1,2747.3,2814.7,75636,152479
01/21/2022,2792.9,2806.0,2756.5,2769.6,63915,151998
01/24/2022,2767.8,2774.1,2687.0,2710.3,75700,148932
01/25/2022,2738.2,2738.2,2691.5,2721.3,58312,151779
01/26/2022,2716.0,2736.0,2671.6,2711.1,60705,151871
01/27/2022,2683.6,2690.4,2572.0,2582.3,86417,259537
01/28/2022,2595.3,2599.9,2522.4,2539.6,66891,148277
01/31/2022,2559.4,2579.9,2533.8,2550.1,41672,150633
02/01/2022,2561.2,2626.1,2551.5,2573.1,51345,149136
02/02/2022,2578.2,2605.0,2558.3,2585.9,41822,147667
02/03/2022,2579.4,2580.5,2503.6,2548.1,61589,149733
02/04/2022,2553.2,2583.9,2516.7,2559.4,54039,148581
02/07/2022,2566.3,2631.8,2562.3,2627.9,76272,148206
02/08/2022,2622.1,2649.4,2593.0,2642.0,69371,147379
02/09/2022,2641.4,2660.8,2630.1,2658.1,75599,150523
02/10/2022,2654.5,2702.9,2635.7,2678.7,102521,156516
02/11/2022,2642.6,2700.1,2602.7,2661.3,100604,159876
02/14/2022,2687.6,2729.1,2682.4,2715.8,67896,159698
02/15/2022,2720.0,2734.8,2627.2,2658.2,77335,156968
02/16/2022,2662.5,2695.5,2652.3,2688.1,66131,161024
02/17/2022,2692.7,2725.1,2669.3,2718.9,76738,161344
02/18/2022,2716.6,2746.2,2698.9,2732.2,72874,163153
02/22/2022,2738.7,2776.2,2700.0,2768.3,141533,163745
02/23/2022,2750.6,2802.9,2738.7,2795.9,101089,163480
02/24/2022,2801.8,2921.7,2714.2,2808.6,200105,155804
02/25/2022,2765.4,2790.4,2718.8,2729.8,84800,149965
02/28/2022,2798.4,2827.9,2745.5,2769.5,57924,150597
03/01/2022,2779.6,2915.4,2767.1,2903.0,70905,157391
03/02/2022,2898.9,2903.5,2837.0,2863.1,71843,159321
03/03/2022,2892.7,2917.1,2850.1,2865.6,59085,161172
03/04/2022,2873.9,2946.1,2859.2,2931.2,79224,165431
03/07/2022,2958.0,2997.3,2894.4,2923.4,89469,167020
03/08/2022,2933.0,3125.1,2904.1,3056.9,134950,168283
03/09/2022,3060.3,3113.2,2924.5,2934.3,94215,163982
03/10/2022,2962.0,3003.5,2909.7,2984.3,62471,164741
03/11/2022,2984.2,2995.0,2920.5,2973.4,57308,163907
03/14/2022,2987.0,2988.2,2859.7,2875.4,55989,160795
03/15/2022,2871.1,2877.3,2813.1,2859.5,51178,159571
03/16/2022,2854.6,2870.0,2790.4,2808.6,48186,157056
03/17/2022,2868.8,2926.8,2860.3,2911.6,40825,158366
03/18/2022,2909.2,2914.3,2839.3,2851.4,38475,157342
03/21/2022,2858.6,2900.6,2847.2,2877.1,36373,157972
03/22/2022,2888.1,2908.6,2806.9,2830.6,47426,155456
03/23/2022,2831.9,2883.6,2816.5,2863.0,35948,154490
03/24/2022,2873.9,2973.4,2860.9,2946.1,64767,157989
03/25/2022,2938.2,2959.2,2895.0,2911.4,41970,156360
03/28/2022,2923.9,2931.9,2834.7,2863.8,50094,153374
03/29/2022,2842.7,2856.9,2733.0,2811.5,81591,254185
03/30/2022,2832.5,2871.7,2825.1,2854.4,42718,147430
03/31/2022,2845.5,2873.9,2804.0,2856.7,42434,148844
04/01/2022,2840.4,2846.1,2792.1,2802.2,49457,147033
04/04/2022,2811.4,2842.1,2771.6,2794.9,46518,147545
04/05/2022,2803.5,2854.0,2768.2,2788.6,52991,148526
04/06/2022,2780.7,2805.2,2750.6,2779.9,52154,147633
04/07/2022,2792.7,2816.5,2766.0,2811.4,64999,149110
04/08/2022,2810.3,2834.2,2784.1,2821.4,66429,151670
04/11/2022,2833.0,2909.7,2818.2,2840.1,96798,154945
04/12/2022,2870.5,2937.0,2844.4,2925.1,93648,158813
04/13/2022,2908.0,2963.2,2901.8,2958.6,84993,165229
04/14/2022,2950.1,2968.3,2893.8,2921.1,64145,165385
04/18/2022,2941.0,3011.5,2933.0,2972.3,64204,169749
04/19/2022,2961.5,2977.4,2860.3,2886.0,82223,170577
04/20/2022,2877.3,2887.0,2839.3,2872.3,62296,167366
04/21/2022,2876.2,2876.8,2782.4,2798.5,98482,163719
04/22/2022,2809.6,2811.3,2737.1,2755.0,96529,155474
04/25/2022,2747.8,2752.9,2659.5,2688.3,97540,150312
04/26/2022,2690.6,2722.9,2661.2,2672.5,78009,145538
04/27/2022,2677.6,2696.8,2642.5,2662.9,81363,139213
04/28/2022,2647.0,2657.2,2598.9,2626.2,67761,136891
04/29/2022,2631.7,2679.3,2572.8,2615.3,57307,135949
05/02/2022,2581.3,2592.1,2507.1,2558.5,56826,137176
05/03/2022,2571.7,2593.2,2542.2,2567.7,45810,137692
05/04/2022,2560.3,2619.8,2517.3,2537.9,60558,139492
05/05/2022,2610.2,2644.7,2529.2,2542.5,75739,141590
05/06/2022,2551.3,2567.7,2504.8,2533.9,62907,141187
05/09/2022,2537.1,2537.1,2452.7,2472.0,83722,141747
05/10/2022,2466.3,2502.0,2396.6,2427.1,82330,142752
05/11/2022,2402.9,2489.0,2401.7,2444.2,86755,141746
05/12/2022,2441.9,2449.9,2332.6,2353.4,87663,142689
05/13/2022,2337.7,2393.2,2313.4,2379.2,60552,142543
05/16/2022,2391.0,2459.5,2360.4,2441.5,48166,142915
05/17/2022,2452.7,2483.9,2438.0,2464.0,42555,144534
05/18/2022,2454.4,2464.0,2420.4,2440.7,36824,145045
05/19/2022,2427.8,2493.5,2407.4,2481.9,44511,145699
05/20/2022,2488.4,2501.4,2444.8,2455.4,36557,145768
05/23/2022,2467.4,2515.6,2453.8,2461.0,45668,147046
05/24/2022,2466.3,2516.7,2452.1,2499.5,40364,146456
05/25/2022,2505.4,2508.8,2461.2,2477.6,35893,146281
05/26/2022,2489.5,2500.9,2461.8,2488.4,32921,256264
05/27/2022,2496.3,2546.2,2485.6,2503.2,41582,147589
05/31/2022,2509.4,2527.5,2430.6,2457.0,73509,147301
06/01/2022,2439.7,2491.8,2425.5,2482.7,57170,146640
06/02/2022,2476.5,2535.4,2468.0,2523.5,39645,146737
06/03/2022,2532.6,2551.8,2476.5,2481.9,41173,146096
06/06/2022,2486.1,2556.4,2481.0,2502.8,56461,146096
06/07/2022,2502.0,2526.3,2474.2,2512.5,71677,148294
06/08/2022,2523.5,2523.5,2469.1,2503.0,60597,146992
06/09/2022,2502.0,2511.1,2439.7,2471.6,85980,151743
06/10/2022,2460.1,2494.6,2405.7,2484.5,97976,150044
06/13/2022,2493.5,2496.9,2368.9,2408.0,111756,155283
06/14/2022,2387.0,2419.9,2361.5,2373.9,75706,151978
06/15/2022,2380.2,2474.8,2375.7,2426.7,87671,145925
06/16/2022,2456.1,2489.0,2415.3,2479.3,67125,144039
06/17/2022,2487.3,2488.4,2442.5,2445.6,57602,144039
06/21/2022,2438.0,2486.7,2427.8,2466.1,87142,145356
06/22/2022,2453.0,2455.8,2402.2,2426.1,80096,142602
06/23/2022,2423.6,2433.2,2362.7,2380.3,102369,141555
06/24/2022,2367.8,2397.7,2324.9,2388.0,103454,142090
06/27/2022,2397.7,2434.9,2384.1,2391.1,84067,137671
06/28/2022,2392.0,2411.8,2347.5,2355.6,84186,135745
06/29/2022,2352.0,2377.4,2326.0,2340.5,58346,138309
06/30/2022,2339.0,2345.8,2273.5,2296.9,64791,139925
07/01/2022,2289.9,2289.9,2177.6,2219.6,77946,140187
07/05/2022,2243.6,2268.5,2140.9,2158.0,86500,140463
07/06/2022,2161.8,2181.0,2111.0,2162.3,69208,137601
07/07/2022,2163.5,2193.4,2148.3,2165.5,45099,138897
07/08/2022,2163.5,2188.3,2137.0,2171.0,45366,140677
07/11/2022,2174.2,2179.3,2146.0,2159.2,41415,141883
07/12/2022,2150.5,2159.6,2102.6,2139.6,56885,142259
07/13/2022,2129.6,2184.9,2120.6,2166.2,67191,144410
07/14/2022,2164.6,2164.6,2032.6,2056.9,84672,149088
07/15/2022,2069.3,2109.9,2042.2,2098.5,54702,146693
07/18/2022,2107.6,2138.7,2097.5,2126.3,47008,146697
07/19/2022,2105.4,2126.8,2089.0,2111.9,39126,145247
07/20/2022,2109.9,2147.7,2095.2,2106.8,44980,146305
07/21/2022,2100.3,2122.3,2045.0,2112.6,58428,145595
07/22/2022,2120.1,2130.8,2078.9,2101.1,48568,147106
07/25/2022,2092.4,2107.6,2053.5,2068.5,45821,149220
07/26/2022,2068.7,2101.4,2063.6,2091.8,45618,147784
07/27/2022,2091.8,2155.0,2072.1,2099.2,66111,263006
07/28/2022,2150.0,2257.2,2145.4,2242.3,91533,143598
07/29/2022,2256.0,2296.7,2237.4,2279.4,67084,138933
08/01/2022,2295.0,2314.7,2264.5,2298.0,62397,135312
08/02/2022,2295.5,2313.0,2247.6,2272.9,74744,136267
08/03/2022,2252.1,2273.0,2229.0,2245.2,51532,135463
08/04/2022,2262.3,2300.1,2249.3,2270.9,57718,137719
08/05/2022,2275.2,2288.8,2197.4,2239.3,74877,139665
08/08/2022,2239.1,2341.3,2228.4,2326.5,79447,141289
08/09/2022,2335.6,2340.7,2302.3,2311.6,68059,141093
08/10/2022,2313.6,2350.8,2292.7,2340.9,81608,143625
08/11/2022,2322.1,2325.5,2278.6,2296.6,75674,148647
08/12/2022,2286.5,2353.1,2278.6,2335.9,52702,148006
08/15/2022,2348.0,2355.4,2259.4,2287.9,63347,146719
08/16/2022,2283.1,2285.4,2241.4,2266.8,49366,144314
08/17/2022,2269.0,2284.3,2215.4,2226.8,58774,143369
08/18/2022,2227.8,2244.2,2190.6,2196.7,54263,143806
08/19/2022,2197.4,2198.5,2135.9,2152.1,65673,145047
08/22/2022,2140.8,2152.0,2100.4,2130.1,72852,144255
08/23/2022,2130.1,2161.0,2103.7,2145.9,68610,144357
08/24/2022,2144.1,2152.6,2121.1,2129.4,64428,140698
08/25/2022,2140.8,2169.9,2134.6,2150.4,73888,137098
08/26/2022,2152.6,2175.6,2106.5,2112.7,94866,135498
08/29/2022,2111.0,2113.3,2065.0,2095.3,72690,135392
08/30/2022,2095.9,2098.7,2045.4,2052.3,62092,138714
08/31/2022,2052.7,2063.9,1997.7,2006.9,62595,136972
09/01/2022,2003.3,2005.0,1952.8,1982.6,67165,137593
09/02/2022,1982.5,2038.6,1977.5,2006.8,65660,138048
09/06/2022,2013.4,2072.3,1999.4,2009.8,75229,138300
09/07/2022,2009.5,2065.0,1990.9,2049.3,50516,137691
09/08/2022,2064.5,2094.8,2047.1,2069.7,52525,138237
09/09/2022,2070.6,2116.6,2070.1,2106.2,45771,138537
09/12/2022,2111.6,2245.1,2107.1,2228.9,83212,136700
09/13/2022,2220.5,2236.7,2165.5,2187.5,78639,135530
09/14/2022,2166.0,2209.2,2156.5,2196.2,49048,135665
09/15/2022,2199.7,2202.5,2144.7,2162.5,52249,134504
09/16/2022,2152.0,2204.2,2106.5,2175.1,58754,134211
09/19/2022,2199.7,2209.8,2158.7,2172.5,45312,132685
09/20/2022,2199.1,2200.2,2140.2,2152.9,43668,132107
09/21/2022,2162.1,2240.1,2158.2,2186.2,72333,131704
09/22/2022,2204.7,2232.2,2160.4,2201.6,65282,132106
09/23/2022,2206.4,2216.0,2105.4,2122.3,84346,131527
09/26/2022,2115.5,2137.4,2054.9,2074.0,83143,129935
09/27/2022,2059.4,2108.2,2053.2,2057.9,65068,129000
09/28/2022,2061.1,2128.4,2008.3,2118.9,85084,129688
09/29/2022,2122.3,2122.8,2072.3,2100.0,60864,129783
09/30/2022,2111.0,2166.0,2103.7,2136.7,55764,127382
10/03/2022,2131.8,2332.1,2130.1,2310.7,97166,130079
10/04/2022,2328.2,2391.6,2320.9,2367.9,72775,129524
10/05/2022,2370.3,2372.0,2242.9,2305.6,82454,126167
10/06/2022,2328.8,2349.0,2289.5,2318.7,54238,126292
10/07/2022,2324.3,2342.8,2246.8,2273.2,66577,126209
10/10/2022,2265.3,2268.1,2191.3,2201.4,63004,125748
10/11/2022,2203.1,2213.7,2138.0,2187.0,64088,125623
10/12/2022,2152.0,2167.1,2114.4,2125.4,60780,128060
10/13/2022,2133.5,2164.9,2066.1,2123.1,74948,131157
10/14/2022,2117.2,2138.5,2021.2,2028.1,70192,136325
10/17/2022,2038.1,2120.0,2037.5,2100.8,53356,135304
10/18/2022,2090.3,2117.2,2075.1,2087.5,42135,136055
10/19/2022,2097.0,2104.9,2054.4,2060.4,37937,136769
10/20/2022,2065.6,2127.9,2037.0,2097.4,59212,137426
10/21/2022,2090.3,2177.8,2043.1,2139.8,87696,138208
10/24/2022,2176.7,2208.1,2130.7,2153.6,64193,137971
10/25/2022,2154.2,2178.4,2103.2,2171.5,58091,139085
10/26/2022,2168.8,2218.2,2152.6,2186.9,58715,139827
10/27/2022,2194.6,2206.4,2161.0,2187.8,57889,139885
10/28/2022,2195.8,2201.9,2126.7,2148.8,54386,138127
10/31/2022,2154.8,2157.6,2117.2,2145.7,39899,139157
11/01/2022,2144.7,2249.1,2141.9,2207.2,81580,138875
11/02/2022,2203.6,2256.9,2154.8,2199.0,66663,138720
11/03/2022,2158.2,2194.6,2110.5,2180.6,76818,139096
11/04/2022,2188.5,2352.9,2180.0,2332.6,112754,138538
11/07/2022,2308.6,2365.8,2293.4,2347.7,90350,137332
11/08/2022,2340.0,2437.6,2308.6,2413.1,114323,140437
11/09/2022,2404.5,2434.8,2363.0,2393.5,100049,138363
11/10/2022,2369.7,2462.3,2361.9,2435.6,112230,140199
11/11/2022,2443.2,2487.0,2396.7,2431.7,93186,141894
11/14/2022,2443.2,2490.4,2398.3,2481.7,72570,144108
11/15/2022,2476.3,2511.7,2407.3,2414.9,114157,141623
11/16/2022,2427.5,2486.4,2407.9,2415.6,86748,138907
11/17/2022,2413.5,2416.9,2332.7,2354.0,84859,138792
11/18/2022,2359.1,2393.3,2342.2,2356.5,54886,137054
11/21/2022,2355.1,2361.3,2311.9,2342.4,62917,135095
11/22/2022,2341.1,2397.3,2341.1,2361.0,81319,128907
11/23/2022,2364.5,2422.9,2346.1,2394.0,72041,128139
11/25/2022,2422.9,2433.4,2375.0,2403.3,85924,126799
11/28/2022,2406.7,2426.2,2340.6,2349.5,118240,122077
11/29/2022,2350.0,2406.2,2342.2,2384.0,56235,121258
11/30/2022,2381.7,2492.4,2375.0,2422.4,67041,122380
12/01/2022,2492.4,2558.5,2473.5,2540.3,75610,125798
12/02/2022,2555.2,2610.8,2500.1,2585.8,77246,126227
12/05/2022,2590.2,2634.7,2485.7,2493.1,73869,123529
12/06/2022,2495.1,2533.5,2467.9,2484.0,51847,122558
12/07/2022,2485.7,2559.1,2475.1,2549.3,53617,123267
12/08/2022,2549.1,2605.2,2527.4,2585.3,47886,122577
12/09/2022,2591.9,2658.1,2573.6,2637.7,56105,123611
12/12/2022,2630.3,2643.1,2593.6,2602.8,40511,122491
12/13/2022,2615.8,2712.6,2612.5,2668.1,75878,125555
12/14/2022,2665.3,2699.8,2625.3,2684.3,52957,126077
12/15/2022,2689.2,2689.2,2575.2,2591.9,63129,123733
12/16/2022,2588.0,2607.5,2528.5,2594.5,51907,124031
12/19/2022,2604.1,2627.5,2561.3,2580.1,34421,123876
12/20/2022,2578.0,2723.7,2563.5,2699.3,73047,129278
12/21/2022,2713.1,2727.6,2675.3,2690.8,37155,128988
12/22/2022,2690.9,2704.2,2619.2,2627.2,46791,127676
12/23/2022,2640.3,2679.8,2634.2,2660.3,31678,128756
12/27/2022,2674.8,2724.2,2666.4,2693.3,46333,128467
12/28/2022,2695.9,2699.8,2629.7,2651.4,35202,127930
12/29/2022,2638.6,2700.3,2634.7,2697.0,37436,130232
12/30/2022,2680.9,2709.2,2636.4,2673.6,41453,129722
01/03/2023,2703.1,2755.4,2679.8,2695.4,71741,131990
01/04/2023,2688.7,2740.4,2640.8,2665.2,64148,133209
01/05/2023,2662.5,2675.9,2586.9,2605.1,62439,131136
01/06/2023,2600.8,2675.3,2596.4,2667.2,58692,132541
01/09/2023,2672.0,2700.9,2638.6,2654.9,51420,132893
01/10/2023,2644.2,2658.6,2619.2,2631.9,45315,129961
01/11/2023,2638.1,2690.3,2595.8,2611.5,59398,129287
01/12/2023,2616.9,2705.9,2613.6,2669.6,76051,129761
01/13/2023,2660.3,2718.7,2626.9,2710.6,62476,131834
01/17/2023,2719.2,2743.7,2666.4,2676.8,88482,131862
01/18/2023,2679.2,2724.8,2619.2,2629.9,83872,132920
01/19/2023,2624.2,2677.5,2588.0,2654.7,68044,132641
01/20/2023,2669.8,2694.2,2650.3,2662.0,58392,132414
01/23/2023,2675.3,2702.0,2540.7,2619.6,94064,134669
01/24/2023,2620.8,2653.1,2592.5,2641.3,52938,134922
01/25/2023,2643.1,2676.4,2606.9,2662.6,60851,135090
01/26/2023,2675.3,2715.4,2634.7,2671.4,89292,136370
01/27/2023,2672.0,2682.5,2601.4,2627.2,67584,136380
01/30/2023,2633.1,2660.3,2628.0,2639.5,60370,136767
01/31/2023,2635.3,2654.2,2563.5,2651.0,71029,138263
02/01/2023,2651.4,2685.9,2606.9,2625.7,70735,138987
02/02/2023,2676.4,2752.6,2613.0,2626.4,118940,141471
02/03/2023,2615.3,2631.9,2482.9,2491.8,113400,139779
02/06/2023,2489.6,2517.4,2465.7,2473.1,75782,135663
02/07/2023,2480.7,2500.7,2454.0,2466.4,86822,133601
02/08/2023,2470.1,2509.0,2469.6,2493.5,72003,132954
02/09/2023,2487.4,2515.2,2437.3,2462.7,81011,132960
02/10/2023,2448.4,2481.2,2427.9,2455.1,82611,131282
02/13/2023,2450.1,2456.2,2422.9,2430.3,60533,133089
02/14/2023,2446.2,2451.2,2400.6,2432.6,84468,132132
02/15/2023,2431.8,2432.9,2378.4,2399.2,65522,130646
02/16/2023,2406.7,2423.4,2380.0,2414.5,66426,127385
02/17/2023,2400.6,2424.5,2352.8,2415.1,85848,126638
02/21/2023,2413.4,2446.2,2397.3,2434.5,116208,123906
02/22/2023,2433.8,2445.4,2385.1,2411.2,78657,125294
02/23/2023,2393.4,2410.5,2364.7,2369.4,89323,124545
02/24/2023,2372.4,2378.5,2302.8,2313.9,109630,125180
02/27/2023,2311.6,2314.9,2281.2,2298.1,70230,124567
02/28/2023,2292.3,2334.8,2266.3,2328.9,65020,123900
03/01/2023,2324.3,2352.5,2314.9,2331.5,61492,123436
03/02/2023,2330.4,2332.1,2294.5,2310.1,46898,121299
03/03/2023,2319.9,2363.6,2311.1,2347.3,56420,122042
03/06/2023,2363.6,2364.7,2328.8,2335.9,60557,122402
03/07/2023,2336.5,2344.8,2222.1,2232.5,74508,127503
03/08/2023,2228.7,2242.5,2205.5,2227.2,63297,128469
03/09/2023,2224.3,2249.7,2213.3,2228.7,50757,128413
03/10/2023,2226.5,2307.2,2204.4,2266.4,72341,128972
03/13/2023,2290.1,2436.5,2281.8,2423.0,127601,123906
03/14/2023,2422.7,2441.5,2372.4,2436.0,76982,121772
03/15/2023,2408.9,2489.6,2387.9,2418.5,91468,121313
03/16/2023,2423.3,2454.8,2386.2,2397.5,58820,119412
03/17/2023,2415.5,2516.1,2407.8,2482.6,66441,120717
03/20/2023,2510.0,2526.0,2470.2,2502.9,46316,120906
03/21/2023,2505.0,2518.3,2463.6,2478.5,47326,119082
03/22/2023,2487.9,2568.6,2476.9,2518.4,52075,119281
03/23/2023,2553.1,2581.9,2531.0,2570.4,67355,118082
03/24/2023,2568.6,2620.0,2555.9,2579.5,49826,117685
03/27/2023,2595.7,2595.7,2542.1,2558.1,44804,117842
03/28/2023,2565.3,2599.0,2537.7,2588.5,43408,117395
03/29/2023,2594.0,2603.4,2564.7,2593.6,68745,118382
03/30/2023,2590.7,2663.6,2583.0,2651.4,62969,121382
03/31/2023,2658.1,2686.9,2633.8,2669.8,65803,121387
04/03/2023,2684.1,2689.6,2622.2,2654.9,87356,123738
04/04/2023,2664.2,2784.7,2649.3,2774.3,73152,131210
04/05/2023,2782.5,2795.7,2739.4,2767.2,56849,134231
04/06/2023,2773.1,2782.5,2729.4,2773.4,62168,135696
04/10/2023,2753.2,2789.6,2738.3,2753.4,70605,138476
04/11/2023,2764.8,2793.5,2759.8,2783.7,105718,142699
04/12/2023,2783.6,2854.3,2782.5,2813.7,87927,145695
04/13/2023,2832.8,2886.4,2820.0,2865.4,112749,152363
04/14/2023,2870.3,2899.6,2792.4,2814.0,75609,155747
04/17/2023,2811.8,2841.6,2754.3,2772.8,60733,157861
04/18/2023,2776.9,2810.6,2766.4,2792.2,94028,158371
04/19/2023,2794.1,2814.0,2731.6,2804.1,84731,158879
04/20/2023,2804.0,2827.8,2780.3,2804.3,79125,156741
04/21/2023,2801.8,2815.6,2761.5,2769.5,89551,157068
04/24/2023,2779.9,2797.5,2744.9,2796.3,125231,156290
04/25/2023,2791.4,2810.6,2709.8,2748.5,119411,149692
04/26/2023,2767.9,2795.3,2740.0,2746.6,81482,143963
04/27/2023,2757.5,2783.8,2710.9,2761.8,47161,140794
04/28/2023,2761.3,2777.2,2736.7,2763.6,77620,140253
05/01/2023,2789.3,2871.4,2754.2,2764.1,63591,141795
05/02/2023,2765.7,2822.7,2719.1,2806.7,51577,142538
05/03/2023,2810.1,2838.6,2777.7,2813.5,73653,142490
05/04/2023,2838.6,2887.9,2815.5,2873.3,70369,148139
05/05/2023,2884.6,2896.1,2783.8,2840.7,36968,145543
05/08/2023,2842.4,2847.3,2822.1,2830.2,48579,145787
05/09/2023,2825.4,2840.7,2801.3,2837.2,79993,145445
05/10/2023,2830.9,2870.3,2788.7,2810.9,108035,146796
05/11/2023,2798.6,2815.5,2664.9,2675.8,73995,148225
05/12/2023,2669.8,2673.7,2619.4,2646.2,43111,142934
05/15/2023,2640.3,2672.6,2634.8,2661.2,64623,141131
05/16/2023,2658.3,2659.4,2607.9,2617.6,50734,140139
05/17/2023,2620.0,2635.9,2598.1,2618.0,48703,139304
05/18/2023,2622.7,2624.9,2572.9,2589.1,57607,138674
05/19/2023,2591.5,2649.6,2580.6,2635.9,40120,137716
05/22/2023,2631.5,2638.6,2603.0,2614.1,62735,137678
05/23/2023,2607.4,2608.5,2545.5,2588.1,54989,135740
05/24/2023,2584.4,2591.5,2535.1,2546.0,65980,135658
05/25/2023,2540.0,2548.2,2497.8,2509.9,62310,136177
05/26/2023,2501.1,2570.1,2496.2,2559.2,82813,135152
05/30/2023,2566.3,2575.6,2523.0,2545.9,81107,133619
05/31/2023,2553.7,2600.3,2537.3,2584.1,80963,133598
06/01/2023,2588.2,2632.6,2558.6,2627.9,63644,133796
06/02/2023,2627.1,2642.4,2592.1,2601.6,51538,133806
06/05/2023,2595.3,2605.7,2554.8,2589.3,49274,135245
06/06/2023,2592.6,2615.1,2564.7,2593.1,82546,137871
06/07/2023,2593.7,2647.4,2572.3,2577.7,90674,139250
06/08/2023,2577.3,2679.7,2575.6,2667.4,74772,143353
06/09/2023,2668.7,2697.2,2660.0,2674.2,65785,145963
06/12/2023,2670.4,2672.6,2624.4,2635.8,86348,149471
06/13/2023,2645.2,2686.3,2592.6,2609.8,68722,153853
06/14/2023,2599.7,2648.5,2598.1,2640.8,99582,151834
06/15/2023,2629.3,2630.4,2549.3,2623.5,73381,153100
06/16/2023,2625.5,2661.1,2619.4,2643.1,73381,153100
06/20/2023,2656.1,2657.8,2530.7,2545.4,92149,152633
06/21/2023,2542.8,2544.9,2466.6,2498.9,78711,148416
06/22/2023,2488.7,2492.0,2432.3,2461.0,78006,145054
06/23/2023,2439.9,2486.0,2425.2,2447.9,96658,141648
06/26/2023,2458.9,2512.1,2457.2,2499.5,87314,134156
06/27/2023,2499.6,2533.2,2494.7,2512.9,71507,123491
06/28/2023,2508.8,2516.4,2474.1,2506.0,62658,118899
06/29/2023,2490.4,2508.8,2441.0,2474.9,43381,117327
06/30/2023,2471.9,2502.3,2446.9,2499.0,46355,114102
07/03/2023,2496.3,2528.4,2487.1,2509.0,83249,114609
07/05/2023,2509.9,2554.9,2493.6,2540.5,62316,117386
07/06/2023,2535.4,2547.9,2466.5,2484.9,49376,118845
07/07/2023,2486.6,2536.5,2475.2,2528.2,39337,119738
07/10/2023,2533.8,2537.0,2490.4,2534.3,36612,121649
07/11/2023,2533.2,2561.5,2520.8,2527.4,81528,120282
07/12/2023,2532.2,2646.1,2530.5,2639.1,88893,125506
07/13/2023,2641.3,2725.9,2639.1,2708.5,71971,137646
07/14/2023,2725.4,2741.7,2704.2,2735.0,45850,141937
07/17/2023,2730.8,2730.8,2693.9,2715.9,62592,145190
07/18/2023,2720.5,2758.0,2711.3,2741.8,43961,146863
07/19/2023,2743.8,2763.9,2729.7,2756.0,56274,149808
07/20/2023,2751.4,2765.6,2702.6,2709.9,38437,149599
07/21/2023,2708.6,2725.9,2688.5,2698.2,56569,148645
07/24/2023,2691.2,2702.0,2651.6,2668.5,53281,146625
07/25/2023,2662.4,2704.2,2654.3,2694.9,59072,146898
07/26/2023,2699.9,2736.8,2678.7,2710.7,86424,146251
07/27/2023,2722.1,2749.3,2625.0,2645.3,42059,145266
07/28/2023,2634.2,2664.6,2631.5,2659.2,47079,143298
07/31/2023,2657.0,2712.4,2640.2,2710.9,56137,144808
08/01/2023,2703.1,2703.7,2633.1,2640.8,80712,144138
08/02/2023,2657.5,2673.8,2579.4,2591.5,64929,141093
08/03/2023,2587.5,2598.9,2541.4,2572.5,64357,137515
08/04/2023,2573.9,2594.0,2526.7,2574.6,68633,137957
08/07/2023,2575.0,2581.0,2512.6,2522.1,90619,141517
08/08/2023,2518.6,2524.6,2466.5,2475.9,80418,137631
08/09/2023,2477.3,2495.8,2462.1,2467.7,89654,137576
08/10/2023,2467.6,2503.4,2460.5,2477.4,63041,137489
08/11/2023,2470.8,2487.1,2454.5,2469.0,64929,140394
08/14/2023,2468.6,2477.3,2432.8,2465.2,73504,138118
08/15/2023,2458.9,2471.9,2417.1,2459.5,57795,138215
08/16/2023,2452.4,2481.1,2436.6,2446.4,76922,137406
08/17/2023,2441.0,2504.5,2430.6,2465.9,61863,137140
08/18/2023,2469.7,2488.2,2461.0,2467.9,79105,136351
08/21/2023,2474.6,2537.6,2465.4,2533.8,69612,137895
08/22/2023,2539.2,2552.1,2526.4,2544.9,112918,136680
08/23/2023,2548.3,2650.6,2547.8,2646.3,103299,138801
08/24/2023,2645.3,2649.6,2618.5,2631.9,88195,136150
08/25/2023,2627.1,2654.4,2603.5,2632.7,66861,135526
08/28/2023,2636.7,2650.6,2618.5,2635.1,102660,133507
08/29/2023,2636.7,2698.3,2629.7,2692.3,73320,134993
08/30/2023,2691.9,2722.9,2668.8,2688.5,48135,131813
08/31/2023,2679.5,2683.8,2650.1,2657.3,62360,130756
09/01/2023,2658.1,2701.0,2626.0,2630.5,91750,129988
09/05/2023,2630.8,2640.4,2550.5,2556.7,69821,128279
09/06/2023,2557.4,2563.3,2496.9,2517.1,51318,125854
09/07/2023,2516.8,2516.8,2477.1,2488.9,52982,125632
09/08/2023,2491.0,2511.9,2477.1,2481.8,43271,125169
09/11/2023,2484.1,2518.4,2482.5,2504.2,42185,126221
09/12/2023,2505.0,2514.6,2475.0,2506.3,49843,125292
09/13/2023,2503.4,2505.0,2465.9,2482.6,82504,126596
09/14/2023,2478.2,2491.6,2415.5,2462.6,67314,127586
09/15/2023,2455.7,2525.9,2453.6,2504.5,46826,125247
09/18/2023,2497.5,2521.0,2488.4,2516.5,41651,125340
09/19/2023,2520.0,2538.7,2502.3,2512.0,59455,125749
09/20/2023,2514.6,2557.4,2498.0,2552.7,75653,125263
09/21/2023,2518.9,2543.0,2469.6,2536.8,53746,126552
09/22/2023,2535.5,2575.7,2534.4,2553.6,55253,126349
09/25/2023,2550.0,2562.3,2494.3,2504.4,53641,125699
09/26/2023,2505.0,2505.0,2473.9,2484.2,67870,126206
09/27/2023,2473.9,2476.1,2424.6,2433.6,68929,126975
09/28/2023,2441.8,2458.4,2421.4,2435.5,111239,127232
09/29/2023,2446.1,2549.4,2390.9,2404.3,99183,127882
10/02/2023,2400.0,2400.0,2272.0,2294.1,82805,128732
10/03/2023,2282.2,2312.7,2235.1,2289.4,71743,125847
10/04/2023,2289.2,2310.1,2232.9,2264.6,61239,125278
10/05/2023,2268.3,2297.7,2233.5,2251.0,88007,128007
10/06/2023,2261.9,2332.5,2242.6,2326.4,63092,126851
10/09/2023,2349.7,2375.4,2324.5,2348.0,48239,126111
10/10/2023,2359.3,2367.9,2332.0,2351.1,48053,126971
10/11/2023,2357.7,2385.6,2351.3,2370.4,53559,127233
10/12/2023,2378.1,2397.9,2343.3,2351.7,77659,127816
10/13/2023,2354.5,2462.1,2351.8,2452.0,36928,126032
10/16/2023,2453.6,2453.6,2424.1,2438.0,51399,124157
10/17/2023,2439.6,2482.5,2413.4,2465.8,68292,123640
10/18/2023,2460.5,2515.7,2446.1,2473.8,60178,123463
10/19/2023,2464.8,2487.8,2440.2,2466.5,81756,125360
10/20/2023,2483.6,2557.4,2464.8,2517.2,53364,125199
10/23/2023,2517.3,2517.3,2452.0,2485.7,49900,124506
10/24/2023,2473.4,2500.7,2442.3,2475.6,56506,123980
10/25/2023,2469.6,2480.3,2430.0,2464.0,62311,124350
10/26/2023,2463.7,2492.7,2416.6,2453.4,43299,123380
10/27/2023,2456.2,2490.5,2439.1,2451.1,62366,125339
10/30/2023,2489.4,2543.5,2477.7,2505.6,57751,127227
10/31/2023,2511.9,2513.0,2446.1,2458.1,58561,126549
11/01/2023,2458.4,2477.1,2425.2,2440.7,48057,126830
11/02/2023,2468.6,2488.9,2437.0,2446.7,81209,127592
11/03/2023,2449.8,2507.6,2428.4,2493.7,48519,130301
11/06/2023,2499.1,2501.8,2472.3,2488.3,85781,129499
11/07/2023,2476.6,2481.4,2410.2,2419.2,76997,131073
11/08/2023,2431.6,2456.2,2396.3,2434.1,85837,130361
11/09/2023,2423.0,2470.7,2400.6,2453.0,70557,128737
11/10/2023,2431.6,2441.8,2380.7,2386.2,79327,131505
11/13/2023,2389.3,2399.5,2348.1,2394.4,91638,134136
11/14/2023,2395.7,2490.5,2372.2,2477.3,85375,134826
11/15/2023,2480.3,2539.2,2473.4,2520.8,100610,134534
11/16/2023,2517.8,2588.0,2500.7,2563.1,62689,134964
11/17/2023,2551.6,2593.9,2541.4,2554.4,76370,133594
11/20/2023,2547.3,2556.4,2495.3,2529.0,90301,133062
11/21/2023,2515.1,2578.9,2513.5,2556.3,77634,134333
11/22/2023,2548.2,2570.4,2526.1,2536.4,98069,133968
11/24/2023,2535.1,2612.1,2528.7,2606.0,133700,138503
11/27/2023,2612.1,2669.1,2604.7,2642.5,124960,139751
11/28/2023,2645.3,2685.5,2632.2,2670.4,74937,139154
11/29/2023,2683.9,2710.3,2664.3,2685.2,52728,144332
11/30/2023,2681.8,2712.4,2672.8,2708.1,71861,142847
12/01/2023,2711.8,2737.7,2689.1,2728.9,115461,145566
12/04/2023,2738.2,2779.9,2615.8,2628.7,78034,142826
12/05/2023,2629.5,2640.6,2566.7,2590.6,60488,139753
12/06/2023,2588.9,2608.4,2555.1,2557.0,59071,139213
12/07/2023,2557.2,2569.9,2522.9,2539.2,88429,136601
12/08/2023,2547.7,2556.7,2453.3,2456.5,58508,136799
12/11/2023,2459.1,2469.6,2429.0,2433.5,56259,134239
12/12/2023,2440.6,2474.9,2424.8,2429.1,81401,134281
12/13/2023,2435.3,2546.1,2404.7,2419.1,99311,133961
12/14/2023,2543.0,2588.4,2539.3,2573.7,58693,128971
12/15/2023,2583.1,2595.2,2538.2,2549.2,43266,127937
12/18/2023,2546.1,2570.4,2528.2,2544.2,38687,127272
12/19/2023,2541.4,2583.1,2537.2,2566.8,49766,127549
12/20/2023,2570.9,2612.1,2558.8,2599.5,47202,130403
12/21/2023,2581.5,2616.3,2578.3,2594.7,49287,130959
12/22/2023,2607.4,2627.4,2572.0,2592.6,28889,130772
12/26/2023,2585.2,2606.8,2568.8,2574.7,46170,131408
12/27/2023,2586.2,2610.0,2556.2,2600.6,36848,133080
12/28/2023,2591.0,2611.0,2552.5,2572.2,49141,133987
12/29/2023,2556.7,2557.7,2507.6,2542.0,49542,134072
01/02/2024,2537.7,2568.3,2519.8,2528.0,86573,134725
01/03/2024,2520.8,2527.7,2432.2,2444.0,53972,134736
01/04/2024,2447.5,2454.8,2414.7,2447.1,63958,132256
01/05/2024,2449.0,2502.9,2424.2,2460.7,49972,131074
01/08/2024,2467.5,2470.7,2429.5,2460.1,44944,130904
01/09/2024,2460.7,2487.0,2435.8,2437.0,44051,131992
01/10/2024,2444.3,2458.0,2420.5,2434.4,82415,131760
01/11/2024,2436.4,2469.6,2388.4,2396.3,74682,134088
01/12/2024,2419.0,2503.4,2418.4,2462.1,62046,132268
01/16/2024,2464.3,2480.2,2429.0,2437.2,53026,131956
01/17/2024,2437.4,2439.0,2391.5,2392.5,47718,132403
01/18/2024,2397.3,2416.9,2376.7,2407.0,42312,133243
01/19/2024,2415.3,2425.3,2384.7,2396.9,78069,135626
01/22/2024,2400.5,2404.2,2326.1,2353.1,51686,138868
01/23/2024,2343.0,2383.1,2339.3,2370.6,79660,138617
01/24/2024,2382.0,2436.9,2370.9,2415.7,60011,137226
01/25/2024,2406.3,2443.8,2402.6,2419.7,47260,136513
01/26/2024,2430.0,2438.0,2407.4,2413.9,63610,136561
01/29/2024,2419.0,2463.3,2414.7,2453.8,57853,137032
01/30/2024,2461.2,2472.8,2433.2,2451.2,71445,136544
01/31/2024,2458.0,2474.4,2416.3,2445.3,89728,136386
02/01/2024,2433.2,2465.9,2385.7,2452.2,96398,137141
02/02/2024,2457.5,2464.9,2373.1,2405.8,59182,139548
02/05/2024,2410.5,2410.5,2356.2,2366.2,50544,144442
02/06/2024,2367.2,2382.6,2357.8,2372.5,67606,147333
02/07/2024,2375.2,2378.3,2350.9,2359.9,79441,148564
02/08/2024,2351.9,2396.3,2342.4,2388.9,57715,148280
02/09/2024,2389.9,2405.8,2366.2,2384.7,95306,147002
02/12/2024,2388.4,2443.2,2382.6,2402.6,113590,146762
02/13/2024,2400.0,2432.7,2325.0,2338.2,97625,152544
02/14/2024,2339.8,2376.2,2319.2,2362.5,111470,151749
02/15/2024,2366.7,2436.9,2364.1,2422.1,89567,150643
02/16/2024,2425.3,2486.5,2410.5,2477.5,124090,153220
02/20/2024,2476.5,2481.2,2422.7,2441.7,75149,146584
02/21/2024,2431.1,2450.6,2405.2,2414.2,72374,146395
02/22/2024,2420.5,2447.7,2401.7,2404.8,95924,145906
02/23/2024,2404.8,2429.4,2383.4,2424.1,98723,145644
02/26/2024,2423.1,2423.1,2370.3,2376.6,87145,145766
02/27/2024,2376.6,2397.0,2365.1,2378.7,51843,144386
02/28/2024,2369.8,2376.6,2348.9,2366.1,58355,146515
02/29/2024,2370.3,2404.3,2352.0,2392.3,73206,142861
03/01/2024,2392.3,2455.0,2374.0,2442.4,88363,143210
03/04/2024,2443.0,2525.5,2428.3,2507.8,103708,143353
03/05/2024,2521.9,2556.4,2492.6,2507.2,82566,141026
03/06/2024,2497.8,2564.7,2486.3,2560.6,87716,141744
03/07/2024,2550.6,2585.7,2532.3,2569.4,85597,144228
03/08/2024,2565.8,2598.7,2548.5,2566.3,52868,142481
03/11/2024,2569.4,2586.2,2555.3,2583.6,79567,145248
03/12/2024,2579.4,2602.9,2531.8,2550.1,77131,144534
03/13/2024,2543.8,2639.5,2537.6,2629.6,73544,147424
03/14/2024,2636.9,2652.0,2608.1,2619.6,77079,148533
03/15/2024,2616.5,2682.3,2613.4,2653.1,51609,150497
03/18/2024,2655.2,2669.3,2629.0,2641.1,52682,151389
03/19/2024,2639.5,2651.0,2605.0,2627.5,72651,153154
03/20/2024,2622.8,2700.6,2606.0,2624.3,109020,156670
03/21/2024,2695.9,2715.3,2594.5,2613.9,60115,159536
03/22/2024,2605.0,2624.9,2569.4,2597.1,42344,159038
03/25/2024,2597.7,2618.6,2584.1,2601.9,77513,160251
03/26/2024,2597.1,2619.1,2562.7,2574.2,60052,160327
03/27/2024,2571.0,2591.4,2555.3,2587.2,70542,160525
03/28/2024,2589.3,2626.9,2561.6,2604.5,100621,160095
04/01/2024,2628.0,2666.7,2598.2,2621.2,141340,161753
04/02/2024,2637.9,2748.7,2633.7,2710.0,150270,166823
04/03/2024,2745.6,2856.4,2742.5,2828.7,113541,171379
04/04/2024,2854.3,2870.0,2799.9,2848.0,142979,172686
04/05/2024,2828.7,2886.7,2759.7,2875.2,153949,174986
04/08/2024,2880.4,2947.3,2819.3,2906.6,145010,174695
04/09/2024,2923.8,2972.9,2898.2,2925.4,179431,174397
04/10/2024,2955.2,2995.4,2889.3,2932.4,107769,175072
04/11/2024,2931.7,2989.7,2910.2,2953.1,223650,178881
04/12/2024,2982.9,3126.1,2921.2,2961.5,141510,174962
04/15/2024,2947.9,3029.4,2891.9,3001.7,126370,176605
04/16/2024,3026.3,3041.9,2930.1,2966.2,120180,175784
04/17/2024,2947.3,3020.5,2942.1,2968.8,86486,176266
04/18/2024,2956.7,3003.8,2948.9,2966.7,111801,178712
04/19/2024,2959.4,3032.5,2939.5,3015.3,147221,179762
04/22/2024,3008.0,3009.1,2839.3,2848.6,150721,174134
04/23/2024,2846.6,2866.7,2793.8,2861.1,104039,175740
04/24/2024,2858.5,2877.1,2830.0,2859.0,132751,173045
04/25/2024,2846.6,2886.9,2823.8,2860.5,129099,170266
04/26/2024,2876.1,2900.9,2833.1,2850.2,75812,169094
04/29/2024,2846.6,2870.9,2818.1,2863.1,85172,169739
04/30/2024,2841.9,2841.9,2744.6,2759.1,67721,166315
05/01/2024,2748.2,2820.7,2745.1,2768.9,67785,164995
05/02/2024,2785.0,2801.5,2717.7,2777.2,66733,165202
05/03/2024,2788.6,2809.3,2727.0,2762.7,70923,162838
05/06/2024,2775.1,2870.4,2759.1,2858.5,50834,163894
05/07/2024,2868.8,2874.5,2835.2,2851.2,53803,161868
05/08/2024,2844.0,2869.9,2819.6,2857.0,86547,162170
05/09/2024,2852.8,2958.4,2848.1,2936.1,81855,167322
05/10/2024,2958.4,3001.8,2926.3,2950.6,58930,167555
05/13/2024,2941.8,2962.0,2917.5,2944.4,75177,168370
05/14/2024,2941.8,3000.3,2930.4,2970.8,117461,171371
05/15/2024,2986.8,3104.3,2968.2,3077.4,93598,175409
05/16/2024,3095.0,3116.2,3059.3,3092.4,139452,178300
05/17/2024,3087.2,3296.8,3074.3,3235.8,167258,189145
05/20/2024,3296.8,3390.0,3227.5,3356.4,117741,188345
05/21/2024,3318.1,3386.9,3237.8,3320.6,100200,186945
05/22/2024,3335.7,3357.9,3205.2,3260.1,115810,184912
05/23/2024,3210.4,3228.0,3132.8,3152.4,57534,184732
05/24/2024,3139.5,3191.8,3129.7,3157.0,155740,184448
05/28/2024,3163.8,3358.9,3162.8,3326.3,92055,184846
05/29/2024,3344.5,3365.7,3289.6,3351.2,104290,186877
05/30/2024,3330.0,3341.3,3227.5,3264.2,117039,184465
05/31/2024,3244.6,3306.7,3141.1,3150.9,91931,180434
06/03/2024,3170.0,3205.2,3099.1,3186.6,119841,181898
06/04/2024,3197.5,3213.0,3054.1,3065.5,76252,179854
06/05/2024,3068.6,3124.5,3056.2,3113.1,101250,179993
06/06/2024,3120.3,3257.5,3112.1,3246.6,150019,180588
06/07/2024,3257.5,3278.2,3024.6,3047.4,80273,178645
06/10/2024,3027.7,3098.6,3025.6,3092.4,102270,179023
06/11/2024,3100.2,3103.8,3015.8,3025.6,131431,176036
06/12/2024,3041.7,3142.1,3030.8,3132.8,141949,177407
06/13/2024,3084.6,3087.7,2973.9,3008.6,91116,179000
06/14/2024,3004.9,3069.1,2992.0,3050.5,61066,177753
06/17/2024,3068.1,3069.1,3011.1,3042.2,91140,176357
06/18/2024,3056.7,3080.5,3000.3,3060.3,91140,176357
06/20/2024,3065.5,3192.8,3044.3,3190.2,136040,175578
06/21/2024,3189.7,3199.0,3054.1,3065.5,74769,174725
06/24/2024,3061.4,3079.8,3039.9,3056.3,129350,173099
06/25/2024,3063.4,3073.2,2987.7,2989.2,110220,166470
06/26/2024,2997.9,3011.7,2959.0,2995.4,81066,160334
06/27/2024,2977.4,3028.1,2968.2,2995.4,54554,158558
06/28/2024,2998.4,3067.0,2976.4,3026.6,47961,155336
07/01/2024,3014.8,3050.1,2994.8,3032.2,53720,154647
07/02/2024,3047.6,3084.4,3019.4,3036.8,77028,154724
07/03/2024,3052.7,3171.5,3048.1,3157.6,106460,156306
07/05/2024,3155.6,3254.9,3117.7,3244.7,72308,161730
07/08/2024,3222.7,3242.6,3144.3,3165.3,58956,162287
07/09/2024,3176.1,3218.6,3152.0,3179.7,53101,163245
07/10/2024,3182.7,3219.6,3165.3,3175.6,83354,164014
07/11/2024,3181.2,3277.9,3181.2,3242.6,74009,165180
07/12/2024,3248.3,3248.3,3135.1,3190.4,61740,162892
07/15/2024,3184.3,3207.3,3149.4,3167.4,74288,163381
07/16/2024,3166.9,3239.0,3145.4,3221.1,101680,166641
07/17/2024,3224.7,3241.1,3097.7,3110.0,73597,165019
07/18/2024,3123.3,3153.5,3065.5,3094.7,82077,162601
07/19/2024,3073.7,3074.7,2975.4,3000.0,64867,159702
07/22/2024,3012.8,3032.2,2962.1,3002.0,58075,158141
07/23/2024,3001.5,3018.4,2951.3,3003.0,58507,157106
07/24/2024,3012.2,3033.7,2975.9,3001.5,124189,156489
07/25/2024,2976.9,2977.4,2821.3,2864.3,64406,154075
07/26/2024,2865.8,2889.4,2841.3,2868.9,68632,152552
07/29/2024,2873.0,2901.2,2810.5,2853.0,59346,152221
07/30/2024,2869.9,2924.2,2842.8,2920.6,65971,151437
07/31/2024,2922.1,2988.2,2906.8,2963.1,84388,151288
08/01/2024,2986.1,2998.9,2901.2,2915.5,105140,152276
08/02/2024,2930.3,3005.6,2873.0,2906.8,133900,153135
08/05/2024,2936.0,2950.3,2723.0,2785.5,68314,149836
08/06/2024,2801.8,2833.1,2733.8,2786.5,76864,147537
08/07/2024,2773.2,2801.8,2730.2,2758.8,79933,147249
08/08/2024,2733.2,2835.1,2713.8,2826.5,75347,146006
08/09/2024,2830.0,2850.5,2797.7,2824.9,77546,146077
08/12/2024,2820.8,2877.6,2793.1,2867.9,72406,147133
08/13/2024,2870.4,2880.7,2816.7,2844.8,74192,147859
08/14/2024,2860.2,2884.8,2788.0,2799.3,100201,147184
08/15/2024,2827.9,2926.2,2818.2,2909.9,65234,147839
08/16/2024,2909.9,2959.5,2875.6,2953.8,73650,148236
08/19/2024,2979.0,3023.5,2946.2,3000.5,94418,148658
08/20/2024,3019.4,3075.2,2995.4,3022.5,61079,146986
08/21/2024,3017.4,3048.1,2992.8,3024.0,103790,146642
08/22/2024,3031.6,3040.7,2947.8,2973.6,102010,144866
08/23/2024,2968.5,3062.9,2964.0,3052.8,83945,146284
08/26/2024,3059.8,3094.7,3039.2,3073.0,84418,145569
08/27/2024,3064.9,3082.0,3041.7,3069.9,90363,141613
08/28/2024,3070.4,3082.0,2977.1,2989.7,79014,137615
08/29/2024,2982.7,3035.6,2980.6,3026.0,61447,134412
08/30/2024,3010.9,3027.0,2934.2,2940.8,93994,131392
09/03/2024,2950.4,2961.5,2830.8,2860.1,48704,130928
09/04/2024,2864.6,2897.4,2836.3,2881.2,64109,130453
09/05/2024,2888.8,2981.6,2879.2,2936.2,88870,128604
09/06/2024,2941.8,2973.6,2826.3,2843.9,50573,129446
09/09/2024,2852.5,2896.9,2828.8,2890.8,46304,128605
09/10/2024,2894.9,2915.0,2861.6,2887.3,72289,128959
09/11/2024,2898.4,2947.8,2864.6,2919.1,80240,130075
09/12/2024,2928.2,3052.3,2911.0,3037.6,82716,132356
09/13/2024,3050.3,3156.2,3046.2,3135.5,51294,137204
09/16/2024,3135.5,3174.4,3122.9,3141.6,48744,138956
09/17/2024,3135.5,3163.3,3113.8,3125.9,87066,140605
09/18/2024,3130.5,3187.0,3030.6,3096.2,77129,141128
09/19/2024,3068.9,3191.0,3049.2,3170.8,76273,140761
09/20/2024,3139.0,3204.1,3132.0,3178.9,62893,143186
09/23/2024,3181.9,3183.4,3094.7,3136.5,115364,144351
09/24/2024,3130.0,3289.4,3123.9,3272.2,86952,150071
09/25/2024,3273.8,3290.4,3215.7,3230.9,94047,146833
09/26/2024,3240.0,3331.8,3232.4,3263.2,76454,146787
09/27/2024,3260.1,3288.4,3192.0,3210.2,58448,146775
09/30/2024,3223.3,3244.0,3143.6,3174.4,63964,144664
10/01/2024,3170.3,3243.5,3166.3,3202.6,71801,144757
10/02/2024,3199.1,3288.4,3154.2,3220.8,59875,146105
10/03/2024,3238.9,3277.8,3193.5,3275.8,90283,146559
10/04/2024,3258.1,3352.5,3204.1,3268.7,56446,147439
10/07/2024,3274.3,3288.9,3194.0,3229.4,100082,145772
10/08/2024,3223.3,3230.9,3061.9,3087.6,54699,142839
10/09/2024,3113.8,3128.5,3070.9,3094.7,58302,140551
10/10/2024,3098.7,3168.3,3084.6,3152.2,47071,140852
10/11/2024,3165.8,3213.2,3154.2,3204.1,46261,141685
10/14/2024,3201.6,3203.6,3121.9,3159.7,54583,141387
10/15/2024,3168.3,3217.8,3122.9,3204.1,52133,141898
10/16/2024,3197.1,3267.7,3188.5,3226.3,64062,142301
10/17/2024,3219.3,3251.0,3176.9,3206.1,107083,141580
10/18/2024,3216.2,3427.6,3214.2,3353.5,108631,151070
10/21/2024,3420.6,3479.6,3396.3,3438.7,88753,153012
10/22/2024,3431.7,3538.6,3427.6,3535.7,105627,157264
10/23/2024,3537.1,3538.6,3391.3,3414.5,82227,156189
10/24/2024,3418.0,3479.1,3372.1,3410.0,72738,155545
10/25/2024,3415.5,3450.3,3356.0,3408.5,65710,155062
10/28/2024,3413.5,3447.8,3369.1,3430.7,79140,155247
10/29/2024,3415.0,3503.8,3406.9,3475.1,78760,156320
10/30/2024,3493.2,3500.3,3386.8,3438.2,98650,155643
10/31/2024,3425.1,3434.7,3293.4,3309.1,75716,155148
11/01/2024,3309.1,3355.0,3275.3,3297.5,56305,152149
11/04/2024,3286.4,3329.8,3270.7,3290.4,54875,151397
11/05/2024,3287.4,3335.3,3264.7,3307.1,134880,151126
11/06/2024,3307.6,3314.6,3121.9,3161.2,90368,149205
11/07/2024,3157.7,3255.6,3123.9,3214.2,88343,149652
11/08/2024,3244.5,3246.0,3158.2,3173.4,92546,147277
11/11/2024,3169.8,3194.5,3080.5,3089.1,88005,147699
11/12/2024,3105.2,3120.9,3055.3,3103.7,85548,147526
11/13/2024,3109.8,3153.7,3065.9,3094.1,86134,147227
11/14/2024,3068.9,3101.7,3001.8,3084.6,62453,144947
11/15/2024,3080.5,3117.9,3053.3,3070.4,66659,144206
11/18/2024,3064.4,3163.8,3062.4,3150.7,75321,143693
11/19/2024,3152.7,3190.0,3140.6,3154.2,69682,141287
11/20/2024,3158.7,3170.3,3113.8,3128.5,85439,141112
11/21/2024,3123.4,3166.3,3099.2,3122.4,89179,140508
11/22/2024,3115.9,3174.6,3108.5,3161.7,135219,139104
11/25/2024,3169.2,3182.1,3037.8,3050.8,106664,139295
11/26/2024,3061.7,3101.5,3030.4,3067.7,79588,134590
11/27/2024,3077.6,3103.0,3028.4,3040.3,77535,137648
11/29/2024,3040.8,3121.9,2994.5,3095.5,48170,132898
12/02/2024,3096.5,3098.0,3035.8,3071.2,54866,132565
12/03/2024,3083.6,3141.3,3076.6,3133.3,80862,134074
12/04/2024,3134.8,3191.1,3091.1,3175.6,50179,136849
12/05/2024,3166.7,3179.1,3134.8,3137.8,65105,139356
12/06/2024,3166.7,3177.6,3116.4,3143.3,94493,140520
12/09/2024,3132.4,3278.1,3121.9,3244.8,67089,147285
12/10/2024,3229.9,3263.2,3214.4,3258.2,87878,151096
12/11/2024,3249.8,3297.5,3224.9,3280.1,100604,151633
12/12/2024,3262.7,3316.4,3133.8,3146.3,65811,151713
12/13/2024,3140.3,3147.3,3060.2,3087.6,36721,149668
12/16/2024,3085.1,3108.5,3078.6,3090.1,39233,147750
12/17/2024,3088.6,3095.5,3046.3,3076.7,52362,146938
12/18/2024,3083.1,3089.1,2960.7,3058.7,69235,147339
12/19/2024,2973.1,2999.0,2900.0,2926.4,60652,147377
12/20/2024,2932.8,3007.5,2905.0,2980.9,35406,145514
12/23/2024,2990.6,3020.4,2984.1,3004.0,17714,145628
12/24/2024,3006.0,3021.9,2996.0,3013.4,28883,145618
12/26/2024,3014.9,3033.3,2999.5,3023.9,32753,145126
12/27/2024,3026.4,3031.4,2974.1,2982.1,39090,146117
12/30/2024,2983.1,2995.0,2912.9,2926.4,30851,148513
12/31/2024,2923.4,2933.3,2905.5,2909.5,44657,147901
01/02/2025,2916.4,2989.1,2912.4,2975.1,35655,150988
01/03/2025,2983.6,3022.9,2978.6,2991.6,65793,150746
01/06/2025,2994.5,3080.6,2972.6,3043.3,49688,151118
01/07/2025,3033.3,3087.1,3025.9,3053.2,45633,151590
01/08/2025,3050.3,3089.1,3030.4,3053.7,40779,151843
01/09/2025,3057.7,3111.5,3044.8,3086.1,66990,150926
01/10/2025,3089.1,3168.2,3054.7,3115.8,64213,152041
01/13/2025,3114.9,3130.9,3005.5,3015.9,45436,150040
01/14/2025,3015.4,3042.8,2996.5,3019.9,52986,150364
01/15/2025,3039.3,3149.3,3021.9,3137.3,50099,153216
01/16/2025,3144.3,3182.6,3137.8,3156.7,54674,154314
01/17/2025,3144.8,3148.3,3075.6,3098.5,75429,155676
01/21/2025,3093.0,3141.8,3061.7,3133.8,43482,159899
01/22/2025,3139.8,3155.2,3096.0,3126.4,71534,160809
01/23/2025,3122.9,3123.9,3031.4,3068.7,52011,162374
01/24/2025,3068.7,3152.7,3067.2,3103.0,56629,164119
01/27/2025,3084.1,3085.1,2988.6,3026.4,44068,164806
01/28/2025,3042.3,3080.6,3008.5,3072.6,66708,165135
01/29/2025,3078.6,3160.7,3060.2,3123.9,71734,166191
01/30/2025,3142.3,3265.2,3140.3,3233.3,72255,170503
01/31/2025,3260.2,3275.6,3195.5,3210.5,87998,167551
02/03/2025,3229.9,3258.2,3145.3,3236.3,64956,166473
02/04/2025,3237.8,3303.0,3206.5,3285.8,74911,170726
02/05/2025,3270.7,3305.0,3246.8,3281.1,61016,169265
02/06/2025,3259.2,3275.1,3199.0,3246.3,91321,169448
02/07/2025,3248.8,3300.0,3201.5,3228.4,69149,165139
02/10/2025,3202.0,3264.2,3187.1,3232.8,80741,166626
02/11/2025,3233.3,3249.8,3149.3,3216.1,79518,164251
02/12/2025,3209.5,3270.7,3171.7,3262.2,64062,165339
02/13/2025,3254.7,3281.6,3229.4,3256.3,124796,169054
02/14/2025,3282.6,3407.0,3242.3,3269.2,86506,169483
02/18/2025,3251.8,3330.9,3229.9,3320.7,70904,170107
02/19/2025,3325.4,3347.3,3272.2,3287.9,75462,169352
02/20/2025,3298.5,3361.7,3292.1,3332.0,89495,171305
02/21/2025,3328.4,3337.3,3274.1,3284.8,98497,169006
02/24/2025,3269.2,3295.3,3224.9,3244.6,114580,168057
02/25/2025,3256.9,3262.3,3142.6,3165.3,85237,163486
02/26/2025,3187.9,3213.1,3161.8,3209.6,70964,161802
02/27/2025,3205.7,3211.6,3135.2,3163.8,55569,158760
02/28/2025,3138.7,3146.1,3090.4,3103.3,60323,146299
03/03/2025,3124.9,3201.2,3117.0,3183.5,0,145957
03/04/2025,3179.1,3213.1,3155.9,3190.5,67620,145935
03/05/2025,3208.1,3272.2,3191.9,3264.7,51624,150166
03/06/2025,3274.6,3288.9,3237.7,3284.8,61554,151548
03/07/2025,3272.2,3282.0,3208.1,3232.7,51256,151275
03/10/2025,3246.1,3266.3,3186.5,3205.2,63329,152782
03/11/2025,3198.3,3295.3,3174.1,3266.0,58666,155263
03/12/2025,3288.4,3331.8,3269.2,3324.7,76697,159618
03/13/2025,3322.9,3417.0,3294.3,3380.2,59834,164930
03/14/2025,3399.8,3434.8,3363.8,3392.7,50140,166394
03/17/2025,3390.4,3394.8,3345.6,3380.4,59524,167249
03/18/2025,3387.5,3448.5,3382.0,3430.6,53378,170566
03/19/2025,3413.1,3427.9,3360.9,3370.2,51173,169407
03/20/2025,3391.9,3408.6,3312.1,3349.1,55441,168343
03/21/2025,3361.3,3363.3,3267.7,3299.4,33781,167309
03/24/2025,3304.7,3330.8,3288.9,3295.8,49906,167074
03/25/2025,3303.7,3386.0,3293.9,3368.4,44505,169628
03/26/2025,3375.1,3399.3,3357.9,3371.9,85643,168196
03/27/2025,3370.7,3475.6,3362.3,3456.7,69379,172295
03/28/2025,3480.6,3497.3,3417.0,3430.2,67680,174494
03/31/2025,3431.3,3468.3,3366.3,3410.2,60016,170975
04/01/2025,3425.9,3444.6,3365.8,3380.5,57991,170197
04/02/2025,3387.0,3436.7,3378.6,3414.1,163009,172290
04/03/2025,3443.6,3443.6,3138.2,3150.0,136580,167442
04/04/2025,3145.1,3157.4,2868.7,2880.0,161389,166618
04/07/2025,2880.0,3030.8,2714.0,2916.9,85635,169288
04/08/2025,2964.8,3007.1,2919.4,2925.0,108037,154289
04/09/2025,2934.2,3044.1,2882.5,2996.8,92017,151180
04/10/2025,3053.4,3078.6,3006.1,3030.7,114554,150668
04/11/2025,3065.8,3173.6,3041.1,3144.1,69557,145155
04/14/2025,3172.2,3190.4,3119.0,3169.4,47112,145245
04/15/2025,3180.5,3194.8,3159.9,3182.2,70258,144400
04/16/2025,3183.0,3268.7,3178.1,3249.5,60253,143634
04/17/2025,3228.8,3244.1,3163.8,3199.3,62203,143807
04/21/2025,3196.3,3261.3,3190.9,3204.3,110711,144437
04/22/2025,3215.3,3266.6,3178.7,3241.5,116891,146923
04/23/2025,3199.2,3317.3,3157.7,3304.9,79570,153729
04/24/2025,3307.1,3316.8,3265.6,3301.1,84105,152992
04/25/2025,3304.6,3319.7,3224.1,3252.7,88063,154217
04/28/2025,3256.8,3268.0,3210.9,3252.0,60137,154589
04/29/2025,3259.7,3302.2,3230.4,3277.0,52245,152669
04/30/2025,3239.7,3254.4,3160.7,3203.9,46312,137856
05/01/2025,3202.1,3207.5,3109.4,3168.9,39090,137500
05/02/2025,3184.6,3218.2,3134.8,3148.4,36562,136505
05/05/2025,3147.5,3209.0,3138.7,3169.4,56426,137571
05/06/2025,3190.9,3265.6,3184.1,3257.9,44763,140261
05/07/2025,3266.6,3267.5,3192.4,3200.3,49945,138934
05/08/2025,3179.2,3230.0,3159.2,3183.3,33365,136887
05/09/2025,3182.1,3224.6,3158.2,3212.3,63426,137388
05/12/2025,3181.6,3240.2,3127.5,3184.0,50240,137944
05/13/2025,3201.2,3263.1,3189.5,3230.4,46826,138262
05/14/2025,3229.0,3235.3,3149.0,3166.4,46854,137704
05/15/2025,3161.6,3203.1,3101.6,3189.5,40404,137293
05/16/2025,3200.7,3207.5,3121.1,3157.6,34611,137201
05/19/2025,3176.8,3200.7,3160.2,3172.6,49049,137540
05/20/2025,3171.9,3240.2,3146.0,3237.7,57181,141451
05/21/2025,3247.5,3291.4,3232.9,3283.7,68327,145754
05/22/2025,3277.8,3310.0,3195.3,3242.1,45519,144831
05/23/2025,3238.7,3287.5,3222.6,3280.1,64479,148030
05/27/2025,3280.2,3293.4,3209.0,3251.0,41797,147555
05/28/2025,3257.8,3277.3,3229.5,3236.3,52053,147796
05/29/2025,3231.4,3284.6,3201.2,3262.0,41930,149317
05/30/2025,3264.6,3266.6,3207.5,3223.5,101789,147836
06/02/2025,3233.4,3410.5,3228.0,3386.0,85214,159313
06/03/2025,3408.1,3409.5,3334.4,3380.1,58386,163347
06/04/2025,3384.6,3398.8,3352.9,3381.5,126183,166052
06/05/2025,3381.7,3539.8,3376.8,3494.4,101320,171131
06/06/2025,3494.0,3563.3,3489.6,3527.0,96808,173387
06/09/2025,3529.6,3614.0,3518.8,3591.2,75640,174425
06/10/2025,3600.8,3608.6,3555.0,3576.1,91339,174281
06/11/2025,3579.4,3590.6,3528.1,3538.9,92919,176141
06/12/2025,3548.6,3570.6,3472.5,3542.3,69577,180533
06/13/2025,3553.5,3588.6,3517.4,3548.1,56861,179955
06/16/2025,3557.4,3576.4,3525.7,3557.2,98773,180582
06/17/2025,3549.6,3643.3,3530.1,3625.8,72797,184831
06/18/2025,3631.1,3650.6,3566.2,3602.6,118126,184509
06/20/2025,3586.7,3593.5,3466.1,3515.1,111660,183316
06/23/2025,3514.7,3544.6,3492.9,3532.8,116731,180604
06/24/2025,3521.4,3530.6,3436.8,3488.2,76107,174613
06/25/2025,3500.1,3530.6,3477.9,3524.4,97347,168533
06/26/2025,3535.0,3588.2,3527.7,3571.1,70978,168797
06/27/2025,3567.8,3576.1,3476.9,3517.6,45225,166485
06/30/2025,3496.3,3526.3,3441.6,3498.4,55121,162359
07/01/2025,3513.2,3566.4,3487.1,3520.2,39759,163567
07/02/2025,3505.5,3554.3,3487.1,3552.1,57907,164204
07/03/2025,3558.2,3608.9,3536.9,3586.6,55940,166220
07/07/2025,3593.0,3620.6,3513.2,3569.2,55670,164281
07/08/2025,3574.1,3587.7,3524.8,3554.2,45576,162803
07/09/2025,3572.2,3573.6,3529.2,3542.7,77991,162176
07/10/2025,3539.8,3628.3,3537.4,3608.0,105498,167582
07/11/2025,3640.9,3785.9,3627.8,3767.6,79016,176062
07/14/2025,3784.5,3827.0,3730.3,3747.0,59691,173668
07/15/2025,3713.9,3746.8,3665.0,3685.8,55945,171474
07/16/2025,3673.7,3712.0,3651.0,3686.7,42730,171810
07/17/2025,3689.2,3712.9,3644.7,3704.5,40616,172865
07/18/2025,3716.3,3755.0,3711.5,3720.1,49568,171722
07/21/2025,3715.8,3808.7,3710.5,3804.2,59878,173412
07/22/2025,3796.1,3841.6,3774.3,3825.6,59878,173412
07/24/2025,3823.2,3835.7,3765.1,3793.6,69288,173754
07/25/2025,3800.0,3822.2,3684.9,3710.5,48837,171385
07/28/2025,3702.8,3724.5,3682.0,3696.6,45890,170254
07/29/2025,3707.1,3722.6,3678.6,3702.9,61999,170320
07/30/2025,3713.9,3715.8,3629.3,3650.0,68749,165774
07/31/2025,3594.0,3606.0,3508.8,3550.6,69367,161954
08/01/2025,3557.2,3601.7,3520.5,3571.6,51693,160117
08/04/2025,3587.2,3628.8,3555.3,3610.2,54148,160958
08/05/2025,3621.5,3669.4,3609.9,3658.1,41916,161262
08/06/2025,3658.3,3677.1,3638.4,3665.7,105869,160473
08/07/2025,3668.9,3748.7,3668.9,3703.6,96040,157869
08/08/2025,3728.9,3759.8,3692.6,3727.6,100950,156555
08/11/2025,3727.4,3729.4,3638.0,3654.6,91828,154473
08/12/2025,3639.4,3683.9,3628.3,3675.4,71959,156432
08/13/2025,3668.9,3743.9,3663.1,3733.4,63527,157244
08/14/2025,3731.3,3750.6,3661.7,3681.9,40874,157214
08/15/2025,3678.1,3686.8,3648.6,3672.8,46921,157555
08/18/2025,3679.1,3708.1,3658.8,3678.0,60918,158722
08/19/2025,3682.5,3694.5,3603.1,3610.6,68834,158477
08/20/2025,3610.9,3662.6,3574.6,3653.2,66643,158930
08/21/2025,3664.6,3693.6,3628.8,3682.8,98049,160049
08/22/2025,3684.5,3779.9,3644.8,3776.1,63129,160430
08/25/2025,3766.6,3768.0,3725.0,3743.5,96494,160952
08/26/2025,3733.6,3758.0,3707.9,3734.3,88907,158636
08/27/2025,3744.6,3747.9,3692.1,3743.4,60971,154212
08/28/2025,3738.4,3805.2,3737.9,3790.2,66493,156057
08/29/2025,3791.4,3899.3,3755.6,3887.6,127550,154342
09/02/2025,3894.0,4009.0,3871.6,3970.6,60919,158368
09/03/2025,3983.3,4037.2,3958.4,4015.2,65734,158277
09/04/2025,3991.4,3993.3,3920.3,3953.9,70467,157092
09/05/2025,3944.1,4019.1,3929.3,3966.8,71653,156652
09/08/2025,3958.4,4043.4,3921.7,4000.2,68277,157925
09/09/2025,4003.3,4016.2,3933.6,3946.6,40944,156703
09/10/2025,3946.5,3989.0,3927.9,3971.3,61083,157073
09/11/2025,3974.7,4041.0,3945.6,4023.7,71294,159829
09/12/2025,4014.3,4108.8,3999.5,4088.8,47390,161263
09/15/2025,4078.7,4116.9,4054.4,4101.4,69385,162391
09/16/2025,4124.1,4146.5,4068.2,4097.1,95254,162954
09/17/2025,4093.1,4099.3,3959.9,4024.0,58234,160889
09/18/2025,4009.5,4033.4,3961.3,4020.8,78890,160988
09/19/2025,4020.5,4143.6,4002.8,4100.4,78474,163057
09/22/2025,4143.2,4233.9,4140.3,4220.9,80622,167003
09/23/2025,4229.1,4274.0,4197.6,4258.5,58460,165805
09/24/2025,4225.7,4260.1,4194.2,4218.8,107225,166138
09/25/2025,4211.9,4343.6,4206.2,4306.8,107174,167627
09/26/2025,4341.3,4481.6,4285.4,4454.0,119163,169587
09/29/2025,4431.5,4526.0,4417.2,4488.4,107314,166174
09/30/2025,4499.7,4524.1,4387.6,4452.5,101165,163837
10/01/2025,4471.1,4579.9,4469.2,4551.7,116940,165273
10/02/2025,4526.0,4583.3,4363.7,4426.6,100303,165704
10/03/2025,4474.0,4613.3,4443.9,4579.0,87954,167130
10/06/2025,4588.0,4640.5,4568.9,4625.1,110568,165728
10/07/2025,4621.0,4634.8,4488.3,4536.0,107461,166474
10/08/2025,4550.3,4696.4,4537.4,4677.2,216034,166386
10/09/2025,4625.3,4769.9,4476.3,4501.8,143922,169711
10/10/2025,4548.9,4641.5,4458.2,4510.4,144934,171302
10/13/2025,4536.5,4858.2,4527.4,4814.2,184648,171132
10/14/2025,4845.3,5011.4,4653.9,4832.6,133326,172048
10/15/2025,4808.6,5024.8,4802.8,4904.8,159173,173230
10/16/2025,5020.5,5118.3,4887.3,5087.9,192851,175706
10/17/2025,5100.2,5132.7,4740.8,4783.2,109991,176068
10/20/2025,4842.5,4947.9,4780.9,4905.4,168334,172283
10/21/2025,4904.0,4927.4,4498.3,4554.1,115649,169418
10/22/2025,4594.7,4644.4,4468.7,4551.9,72496,165714
10/23/2025,4596.2,4699.3,4547.9,4649.5,74651,165672
10/24/2025,4645.3,4655.3,4523.6,4638.3,104719,164267
10/27/2025,4611.4,4639.1,4396.6,4465.3,84762,161322
10/28/2025,4472.5,4522.6,4344.6,4517.8,83360,158187
10/29/2025,4499.7,4631.0,4479.2,4574.0,67105,158041
10/30/2025,4514.5,4662.0,4495.9,4641.1,61750,159144
10/31/2025,4652.0,4677.3,4579.9,4597.6,58674,156090
11/03/2025,4606.2,4662.0,4559.4,4587.0,67381,157212
11/04/2025,4571.3,4579.0,4453.4,4514.6,53430,155257
11/05/2025,4477.3,4593.3,4441.0,4584.4,62422,156033
11/06/2025,4568.0,4641.0,4526.0,4577.5,80869,156949
11/07/2025,4568.9,4652.0,4561.3,4596.0,96687,155040
11/10/2025,4610.5,4819.1,4604.7,4802.9,89129,159649
11/11/2025,4815.7,4878.2,4787.6,4844.3,132310,160603
11/12/2025,4875.9,5119.8,4845.8,5103.3,151349,163733
11/13/2025,5085.9,5194.7,4962.7,5075.9,147560,164137
11/14/2025,4983.3,5095.4,4759.9,4838.7,89322,157115
11/17/2025,4811.9,4879.2,4710.7,4841.1,95148,151989
11/18/2025,4779.0,4872.0,4688.8,4823.0,126330,153295
11/19/2025,4825.7,4987.6,4787.1,4854.8,125265,154417
11/20/2025,4874.4,4923.6,4766.1,4802.0,144196,155694
11/21/2025,4810.9,4826.2,4587.1,4764.9,93118,154236
11/24/2025,4762.5,4888.8,4716.3,4803.0,157726,148966
11/25/2025,4884.5,4918.0,4803.0,4866.1,107137,144502
11/26/2025,4877.5,5069.7,4858.1,5052.5,107943,151713
11/28/2025,5066.4,5395.4,5016.0,5387.6,153192,151360
12/01/2025,5372.3,5601.8,5358.1,5574.2,115986,150592
12/02/2025,5508.9,5590.9,5393.5,5532.8,112165,150832
12/03/2025,5575.9,5622.5,5486.3,5525.0,107507,150200
12/04/2025,5558.9,5582.9,5358.1,5418.6,114401,151704
12/05/2025,5425.1,5645.6,5402.4,5565.8,66651,150956
12/08/2025,5538.6,5567.4,5444.9,5504.7,125332,150508
12/09/2025,5515.1,5777.1,5465.6,5734.2,128831,154762
12/10/2025,5759.7,5880.3,5706.9,5752.0,146745,153563
12/11/2025,5865.7,6099.9,5822.8,6087.8,203306,155098
12/12/2025,6030.6,6134.3,5750.7,5844.2,123552,154255
12/15/2025,5845.9,6056.5,5806.3,5993.3,103326,154485
12/16/2025,6042.4,6051.4,5854.4,5968.2,159237,152921
12/17/2025,6012.7,154.9,6006.1,128.7,120104,154478
12/18/2025,91.8,121.5,6095.7,6146.9,102438,155909
12/19/2025,6165.4,202.1,6075.9,184.1,107733,156839
12/22/2025,189.8,376.0,182.3,285.5,140164,156794
12/23/2025,334.0,589.9,300.6,527.9,102900,155710
12/24/2025,579.1,679.9,435.8,579.5,186828,154905
12/26/2025,677.6,1335.0,677.1,1099.0,272640,156985
12/29/2025,1363.2,1614.9,441.0,464.1,187623,155630
12/30/2025,579.5,1180.9,483.9,1167.1,158199,157391
12/31/2025,992.4,1012.2,350.5,477.6,112467,153572
01/02/2026,562.1,817.5,469.3,516.4,147593,150533
01/05/2026,711.0,1159.2,656.8,1048.2,152599,152477
01/06/2026,1036.2,1503.2,958.0,1461.2,170460,153240
01/07/2026,1484.4,1606.9,993.8,1138.3,138975,154284
01/08/2026,1171.0,1259.6,753.4,905.6,134796,150366
01/09/2026,1049.9,1407.1,906.1,1301.1,166882,150200
01/12/2026,1410.8,1960.8,1353.8,1843.1,184682,150693
01/13/2026,1868.4,2231.8,1677.1,1960.6,247568,151513
01/14/2026,2013.6,2641.3,1999.4,2436.3,235625,151671
01/15/2026,2626.2,2659.2,1940.5,2527.0,178983,148359
01/16/2026,2522.1,2555.0,1982.5,2167.9,227504,148778
01/20/2026,2362.8,2850.5,2352.9,2742.7,146410,152020
01/21/2026,2734.6,2827.0,2319.9,2554.3,119665,153311
01/22/2026,2568.7,2940.5,2369.8,2906.3,159883,155564
01/23/2026,2901.4,3581.0,2892.0,3373.9,355010,159548
01/26/2026,3681.8,4916.5,3408.5,4709.5,264750,161943
01/27/2026,3626.7,4525.3,3521.6,3809.7,200921,156637
01/28/2026,4420.7,4907.1,4228.5,4523.8,223546,156491
01/29/2026,4815.2,5301.5,3871.2,4608.2,357550,156028
01/30/2026,4745.4,4987.2,797.7,1224.8,198727,147995
02/02/2026,3901.4,1713.6,3969.9,3128.7,145654,142368
02/03/2026,5436.5,5903.9,3457.9,662.5,137404,143180
02/04/2026,3520.8,2494.7,4002.4,4806.8,203142,143230
02/05/2026,4544.6,431.3,485.3,347.6,139593,137350
02/06/2026,2229.6,5538.2,3111.6,2054.2,95118,135258
02/09/2026,1057.6,4989.2,1057.7,2959.7,70559,136120
02/10/2026,6029.4,4847.9,2982.5,4053.6,85384,133641
02/11/2026,5147.4,2525.2,4346.3,320.5,119388,134053
02/12/2026,2252.3,3143.9,2963.1,2975.0,76085,132454
02/13/2026,4372.9,5861.0,3249.1,5952.6,105681,133180
02/17/2026,2050.6,4356.5,3589.5,1317.2,69071,131496
02/18/2026,1693.8,3130.8,1512.6,2502.9,58852,130969
02/19/2026,4409.8,1003.7,2623.2,2841.8,84938,130451
02/20/2026,4591.5,976.3,5729.3,3986.9,107730,131993
02/23/2026,1632.0,3710.7,232.9,541.6,123035,134620
02/24/2026,3364.5,2560.9,5186.1,3118.4,109979,125455
02/25/2026,218.2,2346.2,6124.9,5350.4,70752,120012
02/26/2026,4311.0,5503.2,3482.8,4211.5,62649,117879
02/27/2026,6014.1,3882.2,4867.9,2299.4,91619,115409
03/02/2026,3175.1,3068.0,2175.2,3794.1,116051,115194
03/03/2026,5611.0,5150.5,722.2,2422.9,53513,113326
03/04/2026,4800.8,5625.5,4753.9,6086.8,57849,112794
03/05/2026,90.1,5532.1,6111.6,2610.5,49182,113908
03/06/2026,6350.0,1382.3,5204.2,4249.7,55022,113477
03/09/2026,786.0,2422.1,3414.6,6369.7,50081,114100
03/10/2026,1121.9,6007.2,2975.1,4630.7,49137,115458
03/11/2026,314.3,5760.9,135.6,3382.4,39972,115789
03/12/2026,2128.4,5321.6,5447.0,5705.6,55349,115843
03/13/2026,239.5,4232.9,2214.6,784.1,48943,115029
03/16/2026,3411.4,5553.9,4479.3,727.2,31935,114577
03/17/2026,3107.8,1846.9,3872.2,6224.9,55507,114758
03/18/2026,914.5,3661.3,3040.0,2596.0,93729,113498
03/19/2026,6540.1,778.8,140.2,4361.7,57984,112034
03/20/2026,850.6,5643.5,2379.9,1959.0,106194,111607
03/23/2026,33.4,2511.9,2615.2,5422.9,56511,112860
03/24/2026,5572.3,607.7,5790.8,1009.1,50512,113164
03/25/2026,458.2,890.4,2911.2,5514.0,65624,114029
03/26/2026,708.1,2954.5,5137.2,4319.5,50944,112599
03/27/2026,2076.4,3407.9,5933.0,3278.4,50944,112599
